ID	method	n_ref	n_comp	beta	se	p_wald	p_lrt	delta	mean_expr	qvalue	padj_BH
RNF24	betareg	8	8	-0.478953122298009	0.0766680891598777	4.18146774103334e-10	7.55527895666843e-06	0.0637562027188526	1418.59525939074	1.37590870992511e-06	1.78465043187303e-06
GNB5	betareg	8	8	-0.551337807477084	0.0945961585919244	5.59841551383242e-09	1.38573635576506e-05	0.0343369003282992	1888.14454025718	9.21077136584378e-06	1.19470187065184e-05
N4BP1	betareg	8	8	-0.793318417575181	0.139655053117475	1.34257204053928e-08	2.91764232518183e-05	0.13181445214664	166.591275402545	1.12625839780934e-05	1.46083640691574e-05
AP5M1	betareg	8	8	-0.353315049231425	0.0622339402848332	1.3691062857692e-08	2.55456256451802e-05	0.0691835468673913	773.814215431467	1.12625839780934e-05	1.46083640691574e-05
CCDC184	betareg	8	8	0.171162040396551	0.0307446635081584	2.58848328856175e-08	3.24977129464678e-05	-0.0357360605294037	3389.82099379059	1.56628641557824e-05	2.03158371470061e-05
SUGP2	betareg	8	8	-0.394250375540675	0.0710355757939694	2.85602209189402e-08	3.5838648970415e-05	0.0714033465045234	717.377423427921	1.56628641557824e-05	2.03158371470061e-05
RAE1	betareg	8	8	0.288549926017489	0.0564673921520805	3.22111945287416e-07	8.98178504648815e-05	-0.0442731712808271	632.003934769381	0.000151415264598096	0.000196396254640956
XPO5	betareg	8	8	0.292884299848507	0.0586375389612893	5.88888599354354e-07	0.000106010223575543	-0.0425520750037735	365.401911903634	0.000242216669841813	0.000314172067755548
CALB1	betareg	8	8	-0.217973316935581	0.0455726043720467	1.72706608586245e-06	0.000160626340348764	0.0319693473950961	640.442015260105	0.000631433059001849	0.000819013117162327
MRPS25	betareg	8	8	-0.349784851455308	0.074078443272266	2.33746976830356e-06	0.000174009339132777	0.0440088523819607	332.80525284041	0.000769142610341101	0.00099763209711196
DPYSL5	betareg	8	8	0.100678243804629	0.0216981593258778	3.48503632796849e-06	0.000217779569182878	-0.0149126536463151	7221.36744237166	0.000956272302053314	0.00124035247726614
RTL8B	betareg	8	8	0.388982427510658	0.0838359651026785	3.4874015293331e-06	0.000212810467954673	-0.0606396397344592	632.245239506241	0.000956272302053314	0.00124035247726614
VOPP1	betareg	8	8	-0.199643313530932	0.0439763873821363	5.631180229349e-06	0.000274820173810235	0.0417399788993323	523.897342717561	0.00142533498257032	0.00184875978606627
COL6A1	betareg	8	8	0.265673299317944	0.0611694197440452	1.40398402719063e-05	0.000393449786243635	-0.0537800835635969	2993.96717568434	0.00329985609162808	0.00428014559146402
LDOC1	betareg	8	6	1.16125965787948	0.275415359075948	2.48239928952349e-05	0.000853643805796762	-0.00319176614970321	5542.44667948269	0.00544554371096373	0.00706325344512418
PTTG1IP	betareg	8	8	0.132084944478469	0.0323402072346294	4.42226244066693e-05	0.000708587498878497	-0.0116640893628593	2942.23984786603	0.00909463761668383	0.011796385060479
SLC25A26	betareg	8	8	0.270437923362844	0.0665404364101702	4.81841923316293e-05	0.000798677853121137	-0.0393463921371991	426.476548395579	0.00932645354886401	0.0120970666394938
AMPH	betareg	8	8	0.143450965372274	0.035732365886562	5.95480411251859e-05	0.000854603515744016	-0.0246168518617085	1333.93214137676	0.0108856870252499	0.014119502195683
SLC35C1	betareg	8	8	0.192559722702507	0.0484833552226845	7.13715600432939e-05	0.000908397116267535	-0.040306526742055	491.228557767796	0.0122544762121221	0.0158949181050913
KIAA1191	betareg	8	8	0.243602416743724	0.0614926567776023	7.44841523200155e-05	0.000914294462131688	-0.0482469610824453	2387.33282001717	0.0122544762121221	0.0158949181050913
TUSC2	betareg	8	8	0.208408145963586	0.0528866093028632	8.12577296061006e-05	0.000953899372241596	-0.0400681597429666	1317.4465942881	0.0127322822691035	0.0165146661885161
GTPBP4	betareg	8	8	-0.459278549342873	0.117095805699663	8.77273741773925e-05	0.00118360232034572	0.0669374906063658	286.724136806355	0.0131211928556525	0.0170191105904142
INVS	betareg	8	8	0.371511480289425	0.095231698564179	9.57437008131495e-05	0.00105332526260616	-0.0662241905570095	93.4106578011636	0.0133416619016036	0.0173050744594071
CREBZF	betareg	8	8	0.436161648105427	0.111916626187189	9.73106342609586e-05	0.00102627318358271	-0.0903268794588368	1242.98517514411	0.0133416619016036	0.0173050744594071
SPATA2	betareg	8	8	0.329810102002011	0.0851049273328277	0.000106478118506648	0.00109466121826294	-0.0635822558004138	373.926552488549	0.0140146168515968	0.018177944391455
KCTD18	betareg	8	8	0.503481456875039	0.130743523111523	0.000117680050071052	0.00134276147868658	-0.0825560195399508	110.634278121229	0.014893280385761	0.0193176328347404
RBM15B	betareg	8	8	0.232737249127969	0.0614115127910919	0.000150769634984951	0.00131797959236142	-0.0256842257688556	2273.76159452788	0.0179603766738377	0.0232958725795925
CSGALNACT1	betareg	8	8	0.492985317077425	0.130435816778587	0.000157128365753783	0.00140841627004194	-0.0981859092204331	85.0590190922882	0.0179603766738377	0.0232958725795925
TTLL4	betareg	8	8	0.923249947558384	0.244395363668168	0.000158289668418037	0.00224487698872346	-0.107480037743797	52.9368180538983	0.0179603766738377	0.0232958725795925
MARCKS	betareg	8	8	0.306338639041284	0.0814252904323881	0.000168421872896561	0.00150455255697966	-0.0322965746117454	5333.95659832318	0.0184730287873361	0.0239608184507508
EIF2A	betareg	8	8	0.975035864364927	0.260201457662841	0.000178794962458081	0.00139133683563713	-0.173056183475033	236.992936259164	0.0188780101308228	0.0244861077554413
CCSAP	betareg	8	8	0.36334961540532	0.0971369672338781	0.000183588436779316	0.00122058465398993	-0.0298778730187957	820.962262941904	0.0188780101308228	0.0244861077554413
UBE2I	betareg	8	8	-0.2486084038433	0.067230949902528	0.000217453230424907	0.0016124467780969	0.0456581408633915	965.427470357451	0.0216826716498648	0.0281239511349547
NUP58	betareg	8	8	0.426310778572862	0.115907666138191	0.000235051021267632	0.00164749523734552	-0.0500253406851299	437.313193892816	0.022748045836047	0.0295058164344192
MTHFSD	betareg	8	8	0.713526770178943	0.194452448105955	0.000243105955212496	0.00209844532050927	-0.0546457236971794	120.256996864468	0.0228553787417153	0.0296450347670552
ZNF766	betareg	8	8	-0.55023490645383	0.151439521334121	0.000279749918395959	0.00120680727378876	0.0221310753793013	447.846428744186	0.0249397022661848	0.0323485490709294
RFK	betareg	8	8	0.120898721005905	0.0332803744059917	0.000280434938056323	0.00195566158839866	-0.0235953463358912	2324.40671154637	0.0249397022661848	0.0323485490709294
PDP1	betareg	8	8	0.317371775307061	0.0876895922167512	0.000295442229773555	0.00206764723454014	-0.0554346843787736	2107.53943283316	0.0255829042261173	0.0331828272808825
PKNOX1	betareg	8	8	-0.246307334882258	0.0684626018251347	0.000321053844484302	0.00223755378973072	0.0429520954171358	127.178718861999	0.0270878251209913	0.0351348155963847
MGAT2	betareg	8	8	0.480987371977243	0.134199430415043	0.000338211654917039	0.00287930809828874	-0.056308314055392	940.02123204388	0.0278220705394907	0.0360871835796481
COL18A1	betareg	8	8	0.35866247387244	0.100363791745092	0.000352074142901701	0.00215229003776796	-0.0591962763078576	370.026279521363	0.028256030013166	0.0366500595586454
LRRC41	betareg	8	8	0.437964080481316	0.124019485556242	0.000413345093485699	0.00227450907897799	-0.0210165696561293	1047.70052871992	0.0318041232992948	0.041252186262066
PLEKHO1	betareg	8	8	0.608007532775157	0.172867873794014	0.000436156907546073	0.001913217325778	-0.0101626142602449	856.918230127664	0.0318041232992948	0.041252186262066
APEH	betareg	8	8	0.521811545614785	0.148503740296391	0.000441755322831128	0.00242287035971787	-0.0312643543727348	628.183423269641	0.0318041232992948	0.041252186262066
NDRG4	betareg	8	8	0.174166542932866	0.0495972987131427	0.000445395256301185	0.00244919087391241	-0.0210899580178042	16320.3681245412	0.0318041232992948	0.041252186262066
SFXN5	betareg	8	8	0.302592644860964	0.0862204600921248	0.000448912071503748	0.00262643321833534	-0.0298074338155621	322.06370225833	0.0318041232992948	0.041252186262066
RHOF	betareg	8	8	0.242848373709258	0.0692624814265234	0.000454547083067196	0.00248868999975686	-0.0507029995237009	273.401046953769	0.0318041232992948	0.041252186262066
SHOX2	betareg	8	8	0.48890799829488	0.139657872550498	0.000463942113537762	0.00228707426457444	-0.0683734117102769	1178.41856161491	0.0318041232992948	0.041252186262066
DUSP28	betareg	8	8	0.31220509857221	0.08953298075662	0.000488398031764813	0.00257516767479101	-0.0578064217967008	333.876846835619	0.0327172769307512	0.0424366107889185
ATG13	betareg	8	8	0.185002936734295	0.0531330098954804	0.00049790073866972	0.00266392599301146	-0.0384444498036571	751.873333924348	0.0327172769307512	0.0424366107889185
DNAJB5	betareg	8	8	0.136130873028343	0.0391520199485949	0.000507091647196542	0.00263483323675743	-0.0273593244926731	698.968298571852	0.0327172769307512	0.0424366107889185
SNRPD1	betareg	8	8	0.310062470639339	0.0893466653048189	0.000519818033551853	0.00268070872916056	-0.0595694299551703	536.030548895412	0.032839151459365	0.0425946906299398
SRPRB	betareg	8	8	0.229000932453955	0.0661443376077912	0.000535899053263373	0.00281600116808833	-0.0182055110984141	1286.81829067914	0.032839151459365	0.0425946906299398
HSPA4	betareg	8	8	0.218100914825712	0.063083025777333	0.00054548966439178	0.00290914042275879	-0.0321306753571873	1332.87035677297	0.032839151459365	0.0425946906299398
NALCN	betareg	8	8	-0.240383544107729	0.0695618061982114	0.000548900652447679	0.00289005422236052	0.0486333991385136	271.8106571978	0.032839151459365	0.0425946906299398
SAMD14	betareg	8	8	0.210897585483924	0.0611161923605805	0.000559001163887626	0.00284865987048607	-0.0336513405746271	1611.53655751801	0.0328462318686925	0.0426038744191498
CDC42BPA	betareg	8	8	-0.529249766970321	0.154323303136174	0.000604723328235293	0.00333639560463401	0.0886849430358786	263.374070782119	0.0349094282637477	0.0452799853492672
CD59	betareg	8	8	0.17727516622649	0.0519308692867768	0.000640927280193549	0.00293051958760634	-0.0321307056618842	3522.05256301332	0.0359960611091551	0.0466894246259102
MRPS22	betareg	8	8	-0.173090683300919	0.0507333976525356	0.000645425504435029	0.00294545559122783	0.0199217097662114	1154.86317250911	0.0359960611091551	0.0466894246259102
ATMIN	betareg	8	8	0.0905732231410627	0.0267811350446428	0.000719657747544178	0.00334134017227069	-0.0168459003207206	2298.36523847956	0.0394671370730388	0.0511916544419758
WDR33	betareg	8	8	-0.399993865543203	0.119265486063076	0.000797068666813748	0.00335224524730489	0.0660460070308375	405.06268847495	0.0423027539239182	0.0548696490654882
ERCC2	betareg	8	8	-0.310417703483845	0.0925567806711325	0.000797075501888535	0.00347524205755457	0.0342511688769113	212.050916254017	0.0423027539239182	0.0548696490654882
SEL1L3	betareg	8	8	0.186453439659902	0.0557561888168638	0.000825544129879314	0.00344702785499209	-0.0343417812057025	276.827056817711	0.0431181990857058	0.0559273388305542
TBC1D15	betareg	8	8	0.535765027316073	0.16103649701158	0.000877930215908945	0.00540952149687343	-0.0411657788055751	196.810393746026	0.0451378523637818	0.0585469712734278
TMOD1	betareg	8	8	0.164384778526009	0.0496815222120018	0.000937064574709948	0.00391015926925877	-0.0333597579156764	2207.9542811748	0.0469151943379189	0.0608523089014615
QSOX1	betareg	8	8	-0.442992881362182	0.133932107225611	0.000941015086105075	0.00352965719664697	0.065233668649341	356.680550392068	0.0469151943379189	0.0608523089014615
GTPBP3	betareg	8	8	0.199324858193908	0.0604221091749042	0.000970738547651974	0.00392733937088058	-0.0411234969509945	359.698095247475	0.0469732984732068	0.0609276740542418
TBX3	betareg	8	8	0.500470538052974	0.151715120989381	0.000971157154411646	0.00404161067276173	-0.095729983237502	210.269735382394	0.0469732984732068	0.0609276740542418
EXOC6	betareg	8	8	-0.357635447549965	0.108546259673938	0.000985006914185259	0.00366161066863994	0.0638714438837009	99.0849461412743	0.0469732984732068	0.0609276740542418
ADAM12	betareg	8	8	-0.564662171105946	0.172065102620406	0.0010319156373471	0.00345266319141906	0.0814097006665352	233.602552886021	0.0483283730815708	0.0626853011901066
TMEM229A	betareg	8	8	0.770947806907651	0.235136945131248	0.00104279671614282	0.00464034169031687	-0.10717737453593	120.443128047703	0.0483283730815708	0.0626853011901066
CNNM2	betareg	8	8	0.363133059757331	0.111300860803025	0.00110385169152331	0.00394399336284267	-0.0444832269200672	2413.38442928876	0.0503991555894933	0.0653712518425158
SPSB1	betareg	8	8	0.333969090531108	0.10250290090018	0.0011214395129037	0.0041011892695193	-0.0673610358352324	181.043478774512	0.0503991555894933	0.0653712518425158
MARK4	betareg	8	8	0.302130625671638	0.0929209196232706	0.00114805357403048	0.00417201103590907	-0.0605082238874882	222.694492167922	0.0503991555894933	0.0653712518425158
PHF2	betareg	8	8	0.37476277488376	0.115265160317905	0.00114874505346501	0.0040394703963134	-0.0633853573530128	140.105748816106	0.0503991555894933	0.0653712518425158
MTRF1L	betareg	8	8	-0.309423154609725	0.0952846102690519	0.00116482145388942	0.00430400970735448	0.0634488841032647	193.167024104613	0.0504320518400838	0.0654139205947374
ZC2HC1C	betareg	5	5	-1.43820935785235	0.443829211592125	0.00119338380598622	0.0183062524802823	0.0358099263330123	71.2871791694409	0.050531875678076	0.0655433991381167
FUT8	betareg	8	8	0.648912865239994	0.200319232318355	0.00119784094019988	0.00442472227233938	-0.0330396885208516	416.936416825889	0.050531875678076	0.0655433991381167
FANCF	betareg	8	8	0.250166195900794	0.0778305186617162	0.00130788959778281	0.00479470956683783	-0.0403566713119179	461.199096236143	0.0536451914246935	0.0695815887735762
HOOK1	betareg	8	8	0.65627105445882	0.204327758903054	0.00131881098839096	0.00466341884602287	-0.072104063483882	130.697391113436	0.0536451914246935	0.0695815887735762
INTS3	betareg	8	8	0.302000841949421	0.0940380211627342	0.00132055030240386	0.00393125699469273	-0.021267909395387	405.500105238067	0.0536451914246935	0.0695815887735762
EFHD2	betareg	8	8	0.22771157042111	0.0710445354174467	0.0013497113395018	0.00457854771469794	-0.0407208135210913	270.699395321864	0.0541611545280695	0.0702508292316301
INSYN2A	betareg	8	8	0.389550877318085	0.122490038740889	0.00147140037315992	0.00463008130904949	-0.0495403031305772	314.525731848422	0.0583329095260584	0.0756618890680305
ZDHHC18	betareg	8	8	-0.28207491893454	0.0889050380702135	0.00150993953480776	0.00520927774639803	0.0562244731402263	643.617169987424	0.0589450808817935	0.0764559184004362
ING1	betareg	8	8	0.31950967512864	0.100794654457688	0.00152487764102749	0.00563533856911304	-0.0608218499649319	277.905027089881	0.0589450808817935	0.0764559184004362
RPUSD4	betareg	8	8	0.183341547951552	0.0579039493003074	0.00154388969515687	0.00525601844971967	-0.0384053429030245	300.427060322406	0.0589450808817935	0.0764559184004362
PAK3	betareg	8	8	-0.264332778902577	0.083555356671543	0.00155849693084301	0.00537698007968712	0.0533310624930495	1956.57332005342	0.0589450808817935	0.0764559184004362
ZNF594	betareg	8	8	-0.316074922394349	0.100090700681597	0.00158918235530749	0.00491477249344763	0.0416521229998374	330.58839181661	0.0594226384931603	0.0770753442324135
AKAP6	betareg	8	8	-0.331133628320045	0.105194875801581	0.00164497795253877	0.00498128851677532	0.0381719096832092	412.917574849768	0.0608178333301968	0.0788850101284885
GDAP1L1	betareg	8	8	0.182220074122734	0.0580525579847245	0.00169594276073981	0.00548717113580308	-0.0315087417285796	1462.42528609551	0.0611664105073562	0.0793371392597828
LARP4	betareg	8	8	0.344275050463613	0.109979470920185	0.00174593743918944	0.00545599625646388	-0.0595767387957921	297.751002704326	0.0611664105073562	0.0793371392597828
RRBP1	betareg	8	8	0.326130232776787	0.104215463722788	0.00175173061214976	0.00565639106955221	-0.0682397648695917	58.1710539619407	0.0611664105073562	0.0793371392597828
AP3M2	betareg	8	8	0.176888728247669	0.0565865091096942	0.0017720899772226	0.00591347293375712	-0.0321812008080372	701.375669159474	0.0611664105073562	0.0793371392597828
BLOC1S6	betareg	8	8	0.204590833965655	0.0654827789211201	0.00178201001303658	0.00575056912837575	-0.0245291177486914	1569.74270458448	0.0611664105073562	0.0793371392597828
AGFG1	betareg	8	8	-0.299306398836774	0.0958079084708592	0.00178394681296277	0.00578197402910901	0.0625927086618114	461.905502588918	0.0611664105073562	0.0793371392597828
VWA1	betareg	8	8	-0.484204167085148	0.154998396036771	0.001784527968355	0.00512718567098937	0.0329098322237802	357.080344070618	0.0611664105073562	0.0793371392597828
NEUROD1	betareg	8	7	0.9192435306923	0.295001715665596	0.00183283954891672	0.0097404170979983	-0.0180102319860864	281.44447252648	0.0621746833919361	0.0806449401523357
CSNK1G2	betareg	8	8	0.309783461764189	0.0995864229140595	0.0018664460646802	0.00589271509255365	-0.0620535406651689	380.529876191271	0.0626686353868725	0.0812856306536233
NOL4L	betareg	8	8	0.183312984621352	0.0590272366109637	0.00189915172624168	0.00585072257337207	-0.0350507570939778	4700.03386765015	0.0631226665965647	0.0818745410868635
PUM2	betareg	8	8	-0.338399391106847	0.109507211950482	0.00200020497479899	0.00584588527721574	0.0663653294961043	608.318394000763	0.0657016388061574	0.0852196495482299
CADM3	betareg	8	8	0.40527649905623	0.131339191315958	0.0020305718870616	0.0065662359841875	-0.0517717894598594	377.560016702837	0.0657016388061574	0.0852196495482299
RNASEH2C	betareg	8	8	0.385865005541576	0.125295202304888	0.00207246004151487	0.00669977020116988	-0.0343972878290263	1172.94098791741	0.0657016388061574	0.0852196495482299
PDCL	betareg	8	8	0.308332307109478	0.100169071051556	0.00208311808252833	0.00633685351742003	-0.063629097662998	345.566442523493	0.0657016388061574	0.0852196495482299
MEX3D	betareg	8	8	0.517904245647624	0.168336353772099	0.00209373474038506	0.00612026954320003	-0.0956393093232824	66.8581531147012	0.0657016388061574	0.0852196495482299
NEK9	betareg	8	8	-0.431349080846465	0.140391685835048	0.0021229599284201	0.00585809386142822	0.072365013880606	152.360094592289	0.0657016388061574	0.0852196495482299
PTPRG	betareg	8	8	-0.279627623935773	0.0910544889495049	0.00213348735256478	0.00647174622799452	0.0491756440243254	1309.50629115488	0.0657016388061574	0.0852196495482299
PLXDC2	betareg	8	8	-0.30535834986139	0.0995027115490856	0.00214888404723298	0.00600874983465171	0.0493156784902406	263.209079531897	0.0657016388061574	0.0852196495482299
RPS6KA3	betareg	8	8	0.528444914707736	0.172369506705561	0.00217111719907919	0.00890394840989871	-0.0272125207271874	2347.03002086937	0.0657016388061574	0.0852196495482299
DCAF12L2	betareg	8	8	0.3396352249051	0.110809427429158	0.00217641560467597	0.00659507793922707	-0.0618125201791293	219.873208743607	0.0657016388061574	0.0852196495482299
FAM219B	betareg	8	8	0.0945638627921313	0.0309304343725011	0.00223334705670326	0.00672493190694733	-0.0169330903187922	3345.26915516266	0.0668073739112529	0.0866538658000865
BACH1	betareg	8	8	0.250223815870175	0.0820424393407288	0.00228893604523739	0.00686675281134927	-0.0389634909719113	346.568018350789	0.0678533897740112	0.0880106219916505
TLN2	betareg	8	8	-0.191764349339629	0.0629993619143868	0.0023352546390895	0.00676818694225854	0.0398389324539263	488.629265631226	0.0683620693480224	0.0886704151995106
FBXO42	betareg	8	8	0.173519255033718	0.0570441320057701	0.00235135029672989	0.00672909352351362	-0.0346648941821489	1090.23081336171	0.0683620693480224	0.0886704151995106
FBXO32	betareg	7	8	0.440473125362846	0.144947713928895	0.00237489783548671	0.00752530278266639	-0.0776978346469117	57.8361313341326	0.0683620693480224	0.0886704151995106
TMEM267	betareg	8	8	0.458970734628816	0.151162497920071	0.00239521738537628	0.00777903400791869	-0.0527465318789862	132.445055806134	0.0683620693480224	0.0886704151995106
MED14	betareg	8	8	-0.494673030492591	0.163020533972276	0.00240997379642531	0.00700731450937449	0.100422105923278	81.8887662069421	0.0683620693480224	0.0886704151995106
RNF2	betareg	8	8	0.187976149913411	0.06203373469662	0.00244371925155488	0.00700944392066994	-0.0390438498427373	440.929919874516	0.0687268307877817	0.0891435364584294
TSPYL1	betareg	8	8	0.666115865081874	0.220215845940758	0.0024877154089736	0.0076801796015338	-0.016564385556621	3395.1579962617	0.0688530310304961	0.0893072270550787
FAHD2A	betareg	8	8	-0.654549921784357	0.216498077507183	0.00249991175430679	0.00683093118531108	0.131242437783186	112.802560790302	0.0688530310304961	0.0893072270550787
SNX22	betareg	8	8	0.708291798830328	0.234377327585319	0.0025109810793368	0.00815789636413019	-0.0027621418861499	5523.86258014156	0.0688530310304961	0.0893072270550787
PUS1	betareg	6	6	0.717914681135373	0.238016335648657	0.00255929575757339	0.0102201952706431	-0.035078082285436	60.095981559069	0.0695978743541012	0.0902733412671342
ADIPOR2	betareg	8	8	-0.513185474389516	0.170598752671622	0.00262849267676883	0.00745938800484052	0.104334934711141	152.599576463551	0.0704736310162664	0.0914092592928541
VPS53	betareg	8	8	-0.170801101549924	0.0568568862560867	0.00266408883781775	0.00740142102877029	0.0323738327162441	721.534145827513	0.0704736310162664	0.0914092592928541
YIPF5	betareg	8	8	0.355748930484024	0.118464572021043	0.0026733376090495	0.00806809784584447	-0.0405352704362821	1327.64666070535	0.0704736310162664	0.0914092592928541
TMEM161B	betareg	8	8	0.411816700583112	0.137369554181165	0.00271869492474727	0.00724534427981636	-0.0844684525678409	127.578861109601	0.0704736310162664	0.0914092592928541
TRIB2	betareg	8	8	0.161626742176469	0.0539140351720043	0.00271882327803608	0.00738791222916406	-0.0332967185305691	2229.16527683497	0.0704736310162664	0.0914092592928541
B4GALNT1	betareg	8	8	0.31767180762133	0.105970860100305	0.00272000373247246	0.00745635697513696	-0.0640973170375224	1500.00041117363	0.0704736310162664	0.0914092592928541
LANCL3	betareg	8	8	0.56204213666375	0.187887040256895	0.00277716750260186	0.00756093008590324	-0.0645402642175723	370.430989019275	0.0713925631276693	0.0926011789148807
IRGQ	betareg	8	8	-0.453721946389991	0.151961233890623	0.00282861330026551	0.00582580651981067	0.00573416433777268	6147.86183576441	0.0721513959508904	0.0935854384925053
MAFG	betareg	8	8	-0.258146729337122	0.0866365371581532	0.00288576038793483	0.00783952641682908	0.0339408005819908	1238.75906532431	0.0730428625033499	0.0947417333515835
PPIA	betareg	8	8	0.188517649789287	0.0635973117418447	0.00303432241208025	0.00812260223009362	-0.0299735336806735	5144.41030464523	0.0762169031382509	0.0988586874409045
ARF6	betareg	8	8	0.433944683969604	0.146940228593439	0.00314492577804395	0.00837008532336739	-0.088692458239802	1201.58895619894	0.0783966199022167	0.101685933490088
TRIO	betareg	8	8	0.470991733277256	0.15984853000749	0.00321405164040178	0.00833729118264305	-0.0883314171605895	191.194738446898	0.0793166720802514	0.102879305917365
METTL13	betareg	8	8	0.236678964752889	0.0803676715018633	0.00323004381277575	0.00869597005554665	-0.0471538537762538	218.891790394586	0.0793166720802514	0.102879305917365
KRCC1	betareg	8	8	0.491021939107204	0.167456675647845	0.00336534489902092	0.00984511615578612	-0.0598692740890169	156.606782182961	0.0820269720840428	0.106394755770528
PGBD5	betareg	8	8	-0.330443596825134	0.112887209201352	0.00342027316411117	0.00761607193571049	0.0519456001800915	600.206718090198	0.082752810740198	0.107336219591371
PPP1R3D	betareg	8	8	0.460408770118513	0.157740780906431	0.00351417466287089	0.00906371803830012	-0.090186970547466	385.106022354082	0.083494536749334	0.108298290427167
RNF141	betareg	8	8	0.286154185261236	0.0981599285752894	0.00355479682434427	0.00810687893091991	-0.0441598544877553	800.207159289049	0.083494536749334	0.108298290427167
PCMTD1	betareg	8	8	0.307597077755351	0.105579760696329	0.00357505446288019	0.00878104833833525	-0.0552530152365226	448.623795376367	0.083494536749334	0.108298290427167
SGMS1	betareg	8	8	0.38303796445605	0.131576484346116	0.00360109137383448	0.0104002103601781	-0.0650224890444954	145.074996011779	0.083494536749334	0.108298290427167
ST8SIA3	betareg	8	8	-0.37667059752514	0.129396619483247	0.0036030041106055	0.00890504020710381	0.0760093783809111	734.620107091566	0.083494536749334	0.108298290427167
ENTR1	betareg	8	8	-0.325319447116632	0.111756673200347	0.00360317648562738	0.0090353229419759	0.0681634649602085	108.203949462538	0.083494536749334	0.108298290427167
RAB12	betareg	8	8	0.650590609831425	0.2242020249619	0.00371019132517248	0.00790778519058352	-0.116015593506759	123.785095248811	0.0852776570701214	0.11061112297748
DDX21	betareg	8	8	-0.360763089036823	0.124546189922036	0.0037720534244978	0.00940491360555841	0.0668181286002044	268.847102382494	0.0852776570701214	0.11061112297748
ZSWIM6	betareg	8	8	-0.187545898889849	0.06477575782542	0.00378784267273264	0.00966087445798717	0.0319822631557864	180.584303446001	0.0852776570701214	0.11061112297748
KDM4A	betareg	8	8	0.174427400773968	0.0602480850636615	0.00378974237763929	0.00922546079958794	-0.0328528515652972	288.207134859617	0.0852776570701214	0.11061112297748
MIGA1	betareg	8	8	0.396015005466582	0.137037182739456	0.00385442660145583	0.00987306711224969	-0.0446046087845841	529.364798478969	0.0852776570701214	0.11061112297748
NAA50	betareg	8	8	0.109166519803206	0.0377931767089959	0.00387053779473077	0.00941305423474742	-0.0161275575760638	1065.26785539521	0.0852776570701214	0.11061112297748
CPEB4	betareg	5	6	-0.641386681404581	0.222151637217558	0.00388740050454331	0.0128190724827317	0.00300561479205164	1463.22009708592	0.0852776570701214	0.11061112297748
PSMD9	betareg	8	8	0.282809884398218	0.0979546051905599	0.00388745746172026	0.00950430991142923	-0.0518337047153956	613.16683098767	0.0852776570701214	0.11061112297748
GNA12	betareg	8	8	0.2201045782946	0.0763367820846921	0.00393487702926594	0.00984252939773489	-0.0403531021416412	2237.46189970526	0.0857273499155207	0.111194406246903
RSPO2	betareg	8	8	0.354139342465679	0.122908477442573	0.00396006320279504	0.00978351391564594	-0.0282390970702874	250.634049379495	0.0857273499155207	0.111194406246903
TMEM182	betareg	8	8	0.365501507501299	0.127279773541044	0.00408349701807386	0.0106280655550227	-0.0411439261347139	219.640231418474	0.0878216679534704	0.113910884138165
PPIP5K2	betareg	8	8	-0.658287814573146	0.22952522802939	0.00413021722037888	0.0140896148984473	0.0452931876268017	984.593445380231	0.0882496601260306	0.114466020107643
ZBTB21	betareg	8	8	0.712230462070122	0.24859306521167	0.0041694922602977	0.0118505412753698	-0.0779069715731779	436.398254972252	0.0883532771027805	0.114600418618949
METTL6	betareg	8	8	0.466283652651734	0.162837679551189	0.00419005405315382	0.00957800409829216	-0.0948709553166399	99.2114692054393	0.0883532771027805	0.114600418618949
DLGAP4	betareg	8	8	0.199542910453367	0.0697322179328702	0.00421561989765111	0.00981002824001008	-0.0377466517764642	1246.84564131419	0.0883532771027805	0.114600418618949
NKX6-1	betareg	8	8	0.661519431181311	0.231417268361752	0.00425572766381968	0.0111452922235027	-0.122803050711657	111.709735195576	0.0886293594807334	0.114958516893559
CHST9	betareg	8	8	0.651368460213303	0.228308626091501	0.00433062637589065	0.00978806123222012	-0.0811757523132203	71.8428451863227	0.0896219649549463	0.116245996052209
NSMF	betareg	8	8	-0.273892687106225	0.0961981395317124	0.00441094685768979	0.00920254358603801	0.00953189254046874	2621.50812497944	0.0907136646804005	0.117662007428875
SP4	betareg	8	8	0.373323665467286	0.131215123700361	0.00443937464985691	0.0101327505323229	-0.0750824732523853	110.638123144346	0.0907312284349085	0.117684788854592
ZNF484	betareg	8	8	0.379396482554869	0.133442660656889	0.00446711110235516	0.0107277956980952	-0.0537826657278546	328.012345241485	0.0907345330825299	0.117689075215135
GOLGB1	betareg	8	8	0.230102064905451	0.0811440838427688	0.00457222237982088	0.0107524778228082	-0.0478188365123369	178.524183982247	0.0922997681033073	0.119719295196782
BICRAL	betareg	8	8	0.282257099865725	0.0997159697190617	0.00464592177375792	0.0108242496013499	-0.0494834030141707	165.036476723445	0.0932156675836725	0.12090728128292
ATP5MC3	betareg	8	8	0.402453325113694	0.142415815064936	0.00471474913461581	0.0134157149030841	-0.0233492300027519	4845.99815194527	0.0940233053310845	0.121954844282062
TANGO6	betareg	8	8	0.307987997917138	0.109165376485976	0.00478298318012998	0.011384394012853	-0.0563830718608809	97.4527793325616	0.0948094516627044	0.122974531402378
PIP5KL1	betareg	8	8	0.15465844645237	0.0549144213069565	0.00485721241431205	0.0111097185104545	-0.0310252312844621	375.195123171017	0.0955686989394207	0.123959328555355
TSPYL4	betareg	8	8	0.211220976381969	0.0750369926067295	0.00487937375756786	0.0109378727149255	-0.0407218844496551	4219.59114533128	0.0955686989394207	0.123959328555355
DENND1B	betareg	8	8	-0.388468250972573	0.138669649744807	0.00508824379435372	0.0106327253803851	0.070355908309367	183.757872598527	0.0990699802030547	0.128500736771016
COX11	betareg	8	8	0.308526615789907	0.110306548651681	0.00515806922493221	0.0102636867768039	-0.0337704189225226	583.774371653548	0.0993125136719949	0.128815319749498
NCOA7	betareg	8	8	-0.477918358851837	0.171044064021295	0.00520404871215829	0.0124033614259857	0.00911229127508442	724.42947437187	0.0993125136719949	0.128815319749498
CDH12	betareg	8	8	0.299233640662251	0.107113772918167	0.00521240001857984	0.0121046031436653	-0.0601077740566723	128.778524786799	0.0993125136719949	0.128815319749498
OGFRL1	betareg	8	8	0.261698048882136	0.0937853243464933	0.0052643861346894	0.0112903804977034	-0.0498367810303331	414.214406163259	0.0993125136719949	0.128815319749498
ACVR2B	betareg	8	8	0.587078015499829	0.210450084826202	0.00527681946802161	0.0106985719043487	-0.0628990227868992	853.923235245587	0.0993125136719949	0.128815319749498
CLINT1	betareg	8	8	0.281560406958861	0.101007062340719	0.00531112273195674	0.0127958954612638	-0.0368761072729839	499.020500780196	0.0993125136719949	0.128815319749498
ST3GAL2	betareg	8	8	0.127628399669401	0.0457869345822317	0.00531260522247961	0.0115589461092531	-0.0239255182412396	703.425343436921	0.0993125136719949	0.128815319749498
HDGFL3	betareg	8	8	-0.714904614876125	0.256638917772302	0.00534215360723082	0.0153859935102459	0.0122205487849476	2357.99192485878	0.0993125136719949	0.128815319749498
PACRGL	betareg	8	8	-0.300055906187694	0.107979817165974	0.00545576329364425	0.011918677657068	0.0359309977458598	545.444704441394	0.100629288909069	0.130523269905327
FAM136A	betareg	8	8	0.146205147635901	0.0526349159883177	0.00547414838637618	0.0119688142305265	-0.0285296388728066	1049.80123197981	0.100629288909069	0.130523269905327
PANK2	betareg	8	8	-0.418712938199838	0.150981811976337	0.00554964969000055	0.0118303429124868	0.0843184622519557	419.382809173578	0.101021044216115	0.131031404109919
EMG1	betareg	8	8	-0.178773952073759	0.0644931379662645	0.00557157604089703	0.0122101240705459	0.0261250564216969	775.167816608365	0.101021044216115	0.131031404109919
CCDC6	betareg	8	8	-0.327093398383551	0.118039459561388	0.00558756221837048	0.0132647895402137	0.0582751515711479	797.409878847669	0.101021044216115	0.131031404109919
NCAN	betareg	8	8	0.212739669887843	0.0770005080890053	0.00573017913438988	0.012689247858456	-0.0347733188491561	1216.86391160155	0.101472611994516	0.1316171192994
EML6	betareg	8	8	0.558087841542089	0.202584666211472	0.00587212866841132	0.0115134114523037	-0.100035667972628	88.6014189936777	0.101472611994516	0.1316171192994
C2CD5	betareg	8	8	0.190280533377464	0.0690850937567242	0.0058819232197839	0.0128170402021141	-0.0391838881888028	260.226916892785	0.101472611994516	0.1316171192994
GALNT16	betareg	8	8	-0.252654846493753	0.0917797080222251	0.00590807724984607	0.0137964143127628	0.0344076023946773	513.35541483938	0.101472611994516	0.1316171192994
PCMTD2	betareg	8	8	0.225583030931752	0.0819808402538701	0.00592948592112428	0.0123423279126011	-0.0404745829130645	754.745160773857	0.101472611994516	0.1316171192994
SPRING1	betareg	8	8	-0.397315422486358	0.144488638479276	0.00596309381500179	0.0121710017748698	0.0102535502282962	2138.10159724168	0.101472611994516	0.1316171192994
CCNY	betareg	8	8	0.56278281420137	0.204688426808098	0.00596933948708212	0.0161663004617831	-0.0433157843719497	1313.11847612784	0.101472611994516	0.1316171192994
PROSER1	betareg	8	8	0.350713490981892	0.127560050162748	0.00597046359502804	0.0117517031242439	-0.0614343090760451	142.239250782387	0.101472611994516	0.1316171192994
NOL3	betareg	8	8	0.350893682637189	0.127652214972426	0.00598091906273298	0.0123058155009431	-0.0574426720244071	852.910819047097	0.101472611994516	0.1316171192994
TMEM65	betareg	8	8	-0.439480966952099	0.159914187467928	0.0059917961911691	0.0114396066074092	0.0842633420488196	291.407190302564	0.101472611994516	0.1316171192994
NDUFAF4	betareg	8	8	0.223055621531717	0.0812087504674636	0.0060199194901517	0.0129239677679295	-0.0455461424475799	1059.99162879192	0.101472611994516	0.1316171192994
VAMP2	betareg	8	8	-0.433252586325959	0.157743743592422	0.00602239507366507	0.0105565124744	0.0191443207535783	9042.91348612308	0.101472611994516	0.1316171192994
TXNL1	betareg	8	8	0.255773245534455	0.093126297383327	0.0060231199246727	0.0127953336410975	-0.0535000240849575	724.340401954667	0.101472611994516	0.1316171192994
WNK1	betareg	8	8	0.29679332897904	0.108106863103129	0.00604427258263413	0.0125698966134958	-0.0609972483159666	308.032424715971	0.101472611994516	0.1316171192994
ZNF827	betareg	8	8	0.197296133638272	0.0719785955960262	0.00612452479663473	0.0129136986127534	-0.0405976153926497	327.463278428622	0.102297975823818	0.1326876742743
RAB39B	betareg	8	8	0.140417733893767	0.0513824828675062	0.00627996222121313	0.0131468197133536	-0.0293424667510002	792.590238101136	0.104043442971085	0.134951668008564
NBEA	betareg	8	8	0.263380742499696	0.0964101656369618	0.0062974590108319	0.0133607442112795	-0.0535570082851224	1166.23688393178	0.104043442971085	0.134951668008564
ACO1	betareg	8	8	0.831624881119831	0.304569006954627	0.0063238832243938	0.0166237777130229	-0.104316864622976	284.82972565061	0.104043442971085	0.134951668008564
C14orf119	betareg	8	8	0.345406252382939	0.126684899402663	0.00640101452760088	0.0136824544297057	-0.0107985358000723	1633.55752487429	0.104734264631354	0.135847712321281
LRRC14	betareg	8	8	-0.077429768338899	0.0284172470570666	0.0064351053357948	0.0135081270014683	0.0152624384642581	2075.1240458429	0.104734264631354	0.135847712321281
MAPKAPK5	betareg	8	8	-0.252685878279687	0.0927832111598561	0.00646136026270384	0.0138958974270052	0.0465596808606242	369.062398482794	0.104734264631354	0.135847712321281
UBQLN2	betareg	8	8	0.226358062775363	0.0834075417493008	0.0066500242155268	0.0146055741550779	-0.0425971566981815	4698.6176717711	0.107246105580172	0.13910574681279
C6orf120	betareg	8	8	0.257972291648202	0.0951114824648077	0.00668150845750282	0.0136549241464211	-0.0536912670534821	316.415569186193	0.107246105580172	0.13910574681279
CENPP	betareg	8	8	-0.417548640311139	0.154145920354047	0.00675294466725393	0.0158514989043083	0.0274884515680848	339.310099854317	0.107468473186795	0.139394173248593
FAM172A	betareg	8	8	0.250643973565664	0.0925429114608317	0.00676068272316277	0.0132156028314561	-0.0467683470540061	702.488888989086	0.107468473186795	0.139394173248593
CACNB2	betareg	8	8	0.350884373410717	0.129677597966219	0.00681357527747465	0.015820755404994	-0.0210115659801664	411.846228974985	0.107788540810072	0.139809323482028
RSPH3	betareg	8	8	0.492554789901137	0.182280839530662	0.00688874233197106	0.0135889800222454	-0.0951055966869646	236.247155469372	0.10845623491407	0.140675369726567
ZNF703	betareg	8	8	0.328094673583634	0.121554775786948	0.0069516662628144	0.0139403776931213	-0.0690638716792669	258.372455853133	0.108925732392247	0.141284340998533
ZCCHC10	betareg	8	8	0.345210506149386	0.128086378799165	0.00703594192358359	0.01249793870991	-0.0629845659688488	333.770054945834	0.109287739059726	0.141753889123925
CTU1	betareg	8	8	0.717227028755161	0.266143382352516	0.00704119599209749	0.0195312931062329	-0.052205000089601	174.28751522463	0.109287739059726	0.141753889123925
VGLL4	betareg	8	8	0.392492854219481	0.146007952301675	0.00718467887540618	0.0158234000771551	-0.0591026608333179	690.372630663392	0.110991220623917	0.143963424602036
TMEM263	betareg	8	8	0.199944383240222	0.0744592255950053	0.00724675699577098	0.0139237358543346	-0.0258482010752407	699.629116649519	0.111066327906562	0.144060844033604
ENPP4	betareg	8	8	0.307461443659499	0.114518772142622	0.00725704814133665	0.0143636942864417	-0.0632862067645182	214.787250200158	0.111066327906562	0.144060844033604
C12orf43	betareg	8	7	-0.659647153863706	0.246300121266817	0.0074013470854445	0.0169978465078551	0.0374934043285006	659.463652001464	0.111579406006551	0.144726342439221
EDC3	betareg	8	8	0.173733224435883	0.0648908014040002	0.00742144544458943	0.0146721165114615	-0.0298020816516724	726.459816476106	0.111579406006551	0.144726342439221
POLR1D	betareg	8	8	0.164002022974227	0.0612730783068416	0.00743787956752014	0.0148192108188501	-0.0342239572926211	545.776559612801	0.111579406006551	0.144726342439221
NALF1	betareg	8	8	-0.401110351072489	0.149861647869529	0.0074387195281133	0.0138252748675796	0.0141355407664934	751.810812054904	0.111579406006551	0.144726342439221
ATG4B	betareg	8	8	0.115721895627972	0.043251226766619	0.00746012074428975	0.0149244750360788	-0.0238227413762863	905.935914710982	0.111579406006551	0.144726342439221
SPOCK1	betareg	8	8	0.274981832830458	0.102848820831739	0.00750305325270322	0.0147955554557015	-0.0553960902296403	5690.94311486353	0.111713748446429	0.144900594038631
DCAF8	betareg	8	8	0.162972423435862	0.0610133931763538	0.00756047851452168	0.0146683010189906	-0.028054848329736	603.526297056237	0.112061692722103	0.145351902252156
ROCK2	betareg	8	8	-0.289771225947615	0.108631949176791	0.00764273069439418	0.0143364850280997	0.0556770939912797	231.23204852135	0.112772851761568	0.146274325577015
MCPH1	betareg	8	8	0.238113462529928	0.0893352151576839	0.00768983847542832	0.015230149711444	-0.04988700730671	74.3675405253536	0.11296140058104	0.14651888666575
WDR12	betareg	8	8	-0.354086573886016	0.132970691208785	0.00774723023766803	0.0149699530341317	0.0623789085539524	271.738990958745	0.113298670567536	0.146956349574965
GOLT1B	betareg	8	8	0.225712378957098	0.0848529259611338	0.007813082023196	0.015694176922511	-0.0392026427727524	893.908856669569	0.113756131265966	0.147549708296463
MXD4	betareg	8	8	0.184321040810937	0.0694022661961122	0.00791120651659787	0.0154250986774553	-0.0373635875622624	849.756652239239	0.114322543174804	0.148284384405738
LSM3	betareg	8	8	-0.581554823474244	0.219008473558058	0.0079214713318904	0.0174139365300322	0.0144379655869707	927.917627461333	0.114322543174804	0.148284384405738
METAP1	betareg	8	8	0.132597195195853	0.0499867807029223	0.00798637637423132	0.0158324265822352	-0.0273814388890656	470.38108451556	0.114755936162315	0.148846525612311
MED28	betareg	8	8	-0.255725954483588	0.0966432304927313	0.00814299702466616	0.0161638806459541	0.0517486132018583	1099.11244867063	0.11649768875657	0.151105701309892
VPS4B	betareg	8	8	0.334763905358935	0.126606750772067	0.00819027278086576	0.0156500006701066	-0.0658664603247033	527.537887591275	0.116666791871474	0.151325039951234
ESRRG	betareg	8	8	0.350048711312706	0.132784323189869	0.00838353151929879	0.0146579232545173	-0.0594859231937629	1213.93790001618	0.118437422774197	0.153621672847324
WDR44	betareg	8	8	0.437465449342064	0.165951922302792	0.00838656273979066	0.0137261784013464	-0.0707722158449031	194.972935555628	0.118437422774197	0.153621672847324
MCC	betareg	8	8	0.563686680698622	0.214262690818479	0.00851790102645757	0.0157038595099232	-0.114823585778985	143.240976853216	0.119360289316581	0.154818695703235
PISD	betareg	8	8	0.123584098714461	0.0470010904871126	0.00855387278370139	0.0163592341284124	-0.0258363306303617	574.031087354306	0.119360289316581	0.154818695703235
UTP23	betareg	8	8	0.363217570458121	0.138152014568677	0.00856073387674872	0.016152528198953	-0.0738132265563654	140.753547022016	0.119360289316581	0.154818695703235
NXPH3	betareg	8	8	-0.487458486954364	0.1861237326373	0.0088187348623299	0.0168386504987971	0.0962303337550768	99.0888302353249	0.122208690245566	0.158513272175781
SAP30BP	betareg	8	8	0.136602816049246	0.0521792413890054	0.00884589159893581	0.0169429502235802	-0.0285740540879405	781.914224795856	0.122208690245566	0.158513272175781
API5	betareg	8	8	-0.17803027842201	0.0680396330065127	0.00888188548853153	0.0169858708269227	0.0372518829951463	621.175492903205	0.122208690245566	0.158513272175781
SLC66A2	betareg	8	8	-0.175171147047592	0.0670037916354998	0.00893982474461847	0.0172302103221023	0.0278078795406261	1011.25608763204	0.122208690245566	0.158513272175781
TES	betareg	8	8	0.181926719629205	0.0696360787619557	0.00898733889815875	0.0168460102514221	-0.0372292354904511	649.235349306323	0.122208690245566	0.158513272175781
NKIRAS1	betareg	8	8	0.385801529929451	0.147760503655369	0.00902799396104188	0.018342991489365	-0.0701591859260764	1098.67478196655	0.122208690245566	0.158513272175781
MICALL1	betareg	8	8	-0.320441319139404	0.122735706238241	0.00903243836262019	0.018145766683363	0.0336452390181084	383.337675785141	0.122208690245566	0.158513272175781
ARID3B	betareg	8	8	0.221807935693722	0.0850161728077252	0.0090804929959519	0.0172278035102263	-0.0456893861538668	309.151103805826	0.122208690245566	0.158513272175781
ZNHIT6	betareg	8	8	0.328748472585914	0.126039307402335	0.00909928577391433	0.0161595162103683	-0.0346762864640311	208.70650141482	0.122208690245566	0.158513272175781
AK2	betareg	8	8	-0.35964912749157	0.138074630593128	0.00919428082611876	0.0197592969975884	0.0215682169645986	1198.67728356473	0.122646091383596	0.159080612235668
FIGN	betareg	8	8	0.378500742233434	0.145337229412577	0.0092063990679967	0.0167212351168622	-0.0678101644905438	443.197679068979	0.122646091383596	0.159080612235668
PRKAR1B	betareg	8	8	0.148543829157031	0.057158303875108	0.00935463082437898	0.0174196645634062	-0.0302581907303518	1384.98379338523	0.123840056056286	0.160629268446204
ZNF500	betareg	8	8	-0.615659480884774	0.23706752490137	0.00940475615589203	0.0124851797465773	0.0197116849887174	339.141738979186	0.123840056056286	0.160629268446204
SNX5	betareg	8	8	0.157413761031414	0.0606177319960534	0.00940893090711131	0.017180569267338	-0.0295390955898994	210.499755208297	0.123840056056286	0.160629268446204
CCDC71L	betareg	8	8	0.456394035713962	0.176081077449955	0.00954325581868349	0.0171363043834872	-0.0912625917287949	72.1418884732633	0.125107605942191	0.162273369857136
GCA	betareg	8	8	0.483766613940698	0.186939383224483	0.00965837285021665	0.0170712478048726	-0.086207390119554	207.007598295297	0.126114288845013	0.163579108431447
HMGN4	betareg	8	8	0.12042514526554	0.0465976236553673	0.00975592318089888	0.0177699379473676	-0.0236124947707848	796.714610830462	0.126884543058469	0.164578182356033
SLC30A8	betareg	7	8	0.72801402918635	0.282284181528379	0.00990836112499141	0.0187785262338422	-0.131614881216123	86.4043944180123	0.128359784503647	0.16649167433647
ZNF354C	betareg	8	8	-0.451424885020876	0.175238870739715	0.00999348874946822	0.0200793274246674	0.0806488347438705	119.580555667924	0.128954890394388	0.167263568559727
CDH13	betareg	8	8	0.277832865991118	0.108246077707996	0.0102677802189383	0.0178709746617352	-0.0214396094378957	600.201413936655	0.131976761714016	0.171183148337612
ZNF142	betareg	8	8	-0.347669698315142	0.135914242950353	0.0105273720423274	0.0190504907208149	0.0673693619218937	159.884734590095	0.134393499688639	0.174317827578337
OTUB1	betareg	8	8	0.177510799356841	0.0694034676762959	0.0105377643677892	0.0196322206842808	-0.0355707738188218	2468.07474556128	0.134393499688639	0.174317827578337
PARPBP	betareg	8	8	-0.539870453194475	0.211189809737692	0.0105783311487323	0.0164758494073482	0.0486411660842953	52.0810680573689	0.134393499688639	0.174317827578337
SPIN4	betareg	8	8	0.423353380625335	0.165822691267426	0.0106784611844946	0.019760053028885	-0.0854655617331955	267.255667191905	0.135143821245081	0.175291047443935
TUBGCP2	betareg	8	8	-0.463663126839142	0.181723019584029	0.0107265672707921	0.0207303689721181	0.0315924832898125	344.065322562181	0.135232514278749	0.175406088550731
PTPN18	betareg	8	8	0.0948681433900151	0.0373633279833336	0.0111147257332625	0.0197025153286104	-0.0162484148754474	924.739562451461	0.139591292482252	0.181059730647192
FRAS1	betareg	8	8	0.444067883446234	0.175175139537844	0.0112449333105563	0.0200294482447117	-0.0268502289368345	149.513247131927	0.140689603236994	0.182484316994122
TCTA	betareg	8	8	0.143672294262711	0.0567477839018308	0.011348864873057	0.0200677941045217	-0.0296583921812406	1836.73377944143	0.140852495347973	0.182695599526249
ARFRP1	betareg	8	8	0.0829393554811838	0.0327675474605605	0.0113691416517285	0.0202051789870806	-0.0169449001105521	819.880397559315	0.140852495347973	0.182695599526249
RIT1	betareg	8	8	0.394754923424801	0.156069110401291	0.011427083906179	0.0198557131632067	-0.0823448495636302	132.903987199513	0.140852495347973	0.182695599526249
SULT4A1	betareg	8	8	-0.115057979623464	0.0455214823637629	0.0114860340222164	0.020655830749721	0.0227496578318694	4909.33747687603	0.140852495347973	0.182695599526249
GFRA2	betareg	8	8	0.144272213154113	0.0570843042119507	0.0114925777019013	0.0200792505780389	-0.0281021855464619	582.838337365729	0.140852495347973	0.182695599526249
ZMIZ2	betareg	8	8	-0.472526229322767	0.187015013621489	0.0115147882550518	0.0163855942720416	0.0767888981282209	561.40452820829	0.140852495347973	0.182695599526249
TSFM	betareg	8	8	0.425417614957148	0.168711734051132	0.0116834065685791	0.028409795347149	-0.0367342173047658	659.2269188567	0.142385772217014	0.18468436753591
KDSR	betareg	8	8	-0.458696200648049	0.182266081872504	0.0118483345518043	0.0241069412813394	0.0269979070504484	494.855586637201	0.143862925259809	0.186600338992992
DOT1L	betareg	8	8	0.481754251329814	0.191976471417614	0.0120921303237149	0.020598345620227	-0.0612706704236008	171.250647993573	0.146038391867471	0.189422072290327
PSMD10	betareg	8	8	0.184575905780831	0.0735908595900057	0.0121369843012595	0.0200458463408491	-0.026142060401195	1574.99216591851	0.146038391867471	0.189422072290327
TTL	betareg	8	8	-0.351315327978946	0.140108721237728	0.0121606485022375	0.0207039602653737	0.0177277446106575	3394.43876205555	0.146038391867471	0.189422072290327
PSPC1	betareg	8	8	0.795225906862143	0.31823691315941	0.0124597483289301	0.0428687468849095	-0.0512719151507353	133.348816662448	0.149086200096403	0.193375294064995
PABPC5	betareg	8	8	0.365374564297745	0.146353917745278	0.0125420815217565	0.0227530166980035	-0.068004777846454	243.701957431047	0.149527615063511	0.193947840343685
BAZ2B	betareg	8	8	0.291696872283744	0.116958458165447	0.012630500625285	0.0207480589368254	-0.0555550894806021	208.380281812183	0.149697503174945	0.194168197180772
NDUFS1	betareg	8	8	-0.36318061390584	0.145648086763724	0.0126473193102752	0.0214743492412239	0.073564781932397	463.72130503447	0.149697503174945	0.194168197180772
EPHB2	betareg	8	8	-0.393935088267324	0.15816929494033	0.0127530683407748	0.0225266242504327	0.0814022925023686	474.225839046686	0.150408144249121	0.195089948668197
KCNH5	betareg	8	8	0.642737660541471	0.258421159664283	0.0128763425317574	0.0219432811771962	-0.0829944954343033	142.169284896146	0.151319660759716	0.196272249734073
ICA1L	betareg	8	8	-0.271633218111201	0.10931037778336	0.0129561658037927	0.0209736095258965	0.0484966327602725	433.551813011261	0.151715882095676	0.196786176692482
PLPP6	betareg	8	8	0.129773021590369	0.0522525924662984	0.0130072413982149	0.0223271084518134	-0.0269461815577758	636.844137561985	0.151773853600425	0.196861369814118
RANBP6	betareg	8	8	0.243054462527792	0.0980626837722623	0.0131913104004209	0.0219895897705967	-0.0431350058728396	2715.59891866405	0.153377753838541	0.198941741303874
WDR45B	betareg	8	8	0.146702794804646	0.0592571793317211	0.0132976543163969	0.0227206789670496	-0.0306320098851802	1107.11503701165	0.154069817483145	0.199839396557683
SPIRE2	betareg	8	8	-0.15866392793266	0.0641568305348615	0.0133960267633819	0.0227012128356334	0.0327619824585612	429.866554630365	0.154664989253918	0.200611376231978
ELK4	betareg	8	8	-0.406511682695292	0.164717201550157	0.013589421948306	0.0253462270679527	0.0681086122515378	77.5947211644456	0.156161745664385	0.202552774636597
IRS2	betareg	8	8	0.308870026517323	0.125194719261302	0.0136205825493682	0.0226007570075526	-0.0142667288894824	365.722084071404	0.156161745664385	0.202552774636597
NCBP2	betareg	8	8	0.0952992784622785	0.0387297561358329	0.0138696523006184	0.0237624785515354	-0.0183667355978314	1826.85847683483	0.158464050708405	0.205539026312653
TMEM237	betareg	8	8	-0.336243939954054	0.136759835004743	0.0139462288535556	0.0234729982206004	0.063543786997654	521.38385483815	0.158464050708405	0.205539026312653
ZNF585B	betareg	8	8	-0.857294735824382	0.34875746964014	0.0139658663614502	0.0248141329250619	0.137997415685801	252.424686472331	0.158464050708405	0.205539026312653
SLX4IP	betareg	8	8	0.47187226032973	0.192099203632149	0.0140337308368465	0.0236723451928419	-0.0884343039518654	344.083705612482	0.158686880529957	0.205828052273749
PRELID3B	betareg	8	8	0.23626761847918	0.0962442122801887	0.0140933145513976	0.0241671070073035	-0.044492176989389	459.075325027457	0.158814869807544	0.205994063374538
RAPGEF2	betareg	8	8	0.367588103168162	0.149944808341717	0.01422663899911	0.0232238277570693	-0.054841652810071	291.461439770744	0.159770119599547	0.207233089584306
ASIC1	betareg	8	8	0.114829647471657	0.0468914460041316	0.0143317105677879	0.0244822345396508	-0.0168684475062861	1893.25912984587	0.160023257857707	0.207561427720761
LINGO1	betareg	8	8	0.196129457949419	0.0801028682553455	0.0143464435748886	0.0247868579324719	-0.0124052982922677	7185.26638143427	0.160023257857707	0.207561427720761
MAOA	betareg	8	8	-0.158653662779615	0.0649464009820033	0.014572198256124	0.0255956320779341	0.0264009356601241	611.353463351941	0.16199224693187	0.210115345125464
FOXK1	betareg	8	8	0.248646446447502	0.101960756085162	0.014742299513596	0.0240786039078672	-0.0504131708645501	469.494089502603	0.163331387061769	0.211852304121306
ZFHX4	betareg	8	8	0.46946238715833	0.192609703713004	0.0147942621919999	0.0229787987335416	-0.0939721716216981	148.059600366637	0.163357062908478	0.211885607501528
GCSH	betareg	8	8	0.489209355486979	0.201493376806038	0.0151857847859431	0.0258934015012934	-0.0701505750315246	86.3215073075328	0.167119420731722	0.216765650389315
RAPGEF4	betareg	8	8	0.220201787226418	0.0907493660668414	0.0152459677295329	0.0236217133656976	-0.0416561041341027	548.687833175279	0.16722246102288	0.216899300898821
SCRN1	betareg	8	8	0.123236843270705	0.0508179021837674	0.0153055404555173	0.0256341568938147	-0.00738673546783769	12022.9398913958	0.167318145842711	0.217023410844345
POLH	betareg	8	8	0.53028997930856	0.219944634494513	0.015908161167274	0.0224698303058554	-0.0668966794486348	95.4193276486181	0.173033072834498	0.224436073363627
B3GALT6	betareg	8	8	0.247683654258031	0.1027547325948	0.0159334888072116	0.0253399284421334	-0.0317350279883365	3430.81577106158	0.173033072834498	0.224436073363627
MEX3B	betareg	8	8	0.437458367801134	0.181631690783141	0.0160186030628023	0.028995327285176	-0.0645785197787406	186.210406018391	0.173108951153581	0.224534492883719
TOB1	betareg	8	8	0.323296497877835	0.13426633786459	0.0160456936104813	0.0281596829556722	-0.058443051685867	212.562314490305	0.173108951153581	0.224534492883719
PPP1R2	betareg	8	8	-0.157887453525744	0.0656387211465087	0.0161547229683349	0.0269348895573748	0.0310931379721134	1527.17543908061	0.173715654759387	0.225321430159651
MCU	betareg	8	8	0.195928269465323	0.0814981159928091	0.0162130730550638	0.0244541729186546	-0.0265326557116922	623.96020030416	0.173775214538104	0.225398683384405
ZNF699	betareg	8	8	-0.611047995425667	0.254414636801045	0.016315515826288	0.0200587327149717	0.0980749074322194	85.6304445821427	0.1743054480702	0.226086433592848
MAPK4	betareg	8	8	0.160052042538059	0.0668587920226665	0.0166711222483801	0.0278774524223539	-0.027895012635106	439.467892810949	0.177258693557247	0.229917000836057
ZC4H2	betareg	8	8	0.0828675330958992	0.0346337194940282	0.016725656938626	0.0272778856715578	-0.0123048264734426	1332.31426546512	0.177258693557247	0.229917000836057
NAV2	betareg	8	8	0.392595661802225	0.164123685431637	0.0167535584020651	0.0251970637308032	-0.069825514465634	374.997912099415	0.177258693557247	0.229917000836057
PID1	betareg	8	8	0.131424283983254	0.0549871048487483	0.0168441156046299	0.0267126536173284	-0.0257307696458614	925.940870988713	0.177645613677694	0.230418863463335
POU3F2	betareg	7	7	0.583336954375626	0.244258813411602	0.0169314917479646	0.0261695908907599	-0.012002198654821	473.654757533018	0.177996619769671	0.230874143068092
ZFP14	betareg	8	8	-0.558058688038887	0.233858315252909	0.017018348894515	0.0208463350893304	0.0517842647477759	414.500075525212	0.178339951444233	0.231319468413344
MRS2	betareg	8	8	0.215423648420867	0.090406195567766	0.0171795822514884	0.0270406998675683	-0.0440747591354125	537.500872104908	0.178983317667293	0.232153959684134
CDKL1	betareg	8	8	-0.380255030669812	0.159593327800185	0.017188531223099	0.026600934568913	0.0504755438369604	153.932358647394	0.178983317667293	0.232153959684134
RNGTT	betareg	8	8	0.201434572976691	0.0846349464767469	0.0173107505556385	0.0280927045307256	-0.0247037701847494	470.897867040788	0.179174168236144	0.232401506303809
NUP50	betareg	8	8	0.146169643500537	0.0614276052849593	0.0173341087478217	0.0275852673195125	-0.0298057535539406	447.01840411707	0.179174168236144	0.232401506303809
SDHAF4	betareg	8	8	0.141321089321023	0.0594238914395576	0.017398029564162	0.0282791184092446	-0.027099130072858	270.791433387022	0.179174168236144	0.232401506303809
MYO6	betareg	8	8	-0.255451574012757	0.107451964287614	0.0174372490183921	0.0276351366800838	0.0533834587862486	119.601871269651	0.179174168236144	0.232401506303809
ATF2	betareg	8	8	0.182408370397475	0.0767559736071516	0.0174791198508722	0.027211348310886	-0.0340139966353348	1029.19928372818	0.179174168236144	0.232401506303809
COPZ1	betareg	8	8	0.0980234093012319	0.0412912044082793	0.0175987550212609	0.0278740801039117	-0.0202027618202259	1835.51155374275	0.179505356275935	0.232831080500106
YWHAZ	betareg	8	8	-0.0997933033951137	0.0420486603630449	0.0176308260683941	0.0273200131855688	0.019149422526741	20212.7209920724	0.179505356275935	0.232831080500106
ARFGEF3	betareg	8	8	-0.208004437016245	0.0877317737720736	0.0177441886356246	0.0283684997772867	0.0427887760441908	795.777414533375	0.179505356275935	0.232831080500106
PGGT1B	betareg	8	8	-0.678357309177344	0.286222885428508	0.0177865606237745	0.0291214751882184	0.0870155197215677	173.160750003412	0.179505356275935	0.232831080500106
ANKIB1	betareg	8	8	0.437084010091299	0.184444189703383	0.0178007974267636	0.0271800539747269	-0.0917237270279754	395.221548671479	0.179505356275935	0.232831080500106
LHFPL6	betareg	8	8	0.172177690260141	0.0726810658307616	0.0178387449211655	0.0293265728477104	-0.0336950303527783	1419.4554402585	0.179505356275935	0.232831080500106
MRPL42	betareg	8	8	-0.248986416965431	0.105185018304981	0.0179267247241606	0.0279731363789021	0.0497250982659853	878.938363527005	0.179754822440166	0.233154655672296
SNCA	betareg	8	8	0.179129402340513	0.0757494800065877	0.0180417185490796	0.0275467869729032	-0.0280182465289055	4710.0539891702	0.179754822440166	0.233154655672296
HMGB1	betareg	8	8	0.247860823794539	0.10487085380762	0.0181038971520999	0.0291361110199677	-0.0514356070306362	1102.40137679133	0.179754822440166	0.233154655672296
PPP6C	betareg	8	8	0.237009721478131	0.100313045215216	0.0181423055387956	0.0296077993047178	-0.0484249953158949	571.160501153459	0.179754822440166	0.233154655672296
RB1	betareg	8	8	0.378569230763032	0.160292215258699	0.0181891815377279	0.0280420573459006	-0.0674480096663898	224.852715713028	0.179754822440166	0.233154655672296
UBE2L3	betareg	8	8	0.0659587407753828	0.0279289753639471	0.0181933248497262	0.0287586487897595	-0.0125449435207971	2785.29484952508	0.179754822440166	0.233154655672296
POGK	betareg	8	8	0.11181673733996	0.0473681500343309	0.0182459360343362	0.0287180447022965	-0.0231590770019705	1363.67944924108	0.179754822440166	0.233154655672296
ARGLU1	betareg	8	8	0.302141024675806	0.128166941143378	0.018403303914458	0.0274569299211631	-0.0498115482337986	1192.792243476	0.180582830204973	0.234228640017623
TAFA5	betareg	8	8	0.155463409803773	0.0659810722376255	0.0184638726136193	0.0296056643333455	-0.0300805196542283	1240.07565318727	0.180582830204973	0.234228640017623
PAPOLG	betareg	8	8	-0.272938674525275	0.115906107512288	0.0185313984333719	0.0281204648920327	0.0552315211968306	197.830001615362	0.180582830204973	0.234228640017623
NRXN2	betareg	8	8	0.44651034493742	0.189644260544536	0.0185495033565971	0.0354990526608744	-0.042659972897316	1029.90744373994	0.180582830204973	0.234228640017623
USP47	betareg	8	8	-0.224050681764632	0.0952172194457239	0.0186202334600246	0.0294748076046307	0.0358318722357222	533.264123350264	0.180736676887383	0.234428189992286
NUTF2	betareg	8	8	0.238620741275807	0.101631729726873	0.0188797872627031	0.0284574654222355	-0.0432041777875222	3428.11510419405	0.18271703892653	0.236996858932991
HMGCS1	betareg	8	8	-0.34193100328622	0.145946195215476	0.0191367378982714	0.0265344916753185	0.0269177838253506	2741.13829605644	0.184268813384244	0.239009619617003
SMC1A	betareg	8	8	-0.469706789632933	0.200731931093015	0.0192852650589854	0.029921178391222	0.097394378816921	539.046777190605	0.184268813384244	0.239009619617003
POLR1F	betareg	8	8	0.34449841838108	0.147224130929967	0.0192858610922383	0.0293375761533119	-0.0726206091292278	179.406183951583	0.184268813384244	0.239009619617003
ELAC2	betareg	8	8	0.30058325153525	0.12850960773635	0.0193357238418401	0.0317815660446318	-0.0366382939143579	697.3525011558	0.184268813384244	0.239009619617003
SLC25A53	betareg	8	8	0.180054603676314	0.0770447135738786	0.0194384362801492	0.0302476908385017	-0.0366850587620478	135.779473396812	0.184268813384244	0.239009619617003
C11orf87	betareg	8	8	0.306986944775749	0.131422265885113	0.0194973766739219	0.0310089059600792	-0.0523604406821902	2060.71007044631	0.184268813384244	0.239009619617003
GLYR1	betareg	8	8	0.230131001465438	0.0985900413585766	0.0195841228356848	0.032826705819167	-0.0366984320416063	1029.59932005297	0.184268813384244	0.239009619617003
CDC42	betareg	8	8	0.464023293242916	0.198827173383946	0.0196060819385754	0.0385952265401147	-0.0325792879921517	7742.68466239006	0.184268813384244	0.239009619617003
PIAS2	betareg	8	8	-0.639879410781419	0.274341593782643	0.0196786854031491	0.0293803167780509	0.0763484404472091	347.099267055069	0.184268813384244	0.239009619617003
SNX2	betareg	8	8	-0.346371296983963	0.148535861243624	0.0197057675141883	0.0286917301697305	0.0421131444736045	515.311351978564	0.184268813384244	0.239009619617003
MED12L	betareg	8	8	0.482402014625966	0.207002946286216	0.019784420690013	0.0362178397458514	-0.015105887749815	115.809081133283	0.184268813384244	0.239009619617003
RGS17	betareg	8	8	-0.197663191285711	0.0848720247638942	0.0198614092736122	0.0300586794582319	0.0368307131791586	656.186435928236	0.184268813384244	0.239009619617003
GTPBP10	betareg	8	8	0.427942271535243	0.183777745691274	0.0198810125351553	0.0301084511069783	-0.0737949710212343	135.503650534707	0.184268813384244	0.239009619617003
UBE2V2	betareg	8	8	-0.23235848317005	0.0998330584137084	0.019940245413147	0.027410553776618	0.00391375642169739	4587.16764028776	0.184268813384244	0.239009619617003
PRUNE1	betareg	8	8	0.0960287282485243	0.041276026959632	0.0199918259505656	0.0313116152192592	-0.018510146232994	825.05227300796	0.184268813384244	0.239009619617003
ANAPC16	betareg	8	8	0.427094199260322	0.183698312615341	0.0200732344765524	0.0260324174445833	-0.017832678074034	1005.65335837599	0.184268813384244	0.239009619617003
RLIM	betareg	8	8	-0.746171980439972	0.321127828579904	0.0201470496973985	0.0266249518806863	0.00618178032085163	1940.23243895229	0.184268813384244	0.239009619617003
ITGA6	betareg	8	8	0.267068664845145	0.114965192042453	0.020177038693552	0.0296435986873741	-0.027717117262238	255.997514255762	0.184268813384244	0.239009619617003
KIN	betareg	8	8	-0.641937510148379	0.276448067040003	0.0202280475433773	0.0329967343767212	0.0994750607372568	95.4775592267049	0.184268813384244	0.239009619617003
NDUFB5	betareg	8	8	0.213363203293289	0.0919493695022331	0.0203169647172518	0.0310839944113784	-0.0401182659791508	1202.42982421763	0.184268813384244	0.239009619617003
FBXO44	betareg	8	8	-0.278777897023343	0.120142950470327	0.0203200609961498	0.0356126249514537	0.0242916917569128	2289.90444856444	0.184268813384244	0.239009619617003
AUTS2	betareg	8	8	0.270068749311772	0.116395329003623	0.0203262019544753	0.0307677125373962	-0.0532431544154799	810.570779479134	0.184268813384244	0.239009619617003
CBX3	betareg	8	8	-0.0907189362781144	0.0391078630697278	0.0203565217394978	0.0312127982760942	0.018922124999356	1338.00400743623	0.184268813384244	0.239009619617003
C5orf24	betareg	8	8	0.217842084173994	0.0939653322389055	0.0204317194390531	0.0306072710459214	-0.0352827172180773	2241.25128711665	0.184268813384244	0.239009619617003
CPLANE1	betareg	8	8	0.402870104049114	0.173788065219959	0.020440138509889	0.0307783040929805	-0.0726756639391679	108.535526839706	0.184268813384244	0.239009619617003
ZFP1	betareg	8	8	0.161295930943438	0.0696114005773027	0.0204987899091623	0.0334685405664409	-0.016561079133902	763.837726183312	0.184292647154808	0.239040533694822
TRAF4	betareg	8	8	-0.479449920399002	0.207141560998118	0.0206348161385419	0.0261029893933165	0.0456731952623069	284.863430169373	0.185010087490733	0.239971104303261
PPM1A	betareg	8	8	-0.193748541003404	0.0837547045579917	0.0207069490878282	0.034101218440791	0.0183419099206664	844.510881608612	0.185152323418573	0.240155594312095
EPHA7	betareg	8	8	0.312425249906102	0.135118163828374	0.0207646132365492	0.0318475091009959	-0.0541228646893325	168.207004265436	0.185164765450344	0.24017173250296
CASK	betareg	8	8	-0.257228201008059	0.111410865840433	0.0209532898278396	0.0330707020560063	0.0426959078196656	2368.13814353111	0.186248428925375	0.241577320297242
POMT2	betareg	8	8	-0.240210685619855	0.104127637846926	0.021061124975552	0.0323419429633971	0.0472740480421826	213.128436599778	0.186248428925375	0.241577320297242
PDK1	betareg	8	8	0.315860764324471	0.136980524164683	0.0211172922422012	0.0323178785022645	-0.0514257475162491	240.930452673945	0.186248428925375	0.241577320297242
URB1	betareg	8	7	-0.512386998144009	0.222281683284954	0.0211595906111316	0.0289527670625967	0.0519196274612687	146.558284785405	0.186248428925375	0.241577320297242
ANAPC1	betareg	8	8	-0.366778217584292	0.159222798367254	0.0212477266260111	0.0315564773346418	0.0454937998761567	55.1650224133539	0.186248428925375	0.241577320297242
CLVS1	betareg	8	8	0.161573382885011	0.0701578062671932	0.0212788791409977	0.0322805346697411	-0.0329342836169598	282.785893389873	0.186248428925375	0.241577320297242
KCTD12	betareg	8	8	0.348080547405317	0.1511754129283	0.0213073047367859	0.0323964543092475	-0.0702230673461618	668.296515564215	0.186248428925375	0.241577320297242
FAM81A	betareg	8	8	-0.294720894793222	0.128031918724161	0.0213389526129476	0.0297373130479962	0.0329834815016863	266.438605484737	0.186248428925375	0.241577320297242
UBR5	betareg	8	8	0.413176229869514	0.179590515613988	0.0214110097364882	0.0392150070472343	-0.0450433256367876	258.67877445773	0.186382965898877	0.241751824220454
WDFY1	betareg	8	8	0.216024451326113	0.0940087013069483	0.0215663570387701	0.0288978941589469	-0.0285706262122673	858.515267713496	0.187239921373131	0.242863355782245
ZNF714	betareg	8	8	-0.349897236396258	0.152596179115254	0.0218501941719953	0.0319633732549754	0.0565286549638671	302.333091241392	0.189092641947968	0.245266464760458
ABT1	betareg	8	8	0.356419894820162	0.155493178282428	0.0218946867557953	0.0350000412390149	-0.0273897871995268	681.495929441992	0.189092641947968	0.245266464760458
IL1RAP	betareg	7	8	-0.568439977931026	0.248319946122486	0.0220710190505246	0.0373500388773587	0.0637571756478885	221.207044368419	0.190067711195051	0.246531198198338
NEK7	betareg	8	8	0.283509374233951	0.123898038896139	0.0221231136152679	0.0303758400018228	-0.0295152416273824	701.220164111908	0.190067711195051	0.246531198198338
CCDC171	betareg	8	8	-0.420824753865873	0.184212735492713	0.0223451073906563	0.0310246543880446	0.0558267462353573	56.7106610071165	0.190744196901392	0.24740864776986
EIF1AD	betareg	8	8	0.236925553605549	0.103721631881863	0.0223571733022627	0.0316630507598586	-0.0445883007040577	339.821316199685	0.190744196901392	0.24740864776986
VPS13D	betareg	8	8	-0.312084170972467	0.136644959103628	0.0223770864828601	0.0340501003913371	0.0632844410418081	154.598803467455	0.190744196901392	0.24740864776986
FHL1	betareg	8	8	0.280983667207731	0.123112826355679	0.0224700705911959	0.0349167242221436	-0.0467399390551384	3176.44427912972	0.190744196901392	0.24740864776986
FAM185A	betareg	8	8	0.215278758782305	0.0943394047698428	0.0224916952518055	0.0334592629839273	-0.0398187549892176	170.424184673646	0.190744196901392	0.24740864776986
ZC2HC1A	betareg	8	8	0.244264055059843	0.107112648512852	0.0225815574679043	0.0343923023010645	-0.0482838087883488	830.028227337913	0.191013982831138	0.247758579108009
GPRIN3	betareg	8	8	0.43405025612802	0.190578850496673	0.0227542175827765	0.033212188275281	-0.0800937840184954	1040.43559481016	0.191606763218138	0.248527456989247
PEX3	betareg	8	8	0.310607614110495	0.136396486568717	0.0227718631190609	0.0335151705388922	-0.0626534115716813	89.0380713251233	0.191606763218138	0.248527456989247
NUP93	betareg	8	8	-0.1949530273889	0.0856436082599894	0.0228263268837359	0.0343011267560672	0.0379589419005924	953.716445525881	0.191606763218138	0.248527456989247
NDRG3	betareg	8	8	0.14880635841267	0.0654226512924263	0.0229336113287499	0.0344005744654737	-0.0286650780954444	1996.75616374255	0.191901345869983	0.248909551421127
CMPK1	betareg	8	8	0.108522966870813	0.0477275942269983	0.0229780607450619	0.0351459689188817	-0.0200100395543526	1858.77661428284	0.191901345869983	0.248909551421127
SLC6A1	betareg	8	8	0.475940119828902	0.209611566838038	0.0231723319597535	0.0345260265978447	-0.0837525388025795	220.854650931953	0.192409723490914	0.249568952974592
SHANK3	betareg	8	8	0.224586210231918	0.0989186339185649	0.0231825010139843	0.0345550539480667	-0.0439540079158277	130.228630769707	0.192409723490914	0.249568952974592
TMEM131	betareg	8	8	0.332692752215498	0.146597652516438	0.0232423380595623	0.033016921678707	-0.0662565932950406	162.259917517203	0.192409723490914	0.249568952974592
ZNF268	betareg	8	8	-0.480549376724779	0.211830052949917	0.0232950412922174	0.0315382211827465	0.0385948504058432	500.188178798955	0.192409723490914	0.249568952974592
NIPSNAP3B	betareg	8	8	0.306036639026781	0.134938838485079	0.0233313055850193	0.037104834948861	-0.0607009008954026	134.181880786895	0.192409723490914	0.249568952974592
BAALC	betareg	8	8	0.100428645854567	0.0443238189641638	0.0234639950698216	0.0347139415816729	-0.0203490575345757	3379.40628038336	0.192663658391379	0.249898324412183
DYNLL2	betareg	8	8	-0.477974687466709	0.211058417253972	0.0235338043934277	0.0353680109738202	0.0813718179423802	513.764883308191	0.192663658391379	0.249898324412183
ELOA	betareg	8	8	-0.233599262476371	0.103152931132653	0.0235377522056461	0.0329174555103433	0.0272607154356465	454.598083339935	0.192663658391379	0.249898324412183
LIG3	betareg	8	8	-0.271219654553084	0.119963475005091	0.023768427355367	0.0350229105471356	0.049718436742919	228.276690716198	0.193541437594198	0.251036865815475
SH3KBP1	betareg	8	8	0.377047710095818	0.166901174772907	0.0238766933621284	0.0373354663485457	-0.0192767194375534	956.633359060238	0.193541437594198	0.251036865815475
SSX2IP	betareg	8	8	-0.217887442516226	0.0964543464102185	0.0238852719597566	0.0377897082789027	0.0380889066464932	223.514422677608	0.193541437594198	0.251036865815475
DBNL	betareg	8	8	-0.291337451932272	0.129023307320943	0.0239442948924716	0.0367859207765684	0.0486213290760469	1433.55388798407	0.193541437594198	0.251036865815475
SNX9	betareg	8	8	0.317236871106253	0.140564372584095	0.0240155963536941	0.0348444199106009	-0.0464389661319761	369.083838583651	0.193541437594198	0.251036865815475
SMCHD1	betareg	8	8	0.301435973372753	0.13358106882211	0.0240345161531496	0.0360311565911924	-0.0592157795227397	153.05407631682	0.193541437594198	0.251036865815475
ADCY5	betareg	8	8	0.176327993806242	0.0781518745532351	0.0240567193342383	0.036434573335681	-0.026752172361231	662.501958409305	0.193541437594198	0.251036865815475
MAP1LC3B	betareg	8	8	0.121799938200218	0.0540161259110148	0.0241407966762123	0.035237542135409	-0.0180992475533527	12463.0639377338	0.193744155649409	0.251299805400181
SYT6	betareg	8	8	0.268056061639181	0.11923261583205	0.0245648858539849	0.0355019524733236	-0.0531305451614845	702.833641636415	0.196668043696511	0.255092293977634
KHK	betareg	8	8	0.21762313498989	0.0968611374346911	0.0246557616311451	0.0382074542215724	-0.040753727660712	498.221884276646	0.196916485431148	0.255414540392542
KCNH8	betareg	8	8	-0.64463137792568	0.287045399684488	0.0247202105345052	0.0333172133004953	0.0981894316809883	52.701066089975	0.196953173397523	0.255462127266993
CGGBP1	betareg	8	8	0.180005312577653	0.0802926508946046	0.0249700755315688	0.0353192770953004	-0.033567906680914	2204.68100391369	0.198463380299058	0.257420971905159
TRIM36	betareg	8	8	0.184808973776217	0.0824908424668843	0.0250677260813856	0.0372852954382382	-0.0345661505259634	1314.64347464769	0.198759416431186	0.257804951603262
GABPA	betareg	8	8	0.257648569262213	0.115128408309194	0.0252260449494184	0.0363597676753309	-0.0479600981530571	144.216379311616	0.199533905825936	0.258809518856053
HCCS	betareg	8	8	0.226039720260064	0.101145089617137	0.0254300442018263	0.0354916621775473	-0.0404851480127485	323.126189606517	0.20066513855623	0.26027680732229
MTG2	betareg	8	8	0.510813613338127	0.228880661599039	0.0256288335499366	0.0396891400071082	-0.0514088397109603	426.94926030772	0.201749946370124	0.261683879404616
CD200	betareg	8	8	0.165463170670576	0.0742014265013599	0.0257528208781752	0.0380041746166421	-0.0341827462918765	3027.3963747523	0.202242140626552	0.26232228999535
ERAP1	betareg	8	8	0.752657479705257	0.337963985228184	0.02594496322259	0.0516564297085594	-0.051764277568629	114.603041866494	0.203265951936421	0.263650245319082
TMEM86A	betareg	8	8	0.405669751417718	0.182316463113769	0.0260754868372954	0.0429524751928071	-0.0635521947105994	323.921269485009	0.203779071694722	0.264315797758462
INSR	betareg	8	8	0.552094841348074	0.248366376886154	0.0262222118993926	0.0567845451145947	-0.0563125626469208	839.859116511695	0.203779071694722	0.264315797758462
STX6	betareg	8	8	0.2034988423513	0.0915546992185642	0.0262358793730885	0.0376795683046177	-0.0428148728599461	508.612789714002	0.203779071694722	0.264315797758462
STEEP1	betareg	8	8	0.229756569884377	0.103383488911512	0.0262581767220215	0.0388232633659955	-0.0467559226084713	203.173286181235	0.203779071694722	0.264315797758462
POLR1G	betareg	8	8	0.313415277405756	0.141291311913235	0.0265398050910269	0.0361282690876861	-0.0149260134882667	568.407503466268	0.205480052606288	0.266522089714125
ANKRD29	betareg	8	8	0.238853679934175	0.107776700419968	0.0266784707143509	0.036940692252943	-0.0378313488804566	336.783404811543	0.20585345466971	0.267006418470052
BHLHE41	betareg	8	8	0.503467557395671	0.227228957480717	0.026713153862866	0.0316504568696803	-0.0805622643364949	113.208309292001	0.20585345466971	0.267006418470052
DNALI1	betareg	8	8	0.323428747741981	0.146103803203836	0.0268500078355868	0.0365892231863524	-0.0433367048496234	301.196764358759	0.206424631022046	0.267747274397861
TRUB2	betareg	8	8	-0.40859304392659	0.184753531813275	0.0269972603489317	0.03650947713322	0.0126614429604075	1091.59687059194	0.207072902862472	0.268588128599628
TMEM120B	betareg	8	8	-0.155016273771044	0.0702887934107614	0.0274246727732762	0.0399107133216762	0.02729622538793	695.324699219445	0.209494935592381	0.271729675510598
PSMA5	betareg	8	8	0.31771533641952	0.144157063308737	0.0275276768186961	0.039017746066224	-0.0657559562459276	607.671773082511	0.209494935592381	0.271729675510598
IDH3A	betareg	8	8	-0.329094850740307	0.149444509213814	0.0276567819956287	0.0373451708022308	0.00631432312443906	2029.70909841307	0.209494935592381	0.271729675510598
TIMM22	betareg	8	8	-0.241268226309152	0.109574410795577	0.0276747387297407	0.0421959631646536	0.020792094698212	1382.22862261915	0.209494935592381	0.271729675510598
RPS6KL1	betareg	8	8	0.563627401342145	0.256012940443464	0.0276965277330963	0.0379632734691061	-0.0333125845987313	392.873383588115	0.209494935592381	0.271729675510598
TMEM8B	betareg	8	8	-0.288259204079003	0.131023191803179	0.0278024647097327	0.0380387529354471	0.0565290493156789	521.278048770078	0.209494935592381	0.271729675510598
AK4	betareg	8	8	0.328297252734284	0.149247178930589	0.0278290272560933	0.0393165490725045	-0.0616307286952829	358.072481034407	0.209494935592381	0.271729675510598
KREMEN1	betareg	8	8	0.407747107131435	0.18538301442255	0.0278434746193888	0.0396630391822618	-0.0841870375315405	146.291532940548	0.209494935592381	0.271729675510598
AMMECR1L	betareg	8	8	-0.205338465838575	0.0933829554730603	0.0278860351156612	0.0393816155668795	0.0390426072161944	487.553989063501	0.209494935592381	0.271729675510598
BRD4	betareg	8	8	0.350184070235073	0.159461536376133	0.0280890096167187	0.04051470071305	-0.0736629899547312	141.923153358918	0.209617142940179	0.271888187041525
FAM43B	betareg	8	8	0.157480949987853	0.0717306467058889	0.0281314320412458	0.0397643486972373	-0.0317468545361105	376.292437049355	0.209617142940179	0.271888187041525
GABRB3	betareg	8	8	0.157561461176213	0.0717779812390744	0.0281548120714575	0.0393169426405998	-0.0246049787152794	5137.50163044643	0.209617142940179	0.271888187041525
AGL	betareg	8	8	0.259999153936191	0.118445764529582	0.0281571177770276	0.0430469541443496	-0.0403404581930754	195.701292143471	0.209617142940179	0.271888187041525
SLC41A2	betareg	8	8	0.710379976458933	0.324031463690722	0.0283565604860515	0.0467407666602507	-0.0725096045275775	631.024765524337	0.21062537666666	0.273195937143268
CNP	betareg	8	8	0.220699829992873	0.100744918617485	0.0284749921215366	0.0445398021559322	-0.0269931525611243	2812.14478770233	0.21102869423271	0.273719068411528
MCL1	betareg	8	8	0.174102353556291	0.0798277447176214	0.0291852304117857	0.0391183629064802	-0.0256079928923404	1140.10813963627	0.215806233286952	0.279915872803374
ANKLE2	betareg	8	8	0.0956410713655151	0.0438825229712652	0.0292960454053487	0.0412581512217916	-0.0176709936992468	517.867511455191	0.216139932035081	0.280348703565086
MKRN1	betareg	8	8	0.0643774290000042	0.0295627993123146	0.0294321063592102	0.0415493809731031	-0.0133951321794551	1548.35380000304	0.216584281657883	0.28092505629875
ELAVL1	betareg	8	8	0.21989547158291	0.101013054322043	0.0294879159376382	0.0410817892000708	-0.0378633613940674	608.974596111353	0.216584281657883	0.28092505629875
SPPL2B	betareg	8	8	0.169366802680317	0.0778741289366883	0.0296391897892534	0.0413578040956088	-0.026365166708055	298.611057156024	0.217210520302043	0.281737331894284
RAD18	betareg	8	8	-0.701116243187507	0.322523994548085	0.0297169942905257	0.0398458412590871	0.112167396457778	69.0491421544606	0.217296752716173	0.281849181404364
DDX52	betareg	8	8	-0.286917339355766	0.132059598007778	0.0298077797157541	0.0412740850988191	0.0603049415262345	255.434455464084	0.217477311437507	0.282083378773478
BPTF	betareg	8	8	0.353507167533753	0.162917153141719	0.030017567960768	0.0431464029965854	-0.0459306218411872	194.741192005755	0.21776583775639	0.282457617715268
SEC22B	betareg	8	8	0.235891259355473	0.108719157508019	0.0300272768857757	0.0428551249397531	-0.0396747357112092	579.292980683803	0.21776583775639	0.282457617715268
CNPY2	betareg	8	8	0.311756179716573	0.143700757008424	0.0300461231925557	0.0454047106544315	-0.0344175096324853	404.97789399341	0.21776583775639	0.282457617715268
ZNF277	betareg	8	8	-0.286806545112307	0.132253422819433	0.0301120468745189	0.0394796531115182	0.0511802567693729	119.833466202226	0.21776583775639	0.282457617715268
SUB1	betareg	8	8	-0.130254684259087	0.0602314802096168	0.0305744056495156	0.0429870542053735	0.0202040909377136	3176.14794967324	0.220450608590631	0.285939954438806
ACSL6	betareg	8	8	-0.171792811187792	0.0794597082699032	0.0306172819068731	0.0434540793552038	0.0291109790512967	459.393818530335	0.220450608590631	0.285939954438806
BRWD3	betareg	8	8	0.516283153658591	0.239098788660345	0.0308278277790604	0.0437556271381637	-0.082602255285126	51.5546074077544	0.221319327929822	0.287066744561349
BRI3BP	betareg	8	8	0.359861237231376	0.16670176591383	0.0308724544877364	0.0422412621075815	-0.0718960008102014	492.036380727486	0.221319327929822	0.287066744561349
ETF1	betareg	8	8	0.258365225207184	0.119803483532712	0.03103877615762	0.0430124965258423	-0.0497705669175271	580.158270396047	0.221689006082909	0.287546243143486
GLIPR2	betareg	8	8	-0.10551732686653	0.0489427409737749	0.0310888070779193	0.0430042488153541	0.0209861487271435	302.056281413433	0.221689006082909	0.287546243143486
RPL32	betareg	8	8	0.326996830167401	0.151706541377429	0.0311261397217176	0.0425185168510182	-0.0172572587372983	1746.88361736632	0.221689006082909	0.287546243143486
TOB2	betareg	8	8	0.315254303616145	0.146353869133875	0.0312358482203583	0.0427389721685265	-0.0646531967439463	285.115008996265	0.22198988287757	0.287936501521575
NT5DC3	betareg	8	8	-0.556217594142078	0.258707460525224	0.0315562684115312	0.0613512138056163	0.0208742148327549	732.94570233394	0.223540297886889	0.289947498905343
RNF180	betareg	8	8	0.299291009151627	0.139233483821366	0.0315898751150385	0.0454922247746385	-0.0532824639331436	200.607794329899	0.223540297886889	0.289947498905343
SCO1	betareg	8	8	-0.431490213748625	0.200943605591025	0.0317678183882395	0.0373647510972323	0.0501387438903166	415.472000832925	0.22360106782652	0.290026321793973
FRA10AC1	betareg	8	8	0.38207694677346	0.178018276272653	0.0318506996683878	0.0444099834247596	-0.0746074989195451	74.9408599434686	0.22360106782652	0.290026321793973
DPY19L2	betareg	8	8	-0.583504352599637	0.271966598598803	0.031912886928082	0.0433984395130802	0.106931460699757	58.1908854503865	0.22360106782652	0.290026321793973
RALB	betareg	8	8	0.0736923029302268	0.0343478689906717	0.0319153330180481	0.0441887761773518	-0.0154317841061523	1045.39479771888	0.22360106782652	0.290026321793973
ELP1	betareg	8	7	0.336495179630964	0.156860839010344	0.031938231312832	0.0398824179281905	-0.0127340960570223	744.716384467632	0.22360106782652	0.290026321793973
DCAF11	betareg	8	8	-0.188901454306049	0.0882997895619367	0.0324098082204771	0.0440292629518761	0.0315572970894169	836.591689375143	0.226420853561561	0.293683782346064
KLF3	betareg	8	8	0.209422647410571	0.098107845696884	0.0327923308813668	0.0421744509852569	-0.0280889323902178	286.633424951812	0.228607859893639	0.296520483478122
FBLIM1	betareg	8	8	0.218773786374476	0.102535702632728	0.0328726526568495	0.0440669367248217	-0.0451402284219815	246.638539520677	0.228683315111376	0.296618354205991
PXK	betareg	8	8	0.163678699665597	0.0767897577112699	0.0330465459255413	0.0442306964400045	-0.0324023902957643	226.497171909649	0.229408022144801	0.297558350232511
PTPN3	betareg	8	8	-0.300318066192406	0.141190612543969	0.0334167682398076	0.0446082252416357	0.0594066712022523	405.165779715027	0.231120394515742	0.299779417712702
STT3B	betareg	8	8	0.143070336531851	0.0672690895641602	0.0334336932594297	0.045933272611998	-0.0286071941913238	968.568400581601	0.231120394515742	0.299779417712702
ARRB1	betareg	8	8	-0.388959061124117	0.183021274134532	0.033568902995134	0.0492436509753934	0.0217177041431504	1762.39403221309	0.231152909792011	0.299821592314416
NFX1	betareg	8	8	0.169890128118417	0.0799448152223333	0.0335788943594871	0.0459960082215374	-0.035224141938222	160.191611374742	0.231152909792011	0.299821592314416
GPR180	betareg	8	8	0.303681355599397	0.14297211215527	0.0336651202624167	0.0499274194577103	-0.0446913973687564	270.24730765667	0.231238510082385	0.299932621915495
DNAJC15	betareg	8	8	0.145242790620876	0.0684226380411359	0.0337764784711376	0.0460268987368693	-0.0300027798603772	480.298295378606	0.231238510082385	0.299932621915495
PHTF2	betareg	8	8	0.430582707647617	0.202873092087157	0.0338021535007857	0.0369825541669569	-0.0178899221710555	319.710451048898	0.231238510082385	0.299932621915495
PPP2R2C	betareg	8	8	0.267961580512561	0.126323680486059	0.0339024519852011	0.0430117073441726	-0.0500250706397909	653.760309928469	0.231443474549739	0.300198475254852
ARFIP2	betareg	8	8	-0.249660955019143	0.118145276207764	0.0345862912264218	0.0475805289246537	0.0167071605343007	870.708427058305	0.235623027827571	0.305619650009044
FLVCR1	betareg	8	8	-0.177572031279476	0.0841357111637362	0.0348116165245148	0.0466236499785872	0.0324169380167933	509.416857377047	0.23621761990413	0.306390877779145
KCNJ3	betareg	8	8	0.305859268255699	0.14492412094399	0.0348171452021756	0.0484333999106282	-0.0609435076093658	183.922340978902	0.23621761990413	0.306390877779145
PIGM	betareg	8	8	-0.352337237287311	0.167172469688996	0.0350632524867599	0.0481845920210794	0.0210731226035522	892.131315007078	0.237185826172063	0.307646709450058
COPS2	betareg	8	8	0.24596014382762	0.116758645820122	0.0351549561810968	0.0503071931162982	-0.0424575022985858	521.415525882193	0.237185826172063	0.307646709450058
VMA21	betareg	8	8	0.238269687138389	0.113167300767192	0.0352509306235481	0.046913219653671	-0.0148605118302125	1913.88735089025	0.237185826172063	0.307646709450058
ARMC9	betareg	8	8	0.385389437836064	0.1830627860162	0.03527121179234	0.0447116404389213	-0.0424993310701429	232.573045869012	0.237185826172063	0.307646709450058
SV2B	betareg	8	8	-0.439221401101086	0.20868921470525	0.0353202642058408	0.0429348015302069	0.0253642421666917	1458.26567169941	0.237185826172063	0.307646709450058
AFAP1L2	betareg	8	8	0.227238280051217	0.108198657473249	0.0357116905318273	0.0469416138017923	-0.0436877257586809	230.598681390301	0.237861851471425	0.308523561841325
DSCAM	betareg	8	8	-0.46827029878659	0.223034651757229	0.0357692758253466	0.0518467334266436	0.0476501277904095	132.706561020508	0.237861851471425	0.308523561841325
ITPRIPL2	betareg	8	8	0.512217088297903	0.244087082949753	0.0358608752758286	0.0480096548530679	-0.108917938889786	86.615821791758	0.237861851471425	0.308523561841325
RDH10	betareg	8	8	-0.34818244335048	0.165990923856221	0.0359405582360194	0.0498262083328008	0.0460470994762157	179.922958034691	0.237861851471425	0.308523561841325
KATNBL1	betareg	8	8	0.232130966142147	0.110687713567569	0.0359785180628622	0.0468410913391549	-0.0453656154906979	185.075679891649	0.237861851471425	0.308523561841325
PAQR3	betareg	8	8	0.178889663865064	0.0853030081574266	0.0359839713210123	0.0527657985618944	-0.0247466435070132	1125.96497726796	0.237861851471425	0.308523561841325
GTF2A1	betareg	8	8	-0.267668643773505	0.1276370072935	0.035983978052932	0.0495764791794297	0.0551584463583648	252.567257624116	0.237861851471425	0.308523561841325
PGAP6	betareg	8	8	0.338969810505312	0.161703632886176	0.0360608036633004	0.049369711470745	-0.0592865874329094	437.476260331698	0.237861851471425	0.308523561841325
SLC25A40	betareg	8	8	0.365203442033574	0.174228285155552	0.0360715223427417	0.0509805222042627	-0.0148473689856931	309.245452769567	0.237861851471425	0.308523561841325
KANTR	betareg	8	8	0.26576285210358	0.126849190930232	0.036161324713424	0.0483366840622801	-0.053025215072049	333.339940166386	0.237919089163912	0.308597803156813
TENT5A	betareg	8	8	-0.332663892717126	0.15896046442366	0.0363718252250469	0.0472886741334361	0.0650929823344928	252.894894487605	0.237919089163912	0.308597803156813
ZNF445	betareg	8	8	-0.480859517305442	0.229830388724893	0.0364173691027541	0.0434699111492816	0.0767412281556081	839.771210606747	0.237919089163912	0.308597803156813
TAP2	betareg	8	8	0.715529105506545	0.342180445396159	0.0365202594265315	0.0715620263941906	-0.0798234375024064	94.7926343503221	0.237919089163912	0.308597803156813
DCLRE1B	betareg	8	8	0.225318683911988	0.107759203970399	0.036532898756536	0.0493510854751631	-0.0464732766727384	211.62791808629	0.237919089163912	0.308597803156813
ZNF280B	betareg	8	8	0.599381535853811	0.28665700623674	0.0365337758463047	0.0559025120226548	-0.0536241638074975	544.075551202285	0.237919089163912	0.308597803156813
ABHD13	betareg	8	8	0.32059698126523	0.15337904661029	0.0365974385185791	0.055868419648832	-0.0422009017149343	524.314449752642	0.237919089163912	0.308597803156813
KDM5A	betareg	8	8	0.549319411917317	0.262929612085305	0.0366873737034302	0.0693457496753378	-0.0588583823764857	141.067241076017	0.237919089163912	0.308597803156813
PDE10A	betareg	8	8	-0.329244071002297	0.157627921390275	0.036730947517259	0.0485655428836645	0.066214528447176	247.134525131483	0.237919089163912	0.308597803156813
NKAPD1	betareg	8	8	0.208796210218806	0.100035570922759	0.036868283220619	0.0475256939073068	-0.0278596023875352	984.854680982272	0.238339487936465	0.309143089952067
MKKS	betareg	8	8	0.377981932521401	0.181355791039459	0.0371418820833886	0.049952076847087	-0.0233025152987393	614.024190622438	0.239637400570423	0.310826573984123
PAQR8	betareg	8	8	-0.143563976605694	0.0690674007374721	0.0376534951104434	0.0491541105899055	0.0172839377318084	1006.41058987662	0.24217741106594	0.314121146360247
GPATCH11	betareg	8	8	-0.218667301288119	0.105222555133476	0.0376963784157608	0.0551540773685459	0.0195675276662344	374.03508825261	0.24217741106594	0.314121146360247
MDH2	betareg	8	8	0.210537874244225	0.101357042860143	0.0377839915244891	0.0527419008085463	-0.0358717732467428	2653.63154454209	0.24217741106594	0.314121146360247
ZNF365	betareg	8	8	0.215486474502557	0.103859443905747	0.0380060563511834	0.0513706931894502	-0.0415229133319621	256.503508706199	0.24217741106594	0.314121146360247
MARCHF7	betareg	8	8	-0.425406273837828	0.205081524749688	0.0380488931365096	0.0536723422545265	0.0301414192602663	551.627315122775	0.24217741106594	0.314121146360247
KCTD15	betareg	8	8	0.201743574475712	0.0972575590832507	0.0380493396037517	0.0528681820516851	-0.0187995366441025	202.58795174597	0.24217741106594	0.314121146360247
ZNF8	betareg	8	8	0.405591407299116	0.195530989616034	0.0380507574199268	0.052686669109459	-0.0774971868713528	324.008952004352	0.24217741106594	0.314121146360247
PALM2AKAP2	betareg	8	8	0.237882883786762	0.114729898241398	0.0381335186840801	0.0533561327077312	-0.0298941312322741	587.549443778157	0.242235611616762	0.31419663657076
CCDC169	betareg	8	8	0.480500001348168	0.231873120892206	0.0382417602135647	0.0507218085564419	-0.0940617462379587	76.1093880214915	0.242455134352387	0.314481373008659
GET4	betareg	8	8	0.107919467865946	0.0521058223329062	0.0383438948988548	0.0511527092259627	-0.0225615458996365	692.818367687732	0.242635169455656	0.314714891208293
PLAGL2	betareg	8	8	0.477671499264848	0.230777244659021	0.0384675221056746	0.0492016271009678	-0.0729123963588574	161.448635325168	0.242950254280279	0.315123578401189
RNF214	betareg	8	8	-0.228979684319624	0.11074559979126	0.0386758826816106	0.0525758202838658	0.0302523183131079	378.138256820715	0.243798259263511	0.316223500546195
UGGT1	betareg	8	8	-0.341414774317767	0.165389123214538	0.0389881310323906	0.052571735941028	0.0681989676592823	249.217518616409	0.245296638827309	0.31816700429492
SUPT16H	betareg	8	8	0.103137445588933	0.0500191988873031	0.0392118141932957	0.0518357227094101	-0.0200452702975012	832.841174208731	0.246202221423045	0.319341608655601
LRRC27	betareg	8	8	0.718775054503538	0.34871279796799	0.0392817114677111	0.0595184479484016	-0.110176021210576	129.784840282526	0.246202221423045	0.319341608655601
ANKRD46	betareg	8	8	0.175395699445964	0.0851594789984746	0.0394354070304442	0.0527328622882914	-0.0368290516977761	2298.90295603133	0.246695627949798	0.319981591646266
ZNF138	betareg	8	8	0.162764875375968	0.0794085076158099	0.0403921690023472	0.0530916961884958	-0.0337962967649726	219.72014694712	0.251419713627973	0.326109063247357
SMU1	betareg	8	8	-0.207919599253897	0.10145650625219	0.0404281837799849	0.0532006685889104	0.0432937599354818	530.974335111842	0.251419713627973	0.326109063247357
NUDCD3	betareg	8	8	-0.252796316296651	0.123367814570191	0.0404497006912074	0.0559438773807905	0.00632484888009937	6161.62260269123	0.251419713627973	0.326109063247357
RRAGD	betareg	8	8	0.289363675091825	0.141377244215577	0.0406827758480001	0.0534370506877303	-0.049662343721854	175.283601837692	0.251419713627973	0.326109063247357
MMD	betareg	8	8	0.184514586867305	0.0901538378300868	0.0406911161972699	0.0517959449185389	-0.0311304350596268	2153.04409955181	0.251419713627973	0.326109063247357
ZNF20	betareg	8	8	0.614610806963901	0.300392962575733	0.0407541417315681	0.100087474999903	-0.0235708002772186	153.585566817532	0.251419713627973	0.326109063247357
RGS16	betareg	8	8	-0.323786804919027	0.158286807813362	0.0407986585906245	0.0524530986203037	0.0624795844432157	253.207969875252	0.251419713627973	0.326109063247357
EIF3M	betareg	8	8	0.231589547915356	0.113216931910778	0.0408018368730292	0.0534984581985498	-0.0484626695476317	387.01363979166	0.251419713627973	0.326109063247357
LARP1B	betareg	8	8	0.607742737387124	0.297313254067541	0.0409421029125968	0.0498999356330583	-0.10429287291603	50.487968988626	0.251812469888308	0.32661849575881
DYRK2	betareg	8	8	0.191641149346936	0.0938697803755479	0.0411948151793154	0.0533189474808769	-0.0365540852027269	741.735427377438	0.252849744595345	0.32796391405621
DMAC1	betareg	8	8	0.296398272060961	0.145246848735612	0.0412854297993439	0.0552039954480345	-0.0513995139588869	1110.55715452415	0.252849744595345	0.32796391405621
TAF1	betareg	8	8	0.816948559494806	0.400464424978559	0.041350044057401	0.0519004496821427	-0.101819812112919	69.103750189255	0.252849744595345	0.32796391405621
LSM5	betareg	8	8	0.263576984690535	0.129275017019553	0.0414614355571971	0.0538514326522339	-0.0462941771949275	467.497786174439	0.252849744595345	0.32796391405621
PRSS23	betareg	8	8	0.395129645247184	0.193828778688564	0.0414949656959591	0.0597878547243757	-0.0542949208400882	504.556227745469	0.252849744595345	0.32796391405621
KIAA0895	betareg	8	8	0.100306890596814	0.0492721205916801	0.0417730776821795	0.0557316853089923	-0.0116463519416394	691.786245528362	0.254073913882395	0.329551747777342
GREM2	betareg	8	8	0.425655783789227	0.209370668548467	0.0420500067865933	0.062778246322399	-0.0758702365385407	152.157457146667	0.254876807776053	0.330593157664299
IGLON5	betareg	8	8	0.274998733954635	0.135343999938546	0.0421688229128615	0.0638324661739304	-0.0278398920838726	560.370649361469	0.254876807776053	0.330593157664299
AMIGO1	betareg	8	8	0.239251172113168	0.117753389312992	0.0421740485153679	0.0551167526730465	-0.0485629015642498	906.594730298852	0.254876807776053	0.330593157664299
YAF2	betareg	8	8	-0.31478632992758	0.154985462986876	0.0422478905164775	0.0499786193091635	0.0520690659541824	277.097309261238	0.254876807776053	0.330593157664299
ALG1	betareg	8	8	-0.190925527241209	0.0940227289653758	0.0422923767771104	0.0526489992079657	0.0283056718773501	427.760996083712	0.254876807776053	0.330593157664299
POLR1A	betareg	8	8	-0.372062997309247	0.183332464218363	0.0424130719384338	0.0592990036109436	0.0676197638660987	241.00672375216	0.25498753771149	0.330736782183624
HEY1	betareg	8	8	0.273034898795673	0.134571086232424	0.0424657349195468	0.0558377250942434	-0.0578039829833911	437.218294787379	0.25498753771149	0.330736782183624
TFB1M	betareg	8	8	0.297725534423814	0.147046322743932	0.0428975883764133	0.0556092851299261	-0.062285203375405	134.025007320039	0.257111440999839	0.333491634226834
ZBTB37	betareg	8	8	0.511019829857051	0.252688614175042	0.043142244894597	0.055872104608435	-0.084410236001655	215.277402552271	0.257867797488042	0.334472681823659
BCLAF3	betareg	8	8	-0.276746476012147	0.136915732135565	0.0432496964522879	0.0619014826813462	0.0392936166370551	255.007885847886	0.257867797488042	0.334472681823659
F7	betareg	6	7	-0.459879910451038	0.227527959952161	0.043258884809433	0.0585135137365118	0.0373389794199839	85.8089626115199	0.257867797488042	0.334472681823659
RBM7	betareg	8	8	-0.248092498103011	0.12296722390378	0.0436381694485607	0.0587715327331479	0.0286836074493354	415.842129018491	0.259658331591796	0.336795130572255
PRKACB	betareg	8	8	0.158536649169899	0.0786389124752163	0.0437991758096869	0.0554138323327743	-0.0102817574373795	5508.25234051575	0.260133765136275	0.337411801339989
NOL4	betareg	8	8	-0.285493754446158	0.141665139877028	0.0438761831639395	0.0554719942412794	0.042022946076953	205.717909336852	0.260133765136275	0.337411801339989
MAP2K7	betareg	8	8	0.364264037165905	0.180977722096146	0.0441402809405093	0.0571906939281461	-0.0717681723094807	51.1515264331953	0.260874073088773	0.338372032856523
TRPM7	betareg	8	8	-0.545606035832772	0.271098809077083	0.044159611598192	0.0528081452418943	0.0837009150370145	76.291870350431	0.260874073088773	0.338372032856523
IKZF5	betareg	8	8	0.178895914239326	0.0889576155907372	0.044322904774622	0.0614004646700765	-0.0274200386704629	433.320498309432	0.261369486806826	0.339014619315567
HNRNPC	betareg	8	8	0.288305767098087	0.143457837156961	0.0444640190861962	0.0666646256874683	-0.0384438184695828	2081.49065860344	0.261732574568085	0.33948556969568
PRMT9	betareg	8	8	0.357605199630834	0.178060878067264	0.0446081188573884	0.0575536117673302	-0.0674008860823523	55.245314161547	0.262111907786746	0.339977591577382
PLXDC1	betareg	8	8	0.493417756612244	0.245919638001768	0.0448115964596122	0.0567397170912785	-0.0806182855221056	128.205685512981	0.262838163688165	0.340919596594697
GPALPP1	betareg	8	8	0.255019523126836	0.12721677003054	0.0450051656770627	0.058310240564528	-0.0485082517304211	110.419932370653	0.26350382176951	0.341783001974562
RIPOR2	betareg	8	8	0.465846483467134	0.232522682369252	0.0451295094489473	0.0545824806587097	-0.0891521517876412	96.3772845024048	0.263762522290097	0.342118554756851
CCNC	betareg	8	8	0.236578761270443	0.118402410447232	0.0457068222343802	0.0575740795458353	-0.0344790686196341	612.317734018687	0.26666302000413	0.345880704426126
MCM4	betareg	8	8	0.242878944010961	0.121609585342493	0.0458032109080268	0.0590941165973375	-0.0493840651491526	261.774336085327	0.2667524061305	0.345996644522935
ILF3	betareg	8	8	-0.212233980323845	0.106313035934335	0.0458999819534996	0.0609018739576909	0.0318483734085424	576.502357289316	0.266843699358053	0.346115058264198
OSTM1	betareg	8	8	0.17417320751195	0.0873183462008573	0.0460764813400487	0.0540478167261482	-0.0194362732922726	1215.15887469831	0.267397361016164	0.346833196400931
IPPK	betareg	8	8	0.253741044125201	0.127458842883335	0.0465063485382707	0.0601258632174756	-0.0367530962458015	244.704349150157	0.269416863328433	0.349452633030527
SATB1	betareg	8	8	0.303650584332159	0.152704250648312	0.0467577344697877	0.0614445044629337	-0.0471290642121816	440.314326945073	0.270397120956379	0.35072409616354
BCL2L13	betareg	8	8	0.167311383822856	0.0842356022551746	0.0470076547298008	0.0601989560326251	-0.0336972602682091	881.193736225635	0.270421199784479	0.35075532809823
NMT1	betareg	8	8	0.112218068486299	0.0565051714530548	0.0470356860282728	0.0607323746927143	-0.0111655233062153	1184.7757753208	0.270421199784479	0.35075532809823
GALNT10	betareg	8	8	-0.268981341303599	0.135449760863194	0.0470512663879109	0.059613327338879	0.0560107868844469	277.041303673101	0.270421199784479	0.35075532809823
PPP2R3A	betareg	8	8	0.240816800421532	0.121288702770303	0.0470906286317446	0.0589204864054	-0.0463186788885055	273.610980204715	0.270421199784479	0.35075532809823
CCDC85A	betareg	8	8	0.225875949977811	0.11386592082333	0.0472891732387265	0.0558647298403195	-0.0293378378969577	1279.00487424653	0.270868800034728	0.351335897124467
TENM3	betareg	8	8	0.194225881054773	0.0979722310519224	0.0474279490587637	0.0592103560243365	-0.0343833889004237	709.43492496243	0.270868800034728	0.351335897124467
UBE2W	betareg	8	8	0.275343132734325	0.13892482772521	0.0474839745797059	0.0609333155718039	-0.0571822128442865	813.031806895323	0.270868800034728	0.351335897124467
RPS15A	betareg	8	8	0.402722642743428	0.20320707357599	0.0474978473853837	0.0601364609854178	-0.0757414317292206	533.750705800279	0.270868800034728	0.351335897124467
C6orf89	betareg	8	8	0.14018886856183	0.0708087179563424	0.0477231985171181	0.0588674718238815	-0.010816037726565	1370.62398975512	0.271086603652011	0.351618403744888
CNTNAP4	betareg	8	8	0.262039808098281	0.132368753186905	0.04774626354913	0.0666503652416209	-0.0325350665540773	356.340933917636	0.271086603652011	0.351618403744888
MLX	betareg	8	8	0.101182291712974	0.051147000724767	0.0478988847563688	0.0611322815988686	-0.0211483004067488	505.7204536733	0.271086603652011	0.351618403744888
ARRDC3	betareg	8	8	0.133229564322349	0.0673571702401994	0.0479335947178913	0.0612537118034724	-0.027223888932786	491.534523991452	0.271086603652011	0.351618403744888
CCNYL1	betareg	8	8	0.261872510345566	0.132462712329465	0.0480469825101552	0.0613586014778606	-0.0489513751403021	128.17788711171	0.271086603652011	0.351618403744888
SLC2A4RG	betareg	8	8	0.564041450033788	0.285359043599325	0.0480865591118737	0.0707580784380428	-0.0894865430163636	72.7063169624527	0.271086603652011	0.351618403744888
PARD6B	betareg	8	8	0.335731470715042	0.169872666113847	0.0481127337832742	0.0650911569282054	-0.0617477337575444	245.995309830335	0.271086603652011	0.351618403744888
FOXN3	betareg	8	8	-0.263077446301614	0.133186191691211	0.0482385740004575	0.0587952496039701	0.0438578610363699	724.480488826623	0.271149604369923	0.351700120109949
ZNF616	betareg	8	8	0.353000298851974	0.178814447978161	0.0483686586504089	0.0737508244191657	-0.0419623049615566	214.465394001132	0.271149604369923	0.351700120109949
DUSP19	betareg	8	8	0.301709179618076	0.152834300661363	0.0483711271097797	0.0617016703522794	-0.0528311801631971	55.8725316323354	0.271149604369923	0.351700120109949
CDIN1	betareg	8	8	0.177542439263777	0.089992792057358	0.048512452697891	0.0601253141847856	-0.0347524406713998	321.969879756478	0.271479334207991	0.352127802915984
ILRUN	betareg	8	8	-0.151076645226852	0.0767361471740189	0.0489782799919525	0.0624621699689883	0.0295176292369826	428.372522818703	0.273620797291214	0.354905431248987
ZNF670	betareg	8	8	0.231870498762312	0.117863665497497	0.0491512651094203	0.0642923247489006	-0.0482460443399173	148.766670927455	0.274121789472774	0.355555253367807
ATP6V1G2	betareg	8	8	0.097284769361738	0.0495043020841611	0.0493936299718844	0.0626397905665431	-0.0196849878814889	4949.19921122716	0.275007369686918	0.356703913231815
SAMD12	betareg	8	8	0.589773401852687	0.300262398258329	0.0495076752845884	0.0663518955141638	-0.0951087246313929	202.660102100858	0.275176724155312	0.356923577896323
GRIK4	betareg	8	8	0.30425728397142	0.155038006806899	0.0497079049939932	0.0605603201737573	-0.054239189025516	80.7482003874466	0.275823735248486	0.357762796820173
FAM169A	betareg	8	8	0.192596327553485	0.0982157206108622	0.0498846061221574	0.0629830053147981	-0.0340031485267876	1078.04321510419	0.275858810027319	0.357808291276849
HAUS5	betareg	8	8	0.552874268151185	0.282040601679011	0.0499648461353993	0.0744813744790955	-0.0486345109410783	97.0355783105097	0.275858810027319	0.357808291276849
FHDC1	betareg	8	8	0.420736797365066	0.214633461966751	0.0499657313966733	0.0658253148916893	-0.0695132227596196	164.110843285736	0.275858810027319	0.357808291276849
MEF2D	betareg	8	8	0.403474785033567	0.205903089653187	0.0500498956924149	0.0640629473881027	-0.0669679528791688	297.673978833328	0.275860624350435	0.357810644581619
SEMA3D	betareg	8	8	0.317462457205359	0.162103157635856	0.050183360018559	0.0635415914441924	-0.0339322421708395	576.656612378703	0.276133705794258	0.358164850433461
SPTLC2	betareg	8	8	0.171114788960766	0.0874504802468609	0.0503821657336645	0.0669862078893441	-0.0104197367720676	1360.24386902683	0.276764815901837	0.3589834446599
JKAMP	betareg	8	8	0.154681319912613	0.0791376983978017	0.0506321303970388	0.066351213759522	-0.0126888614781614	1435.7502116549	0.277674385845091	0.360163220890936
ATP6V1B2	betareg	8	8	0.0816986713085007	0.0418142700898001	0.0507193560925829	0.0637611964731514	-0.0132767970650452	6118.96942443308	0.277689928419693	0.360183380704067
RAB15	betareg	8	8	0.0716303109161091	0.03670298374726	0.0509832276038548	0.0647380776716304	-0.0106000678391142	6829.72069071689	0.27858337287206	0.361342241038528
TSPAN33	betareg	8	7	0.632261668016881	0.324063332275562	0.0510518677006167	0.0820424895526739	-0.00843677482771686	317.73230433301	0.27858337287206	0.361342241038528
CPLX1	betareg	8	8	-0.172081883882809	0.0882904658755502	0.0512903311744269	0.0653501576046241	0.0275504458612321	733.715026184113	0.279421251736497	0.362429028894791
GNAI1	betareg	8	8	-0.0996039301575729	0.0512017519601896	0.0517361522099744	0.0653491061552726	0.0175574393137692	2385.23781292415	0.281014325591254	0.364495357803381
PHB	betareg	8	8	0.213873845705953	0.109950783597433	0.0517535583010424	0.0666357247784276	-0.0367401552786805	1407.02244677484	0.281014325591254	0.364495357803381
CFL2	betareg	8	8	0.13935167833871	0.0716689230895754	0.0518495468921717	0.0622879693201034	-0.0155972933924352	2288.35022756227	0.281071715026837	0.364569795940344
C22orf39	betareg	8	8	0.216459729833168	0.111475241087487	0.0521644602582954	0.0707442874121869	-0.01940712729348	1394.29815145887	0.282048667261586	0.36583697174575
BAG4	betareg	8	8	0.231272363158006	0.119122246849738	0.0522011986394475	0.0622871027878548	-0.0326031265918337	660.656697750206	0.282048667261586	0.36583697174575
ARHGAP23	betareg	8	8	0.170292215438151	0.0878262098846362	0.0525052279922609	0.0658118807068345	-0.0341572226126856	326.491281630756	0.28270801981412	0.366692198410969
RNFT2	betareg	8	8	0.143789648423451	0.0741662297292833	0.0525319997650673	0.0641174781060751	-0.0237379935998265	814.071220201918	0.28270801981412	0.366692198410969
LAPTM4B	betareg	8	8	0.0614480971814912	0.0317112103693447	0.0526548880684096	0.0661497680482288	-0.0125257254474055	1656.49578069491	0.28270801981412	0.366692198410969
CHML	betareg	8	8	0.198733999445124	0.102564862288458	0.0526668972881734	0.0698839218399311	-0.0277726673419449	649.213262267252	0.28270801981412	0.366692198410969
PLPBP	betareg	8	8	0.294616127602988	0.152255836853318	0.0529894225900275	0.0677366119413183	-0.0393454023326821	644.199625056915	0.283976031180475	0.368336898394523
WIZ	betareg	8	8	0.283498342904986	0.146618503034169	0.0531650082939313	0.0816744775746989	-0.0172514510606511	435.635213252276	0.284328403189736	0.36879394969013
SEC62	betareg	8	8	-0.264495025827028	0.136826648645983	0.0532279927387816	0.06694621432868	0.0144048045615258	1498.16858128879	0.284328403189736	0.36879394969013
THY1	betareg	8	8	0.565749438748417	0.293034509332988	0.0535253520802644	0.084658454214293	-0.00219660434357739	12470.0705360977	0.285219982006928	0.369950390164467
NCOA2	betareg	8	8	0.299401938650761	0.155153527805856	0.0536422812107382	0.0671708267062229	-0.0446366701279282	629.877124598792	0.285219982006928	0.369950390164467
RALYL	betareg	8	8	0.16353763431238	0.0847839964910763	0.0537465240657329	0.0636456077233228	-0.028767553646431	798.841017610234	0.285219982006928	0.369950390164467
STXBP5L	betareg	8	8	0.364476153331412	0.189005740078874	0.053807046243152	0.0680454035254941	-0.0552177326455868	105.770678155435	0.285219982006928	0.369950390164467
PELI1	betareg	8	8	0.187911220528265	0.0974534230157692	0.0538283018491411	0.0687149949640896	-0.0347097981344037	631.186092185855	0.285219982006928	0.369950390164467
FRAT2	betareg	8	8	0.151144340131995	0.0784972576343632	0.0541702265782244	0.0677349345293809	-0.031438055359904	329.667664117252	0.286260762034127	0.371300355108818
DCUN1D2	betareg	8	8	-0.12109659333711	0.0628993162410741	0.0541987163150875	0.0677411347897727	0.0253927114740151	365.985185404645	0.286260762034127	0.371300355108818
GNB4	betareg	8	8	0.201260356765266	0.104694090195509	0.0545597237773312	0.0709066150068512	-0.0216228157866878	469.256742415618	0.287232687837016	0.372561011278345
RAB5C	betareg	8	8	0.125213595951638	0.0651521827401307	0.0546229472254108	0.0681736503489489	-0.0242122630578559	605.186622472483	0.287232687837016	0.372561011278345
SDC2	betareg	8	8	-0.189630414863317	0.0986789149586839	0.0546446094330469	0.0663617731085089	0.0250106536571368	479.544602174561	0.287232687837016	0.372561011278345
ZNF254	betareg	8	8	0.196756926596282	0.102474283556531	0.0548501316100991	0.0693200682865666	-0.0286744695563311	391.187600839803	0.287853160625255	0.373365808152955
FAM171B	betareg	8	8	0.512233988319427	0.267288429981677	0.0553130392459573	0.0675130937227172	-0.0738619470327734	1793.87249632909	0.289634741158622	0.375676643490617
FAM76B	betareg	8	8	0.256777056854147	0.134017559534272	0.0553656534104025	0.0693494737076824	-0.0473608289823175	142.465163056229	0.289634741158622	0.375676643490617
FAM107B	betareg	8	8	0.129328711621887	0.067539614830656	0.0555107289436373	0.068072925977498	-0.018846884231772	1089.39078054929	0.289932733497156	0.376063160526102
HEBP2	betareg	8	7	-0.530970555625339	0.277795779994447	0.0559570326942233	0.0585668448244234	0.0117170068263583	609.680550364522	0.291639325536583	0.378276730509505
ATG7	betareg	8	8	0.231712850501252	0.121257159537784	0.0560147361016887	0.0736600643444249	-0.0171390865056114	720.892510537093	0.291639325536583	0.378276730509505
FGF12	betareg	8	8	0.0990184939957576	0.0518578132625477	0.0562075644298309	0.0699302819809543	-0.0204295470380746	1118.06020584227	0.292180969753577	0.378979281179334
P4HA2	betareg	8	8	0.251059382189956	0.131647357381965	0.0565128449904109	0.0763646506385749	-0.031124675069085	311.765189726425	0.293100831594193	0.380172406725583
ST7L	betareg	8	8	0.183997212377825	0.0965500923040106	0.0566868516381204	0.0727197184148886	-0.0274184740015046	135.883289506516	0.293100831594193	0.380172406725583
DYNC1H1	betareg	8	8	0.240310207171724	0.126106480166113	0.0567003732983512	0.0699614990479787	-0.0407584750655895	1515.80436596208	0.293100831594193	0.380172406725583
MCTS1	betareg	8	8	0.247653765579831	0.130031835228734	0.056836956684348	0.0711813980980163	-0.0498353922341141	643.870359689071	0.293100831594193	0.380172406725583
PRORP	betareg	8	8	0.260592392540947	0.136933283163756	0.0570325844333751	0.0775033400318378	-0.0435964019252228	262.747998805518	0.293100831594193	0.380172406725583
MTSS1	betareg	8	8	0.163230986062906	0.0857903173404108	0.0570831273200132	0.0700893504508684	-0.0292260474389364	1110.22434580351	0.293100831594193	0.380172406725583
CREBRF	betareg	8	8	-0.264466526618447	0.139005907678917	0.0570985023689776	0.0701372089242568	0.050330028724147	136.362189273426	0.293100831594193	0.380172406725583
PDE4DIP	betareg	8	8	0.14653978363758	0.0770297981703402	0.0571217715731992	0.0699064752912018	-0.0291904548530723	425.983352444101	0.293100831594193	0.380172406725583
NOL12	betareg	8	8	-0.132003222970221	0.0694311968469407	0.0572746301897913	0.0719453863396976	0.0269322970665662	349.59495165302	0.293100831594193	0.380172406725583
PSENEN	betareg	8	8	0.231657927242463	0.121884676467177	0.0573502193674073	0.0700240227712616	-0.0088603032186452	1762.64470190081	0.293100831594193	0.380172406725583
MAL2	betareg	8	8	0.132334769792445	0.0696477052820139	0.0574253386985057	0.0714348147083121	-0.0173576585963889	704.778297383521	0.293100831594193	0.380172406725583
AMFR	betareg	8	8	0.119684892232223	0.0629971771337539	0.0574534213537959	0.0701649101525589	-0.0229606113220622	1376.93664293105	0.293100831594193	0.380172406725583
HDAC11	betareg	8	8	0.123931030454237	0.0653375450678485	0.0578568148714469	0.0716666263454058	-0.0250472516953801	560.84281736617	0.294701856985294	0.382249049336432
DGAT1	betareg	8	8	0.165822603709401	0.0876167754065677	0.058412459089292	0.0723851828276642	-0.0348352781768282	641.497345412848	0.297072245119455	0.385323609572022
JDP2	betareg	8	8	0.264833806451247	0.140128981930256	0.0587674757321746	0.0701802703204348	-0.0519072004946034	138.022853754473	0.298374948378043	0.387013307381383
RPS6KB1	betareg	8	8	0.2035163927232	0.1077321537571	0.0588789514306894	0.0727783610602816	-0.0415064045785603	361.485992015513	0.298374948378043	0.387013307381383
ONECUT3	betareg	8	8	0.408567896701363	0.216329630906469	0.0589406395965086	0.0889029578322927	-0.016600578981977	1336.13083669731	0.298374948378043	0.387013307381383
LAMC1	betareg	8	8	0.408783424611121	0.216582445976282	0.0591029981012505	0.0681333515922684	-0.0702566024922196	113.747575822799	0.298737259360316	0.387483250224481
GID8	betareg	8	8	0.196757229515824	0.104375639331308	0.0594180040359071	0.074667995871779	-0.0272896294724228	737.60601743614	0.298990647473655	0.387811912440688
RNF170	betareg	8	8	-0.341673017574766	0.181253486324846	0.0594222436310832	0.0668541422205471	0.0677117093661192	534.13463618746	0.298990647473655	0.387811912440688
TMEM167A	betareg	8	8	-0.173329858400149	0.0919512059867955	0.0594271433999806	0.071385008783016	0.0310958506622507	1852.38630098676	0.298990647473655	0.387811912440688
SDK2	betareg	8	8	0.415824098499586	0.220671515097905	0.0595165891866567	0.0764187872106527	-0.0561884949769628	461.484931710087	0.298990647473655	0.387811912440688
ARSK	betareg	8	8	0.382532285477435	0.203184887699238	0.0597436399193261	0.073336107938446	-0.0782683550455781	85.1518196627133	0.299673754216805	0.388697949962933
GRIN2A	betareg	8	8	-0.272542320583098	0.145034863265048	0.0602239606696503	0.0782616536619817	0.0458443409283149	231.837124020088	0.301623248800037	0.391226581640894
SLC6A8	betareg	8	8	0.270062197393476	0.143808994203895	0.0603917189049961	0.0749729911132349	-0.0528650312545611	137.367990360231	0.302003771475748	0.391720146332102
F11R	betareg	8	8	-0.151914698812221	0.0810464539840643	0.0608732310246344	0.0729389942473831	0.0288289199483407	74.7594127982166	0.303572593646658	0.393755019099933
MXI1	betareg	8	8	0.160470583637705	0.0856165611429964	0.0608899514072061	0.0736278378980152	-0.0332052321840164	453.232098867157	0.303572593646658	0.393755019099933
CHMP2B	betareg	8	8	0.312626787879187	0.166943337771043	0.0611164453180306	0.0745823682626288	-0.0602927089220829	416.1349284304	0.30420560546437	0.394576079978254
CBR4	betareg	8	8	0.258123134486869	0.137883742635798	0.061201819340582	0.0724685968722462	-0.0385192525246744	193.757098048549	0.30420560546437	0.394576079978254
PAGR1	betareg	8	8	-0.309634317999047	0.165572517667079	0.0614723201254624	0.0759548280575663	0.0580110349352021	276.812954895305	0.305089278352119	0.395722265905691
CYB5R3	betareg	8	8	0.448532851468085	0.240034970715466	0.061676452645418	0.0604602372953863	-0.00117350752730804	4943.8582669149	0.305641397616933	0.396438403449765
RBL2	betareg	8	8	0.326903490236267	0.175106527816195	0.0619178563579315	0.0857523006335212	-0.0489170617223544	209.659280261492	0.306376278281555	0.397391595391957
CPNE3	betareg	8	8	0.226831930812971	0.121613975261746	0.0621562051101603	0.0772221639045605	-0.0331379701953262	853.903262242911	0.30709385851915	0.398322347462709
PRRG3	betareg	8	8	0.744679596543223	0.399840621522151	0.0625409441067286	0.0817309249056123	-0.128565474253901	154.300927130089	0.308531469942098	0.400187030655949
PDGFA	betareg	8	8	0.497905394862991	0.267437689786813	0.062636609853857	0.0767590547996005	-0.0863565463886364	170.724972817083	0.308540835102835	0.400199177928536
DVL3	betareg	8	8	0.105754271648758	0.0568318734823211	0.0627686435900982	0.0758642133565055	-0.0205472295677577	431.531306736076	0.308729049075478	0.400443304697368
ARL6IP1	betareg	8	8	0.115753191843508	0.0622773075095354	0.0630734074609296	0.0744367168072106	-0.0188719048126841	10990.7188103176	0.30976501041721	0.401787019467534
SEPHS1	betareg	8	8	0.166262940513439	0.0896155291424215	0.0635545938020889	0.0772434347113124	-0.0348435204710074	454.168823473875	0.311663035610799	0.404248891724762
SETD5	betareg	8	8	0.445044644272495	0.240186119413566	0.0638944348618891	0.101973218779857	-0.0087280073161586	427.807188906674	0.312411851870597	0.405220159114671
SPRYD7	betareg	8	8	-0.251873689307018	0.135935102598721	0.0638971806663949	0.0764456221305169	0.0402544710983005	398.208990919308	0.312411851870597	0.405220159114671
SLU7	betareg	8	8	0.18381919134772	0.0993204185818356	0.064202735288413	0.0798508402226578	-0.0329547324169497	196.442881172983	0.313440061450416	0.406553819304075
PPP2R2A	betareg	8	8	0.157526148425267	0.0851678052428712	0.0643716024403847	0.0791525251562704	-0.0232969396547042	434.764194284241	0.313483461510806	0.406610112236854
TNKS2	betareg	8	8	0.234951927258911	0.127043238959038	0.0644021639812824	0.0778544093705401	-0.0158206302200305	460.074944434821	0.313483461510806	0.406610112236854
TAPT1	betareg	8	8	0.163746411120226	0.0886166095153566	0.0646302356742548	0.0784905257933152	-0.0342453982478912	256.940359568086	0.313692439782534	0.40688117176297
CEP350	betareg	8	8	0.275987456848077	0.149362529586449	0.0646357625246705	0.0849071406733942	-0.0153126818773173	328.415734366958	0.313692439782534	0.40688117176297
SERTAD2	betareg	8	8	0.324988517553718	0.176018871382278	0.0648446384069465	0.0737783474946246	-0.0461086762443211	109.705596768104	0.314242678408824	0.407594869986521
PLCL1	betareg	8	8	0.249222066301898	0.135142550073355	0.0651624335976271	0.0781089746293678	-0.0504770483024734	333.450707793253	0.315201345174826	0.408838328252049
RCOR3	betareg	8	8	0.213292472876524	0.115690276269582	0.0652340444094764	0.0775092445527358	-0.0374807232383169	590.731370122863	0.315201345174826	0.408838328252049
HAGH	betareg	8	8	-0.279189511890006	0.151585600105935	0.0655052271076544	0.0780999861890777	0.0178925667786275	1390.52281206326	0.315380071364928	0.409070148699184
C1orf21	betareg	8	8	-0.262888690124288	0.14273642344105	0.0655077466054093	0.0783751923280515	0.0513374126489784	378.809665812726	0.315380071364928	0.409070148699184
NIPA1	betareg	8	8	-0.11797044267135	0.064068357494505	0.0655744621779746	0.0802465929524872	0.024131880599634	2093.38558762706	0.315380071364928	0.409070148699184
DERL1	betareg	8	8	0.075084447560935	0.0407895663194371	0.0656544170241193	0.079104056707957	-0.0125278838173317	1269.6201907725	0.315380071364928	0.409070148699184
RAB35	betareg	8	8	0.107899802518208	0.0586478350983143	0.0657988187443115	0.080814280505835	-0.0129006523515999	629.33171775576	0.315612976126576	0.40937224256665
BCR	betareg	8	8	0.289809520216341	0.157854827238658	0.0663688466568172	0.0834033766992573	-0.0534902131317002	463.08973439169	0.317744666691922	0.412137195256185
ZNF81	betareg	8	8	-0.392214244193425	0.213686222084402	0.0664363613721311	0.0818973675626515	0.0796140723569647	147.447004399522	0.317744666691922	0.412137195256185
LRP12	betareg	8	8	0.25488981158097	0.139174616426943	0.0670350540624752	0.0875242573844004	-0.0409819369890443	562.195448854591	0.319731366126383	0.414714084244632
COA7	betareg	8	8	0.415515490242685	0.22688841654826	0.0670460914078717	0.0819453197255768	-0.0457452803661635	1182.83360778681	0.319731366126383	0.414714084244632
ZNF540	betareg	8	8	0.136158818760856	0.07447574720859	0.0675149931643735	0.0847027324526275	-0.0152889142295679	610.152343162832	0.321501534315764	0.417010116968953
PPP1R12A	betareg	8	8	0.325990801714401	0.178575373570213	0.0679243808607523	0.076377831469717	-0.0170730846648124	256.38200102083	0.322571140919987	0.41839747201249
FYTTD1	betareg	8	8	-0.202843489303249	0.111120736243368	0.067935672002028	0.0782410101159597	0.00418493889800214	2741.20257024717	0.322571140919987	0.41839747201249
CASKIN1	betareg	8	8	0.205002649996738	0.112431424955189	0.0682493057683386	0.0814659297506291	-0.0303291389409804	369.616703176695	0.322848869129979	0.418757705047088
NECTIN3	betareg	8	8	0.246201605252006	0.135089633433553	0.0683783139921341	0.0824514975655582	-0.0529509322729412	128.260075134347	0.322848869129979	0.418757705047088
PNRC2	betareg	8	8	0.177028631080126	0.0971371703561544	0.0683851809246338	0.0818665014545033	-0.034355516401062	323.016284904644	0.322848869129979	0.418757705047088
RAB40B	betareg	8	8	-0.194761130204066	0.106867707926572	0.068386626152254	0.0809540341789361	0.0232271539438333	297.436867317561	0.322848869129979	0.418757705047088
TTC19	betareg	8	8	-0.38527396321101	0.211575690786499	0.0686107149009375	0.0877496716262927	0.00139070608146862	3725.45186762602	0.32344272789297	0.419527981657881
SPATA33	betareg	8	8	0.328158533322659	0.180346537429765	0.0688199638140261	0.0816223419469332	-0.063048206187517	323.455120950454	0.323965030030494	0.420205444289361
SLITRK5	betareg	8	8	0.334522372853905	0.184178292537843	0.0693249145652431	0.0885049423252001	-0.0543896545407387	1257.05206833103	0.325351719175148	0.422004077703793
ANAPC10	betareg	8	8	0.372056453583687	0.204844522398967	0.069326350492012	0.0898785001391751	-0.0603377833395154	173.532761101831	0.325351719175148	0.422004077703793
LRIF1	betareg	8	8	0.216080494527785	0.11901121560676	0.0694269406329097	0.0830406616601344	-0.0444005512015603	112.67587550172	0.325351719175148	0.422004077703793
ADAM23	betareg	8	8	0.153815209706905	0.0847839010849151	0.0696464748369841	0.0820582268775382	-0.0253212367374232	729.267285305768	0.325351719175148	0.422004077703793
APBB2	betareg	8	8	0.274614666325119	0.151380617373156	0.0696673260238011	0.0843429984184491	-0.0167028533293027	1153.53693703399	0.325351719175148	0.422004077703793
MDM2	betareg	8	8	0.171611765025871	0.0946142457311746	0.0697077963404812	0.0830801540431334	-0.0355753914030731	478.299877413333	0.325351719175148	0.422004077703793
ZC3H11A	betareg	8	8	0.167804405334618	0.0926057195247369	0.0699814554239788	0.0846212077880109	-0.0253163262302857	565.01884092257	0.326062724534253	0.42292630169441
ZMYM6	betareg	8	8	-0.25331908768001	0.139836826212174	0.0700583166115154	0.0793605279748128	0.0378718504744104	170.898668969836	0.326062724534253	0.42292630169441
PWP1	betareg	8	8	0.248534693341863	0.13725279556929	0.0701748274618064	0.0863672185819319	-0.0502912079371531	278.429766920872	0.326143678379886	0.423031304529647
XRRA1	betareg	8	8	0.324576671428576	0.179339081784392	0.0703191950482529	0.0811709049689994	-0.04954014462069	378.289147880961	0.326353687889971	0.42330370164449
DUT	betareg	8	8	0.259887154098195	0.143786505170175	0.0706918889990568	0.0815806311538226	-0.0187761658149982	1140.99821635588	0.327564144139829	0.424873748591275
IRF5	betareg	8	8	-0.496787050981045	0.274940079719637	0.0707791085399241	0.0873552687778849	0.0848776563992268	105.470795652027	0.327564144139829	0.424873748591275
ASXL3	betareg	8	8	0.225666543012539	0.125097936416388	0.0712440076387829	0.0870916580756441	-0.0369108889069375	821.581322963508	0.328556324273781	0.426160676053671
TUNAR	betareg	8	8	0.0890950254607894	0.0494084177556378	0.0713511975089777	0.0854063709857107	-0.0144024681440441	1524.06742775751	0.328556324273781	0.426160676053671
YTHDF2	betareg	8	8	0.240174163400434	0.133204748472791	0.0713811386816337	0.0858279004757649	-0.0481347789080602	452.262021156915	0.328556324273781	0.426160676053671
DLC1	betareg	8	8	0.377899897139038	0.209598527841871	0.0713928967615686	0.0877284594169681	-0.0775250199853239	252.83556198397	0.328556324273781	0.426160676053671
HYPK	betareg	8	8	-0.509011153527404	0.282425017077992	0.0715001420891628	0.113792365113438	0.00932383379028593	980.73054704532	0.328590309738243	0.426204757592943
NCOA4	betareg	8	8	-0.0961029749849557	0.0533445600124517	0.0716159892513948	0.0859646207787455	0.0198506792511689	1539.70088746905	0.328663676372977	0.426299919281664
ALG2	betareg	8	8	0.204406442999216	0.113579335796239	0.0719112032022983	0.0912697235250685	-0.0253096435912588	678.796125558367	0.329147865529223	0.426927946694071
NDRG1	betareg	8	8	0.158850286706811	0.0882946702761451	0.072004036188249	0.0854486961155918	-0.0330858250167484	241.397846481837	0.329147865529223	0.426927946694071
GDPGP1	betareg	8	8	-0.456706989886038	0.253993848597308	0.0721607563306817	0.0807037922461052	0.0681100974866869	86.3610091380131	0.329147865529223	0.426927946694071
USB1	betareg	8	8	0.0972268522885905	0.0541143798579657	0.0723845915983544	0.0870253027758716	-0.019704753332775	1757.13749832608	0.329147865529223	0.426927946694071
CYB5B	betareg	8	8	0.132662116653649	0.0738458021331712	0.0724190498487045	0.0869126168674932	-0.0271345669270405	1681.6042834318	0.329147865529223	0.426927946694071
SERP1	betareg	8	8	0.289226531179221	0.16100524267603	0.0724341682394988	0.0823761530159723	-0.0469077329221192	866.428835873156	0.329147865529223	0.426927946694071
TBC1D25	betareg	8	8	-0.200638429939638	0.111748174476602	0.0725817899680727	0.0859884167848005	0.022276252193016	1129.05401891796	0.329147865529223	0.426927946694071
KLHL42	betareg	8	8	0.204205372099299	0.113779024162648	0.0726928840213163	0.0891096238478573	-0.0295141897241418	1858.53869347621	0.329147865529223	0.426927946694071
ARL4A	betareg	8	8	0.29450196432853	0.164092654764485	0.0726967729828138	0.089997933020635	-0.0619633613997988	392.861896964878	0.329147865529223	0.426927946694071
CDH11	betareg	8	8	0.243912357582996	0.135916671116197	0.0727217941065111	0.0882861758981496	-0.0446846782228591	207.483928833074	0.329147865529223	0.426927946694071
ATPAF1	betareg	8	8	-0.154759205084707	0.0863394664374603	0.073060858861114	0.0870346026129479	0.0312500568973115	1394.8702948266	0.329918134413907	0.427927039648272
DERL2	betareg	8	8	0.136132799179474	0.0759562551410999	0.0730925051320501	0.0863442594488007	-0.0272745429317183	992.567772425029	0.329918134413907	0.427927039648272
RBM33	betareg	8	8	-0.238683845844158	0.133316174256958	0.0733961767488705	0.0875195425761516	0.0503987723633399	196.140804333718	0.330532336294301	0.428723702714066
ZNF473	betareg	8	8	0.161176875824276	0.0900353026354897	0.0734294814161159	0.0873708483600631	-0.023102077311705	533.74561457043	0.330532336294301	0.428723702714066
STXBP5	betareg	8	8	0.165317699912596	0.092438138104613	0.0737091702039738	0.0860531006756338	-0.0301698232227518	204.947819855312	0.331338048652397	0.42976876834776
MAP4K4	betareg	8	8	-0.288922810374519	0.161733381335293	0.0740322167757259	0.0858710458799675	0.0598940461015103	602.801393290552	0.331419561218463	0.429874495882721
COX15	betareg	8	8	0.171609404892962	0.096072704593	0.074059569766501	0.0879073329534433	-0.0351563081276468	396.334305531806	0.331419561218463	0.429874495882721
DAAM1	betareg	8	8	-0.282874108984401	0.15836962247159	0.0740727176879645	0.0873189087556441	0.0596978913699455	759.689640523929	0.331419561218463	0.429874495882721
NCOR1	betareg	8	8	-0.228447554916278	0.127923843838267	0.0741301848570016	0.092228332187626	0.0305492687632063	319.211352155812	0.331419561218463	0.429874495882721
SFT2D3	betareg	8	8	0.317326436503789	0.177936813688503	0.0745267689467743	0.0885408988818688	-0.0682542009906925	229.487484219921	0.332646525033287	0.431465954303053
CBLB	betareg	8	8	0.262421876958277	0.147190364095395	0.0746068121545579	0.0876427066664701	-0.0416205131437523	182.623534948365	0.332646525033287	0.431465954303053
ZC3H13	betareg	8	8	0.183037485458824	0.102749350352069	0.0748474575351789	0.090137659115406	-0.031468884091585	324.873730039993	0.333267898821324	0.432271919837813
COMMD9	betareg	8	8	0.190966392875492	0.107327373212149	0.0751924265463761	0.0981662481477569	-0.00686987809998706	3624.12308164429	0.333513278805405	0.432590194946767
STK16	betareg	8	8	-0.413464597679864	0.232382351525263	0.075199984046555	0.0901885612658477	0.0765322359467948	449.514210797815	0.333513278805405	0.432590194946767
ZNF25	betareg	8	8	0.118980587837667	0.0668730037885829	0.07520663651605	0.088772257796995	-0.024948246711843	900.203309576827	0.333513278805405	0.432590194946767
P2RY1	betareg	8	8	0.423757425364352	0.238346149378516	0.0754190352846553	0.0821414687150012	-0.0798423070584417	277.886543975071	0.334005046259391	0.433228051944695
SYS1	betareg	8	8	0.244801478655083	0.137868956060472	0.0757972426537186	0.0849395700117784	-0.0370623726310714	239.686408473434	0.335228814218841	0.434815365115687
VSTM2B	betareg	8	8	0.201373955319267	0.113489608748386	0.0759999322086312	0.0906484853929807	-0.0428288058089494	232.364651608197	0.335674075414428	0.435392900223406
ZNF22	betareg	8	8	0.314542995103066	0.177550567581641	0.0764662102134356	0.0941401405948535	-0.0497069717017462	661.821255401385	0.336871501414029	0.436946046018553
PDIK1L	betareg	8	8	0.162903380058342	0.0919573161168109	0.0764757957769117	0.089067072706978	-0.0303588303721595	548.631306976921	0.336871501414029	0.436946046018553
BTNL9	betareg	8	8	0.174717226636916	0.098756116649309	0.0768640431208029	0.0911469138665325	-0.0353890284262061	442.737427933808	0.338129059389707	0.438577187218699
ZNFX1	betareg	8	8	0.196213979526156	0.111156346541311	0.0775289546044404	0.0867007932645786	-0.036762801966279	161.571154388612	0.340513413445727	0.441669862237848
EMC1	betareg	8	8	-0.285168169355371	0.161595196280754	0.0776130264007465	0.0868642253770354	0.0399968423398329	644.193086817999	0.340513413445727	0.441669862237848
DTD2	betareg	8	8	0.360907651403929	0.204828404810594	0.0780692957260884	0.0900755338467433	-0.0682744325366359	191.925111820813	0.342059135489673	0.44367477251524
CEP41	betareg	8	8	-0.301659455917465	0.171339455292642	0.078306908664091	0.0836637729372176	0.0385765725463336	796.59288486376	0.342342930024399	0.44404287399996
BCLAF1	betareg	8	8	-0.37681460073618	0.21405209128312	0.0783421471700961	0.0982518092404544	0.0105561067195525	1033.25558155014	0.342342930024399	0.44404287399996
RBM24	betareg	8	8	0.208903935998609	0.119096275713126	0.0794174608724051	0.0907241763942015	-0.0348151335043983	113.39385606389	0.346487886247015	0.44941917393863
ATRN	betareg	8	8	-0.217573970436465	0.124073660500229	0.0795012831123866	0.0939148175060746	0.0415097853215671	311.663809180224	0.346487886247015	0.44941917393863
MGAT4C	betareg	8	8	-0.2308715700595	0.131796286350902	0.0798201656754704	0.0918766772106911	0.0413400251430794	883.285927772202	0.347417506232333	0.450624956485328
TNFAIP1	betareg	8	8	0.0547922525005545	0.0312926170716595	0.0799520752989754	0.0941993324376951	-0.011206907243812	1575.23961545205	0.347531944917373	0.450773391513906
ZNF395	betareg	8	8	-0.43862522068964	0.251014985840125	0.0805668488210602	0.0995545183076158	0.0659506462297474	66.7363735058519	0.347688482019442	0.450976431152216
CEP70	betareg	8	8	-0.29654156454665	0.169771130269775	0.0806870071838791	0.100089701555039	0.0492808620351972	64.4776780014919	0.347688482019442	0.450976431152216
SRGAP2C	betareg	8	8	0.364010077967925	0.208416166912734	0.0807147423845706	0.106159945732275	-0.035781587192141	81.1510285783168	0.347688482019442	0.450976431152216
SRFBP1	betareg	8	8	0.238572373147562	0.136654181734182	0.080843799574592	0.0920539306890707	-0.0456179128315968	64.4655760118676	0.347688482019442	0.450976431152216
WNT4	betareg	8	8	0.43031348548459	0.246620908157925	0.0810131050632397	0.104553744642334	-0.0859723918619232	325.893221562105	0.347688482019442	0.450976431152216
GPATCH2	betareg	8	8	-0.449689389193228	0.25772843773509	0.0810164383898257	0.116706203542918	0.0145317976376955	176.652621808326	0.347688482019442	0.450976431152216
PTBP2	betareg	8	8	0.123401978026681	0.0707403868742642	0.0810833372224776	0.0936142591822118	-0.0133656947832071	1418.6434532813	0.347688482019442	0.450976431152216
OGFOD3	betareg	8	8	-0.243271677057961	0.139548856076652	0.0812860342878288	0.0962321278109776	0.0496594347614468	114.138067622188	0.347688482019442	0.450976431152216
ARL1	betareg	8	8	-0.144511672973972	0.0829173703416561	0.0813616445055358	0.093222260555835	0.0251920803494425	837.184007830278	0.347688482019442	0.450976431152216
LZTFL1	betareg	8	8	0.220159079423684	0.126336461919808	0.0813963697041825	0.0929888877948327	-0.0417734981845435	117.141214959296	0.347688482019442	0.450976431152216
TNKS	betareg	8	8	-0.219350863208917	0.125893507578106	0.0814467883007071	0.0909556472677826	0.0359161838915823	1759.02148498763	0.347688482019442	0.450976431152216
STYX	betareg	8	8	0.252344991046779	0.144869160466636	0.0815290844796118	0.100895187834775	-0.0215351469914296	445.86183866367	0.347688482019442	0.450976431152216
FICD	betareg	8	8	0.36526993465969	0.209709315145844	0.0815449078238162	0.0916523280577072	-0.0643025617468463	135.68494837877	0.347688482019442	0.450976431152216
ARRDC4	betareg	8	8	-0.135373187232261	0.0777307617213993	0.0815845604594408	0.0956534989721645	0.0280230376159541	299.63327743383	0.347688482019442	0.450976431152216
TNR	betareg	8	8	0.287781888873733	0.165315635517269	0.0817181852908287	0.0927141023404261	-0.0377508868266206	626.67638216755	0.347688482019442	0.450976431152216
RPRD1A	betareg	8	8	-0.107332379961481	0.0616596219887397	0.0817319802941367	0.0963556770686803	0.0223725021048404	877.565768059099	0.347688482019442	0.450976431152216
EIF1	betareg	8	8	0.146504798145697	0.0841902550808609	0.0818303352482893	0.0938860541386551	-0.00904769883960502	9388.42498214628	0.347688482019442	0.450976431152216
TBCK	betareg	8	8	0.185068632315668	0.106379379240157	0.0819110054053638	0.0944900178477265	-0.0321191876842587	437.552188316716	0.347688482019442	0.450976431152216
FRY	betareg	8	8	0.271466405957278	0.156084962294204	0.0819957147549484	0.091114270666317	-0.0186506486239378	983.392470351041	0.347688482019442	0.450976431152216
GCNT2	betareg	8	8	-0.297309449144243	0.171121638968728	0.0823137941906748	0.0959103797281723	0.0591507886169805	182.074978140568	0.347711709894265	0.451006559340617
MIS12	betareg	8	8	0.211100617596942	0.121526770212177	0.0823746548933652	0.0969864391089025	-0.0439092189646564	322.022839894145	0.347711709894265	0.451006559340617
CCNT1	betareg	8	8	0.329105016830588	0.18948592026913	0.082417008808891	0.0962143351882281	-0.056904309590929	222.352941150782	0.347711709894265	0.451006559340617
GAS2L3	betareg	8	8	0.617188700097009	0.355361306921207	0.0824238791672167	0.093206190816001	-0.10256887185824	82.0646206040605	0.347711709894265	0.451006559340617
ZNF440	betareg	8	8	-0.242068529165951	0.139620734168381	0.0829610759990965	0.0903213159206816	0.03649680145532	127.346455283859	0.349529802454785	0.453364753347175
CNOT11	betareg	8	8	-0.0704010027147568	0.0406367817233625	0.0831943030324839	0.0972343005155525	0.0146826202550975	378.567348555046	0.350064203910064	0.454057909645321
MPPED2	betareg	8	8	-0.333864016226636	0.192926639213317	0.0835368480363806	0.102863906015016	0.0594075262091914	264.892104982197	0.351056640013262	0.455345169117845
SAR1B	betareg	8	8	-0.209087878118248	0.12090860416108	0.0837544861448925	0.0995572902851134	0.0372632550311272	833.27256885882	0.35111346572261	0.455418876062205
ZNF480	betareg	8	8	0.251878342568545	0.145677604350693	0.0838069271177646	0.0924905393675242	-0.0194354662325416	306.729646839992	0.35111346572261	0.455418876062205
CEP85L	betareg	8	8	0.457572904145657	0.264921619100205	0.0841315586435292	0.0966327488730701	-0.0639912254671433	262.703111164984	0.35111346572261	0.455418876062205
MYO9A	betareg	8	8	0.117402167609564	0.0679914760146165	0.0842181571680851	0.0963740044988054	-0.0164814253755318	523.558448235204	0.35111346572261	0.455418876062205
DHDDS	betareg	8	8	0.0619831750606005	0.0359026173705802	0.0842709870590658	0.0979898560974271	-0.0116775255473292	934.288056181587	0.35111346572261	0.455418876062205
ZNF529	betareg	4	5	-0.690421801316658	0.399998384109087	0.0843363535006459	0.107442169469466	0.0122442221581044	282.624628498301	0.35111346572261	0.455418876062205
CPEB2	betareg	8	8	0.335478304861994	0.194515485806968	0.0845839180847447	0.0983736993759386	-0.0505782042405537	498.035591828068	0.35111346572261	0.455418876062205
CDHR3	betareg	8	8	-0.289885823444721	0.168164450762171	0.0847397201673543	0.0953882573674423	0.0573346262857549	106.61711948485	0.35111346572261	0.455418876062205
MARK1	betareg	8	8	0.166041291981637	0.0963275262239736	0.0847591368022932	0.100905049700096	-0.0311478916243889	803.581766030308	0.35111346572261	0.455418876062205
FUNDC2	betareg	8	8	0.355732091115359	0.206378074014276	0.0847635860592345	0.0950115561311634	-0.0307520374154414	1512.24452100261	0.35111346572261	0.455418876062205
KRR1	betareg	8	8	-0.419980894411744	0.243679952350524	0.0847992599569541	0.0824068645840151	0.0392836896112176	294.772521144693	0.35111346572261	0.455418876062205
MSANTD4	betareg	8	8	0.14601916150899	0.0847385891886614	0.084857431338501	0.0977598624734207	-0.0298213981254251	833.844800494952	0.35111346572261	0.455418876062205
PEG3	betareg	8	8	-0.388085979171961	0.225442717719761	0.0851711178898258	0.0963029080803214	0.0786758597494733	2092.09179129712	0.35111346572261	0.455418876062205
LIMA1	betareg	8	8	0.470946640612877	0.273590144417654	0.0851858430402044	0.105618697842316	-0.0705144131945706	77.5187181941116	0.35111346572261	0.455418876062205
PLD5	betareg	8	8	-0.280609579671854	0.163031986948457	0.0852157353609714	0.100651106705628	0.0313821625253104	492.356038953973	0.35111346572261	0.455418876062205
TIMP3	betareg	8	8	0.333910312857841	0.194249400775012	0.0856185031387182	0.0945107921195711	-0.0486369999222152	279.83456442266	0.35111346572261	0.455418876062205
KLHL36	betareg	8	8	-0.176031071003264	0.102422730725644	0.0856741282770812	0.0978900362542884	0.024979749478497	533.580571644307	0.35111346572261	0.455418876062205
SFT2D2	betareg	8	8	0.46914631671463	0.273042242430081	0.0857567119411472	0.101462886397807	-0.0803801330526205	421.516749501908	0.35111346572261	0.455418876062205
TMX1	betareg	8	8	0.201196262376366	0.117151372362513	0.0859053394407744	0.0975569512764631	-0.0415802679388049	286.318428926921	0.35111346572261	0.455418876062205
TM9SF3	betareg	8	8	0.142720897752981	0.0831048931484076	0.0859136825117571	0.097185021102567	-0.0192911723958995	2282.14485211077	0.35111346572261	0.455418876062205
COQ7	betareg	8	8	0.157397949726064	0.0916738500501847	0.0859912324340237	0.10175385377319	-0.0240777524388232	346.29963955766	0.35111346572261	0.455418876062205
PCYT2	betareg	8	8	-0.146348385839379	0.0852384839514646	0.085992229418946	0.100254066662371	0.0304831096580123	971.232388765663	0.35111346572261	0.455418876062205
EIF1AY	betareg	6	6	0.308537979540797	0.17974335344565	0.0860619068588534	0.104213141888816	-0.0425159883532583	109.778711999754	0.35111346572261	0.455418876062205
FAM13B	betareg	8	8	0.184391368448217	0.107436816005525	0.0861113010736176	0.103250301390983	-0.029107435864128	830.702102860619	0.35111346572261	0.455418876062205
MBD5	betareg	8	8	-0.339184807641114	0.198059683393361	0.0867974995592575	0.100542954979442	0.0709705399539248	73.1346815748439	0.352838618611837	0.457656520774096
HUS1	betareg	8	8	-0.118514419737601	0.0692165164968693	0.0868547601154332	0.102375911108359	0.0207767022286529	186.757679450897	0.352838618611837	0.457656520774096
SNX4	betareg	8	8	0.107151201021955	0.0625802674758221	0.0868560875883359	0.100223568789879	-0.0180740362271486	1044.77695286944	0.352838618611837	0.457656520774096
ARPC5	betareg	8	8	-0.336315883526504	0.196565259484885	0.0870879457092171	0.0905438299478687	0.00120635985056238	5899.67059064404	0.352982622710441	0.457843304224851
RFC1	betareg	8	8	-0.292324084046097	0.17089607245059	0.0871665862097408	0.099492990182369	0.059249190838995	82.858742233365	0.352982622710441	0.457843304224851
TENT2	betareg	8	8	0.158013598348648	0.0923902651183037	0.0872133566857553	0.101507931705576	-0.016783935556191	144.556694330998	0.352982622710441	0.457843304224851
NRBF2	betareg	8	8	0.11927092547925	0.0698275395547152	0.0876217605098824	0.103294046889255	-0.0225207868509881	594.956092729572	0.353114723972077	0.458014648858349
ZNF326	betareg	8	8	-0.235546423747584	0.137905846558086	0.0876319860900195	0.100909332413738	0.0419729869891599	258.750975555111	0.353114723972077	0.458014648858349
PIGN	betareg	8	8	0.314762607829415	0.184398860668722	0.0878283497002353	0.103609663251937	-0.0564234144761017	72.0216027431858	0.353114723972077	0.458014648858349
EXOC8	betareg	8	8	0.307735982446694	0.180299147412781	0.0878577911437934	0.1001464687514	-0.0565614897412471	317.710971406317	0.353114723972077	0.458014648858349
ARID1B	betareg	8	8	0.371117917699466	0.217625800735807	0.0881379396596315	0.1002658565635	-0.0686592444587297	1094.4359581137	0.353114723972077	0.458014648858349
KAT6B	betareg	8	8	0.267259515479981	0.156732606438583	0.0881582303836824	0.106967526047101	-0.0470875782854422	410.906026985301	0.353114723972077	0.458014648858349
VEZF1	betareg	8	8	0.225515233080514	0.132293890092751	0.0882590807434836	0.100715010919814	-0.046872687883274	301.602565091348	0.353114723972077	0.458014648858349
PIP5K1A	betareg	8	8	0.125509937017175	0.073645710354229	0.0883363311513442	0.101533063310472	-0.0257229683644883	196.371348222919	0.353114723972077	0.458014648858349
IDH2	betareg	8	8	-0.106621047428759	0.0625735919083789	0.0883940850286046	0.102593599712483	0.0210819315694516	1019.77391358623	0.353114723972077	0.458014648858349
KIF3B	betareg	8	8	-0.228916413649585	0.134359705104049	0.0884263197104538	0.100012199621113	0.0348662353759536	1608.1713026283	0.353114723972077	0.458014648858349
STARD13	betareg	8	8	-0.141032493492274	0.0827947400309389	0.0884933883201936	0.102622596004961	0.0248538816032719	95.8960326210712	0.353114723972077	0.458014648858349
MMAB	betareg	8	8	-0.156424431224875	0.0918518177470389	0.0885664678172884	0.101950083198105	0.0319134863305237	460.341581193611	0.353114723972077	0.458014648858349
HSPA4L	betareg	8	8	-0.241969830520625	0.142117001095334	0.0886410730920798	0.104128544223368	0.044553364009406	438.419409238003	0.353114723972077	0.458014648858349
BCDIN3D	betareg	8	8	0.292634813509982	0.172186703419433	0.089221175880065	0.0986624195471444	-0.0337282719627103	246.65177095303	0.354995871482046	0.460454629572089
PAIP2B	betareg	8	8	-0.373543267746676	0.219948020194393	0.0894463990264615	0.131261473807471	0.0355016632607525	218.465541319207	0.35503905018355	0.460510635386814
FMNL2	betareg	8	8	0.179956986417889	0.105984506497188	0.0895161419610427	0.100066112126598	-0.0226725763817878	297.401842429818	0.35503905018355	0.460510635386814
ADH5	betareg	8	8	0.123564585293297	0.0727899416790036	0.0895926751989194	0.100959331942492	-0.0213070171931277	990.137225220662	0.35503905018355	0.460510635386814
EPDR1	betareg	8	8	-0.0868155889508486	0.051153004401188	0.0896636218384355	0.103454079350033	0.0181757547116848	782.472736251313	0.35503905018355	0.460510635386814
EAF1	betareg	8	8	0.256744284816431	0.151356577473612	0.0898314285512502	0.101460469239501	-0.0478582184117376	610.340968358478	0.355275982435916	0.460817953193192
E2F3	betareg	8	8	0.298764636006674	0.176380069503822	0.0902902822286687	0.109670328565583	-0.0518419932326653	311.571034264454	0.356662031027072	0.462615755764655
RBBP4	betareg	8	8	-0.216947603896725	0.128281614806422	0.0908019792651622	0.101637146472713	0.0406574760533985	1861.55322190483	0.358253245763433	0.464679673265842
FZR1	betareg	8	8	0.118997826514023	0.0704135976547653	0.0910310888047011	0.103947492531756	-0.0142796445612534	990.137320472071	0.358727054042734	0.465294235950256
TTC33	betareg	8	8	-0.20746457691831	0.122815720609229	0.0911744617063816	0.105228296571598	0.0425747118506857	476.464049453979	0.35886226978974	0.465469620290474
FGF2	betareg	8	8	0.336798651414329	0.199562783036685	0.091472159351226	0.101128387013916	-0.0267952232900615	233.683860091968	0.359027243233969	0.465683602458307
RAB11A	betareg	8	8	0.177823180753198	0.105411564765074	0.0916145326525736	0.103531242492533	-0.0364813566852606	4179.6549498028	0.359027243233969	0.465683602458307
MYO18A	betareg	8	8	-0.283225327514713	0.167911812050253	0.0916513434059597	0.111483188163045	0.0137799860417891	889.536833005447	0.359027243233969	0.465683602458307
NUDT16	betareg	8	8	-0.190255878159692	0.112794836147593	0.091652817728439	0.102630840733491	0.0368371971076987	520.823561779314	0.359027243233969	0.465683602458307
YES1	betareg	8	8	-0.204891818976234	0.121543108084691	0.0918431303769032	0.105864964923028	0.0420450031382775	102.579553970774	0.359344954348397	0.466095696133915
TGFB2	betareg	8	8	0.291949419758088	0.173261611772378	0.0919845584418124	0.10728056838964	-0.0579922988826638	75.5091465016189	0.359470872393424	0.466259020700303
ATG14	betareg	8	8	0.274498947633224	0.163030574548233	0.0922344794337236	0.105348711597969	-0.0544889614307592	147.958565097312	0.360019973471538	0.46697124344381
SLC1A2	betareg	8	8	0.205165229981664	0.122041684095436	0.0927419729686209	0.0999361747327853	-0.00649499480751926	922.786812983275	0.361571968208922	0.468984289846059
COG5	betareg	8	8	0.216147369675971	0.128682600892002	0.0930169024939416	0.108166753000528	-0.0434660554449757	356.606255869718	0.36221466820635	0.469817916975317
PTPDC1	betareg	8	8	0.412271180642033	0.245528752315101	0.0931294987166414	0.127853802373697	-0.0326659436214548	127.715040645094	0.362224458191427	0.469830615274971
ZNF200	betareg	8	8	0.156533863547058	0.0932660827048141	0.0932772577329777	0.109779713298753	-0.0220990899179145	305.700978951815	0.362370828246362	0.470020467537602
APPBP2	betareg	8	8	0.183967307937754	0.109685832348589	0.0934994049754724	0.10782754315703	-0.036639345896863	699.718271283828	0.362805501532244	0.470584269381269
GNA13	betareg	8	8	0.155448724530306	0.0927151387314343	0.0936154021799019	0.108232543903332	-0.0304963950907288	710.982781765333	0.362827742283711	0.470613117201203
CTDSPL	betareg	8	8	-0.290378122069646	0.17340512630193	0.0940196488563342	0.107184068503735	0.0623053020868016	94.1168593084684	0.363965792641711	0.472089248610393
CCNG2	betareg	8	8	-0.370197619637948	0.221158729052815	0.0941502337002578	0.0969063650013482	0.0508938268112493	465.206217129186	0.364043022513921	0.472189421190012
ALKBH1	betareg	8	8	0.299410032962355	0.178942584427574	0.0942843004164012	0.116794132395902	-0.0132206669919834	338.656579443533	0.364133518364688	0.472306800677465
MOCS1	betareg	8	7	-0.207823160993299	0.124445083433154	0.0949195676495128	0.107901062909141	0.0114778013448987	202.610826666544	0.366128659261732	0.474894638836983
RFLNB	betareg	8	8	0.199347582163041	0.119418498216069	0.0950541532787855	0.109284820592522	-0.0418785499302632	167.235403055866	0.366128659261732	0.474894638836983
MFHAS1	betareg	8	8	-0.387476505779751	0.232173037599078	0.0951347038907264	0.129385113850478	0.0322283207713925	172.679098013035	0.366128659261732	0.474894638836983
TLE3	betareg	8	8	0.212776801339445	0.127619293440901	0.0954591998352652	0.110247958466279	-0.0435099164568453	182.050936828379	0.366663388279115	0.475588220006231
BDNF	betareg	8	8	0.194089978489723	0.116424415184319	0.0954965099684489	0.104006098333367	-0.0263648021829558	828.25120018574	0.366663388279115	0.475588220006231
ZNF280D	betareg	8	8	0.191705770452519	0.115120672655416	0.0958610352514243	0.110414516397258	-0.0409740981387048	62.9637102286269	0.367332064411829	0.476455540011128
NCEH1	betareg	8	8	0.126816603281686	0.0762059215825672	0.096086340297435	0.109926465168732	-0.0264894258965715	190.174758318926	0.367332064411829	0.476455540011128
TMEM251	betareg	8	8	-0.210351189146496	0.126461891371929	0.0962411265851174	0.100202665797217	0.0125210132479313	555.207028280849	0.367332064411829	0.476455540011128
AASDHPPT	betareg	8	8	0.084223416113917	0.0506388455395657	0.0962688978187865	0.111125228701058	-0.0164850613591294	4014.04144740086	0.367332064411829	0.476455540011128
SNX27	betareg	8	8	0.212983052620928	0.128104881205468	0.0963989778451199	0.117534697077138	-0.0260165611369088	3163.44375471272	0.367332064411829	0.476455540011128
PRKCE	betareg	8	8	0.345824096103572	0.208107146757311	0.0965609401997499	0.109775377035683	-0.0466943669126015	1209.53130957071	0.367332064411829	0.476455540011128
ZNF710	betareg	8	8	-0.184002834455812	0.110743040321991	0.0966071382880137	0.11084292402665	0.0377852544012287	199.80848638134	0.367332064411829	0.476455540011128
SCFD2	betareg	8	8	0.240136603866276	0.144572653765582	0.0967114657948589	0.106859316285116	-0.0372245736009723	179.218782828714	0.367332064411829	0.476455540011128
DNAJC11	betareg	8	8	-0.0684423155127471	0.0412203068568207	0.0968334346063918	0.110701994283983	0.0140035082720669	864.802480107906	0.367332064411829	0.476455540011128
TBC1D22A	betareg	8	8	0.194574149113137	0.117247604975082	0.0970120778636332	0.109989372899094	-0.0384843496032781	219.359319407686	0.367332064411829	0.476455540011128
LRRFIP2	betareg	8	8	0.164365606409726	0.0990512209060767	0.0970351950776503	0.110331755268882	-0.0342790158793168	277.102422357438	0.367332064411829	0.476455540011128
INTS7	betareg	8	8	0.20334310129395	0.122551027974586	0.0970649196007201	0.113229682006513	-0.0369155852117116	155.139927210545	0.367332064411829	0.476455540011128
MTUS1	betareg	8	8	-0.164672358923859	0.0992618284070062	0.0971219118579386	0.113542525385541	0.0332953715473846	204.942850275662	0.367332064411829	0.476455540011128
CILK1	betareg	8	8	0.209948371049834	0.126645245847714	0.0973644059929494	0.112429456471298	-0.0295387857112707	304.420462088246	0.367786027210918	0.477044361711002
HMCES	betareg	8	8	-0.14402640606625	0.0869155220090611	0.097502295334778	0.11291418303095	0.0224231225623525	754.41406048793	0.367786027210918	0.477044361711002
SLC43A2	betareg	8	8	-0.21032025517563	0.126950228235664	0.0975772558045232	0.109618670989565	0.0356589023941139	483.088873109429	0.367786027210918	0.477044361711002
AP5B1	betareg	8	8	0.565176417191455	0.341635238963029	0.0980610796671991	0.122362693028891	-0.0563728241340363	557.418377303383	0.369098722489965	0.478747019874127
CCDC91	betareg	8	8	0.326436957803072	0.1974390942274	0.0982585900148193	0.107598254566452	-0.062613470869498	86.7723425992502	0.369098722489965	0.478747019874127
NIT2	betareg	8	8	0.273691766572792	0.165551122154315	0.0982869081024759	0.114638790431747	-0.0368740612756077	389.454633618157	0.369098722489965	0.478747019874127
METTL22	betareg	8	8	-0.461749734385006	0.279417033306216	0.0984231255550955	0.109858304381346	0.0905356759028411	81.5962509595479	0.369098722489965	0.478747019874127
RPAP3	betareg	8	8	0.291899487062197	0.176669331061712	0.0984863831887262	0.111850597368231	-0.0609737747248217	154.027215556847	0.369098722489965	0.478747019874127
C1orf50	betareg	8	8	0.262265696553926	0.158852325488958	0.0987379229678022	0.11672152213736	-0.031847798966322	761.986398990687	0.369620441449392	0.479423726082571
PAN3	betareg	8	8	-0.170063087438546	0.103099497724412	0.0990443180833395	0.112394240344554	0.0353814144769666	219.624669142943	0.370346089522815	0.480364942704196
NANP	betareg	8	8	0.180160602551409	0.109359774291491	0.0994733941244543	0.117587604824059	-0.0242174507242555	190.556237312773	0.370854089545678	0.481023854486392
ALDH1B1	betareg	8	8	0.107442790348753	0.06522131208353	0.0994846714318649	0.114300986547682	-0.0203657427391819	855.396912165499	0.370854089545678	0.481023854486392
RTF1	betareg	8	8	0.255769673718633	0.15531574801442	0.0996048541205779	0.10837742653647	-0.0208131504326554	541.101591602057	0.370854089545678	0.481023854486392
KCNAB1	betareg	8	8	0.142944683780426	0.0868349668617001	0.0997297916853282	0.114095004240582	-0.0268340896334086	435.229544143842	0.370854089545678	0.481023854486392
CHD7	betareg	8	8	0.367621333761892	0.223334543340101	0.0997520746291505	0.113207996798913	-0.0772536130291603	58.2294120509535	0.370854089545678	0.481023854486392
ZNF639	betareg	8	8	-0.184154617857923	0.111910667191546	0.0998564046567346	0.115498500215968	0.0109429543504425	559.678017170572	0.370854089545678	0.481023854486392
ZC3H18	betareg	8	8	0.306183118675791	0.186176893978558	0.100056096752947	0.123502710711366	-0.0533858154795921	99.4375892462565	0.371028749018903	0.481250400115526
SLC30A10	betareg	8	8	-0.282587747624331	0.171917017084149	0.100228874007666	0.113724179620369	0.0604623507620763	213.504717122406	0.371028749018903	0.481250400115526
TUBA4A	betareg	8	8	0.222419047432781	0.135332677557565	0.100279843287657	0.112502168535771	-0.00968620014381888	4160.76651571957	0.371028749018903	0.481250400115526
DCAF16	betareg	8	8	0.261856002705519	0.159380730263076	0.100391419733481	0.113893982308509	-0.0435132161578829	400.464732485429	0.371028749018903	0.481250400115526
CCDC47	betareg	8	8	0.169213948657766	0.103016374025899	0.10046722270453	0.1156308656051	-0.0353802922519989	302.440508431471	0.371028749018903	0.481250400115526
POLE3	betareg	8	8	0.109024856933766	0.0664325160631247	0.100768989679487	0.111772828623799	-0.013021061986322	953.410455266778	0.371396638998191	0.481727579310398
RPL35A	betareg	8	8	0.238901769426308	0.145580973693046	0.100792579269959	0.119459748132314	-0.0190255344957059	679.905412329657	0.371396638998191	0.481727579310398
FKBP7	betareg	8	8	0.217991613203798	0.132920215952815	0.10100132041915	0.112874498137412	-0.0453599177831235	131.054429128148	0.371483618633203	0.481840398018549
ZNF615	betareg	8	8	-0.143688645855564	0.087624485534404	0.101041976622915	0.116244548060833	0.0203664294554235	261.482084904208	0.371483618633203	0.481840398018549
ZNF551	betareg	8	8	0.490325876100852	0.299234067120908	0.101295942068226	0.137097102723015	-0.0244600592092073	193.10928047624	0.372001685268341	0.482512366905342
TRAF7	betareg	8	8	-0.221644042965825	0.135365868545548	0.101553135189042	0.114097264410787	0.0319730237371381	405.346213770346	0.372186650164875	0.482752279393795
SYT13	betareg	8	8	0.3131741020791	0.191277365719535	0.101572527388854	0.1137779022013	-0.0499869898745424	1001.8948372964	0.372186650164875	0.482752279393795
GRIK2	betareg	8	8	0.19939356625662	0.121955213625027	0.102054562078832	0.107827450885902	-0.0301556698298004	188.222127977887	0.373536978029551	0.484503749669024
EIF4EBP2	betareg	8	8	0.0834330001043838	0.0510820737166707	0.102403245617574	0.115030459759842	-0.0088060898305049	2628.44178495862	0.374299270216959	0.485492496285466
PHACTR4	betareg	8	8	-0.219836206073382	0.134629432043165	0.102490332510123	0.117405290004689	0.0400977170364178	207.867931580647	0.374299270216959	0.485492496285466
ATG2B	betareg	8	8	-0.289296573208234	0.177378739917358	0.102900016810503	0.115817665139603	0.0558224264784116	214.039312733629	0.375259672686621	0.486738205880798
MTUS2	betareg	8	8	-0.322024065799924	0.197491894462428	0.10298139641761	0.111511408274598	0.0607171761993836	154.219584186323	0.375259672686621	0.486738205880798
ACVR1	betareg	8	8	0.135869519355868	0.0834023163334296	0.103294881894332	0.116113348968577	-0.0285758543272102	156.523541881918	0.375626650717313	0.487214202214158
VAPB	betareg	8	8	-0.165517428353911	0.101606002906953	0.103310415417951	0.11678636473635	0.034647138385742	1448.0252125006	0.375626650717313	0.487214202214158
ATP5F1E	betareg	8	8	0.0488047418236587	0.0300031292449758	0.103810379605754	0.117661171004158	-0.0102110847507549	5467.55987935849	0.377017666553314	0.489018447651776
METTL2A	betareg	8	8	0.267064190917787	0.164285703584515	0.104033024488907	0.134645771192134	-0.0136093574085702	399.62017066379	0.377017666553314	0.489018447651776
TMEM106B	betareg	8	8	-0.414154192143985	0.254771486223288	0.104036726913733	0.126300737652263	0.00590556794917199	1276.1620950937	0.377017666553314	0.489018447651776
ZNF778	betareg	8	8	-0.194418124575907	0.119671857447087	0.104249198003778	0.114831894505684	0.0188032587170723	502.436409450253	0.377372030473774	0.489478082596396
TMEM132C	betareg	8	8	0.464382845402997	0.28595708728613	0.104384365201006	0.126866850787896	-0.0603260960848123	76.7870784329908	0.377446090453276	0.489574143602079
FAM13C	betareg	8	8	-0.192237154930155	0.118606876185684	0.105062112150805	0.1172193679646	0.0244129326659368	1103.72109064082	0.379340969736198	0.492031935391767
RAB11FIP4	betareg	8	8	-0.172886350969097	0.106691352951301	0.105138970261783	0.119953126136259	0.0358763346718051	1441.05859640374	0.379340969736198	0.492031935391767
GFM1	betareg	8	8	0.411448743260813	0.254251561892022	0.105603517959799	0.141788573823594	-0.0213378036159797	677.625700814191	0.380599731641617	0.493664638173519
ZNF250	betareg	8	8	-0.210856487639865	0.130397191630094	0.105871280839115	0.120991391892273	0.0383833655775418	547.407714758991	0.380745452322291	0.493853648152031
LIN7C	betareg	8	8	0.122916587095458	0.07601457188496	0.105875372085077	0.113816305110173	-0.0103018170847639	4798.40333773832	0.380745452322291	0.493853648152031
ZC3H14	betareg	8	8	-0.153346814609148	0.094923411587219	0.106206921037992	0.118517324172197	0.0245443704873423	639.977435731819	0.381139874282159	0.494365241193009
C7orf31	betareg	7	7	0.440725440415761	0.272864280597508	0.106271314397316	0.121206516714312	-0.0255789425190739	99.4811269294421	0.381139874282159	0.494365241193009
RPS29	betareg	8	8	0.387287167147011	0.239928139747022	0.106488422670551	0.126118135318401	-0.0444045401112889	177.830546480085	0.381139874282159	0.494365241193009
TRMT10B	betareg	8	8	0.285278731735326	0.176799517844221	0.106620318692338	0.121870451006488	-0.0532549829707319	114.738220733368	0.381139874282159	0.494365241193009
KLF10	betareg	8	8	0.248028824863698	0.153728295460905	0.106652558762395	0.124985656863352	-0.0370078907825384	186.479200818055	0.381139874282159	0.494365241193009
AATK	betareg	8	8	0.198970459145062	0.123331587334881	0.106680034474874	0.119960315776137	-0.0416198764692728	294.646682185237	0.381139874282159	0.494365241193009
UFL1	betareg	8	8	0.491265876853345	0.304844896822655	0.107064839480242	0.120681173079518	-0.084390027673433	62.325743415435	0.382099807042231	0.495610341541945
CRIPT	betareg	8	8	0.227527499151039	0.141289143482749	0.107317567295349	0.119162531819657	-0.027962348596015	345.282028421233	0.382495345158068	0.496123382315769
ZNF169	betareg	8	8	0.213735972718253	0.132759152375207	0.107408154934342	0.121725843814444	-0.0437284380252616	55.9703228834624	0.382495345158068	0.496123382315769
TANGO2	betareg	8	8	-0.374172388394291	0.232614563132726	0.10771455572856	0.112767290223271	0.039482769901992	871.451742716847	0.382595447607888	0.496253222238297
CCDC97	betareg	8	8	0.148683973617819	0.0924344885420811	0.107718380047031	0.119341201333349	-0.0266254135019295	331.413444136109	0.382595447607888	0.496253222238297
GABRA2	betareg	8	8	0.261442120279754	0.162565254792884	0.107785083649227	0.121178133637476	-0.0528619660923633	438.195424414145	0.382595447607888	0.496253222238297
KIAA0930	betareg	8	8	-0.132284123056895	0.082317691124626	0.108055451593862	0.121217944827442	0.0277400403155215	1308.38416956813	0.383141835724954	0.49696192608039
CAP2	betareg	8	8	0.304684617646111	0.189770541663252	0.108374528508929	0.121563052521322	-0.0635824640541607	436.418563881389	0.383465637428024	0.497381919678116
ZNF623	betareg	8	8	-0.300772607456058	0.187336797336267	0.108379846602776	0.119151859757272	0.0508439737560985	426.145679358412	0.383465637428024	0.497381919678116
IQSEC1	betareg	8	8	-0.132072832725389	0.0822900680837359	0.108501096572996	0.122799612707832	0.0274835486261879	790.943235999785	0.383482293117717	0.497403523279858
SLC25A3	betareg	8	8	-0.202122081306255	0.126010716364081	0.108712491825149	0.116849576166911	0.016052332700611	2702.26852502421	0.383696963609484	0.497681966015978
TMEM132B	betareg	8	8	-0.207474444414256	0.129377787896477	0.10879505020921	0.120874081825818	0.0370921734100662	1596.6622935441	0.383696963609484	0.497681966015978
RPA1	betareg	8	8	0.573333755928941	0.357743479451488	0.109014314080262	0.173129020317399	-0.0212016332093618	378.985649929653	0.383747120181913	0.497747022620389
MBLAC2	betareg	8	8	0.282600741671671	0.176348636963733	0.109042517842095	0.123430251838093	-0.0610343916231882	576.811413084987	0.383747120181913	0.497747022620389
UBTF	betareg	8	8	-0.189910442523134	0.118680366949317	0.109557736498825	0.124385145392228	0.033767457843007	449.978176282584	0.385134395453623	0.499546416282865
SREK1	betareg	8	8	0.308751056647829	0.193068035930999	0.109780020465286	0.121734351693716	-0.0353391937073994	268.274107108188	0.385134395453623	0.499546416282865
RPLP1	betareg	8	8	0.432295912051166	0.270412714290271	0.109897878283127	0.118344688331105	-0.00124286676982737	2282.89964010158	0.385134395453623	0.499546416282865
LEMD3	betareg	8	8	-0.174834214479917	0.109405149026625	0.110033241056279	0.123944621772629	0.0370629185132199	215.764003979084	0.385134395453623	0.499546416282865
GPC6	betareg	8	8	0.466198770651441	0.291809571841226	0.110129127517412	0.124278477104908	-0.0963402256204244	61.9559201691113	0.385134395453623	0.499546416282865
PTCD3	betareg	8	8	-0.127135380380984	0.0795805371296768	0.110138982596573	0.122940421446865	0.0226263048088779	511.833133155283	0.385134395453623	0.499546416282865
PCGF2	betareg	8	8	-0.218574702729458	0.136951690339429	0.110489111322204	0.120800016463533	0.0418079574020328	227.383801596654	0.385715009769554	0.500299513913691
PIGX	betareg	8	8	0.169376568731516	0.106140760933232	0.110539466171652	0.117607814454528	-0.0142454937070214	710.893213062788	0.385715009769554	0.500299513913691
POU6F1	betareg	8	8	-0.427502432678884	0.268283902842601	0.111054724641837	0.124336199403115	0.0693368916074935	174.324142391387	0.38710244513106	0.502099115223899
PRXL2A	betareg	8	8	-0.149906718755904	0.0942296998788215	0.111639991244101	0.118120658540881	0.0167720679171273	2598.79487744823	0.388730712602309	0.50421109272997
LEPROT	betareg	8	8	0.189315962424306	0.119048336050328	0.111779701905808	0.122837372651375	-0.0339631910773408	622.242378888164	0.38874434088181	0.504228769567628
AP1M1	betareg	8	8	-0.22275127530169	0.140130689376604	0.111925751221355	0.125715107050877	0.0175033421033273	2913.1359630753	0.38874434088181	0.504228769567628
DMXL1	betareg	8	8	-0.283515602728466	0.178393047496985	0.111998330260101	0.126791374196883	0.0594511870381723	77.7957613993406	0.38874434088181	0.504228769567628
TIFA	betareg	8	8	0.410791028054794	0.258670532777487	0.112266914305424	0.127670644216063	-0.0634965755443158	55.7302771873398	0.389259001284965	0.504896320331812
PPP1R14C	betareg	8	8	-0.0491560170424593	0.0309630199861747	0.112383201573388	0.126954713861952	0.0099578544213679	1991.59115840872	0.389259001284965	0.504896320331812
KIAA1958	betareg	8	8	0.356738089346986	0.224876224000945	0.112654198001748	0.120249824579115	-0.0716533245122002	123.580431060799	0.389557091826145	0.505282964743042
TECPR2	betareg	8	8	-0.199611662430824	0.125846912848731	0.112706040870519	0.128819134354228	0.0357929081936064	257.744472123582	0.389557091826145	0.505282964743042
FAM162A	betareg	8	8	0.257248707059507	0.162260790990456	0.112874852847302	0.126987037749155	-0.0541733781325945	622.360232074228	0.389731191936953	0.505508784839754
LIG4	betareg	8	8	0.296537535491735	0.1871051270104	0.112995591116656	0.127833305969965	-0.0425865577924474	611.554750049223	0.389739113472459	0.505519059628814
TTC5	betareg	8	8	0.295322084984521	0.186640710558637	0.113580503332087	0.13760271234356	-0.0209183336446349	1036.56755331426	0.39072196121828	0.506793882327001
ANKH	betareg	8	8	0.0889189355049931	0.0562011686543161	0.113614289842273	0.125065734494639	-0.0113829087245531	613.386069759542	0.39072196121828	0.506793882327001
ZNF711	betareg	8	8	0.149042472179247	0.0942301625843403	0.11372140786425	0.133017036046906	-0.026917300235829	1263.19313067197	0.39072196121828	0.506793882327001
JADE2	betareg	8	8	0.569814675281942	0.360291922037074	0.113755515292706	0.135607949823551	-0.095843629883905	52.5203442700478	0.39072196121828	0.506793882327001
NUP214	betareg	8	8	0.246948254761617	0.156203196115239	0.1138912099092	0.127124754300909	-0.0509559150925213	73.9254287256699	0.390780126097945	0.506869326269514
MIA3	betareg	8	8	-0.157770823503218	0.099863024845178	0.1141361213924	0.132757801828627	0.0273346381452663	338.330205972105	0.391212521103853	0.507430173023711
DLK1	betareg	8	6	0.631141647673917	0.399691558655986	0.114319601323685	0.165754180639294	-0.0132391437561613	558.606804345192	0.391433672786057	0.507717022319967
NR1D2	betareg	8	8	0.284285960010833	0.180315357203719	0.114886612324545	0.127673695647591	-0.0562069291465309	286.796780942012	0.392790791976014	0.509477301422054
SPON1	betareg	8	8	0.194906514742051	0.123647433052667	0.114954695705117	0.127429216299138	-0.0397572737052186	1166.96502133446	0.392790791976014	0.509477301422054
C1orf115	betareg	8	8	0.122224369077771	0.0775830171088444	0.115163894877321	0.127549873894734	-0.0177485894161378	124.776349215715	0.39283716442453	0.509537449751426
CYP27C1	betareg	8	8	-0.450791171156209	0.286210212635316	0.115248310406051	0.123224097729535	0.0650744924209544	81.5376822583119	0.39283716442453	0.509537449751426
KCNK3	betareg	8	8	0.281851867721975	0.17898801205798	0.11532642372537	0.118906842158817	-0.0344730200460304	4924.91627910966	0.39283716442453	0.509537449751426
ADD1	betareg	8	8	-0.119814277036706	0.0761165719453328	0.115466819318632	0.135934816493414	0.015543125611272	3075.93737952813	0.39290865712764	0.509630180818945
SAYSD1	betareg	8	8	-0.137878351308517	0.0876745696218661	0.115807971132402	0.130663041859477	0.0201085909091164	355.688782166734	0.393662426481262	0.510607872720138
STRIP1	betareg	8	8	0.0856023027491291	0.0544595326653851	0.115984974885539	0.127860417788432	-0.0173315224360942	929.273488293092	0.393857232515691	0.51086054985705
LHFPL3	betareg	8	8	0.125381766064996	0.0799348561669186	0.116752984119562	0.129443616372575	-0.0260066350660603	412.878441359597	0.396051374292418	0.513706506163003
AGO1	betareg	8	8	-0.27082126067931	0.172713255288827	0.116871841022558	0.127844002561632	0.0093311418700281	475.663464031617	0.396051374292418	0.513706506163003
DDX24	betareg	8	8	0.139798888426883	0.0892099668307063	0.117096691302457	0.128471040614916	-0.0136306235233168	1451.60625215403	0.396283054373055	0.514007011533005
KLHL18	betareg	8	8	0.190034005644337	0.121332980745272	0.11729738336655	0.130984844707305	-0.0403296470280591	730.597204001011	0.396283054373055	0.514007011533005
KLF13	betareg	8	8	0.357534242639745	0.228281160501696	0.117301506380775	0.131977141021518	-0.0837225507294976	157.66894045917	0.396283054373055	0.514007011533005
DNAJA4	betareg	8	8	-0.322143564736581	0.205823094364294	0.117548256229899	0.136603910741898	0.0564853115472087	471.647625737373	0.396709357353751	0.514559956501751
CAND1	betareg	8	8	-0.265361951023689	0.16974654159068	0.117985950542821	0.121385966749916	0.0373822697518834	1761.19746730663	0.397082762121856	0.515044288765843
CHORDC1	betareg	8	8	0.195561824574595	0.125143293066753	0.118122421316418	0.136369446609153	-0.0395815857806871	231.346458411011	0.397082762121856	0.515044288765843
ZFYVE16	betareg	8	8	-0.279462624822099	0.178835860591603	0.118128667548267	0.129168613001123	0.0503435703076492	233.381718688074	0.397082762121856	0.515044288765843
AGGF1	betareg	8	8	-0.184754287455859	0.118233535378682	0.11814160232	0.128303401080051	0.0372425186485193	145.162594591327	0.397082762121856	0.515044288765843
ATL3	betareg	8	8	0.421613149903102	0.270122958349768	0.118566372127784	0.130489320398556	-0.0352325331071446	149.512512341476	0.398103801906191	0.516368649225901
PPP6R2	betareg	8	8	-0.332082511937516	0.212959261028058	0.11890857811435	0.13103055529576	0.070843574612712	175.762948768958	0.398557526895378	0.516957162469594
GM2A	betareg	8	8	-0.52825358115532	0.338914933674102	0.119076572955097	0.108028275432453	0.0547335007977258	214.899975360825	0.398557526895378	0.516957162469594
NMNAT2	betareg	8	8	0.173804986692735	0.111541020962041	0.119182089131957	0.131968515009779	-0.0338027431436543	1182.81429134142	0.398557526895378	0.516957162469594
OXSR1	betareg	8	8	0.146371988646135	0.0940104405781103	0.119476211640262	0.131893473024006	-0.029736805533673	760.734733666674	0.398557526895378	0.516957162469594
PLPP5	betareg	8	8	0.209464037037606	0.134537201405459	0.119488814224292	0.133367413693477	-0.0438088767250058	117.001231055263	0.398557526895378	0.516957162469594
ETFBKMT	betareg	8	8	0.292512069950118	0.18792189357635	0.119574522561645	0.126771491712003	-0.0497374407336733	285.11118567287	0.398557526895378	0.516957162469594
RRP7A	betareg	8	8	0.129278474656677	0.0830693711509817	0.119643603268844	0.130556905254016	-0.0252608695824766	1014.46747574219	0.398557526895378	0.516957162469594
JAK2	betareg	8	8	0.343570111844666	0.220780977265921	0.119670495904395	0.146627296841985	-0.0477941140402835	61.6509701663218	0.398557526895378	0.516957162469594
SYT7	betareg	8	8	0.232729826778588	0.149797768448507	0.12027346418157	0.134682122988232	-0.0438020129752221	1293.85113748698	0.399568591221921	0.518268584058832
PEX26	betareg	8	8	0.303615613147344	0.195438211879631	0.120300857670972	0.130512488336718	-0.0442254743023315	282.689785977563	0.399568591221921	0.518268584058832
RBFOX2	betareg	8	8	-0.137455119611141	0.0884891916865165	0.120338370853398	0.134556314951161	0.028009785434519	3251.62268418215	0.399568591221921	0.518268584058832
ZFAND5	betareg	8	8	0.0781543698130573	0.0503878176337617	0.12088806012799	0.133612016938944	-0.0141166684574963	3859.77692446642	0.400516581299007	0.519498193907421
OGFOD1	betareg	8	8	0.381980569189007	0.246333889642938	0.120982737509348	0.151918710329343	-0.00505987243399126	596.677650413387	0.400516581299007	0.519498193907421
CDKN2AIP	betareg	8	8	0.235934757353061	0.152153579739815	0.120989035788186	0.139656881404875	-0.0461752842187133	294.774167915863	0.400516581299007	0.519498193907421
AMACR	betareg	8	8	0.123726530489551	0.0799575753637794	0.121766283649285	0.131876537631718	-0.00998896248724138	1161.23616649268	0.402684432016684	0.522310048859446
ECD	betareg	8	8	0.243542685984394	0.157473455389507	0.12196855578784	0.141667202980273	-0.0515482209505781	267.60326160827	0.402749331935723	0.522394228622032
SUPT7L	betareg	8	8	0.136880283053668	0.0885515233606854	0.122160138941142	0.137459482178061	-0.0249598987904812	887.820066286839	0.402749331935723	0.522394228622032
LRRC8B	betareg	8	8	0.423474602968	0.274005136667778	0.122225665063352	0.131365169285557	-0.0915919452609504	198.596527296753	0.402749331935723	0.522394228622032
ICMT	betareg	8	8	-0.217499886687764	0.14077358557696	0.122338193066413	0.125953242449853	0.0298872587538077	1414.60126915393	0.402749331935723	0.522394228622032
SENP8	betareg	8	8	0.222364194615432	0.14396665976595	0.122454323971583	0.143654418817753	-0.038157916898684	160.357093019524	0.402749331935723	0.522394228622032
NUDT4	betareg	8	8	0.170489124602026	0.110414257718764	0.122567466935337	0.130017891886566	-0.0322696734639876	579.17481877658	0.402749331935723	0.522394228622032
LIN28B	betareg	8	8	0.227613649990499	0.147439591332142	0.122642693786147	0.136711572881251	-0.0458173774386319	93.6351419681672	0.402749331935723	0.522394228622032
FBXO3	betareg	8	8	0.153205664061327	0.099314760585817	0.122921222734853	0.14085395399507	-0.029972550276402	1070.33053808099	0.403261543310368	0.52305860282388
TFAM	betareg	8	8	0.169190812223029	0.109742065025636	0.12314325414745	0.132305251665335	-0.0219369986203732	381.727757532127	0.40337626118446	0.523207399980308
EPN2	betareg	8	8	-0.128430302919297	0.083323640228367	0.1232333482584	0.134457534305443	0.0254954241587425	473.170944141609	0.40337626118446	0.523207399980308
KCNJ12	betareg	8	8	0.396073451223146	0.257028567944257	0.123323956040344	0.131598515289536	-0.0573877895567858	449.250768464135	0.40337626118446	0.523207399980308
PPP2R2D	betareg	8	8	0.18015382934022	0.117021137205209	0.123682718549825	0.139497814798712	-0.0161672477737572	792.266600046	0.403518185006522	0.523391485165981
SMAD4	betareg	8	8	-0.153659682990043	0.099852045310551	0.123835141326066	0.135544766957487	0.0290080546735713	384.106733755068	0.403518185006522	0.523391485165981
AHI1	betareg	8	8	0.198557228764044	0.129031518734665	0.123846453413581	0.135725220636191	-0.0391772549249831	312.015655374897	0.403518185006522	0.523391485165981
EPN1	betareg	8	7	-0.501662776000268	0.326013196859132	0.123857872543965	0.146422286099449	0.0211005508654458	290.101909673155	0.403518185006522	0.523391485165981
ARID5B	betareg	8	8	0.209035944265657	0.135991295298446	0.124262117786333	0.132861610232935	-0.0361261037860805	412.139362217228	0.404434750429668	0.524580335026774
CREB5	betareg	8	8	-0.291984651144217	0.190131514404377	0.124612382283331	0.137086737815631	0.0493946245214222	243.520974953951	0.405173987439879	0.525539177455789
RETREG2	betareg	8	8	0.313576937489607	0.204317622503889	0.124844687987689	0.150750031255065	-0.00551556224717489	3766.02423004287	0.405519275043036	0.525987039778085
WDFY3	betareg	8	8	0.137241119103437	0.0894723723495717	0.125055776346877	0.138639920732433	-0.0277937865380316	422.731139638346	0.405519275043036	0.525987039778085
ATG12	betareg	8	8	0.175170540509377	0.114236288546588	0.125176001699693	0.133972175625675	-0.0286213109989399	1501.10745022804	0.405519275043036	0.525987039778085
TNRC6A	betareg	8	8	0.237272349800861	0.15475012695673	0.125211535242393	0.140544701753791	-0.0461276515046528	286.288930470904	0.405519275043036	0.525987039778085
ARHGAP12	betareg	8	8	-0.204043592283374	0.133162352504102	0.125450422457902	0.139664288324306	0.0388491338818658	326.921456247729	0.405893451297426	0.526472372714186
NRG3	betareg	8	8	0.141592058827965	0.0925216780515388	0.125926083791765	0.141965799517143	-0.0265963559857989	529.281699122136	0.407032219932451	0.527949435779228
GAPVD1	betareg	8	8	-0.19191584795053	0.125515676893193	0.126259747266898	0.14100557104938	0.0406488104361371	264.29106351267	0.407369407267627	0.528386791483865
N6AMT1	betareg	8	8	0.123941432879424	0.0810633533300835	0.126278005462405	0.139526823246887	-0.0261708361215878	330.816058020505	0.407369407267627	0.528386791483865
POLR3D	betareg	8	8	0.283211758077255	0.185420693800908	0.126661321320238	0.140480756611552	-0.0581567990971981	291.728488928373	0.408205772050598	0.529471615469909
NCKAP1	betareg	8	8	-0.308438324958249	0.202009913010144	0.126798943940775	0.146240164204973	0.020396669278057	1065.90677702984	0.408249451493927	0.529528270782022
SLC19A1	betareg	8	8	-0.142588144667236	0.0934481303953931	0.127046385813284	0.140383652038389	0.0299492205136289	651.541831269415	0.408317456117423	0.529616477564795
BAHCC1	betareg	8	8	0.273093985282707	0.179039744095612	0.127177793927209	0.144485272525746	-0.043277355514289	60.2632960840513	0.408317456117423	0.529616477564795
LRRN1	betareg	8	8	-0.216085226678945	0.141684476181537	0.127230228537627	0.140895611216278	0.00106961969217001	3933.48389604519	0.408317456117423	0.529616477564795
CUL3	betareg	8	8	0.223996939130751	0.146959374228907	0.127456275501844	0.146742043513082	-0.039541683401088	504.435833146995	0.408317456117423	0.529616477564795
MED22	betareg	7	8	-0.564065410349045	0.370133239713518	0.127520621610617	0.164903306895515	0.0200081084662	453.79831438236	0.408317456117423	0.529616477564795
ASXL2	betareg	8	8	0.367201445888366	0.240996036869607	0.127588041085083	0.149080166216872	-0.0554925544531571	180.573964233244	0.408317456117423	0.529616477564795
FKBP14	betareg	8	8	0.471005232296217	0.309204654674855	0.127688696207632	0.138761623933594	-0.0855739552480845	118.646002861394	0.408317456117423	0.529616477564795
SRD5A1	betareg	8	8	0.11939503617826	0.0784456324841531	0.128006577987754	0.14160099535121	-0.0223268758155532	1691.6832356139	0.408936553273221	0.530419490147313
MTARC1	betareg	8	8	-0.353336018372195	0.232374594494344	0.12837406808231	0.141705260577024	0.0424399871526718	228.004852443712	0.409712777081521	0.531426307056546
COG3	betareg	8	8	0.120867382239058	0.0795541157455431	0.128684424826926	0.141472694346934	-0.0177954663572874	367.41242874244	0.41003399537238	0.531842949786816
SPRED2	betareg	8	8	0.115017891050113	0.0757118445668384	0.128723937940436	0.142163450016902	-0.0229092397491914	925.81358949309	0.41003399537238	0.531842949786816
BCAT1	betareg	8	8	-0.327918902176836	0.216044261801074	0.129056746283736	0.135002345055133	0.0540012018241232	2199.98583230282	0.410317687108436	0.532210917934426
PEG10	betareg	8	8	0.229145405682078	0.150975764023792	0.129074193852405	0.139679316105335	-0.0399388545506792	13310.617609465	0.410317687108436	0.532210917934426
ZNF276	betareg	8	8	-0.256390924459681	0.16905748165366	0.129370174400307	0.143046254396489	0.051011917373508	188.558317036641	0.410317687108436	0.532210917934426
ZNF112	betareg	8	8	0.176523376003306	0.116394916479315	0.129370210842072	0.144563288211182	-0.0221134994774766	325.09550940822	0.410317687108436	0.532210917934426
ZNF793	betareg	8	8	-0.307844610996867	0.203019830798429	0.129436488476086	0.145194064857645	0.0607918861896727	173.966458425055	0.410317687108436	0.532210917934426
KCND3	betareg	8	8	0.163528107332995	0.107899274676784	0.129629985194844	0.142640450341039	-0.0340435262159173	348.634545545042	0.410514923193402	0.532466747017909
USP15	betareg	8	8	-0.202560174028666	0.133694946225157	0.129749049456072	0.140621744597748	0.0393426890113971	534.68621878168	0.410514923193402	0.532466747017909
ZNF566	betareg	8	8	-0.300734650767409	0.198556755757419	0.129872981172831	0.131591214566631	0.030061290844786	449.74591412266	0.410514923193402	0.532466747017909
NDUFA10	betareg	8	8	0.198603638983754	0.131328579424488	0.130466413057838	0.145571213073825	-0.0404920224478757	1461.70636228897	0.411994930949319	0.534386421238821
TRA2B	betareg	8	8	-0.379473533210058	0.251112459300739	0.130745226791909	0.151265598341791	0.00451188262128444	946.193677916293	0.412479532573277	0.53501498365088
ACADM	betareg	8	8	0.179347588594751	0.118748760471693	0.130964023030941	0.140982751545682	-0.0317029187109294	308.747131397303	0.412774041951874	0.5353969830422
SIKE1	betareg	8	8	0.275060320703314	0.182232585973527	0.131198757790739	0.142692756600724	-0.0591345707302444	1221.72309979778	0.412986729640781	0.535672853943463
ATP5F1A	betareg	8	8	0.275987410596753	0.182886529592435	0.131282522311355	0.140506367005653	-0.00901865393198733	3494.70421464288	0.412986729640781	0.535672853943463
CEP97	betareg	8	8	-0.2236325522881	0.148284747146007	0.131521471435852	0.145763529901467	0.0385453488345726	256.175306889131	0.413343246839599	0.536135281841659
SORD	betareg	8	8	0.366522880635378	0.243201212808271	0.131790998975775	0.129734652309893	-0.0289963978342806	119.383907831092	0.413795093240585	0.536721358424243
CCDC149	betareg	8	8	0.214067809374306	0.142226649114906	0.132293887154176	0.144454035714325	-0.0421249720951185	238.301209507836	0.414978081371025	0.538255777286963
ZBTB6	betareg	8	8	0.207831092119554	0.138278093254691	0.13284068889728	0.145843359969142	-0.0418290605257798	199.295059365187	0.41595679743252	0.539525240899794
CARF	betareg	8	8	0.197007607176449	0.131082907381566	0.132858722630198	0.14667033523662	-0.0381283509175127	96.8638680810042	0.41595679743252	0.539525240899794
RGS4	betareg	8	8	0.10009653926665	0.0666372761287219	0.133068623584675	0.145844872364689	-0.0160740523644496	3728.39628699968	0.416217938745934	0.539863959562161
TULP4	betareg	8	8	0.102406837553656	0.0682052931515783	0.133239209238766	0.153946615187666	-0.0121481266335797	2712.68102129507	0.416355728708017	0.540042682840504
PTAR1	betareg	8	8	0.229470685180402	0.153050439661808	0.133792161135906	0.156544607903618	-0.0183930786489802	259.94444196242	0.417686969875692	0.541769396326421
TSPAN9	betareg	8	8	-0.358766510650608	0.239474088280965	0.134096012662243	0.162383313741731	0.0599550025108026	113.247283457991	0.417993588565523	0.542167102346654
SH3BGRL2	betareg	8	8	0.253638290287966	0.169341941414861	0.134188397039399	0.143491411939313	-0.0192851213345834	2939.98342573474	0.417993588565523	0.542167102346654
ABCE1	betareg	8	8	-0.116431986372874	0.0777525590823994	0.134271468411531	0.149180070835107	0.0231087124566881	372.851636483609	0.417993588565523	0.542167102346654
RND2	betareg	8	8	-0.166039920033726	0.110966086604654	0.134572291860289	0.151806846334686	0.0212421911663992	1423.14501822068	0.418534102394697	0.542868186823924
CELF2	betareg	8	8	-0.202616451059513	0.135591080893707	0.135092025058637	0.14546613017872	0.0339590208984299	1246.94979987526	0.419443985014025	0.544048368617835
HLTF	betareg	8	8	-0.215509164319323	0.144229151861618	0.135119791643605	0.153649929179016	0.0368499777005848	437.157173982419	0.419443985014025	0.544048368617835
PERP	betareg	8	8	0.166535196425918	0.11158013626103	0.135563790329197	0.150324517036408	-0.0360227641663589	754.836812310601	0.420276267898975	0.545127898094864
SEC63	betareg	8	8	-0.305984246326043	0.205054020580697	0.135643352337569	0.136286510497233	0.0322631196825207	508.690646201919	0.420276267898975	0.545127898094864
CMIP	betareg	8	8	0.433391960406171	0.290722031805648	0.13602886763945	0.143266658592648	-0.0167822742590538	256.461956845629	0.420731910706398	0.545718898883785
MRPL50	betareg	8	8	0.18414185806637	0.123528955456575	0.136046135991646	0.149747005641224	-0.0364201331901631	545.625113108872	0.420731910706398	0.545718898883785
DNAJC10	betareg	8	8	-0.167469622581232	0.112439554224335	0.136377035223466	0.14702569292203	0.0341893782056624	510.71555675673	0.42074804058922	0.54573982047701
CACHD1	betareg	8	8	0.14579950360776	0.0979000632584909	0.136416616576238	0.147699027420014	-0.0257488864248145	779.026877972768	0.42074804058922	0.54573982047701
CLIP3	betareg	8	8	-0.0824150068041746	0.0553435641193527	0.136447215952399	0.149379078366117	0.0167615938509783	4117.74423488714	0.42074804058922	0.54573982047701
SIAH3	betareg	8	8	0.284493913794656	0.191100510430359	0.136562822930986	0.148986359292824	-0.0418202819864462	764.836887465205	0.42074804058922	0.54573982047701
DDHD1	betareg	8	8	-0.305125933367405	0.205251516922855	0.137121738921239	0.160587875621351	0.039504940703906	655.990364236249	0.422074851329049	0.547460787386202
NADK2	betareg	8	8	0.157700956950032	0.106142118597125	0.137344501455944	0.150038801009708	-0.0298079740112081	319.317602673872	0.422365434074451	0.547837693657916
ZFR	betareg	8	8	0.113658781593116	0.0766803237323386	0.138275966229061	0.149991977812617	-0.0215894474799438	786.919721954507	0.424832859061917	0.551038117521601
DHFR	betareg	8	8	0.339899280284007	0.229805250618539	0.139120178863675	0.148763429308004	-0.039368420639381	62.0330881568006	0.425359369624836	0.551721038777001
HNRNPUL2	betareg	8	8	-0.397275732543363	0.268633087219729	0.139172755225027	0.161559323191102	0.0738913775577852	132.684465890796	0.425359369624836	0.551721038777001
C1orf109	betareg	8	8	0.21108170077416	0.142766969687882	0.139272618090312	0.159817171939358	-0.0275435927801274	210.261463496009	0.425359369624836	0.551721038777001
MAPK13	betareg	8	8	-0.399347086283908	0.270124451516363	0.139305600738027	0.153992568505715	0.0763633411553771	73.5218410577218	0.425359369624836	0.551721038777001
MED21	betareg	8	8	-0.0862677760504397	0.0583577631006999	0.139338982932292	0.153278028852884	0.0174164731892606	581.390303035896	0.425359369624836	0.551721038777001
BBS12	betareg	8	8	-0.338707901635502	0.229140299194696	0.139362765531805	0.145483503551032	0.037822738549454	297.015825166784	0.425359369624836	0.551721038777001
RAB9B	betareg	8	8	0.346110461553536	0.234186510404116	0.139427438823089	0.151508640581285	-0.0731938639561923	863.174117359822	0.425359369624836	0.551721038777001
NOM1	betareg	8	8	-0.432765946011991	0.292873726582597	0.139500492763483	0.156706294857728	0.0807354804653858	66.7465216136051	0.425359369624836	0.551721038777001
KMT5A	betareg	8	8	0.178642613449782	0.121015628958712	0.139891668832494	0.152819173281196	-0.0372853399868876	121.202752964428	0.425359369624836	0.551721038777001
REEP3	betareg	8	8	0.402334913902536	0.272607974236182	0.139977826304502	0.13165224629874	-0.0337551139530434	88.2079680492469	0.425359369624836	0.551721038777001
NBPF9	betareg	8	8	0.419456500109491	0.284244473468376	0.140027346141629	0.154313378376612	-0.045997036741615	86.975800553841	0.425359369624836	0.551721038777001
UBE4A	betareg	8	8	0.252375561923968	0.171025015511978	0.140033952377899	0.155296167094181	-0.0129127405675499	1379.61775005331	0.425359369624836	0.551721038777001
MAP2K4	betareg	8	8	0.0808805716516075	0.0548225725910727	0.140127836465386	0.151468815044056	-0.015968570900252	3144.16583469281	0.425359369624836	0.551721038777001
NAV1	betareg	8	8	-0.149369205518784	0.101287914797561	0.140293434993252	0.153588102339811	0.030796110406907	1918.08004517715	0.425469545937386	0.551863945208479
TMED5	betareg	8	8	0.127510976751146	0.086503878855881	0.140468334383414	0.150080726897746	-0.0229161048573351	506.21624098578	0.425515969433078	0.551924159749632
ZNF780A	betareg	8	8	0.266536416858013	0.180864334378943	0.14056737620615	0.156132013230044	-0.0467310291376878	133.780192857595	0.425515969433078	0.551924159749632
HNRNPA0	betareg	8	8	-0.361385312018912	0.245821447530259	0.141531145074816	0.135875971596581	0.0211832823963321	2145.10232442827	0.428000625315267	0.555146933296464
HCFC2	betareg	8	8	0.191465529478818	0.130276977757793	0.14164831545451	0.158044861756886	-0.0316981948830508	198.504364892296	0.428000625315267	0.555146933296464
FBXO25	betareg	8	8	-0.241513922924779	0.164512761741264	0.142089051750597	0.160680610970141	0.042278030944211	521.421336974844	0.428938459013531	0.556363369606925
PDZD8	betareg	8	8	0.316719977742592	0.215849161656409	0.142288791434577	0.149624779309719	-0.0628535187242238	936.480108671275	0.429147719708804	0.556634795456256
SLC30A4	betareg	8	8	0.509980036406405	0.347900111541287	0.142680808461389	0.169200942740557	-0.0441733046829824	488.948675416968	0.429935980935781	0.557657225744694
SLC25A33	betareg	8	8	0.24290799956493	0.165862213713423	0.143052794406841	0.152278210255046	-0.0263100309025381	491.822078884913	0.430662495923084	0.558599566814635
PIAS4	betareg	8	8	-0.294386419885512	0.201238871038609	0.143502801176618	0.173760503965316	0.0374617614503111	161.752277689655	0.431438472698122	0.559606063304341
RAP2A	betareg	8	8	0.0980997291030435	0.0670929836311528	0.143701240466887	0.154248530249885	-0.0173304181067646	1039.45000177243	0.431438472698122	0.559606063304341
PAAF1	betareg	8	8	0.431377732999932	0.295032530644155	0.143703900042539	0.190114611742389	-0.0350097219197479	390.253680602537	0.431438472698122	0.559606063304341
PNPO	betareg	8	8	-0.221861562897932	0.151830691922539	0.143948717256354	0.154459076498958	0.043222541163821	632.386777597721	0.431478636991962	0.559658159220175
DIPK2A	betareg	8	8	0.244505440761616	0.167367998628298	0.144046934739436	0.149787926893176	-0.0427308751154904	167.012291051176	0.431478636991962	0.559658159220175
TYW5	betareg	8	8	-0.136735965591504	0.0936128949087741	0.144110664710162	0.158060784869671	0.027444952415768	173.925377007718	0.431478636991962	0.559658159220175
TSR2	betareg	8	8	-0.173377806083274	0.118746564261858	0.144271970564363	0.155474138134674	0.0290430407923863	1427.14048002496	0.431513095163731	0.559702853894092
RBM23	betareg	8	8	-0.249070713716982	0.170703280411448	0.144541524268594	0.156498503042619	0.00297145081421746	1485.16481779479	0.431513095163731	0.559702853894092
PLPPR4	betareg	8	8	0.183448102375264	0.125745390536548	0.144596678461001	0.158539547164542	-0.0349163929088045	1468.20697674323	0.431513095163731	0.559702853894092
DACH1	betareg	8	8	0.205027552279827	0.140554644294275	0.144646730985282	0.15680380238979	-0.0422024974352772	526.722055767902	0.431513095163731	0.559702853894092
CUL5	betareg	8	8	-0.283457196913145	0.194553702325358	0.145127088948799	0.168397712394108	0.0462164927412916	299.356588149562	0.432553947564055	0.561052912711479
MEAK7	betareg	8	8	-0.349761278978134	0.240218201199259	0.145388502092932	0.157579293085052	0.0249867202123369	919.551967829158	0.432940937583274	0.561554866002382
SRD5A3	betareg	8	8	0.212424820660672	0.145951859690079	0.145546264920312	0.169244712884385	-0.0309860026070167	320.297995468376	0.433018854780036	0.561655930090318
EEF2K	betareg	8	8	-0.370735300029074	0.255361984552035	0.146556384330447	0.143813517504134	0.0607085839637396	319.633062641924	0.434963060193144	0.564177701342382
OSGIN2	betareg	8	8	0.161163640433918	0.111041439492707	0.146673283794673	0.160824314773114	-0.0330156320207679	267.001201132459	0.434963060193144	0.564177701342382
ARHGAP5	betareg	8	8	0.219573729845314	0.151293606145773	0.14669391429932	0.153448989451954	-0.0396106629510058	267.035110861106	0.434963060193144	0.564177701342382
C5orf49	betareg	8	8	0.19692945855393	0.135717631695269	0.14677334612752	0.163278787450183	-0.0268613881451584	204.043515210731	0.434963060193144	0.564177701342382
LANCL1	betareg	8	8	-0.100027226999912	0.0689505428345427	0.146860690297888	0.162120257478892	0.0197585281270114	2881.43478655886	0.434963060193144	0.564177701342382
PMEPA1	betareg	8	8	-0.306319222292535	0.211339721497903	0.147221379010626	0.152606500749591	0.0582263839002353	270.890008007541	0.435247773580469	0.56454699464359
STAG2	betareg	8	8	0.14670935097893	0.101253418901354	0.147356484692991	0.158442733388945	-0.0260103035979926	186.756374845984	0.435247773580469	0.56454699464359
KCTD10	betareg	8	8	0.143140977368511	0.0988255320362912	0.147499341171965	0.159878307899326	-0.0280566098203352	1252.17249183779	0.435247773580469	0.56454699464359
PELO	betareg	8	8	0.183810252052547	0.126930762839771	0.147585088504018	0.161763200258451	-0.0227474522635377	526.250607680558	0.435247773580469	0.56454699464359
CDADC1	betareg	8	8	0.206847326835742	0.142850766679791	0.147618192601276	0.160538059138904	-0.0431498208031054	61.3265157556157	0.435247773580469	0.56454699464359
LDLRAD4	betareg	8	8	0.14541015158658	0.100469401389807	0.147810726329958	0.161469635247997	-0.0273614727562172	354.412816075343	0.435404090471508	0.564749748652697
TMCC3	betareg	8	8	0.249857662538895	0.172689469984915	0.147935852622707	0.157822674247337	-0.0484540051222109	438.121515498085	0.435404090471508	0.564749748652697
ADAP2	betareg	8	8	0.325961476693978	0.225494265822281	0.148305649025421	0.158642742399334	-0.0701942955419023	50.4980884912572	0.43573279982907	0.565176107823695
ARFGEF2	betareg	8	8	0.391491464455834	0.270831222081316	0.148312380684756	0.172706563799452	-0.0551252166934798	470.548648767415	0.43573279982907	0.565176107823695
RBMS3	betareg	8	8	-0.186883127829409	0.129330948303978	0.148458086467605	0.161739919132357	0.0377430275120216	824.198597319355	0.435771792644469	0.565226684249544
FBXO31	betareg	8	8	-0.0942941717220014	0.0652798401364315	0.148609391809541	0.162208258582131	0.012273564155521	1110.8033820804	0.435827137795	0.565298470804919
MAGI1	betareg	8	8	0.175977373697708	0.121949455395068	0.149010516541403	0.164934536110919	-0.0261824795184243	316.4188357822	0.436614377932531	0.566319576668484
ODF2L	betareg	8	8	0.317373596977193	0.220109735258266	0.149333957872329	0.163886612487102	-0.016567511188852	413.988836745844	0.436822658682937	0.566589731460354
AGK	betareg	8	8	0.166465398724309	0.115453331178776	0.149347105879311	0.163488629978904	-0.0120045354925775	917.031746217285	0.436822658682937	0.566589731460354
DCAF10	betareg	8	8	-0.109107998795184	0.0757055477792655	0.149523848440132	0.162109581964135	0.0226335507248965	479.543616768895	0.436951208739664	0.566756469931156
TIPARP	betareg	8	8	-0.364070829290219	0.252906105558055	0.149994927760698	0.162282123093436	0.0687512479135896	60.1122585882128	0.43700911576818	0.56683157942258
MRPL22	betareg	8	8	0.291391355325771	0.202456656502769	0.150071852266738	0.165303148316663	-0.0234684408750492	527.965818477287	0.43700911576818	0.56683157942258
SWSAP1	betareg	7	8	0.546317936001498	0.379670446115668	0.150171296316121	0.155436395261265	-0.019879663650585	184.935283264852	0.43700911576818	0.56683157942258
SANBR	betareg	8	8	0.222110715584903	0.154401888560766	0.150285628859655	0.161897355939616	-0.0167261502873488	407.471327547984	0.43700911576818	0.56683157942258
CD55	betareg	8	8	0.337490013149583	0.234624206119006	0.150312670197143	0.189474595204069	-0.0104518338517794	245.372176225126	0.43700911576818	0.56683157942258
NAA40	betareg	8	8	0.117415713321916	0.081633377502238	0.150340522002428	0.163237861763741	-0.0224264220328955	763.380026082575	0.43700911576818	0.56683157942258
PIKFYVE	betareg	8	8	0.279224138725074	0.194285191332973	0.150664884200517	0.160470665407024	-0.0507851229440534	183.155257429622	0.437412508647553	0.567354808377521
S100PBP	betareg	8	8	0.119841572707441	0.0834395952462587	0.150926259221275	0.169944328049166	-0.0102932511262373	661.638143729544	0.437412508647553	0.567354808377521
GGCX	betareg	8	8	0.248808441039766	0.173263098433587	0.150998019257801	0.154154205801955	-0.0168497305945429	1097.58606652119	0.437412508647553	0.567354808377521
CALM3	betareg	8	8	0.0588084624200994	0.0409538387513822	0.151011026784645	0.162990233342834	-0.0118392166417588	12945.0389185454	0.437412508647553	0.567354808377521
TMCO1	betareg	8	8	0.288226016581094	0.200991475987587	0.151566242923513	0.168172350283203	-0.0245366112367641	1312.72685590879	0.438359933898625	0.568583685607017
SET	betareg	8	8	0.0928468302413933	0.0647518525470146	0.151604553472536	0.163643857304596	-0.0194496819660371	1874.20979378334	0.438359933898625	0.568583685607017
DCAF12	betareg	8	8	0.114603528910322	0.0800007025989437	0.151991761185503	0.164438785358269	-0.0228716082070852	653.296313784241	0.438912181179129	0.56929998919645
LBH	betareg	8	8	0.169030510923334	0.118048336579901	0.152179479353528	0.169074365699345	-0.0225579948180352	2179.78110351181	0.438912181179129	0.56929998919645
ETV5	betareg	8	8	0.211041397004279	0.147393936524695	0.15219570938921	0.164489639085631	-0.0438534968431699	785.491126748887	0.438912181179129	0.56929998919645
GLUL	betareg	8	8	0.109069907202934	0.0762290625603589	0.152482411613244	0.163849696649307	-0.0217503289202472	1186.95352417996	0.438972581349199	0.569378332467936
SLC24A2	betareg	8	8	0.305436052635574	0.213470098464531	0.152483466263086	0.159808408645116	-0.0632038444467015	432.141852218622	0.438972581349199	0.569378332467936
ADAM10	betareg	8	8	-0.373039215481082	0.260926919399345	0.152811945223515	0.168373793060946	0.0213301586228509	637.779909044443	0.439510434351975	0.570075965666101
BCL9L	betareg	8	8	-0.304783310776046	0.213249645329169	0.152937436899645	0.166789836577749	0.0373945652663931	151.163387509053	0.439510434351975	0.570075965666101
RORA	betareg	8	8	0.193063043470096	0.135314819022434	0.153646373418638	0.180803637783433	-0.019618150175699	157.346393640582	0.440679725228984	0.571592618227123
ATG4C	betareg	8	8	0.228299031803517	0.160020135246611	0.153669440436799	0.164348939733147	-0.0460190780464374	52.9733435146478	0.440679725228984	0.571592618227123
DCHS2	betareg	8	8	0.345543592486128	0.242331032018698	0.153892713515895	0.160633117130811	-0.0724248759157098	156.7206509593	0.440679725228984	0.571592618227123
FSD1L	betareg	8	8	-0.166507968474405	0.116796241487523	0.153975808092617	0.161577701563495	0.0171614409336116	808.844673862395	0.440679725228984	0.571592618227123
PAWR	betareg	8	8	0.602657342735347	0.422770349564453	0.154013943524178	0.1573823987133	-0.107000729092469	71.2373414910926	0.440679725228984	0.571592618227123
MTRR	betareg	8	8	0.13219204634598	0.0928040986462547	0.154324827842958	0.166406247411273	-0.0216430414653113	117.733418419266	0.441185618112745	0.572248796901603
EYA3	betareg	8	8	0.501585566538456	0.353175912786937	0.155545231892566	0.187754474338434	-0.0173882433745722	285.92521656092	0.442991304814218	0.574590899635867
SYNRG	betareg	8	8	-0.329004110410664	0.231674050277118	0.155573806377353	0.187204375514331	0.0361135961499755	217.909329227454	0.442991304814218	0.574590899635867
TMEM64	betareg	8	8	0.258301623457262	0.181901100297065	0.155604382442856	0.163048770916838	-0.040611655664897	525.161059182296	0.442991304814218	0.574590899635867
DZANK1	betareg	8	8	0.122337039045132	0.0861581998641887	0.155633379128092	0.167002518531919	-0.0255327923198194	72.9616978466864	0.442991304814218	0.574590899635867
SLIT3	betareg	8	8	0.302907364676038	0.213353950929993	0.155683079354355	0.168812155194846	-0.0529912636748642	108.001603970831	0.442991304814218	0.574590899635867
SNPH	betareg	8	8	0.202346359407002	0.142551392530483	0.155764215294915	0.167207537676185	-0.0386969845458828	1417.64466644146	0.442991304814218	0.574590899635867
VEZT	betareg	8	8	-0.104467495301353	0.0736424082119985	0.156022102780292	0.171457008739018	0.0149914630161176	976.377663862333	0.443006592839883	0.574610729281109
KCTD7	betareg	8	8	0.184137000498733	0.129818497916326	0.156068524501782	0.165129334651377	-0.0372589861569347	1419.49745185175	0.443006592839883	0.574610729281109
MID1	betareg	8	8	-0.296063091262533	0.208836899262906	0.156285336409391	0.161510778399689	0.0464480260921343	154.126764174558	0.443006592839883	0.574610729281109
SMIM19	betareg	8	8	0.169640517127955	0.11969685847936	0.156409495268277	0.166507136965893	-0.0301850927582492	439.923646629329	0.443006592839883	0.574610729281109
C1orf52	betareg	8	8	-0.209589241737405	0.147908946952275	0.156478452486408	0.169980989238459	0.0314291705743051	770.350292982117	0.443006592839883	0.574610729281109
RIMS3	betareg	8	8	0.17178445937409	0.121258733973412	0.15657738475959	0.168835862640286	-0.0313341117485837	3870.22114217591	0.443006592839883	0.574610729281109
RHEB	betareg	8	8	0.113553948580411	0.0802389888476597	0.157010845150896	0.166123455683955	-0.0083940117478061	1642.66548962414	0.44332452882201	0.57502311462595
NAA30	betareg	8	8	0.0928424907712441	0.0656135718616928	0.157071683996107	0.168767563456824	-0.0192294453675842	601.072238215188	0.44332452882201	0.57502311462595
CAMK2A	betareg	8	8	0.421383758138932	0.297815975215043	0.157093943686471	0.1724236296626	-0.0615676013902733	260.523375035491	0.44332452882201	0.57502311462595
FAR2	betareg	8	8	0.105887911467938	0.0749281444730949	0.157599054031199	0.170630822354972	-0.0223288775648791	706.113428436658	0.444137319945179	0.57607736191614
ATP11B	betareg	8	8	0.252911691862055	0.178987523721733	0.157651911602168	0.170794990239052	-0.0268660556163862	144.463386775943	0.444137319945179	0.57607736191614
EEF1A1	betareg	8	8	-0.364118957975224	0.258043350136766	0.158222000553898	0.17896378236612	0.0445095883592802	564.83561317661	0.444839834629124	0.576988572903507
EMSY	betareg	8	8	0.34919987596447	0.247542396679182	0.158342842581603	0.169602289238318	-0.0657269036877998	76.2957019422842	0.444839834629124	0.576988572903507
EIF3H	betareg	8	8	0.462035114821364	0.327573738464804	0.158398981399242	0.17297098405614	-0.0325082838918104	592.402805324311	0.444839834629124	0.576988572903507
BBS7	betareg	8	8	0.252060309760503	0.178724249843732	0.158442035483343	0.184502032168399	-0.0211172046438586	184.695583202667	0.444839834629124	0.576988572903507
PARM1	betareg	8	8	0.1416494599118	0.100480517527055	0.158622186457021	0.173878993843484	-0.0277899373400216	1007.31685999964	0.444965960412534	0.577152166921199
TTC17	betareg	8	8	0.23348041592088	0.165862523746729	0.159227528241312	0.171711419644641	-0.0494513613332489	201.290794009594	0.445792396317878	0.578224112454175
DNAJC24	betareg	8	8	0.231088701940082	0.164164144411856	0.159229240786347	0.171863901197509	-0.0374342769236915	328.868718093961	0.445792396317878	0.578224112454175
GABRG2	betareg	8	8	-0.283861027067126	0.201698764846942	0.159323232485031	0.157601719232725	0.00575209706372171	2056.10904592873	0.445792396317878	0.578224112454175
STAR	betareg	8	8	0.421751262396133	0.299793237338883	0.159484589166732	0.188031847434737	-0.0436642235836391	118.789311878856	0.445851336849317	0.578300562471628
ZBTB8B	betareg	8	8	0.328089641696002	0.233288845394688	0.159615291141419	0.161016834053021	-0.0574411642281008	242.01547914155	0.445851336849317	0.578300562471628
GRB10	betareg	8	8	0.122743357209043	0.0873513779891887	0.159971340557062	0.170889695016368	-0.0204849934008496	871.998854757406	0.446389730708772	0.578998897198971
GALNT1	betareg	8	8	0.173099873410689	0.123219883875901	0.160079357707307	0.187097275025167	-0.0150259736961189	650.480010472207	0.446389730708772	0.578998897198971
RUNX1T1	betareg	8	8	-0.184005872003325	0.131098474820754	0.160446966249066	0.163992096048948	0.0079583502175853	4495.48256715641	0.447035982460273	0.579837131203229
SLC45A4	betareg	8	8	-0.277999116327	0.198357428499282	0.161062829452474	0.186736296479585	0.0336470816613388	176.397395273881	0.448301862013429	0.581479066075029
WDR5B	betareg	8	8	-0.278317409906527	0.19863715124312	0.161173789870375	0.177456628136391	0.047490768100582	149.337831631371	0.448301862013429	0.581479066075029
SH3GLB2	betareg	8	8	-0.274798435964375	0.196308502731846	0.161564377447298	0.181082648547236	0.00591636953151104	1291.20410250117	0.449008723097726	0.58239591464955
UBN2	betareg	8	8	-0.322360721544718	0.230952125355027	0.162777671519663	0.163380998922228	0.00749734947191877	284.918779011224	0.45171388208972	0.585904696248591
SPRY4	betareg	8	8	0.291225115603539	0.208686388444427	0.162860406617822	0.174469383852875	-0.0490028563195729	528.08895555144	0.45171388208972	0.585904696248591
TRIM33	betareg	8	8	-0.199227281908885	0.142841682370179	0.163093679688924	0.173034926927449	0.0401818828195	291.45013006951	0.45171388208972	0.585904696248591
KLHL7	betareg	8	8	-0.259866151262399	0.186370007407771	0.163210106636784	0.157553584609586	0.00590518600121499	1508.43024344813	0.45171388208972	0.585904696248591
VPS13A	betareg	8	8	0.308005254666037	0.220905373779696	0.16323127779735	0.173819572581069	-0.040306286076252	169.858587285876	0.45171388208972	0.585904696248591
AIMP1	betareg	8	8	0.181026359677301	0.129874610370028	0.163361431240821	0.174161787008394	-0.0365525604705504	149.942144170987	0.45171388208972	0.585904696248591
ZNF285	betareg	8	8	0.392974792190738	0.282077976113903	0.163576729858691	0.178024433527238	-0.0195265854504101	313.640582971154	0.451929435865111	0.586184284665736
MTAP	betareg	8	8	0.35269869590832	0.253367818980343	0.163909619691377	0.171091586374471	-0.0581973045130216	57.5606053077965	0.451996502950218	0.586271275395236
SLC25A37	betareg	8	8	0.347026663147227	0.249456289372507	0.164185358552945	0.176252182475606	-0.0759512770998585	77.5921417964736	0.451996502950218	0.586271275395236
ZNF829	betareg	7	8	0.27081761881377	0.194678890008242	0.164195393138776	0.186697543120946	-0.037079848099984	73.0636250177045	0.451996502950218	0.586271275395236
ACTR1A	betareg	8	8	-0.0480752014085931	0.0345619624179878	0.164229711169517	0.177229626643037	0.00839056305062418	4679.68969620826	0.451996502950218	0.586271275395236
RNF11	betareg	8	8	0.111685107216451	0.080303112510552	0.164287826938309	0.176839547735414	-0.0236439894476532	1923.08938179067	0.451996502950218	0.586271275395236
USPL1	betareg	8	8	-0.293543781926343	0.211147544155857	0.164458857130116	0.16006462774856	0.0243154890740315	618.249733936167	0.452089048492217	0.586391313476472
ZNF224	betareg	8	8	-0.191602749925776	0.137866179250376	0.164597695170467	0.182899140243973	0.0182729484204865	907.110285095778	0.452093018812827	0.586396463261731
RAB33B	betareg	8	8	0.118493191970264	0.0852885971447005	0.164735328762801	0.175805921015126	-0.0218220354686714	455.923084087698	0.452093677067152	0.586397317063917
ZNF549	betareg	8	8	0.210812538586134	0.151977606339728	0.165402443569122	0.178882397746248	-0.0445284149279316	113.422560304689	0.453519900279193	0.58824722894612
PHOX2B	betareg	8	8	0.314893008876643	0.227079457964586	0.165530675249365	0.17591513503352	-0.0713905329143748	789.960732625715	0.453519900279193	0.58824722894612
VCL	betareg	8	8	-0.0923859126609841	0.0666719341355359	0.165844880860461	0.179912006717807	0.0169829968829541	773.403184349195	0.453529065201193	0.588259116494973
FLNB	betareg	8	8	-0.175215069966762	0.126463739674873	0.165900698914415	0.176552030931882	0.0327854000398637	140.130984096702	0.453529065201193	0.588259116494973
LDAF1	betareg	8	8	0.127806570007575	0.0922562424592744	0.165947510838788	0.178516007985867	-0.0252053895656639	312.878900720529	0.453529065201193	0.588259116494973
METTL9	betareg	8	8	0.107446013504128	0.0776369900280475	0.166372577400046	0.180972713451394	-0.019994425066183	2297.70760486036	0.454313421342745	0.589276481612778
PKP4	betareg	8	8	0.415826757409621	0.300822902583943	0.166880361847787	0.176877779554368	-0.0343500071159978	111.596715172321	0.455322167078176	0.590584895826164
CDK13	betareg	8	7	0.420275490337278	0.304406374216157	0.167389805524144	0.21672718518223	-0.0448426132750338	190.331417031347	0.455969247666844	0.59142420489056
MAPK8IP2	betareg	8	8	-0.295235179893454	0.213974139378681	0.167657354821835	0.165712071155117	0.016696075825419	2583.06892593933	0.455969247666844	0.59142420489056
SUZ12	betareg	8	8	0.0941236695408915	0.0682199202453718	0.167676118051299	0.182040030370954	-0.017927620358163	174.47563306813	0.455969247666844	0.59142420489056
PLPP3	betareg	8	8	0.307074358786564	0.222603567119274	0.167750697983395	0.174530846817845	-0.0543862915777883	113.4800746237	0.455969247666844	0.59142420489056
ZNF587	betareg	8	8	-0.168138543762586	0.121903682964451	0.167810382409201	0.180825169872326	0.0352357255464234	329.49804095753	0.455969247666844	0.59142420489056
PAQR9	betareg	8	8	0.299716748770493	0.217650369342263	0.168494932338731	0.181776107167717	-0.0532796060407651	224.987792457088	0.457451538899876	0.593346840942001
NUFIP1	betareg	8	8	0.220797906389166	0.160505197819539	0.168932081776664	0.176944007126115	-0.0462537771554101	72.1499117655494	0.458001197231852	0.594059786482986
CAPN5	betareg	8	8	0.0883790784244344	0.0642550442181548	0.168994494578731	0.180857026279742	-0.018373580422291	702.656986429324	0.458001197231852	0.594059786482986
MTHFD1	betareg	8	8	0.378842003410836	0.275510801114963	0.169114957960831	0.173767347699585	-0.0693182794962599	124.367286003098	0.458001197231852	0.594059786482986
ORAI2	betareg	8	8	0.162836226868678	0.118507321756135	0.169422908560999	0.17120544521627	-0.00369566986373099	4747.22805658388	0.45826334286731	0.594399807821727
HIGD1A	betareg	8	8	0.111034628224739	0.0808455036826558	0.169622597586408	0.18166162951489	-0.0186156049911023	2018.29168273199	0.45826334286731	0.594399807821727
ADD3	betareg	8	8	0.138736948681523	0.101017508722236	0.169629560901327	0.181926361013101	-0.0295201747964442	704.762456778987	0.45826334286731	0.594399807821727
RBSN	betareg	8	8	0.242229755849731	0.176537779924529	0.170028310679132	0.179466389963923	-0.0410647393109087	669.714172769832	0.458370479133695	0.594538771099372
NUDT5	betareg	8	8	-0.120940522959235	0.0881725348878443	0.170177134600783	0.181626989625787	0.0253171489751135	255.007656754814	0.458370479133695	0.594538771099372
BMS1	betareg	8	8	0.21536378086972	0.157040580521592	0.170253613194954	0.179372870136408	-0.041086706903637	196.096544848188	0.458370479133695	0.594538771099372
NFIB	betareg	8	8	0.154105062742018	0.112388061414047	0.170316630893943	0.182129484746579	-0.0261435067567567	201.65656838931	0.458370479133695	0.594538771099372
TPMT	betareg	8	8	-0.188237923232669	0.137296759874947	0.170365725645392	0.183417364522658	0.0384986001624712	87.7578768447621	0.458370479133695	0.594538771099372
HCN1	betareg	8	8	0.123633744543652	0.0902148592626978	0.17055065517928	0.181841001413968	-0.0237958672994718	806.521712904559	0.458493141482276	0.594697872798338
MEGF11	betareg	8	7	0.419742467964937	0.306618661726811	0.171018115349749	0.169015703378525	-0.0543023776733929	55.801487492214	0.459353866911153	0.595814294256599
KLHL28	betareg	8	8	0.23124399456994	0.168974039707658	0.17115002923116	0.182124787132982	-0.0514607587128838	230.95577439016	0.459353866911153	0.595814294256599
WDR41	betareg	8	8	-0.169395612823858	0.123891673342771	0.171535014695234	0.187387564726669	0.0134722372148703	968.322777221669	0.459652600674864	0.59620177297272
GAS7	betareg	8	8	0.356167123283769	0.260495106328427	0.171540716309864	0.18156884913791	-0.0676982948105025	456.655044761563	0.459652600674864	0.59620177297272
TBC1D16	betareg	8	8	0.232111611897145	0.169854679289491	0.171772492200832	0.198567182557262	-0.0201442994098753	1172.98774213482	0.459899145969378	0.59652155957132
SLC29A4	betareg	8	8	-0.185388924419183	0.13571480341819	0.171933174806092	0.177487030963443	0.017170335041195	1324.93851685326	0.459955101837385	0.596594138270244
EXD2	betareg	8	8	0.0796419467964951	0.0583704779404739	0.172434881792844	0.183958487205743	-0.0165565770845569	328.987704888688	0.459961428838256	0.596602344835661
NME6	betareg	8	8	0.235583218335937	0.172676649185819	0.172472317172379	0.179846275597722	-0.0474144304584905	472.951431933365	0.459961428838256	0.596602344835661
DDX25	betareg	8	8	-0.216844677729462	0.158952187313608	0.172500463797061	0.195527947616913	0.0240835049191987	307.617813330876	0.459961428838256	0.596602344835661
MOCS3	betareg	8	8	-0.180906721261192	0.132622809114991	0.172545711122927	0.195687576840757	0.0232121981976469	454.803978689135	0.459961428838256	0.596602344835661
HDAC4	betareg	8	8	0.293832788143852	0.215476082862594	0.172679460600296	0.187165164295745	-0.0152548298247134	457.134254762201	0.459961428838256	0.596602344835661
RPP25	betareg	8	8	0.230348848038018	0.16895876394922	0.172774249816513	0.190882739902902	-0.0310680275264879	539.316451339379	0.459961428838256	0.596602344835661
DCP1A	betareg	8	8	-0.223157996318783	0.163892212865573	0.173319609815561	0.188360087444162	0.0430090120355803	196.303257142726	0.46104028203869	0.598001693365251
USP40	betareg	8	8	-0.180163432754409	0.132380946150197	0.173530483884662	0.18435139260207	0.0373409098604663	83.5513113116469	0.46119163041143	0.598198002856444
RAB31	betareg	8	8	0.218833510714799	0.160842276708786	0.173656824165683	0.18433143934745	-0.0482239239450528	400.047638048094	0.46119163041143	0.598198002856444
MGLL	betareg	8	8	-0.23810634711544	0.17530243343875	0.174381082322747	0.187529581301604	0.0517675479453463	303.145922326367	0.462210640115868	0.59951973016
ERI1	betareg	8	8	-0.237737034327865	0.175132405346273	0.174631832332884	0.182253313571086	0.0442701966214653	89.711761569414	0.462210640115868	0.59951973016
ANXA11	betareg	8	8	0.443159886866774	0.326670074487361	0.174909058226072	0.188893246251678	-0.0449602001592145	63.1097539461586	0.462210640115868	0.59951973016
FMNL3	betareg	8	8	-0.0857964671894624	0.0633182110605481	0.175416091760219	0.189040161332169	0.00751520488530314	839.872976398105	0.462210640115868	0.59951973016
MTF1	betareg	8	8	-0.276819196586941	0.204300921308598	0.175430893813194	0.18734684560739	0.054254069435738	119.057812549229	0.462210640115868	0.59951973016
PKD2	betareg	8	8	0.236986369874394	0.174951948260471	0.175551482370449	0.190077976670842	-0.0448336681407026	99.1966171936862	0.462210640115868	0.59951973016
STIM2	betareg	8	8	0.27665157992986	0.204343179202747	0.175781791428121	0.184158233725837	-0.025271470324501	415.739734265167	0.462210640115868	0.59951973016
ETNK1	betareg	8	8	0.273341288281823	0.202020307640512	0.176043276974475	0.198547822615681	-0.0144141256299245	1455.14139686352	0.462210640115868	0.59951973016
CPLX2	betareg	8	8	0.255438977328703	0.188791999550568	0.176049873783555	0.204776742561497	-0.00555203110543653	1824.911959996	0.462210640115868	0.59951973016
MTMR7	betareg	8	8	0.171689395837693	0.1268978037534	0.17606402054354	0.18371609805079	-0.0325602039680773	953.633832364126	0.462210640115868	0.59951973016
ZNF225	betareg	8	8	-0.296580321882218	0.219225588773987	0.176102121162846	0.18908957764926	0.0245344710779605	204.376896355288	0.462210640115868	0.59951973016
LRP8	betareg	8	8	-0.106863705752047	0.0789987341030129	0.176142921467374	0.18755492985194	0.0223300746467249	702.807821839156	0.462210640115868	0.59951973016
CDYL2	betareg	8	8	0.270210085135978	0.19975899737593	0.176157747206317	0.189990601510853	-0.0463078182372865	675.353695761303	0.462210640115868	0.59951973016
C2orf72	betareg	8	8	-0.279815140216951	0.206883482833884	0.176207337799006	0.187792149634531	0.0181086597823681	449.120233909377	0.462210640115868	0.59951973016
MANSC1	betareg	8	8	-0.435263136849303	0.322010798867776	0.176470172073712	0.196549445638028	0.0140496912556807	471.656054867616	0.462210640115868	0.59951973016
DPP10	betareg	8	8	-0.220779103321659	0.163359848354775	0.176538713403554	0.183471207927339	0.0332906122258032	294.630646752122	0.462210640115868	0.59951973016
SERINC5	betareg	8	8	0.432112834665263	0.319739846465423	0.17655090663689	0.204077377448315	-0.0264208800556772	228.026589098886	0.462210640115868	0.59951973016
CHD2	betareg	8	8	-0.273233250091915	0.20218608407657	0.176568955204105	0.199776923219665	0.00989732154350222	383.045725248936	0.462210640115868	0.59951973016
SMIM13	betareg	8	8	0.176982709693222	0.131054491492079	0.176871261830099	0.190148406636906	-0.0251177261979677	896.706334956052	0.462233273425475	0.599549087155469
MFSD4B	betareg	8	8	-0.297898201587613	0.220607371954267	0.17690223415984	0.203300180394929	0.0437905613110772	292.230746381448	0.462233273425475	0.599549087155469
CHRNA4	betareg	8	8	0.288090315162949	0.21339187790261	0.176999027604473	0.225131930975885	-0.006130732020503	1021.8321290636	0.462233273425475	0.599549087155469
TADA2B	betareg	8	8	-0.0929333312118186	0.0689057484490028	0.177432654066639	0.187370820180278	0.0100030235036615	807.953191670096	0.462817786003742	0.600307241106902
TMEM260	betareg	8	8	0.271111233067105	0.201049552327422	0.177504156109867	0.187463547576539	-0.0569732723441754	168.69733710837	0.462817786003742	0.600307241106902
MTMR6	betareg	8	8	0.230443883575213	0.170982214116792	0.177733903564632	0.185495633948934	-0.00722859885628994	1400.61006415507	0.462852583579129	0.600352376011198
ZC3H6	betareg	8	8	0.258186654318838	0.191595172858339	0.177798829259174	0.18502313747803	-0.04934172034928	87.6858752793046	0.462852583579129	0.600352376011198
VPS26A	betareg	8	8	0.0681446223744277	0.0506047624906249	0.178107507291389	0.191091609968486	-0.0134450139282696	1136.13310663912	0.462934846122938	0.600459076320075
AP4E1	betareg	8	8	0.535494565288566	0.397666651276973	0.178111806612281	0.193324574348355	-0.0607245570454812	78.989938004575	0.462934846122938	0.600459076320075
MARCHF5	betareg	8	8	0.156021654153898	0.115970628908989	0.178510651426314	0.192623970415322	-0.0280735194273763	511.522291950987	0.463605296726116	0.60132869793805
TRUB1	betareg	8	8	0.166622894223652	0.123998556805828	0.17902967719586	0.186157944637825	-0.029727803402306	818.277093077507	0.464563404701356	0.602571431412632
CCDC25	betareg	8	8	-0.172554640080527	0.128491859502556	0.1792969921414	0.191888877603001	0.0353021986154236	319.102447170399	0.464563404701356	0.602571431412632
C9orf85	betareg	8	8	0.200494487717444	0.149299216529659	0.179303120406289	0.191772544832436	-0.0396333356296479	171.10055797454	0.464563404701356	0.602571431412632
TCP11L1	betareg	8	8	0.177332049628648	0.132185826061343	0.179746476600105	0.193682746337905	-0.0363047231170069	125.872883731036	0.465169820875818	0.603357995869883
SLK	betareg	8	8	0.21759659051562	0.162226951790237	0.17981990879721	0.196878393137417	-0.0211665324571151	248.125694761041	0.465169820875818	0.603357995869883
USP45	betareg	8	8	0.24429072651139	0.182303133993485	0.180237271913447	0.185430716798222	-0.0410582506186422	104.365227178235	0.465696682982424	0.604041373102187
SORCS1	betareg	8	8	0.338999073297288	0.253176709329144	0.180576511346261	0.21037363486906	-0.0350101806234874	189.816445536079	0.465696682982424	0.604041373102187
ZKSCAN5	betareg	8	8	0.0975989095009216	0.0728928805550663	0.180591474870789	0.190190524982961	-0.0174446384468932	368.338668108271	0.465696682982424	0.604041373102187
MRPS18C	betareg	8	8	0.224439752648398	0.167636324071423	0.180619781303718	0.200966946479112	-0.0276956224065679	483.755959576434	0.465696682982424	0.604041373102187
FARSB	betareg	8	8	0.29377837555506	0.219482134510951	0.180731216834933	0.215713298896539	-0.0287354356773255	805.670598176145	0.465696682982424	0.604041373102187
SLC35A5	betareg	8	8	-0.236019256980477	0.176490937789594	0.181128565575759	0.17695216882456	0.00832783570834238	1527.13846173843	0.466125341450005	0.604597373303201
MFSD14B	betareg	8	8	0.0993856220708411	0.0743684885839169	0.181420437956495	0.193114322074829	-0.0201908804832201	193.312302685397	0.466125341450005	0.604597373303201
C16orf46	betareg	8	8	0.21642082603716	0.161955646837684	0.18145225495754	0.192913976413418	-0.0386590746102431	125.085794373052	0.466125341450005	0.604597373303201
ABCF2	betareg	8	8	-0.0728284123154358	0.0545092842201296	0.181525237678369	0.193734789898601	0.0136752345650349	531.913176676337	0.466125341450005	0.604597373303201
ENGASE	betareg	8	8	0.0750122864014538	0.056179432280845	0.181802111586305	0.193616467557978	-0.0124319008318432	285.379325083139	0.466125341450005	0.604597373303201
ZNF334	betareg	8	8	-0.246244950739137	0.184487022673211	0.181956590736445	0.185818278388258	0.0325926987675711	233.84237637857	0.466125341450005	0.604597373303201
ACAA2	betareg	8	8	0.290466729763537	0.217623512530493	0.181967591303873	0.193451485168139	-0.0335121848335367	158.993933004344	0.466125341450005	0.604597373303201
C2CD2L	betareg	8	8	0.205723573402433	0.154154544571903	0.182030839900331	0.191833439158176	-0.0182449202569621	585.230559357747	0.466125341450005	0.604597373303201
PAG1	betareg	8	8	-0.142986541059701	0.1072420149287	0.182431041186419	0.189542820284446	0.0234437443215206	1419.1229956727	0.466786876348644	0.60545543062491
GAS8	betareg	8	8	0.0789500002188098	0.0592396497759501	0.18262296389009	0.193229326321865	-0.0125101601513267	294.955182068869	0.466914874241624	0.605621452900471
EPHA5	betareg	8	8	0.267586900582462	0.200900121029658	0.182879916347277	0.189241424856764	-0.044239321066846	270.162296618044	0.467208806841651	0.606002704169393
GDAP2	betareg	8	8	-0.247328379220414	0.185768712350147	0.183064660145184	0.188497726020887	0.0266710255208067	173.875077307474	0.467317952865045	0.606144274243324
RMI1	betareg	8	8	0.124014689039815	0.0931959161244033	0.183291686777781	0.19686751940995	-0.020715031447389	384.735453483113	0.467534783420871	0.606425518734551
AIFM2	betareg	8	8	-0.500467829502343	0.376443547979545	0.183695211625875	0.201987050843019	0.0597453180715292	57.6795409280666	0.467840966384287	0.606822659586957
SCG3	betareg	8	8	-0.0568128194176646	0.0427337393069826	0.183696081580682	0.193186696059912	0.0107570356718608	1861.60476948968	0.467840966384287	0.606822659586957
PLRG1	betareg	8	8	-0.139161534898741	0.104863749340234	0.184485531036756	0.196114053128332	0.028995682750474	198.854007431958	0.469488171591113	0.608959200668891
ZFP37	betareg	8	8	-0.276237027543106	0.208250261495083	0.184685173424265	0.184810707241408	0.0099580646016561	417.599545763841	0.469529974786511	0.609013422355391
GLS	betareg	8	8	-0.164656710999254	0.124160697188183	0.184787343474749	0.202321645061549	0.0247381758918948	2312.48190670709	0.469529974786511	0.609013422355391
VPS26B	betareg	8	8	0.0606761987757332	0.0458050843464143	0.185283686800513	0.196881892104961	-0.00745614157230241	3919.14139801625	0.470180112724841	0.609856697017472
UBXN2A	betareg	8	8	0.260373310167566	0.196605785981739	0.185389470233287	0.192742279446256	-0.0487508315452798	186.393233191558	0.470180112724841	0.609856697017472
DCLK1	betareg	8	8	-0.149522051778898	0.112924059897196	0.185471882082633	0.195778459323106	0.0130884663404712	2520.51161772814	0.470180112724841	0.609856697017472
CACNA1C	betareg	8	8	0.322206504556863	0.243448264580889	0.18566543451167	0.201329072015788	-0.0306937283614616	411.455936069099	0.470308444249501	0.610023152036803
IPO8	betareg	8	8	-0.132872280223943	0.100441954292697	0.185876520115584	0.195280310208414	0.0218979545153157	140.938869269792	0.470480957399238	0.610246913733317
PEX2	betareg	8	8	-0.152995955092106	0.115761248406047	0.186284434427033	0.207826599379248	0.0166036334934667	694.27616740029	0.470518199388356	0.610295219214258
NLE1	betareg	8	8	-0.14480693209961	0.109567538811227	0.186293864283003	0.201316842354644	0.0268121798929313	506.029279879571	0.470518199388356	0.610295219214258
IFNAR2	betareg	8	8	0.232251797245558	0.175793029214315	0.186445974795763	0.192721131245476	-0.0417003998341951	174.215882258795	0.470518199388356	0.610295219214258
SIM1	betareg	8	6	0.27600458224588	0.208917995605865	0.186463206620289	0.193558476740697	-0.0547471387341203	66.1605061265326	0.470518199388356	0.610295219214258
LRRC55	betareg	8	8	0.463893199979276	0.351273248278307	0.186633112471207	0.205022545764048	-0.067710501657616	188.104307424022	0.470586058148798	0.610383236802384
HLCS	betareg	8	8	0.13614838641821	0.103184344000287	0.187012874898893	0.198965017498729	-0.0258875713116388	293.341745814855	0.470745665276534	0.61059025848005
ISY1	betareg	8	8	-0.253789900202478	0.192498462162496	0.18736990648895	0.195848282947956	0.0211311435908049	271.094710466512	0.470745665276534	0.61059025848005
ZNF561	betareg	8	8	-0.133347614972375	0.101146766174637	0.187383943982396	0.199306265387405	0.0279510132321087	218.299449946425	0.470745665276534	0.61059025848005
NAP1L1	betareg	8	8	0.139663802963693	0.106000931789957	0.187647143174837	0.191547911778567	-0.0124411731560604	1070.10303868523	0.470745665276534	0.61059025848005
BCL2	betareg	8	8	0.43910393729831	0.333469130154399	0.187913931023057	0.200349776700147	-0.0837692571717394	63.0418064317461	0.470745665276534	0.61059025848005
HNRNPLL	betareg	8	8	-0.19852657802769	0.150769694619442	0.187921141926751	0.189202518585029	0.0331668456334587	246.519759149338	0.470745665276534	0.61059025848005
ERCC6	betareg	8	8	-0.222492993541665	0.16898249225597	0.187951614428569	0.188904778198856	0.0313756494561204	127.403800441215	0.470745665276534	0.61059025848005
JAM3	betareg	8	8	0.16030852021162	0.121782881267324	0.188057630643861	0.20005909387031	-0.0239494640771094	704.392052275031	0.470745665276534	0.61059025848005
SH3BGRL	betareg	8	8	0.0893810335615028	0.0679084081483518	0.188106989158148	0.199078651180326	-0.0183180703652769	2262.63952392075	0.470745665276534	0.61059025848005
SPCS1	betareg	8	8	0.269074821342048	0.204442390816811	0.188127036059341	0.207099207513323	-0.00294716071381015	2272.06483948397	0.470745665276534	0.61059025848005
ZNF576	betareg	8	8	-0.314875561801321	0.239599655132357	0.188787761806671	0.205768611706499	0.0209384596007837	445.784868357399	0.472040017305775	0.612269124157197
ARL8B	betareg	8	8	0.0818902808105544	0.0623516907710904	0.189061322503047	0.200517398098974	-0.0171618900959272	1540.23036702315	0.47236508133594	0.612690755082007
TMED8	betareg	8	8	0.353278423101399	0.269100416680592	0.189246096420274	0.206745645853281	-0.0150502970817088	1261.52279599913	0.472467988814733	0.612824233324529
TRAPPC13	betareg	8	8	0.123267607711496	0.0939478729459458	0.189491410400159	0.198922698912226	-0.0247795761373553	293.122065868068	0.472721768765581	0.613153403781562
NDUFAF6	betareg	8	8	0.0956881375031449	0.0729783895739601	0.189795418024378	0.201941985768062	-0.0194806037222515	196.510996606396	0.473121475550179	0.613671851612155
DESI2	betareg	8	8	0.333505384033002	0.254562124873382	0.190157299095954	0.200098468417265	-0.0670327661623644	364.786806319602	0.473337820572069	0.613952466331697
CHAMP1	betareg	8	8	0.336542357136433	0.256949978992546	0.190277627952876	0.210097373723567	-0.0237508350453787	310.44070282766	0.473337820572069	0.613952466331697
RBM11	betareg	8	8	0.122094327793533	0.093226577795968	0.190313756550336	0.199046363623674	-0.025234735905911	103.267350223262	0.473337820572069	0.613952466331697
ZNF655	betareg	8	8	0.168010452422003	0.128368092657097	0.190596055352876	0.196502213237667	-0.0243546518421589	780.677687457188	0.473418551908675	0.614057180557066
TYW3	betareg	8	8	0.250826869449137	0.191668815048581	0.190653864682455	0.201890113988449	-0.0421725713559039	79.4516909678315	0.473418551908675	0.614057180557066
MKLN1	betareg	8	8	-0.186453826013447	0.142518122322241	0.190777840069979	0.196205888010513	0.0236390792423413	542.233056848017	0.473418551908675	0.614057180557066
KIAA0232	betareg	8	8	-0.116788579226319	0.0894387498033077	0.191622634849024	0.202153670335912	0.00690712359380587	688.628658535645	0.474697585742592	0.615716177456798
HPS4	betareg	8	8	0.346610242272513	0.265447695305905	0.191635135480177	0.18935862011945	-0.00613357748519881	332.869750616696	0.474697585742592	0.615716177456798
TRAPPC6B	betareg	8	8	0.112693740883587	0.086322945377644	0.191726054320545	0.208016437377752	-0.0156616207895952	1636.61290475252	0.474697585742592	0.615716177456798
DCTN4	betareg	8	8	0.0847933744955771	0.0649825929364556	0.19193953711571	0.203664496597135	-0.0175906824374127	1193.900005054	0.474760581363137	0.615797887210215
ZNF461	betareg	8	8	0.322431136600941	0.247155525011723	0.19204006276401	0.190245328288797	-0.0320145970126902	169.677654460164	0.474760581363137	0.615797887210215
FPGT	betareg	8	8	0.290375733205793	0.222666617102946	0.192205310247177	0.196106301201252	-0.052894536686073	115.571121627228	0.474812371886805	0.615865063164378
MTPN	betareg	8	8	0.353781114093327	0.271500608287891	0.192554867399975	0.20766739616458	-0.0744263417527684	1675.50672990653	0.474941925751007	0.616033103644121
PDPK1	betareg	8	8	0.261849254801292	0.200975567535073	0.192611982688323	0.219197008095223	-0.0539031747836998	878.888522221196	0.474941925751007	0.616033103644121
CDC42SE2	betareg	8	8	0.0946706377422061	0.0726748477213121	0.192690766955225	0.205264358529079	-0.01795208620268	720.631742507741	0.474941925751007	0.616033103644121
DHX36	betareg	8	8	-0.282871230041701	0.217397386384736	0.193199842138186	0.203586026853934	0.047743763335871	265.155934463499	0.475840253600355	0.617198298088156
MTR	betareg	8	8	-0.277021334510536	0.212999456011781	0.193404665146344	0.197920603005108	0.0219021080867423	294.894616591213	0.475988442278481	0.617390509233058
MAPRE1	betareg	8	8	-0.0668673941089967	0.0514536864287888	0.193750207941604	0.204056031702278	0.0134591213083231	2163.41503962169	0.476482476239328	0.6180313060499
RTN4RL1	betareg	8	8	0.0902395328423564	0.0694931589975671	0.194102402990707	0.20343147519232	-0.0152558454411731	1612.67149329887	0.476992119701028	0.61869234948793
AKAP11	betareg	8	8	0.269375472641912	0.207805088142904	0.194875899195392	0.204307386649844	-0.00911615538871514	420.414301959343	0.47853554591701	0.620694281914876
TRMT1L	betareg	8	8	0.177617750904029	0.137108985532176	0.195165251383827	0.206329023846511	-0.0384793018295837	156.430462088741	0.478888696984116	0.621152343703337
SMG1	betareg	8	8	0.167766034170729	0.129571738433405	0.195398427046948	0.204443596893104	-0.0358052293289774	321.338988763752	0.479103580747184	0.621431063067344
PDSS2	betareg	8	8	0.144682039351652	0.111818723213571	0.195700602847376	0.202186147033658	-0.0224233496298566	204.836639703166	0.479487202148333	0.62192864702353
NMT2	betareg	8	8	-0.144615084758991	0.111872479376315	0.19612247496572	0.209031950632086	0.0165032197060041	198.381729887335	0.480163303133485	0.622805597584595
LMF1	betareg	8	8	0.131271572978968	0.101621776619507	0.196438134955818	0.206341422184319	-0.026225687395815	240.727938843726	0.480410020314072	0.623125607131528
KIAA0513	betareg	8	8	0.338086419686783	0.261769264835746	0.196515245360599	0.205935937690995	-0.0626648794732795	1377.60841399402	0.480410020314072	0.623125607131528
CDON	betareg	8	8	-0.409100777431734	0.317211247272586	0.197162031698286	0.208425500837897	0.0346094555808055	162.977477811347	0.481315513349603	0.62430009532632
GIN1	betareg	8	8	0.310947012710344	0.241112835079204	0.19717819318179	0.210167644390661	-0.0636746181322284	78.7006952840912	0.481315513349603	0.62430009532632
SLC25A27	betareg	8	8	0.086024048039823	0.0667455458737072	0.197455182228853	0.208653464452525	-0.0181235860276958	408.793976564949	0.481328438323955	0.624316859927701
ATXN7L3B	betareg	8	8	0.233544958653738	0.18127264194852	0.197619643945375	0.206118827217814	-0.00234155444111218	14334.6437648228	0.481328438323955	0.624316859927701
NSD1	betareg	8	8	0.27986850296075	0.217265687549071	0.197697425377735	0.203854547418271	-0.056851479788617	288.147338124495	0.481328438323955	0.624316859927701
MTMR3	betareg	8	8	0.212581294497128	0.165099631864945	0.197887330925142	0.210907193890066	-0.0246659979465785	796.963224967339	0.481328438323955	0.624316859927701
MAN2A1	betareg	8	8	0.157503770633212	0.12236120335715	0.198023363654288	0.214487955038599	-0.0278148763464993	278.901121951371	0.481328438323955	0.624316859927701
DELE1	betareg	8	8	-0.223319834608087	0.173506870399105	0.198061159405367	0.221385351293472	0.025515758185451	277.023565334843	0.481328438323955	0.624316859927701
SLC9A3R2	betareg	8	8	0.433090067751229	0.336872689373664	0.198575919720964	0.213584747228293	-0.0174149312220116	387.824883015451	0.482223262219827	0.625477509497472
RBM17	betareg	8	8	0.188608438938669	0.146767533993549	0.198763338503677	0.204290352672235	-0.0356662657369335	359.280200314317	0.482269651760488	0.62553767999656
SMIM14	betareg	8	8	-0.225490424102202	0.175516394579141	0.198888151770228	0.207321466779581	0.0241119142631824	1616.33312011881	0.482269651760488	0.62553767999656
KCNJ2	betareg	8	8	0.623600131622758	0.486373174911251	0.19979236453822	0.217713960772856	-0.0933166508199308	56.9184713286891	0.484105465775847	0.627918859977263
MINPP1	betareg	8	8	0.102635994985255	0.080186653833975	0.200557951620084	0.21238824914567	-0.0194862176470743	405.0506565231	0.485602929260893	0.629861175507373
TDRP	betareg	8	8	-0.1247494299246	0.0975547775272935	0.200980563230442	0.211487986070105	0.0259406825659434	323.250262474629	0.485613304255283	0.629874632605279
RNF111	betareg	8	8	-0.262420323131669	0.205296121439134	0.201160336983185	0.208869531213589	0.0093720267424575	421.63215688799	0.485613304255283	0.629874632605279
MCTP1	betareg	8	8	0.244204988658503	0.191093322945235	0.201272082057921	0.206246391320825	-0.0337956234185768	117.866442871648	0.485613304255283	0.629874632605279
GPATCH8	betareg	8	8	-0.226278059761009	0.177066092856286	0.201274133528483	0.205374360505196	0.0258813100004239	1035.76681884732	0.485613304255283	0.629874632605279
TMEM74	betareg	8	8	0.242734200941042	0.189954890533328	0.201301681892038	0.209573903391763	-0.0513333535182726	335.071390477514	0.485613304255283	0.629874632605279
UBE2R2	betareg	8	8	0.121534249045923	0.0951811804708741	0.201647200585398	0.211195465514229	-0.0184673166585464	1465.19954402267	0.485613304255283	0.629874632605279
CHST15	betareg	8	8	-0.108412075185507	0.0849102499484255	0.201678405102349	0.216148090211688	0.0195976627967055	544.10138132019	0.485613304255283	0.629874632605279
OSBPL2	betareg	8	8	-0.101872250422964	0.079799553899795	0.20174288256125	0.212157059234821	0.0209588162809593	530.298317358976	0.485613304255283	0.629874632605279
TRIM44	betareg	8	8	-0.239038329744117	0.187893213531749	0.203300964551897	0.200194859104948	0.0402945517733632	2252.15412220586	0.48882850654311	0.634044976255361
FAF1	betareg	8	8	0.126950780109215	0.0998255507229312	0.203470376162946	0.214560048066499	-0.0264097215159026	302.777897552702	0.48882850654311	0.634044976255361
FAM199X	betareg	8	8	0.170116404262798	0.133843647937448	0.203725651133764	0.214013057083555	-0.0294007721826433	844.165296104178	0.48882850654311	0.634044976255361
THAP2	betareg	8	8	0.12497194672537	0.0983424994538497	0.203805965875959	0.213223481847311	-0.0242015153340875	194.916365286607	0.48882850654311	0.634044976255361
GATAD1	betareg	8	8	0.2150513348484	0.169299281654932	0.203997859094113	0.210182820724408	-0.0439499985225962	157.633293139936	0.48882850654311	0.634044976255361
MDM4	betareg	8	8	-0.323371579509532	0.254624289813995	0.20408640480433	0.214559785201568	0.0671773240546972	342.231864571278	0.48882850654311	0.634044976255361
KLHL8	betareg	8	8	0.21334247941341	0.168049347255499	0.20425466068395	0.212769774955994	-0.0405959944050264	515.137480155022	0.48882850654311	0.634044976255361
USP3	betareg	8	8	-0.123300253820813	0.0971547860403754	0.20440130815428	0.214838383875201	0.024721411921226	426.870185569494	0.48882850654311	0.634044976255361
ZNF790	betareg	8	8	0.185566127225152	0.146267153805763	0.204555426969408	0.224077775673312	-0.0263905905949665	176.272427317153	0.48882850654311	0.634044976255361
RBBP5	betareg	8	8	0.511830677997059	0.403443590125855	0.204564182826531	0.210645339293601	-0.0395807943671484	319.269969525386	0.48882850654311	0.634044976255361
SF3B3	betareg	8	8	-0.235056479863362	0.185616916008482	0.205386842730715	0.217337765035146	0.0453913093128515	689.25139147276	0.490187543639074	0.635807743016519
TRAF6	betareg	8	8	-0.178762993692343	0.141177380168198	0.205430852300792	0.213775556123595	0.0166715280996039	182.954278282791	0.490187543639074	0.635807743016519
ZNF226	betareg	8	8	0.140835529631993	0.111267298008852	0.205605989862195	0.217323879019427	-0.0290187566103287	439.446986065586	0.490249935842559	0.635888670095541
ATOX1	betareg	8	8	-0.0426449390794585	0.0337256706392522	0.206063080215512	0.216070141986197	0.00849768806215018	1803.18722013537	0.490944996632105	0.636790212857276
RABEP1	betareg	8	8	-0.0853821527262075	0.0675440894018103	0.206195893666531	0.216233512137681	0.0175451552465344	1628.62189803318	0.490944996632105	0.636790212857276
POFUT1	betareg	8	8	0.199430474094459	0.157982454364115	0.206819860768051	0.216129038722286	-0.0310531510259275	318.501523658478	0.491750777022352	0.637835366733458
PLEKHA1	betareg	8	8	0.240107118961759	0.190219736160831	0.206854574032516	0.217289949551262	-0.0461845384864011	1174.47092357355	0.491750777022352	0.637835366733458
JRK	betareg	8	8	-0.331612562474478	0.262787081822565	0.206982657667722	0.191482818725973	0.0349827599748838	522.711490621343	0.491750777022352	0.637835366733458
CS	betareg	8	8	-0.0900433236636598	0.0714183407503217	0.207385557983838	0.215485365216288	0.0136509769794566	2773.93565103361	0.491781806242543	0.637875613815851
GPR173	betareg	8	8	0.260241373068375	0.206442317953176	0.207452672035463	0.214426239702513	-0.0525098772942413	187.937349482217	0.491781806242543	0.637875613815851
CYRIA	betareg	8	8	-0.113816548878671	0.0902908267346933	0.207469237081587	0.228293126112098	0.0150286036794107	2372.26658371308	0.491781806242543	0.637875613815851
CHURC1	betareg	8	8	0.160488965386821	0.12736817291916	0.207655009998962	0.216816615042072	-0.0254252131475399	1123.1291260007	0.491781806242543	0.637875613815851
C8orf33	betareg	8	8	-0.0672458379840013	0.0534152067445129	0.208056754545216	0.219351225014616	0.0131939441340698	1314.01536884473	0.491781806242543	0.637875613815851
DPP8	betareg	8	8	-0.159091633283363	0.126394223605683	0.208140929761182	0.220935028413089	0.0333754799312956	302.93200732771	0.491781806242543	0.637875613815851
VHL	betareg	8	8	0.0826970957367589	0.0657060143563072	0.208177563648903	0.217893194868633	-0.0135418316921836	780.583861156306	0.491781806242543	0.637875613815851
RBAK	betareg	8	8	-0.210730080110049	0.167476956182758	0.208296608351043	0.207546052571406	0.025472709917383	335.737119781085	0.491781806242543	0.637875613815851
DCUN1D1	betareg	8	8	0.211277704324901	0.16794300062184	0.208380107466981	0.222116992471377	-0.038330445535958	721.04305997065	0.491781806242543	0.637875613815851
FAM149B1	betareg	8	8	0.148834209571674	0.118365809585258	0.208605647438266	0.211692596429403	-0.0126698920278615	749.420491762843	0.491781806242543	0.637875613815851
IGF2BP2	betareg	8	8	0.161174838835432	0.128230022423666	0.208782721237737	0.21601389660304	-0.0304439987920339	107.391470127094	0.491781806242543	0.637875613815851
HMGCLL1	betareg	8	8	0.130409326877779	0.103754583630943	0.208789182872714	0.218030853059672	-0.0228281109891707	579.561909400842	0.491781806242543	0.637875613815851
OLA1	betareg	8	8	0.166837580410767	0.132932126612105	0.209457565219201	0.230061465844693	-0.0162229114038439	1146.35126944201	0.493003211900287	0.639459862915272
GXYLT1	betareg	8	8	-0.327890635095728	0.261538135547092	0.209950686230211	0.199517092006347	0.0142332322242227	131.867853631731	0.493389794575378	0.639961287852174
LRATD1	betareg	8	8	0.213239771516065	0.170157760082074	0.210137064112199	0.256560179540062	-0.00467604429409151	1268.917330198	0.493389794575378	0.639961287852174
CDH6	betareg	8	8	-0.312885334189892	0.249843816637494	0.210451934410616	0.202536682211202	0.0175662308663344	438.718711145306	0.493389794575378	0.639961287852174
SOX12	betareg	8	8	0.196018007765601	0.156529498393788	0.210469605049321	0.214568599716638	-0.0321987076237981	961.994257227877	0.493389794575378	0.639961287852174
ESYT2	betareg	8	8	-0.104422044136511	0.0833949385207288	0.210519265936797	0.226876946400916	0.0168101665879632	447.069227688886	0.493389794575378	0.639961287852174
IL17RD	betareg	8	8	-0.179529170410574	0.143378696510769	0.210521473323442	0.23106856405716	0.015867878956555	339.738164800183	0.493389794575378	0.639961287852174
ZNF577	betareg	8	8	0.170064445789562	0.135864683641842	0.210672167351436	0.222490078254494	-0.0267250728408254	106.092988652919	0.493391550969109	0.639963566018456
ZNF236	betareg	8	8	0.261668637987796	0.209202491780248	0.211010662399671	0.211983651918762	-0.0416443887112058	64.6170033265144	0.493462890675679	0.640056098638696
SIRT1	betareg	8	8	-0.116225660256811	0.0929218418556678	0.211011301867342	0.225823578856901	0.0217911087183512	207.861177435664	0.493462890675679	0.640056098638696
FAM76A	betareg	8	8	0.126306014229365	0.101018184233197	0.211179211989642	0.219946630905712	-0.0260678483455238	140.494794099193	0.493462890675679	0.640056098638696
TMTC2	betareg	8	8	0.498013454386742	0.398502257536294	0.211404404317993	0.27383329383499	-0.0234247520170881	99.7675830892099	0.493462890675679	0.640056098638696
SNX19	betareg	8	8	-0.135164168246262	0.108167547990095	0.211452459953271	0.221838018668253	0.0286998700105308	823.128485428139	0.493462890675679	0.640056098638696
RSF1	betareg	8	8	0.250632364130007	0.201017452197003	0.212463898781368	0.224465731051667	-0.0464534123187427	312.487427759676	0.495471869209518	0.642661885187015
MAN1A2	betareg	8	8	0.221883130504571	0.178044443903194	0.212682435372327	0.240389308253963	-0.0229557066406749	371.661819054292	0.495630241082502	0.642867304652332
CDC73	betareg	8	8	0.185751860582695	0.149157435526172	0.213006453742532	0.220177426563486	-0.0365422882770563	144.003921772003	0.496034027131671	0.643391043576168
COL3A1	betareg	8	7	-0.265684768369064	0.21347807147121	0.213296116124793	0.230900786328015	0.0457184584533509	66.9521097618563	0.496162574838967	0.643557778999592
KDM7A	betareg	8	8	0.369222890987379	0.296714592172996	0.213363228042273	0.205802029865295	-0.0520051701807829	66.4304023272178	0.496162574838967	0.643557778999592
LZTR1	betareg	8	8	0.0821977705929222	0.0660870818453649	0.213580654928932	0.224162048235889	-0.0169889635473251	798.724452142826	0.496317432823182	0.643758640703871
POGLUT1	betareg	8	8	0.199741873546191	0.160829045861009	0.214254459798004	0.220994955815319	-0.0295474158424228	324.897248707407	0.497531852196056	0.645333828100129
FAM167A	betareg	8	8	0.0940993228929618	0.0757934783401449	0.214412722511655	0.22639881905845	-0.0163165271823265	661.00447827681	0.497548234690338	0.645355077348197
PPCS	betareg	8	6	-0.449110197611764	0.361889638578722	0.214600485552844	0.224292072376672	0.00427314862737826	1173.00330775935	0.497633001845275	0.645465026313979
URI1	betareg	8	8	-0.206627742489145	0.166617178415264	0.214925580822446	0.210958066219696	0.0101886578373748	359.914488862576	0.497770927899389	0.645643926113264
ZDHHC21	betareg	8	8	-0.125497852567638	0.101255036701411	0.215188774022351	0.224494212975882	0.024553351923962	400.3438421971	0.497770927899389	0.645643926113264
GNS	betareg	8	8	-0.13366949676243	0.107850924115291	0.215200622741326	0.227592423839696	0.0268942073016563	1229.73861839716	0.497770927899389	0.645643926113264
CDKL5	betareg	8	8	-0.106841474497317	0.0862407701880251	0.215392049585192	0.22373211856178	0.0214317568988035	296.004897122629	0.497770927899389	0.645643926113264
DLAT	betareg	8	8	0.149110371368618	0.120400040299323	0.215546353034439	0.221779246447966	-0.0243207512597401	807.146769425781	0.497770927899389	0.645643926113264
DIP2A	betareg	8	8	0.161770654787539	0.130628712490639	0.21556761825478	0.224212197806893	-0.0329453988998405	192.557260022875	0.497770927899389	0.645643926113264
PIK3C3	betareg	8	8	-0.259863502467429	0.209952746293161	0.215818506163302	0.215927069781145	0.0421730987269503	222.087251842362	0.497927464873413	0.645846965585492
RAB8A	betareg	8	8	0.19174469989596	0.154957543689916	0.215938055269564	0.240040835988156	-0.00728857393526235	1083.25981035935	0.497927464873413	0.645846965585492
GATC	betareg	8	8	-0.172986824780584	0.139881782422958	0.21621168917248	0.225506556213296	0.00876143754874988	3086.20310192017	0.49820930154408	0.646212527582734
LDLRAD3	betareg	8	8	0.0750431780408618	0.0607885279724236	0.217018237944389	0.229447869212751	-0.00936837036213852	1232.69356509921	0.499331290936515	0.647667826789231
NR6A1	betareg	8	7	-0.351504147679796	0.284788877008016	0.217105214101622	0.221045119329809	0.0457984473389743	104.152976902698	0.499331290936515	0.647667826789231
COMMD8	betareg	8	8	0.178011515344398	0.144240298300175	0.217153856639032	0.231166698577074	-0.0374124650460879	102.259627758877	0.499331290936515	0.647667826789231
TAF11	betareg	8	8	0.0648548377980495	0.0525853749290964	0.217454674218241	0.225669514673229	-0.00962484810587003	721.755515057278	0.499540940058046	0.647939756454755
AKT2	betareg	8	8	-0.249755654215424	0.202668004263544	0.217822535123674	0.226664039306374	0.0488541330133005	119.033074698542	0.499540940058046	0.647939756454755
PGAP2	betareg	8	8	-0.0496399705920995	0.0403240423511229	0.21831289872031	0.228644027106301	0.0103948077825933	210.5457576326	0.499540940058046	0.647939756454755
DDA1	betareg	8	8	-0.221813086678768	0.180206359889124	0.218366332302321	0.226546266019813	0.0425218582666383	965.717548568814	0.499540940058046	0.647939756454755
XPOT	betareg	8	8	-0.133181414918642	0.108211807186947	0.218417303594314	0.230014656434039	0.0279371403137093	335.187912483717	0.499540940058046	0.647939756454755
SRGAP1	betareg	8	8	-0.306624705689185	0.249204552007651	0.218542209463934	0.224649120498497	0.00771806672072901	1497.05425956432	0.499540940058046	0.647939756454755
PIP4K2A	betareg	8	8	0.454544830911651	0.369435925462377	0.218556605180732	0.236462303007843	-0.0391799926428151	686.438510818743	0.499540940058046	0.647939756454755
PRRC2C	betareg	8	8	0.152693933120789	0.124116675700242	0.218605332830735	0.231235001429307	-0.019385897366948	643.518183751969	0.499540940058046	0.647939756454755
RBM12	betareg	8	8	0.155014951657503	0.126028292346734	0.218696652999511	0.228762200217931	-0.020098132007912	1256.59560504202	0.499540940058046	0.647939756454755
C14orf132	betareg	8	8	-0.187974609184617	0.152891134483138	0.218896751608104	0.217673715859987	0.016970494801222	8971.80863414589	0.499540940058046	0.647939756454755
TENT4B	betareg	8	8	0.171424241924457	0.139496187544846	0.219116352268847	0.228609473129232	-0.0272389804642426	234.616828552825	0.499540940058046	0.647939756454755
CCDC117	betareg	8	8	-0.0792324536150833	0.0644810949380109	0.219157944346947	0.231920274025018	0.0142627360947521	386.133624248421	0.499540940058046	0.647939756454755
ACADSB	betareg	8	8	-0.100046316743836	0.081430587589644	0.219218605510934	0.229054643724937	0.0204790071730476	328.498190156957	0.499540940058046	0.647939756454755
SCYL3	betareg	8	8	0.169123497222555	0.137753328880613	0.219549423627144	0.230135071731431	-0.0340794331478449	143.627841600428	0.499588213039882	0.648001072839223
TM2D2	betareg	8	8	-0.13419261602731	0.109307399715246	0.219573619002366	0.227334725958297	0.0150208826515496	1338.3484708003	0.499588213039882	0.648001072839223
RIOX2	betareg	8	8	0.173266724546055	0.141172557815984	0.219694834207675	0.228287162744873	-0.0295424305355416	223.852809709027	0.499588213039882	0.648001072839223
RAB10	betareg	8	8	0.0353908019666176	0.0288549906805986	0.220008543427428	0.23044734635764	-0.00707353811729518	4223.08966378585	0.499956078741602	0.64847822054438
ATP6V1C1	betareg	8	8	-0.117211686725201	0.0957380113440968	0.22084049716407	0.233843826613216	0.02330403742134	2382.53331468427	0.500060736574134	0.648613969118889
DSTN	betareg	8	8	-0.274655047655958	0.224380618950688	0.220930086282957	0.209057292137042	0.00224193303659177	9147.98947161078	0.500060736574134	0.648613969118889
ZNF10	betareg	8	8	-0.119276564166568	0.0974442229720033	0.220933509299293	0.22606712018345	0.0201917708788108	534.547873269997	0.500060736574134	0.648613969118889
SUGT1	betareg	8	8	0.138939256606351	0.113514467139673	0.220960373517737	0.235947377653529	-0.0170539687073257	1221.2339314206	0.500060736574134	0.648613969118889
NHS	betareg	8	8	0.334657894634412	0.273517672247697	0.221128452719112	0.232334637829528	-0.0487464564458632	121.060412976696	0.500060736574134	0.648613969118889
VWC2L	betareg	8	8	0.168093863035739	0.137452852341371	0.221359856449956	0.236561942157278	-0.0239722760839005	313.513576456314	0.500060736574134	0.648613969118889
SENP1	betareg	8	8	0.315075226790753	0.257665522421785	0.221402568222462	0.228521063423244	-0.0593460297830374	108.542679636195	0.500060736574134	0.648613969118889
ERGIC2	betareg	8	8	-0.253641687973377	0.207432895277789	0.221418461596587	0.227005538791362	0.0390253053728139	382.202145290423	0.500060736574134	0.648613969118889
WNT5B	betareg	8	8	0.0514587221149245	0.0421172430355592	0.221784395022288	0.232593781281031	-0.0106493981998961	206.42707459493	0.500060736574134	0.648613969118889
SF3B1	betareg	8	8	-0.111777164029339	0.0914945611525469	0.221828296219519	0.233085260180708	0.0175853144721999	681.106172932672	0.500060736574134	0.648613969118889
SCAMP2	betareg	8	8	0.156803003223464	0.128422567493935	0.222088825629535	0.235297515128705	-0.0313162261574019	102.496726569457	0.500060736574134	0.648613969118889
ZNF583	betareg	8	8	-0.166010976830384	0.135991473772304	0.222182402393295	0.23312706801356	0.0258444756274287	375.67225190254	0.500060736574134	0.648613969118889
EP400	betareg	8	8	0.151415440821819	0.124053262167124	0.222249632360288	0.233340659647808	-0.0289921602625388	194.783592474783	0.500060736574134	0.648613969118889
ZNF620	betareg	8	8	0.303498360234998	0.248659618329964	0.222261226486351	0.242240177642526	-0.0101459599236496	243.450943400219	0.500060736574134	0.648613969118889
ANKRD12	betareg	8	8	-0.454156390086783	0.372154137839608	0.222334169826836	0.222681489688941	0.00348753183860404	286.251219337137	0.500060736574134	0.648613969118889
GGPS1	betareg	8	8	0.0640406791549553	0.052547351059092	0.222949245350878	0.233831558976185	-0.00571453004705073	1575.70009401627	0.500596747945968	0.64930921359211
MYNN	betareg	8	8	-0.193280967805943	0.158660315274822	0.223145652809667	0.246794209799106	0.0337517477204994	134.942722797682	0.500596747945968	0.64930921359211
METTL16	betareg	8	8	-0.209601035902135	0.172111017419688	0.22329062296156	0.232339287160877	0.0398612108190387	139.776031670635	0.500596747945968	0.64930921359211
HS3ST4	betareg	8	8	0.0948976780791658	0.0779484182000322	0.223436091659507	0.235031852896891	-0.0187759909690545	355.942759783812	0.500596747945968	0.64930921359211
CALD1	betareg	8	8	-0.11200479755038	0.0920078378236178	0.22347497941064	0.237058115074009	0.0219367559656247	179.791128525062	0.500596747945968	0.64930921359211
PDXK	betareg	8	8	0.114734343917083	0.0942521599653885	0.223485293994098	0.233002186245414	-0.0156877153899787	3242.99310522959	0.500596747945968	0.64930921359211
B3GAT2	betareg	8	8	-0.29429272779387	0.242077614166688	0.224100842053349	0.232908912952447	0.00398177505645873	4094.33314566251	0.501634067236004	0.650654689716797
UBE3C	betareg	8	8	0.124433922195742	0.102443431145835	0.224495853667919	0.234004768718339	-0.0250433704501749	563.034335726878	0.501890211777542	0.650986927214373
SMIM10L1	betareg	8	8	0.240601223278513	0.198091613551986	0.224520327286682	0.237912690891893	-0.0183914767138564	1937.10016595535	0.501890211777542	0.650986927214373
GATAD2A	betareg	8	8	0.233969230759165	0.192828501939807	0.22499451208981	0.228353375616744	-0.0455327257887221	370.126177066485	0.502608752983972	0.651918925729335
ATRX	betareg	8	8	-0.204618065999425	0.168696769150619	0.225155012105816	0.220697223259701	0.00385700134630876	918.197920474312	0.502626063229638	0.651941378336242
LYPLA1	betareg	8	8	0.16268791554435	0.134240637351571	0.225545850678603	0.238127118413646	-0.0319786064306293	581.798072146446	0.503157198973728	0.652630298777137
SECISBP2	betareg	8	8	0.184771158749875	0.152530762912321	0.225753710872664	0.235759518455081	-0.0374116467257432	79.842384973743	0.503279695690451	0.652789185639925
LDB2	betareg	8	8	0.217080660950082	0.179417377235362	0.226309617910361	0.240459868030419	-0.0413241826397311	141.206396818605	0.504177412745819	0.653953587841179
SYAP1	betareg	8	8	-0.196526891371692	0.162645002570434	0.226924950456104	0.228545129506907	0.0119214506267825	792.662358745605	0.50520621487439	0.655288016608018
NUDT9	betareg	8	8	0.460133163284286	0.380946521872853	0.227097989803574	0.263647923954298	-0.0144215405360223	378.635821024253	0.505249607986587	0.655344300528501
BICD1	betareg	8	8	0.265858546448084	0.220393193829958	0.227704921421228	0.236725525111159	-0.0437647014954357	906.994341834946	0.506257617555652	0.656651759882299
TBRG1	betareg	8	8	0.136796890733145	0.113483670319174	0.228036427901268	0.231171187727847	-0.0181034083165309	1235.6479979949	0.506652325103397	0.657163723350853
RAB8B	betareg	8	8	0.173362411622169	0.143956589301189	0.228485748433529	0.231765400082308	-0.0292446611810946	1111.19439965842	0.507308083128852	0.658014287661472
RAB11FIP1	betareg	8	8	0.311598859839896	0.258866279506272	0.22870328317373	0.240248648073189	-0.0566054403909741	90.3328236371757	0.507347483544816	0.65806539277394
FAM217B	betareg	8	8	0.16568710449022	0.137679616828542	0.22881186571615	0.238372469067772	-0.036113877631064	683.294696460079	0.507347483544816	0.65806539277394
EIF5	betareg	8	8	-0.0833630176321624	0.0693948981216779	0.229640848926753	0.235807239090626	0.0149756233751521	1547.79615439742	0.508407522861434	0.659440338372117
TASOR	betareg	8	8	0.216767266584598	0.180593863085521	0.230021876540224	0.257784678437466	-0.0137059443928079	214.514780341463	0.508407522861434	0.659440338372117
H3-3A	betareg	8	8	0.174679681583787	0.145550478009872	0.230088358688154	0.267469455082214	-0.0130783352269232	153.858581331437	0.508407522861434	0.659440338372117
WDR31	betareg	8	8	-0.389474349544765	0.324583974472067	0.230170953905033	0.229030121120277	0.0617568052455285	75.5389806778903	0.508407522861434	0.659440338372117
VPS50	betareg	8	7	0.296967484821585	0.247542719725354	0.230270808562579	0.247769749556411	-0.00402560792708581	336.747275172293	0.508407522861434	0.659440338372117
LYRM4	betareg	8	8	0.132486278069864	0.110439245616907	0.230282908716563	0.239708271927314	-0.0232927388695938	497.218076944742	0.508407522861434	0.659440338372117
SUSD6	betareg	8	8	0.263686978505306	0.219865314180476	0.230406882664829	0.238839319762812	-0.0451702168139165	230.662500019933	0.508407522861434	0.659440338372117
TENM4	betareg	7	5	-0.415387842593054	0.346443797019972	0.230526003948266	0.260101648123415	0.00115716522992955	960.277087559944	0.508407522861434	0.659440338372117
ARMH3	betareg	8	8	0.162706557715235	0.135939621235477	0.231344315296822	0.238034477293095	-0.0317655847706881	426.859752158073	0.509559323904594	0.660934305387719
LRRC3	betareg	8	8	0.0958711310808355	0.0801016694397324	0.231357978502636	0.241300008590935	-0.0199063250569845	343.43683583906	0.509559323904594	0.660934305387719
IER3IP1	betareg	8	8	0.0900965462828614	0.0753532644301387	0.231831017297939	0.241983806764016	-0.0187713064252971	865.121715898345	0.510167082757517	0.66172261139343
ZNF737	betareg	8	8	0.227351959701842	0.190214633664048	0.231993642134647	0.257175613348281	-0.0334126164377232	236.615666795042	0.510167082757517	0.66172261139343
PIGK	betareg	8	8	-0.108847108959481	0.0910896325531574	0.232108485301984	0.238572274339968	0.0216324018357977	397.048355168953	0.510167082757517	0.66172261139343
PARD3	betareg	8	8	0.202232121044002	0.169309370616712	0.232300733607307	0.236744548322763	-0.0290921419463994	103.143229342193	0.510167082757517	0.66172261139343
SMCR8	betareg	8	8	-0.389396779009852	0.326087993891803	0.232420735519358	0.225966402680832	0.0636761134403809	165.141519071163	0.510167082757517	0.66172261139343
RBBP9	betareg	8	8	0.156034580073543	0.130749491729758	0.232718333755726	0.243681567008118	-0.031679854385752	261.048876842587	0.510167082757517	0.66172261139343
YPEL1	betareg	8	8	0.182261657366119	0.152726814558991	0.232719222048158	0.242908136644275	-0.0397264417022983	1022.47294296597	0.510167082757517	0.66172261139343
IREB2	betareg	8	8	0.166664688640604	0.139849318699858	0.233361353127477	0.240831727982904	-0.0271097478648245	824.506374000037	0.511234166807081	0.663106694506039
SIK2	betareg	8	8	0.195419630218357	0.164185662717959	0.233953781971386	0.237591364527125	-0.0346363829423225	130.697703076255	0.512191018662782	0.664347798705174
PCNX1	betareg	8	8	-0.208599925525362	0.17552036949049	0.234650015229562	0.240261885670347	0.0298917891863698	188.35412935334	0.513107231971713	0.665536191849049
HIVEP3	betareg	8	8	0.353431033959144	0.29745466249946	0.23476070971687	0.248580129778835	-0.00796926211476119	877.604349939819	0.513107231971713	0.665536191849049
CHRM3	betareg	8	8	-0.144260065963947	0.121502325922916	0.235108158012256	0.247958323954316	0.0205232211242811	889.330848219527	0.513107231971713	0.665536191849049
MAPK9	betareg	8	8	-0.0724967035341568	0.0610886301531195	0.235327720918683	0.245320709855815	0.0150932990906756	1492.47876994954	0.513107231971713	0.665536191849049
TMEM209	betareg	8	8	0.173835787544971	0.146558548915374	0.235575555866214	0.246002770437265	-0.0357561733451126	163.385825121261	0.513107231971713	0.665536191849049
LYST	betareg	8	8	0.194326439175404	0.163850715918858	0.235623528498288	0.244890137087041	-0.0366451606419896	116.299316271989	0.513107231971713	0.665536191849049
UCHL5	betareg	8	8	0.114124582941324	0.0962443170064507	0.235709205213188	0.255143708712772	-0.0121980357069613	683.937880869911	0.513107231971713	0.665536191849049
GABBR2	betareg	8	8	-0.192551394196978	0.16238846610972	0.235722817041031	0.253605507184096	0.0352064962324727	1436.72344524371	0.513107231971713	0.665536191849049
VASH2	betareg	8	8	0.0951835269186291	0.0802828441834928	0.235779382687062	0.247406919128971	-0.0194990229462728	450.910286932682	0.513107231971713	0.665536191849049
KLHL23	betareg	8	8	0.0927846477703313	0.0782849424655347	0.235931644392599	0.244705064178199	-0.0171342413513373	628.998266551771	0.513107231971713	0.665536191849049
CAMSAP2	betareg	8	8	0.118757667816385	0.100277625062555	0.236298762537152	0.247962133351922	-0.0169860380670328	977.983952835624	0.513566209626314	0.666131518169461
COMMD2	betareg	8	8	0.157529223964895	0.133063831617428	0.236467664446326	0.246471420352926	-0.0328841502640453	799.395729713998	0.513594067190428	0.666167651390705
ZNF214	betareg	8	8	-0.337783037734579	0.285664400344959	0.237028349444142	0.235209574560089	0.043038270957311	122.47573610226	0.514217321303354	0.666976055839181
TIMM10B	betareg	8	8	0.120163382158856	0.101631042320471	0.237067168863176	0.246888818656535	-0.0260370593166302	860.386625128292	0.514217321303354	0.666976055839181
C5orf51	betareg	8	8	0.212524553400469	0.179918283852211	0.23751207525036	0.242066126822656	-0.0295597857189177	988.13166354882	0.514842975906424	0.667787573892318
ELAPOR2	betareg	8	8	-0.158305723025507	0.134095098552815	0.237782264351021	0.247714288175685	0.0101014657761292	369.205650373488	0.515089330191898	0.668107112738749
ZIK1	betareg	8	8	-0.265572482576017	0.225055620384113	0.237988108642113	0.242915481059108	0.0400472907854489	200.212237931344	0.515196066842959	0.668245557687196
PTBP1	betareg	8	8	0.13491992346388	0.114532822494608	0.2387957062183	0.258720700141267	-0.018698968720614	197.421468939636	0.516604480702349	0.670072369585605
ZDHHC22	betareg	8	8	0.0956774531878914	0.0812677715845933	0.239071340304498	0.251797282090027	-0.0191464389393028	916.115281452022	0.516860963841261	0.670405046267805
LHFPL2	betareg	8	8	0.178104446121795	0.151509097938405	0.239780218778189	0.251923132576732	-0.0297814556693159	486.344220461608	0.517370495523306	0.671065944719756
ZNF248	betareg	8	8	-0.101576794843808	0.0864472855624044	0.239989003515416	0.250885920765818	0.0207043102537184	655.102112043826	0.517370495523306	0.671065944719756
DMD	betareg	8	8	0.358794606812031	0.305425234031434	0.240099580036385	0.246430766319333	-0.0188488069698532	141.209898069552	0.517370495523306	0.671065944719756
JAG1	betareg	8	8	0.209487452851695	0.178368198819192	0.240208270449722	0.248336396614617	-0.0456332240624341	89.9544690969531	0.517370495523306	0.671065944719756
ATP11A	betareg	8	8	0.209960182694063	0.178785512103618	0.240247212602114	0.248995534788739	-0.0433281592877261	537.26991068077	0.517370495523306	0.671065944719756
NAPG	betareg	8	8	0.0920107030695215	0.0784144737489308	0.240639733223512	0.250197204178405	-0.0139178865244562	1363.44090049762	0.517370495523306	0.671065944719756
CDK16	betareg	8	8	0.247701411316555	0.21110287860714	0.240648171177534	0.254577600582526	-0.0563829361027793	1160.43837302119	0.517370495523306	0.671065944719756
NAB1	betareg	8	8	-0.167354672531061	0.142646304972707	0.240709913513127	0.247355218639203	0.0298031454624905	147.435162397957	0.517370495523306	0.671065944719756
TLCD4	betareg	8	8	0.277925593262869	0.236898595465918	0.24072210903607	0.249323446014574	-0.0595616610856592	113.138711005436	0.517370495523306	0.671065944719756
AK5	betareg	8	8	0.105268009621957	0.0898922333216061	0.241579977531721	0.242865533772701	-0.0170571663373863	566.915649416154	0.518875351346539	0.673017848632759
TMEM169	betareg	8	8	0.0907497555402836	0.0776999919533513	0.242826674668384	0.252313179901844	-0.0180961219491643	1116.41660427788	0.520399954576634	0.674995366322266
NSUN4	betareg	8	8	-0.168807114450477	0.144646612916886	0.243197758223901	0.251232069175961	0.0346402233865565	233.938680473271	0.520399954576634	0.674995366322266
GNG7	betareg	8	8	-0.18315613236534	0.156945175018803	0.243207505356509	0.265261662091931	0.0270022997690991	580.45936301197	0.520399954576634	0.674995366322266
TMED2	betareg	8	8	-0.272611892565123	0.233613129517463	0.243235660202024	0.256958639759694	0.000526102921462345	4882.06436729302	0.520399954576634	0.674995366322266
STRN	betareg	8	8	-0.186296614054321	0.159702546709748	0.24340325697569	0.264461631030827	0.0308722072472799	156.785766184121	0.520399954576634	0.674995366322266
ZNF516	betareg	8	8	0.303062906367141	0.259902095893708	0.243587903461815	0.246549099003362	-0.060350709443597	180.328701528368	0.520399954576634	0.674995366322266
SRC	betareg	4	6	-0.528786870880807	0.453507299410125	0.243616799308479	0.255172809840222	0.00374334253270856	976.818459511683	0.520399954576634	0.674995366322266
TIAM2	betareg	8	8	0.334518186075526	0.286905732918452	0.243634032003437	0.269522493927738	-0.0551756671277975	84.3223304235459	0.520399954576634	0.674995366322266
CBFB	betareg	8	8	0.152123437953906	0.130504047035697	0.243751658233754	0.242255975591481	-0.0163524823079627	2965.1606855577	0.520399954576634	0.674995366322266
XPO4	betareg	8	8	-0.228241893904942	0.195892367461971	0.243962615246224	0.258086252949755	0.00992003987339591	304.088115054663	0.520399954576634	0.674995366322266
FAIM2	betareg	8	8	-0.166557040912651	0.142993988922875	0.244106633728062	0.251030127239745	0.0323003231195455	2692.59365440848	0.520399954576634	0.674995366322266
ZNF75D	betareg	8	8	-0.14371270057921	0.123402662612539	0.244187639550511	0.253697063142606	0.0305326348909826	117.451995360038	0.520399954576634	0.674995366322266
DDX17	betareg	8	8	-0.358790090390225	0.308314373324532	0.244539489833901	0.25573867816174	0.0452675121647182	1221.18486297055	0.520708373822938	0.675395407790966
PPP1R7	betareg	8	8	0.122243467322466	0.105181447015902	0.245148097303299	0.249546219475126	-0.00761925814534602	908.346403583242	0.520708373822938	0.675395407790966
FZD3	betareg	8	8	-0.228352428423861	0.196488520186659	0.245167730649862	0.249790123678137	0.0405620490854082	809.002612014255	0.520708373822938	0.675395407790966
ZBTB39	betareg	8	8	0.278180526763431	0.23936711767915	0.24517448795297	0.251761212635394	-0.0653114574740416	382.100840732774	0.520708373822938	0.675395407790966
CMSS1	betareg	8	8	-0.31955863877038	0.274981852441676	0.245191556607521	0.258730349081178	0.0474188228968234	243.004778088344	0.520708373822938	0.675395407790966
UBXN4	betareg	8	8	0.0775032891239984	0.0667100991756887	0.245319784257171	0.253937511540811	-0.016157422026117	607.693587351424	0.520708373822938	0.675395407790966
PHIP	betareg	8	8	0.221226071788796	0.190599071265588	0.245768767442505	0.250625319967836	-0.0464226492340891	257.452087240387	0.520708373822938	0.675395407790966
IGSF9B	betareg	8	8	-0.181844268970583	0.156683522555941	0.245811427828465	0.257149806095197	0.0332860365287287	541.224319894266	0.520708373822938	0.675395407790966
RRAS2	betareg	8	8	0.0917113165260325	0.0790347072870859	0.24588885897775	0.257226803023641	-0.0174996468655223	299.677947923488	0.520708373822938	0.675395407790966
ZNF596	betareg	8	8	0.198204963751581	0.170877177501262	0.246078738752214	0.25350485560695	-0.010509291437581	158.153674134398	0.520708373822938	0.675395407790966
GLTP	betareg	8	8	0.133492397539967	0.115099154916154	0.246128837099839	0.249156056199689	-0.0202652150596229	286.399947588797	0.520708373822938	0.675395407790966
TCEANC	betareg	8	8	0.242975877018611	0.209547693107283	0.246242080801793	0.25636340263785	-0.0537424596318928	94.3025761744675	0.520708373822938	0.675395407790966
SNTB2	betareg	8	8	-0.271081875707119	0.233859921083058	0.246389561839394	0.263784975002998	0.0232463380500313	99.1653876193226	0.520708373822938	0.675395407790966
ATP11C	betareg	8	8	-0.150245245056139	0.129711663555879	0.246740923260395	0.252509931782731	0.00837317308248982	390.074629892762	0.521069629553105	0.675863981897815
MTF2	betareg	8	8	-0.100490483669219	0.0868033932046541	0.246994971166108	0.258076849444857	0.020363620458941	178.872679290477	0.521069629553105	0.675863981897815
RAN	betareg	8	8	0.100346944539486	0.08668685074145	0.247035569765837	0.262239684287729	-0.0183137044465823	3750.49884983358	0.521069629553105	0.675863981897815
KIT	betareg	8	8	0.140122110113828	0.121107589347465	0.247270237597729	0.257203468811147	-0.0272507106624967	162.283486369702	0.521230489929282	0.676072629126911
NLGN3	betareg	8	8	0.0735797821954171	0.0636196807766127	0.247453430700399	0.257884969188318	-0.0148327051713617	1303.58803666141	0.521282708233023	0.676140359941936
ZFP36L1	betareg	8	8	0.414852428212073	0.359108044154139	0.247996204312585	0.266361905420121	-0.0903495573820828	106.339686008899	0.522091863475298	0.677189891238717
LRPPRC	betareg	8	8	0.339353447507274	0.294078128530495	0.248517892508855	0.250793682383137	-0.0720692478946993	682.387925546787	0.522254811683458	0.677401246532834
USP13	betareg	8	8	-0.27942407223955	0.242176921570698	0.248581598250625	0.279199091168354	0.0453004138363329	182.422439600188	0.522254811683458	0.677401246532834
WTIP	betareg	8	8	-0.298571031051875	0.258838297201491	0.2487035452066	0.259333997398374	0.0621740497599461	65.21414553091	0.522254811683458	0.677401246532834
JAKMIP2	betareg	8	8	-0.124199860112089	0.107685299064869	0.248762867334008	0.258356238554859	0.0256661458892511	409.405168001557	0.522254811683458	0.677401246532834
ST8SIA5	betareg	8	8	-0.28204185065161	0.244593328055177	0.248867187104846	0.259658542283534	0.0621556463825881	104.705210665643	0.522254811683458	0.677401246532834
CBX8	betareg	8	8	0.232336477667713	0.201711907902662	0.249393686653508	0.269311745297189	-0.0438462099717531	102.540441305718	0.522451137323769	0.677655894705523
SEPTIN8	betareg	8	8	0.170499508559047	0.148031554984954	0.249412254306358	0.257711077699576	-0.0361483535901454	163.807755093736	0.522451137323769	0.677655894705523
CCNL2	betareg	8	8	0.136832827788631	0.118807603510894	0.249437069021175	0.262018172858369	-0.00597992921510431	1663.69658338543	0.522451137323769	0.677655894705523
TRMT5	betareg	8	8	0.152826415463894	0.132755387132852	0.249654879648851	0.257689540288694	-0.0175382659090838	173.027511902808	0.522528395165629	0.677756103563746
UVSSA	betareg	8	8	-0.172532413203672	0.149980673146323	0.249993854446808	0.258347768298091	0.0353221385445772	137.856533280963	0.522528395165629	0.677756103563746
NCAPG	betareg	8	8	0.137236140963088	0.119305152737399	0.250022319445093	0.260273975609584	-0.0288170303004118	90.7167624484721	0.522528395165629	0.677756103563746
MAFB	betareg	8	8	0.291509110103005	0.253467602664211	0.250109152556912	0.250979498292691	-0.0314531965931435	475.892865288474	0.522528395165629	0.677756103563746
LMLN	betareg	8	8	-0.431173755913808	0.37552347638675	0.250888536792274	0.257075077957618	0.079587048190179	158.196723292914	0.523260685081922	0.678705935123021
TATDN3	betareg	8	8	0.0624438054702363	0.0544128156578306	0.251136324003656	0.259242112483747	-0.0119274181331646	370.107253074482	0.523260685081922	0.678705935123021
ETV3	betareg	8	8	-0.119581964310427	0.104245633564368	0.251333166195237	0.260671603713262	0.0215967286765877	124.08457253936	0.523260685081922	0.678705935123021
RPF1	betareg	8	8	-0.209951192912815	0.183089827230088	0.251500915523619	0.273384196011274	0.0380831014936816	255.831752809056	0.523260685081922	0.678705935123021
SORBS1	betareg	8	8	-0.132481089782917	0.115545437245568	0.251558816495829	0.265834713294016	0.0101934332905565	713.035707433803	0.523260685081922	0.678705935123021
MALT1	betareg	8	8	-0.185528708355114	0.161826722653664	0.251602712257286	0.271579852403153	0.0322427758980872	115.541273547397	0.523260685081922	0.678705935123021
TPPP	betareg	8	8	0.153464948502319	0.133864148723152	0.25162014108481	0.256452212282566	-0.0282707921615841	2112.36855764266	0.523260685081922	0.678705935123021
GRPEL1	betareg	8	8	0.10209634662263	0.0890842237700103	0.251768092289686	0.270865565002602	-0.00798302599358644	1409.83220089193	0.523260685081922	0.678705935123021
VANGL1	betareg	8	8	0.206599422643575	0.180315119165459	0.251890862519884	0.261878726038463	-0.0366293601174619	243.636503538919	0.523260685081922	0.678705935123021
SMARCA5	betareg	8	8	-0.0670869278300178	0.0586398639577497	0.252602962080326	0.261209622257937	0.0126885661011348	428.838638536354	0.524190865947402	0.679912445170762
MRAS	betareg	8	8	-0.0792536363539507	0.0692825623120913	0.252657248838057	0.263060251066216	0.0165614246659097	1176.92260258559	0.524190865947402	0.679912445170762
SYP	betareg	8	8	0.254115662239476	0.222308106364477	0.253005915072536	0.278645678594534	-0.0075156378214665	3932.75784793298	0.52458348892687	0.68042170480755
RALGPS2	betareg	8	8	0.232064229115611	0.203246798728583	0.253543228984844	0.272637403210934	-0.0121011035446273	444.498194102372	0.525366513966525	0.681437343392514
MSH6	betareg	8	8	0.133940148251868	0.117403024045374	0.253929129499707	0.264859406122218	-0.0189757152808372	439.081427284876	0.525748758919817	0.681933141998958
ZKSCAN2	betareg	8	8	-0.238533232248667	0.20913438331496	0.254047257680024	0.256031040522069	0.0312961278294826	605.635360501603	0.525748758919817	0.681933141998958
AFF4	betareg	8	8	-0.28121296066122	0.246708389392015	0.254344740175324	0.261156870608134	0.0514405852422166	314.012684835897	0.525856663055161	0.682073101256686
GALK2	betareg	8	8	0.252408425624315	0.221565462091783	0.254617767166538	0.26857859748638	-0.0370866680141634	157.421157396094	0.525856663055161	0.682073101256686
EIF3A	betareg	8	8	0.193130626839432	0.169561361057515	0.25470257221666	0.272328768007331	-0.0377753305284397	312.705171835466	0.525856663055161	0.682073101256686
OXCT1	betareg	8	8	0.0662087866170891	0.0581452250274805	0.254836778232638	0.270352775387848	-0.00676006960132078	2363.64256170797	0.525856663055161	0.682073101256686
DYNC1LI2	betareg	8	8	0.135625503888424	0.119123149493344	0.254898452789225	0.2643360451201	-0.0269361840182997	1790.36541487733	0.525856663055161	0.682073101256686
DARS1	betareg	8	8	0.121823713796241	0.107046144173677	0.255100191995628	0.267012025074446	-0.0224755041465678	276.908220217817	0.525943107057348	0.682185225211366
ABHD5	betareg	8	8	0.12347588686736	0.108571071558955	0.255420565346279	0.259710392121068	-0.0194396434620486	249.128280999799	0.526097325172724	0.682385256960728
CDK5R1	betareg	8	8	0.0842612742107797	0.074101634681011	0.255494761158211	0.263675118862265	-0.016559654375063	4850.61675275359	0.526097325172724	0.682385256960728
RNF168	betareg	8	8	0.181289409937092	0.159568017528998	0.255903739420314	0.265802547343457	-0.0382387884939674	335.465439102926	0.526609922087849	0.683050131235711
ZNF26	betareg	8	8	-0.24913179378479	0.219411519222208	0.256184941561067	0.265023638799415	0.0368987771912671	242.541010137785	0.526859099298017	0.683373331614146
OTUB2	betareg	8	8	0.147218771346192	0.129744980077697	0.256510268605151	0.265840048544174	-0.0310460261540431	476.411765820762	0.527080586356832	0.683660615917469
SGPP1	betareg	8	8	0.142805563806751	0.125882777083297	0.2566130053186	0.270748859584235	-0.0200138857380238	397.246536118193	0.527080586356832	0.683660615917469
IQGAP1	betareg	8	8	-0.230817763587354	0.203694333596389	0.257148114525285	0.258810888745328	0.0438676774643514	63.1214185071307	0.527507612087283	0.684214498343515
SLC23A2	betareg	8	8	0.378917455881645	0.334511688300741	0.257320081568709	0.260972277051957	-0.0658990402001498	1434.17646858595	0.527507612087283	0.684214498343515
ELFN2	betareg	8	8	0.431290800999572	0.380777562531837	0.257357848114459	0.255222930440111	-0.0975488601441711	68.0968559275061	0.527507612087283	0.684214498343515
FAM241A	betareg	8	7	-0.387833536676995	0.342485125241367	0.257462156593178	0.303000696481459	0.0133808135063875	229.475867397358	0.527507612087283	0.684214498343515
NRG1	betareg	8	8	0.134504675986763	0.118947624792909	0.258143874439523	0.264647227547615	-0.0260216053105106	1169.51478123909	0.528251711541153	0.685179647704171
C11orf1	betareg	8	8	-0.245612679381567	0.217304143882441	0.25836184225661	0.259935760104698	0.0163740015667612	231.014223379258	0.528251711541153	0.685179647704171
RSBN1L	betareg	8	8	-0.148833209570155	0.131698659325661	0.258432315295347	0.268032292844708	0.0303911114612022	123.819322841702	0.528251711541153	0.685179647704171
LBR	betareg	8	8	0.107804815729562	0.095400741063626	0.258467486598809	0.261629858530923	-0.0152930458665435	379.96532841373	0.528251711541153	0.685179647704171
USP25	betareg	8	8	0.290750405533636	0.257449031273402	0.258749656014847	0.302182738762469	-0.0433369462795759	116.730321239747	0.528500143917705	0.685501881980986
CARHSP1	betareg	8	8	-0.149391656488559	0.132349588365895	0.258996747005941	0.268145257456379	0.0316359733819639	753.777674691072	0.528676664290926	0.685730841328384
IL17RA	betareg	8	8	0.305806938937284	0.271299167072566	0.259660239867245	0.265780120298136	-0.0577497692912596	156.18874928794	0.529231821323553	0.686450919071105
GARRE1	betareg	8	8	0.175676103319338	0.155942960905665	0.259936693533496	0.266369250378607	-0.0345583374074354	139.276657908516	0.529231821323553	0.686450919071105
RABGAP1L	betareg	8	8	0.189276461027125	0.168154979051919	0.260331804318769	0.27181005492915	-0.0306171372155831	1614.29375918093	0.529231821323553	0.686450919071105
VSTM2A	betareg	8	8	0.0789669601073109	0.0702008759928151	0.260643518109687	0.270254278598512	-0.0168000447447621	1118.79812467868	0.529231821323553	0.686450919071105
EGR1	betareg	8	8	0.282946321565026	0.251608822487728	0.260780411437301	0.274714109678642	-0.0358985995432081	128.024911400724	0.529231821323553	0.686450919071105
MKRN2	betareg	8	8	0.0565604969396152	0.0503000288735912	0.260816864445702	0.269484605429866	-0.0116020158361751	613.955327882089	0.529231821323553	0.686450919071105
BBIP1	betareg	8	8	-0.106091209781777	0.0943514472710133	0.260832395141326	0.270558577118275	0.0225471469993655	400.73475030705	0.529231821323553	0.686450919071105
RBFOX3	betareg	8	8	0.212153425870738	0.188701696549151	0.260894524349192	0.270040352442631	-0.0320701431024782	241.389820892191	0.529231821323553	0.686450919071105
ABCA1	betareg	8	8	0.150062207377829	0.133509680473063	0.261021521065304	0.268246979680164	-0.0313701299458435	97.9510983479721	0.529231821323553	0.686450919071105
WSB1	betareg	8	8	-0.336810994031028	0.299691216153987	0.261072389069821	0.285211352876365	0.00125768339063512	2466.56681146703	0.529231821323553	0.686450919071105
OAZ2	betareg	8	8	0.0516394699064206	0.0459610673505106	0.26120478410402	0.269775377907962	-0.0107883912257467	3546.00466973161	0.529231821323553	0.686450919071105
WIPF2	betareg	8	8	-0.167698967178562	0.149280842301114	0.261276553860109	0.27058023766973	0.0292251326608524	392.439056567073	0.529231821323553	0.686450919071105
USP14	betareg	8	8	0.14705847858077	0.130930062717237	0.261359593132743	0.262942378169821	-0.0207340815626655	1855.09417888411	0.529231821323553	0.686450919071105
IER3	betareg	8	8	0.088615822523462	0.0789382558379826	0.261608833619349	0.272361065200843	-0.0150675150162745	201.271907609085	0.529410721730997	0.686682965490395
HACD2	betareg	8	8	0.140314452905042	0.125162190403504	0.262261889236973	0.28031782952579	-0.0121354092051761	773.466431583971	0.530347948869755	0.687898615050487
ACOT13	betareg	8	8	0.183072597269257	0.163348299500038	0.262394317081114	0.271394741830456	-0.0393068137595041	287.949411712363	0.530347948869755	0.687898615050487
NLGN4Y	betareg	6	7	0.210474675471813	0.187895368389125	0.262641505369811	0.272570317035849	-0.0390609172809364	255.857904769196	0.530521689320148	0.688123968642328
PM20D2	betareg	8	8	0.203135130972605	0.181515141825325	0.263093870788122	0.257969658518828	-0.0151317522547322	249.716833735219	0.531109409076827	0.688886282529879
TMEM170B	betareg	8	8	-0.0719048591706268	0.0643068837294706	0.263502157003384	0.272974508036327	0.0126622772905329	917.740208166394	0.531427235244586	0.689298525437755
MAPK8	betareg	8	8	-0.133573861276152	0.119503190880608	0.263676749916812	0.273130709670728	0.0274022502536006	641.959040149768	0.531427235244586	0.689298525437755
KPNA6	betareg	8	8	-0.193795307269659	0.173437569037391	0.263832778886455	0.271638910358284	0.0408995641814624	1326.53748309937	0.531427235244586	0.689298525437755
FAM126B	betareg	8	8	-0.230569698770823	0.206376789891563	0.263897326749131	0.271656425985801	0.0309705499659282	885.201648733566	0.531427235244586	0.689298525437755
MRPS14	betareg	8	8	0.122322686486719	0.109551871418604	0.264176844689699	0.273291611475846	-0.0260634793131176	681.550912251885	0.531664742507886	0.689606589073783
HP1BP3	betareg	8	8	0.0584942546081191	0.0524575812704683	0.264817326514866	0.272558195862226	-0.00904625066829448	1722.7298575242	0.531942929353856	0.689967416991522
IPCEF1	betareg	8	8	0.291219975425405	0.261183930282242	0.26485059701803	0.273008590291284	-0.0619456448142018	56.4356610954391	0.531942929353856	0.689967416991522
PEAK1	betareg	8	8	-0.230150825068841	0.206450971864324	0.264937627915365	0.255267500770312	0.00793035490428376	967.975394486226	0.531942929353856	0.689967416991522
C19orf25	betareg	8	8	0.138431959537004	0.124217092640518	0.265092325564073	0.272508642004097	-0.0179524432248177	1277.9731832603	0.531942929353856	0.689967416991522
ING5	betareg	8	8	0.100158595121674	0.0898796631284153	0.265123374851475	0.274336963142632	-0.0205817380828552	330.581071392737	0.531942929353856	0.689967416991522
ZNF568	betareg	8	8	0.506335989661084	0.454554436054066	0.265314723964873	0.260187754220552	-0.0819913555044602	60.1133156753281	0.532002460030835	0.690044632469274
CISD3	betareg	8	8	0.237318812464198	0.21312579408836	0.265487221402878	0.274030315404745	-0.048653584699848	383.039730366736	0.532024140310311	0.690072753317591
ENAH	betareg	8	8	-0.141614009570514	0.127421383042619	0.26640335567522	0.270990365988007	0.0298232578899457	1419.79549404362	0.532756965924025	0.691023279714124
ELAPOR1	betareg	8	8	0.143314410774781	0.128955993702628	0.266420504068314	0.275556994563264	-0.0260604518226661	193.443990604887	0.532756965924025	0.691023279714124
RABGEF1	betareg	8	8	-0.0689104319124831	0.062016330645536	0.266496945822204	0.276480250103814	0.0138999980201664	600.627726421072	0.532756965924025	0.691023279714124
LUC7L3	betareg	8	8	-0.183742590213485	0.165409607238824	0.266639874808247	0.263150296279477	0.0111949060772358	1220.20279232592	0.532756965924025	0.691023279714124
WDR26	betareg	8	8	0.116082002322537	0.104526421221167	0.266761331673448	0.269909388655094	-0.0225513616995587	385.707501172553	0.532756965924025	0.691023279714124
PCDH19	betareg	8	8	0.224203658839641	0.201959365433445	0.266937659901464	0.278801767525725	-0.0498699922165618	262.674307994902	0.532756965924025	0.691023279714124
ZNF181	betareg	8	8	-0.250216028569359	0.225413832444301	0.266986267162275	0.290241304213339	0.0177854278927017	339.962190067325	0.532756965924025	0.691023279714124
CWC25	betareg	8	8	-0.320945992478936	0.289337708244724	0.267325121296137	0.291732949991568	0.0299444446193451	85.8677218319552	0.532929877460225	0.691247558145918
ATP2B2	betareg	8	8	-0.228240784204397	0.205793398193111	0.267396841260288	0.251219987784562	0.0186717636381349	949.904200223828	0.532929877460225	0.691247558145918
LARS1	betareg	8	8	-0.151425485025314	0.136739563781888	0.268120734872758	0.277898806077054	0.0171435288930972	346.288375991108	0.533816530076031	0.692397608990357
PHC3	betareg	8	8	-0.280400271298331	0.253229842147938	0.268166177989939	0.282423317608452	0.0626230823231709	152.483718201069	0.533816530076031	0.692397608990357
NOPCHAP1	betareg	8	8	-0.189999916143378	0.171798555496153	0.268749915874717	0.278945060039065	0.0402928426248281	323.8059081916	0.53465508415244	0.69348527264407
INSIG2	betareg	8	8	-0.0456529275439361	0.0413331272915001	0.26937118016523	0.278835356845261	0.00931326975254521	806.315539971665	0.53536859962004	0.694410752422063
EDNRA	betareg	8	8	0.137865601284675	0.124836764268867	0.269433975166574	0.277722047254418	-0.0289545739844742	291.74403104521	0.53536859962004	0.694410752422063
AHCYL2	betareg	8	8	-0.0836953703304955	0.0758370029023598	0.269757226664847	0.27373342368999	0.00434005548633425	982.74676846636	0.535687421552936	0.694824286907403
UBE2G2	betareg	8	8	0.114621396747581	0.104058487776849	0.270675039429634	0.278291087179348	-0.0232189965391928	785.732557918605	0.537185834307343	0.696767833706682
LRPAP1	betareg	8	8	0.295286657958475	0.268335066254191	0.271140429724934	0.281900515414552	-0.0710705514372567	1131.63288777096	0.53778509730607	0.697545119991572
ZNF24	betareg	8	8	0.237218701809937	0.215666160726197	0.271360558222524	0.27931581014878	-0.0552665537317735	679.698551510873	0.537897474422307	0.697690881020321
ZBTB40	betareg	4	5	-0.678469723482207	0.617363225651077	0.271776870386902	0.303227753156797	0.00608697563583022	294.927750041502	0.538092977122447	0.697944461781691
LRRC8A	betareg	8	8	0.142920034812932	0.130066555560547	0.271845572980064	0.277280759000306	-0.0286800125150539	1703.64010340936	0.538092977122447	0.697944461781691
FER	betareg	8	8	-0.193962897113231	0.176557262994456	0.271949775056924	0.281008036489241	0.0341346082571065	354.207107747433	0.538092977122447	0.697944461781691
EDEM3	betareg	8	8	0.259227661955452	0.236204687119844	0.272435795709375	0.288225711772747	-0.0180084279362686	792.862251800219	0.538730689984179	0.698771620244961
DDAH1	betareg	8	8	0.0640669824341703	0.058400103783873	0.272625908424642	0.282326234878799	-0.0131415266942401	2271.8127208979	0.538782842369675	0.698839265559382
PITPNB	betareg	8	8	-0.092691319201311	0.0845954067855129	0.273209399705382	0.283769334508165	0.0162667114323589	1877.24216771922	0.539081654156838	0.699226845477412
SYT17	betareg	8	8	0.135301834048579	0.123491355460959	0.273237181403074	0.280720106130928	-0.0286450478034699	442.482740763358	0.539081654156838	0.699226845477412
RTL10	betareg	8	8	0.276009255154497	0.25193294543708	0.273268598466805	0.274981850928384	-0.0601517673541771	691.857847699571	0.539081654156838	0.699226845477412
FAM189A1	betareg	8	8	-0.109801641347548	0.100331573260293	0.273784968967834	0.281808849001947	0.014742643042367	531.559978801586	0.539245709814746	0.699439637211795
MRPL52	betareg	8	8	0.0889546944706748	0.0812951080007452	0.273858710092109	0.280639913637504	-0.0182134328190641	729.176972430326	0.539245709814746	0.699439637211795
YKT6	betareg	8	8	0.0495672296712385	0.0453036017682141	0.273905711655212	0.284404134676487	-0.00800784128305321	1501.28244451306	0.539245709814746	0.699439637211795
C15orf61	betareg	8	8	0.206788090256365	0.189061233222217	0.274059147558785	0.284049158929586	-0.0351741156431927	287.411585275589	0.539245709814746	0.699439637211795
POU2F1	betareg	8	8	0.175778002951506	0.160773019859648	0.274248834179452	0.284070724921496	-0.0349107800473239	146.936247640836	0.539245709814746	0.699439637211795
SKIL	betareg	8	8	0.063446266217767	0.0580497176180077	0.274409495453399	0.281953868328084	-0.0122905296406813	463.497296615566	0.539245709814746	0.699439637211795
SLIT2	betareg	8	8	0.26025924660465	0.238166753283051	0.274498920414657	0.279165439827663	-0.0563350629874126	236.356050225864	0.539245709814746	0.699439637211795
TLE4	betareg	8	8	0.144579752745295	0.1324012692319	0.274841179104234	0.276469021614215	-0.0227576259846149	238.885508204114	0.539461394833061	0.699719395860248
ETFA	betareg	8	8	0.279933241888172	0.256478916424455	0.275076072933091	0.26711070156555	-0.0145864531454553	676.043221227008	0.539461394833061	0.699719395860248
COL5A1	betareg	8	8	-0.233930347571883	0.21434132318783	0.275100549731372	0.280913717656378	0.0488662543695588	66.6054889990462	0.539461394833061	0.699719395860248
SPRYD4	betareg	8	8	-0.10258277114696	0.0940534912979073	0.275411330680279	0.283304260274822	0.0214624108240796	760.557786784098	0.539749161897884	0.700092649996087
TXLNG	betareg	8	8	0.137059633473579	0.125708631597883	0.275582723128752	0.281368709563245	-0.0280809523571698	167.789973302421	0.539763576396437	0.700111346615187
CSTB	betareg	8	8	0.141499152755446	0.129894215685361	0.276003342186469	0.287617843773978	-0.0214932151480064	1515.84490411306	0.540265825155235	0.700762798603122
UQCRB	betareg	8	8	0.130749560125659	0.120104829403468	0.276317670624108	0.291261319255939	-0.0251881552886129	1443.5500105873	0.540482942936945	0.701044415646535
EIF4E2	betareg	8	8	-0.110452835546462	0.101514051038918	0.276570981165329	0.281599180078745	0.0205304118945982	1380.25217975332	0.540482942936945	0.701044415646535
GRB2	betareg	8	8	0.0577756013322684	0.0531038926913559	0.276607028104209	0.284307988406798	-0.0119123488772572	3769.23815070318	0.540482942936945	0.701044415646535
ARHGEF12	betareg	8	8	-0.178850157454014	0.164445364350885	0.276773398091978	0.307651589875622	0.00402424224588432	581.173808856753	0.540487071250665	0.701049770359978
C16orf87	betareg	8	8	-0.272320166204349	0.250650305197025	0.277277935672938	0.292550046086883	0.0232788547462204	493.848312047523	0.540951560462655	0.701652245558221
FEM1C	betareg	8	8	0.257688289184364	0.237213425917472	0.277340051137938	0.30783713470586	-0.0257622312988113	465.573796622154	0.540951560462655	0.701652245558221
FRYL	betareg	8	8	0.141382055493938	0.130201572852295	0.277536261204413	0.284810500695172	-0.0274383175117461	150.488867433739	0.541013572392826	0.701732679395991
ACBD3	betareg	8	8	0.104515932098275	0.0962840432140651	0.27770208802175	0.289184609525741	-0.0195384357268178	655.102127023503	0.541016318562796	0.701736241371716
PDPR	betareg	8	8	-0.254207279579837	0.23456876637742	0.278488178447305	0.277004502401533	0.0349310879119165	524.131296251477	0.542226737566603	0.703306240007751
SMIM15	betareg	8	8	-0.252752527355834	0.233320558555663	0.27868219585563	0.301290567160343	0.00595626622288124	1205.06309853775	0.542283618723567	0.703380018871573
USP35	betareg	8	8	0.231348451681205	0.213734753513482	0.279070766797656	0.279952041573442	-0.0468547039403735	118.106836858762	0.542510424965851	0.703674202530216
YOD1	betareg	8	8	0.139783070636192	0.129201886604657	0.279298514324319	0.288785116286049	-0.0315771429808129	233.771408931343	0.542510424965851	0.703674202530216
ARSA	betareg	8	8	-0.353158577075759	0.326599470720325	0.279554742983809	0.290174859083779	0.0685672301856052	79.9899768849604	0.542510424965851	0.703674202530216
TBC1D12	betareg	8	8	0.157660742376598	0.145842576261619	0.279682115510924	0.299556140409975	-0.0139325501359343	258.258303022741	0.542510424965851	0.703674202530216
PTBP3	betareg	8	8	0.180348031424615	0.166889962724537	0.279857116589927	0.277693955099313	-0.0260452786063242	391.909379393124	0.542510424965851	0.703674202530216
CARNMT1	betareg	8	8	0.162721736319747	0.150593457027812	0.279903314582718	0.28787823494263	-0.0343637282450026	81.744714580065	0.542510424965851	0.703674202530216
ATP8B2	betareg	8	8	0.249157098846013	0.230714807597517	0.280170927133018	0.296946584633923	-0.0496541966126298	169.5478412086	0.542510424965851	0.703674202530216
RSU1	betareg	8	8	0.0840827483869004	0.0778720171586522	0.28025101740947	0.298603199956837	-0.0084551382661283	948.691728855216	0.542510424965851	0.703674202530216
CACNA1D	betareg	8	8	0.348073791323786	0.32260265773725	0.280607732292628	0.294098375582982	-0.0888442159595415	57.6579172453811	0.542510424965851	0.703674202530216
SF3A1	betareg	8	8	-0.0914634807032555	0.0847737232211941	0.280626467475189	0.290222344395863	0.0185770536843232	359.986907835007	0.542510424965851	0.703674202530216
TXNDC17	betareg	8	8	0.103451274482704	0.095892426086043	0.280665153166434	0.292213480075846	-0.0207584035939393	795.110734490677	0.542510424965851	0.703674202530216
YY1	betareg	8	8	-0.129110927133148	0.119705095778864	0.280777218113626	0.29115257902072	0.02499363070114	623.239569548062	0.542510424965851	0.703674202530216
USP31	betareg	8	8	0.201922249841543	0.187429288716913	0.281335117865334	0.313642820521768	-0.0195103123939456	981.484831148105	0.543269377061781	0.704658616812938
CANT1	betareg	8	8	0.113341545621177	0.105382964466309	0.282141729468521	0.289598711395711	-0.0241621354001479	284.303990526789	0.54427357468453	0.705961131804083
ZFP30	betareg	8	8	0.224979289372847	0.209247905628498	0.282293877898806	0.280020536221068	-0.0401282418488947	349.578616780613	0.54427357468453	0.705961131804083
KIF3C	betareg	8	8	0.111203266385451	0.103445134890551	0.282375826012204	0.290069501234273	-0.0229006963639095	3257.18542910987	0.54427357468453	0.705961131804083
MLF1	betareg	8	8	0.143749768476764	0.133764247862389	0.282531391877012	0.296953134666798	-0.0238996095521788	290.000820090624	0.54427357468453	0.705961131804083
MAST4	betareg	8	8	-0.13728536717423	0.127820309925635	0.282800401141978	0.286877685870339	0.0201018474892397	485.06699062928	0.54427357468453	0.705961131804083
RIC8B	betareg	8	8	0.0908391219877023	0.0846943221370663	0.283471866791678	0.298705610106971	-0.0122652951486441	470.514867317632	0.54427357468453	0.705961131804083
SCML1	betareg	8	8	0.223431105669171	0.208319910197094	0.283478270549488	0.293752776762229	-0.0502188790615447	61.7266898209421	0.54427357468453	0.705961131804083
CBX6	betareg	8	8	0.235770701629391	0.219908408153703	0.283661033184711	0.285224969260128	-0.0515187105280117	1088.58825518309	0.54427357468453	0.705961131804083
TKFC	betareg	8	8	0.237481399193033	0.221531585415213	0.283720965548149	0.288601466548006	-0.0145636708662975	238.997158431801	0.54427357468453	0.705961131804083
SPAST	betareg	8	8	0.102780487911297	0.0958903145686652	0.283785283036587	0.288507735691251	-0.0116579687123903	949.670109820111	0.54427357468453	0.705961131804083
AAK1	betareg	8	8	-0.216336413037201	0.20183433812636	0.283786792946702	0.307744293977127	0.0231980702916922	614.734415627363	0.54427357468453	0.705961131804083
JAG2	betareg	8	8	0.310759661936327	0.289978112568761	0.283870111512841	0.327612263512165	-0.00542607195866378	699.83845282053	0.54427357468453	0.705961131804083
KLHL26	betareg	8	8	0.0819160593171091	0.0764738586547225	0.284095607352117	0.291310517673442	-0.0141434124495794	393.369612238162	0.54427357468453	0.705961131804083
RBM12B	betareg	8	8	-0.154824248844952	0.144573277072457	0.284212136375415	0.293218538585266	0.0324271697115556	581.513453597437	0.54427357468453	0.705961131804083
SOCS2	betareg	8	8	0.2582182754544	0.241186855590491	0.284342557315283	0.334113948420143	-0.00122658967897289	1459.15554259676	0.54427357468453	0.705961131804083
ATP6V0A2	betareg	8	8	-0.238307925047255	0.222663295451431	0.284501674485244	0.297728753889044	0.0483222578440242	76.8490103291499	0.54427357468453	0.705961131804083
SARM1	betareg	8	8	-0.12177590626073	0.11392441457564	0.285106426996659	0.292485471667896	0.0237669185934254	1473.54586342821	0.544959345743774	0.706850625131814
MARCHF6	betareg	8	8	-0.17837432600117	0.166948466121379	0.285322333340172	0.290202392174222	0.0170954324987708	5102.18213518897	0.544959345743774	0.706850625131814
ZFP82	betareg	8	8	-0.133103506815875	0.124613305611775	0.285460801206319	0.288366517407395	0.0199639421182261	689.593778654603	0.544959345743774	0.706850625131814
NEU1	betareg	8	8	-0.327494083375126	0.30664373244722	0.285522604903291	0.345006022689687	0.0125437779504854	637.363581178183	0.544959345743774	0.706850625131814
GNA11	betareg	8	8	-0.27416150408813	0.256958030076399	0.285994179477503	0.294261768383499	0.0529778035310841	795.459408923011	0.545542970743857	0.707607627831875
MYH10	betareg	8	8	0.0675883892476825	0.0633842908092362	0.286275787150958	0.295089800998397	-0.0129472621432855	1148.38959615964	0.545763761525906	0.70789400901523
CPSF2	betareg	8	8	-0.212396160710802	0.199368174797185	0.286719217627539	0.292920580186681	0.0368725168899124	155.428559938902	0.54629262126816	0.708579977321561
RWDD2A	betareg	8	8	-0.101001683049408	0.0949579250804432	0.287488781204878	0.295190370074398	0.0178641336782805	580.263152176291	0.547441898089997	0.710070670244455
DCTN5	betareg	8	8	-0.145123397019514	0.136643297219536	0.288208391839953	0.297639466091482	0.0274706131461131	2545.56030442213	0.548130971669839	0.71096444717383
ZNF227	betareg	8	8	0.142826142094559	0.134487724789854	0.288235083098417	0.300330390508018	-0.00534369571806981	415.976001261191	0.548130971669839	0.71096444717383
MPP2	betareg	8	8	0.0917126576426654	0.0864099017081036	0.288522940259445	0.294115686928426	-0.0145561937855557	1988.57375486095	0.548130971669839	0.71096444717383
NCBP3	betareg	8	8	0.153113991695377	0.144295557739906	0.288638237154735	0.296727438915788	-0.03127211497325	352.212504444434	0.548130971669839	0.71096444717383
FHIP2A	betareg	8	8	0.171657591377963	0.161796513650122	0.288713803774523	0.294608070833512	-0.0257587899480514	588.976470856755	0.548130971669839	0.71096444717383
KANSL1L	betareg	8	8	0.17064469915298	0.161012027170854	0.289223860888276	0.30603959851492	-0.0302608840915342	133.507069174306	0.548130971669839	0.71096444717383
C19orf47	betareg	8	8	-0.238359078121057	0.224967353448273	0.289359651334357	0.289758295671272	0.00647909642063886	204.103134140216	0.548130971669839	0.71096444717383
FRMD5	betareg	8	8	-0.175722505595342	0.165887032440304	0.289467642671837	0.301274723251913	0.036356729148011	147.508522695314	0.548130971669839	0.71096444717383
ZNF385D	betareg	8	8	-0.1576819246	0.148860006242024	0.289479935485404	0.299277009589141	0.0266718736719382	476.312652302349	0.548130971669839	0.71096444717383
GNPNAT1	betareg	8	8	-0.109547709191075	0.103426612973518	0.289516450137797	0.297855582205866	0.0225905761558613	108.492792326628	0.548130971669839	0.71096444717383
TTC21B	betareg	8	8	0.321633674916914	0.303945062896223	0.289965756883776	0.264372458556898	-0.0196320407314123	80.8847449312531	0.548665939687957	0.711658338343851
GTDC1	betareg	8	8	-0.0811326740411365	0.0767429356366855	0.290420067227898	0.303414891599174	0.0154772360372726	304.203969522583	0.548835367952292	0.711878098726889
PUS7L	betareg	8	8	-0.29452799670721	0.278606848211801	0.290445154193294	0.292398442926402	0.0753230996518599	137.87710819279	0.548835367952292	0.711878098726889
MAPKAPK2	betareg	8	8	0.304326960871152	0.288096724355129	0.290814703392622	0.293957631446983	-0.0329670678359693	54.0463424556012	0.548835367952292	0.711878098726889
MAGT1	betareg	8	8	0.175993125772141	0.166632056171427	0.290886861648049	0.292179216148812	-0.0328100910770938	97.6968590814956	0.548835367952292	0.711878098726889
CSTF2T	betareg	8	8	-0.180050462587127	0.170474434339176	0.290889269957754	0.309523150870386	0.0260057877296141	556.289486314245	0.548835367952292	0.711878098726889
ARL14EP	betareg	8	8	0.123033460221189	0.116603184214075	0.291358255397419	0.299584698498685	-0.0216793425601433	388.144133922933	0.549093858179593	0.712213378743986
BLOC1S5	betareg	8	8	-0.118682842885481	0.112480360529528	0.291360018577085	0.299419704252097	0.0248606383547455	236.901559113323	0.549093858179593	0.712213378743986
THG1L	betareg	8	8	0.249639679017415	0.236772071420626	0.29172454986992	0.295921461709068	-0.0488173971717246	76.0234874375734	0.549466149838086	0.712696267226571
FBXL18	betareg	8	8	0.210115835527008	0.199438221404234	0.292094279642123	0.30627915987632	-0.0296248575358092	347.509226278902	0.549829899785306	0.713168076508478
RAB3B	betareg	8	8	0.101920504294994	0.096772728990103	0.292251866404248	0.290865022944475	-0.00774451554691289	14640.3078671834	0.549829899785306	0.713168076508478
GSR	betareg	8	8	0.0680885283187826	0.0647738931260967	0.293179419537483	0.298335322756484	-0.0102958674378607	535.583971434764	0.55125977205687	0.7150227214777
IPO5	betareg	8	8	0.0808739544069878	0.0772045655558438	0.294856063915835	0.305564532493181	-0.0160679080217155	652.631510257189	0.554095708962825	0.718701131235171
CXorf38	betareg	8	8	0.214754520116724	0.205121693944121	0.295117326824566	0.3014734876154	-0.0457827727689722	125.722048948299	0.554270131258153	0.71892736922788
SNX13	betareg	8	8	0.0939859909617437	0.0898719664532102	0.295664231190372	0.305031712893169	-0.0194172406267944	263.243519768531	0.554837866324492	0.719663761565557
FAM118A	betareg	8	8	0.0819418999873848	0.0784105981299633	0.296006318674073	0.304041853358994	-0.0166903507098472	234.465169022471	0.554837866324492	0.719663761565557
PDCD2	betareg	8	8	0.223672022225118	0.21405884069981	0.296065001600798	0.30550933656491	-0.0247865545653584	364.381167553611	0.554837866324492	0.719663761565557
RBM34	betareg	8	8	0.101322095790948	0.0969732214257852	0.296094087466991	0.296487234833015	-0.0125601580524749	351.73712668291	0.554837866324492	0.719663761565557
DSEL	betareg	8	8	-0.262835171853551	0.251943018299369	0.296840575034104	0.287503061211354	0.0446062721064983	647.082126401268	0.555632394360648	0.720694320346552
STK25	betareg	8	8	0.125998182997872	0.120794063525995	0.296910049583563	0.310905420581553	-0.00892882272290023	3150.19364192973	0.555632394360648	0.720694320346552
MRTFB	betareg	8	8	0.122487906671149	0.117486730651264	0.297148412895492	0.313949525505835	-0.0105069865266098	451.313322638545	0.555632394360648	0.720694320346552
ATE1	betareg	8	8	0.0891493171798143	0.0855173415913902	0.297193534163527	0.304340146424797	-0.0182872453406769	602.05359946572	0.555632394360648	0.720694320346552
SKP1	betareg	8	8	0.234491052501274	0.225081853561654	0.297502812396861	0.296480150753839	-0.00198895353962158	7733.53368300392	0.555894770980978	0.721034641288927
RPL14	betareg	8	8	0.152856555470517	0.146817997279681	0.297815426631161	0.304934936954146	-0.031925431233664	954.858197963469	0.556163079685307	0.721382656561745
NUDT21	betareg	8	8	-0.0669216821485259	0.064332011203604	0.298221547176468	0.303439627876758	0.0118905829572399	2332.69342910904	0.556605605730607	0.721956643987047
KCNN3	betareg	8	8	-0.195737851441062	0.188797721776986	0.299847905732895	0.309638481102844	0.0364089765456634	106.610845979651	0.559201092452743	0.725323172933456
FITM2	betareg	8	8	0.0734671182288937	0.0708929347662284	0.300057141061888	0.3084102820558	-0.00990571587909408	848.87410695371	0.559201092452743	0.725323172933456
MDGA2	betareg	8	8	-0.107729776047841	0.104025015474677	0.300382196610444	0.310380043712477	0.021579096750557	144.474855129741	0.559201092452743	0.725323172933456
MCUR1	betareg	8	8	0.148962818736809	0.143916466510673	0.300638811819822	0.312787982318653	-0.0242204130866302	449.135776170781	0.559201092452743	0.725323172933456
VAT1L	betareg	8	8	0.039429839753942	0.0380981228602737	0.300689963817035	0.305623782970682	-0.00284989497993414	20345.264088237	0.559201092452743	0.725323172933456
PGP	betareg	8	8	0.253442326926396	0.244918617098892	0.300761289328243	0.313112701586682	-0.0516651268937347	1111.1462879757	0.559201092452743	0.725323172933456
STX7	betareg	8	8	-0.181619126720739	0.175525661580631	0.300801784463969	0.322321668260548	0.0089639051205267	4321.2393088804	0.559201092452743	0.725323172933456
RNF38	betareg	8	8	-0.126095889314471	0.121995805807398	0.301319272116334	0.306313495783623	0.0247753359883341	654.876504592219	0.559846822551679	0.726160730317626
CDH7	betareg	8	8	0.178338600338874	0.172666814002792	0.301674964038549	0.310284262062207	-0.0377794268530648	475.163810281906	0.560191379370357	0.72660764476102
LPIN2	betareg	8	8	0.280954440248708	0.272867517176143	0.303180528314968	0.331197425955646	-0.00574155398573771	438.761412383608	0.562483315050257	0.729580446642026
CCN3	betareg	8	8	0.158738426354041	0.15419184323405	0.303251104110346	0.307371225734027	-0.0344173362096979	173.287527454263	0.562483315050257	0.729580446642026
RPP14	betareg	8	8	-0.210972468008351	0.205012699897079	0.30344667014154	0.310847861246535	0.0162138681777642	745.985927027371	0.562528963044881	0.729639655303715
ZNF562	betareg	8	8	-0.101670634098799	0.0990726480307115	0.304786463295851	0.303815317447691	0.00948352339229404	603.024528587288	0.564694531736874	0.732448550307822
SECISBP2L	betareg	8	8	-0.275851842802363	0.269006128375844	0.305151767978018	0.317492515341271	0.0342477053366059	105.857053172619	0.564860454071844	0.732663763253729
MRRF	betareg	8	8	-0.315035333942615	0.307323681727487	0.305319340266158	0.346722794515419	0.0169281697728529	265.405337242234	0.564860454071844	0.732663763253729
LARP1	betareg	8	8	-0.167900749366946	0.163815032931763	0.305391010971974	0.322074886357988	0.0298773613290142	1731.66053704831	0.564860454071844	0.732663763253729
ZNF436	betareg	8	8	-0.113748222953216	0.111033194939599	0.305621643081224	0.308694552764988	0.00977568431686067	1564.10033405292	0.564969461211568	0.732805153185766
PCM1	betareg	8	8	0.156144553761029	0.152590880511512	0.30617127197007	0.318307094708696	-0.0237181734713956	375.934009989117	0.565341077849276	0.733287166118887
GNG12	betareg	8	8	-0.201437891447155	0.196966740294441	0.30644969664269	0.313880731273411	0.0387924349307893	278.547177852854	0.565341077849276	0.733287166118887
SLC17A5	betareg	8	8	-0.174077271434511	0.170218898158035	0.30646525950445	0.307505941395175	0.0216591411670278	403.248764933866	0.565341077849276	0.733287166118887
BDH1	betareg	8	8	-0.152516797071805	0.149150073772985	0.306509911985964	0.314381462173117	0.0268691668205226	223.218401432605	0.565341077849276	0.733287166118887
AMER2	betareg	8	8	0.116821476994096	0.114321758371668	0.306844496017765	0.309467431447801	-0.0199017153819713	1090.66115866587	0.565641136716539	0.733676363587575
FARP1	betareg	8	8	0.144726973231454	0.141758974191688	0.307284316577127	0.314871062177058	-0.0305899865527558	2027.14393627416	0.565680895009198	0.733727932891302
SBF1	betareg	8	8	-0.192747750116577	0.188875162085802	0.307489764959596	0.31394812386534	0.0430324167828261	379.473243738992	0.565680895009198	0.733727932891302
ZNF518A	betareg	8	8	0.216073879458004	0.211784120197724	0.307607378195975	0.308581503582531	-0.0336839921766311	496.013422440454	0.565680895009198	0.733727932891302
GLRA3	betareg	8	8	0.230839531234341	0.226426210139931	0.307969823497827	0.333671343142967	-0.0160342853041437	289.749851615928	0.565680895009198	0.733727932891302
RANBP2	betareg	8	8	-0.12620626303531	0.12386681029042	0.308256691619257	0.315620881241391	0.0233445301583639	284.764955996603	0.565680895009198	0.733727932891302
HIRIP3	betareg	8	8	0.224116257419283	0.220012350626706	0.308367697655251	0.329927024826549	-0.0356610070626738	146.813632560174	0.565680895009198	0.733727932891302
KDELR2	betareg	8	8	0.0748030735376622	0.0734346251995417	0.308376319822356	0.320787772942526	-0.0116253211007711	2490.17042599364	0.565680895009198	0.733727932891302
M6PR	betareg	8	8	0.0914677699264497	0.0897990044756533	0.308400816780683	0.320783327367468	-0.0178306759313572	566.937070359988	0.565680895009198	0.733727932891302
DYRK1A	betareg	5	4	-0.305672796311202	0.300103746085885	0.308413287630505	0.358962924050195	0.0049393207652658	336.43205183696	0.565680895009198	0.733727932891302
PALS1	betareg	8	8	0.159928476967162	0.157175751385244	0.308909128540781	0.329104277942195	-0.0248661620076337	162.285846208198	0.566057391868654	0.734216275815495
CCNJL	betareg	8	8	-0.105625084506291	0.103818518013618	0.30896261278459	0.315687988315284	0.0218084142759432	211.682858220154	0.566057391868654	0.734216275815495
PPM1D	betareg	8	8	-0.175213066160864	0.17236714177463	0.309386193439324	0.315824184708224	0.0360911285272107	124.213976334154	0.566518010377299	0.734813730439085
ANKRD9	betareg	8	8	0.229492609041833	0.226423703604252	0.310795704141409	0.321367645332445	-0.0542079028402529	551.619958831644	0.568782451978347	0.737750870564813
STAU1	betareg	8	8	0.0813883934536628	0.0804230770207014	0.311536629490112	0.312274199270426	-0.00942166773959673	1862.57776501148	0.569821488470121	0.73909857402101
VPS35	betareg	8	8	-0.199309173708248	0.197185150289078	0.31212570092083	0.304973597791841	0.0168484611496085	1873.29102257565	0.57039247686862	0.739839186159465
C18orf32	betareg	8	8	0.323350293206128	0.320060427312764	0.312361692098094	0.302736681530214	-0.0152894705871193	3772.18759771651	0.57039247686862	0.739839186159465
DENND3	betareg	8	8	0.241715140076857	0.239259390232941	0.312368841016719	0.351556286313656	-0.0133062892059366	187.446226256591	0.57039247686862	0.739839186159465
PCSK2	betareg	8	8	-0.137759319682065	0.136444033128878	0.312667917359095	0.322393817363199	0.0201722732298541	1151.5059970208	0.570593045424909	0.740099337692789
MAP4K5	betareg	8	8	0.141155829200378	0.139853648073144	0.312825493251591	0.316128839575138	-0.0272559382282506	288.341595103884	0.570593045424909	0.740099337692789
MRPS11	betareg	8	8	0.0984802399032337	0.0977392301290494	0.31365541488173	0.326416895311976	-0.014540802745685	1019.79343115902	0.571789864055132	0.741651695687104
MMACHC	betareg	8	8	0.338094199247036	0.336198530052383	0.31458947713213	0.309963935117219	8.65227107172408e-05	3215.0938818863	0.573175099221469	0.743448443189331
PURB	betareg	8	8	0.198646826706826	0.197638247411016	0.314847179388456	0.321551303921409	-0.0412617019558923	176.596655901794	0.573181386204174	0.743456597848371
BACH2	betareg	8	8	-0.176615363286396	0.175775361079208	0.315003355375476	0.322742030872737	0.0367423176785563	575.296209808761	0.573181386204174	0.743456597848371
EIF4H	betareg	8	8	0.0306190331886692	0.0304816335791691	0.31513400039153	0.323598949766254	-0.00365012521778872	3112.94524947435	0.573181386204174	0.743456597848371
NDUFC2	betareg	8	8	0.110467653393037	0.110092296931024	0.315663336447006	0.326589170270904	-0.0174051534571616	2321.89449056843	0.573181386204174	0.743456597848371
EVI5	betareg	8	8	-0.144340703949627	0.143910059157256	0.315864500251349	0.325646228585375	0.0308548697965678	163.164363629915	0.573181386204174	0.743456597848371
CEP57L1	betareg	8	8	-0.137379914657738	0.137035709494076	0.316096474342269	0.320532781135503	0.0256432440532201	128.598457100423	0.573181386204174	0.743456597848371
SMARCC1	betareg	8	8	0.165927280284201	0.165537973098311	0.316173727331995	0.323967547954378	-0.0293384139479859	414.050642554662	0.573181386204174	0.743456597848371
CTNNBIP1	betareg	8	8	-0.0688586059790288	0.0687246221382408	0.316367947154404	0.331249751358785	0.00954686525121889	1850.23653975835	0.573181386204174	0.743456597848371
SCN1A	betareg	8	8	0.154299107684328	0.154011429856144	0.316407398259342	0.325309974919405	-0.0263142650823798	295.398441905038	0.573181386204174	0.743456597848371
SLC8A1	betareg	8	8	-0.358492907380492	0.357853766252077	0.316446940965239	0.323977287634265	0.0887030855021498	1307.71747952927	0.573181386204174	0.743456597848371
UBE2D2	betareg	8	8	0.0760578652036906	0.0759742256272726	0.316778032839676	0.324505466844598	-0.00566129370002488	2584.89111221778	0.573181386204174	0.743456597848371
WDFY2	betareg	8	8	-0.213842156412276	0.213794151216634	0.317201856173462	0.335478237625929	0.0278167285871892	294.930122985553	0.573181386204174	0.743456597848371
KIF21A	betareg	8	8	0.132016101141709	0.132020351774432	0.317326089479285	0.324370716733143	-0.0270881268763764	882.36690868783	0.573181386204174	0.743456597848371
MGAT5	betareg	8	8	-0.136679917086496	0.136688018764666	0.317339192557467	0.330198060096308	0.0281085231088271	506.70759228685	0.573181386204174	0.743456597848371
TWF1	betareg	8	8	0.106898604373853	0.106943334338901	0.317512962847039	0.324354283480409	-0.019460556826172	288.546514426229	0.573181386204174	0.743456597848371
AFF3	betareg	8	8	0.248121363494667	0.248236477599262	0.317534976901077	0.375679270211283	-0.00257516182596087	1112.70491177202	0.573181386204174	0.743456597848371
WDR89	betareg	8	8	-0.1430620352309	0.143134096899892	0.31755421224873	0.324842255517125	0.0176149834093873	212.325416418727	0.573181386204174	0.743456597848371
BNIP3L	betareg	8	8	0.209383669677309	0.209816013462534	0.318308737890608	0.326033898730121	-0.0441153572245404	1724.25758602314	0.574228304720323	0.74481452484491
CEBPG	betareg	8	8	0.0826436245573876	0.0828805893309702	0.318696127992129	0.326100936512796	-0.0166763998650754	1290.02324832485	0.574310052756918	0.74492055780172
SH2B3	betareg	8	8	0.1537936968343	0.154236900915992	0.318703125245066	0.326427812150649	-0.0248130522268116	208.193010099106	0.574310052756918	0.74492055780172
ADCYAP1	betareg	8	8	0.117068752996856	0.117555342643311	0.31931780287598	0.320595765651627	-0.0184616897622461	1022.03266806381	0.574775496362572	0.745524270915716
ICA1	betareg	8	8	-0.112258978146169	0.112766521466977	0.319493549382759	0.326249596624732	0.0235994531292279	239.803900742702	0.574775496362572	0.745524270915716
CCDC90B	betareg	8	8	0.130143452703745	0.130746855742731	0.319549074604056	0.338506604608703	-0.00923449838339484	1130.51588329442	0.574775496362572	0.745524270915716
ARHGAP24	betareg	8	8	-0.208510087165073	0.209595720633763	0.319823649245961	0.323707270067831	0.0368834799126765	142.127259158648	0.574775496362572	0.745524270915716
GOLGA2	betareg	8	8	0.165411983659558	0.166277053976822	0.31983480319744	0.324369666647244	-0.0340702054626221	232.178705247863	0.574775496362572	0.745524270915716
WDR36	betareg	8	8	0.194658985766164	0.19598241572584	0.320589501293805	0.344039281278595	-0.0214513447926078	273.574226720761	0.575683710237747	0.746702288231016
C9orf72	betareg	8	8	0.0572026572223168	0.0576387595183349	0.32098592314468	0.328519876248354	-0.0120439947267617	577.222078006446	0.575683710237747	0.746702288231016
SLC12A6	betareg	8	8	0.171907611861929	0.173221799035728	0.320995968738593	0.326346415615774	-0.00921241413869218	873.853586893791	0.575683710237747	0.746702288231016
WAPL	betareg	8	8	0.230653942002862	0.232438375205319	0.32103999505715	0.328717616563811	-0.0501036015328276	101.106158705829	0.575683710237747	0.746702288231016
POLR3E	betareg	8	8	0.218930444614241	0.221026112354231	0.321920770404958	0.34841355656108	-0.0148681664225207	186.916653126205	0.576775570691178	0.748118508083181
NEK4	betareg	8	8	0.136290554016995	0.137646179750438	0.322100135835761	0.330363901566885	-0.0183046331636762	155.398587647095	0.576775570691178	0.748118508083181
MED13	betareg	8	8	0.137817595517642	0.139209872945713	0.322174746451941	0.32512381028664	-0.0271316137825739	214.262151020586	0.576775570691178	0.748118508083181
PJA2	betareg	8	8	0.0638300771544135	0.064565752140775	0.32285604655683	0.330288375225179	-0.00928667984457736	8697.99006328175	0.577462168190571	0.749009073361949
CEP89	betareg	8	8	0.257643746541458	0.26068379230293	0.322987049535026	0.330584086862615	-0.0338177919591064	188.181711736354	0.577462168190571	0.749009073361949
ZNF585A	betareg	8	8	-0.219174885296882	0.221805800936697	0.323084747905189	0.311331155584082	0.0328287223608802	408.867691562564	0.577462168190571	0.749009073361949
CLHC1	betareg	8	8	0.11937926217579	0.120904930711467	0.323455770421668	0.331129902606163	-0.023331579485823	75.5257167586005	0.577811454041993	0.749462121693638
FAM117B	betareg	8	8	0.130882924520076	0.132904136818042	0.324726273899776	0.334834292788076	-0.0228518220485176	693.555269747649	0.579751670558802	0.751978719066467
AXIN2	betareg	8	8	0.194940946951227	0.198035078539296	0.324930752206355	0.326080609548627	-0.0373620636720491	60.2754421212788	0.579751670558802	0.751978719066467
GATAD2B	betareg	8	8	0.292060765061915	0.296782085002344	0.325070463139089	0.365540898855402	-0.0208227671836105	462.81555445936	0.579751670558802	0.751978719066467
PICALM	betareg	8	8	0.0664362352627147	0.0676102763666188	0.32578702946167	0.330772073802998	-0.0109952568425126	701.272645020038	0.580714890625981	0.753228083284077
FAM227A	betareg	7	8	-0.278322679425879	0.283997208740622	0.327076707109578	0.337060158577025	0.0567670145855722	65.0577367504472	0.582698084662327	0.755800425524462
ZBTB26	betareg	8	8	0.152887142609331	0.156091369838508	0.327346764983227	0.334172039389568	-0.0300679785015658	160.038564577927	0.582863628628459	0.756015147699357
HS3ST1	betareg	8	8	0.203773903928168	0.208275893096281	0.327884195156223	0.340878714389322	-0.0209393930506898	526.123498687229	0.583504810985497	0.756846806342217
GPR37	betareg	7	8	0.259025500325386	0.265188234619174	0.328687534455547	0.335885952594624	-0.00693954993504999	353.824762635233	0.584110006835737	0.757631787953067
RIMKLA	betareg	8	8	0.0837607932625913	0.0857541554724106	0.328690498712214	0.334837110974062	-0.0159439798641176	2013.23255376384	0.584110006835737	0.757631787953067
IAH1	betareg	8	8	0.18240498625596	0.186771514773514	0.328756811454798	0.341678446828634	-0.0337410406592335	512.782718853554	0.584110006835737	0.757631787953067
CASP2	betareg	8	8	0.161140248811516	0.165273984530963	0.329565920769867	0.335667025069779	-0.0319725456554694	190.873276649408	0.584378228950923	0.757979690913671
SVOP	betareg	8	8	-0.107367245889601	0.110208074743749	0.329945805930794	0.342630064014869	0.0073893642241907	2690.89746305332	0.584378228950923	0.757979690913671
RBM28	betareg	8	8	-0.117382690027794	0.120555676203533	0.330215289138261	0.329410962851701	0.0223061970890382	419.370175138064	0.584378228950923	0.757979690913671
VCAN	betareg	8	8	0.143714866808202	0.147638091433807	0.330341251786838	0.330852434948602	-0.0263954211339742	123.333601747419	0.584378228950923	0.757979690913671
NCOA1	betareg	8	8	-0.146614905784974	0.150618780505207	0.330346012972195	0.338540492980259	0.031412694873105	180.840530988738	0.584378228950923	0.757979690913671
CABLES1	betareg	8	8	0.170501260122154	0.175242793868893	0.330581602293544	0.339048176963671	-0.0254978832490118	133.297059208986	0.584378228950923	0.757979690913671
ZNF92	betareg	8	8	0.134048712884326	0.137791970542144	0.330635815094388	0.334312317014517	-0.0205185251992768	308.326040583477	0.584378228950923	0.757979690913671
NKIRAS2	betareg	8	8	0.198677964904717	0.20427457644983	0.330750896829245	0.336000556744983	-0.0275061174842874	3017.71424806424	0.584378228950923	0.757979690913671
TIPRL	betareg	8	8	-0.180672514925217	0.18577775052357	0.330792088707671	0.353897145644173	0.0197912235927607	882.965471038218	0.584378228950923	0.757979690913671
HEG1	betareg	7	8	-0.456777906877605	0.469742244726932	0.330851011692647	0.31410049866896	0.0819183181800192	63.1025535245272	0.584378228950923	0.757979690913671
LRRC8C	betareg	8	8	0.323606073306611	0.332983030471895	0.33113038451972	0.337912762748253	-0.0462263505718932	209.266638129634	0.584378228950923	0.757979690913671
PTPMT1	betareg	8	8	0.187843923717877	0.19337830786583	0.331358819010464	0.33899064303665	-0.0371735703800256	985.699341382453	0.584378228950923	0.757979690913671
BSDC1	betareg	8	8	-0.330610178209453	0.340374194499536	0.331392000915671	0.330652762698075	-0.000353327944949937	1927.05135651936	0.584378228950923	0.757979690913671
SPTSSA	betareg	8	8	-0.099891383422473	0.102841958297581	0.331394119785593	0.333621626314743	0.0178885507515086	753.594971536692	0.584378228950923	0.757979690913671
ZNF570	betareg	8	8	0.151140141261412	0.155821611319768	0.332068314479399	0.339574216784392	-0.0274880054366978	158.158118564721	0.584871576553228	0.758619597475179
TOM1L1	betareg	8	8	-0.190763941920422	0.196718883374786	0.33218175382181	0.336677499707302	0.0363867511121863	57.062403099956	0.584871576553228	0.758619597475179
TMEM19	betareg	8	8	-0.150393571879524	0.15509644018688	0.332207129259866	0.331416866695211	0.025014762098811	554.020533574884	0.584871576553228	0.758619597475179
DYNLT3	betareg	8	8	0.0629326701867977	0.0650411045145077	0.333252646556297	0.339001655707959	-0.0118665881882789	1088.68568525721	0.586398525729981	0.760600158022608
WDR17	betareg	8	8	0.19431185410848	0.201002796727493	0.333687930820227	0.34132572190641	-0.0333731018769114	115.691401404	0.586569467693557	0.760821881780093
TSPAN5	betareg	8	8	0.137632059361118	0.142433714004872	0.333899840641557	0.33948326827979	-0.0301359748666839	876.337580395623	0.586569467693557	0.760821881780093
SPTSSB	betareg	8	8	-0.0871635870292772	0.0902103609940505	0.333931156652041	0.342827442484049	0.0121903639311086	419.404714005592	0.586569467693557	0.760821881780093
IPP	betareg	8	8	0.125212834730059	0.129704918346036	0.334361075027822	0.34040283217733	-0.0257481900871159	97.8063853352478	0.586569467693557	0.760821881780093
TPM3	betareg	8	8	0.138173054515114	0.143171783074487	0.334501839724983	0.358676150925534	-0.000872583962067288	3653.70912205689	0.586569467693557	0.760821881780093
RPS23	betareg	8	8	-0.149144556166771	0.154599551819004	0.334687419529626	0.341844807664146	0.0295300614721635	1803.18523809618	0.586569467693557	0.760821881780093
REXO4	betareg	8	8	-0.098832747505955	0.10248578006138	0.334867617679576	0.340749348643609	0.018258180409984	180.357119909609	0.586569467693557	0.760821881780093
CSMD3	betareg	8	8	0.185338123014864	0.192194899687931	0.334883593944346	0.352672416884349	-0.0184023545975598	69.2303055076823	0.586569467693557	0.760821881780093
C3orf70	betareg	8	8	0.236283287334173	0.245080100187778	0.334992596157602	0.3453221432873	-0.0362470131669031	783.96752194751	0.586569467693557	0.760821881780093
RYBP	betareg	8	8	0.241431678210546	0.250492620451137	0.335132412780359	0.348791011262015	-0.0469715636551416	493.856543612838	0.586569467693557	0.760821881780093
ADGRG2	betareg	8	8	0.0796369587306325	0.0828501181684477	0.33644296911946	0.343917445686303	-0.0155364789958698	656.775184343021	0.588105782641063	0.762814590391342
SKI	betareg	8	8	0.198551830050091	0.206617276146795	0.336570108786223	0.342019392687772	-0.0426309393606937	69.010938036992	0.588105782641063	0.762814590391342
ATRNL1	betareg	8	8	-0.0930091175376669	0.0968537162326377	0.336901684639257	0.337281007803309	0.0154492672148907	627.712747613772	0.588105782641063	0.762814590391342
AVL9	betareg	8	8	-0.24090837335174	0.251257764399397	0.337654638467101	0.3413241509319	0.0270028199362542	330.440553309436	0.588105782641063	0.762814590391342
KANSL3	betareg	8	8	0.0819623293865484	0.0854852038674401	0.337664720209389	0.344997970095873	-0.0163868885939355	569.604044419038	0.588105782641063	0.762814590391342
PRXL2C	betareg	8	8	-0.265715088125572	0.277235021331777	0.337837380083566	0.341557105217022	0.0459996905079799	69.3177070897042	0.588105782641063	0.762814590391342
NTNG2	betareg	8	8	0.211877616800888	0.221090637921582	0.33789677801136	0.357581856541403	-0.0313537230371478	431.383173835023	0.588105782641063	0.762814590391342
NAA15	betareg	8	8	0.220633216980702	0.230231131308652	0.337905539768301	0.349157400492318	-0.0388493718079276	257.944943941505	0.588105782641063	0.762814590391342
POT1	betareg	7	8	0.317889707654337	0.331718904451076	0.337906213019064	0.344338350464334	-0.0232416636004524	111.066220453716	0.588105782641063	0.762814590391342
TSN	betareg	8	8	0.029314910768368	0.0305926289916477	0.337944553349178	0.344375387413569	-0.00567439514996976	1697.24326161959	0.588105782641063	0.762814590391342
SELENOF	betareg	8	8	0.0863249924368775	0.0901187352501756	0.338111754227114	0.342334925601188	-0.0169216305915804	1567.1539703707	0.588105782641063	0.762814590391342
ARL15	betareg	8	8	-0.121848693846099	0.127222831790448	0.338184767046292	0.334991056258379	0.005401193952821	899.417884229193	0.588105782641063	0.762814590391342
TRAF3IP1	betareg	8	8	0.128093350329865	0.13378413599525	0.338333650330555	0.343927022560844	-0.0266955144489403	141.643389823641	0.588105782641063	0.762814590391342
NYAP2	betareg	8	8	0.27874362172667	0.291281506829765	0.338589401427422	0.340119633380723	-0.0451194513850816	64.8680964841956	0.58823959531986	0.762988154853346
TACC1	betareg	8	8	0.195332846541712	0.204211041166067	0.33880735580197	0.355989001460477	-0.0161241687657888	762.383220903613	0.588307636259157	0.763076408740268
ATXN7	betareg	8	8	-0.342768786700613	0.358570671714286	0.339107143909693	0.333434914075612	0.0550887028651105	126.147445551983	0.588517627188454	0.763348781754521
NFYB	betareg	8	8	-0.101603963385246	0.106356036631474	0.339416302976119	0.35404750636785	0.0138364322154371	328.789172275139	0.588580669106992	0.763430551559693
CRTAP	betareg	8	8	-0.116442162693535	0.121935993238653	0.339605529532115	0.335529611450954	0.0113530275676507	588.822959706301	0.588580669106992	0.763430551559693
PAK5	betareg	8	8	-0.1405732798449	0.147269841792255	0.339816125939188	0.355454855448172	0.0244981317831708	358.411126614187	0.588580669106992	0.763430551559693
MOB3B	betareg	8	8	0.339260730986168	0.355453797210687	0.339858961565936	0.344773994125357	-0.0348202680341424	114.384454145758	0.588580669106992	0.763430551559693
NUBPL	betareg	8	8	-0.150324898313039	0.157731548139654	0.340568443414466	0.348187176104516	0.0199650113363052	219.620904259628	0.589499114051056	0.764621839291395
EPM2AIP1	betareg	7	7	-0.31500246221356	0.330651596316156	0.340756369201409	0.347732821446154	0.000418201170207158	2776.17929081133	0.589514292403912	0.764641526683287
RBM19	betareg	8	8	-0.225494870529677	0.236971319771464	0.341314948458908	0.35502416903043	0.0431714278317138	93.2037548102463	0.590170354628059	0.765492485561019
TMEM150C	betareg	8	8	0.11419084009131	0.120139462226081	0.341865519801445	0.34698516458354	-0.0229613532173538	604.435763304702	0.590811888434987	0.766324600059121
PTPRO	betareg	8	8	-0.0687623404778919	0.0724165806949867	0.342346736863877	0.347632212103993	0.0111119029338439	890.077586191503	0.591332953587211	0.767000458233609
COX19	betareg	8	8	0.100450132030862	0.105886259163714	0.342793211512706	0.350566652410956	-0.0188228162867444	564.64837977631	0.591347471344559	0.767019288786635
ZFP69B	betareg	8	8	0.104946840799185	0.110638386099166	0.342845853718087	0.348900237089632	-0.0217930049264265	151.280380586192	0.591347471344559	0.767019288786635
SERTAD4	betareg	8	8	0.2104917235106	0.22192951581084	0.342894283740604	0.346534126179147	-0.0370706471081226	372.434215361018	0.591347471344559	0.767019288786635
PAPPA	betareg	8	8	0.230605496061851	0.243402605005037	0.343422711034693	0.351509910908318	-0.0470955838376715	161.398926068373	0.591944755013433	0.7677940077414
PIRT	betareg	8	8	0.0736350994688553	0.0777732894784769	0.343744967989749	0.348697969984928	-0.0153209484410174	1465.60913612659	0.591944755013433	0.7677940077414
DMXL2	betareg	8	8	0.0885086995335016	0.0934896114894751	0.343780306652722	0.347270940454182	-0.0160944452248628	354.585218534518	0.591944755013433	0.7677940077414
NFIA	betareg	8	8	-0.202531324872583	0.214254515941855	0.344514002278787	0.3541442760227	0.0418834816646294	163.32859690745	0.592837256695685	0.768951645236671
NSD2	betareg	8	8	0.121341420785813	0.128403645724459	0.344658973134431	0.350463564323694	-0.0253729621898824	183.179394289446	0.592837256695685	0.768951645236671
EYA1	betareg	8	8	0.114615861272909	0.121348732211183	0.344905852268987	0.350736461342381	-0.0237503265936824	421.538687037016	0.592880661647546	0.769007944514033
ONECUT2	betareg	8	8	0.125973726983034	0.133442401112711	0.345153946409592	0.346765068345847	-0.0207217543253223	2113.15760700146	0.592880661647546	0.769007944514033
AKAP13	betareg	8	8	0.197516080243991	0.209339354537459	0.345414471463498	0.351860274296118	-0.0217139569886161	313.33409140195	0.592880661647546	0.769007944514033
RNF13	betareg	8	8	0.237440719297629	0.251800924371255	0.345696244676791	0.344507575188239	-0.042402166002217	602.780637262968	0.592880661647546	0.769007944514033
TCF7L2	betareg	8	8	-0.139510629563115	0.147991413387403	0.345837401356224	0.354145068956816	0.0272150676088777	111.847486104172	0.592880661647546	0.769007944514033
C21orf91	betareg	8	8	0.139591080716115	0.148224208254302	0.346317427518693	0.357378433847392	-0.0245780351189369	107.997146865896	0.592880661647546	0.769007944514033
KCNMB4	betareg	8	8	0.162368976637354	0.172449989611849	0.346426972971926	0.345017156871989	-0.026646657622073	300.403530681504	0.592880661647546	0.769007944514033
PANX1	betareg	8	8	0.0784499660300137	0.0833255179683971	0.346454892675752	0.348771749796927	-0.0145681732267883	653.000774854683	0.592880661647546	0.769007944514033
BIVM	betareg	8	8	-0.0906654808381517	0.0963304792311605	0.346606452113797	0.356976015227818	0.013261931620007	720.135219406195	0.592880661647546	0.769007944514033
NTNG1	betareg	7	7	0.280068047352512	0.297567692691638	0.34660696548539	0.393459351515687	-0.00539760218381498	472.263735635921	0.592880661647546	0.769007944514033
MRI1	betareg	8	8	-0.150372672845699	0.159844030708659	0.346834910339164	0.354107357897034	0.0321096462341944	133.767005402225	0.592880661647546	0.769007944514033
SLC30A7	betareg	8	8	-0.200080085379607	0.212812427449047	0.347129824052868	0.350376459726613	0.0354608575841812	361.494549261449	0.592880661647546	0.769007944514033
WDR91	betareg	8	8	0.239577518568958	0.254846993313312	0.347174600571039	0.3641047869771	-0.0091706037822032	157.402539128686	0.592880661647546	0.769007944514033
LIX1L	betareg	8	8	0.126304202908487	0.134363154187503	0.347206726588224	0.343479460330849	-0.019404175933742	264.425237845077	0.592880661647546	0.769007944514033
CCDC152	betareg	8	7	-0.226691734049359	0.241539989534159	0.347973792149907	0.364214005111947	0.0399346539293747	68.5155517433526	0.593150399762563	0.769357813833112
SLC25A36	betareg	8	8	0.113743674875217	0.12119862363988	0.347992744448121	0.355141001292019	-0.0169121150837727	1423.91700571746	0.593150399762563	0.769357813833112
ZDHHC24	betareg	8	8	0.16327107410305	0.173975038024975	0.348000800784024	0.354973501304079	-0.0349258270683083	285.438733331943	0.593150399762563	0.769357813833112
REL	betareg	8	8	-0.22413039457723	0.238883130678805	0.348119610801553	0.356291979514961	0.0436277787315528	84.8753364248063	0.593150399762563	0.769357813833112
CPNE4	betareg	8	8	-0.230952499874583	0.246299089519885	0.348403104418158	0.348471270998304	0.0311408489469304	163.599656591621	0.593150399762563	0.769357813833112
ZC3H10	betareg	8	8	-0.124507573172004	0.132792880944893	0.348446263856468	0.354722127950002	0.0244506210695618	195.90612146212	0.593150399762563	0.769357813833112
IPMK	betareg	8	8	-0.195352238147596	0.208556094293519	0.348918460571438	0.352267291383847	0.0400594909140902	135.678781739161	0.593647095326396	0.770002062936348
DOCK4	betareg	8	8	0.0830943236892395	0.0887918008005589	0.349359024913381	0.353751314911298	-0.0167860808501987	191.895108283342	0.593857066850237	0.770274410780359
TTLL7	betareg	8	8	0.11259947948395	0.120358168121246	0.349511795912898	0.353419715661989	-0.0227134464432614	580.722126801474	0.593857066850237	0.770274410780359
MGAT4A	betareg	8	8	-0.150217695544602	0.160601909300143	0.34961212673457	0.352715762991031	0.0201898369235519	594.178223918927	0.593857066850237	0.770274410780359
GCLM	betareg	8	8	0.120910135110056	0.12930907210782	0.349763778840754	0.353090096990134	-0.0234664427988193	182.385483408931	0.593857066850237	0.770274410780359
ZNF251	betareg	8	8	-0.0618504884307527	0.0662143751605196	0.350255111612597	0.355557283083947	0.00800736635086323	561.257406923893	0.594271254932815	0.770811641873612
PRKAA1	betareg	8	8	-0.0555817418871722	0.0595450706523516	0.350592912658051	0.353413743001166	0.00811598794648351	512.326343368658	0.594271254932815	0.770811641873612
CEND1	betareg	8	8	-0.0309237607458556	0.0331333059919274	0.350658143026208	0.356037369657987	0.00635236993363183	2188.69587424073	0.594271254932815	0.770811641873612
RALGPS1	betareg	8	8	-0.0951068690960383	0.101917614959067	0.35073013320491	0.367706835492122	0.0113431610454592	1120.04150772796	0.594271254932815	0.770811641873612
WIPF3	betareg	8	8	-0.0561254319404698	0.060167602994837	0.350913869926008	0.357685112092894	0.0111946863945699	686.434450207107	0.594276562703093	0.770818526425219
AP3B1	betareg	6	7	-0.362720010583247	0.389532316137526	0.351766690798138	0.397154670587171	0.00509484566225442	193.695050197406	0.595397395080948	0.772272324902376
FAM8A1	betareg	8	8	0.0661653375302038	0.0710953505963583	0.352031369966956	0.357315353835142	-0.013822109972095	1053.60004389632	0.595397395080948	0.772272324902376
PDCD10	betareg	8	8	0.22816572963596	0.245210859717574	0.352118543641055	0.389143182488737	-0.00843437279732673	451.996281180285	0.595397395080948	0.772272324902376
STRN3	betareg	8	8	0.100178504658449	0.107836080808963	0.352894922632443	0.363165467954441	-0.0202057472252035	255.347745245997	0.595604960607998	0.772541551999217
EXOG	betareg	8	8	-0.115013108884735	0.123830146268965	0.352994129879137	0.349170685372292	0.0161102671569907	504.026050775762	0.595604960607998	0.772541551999217
NR5A2	betareg	8	8	-0.153749800312988	0.165547918085105	0.353027519017589	0.355481009905284	0.0125230885146689	498.660073777476	0.595604960607998	0.772541551999217
TM7SF3	betareg	8	8	0.230822277271889	0.248595816541587	0.353146053652324	0.354179383774681	-0.0111359030067866	783.806602533419	0.595604960607998	0.772541551999217
RNF114	betareg	8	8	0.0804725523188318	0.0866806264656371	0.353210535199091	0.352293110540414	-0.0102427961845131	959.78161177548	0.595604960607998	0.772541551999217
LRP6	betareg	8	8	-0.153786095394521	0.165690159899824	0.353327345244253	0.367601764135171	0.0204349676559314	167.934147229583	0.595604960607998	0.772541551999217
CCR10	betareg	5	3	0.348820360603748	0.376192357063698	0.353802270803249	0.427857916833901	-0.00457481119764762	225.976066390382	0.595718221339774	0.772688459139509
RBM18	betareg	8	8	0.0342923362423285	0.0369945197554619	0.353948759596472	0.360717573891107	-0.00654071302895724	927.932635573739	0.595718221339774	0.772688459139509
RNF166	betareg	8	8	0.143417174114118	0.154783050785836	0.354150364768606	0.361326658850049	-0.0273301273680937	166.172152289008	0.595718221339774	0.772688459139509
CSMD1	betareg	8	8	0.20923710763682	0.225842328265691	0.354199559341911	0.359814843403914	-0.0361235641319112	186.914072748703	0.595718221339774	0.772688459139509
SERF2	betareg	8	8	0.151955358930816	0.164048802627931	0.354299745673857	0.37257826768637	-0.0203941990378111	6296.12694443193	0.595718221339774	0.772688459139509
PCDHB2	betareg	8	8	0.0995360860258256	0.107649354251524	0.355157128276875	0.36879084611662	-0.0166640851281848	1998.5972295433	0.59685483654378	0.774162729052964
PARP11	betareg	8	8	-0.196016210808135	0.212282421444647	0.355811987332968	0.360918521742758	0.0382777000559236	103.899606441214	0.597650116685332	0.77519426336759
ITCH	betareg	8	8	0.174250221494101	0.189015091456285	0.356588442918878	0.361767228617165	-0.0407759831285175	121.845098485606	0.598064297336229	0.775731484821429
HIPK1	betareg	8	8	-0.159195183992259	0.172797890679941	0.356904431539709	0.36977338210237	0.0222469592040805	330.648462095009	0.598064297336229	0.775731484821429
RNF152	betareg	8	8	0.189963337902987	0.206216558066827	0.356954511832932	0.37762015988887	-0.02651572331697	476.582025949811	0.598064297336229	0.775731484821429
TMEM200A	betareg	8	8	0.0731642517492501	0.0794463175350198	0.35708858779398	0.36606749103917	-0.0112321980256419	605.823096688177	0.598064297336229	0.775731484821429
SCAMP5	betareg	8	8	-0.199296754997669	0.216473057305203	0.357231174603713	0.382887998098833	0.0323194215053889	2177.74374350722	0.598064297336229	0.775731484821429
ZNF324B	betareg	8	8	-0.172943785260563	0.187946793010735	0.357481747276991	0.365376008530416	0.0229427208516239	95.8127103559004	0.598064297336229	0.775731484821429
DHFR2	betareg	8	8	0.154904954309501	0.168372224352902	0.357564975561455	0.363373532303696	-0.0292077574119706	169.901613950262	0.598064297336229	0.775731484821429
ATM	betareg	8	8	0.176042121508056	0.191464948267712	0.357861134840798	0.360680097786636	-0.037174799536472	73.4131829011785	0.598064297336229	0.775731484821429
FTO	betareg	8	8	0.295444873204699	0.321329293007249	0.357862435744553	0.369390698720159	-0.00517112377804525	4032.33663753153	0.598064297336229	0.775731484821429
SCUBE1	betareg	8	8	0.13362633025469	0.145399469150798	0.358080398387172	0.36387579266932	-0.0116850517863076	1866.45071504648	0.598064297336229	0.775731484821429
PEX11A	betareg	8	8	0.25859469307264	0.281550301728266	0.358374368247915	0.363057084776569	-0.0448252892018113	102.139752404912	0.598064297336229	0.775731484821429
IQCK	betareg	8	8	-0.167421996249385	0.182348872724779	0.358544995228771	0.372774819073554	0.0223030621718246	258.035778218265	0.598064297336229	0.775731484821429
SPIN3	betareg	8	8	0.0758093275807376	0.0825848532371342	0.358641483136101	0.355837330433033	-0.0102000127949493	1105.84661652097	0.598064297336229	0.775731484821429
KLF7	betareg	8	8	-0.0839307158703626	0.0914662393741795	0.358820905081379	0.364343880497048	0.0175593897732877	2018.3128271114	0.598064297336229	0.775731484821429
SENP5	betareg	8	8	-0.0713021367134884	0.0777430913212106	0.359063635557869	0.364242148276104	0.0140627562779111	725.741706948965	0.598064297336229	0.775731484821429
MAEA	betareg	8	8	-0.0428157339542202	0.0467014653562603	0.359249354694172	0.364269499084379	0.00758952412802862	1486.08411107484	0.598064297336229	0.775731484821429
HEATR3	betareg	8	7	-0.257436342573717	0.281064139903596	0.359701250130144	0.375623620122309	0.0324171622133487	72.5632627669295	0.598064297336229	0.775731484821429
SIPA1L1	betareg	8	8	-0.241098185078933	0.263271595895348	0.359783644462587	0.367756145153101	0.0540302048202854	77.263483925932	0.598064297336229	0.775731484821429
GRAMD1B	betareg	8	8	-0.150675895840217	0.164583090128844	0.359928957521076	0.368185257600564	0.0339617987743784	371.279370275049	0.598064297336229	0.775731484821429
ZNF2	betareg	8	8	0.362649381499987	0.396146293080349	0.359959072721525	0.353571866397421	-0.086835220894691	114.996900486927	0.598064297336229	0.775731484821429
CPD	betareg	8	8	0.165918931872238	0.18127983490327	0.360052980805122	0.367641037750036	-0.0143363119776787	478.996564516289	0.598064297336229	0.775731484821429
ASB7	betareg	8	8	0.17740543503912	0.193831464357559	0.360057186370959	0.365698677140236	-0.0348979453060732	185.714569657985	0.598064297336229	0.775731484821429
SMTNL2	betareg	8	8	-0.112760475736004	0.123316950085995	0.360509016525829	0.367666419568375	0.0231392660802013	116.756114277094	0.59822043510576	0.775934006497334
ANKRD40	betareg	8	8	0.127707367534874	0.139664828101427	0.360514792615795	0.366891695548888	-0.0250557766439912	262.727355502506	0.59822043510576	0.775934006497334
SCRG1	betareg	7	7	0.38297940548978	0.419168142144358	0.360892718621077	0.382674436378713	-0.00857071936873261	117.064417960106	0.598401412636711	0.776168747091997
AK3	betareg	8	7	0.144194134126319	0.157857375705614	0.361008202648423	0.368412103311427	-0.00186512685765251	815.491886600763	0.598401412636711	0.776168747091997
TMEM200C	betareg	8	8	-0.258565765888867	0.283161446928554	0.361169431050775	0.357425462894483	0.0500614108141639	225.764368017653	0.598401412636711	0.776168747091997
SUPT3H	betareg	8	8	0.239678432905342	0.262809188246352	0.361775821919683	0.383372647301744	-0.0416643831617282	65.1745181360908	0.598812414796204	0.776701845818788
KIFBP	betareg	8	8	0.0471768468509779	0.0517303716913432	0.361781459580073	0.368784999046954	-0.00996516879875861	899.722993658906	0.598812414796204	0.776701845818788
MYEF2	betareg	8	8	-0.0960072078905349	0.105361149074086	0.362179359985766	0.368521552297177	0.0197692511977904	506.750174385536	0.599169617298592	0.777165162603946
PRMT7	betareg	8	8	0.16241350556431	0.178334658876072	0.362441253569118	0.367502360983139	-0.0352655523313412	198.031016307819	0.599301571661918	0.777336316699997
ZNF106	betareg	8	8	0.0792867719684434	0.087114440581399	0.362746048652996	0.368584624947354	-0.0160653714396326	340.149379587587	0.599341285439329	0.777387828264316
SWAP70	betareg	8	8	0.137992113475758	0.151641912235508	0.362829558084001	0.36793671187772	-0.0289159065777223	120.780848557595	0.599341285439329	0.777387828264316
BORCS5	betareg	8	8	0.128129705109679	0.140965514785904	0.363379887820074	0.364835915571742	-0.0268733157108825	346.079476052705	0.599665366353344	0.777808184018288
IGF2R	betareg	8	8	0.144359951594067	0.1588251036684	0.363390234051656	0.369434565022009	-0.0298153337650628	277.141821599192	0.599665366353344	0.777808184018288
MTA3	betareg	8	8	0.131610650356653	0.145143074200601	0.364531116061468	0.373768467661499	-0.0139960093673114	546.862706369237	0.600795789658773	0.77927442260351
TGFBRAP1	betareg	8	8	0.147036370398921	0.162178841444407	0.364601945802939	0.372828663141366	-0.0298805331933769	345.545330623513	0.600795789658773	0.77927442260351
SESN2	betareg	8	8	0.214747949226149	0.236915314612559	0.364706511992983	0.374089938335028	-0.0418124796830036	290.052368971588	0.600795789658773	0.77927442260351
NECTIN1	betareg	8	8	-0.0871878675811111	0.0962118383098703	0.364826154421573	0.372275053497893	0.0182258001216821	239.252847334037	0.600795789658773	0.77927442260351
ZNF175	betareg	8	8	0.171518051803826	0.189334183905182	0.36498818434499	0.365300658366001	-0.0327967208350615	150.97438987336	0.600795789658773	0.77927442260351
DTWD1	betareg	8	8	0.151750846869299	0.16763023740364	0.365321664582501	0.359890571637046	-0.0280209566038734	129.01753512292	0.600821582897462	0.779307878249392
SLITRK3	betareg	8	8	0.132001045426539	0.145828201516393	0.365369040388246	0.381429474821432	-0.0172687490238044	1135.87898667292	0.600821582897462	0.779307878249392
SEMA5A	betareg	8	8	0.212427830791376	0.234931602004608	0.365883320854768	0.369900340714583	-0.042157704437304	156.232044502462	0.601331557509213	0.779969351212344
GOLGA3	betareg	8	8	-0.109715418240184	0.121384977716025	0.366067927786861	0.376529087046216	0.0222267063546525	470.950796444681	0.601331557509213	0.779969351212344
TOMM70	betareg	8	8	-0.0699469948404329	0.0774414112628031	0.366406655501319	0.377597925923574	0.0110740962833867	1072.26287306135	0.601331557509213	0.779969351212344
FAM124A	betareg	8	8	0.149380176886157	0.165407100003034	0.366469535861413	0.373551294505003	-0.0197648842380234	168.997031287417	0.601331557509213	0.779969351212344
AKAP8	betareg	8	8	0.0958388418570784	0.106148663744575	0.366592904998117	0.373761511589566	-0.0201866573687985	220.753311628694	0.601331557509213	0.779969351212344
LLPH	betareg	8	8	0.101764738965066	0.112866066121203	0.367247291988592	0.371935445827954	-0.0212273461598998	165.442786052554	0.601913306615091	0.780723920745597
ING3	betareg	8	8	0.214587810232539	0.238080201805377	0.367415160486325	0.367716945079894	-0.0208412110219494	138.472412866945	0.601913306615091	0.780723920745597
ZDHHC9	betareg	8	8	0.206966818576652	0.229663798725496	0.367496334765207	0.364628777581634	-0.0197581565932593	1768.03608635342	0.601913306615091	0.780723920745597
CD2BP2	betareg	8	8	0.0674731182915974	0.0749266217273933	0.36784218899859	0.377711311005226	-0.00990071826498176	1112.14665168793	0.602180031669818	0.781069881913424
ZNF660	betareg	8	8	0.317923385260948	0.353300031643495	0.368190512842342	0.375953029845697	-0.0894560115730191	98.8711425581216	0.602450532350408	0.781420740333722
FIGNL1	betareg	8	8	0.0890203817693472	0.0993674298226142	0.370321755372794	0.374956735671944	-0.017332424982956	254.280683803617	0.605636609113787	0.785553306128769
TNFAIP8L1	betareg	8	8	0.181304418899599	0.202604969445364	0.370858406370162	0.369955250573955	-0.0353935694575942	169.244475124927	0.605854995917706	0.785836569183301
ZDHHC5	betareg	8	8	0.0676305675486387	0.0756526557406087	0.37134244860517	0.377200362154972	-0.0143937222766612	384.683672804391	0.605854995917706	0.785836569183301
CTCF	betareg	8	8	0.094555409489485	0.105806020433246	0.371499780113375	0.374034219514203	-0.0147483323495644	313.868525812516	0.605854995917706	0.785836569183301
TIAM1	betareg	8	8	0.105918395439535	0.118559801445123	0.371656237843181	0.378502810107248	-0.0213089361787992	186.576569037572	0.605854995917706	0.785836569183301
LMBR1	betareg	8	8	0.0783407607811866	0.0877283262987249	0.371861046493898	0.37421349955977	-0.00986161800661706	2119.49026424035	0.605854995917706	0.785836569183301
WSB2	betareg	8	8	0.046444447978962	0.0520100954785015	0.371863013713391	0.375175730293528	-0.00819640591959563	4120.78640981894	0.605854995917706	0.785836569183301
ZDHHC14	betareg	8	8	0.0936494757455741	0.104882032061925	0.371909147627773	0.387219289051799	-0.0140825250834081	1093.95496555905	0.605854995917706	0.785836569183301
PACSIN2	betareg	8	8	0.0357815833288122	0.0400865503515223	0.372067029358242	0.378067210838198	-0.0074281597853911	516.463288800444	0.605854995917706	0.785836569183301
SYT5	betareg	8	8	-0.0827323353641416	0.0926948525620515	0.372112396044857	0.375995531436219	0.0110907707470003	1221.67719723791	0.605854995917706	0.785836569183301
GALNT13	betareg	8	8	0.0742124354036488	0.0832694613184342	0.372804547492537	0.385301114160884	-0.0118150098930963	957.813920124947	0.606407981620702	0.786553830558675
SLC16A10	betareg	8	8	-0.217884259132219	0.244506702071871	0.372866010150697	0.373050937706598	0.0378538394828271	55.7661209498245	0.606407981620702	0.786553830558675
SYT14	betareg	8	8	0.241750963604729	0.2713684316909	0.373004909337104	0.391406438654206	-0.00921889580989985	476.709753667704	0.606407981620702	0.786553830558675
YIPF4	betareg	8	8	0.0932535279317736	0.104756379137452	0.373361583559654	0.384374073939004	-0.0151359821317568	779.636794122868	0.606419186968135	0.786568364682917
TPP2	betareg	8	8	0.170952389606386	0.192046976576286	0.373380390545359	0.371930770118077	-0.0260520517101912	97.6275587617456	0.606419186968135	0.786568364682917
RBX1	betareg	8	8	0.131051296317268	0.147451481310064	0.374123627756083	0.376728046865478	-0.0134225427372736	1937.66410930543	0.607326536291138	0.787745260613203
PRKAA2	betareg	8	8	0.149884566090851	0.168977672021147	0.375074532263466	0.392197546689897	-0.0172277831194906	480.179041971426	0.607888422733861	0.78847406687443
HS6ST2	betareg	8	8	0.065669276722322	0.0740471385995853	0.375155505619555	0.378258441079067	-0.0122679673155782	715.997452959341	0.607888422733861	0.78847406687443
DIAPH1	betareg	8	8	0.116391241560251	0.131275848951081	0.375285785525394	0.384886233978496	-0.0219749405913974	299.111609446352	0.607888422733861	0.78847406687443
KLHL24	betareg	8	8	0.16952940345036	0.191218162691653	0.375307305407282	0.381168242420922	-0.0313639228128851	523.031658233747	0.607888422733861	0.78847406687443
TSR1	betareg	8	8	-0.0540923787596567	0.0610237021246454	0.375393463891481	0.378736402072314	0.0108212400229706	656.665191817427	0.607888422733861	0.78847406687443
PDRG1	betareg	8	8	0.188690327994657	0.21309224605642	0.375894244793704	0.399056924899773	-0.00258899745022192	2317.31239373139	0.608399946218097	0.789137548834003
NNT	betareg	8	8	0.105508489493338	0.119318180404431	0.376554992417465	0.381732944447276	-0.0221955906832868	622.154567680665	0.608477257854332	0.789237827467317
MAP3K13	betareg	8	8	0.153540839647323	0.173733074523214	0.376818020978194	0.386425889458006	-0.023014433774261	459.059475082266	0.608477257854332	0.789237827467317
KLF11	betareg	8	8	0.120864374150852	0.136767081519248	0.376845135282579	0.381549670962215	-0.0258402757719324	152.682303470881	0.608477257854332	0.789237827467317
STX5	betareg	8	8	0.0906737099387373	0.102619657506588	0.376917543596051	0.380712725657314	-0.0179204752702097	209.474882070483	0.608477257854332	0.789237827467317
TSNAX	betareg	8	8	0.0866819655049569	0.09816557389485	0.37722656398601	0.379725372721572	-0.0168214435863745	471.496178390857	0.608477257854332	0.789237827467317
POLR2J3	betareg	8	8	-0.23175785174363	0.262594570353813	0.377469133746835	0.385336603231774	0.0381633714339172	100.945009783403	0.608477257854332	0.789237827467317
TMEM183A	betareg	8	8	-0.102079738196109	0.115683191378119	0.377556376220071	0.387534582218621	0.0219779601816113	664.191157606695	0.608477257854332	0.789237827467317
VMP1	betareg	8	8	-0.131206087847907	0.148704074623137	0.377598298896671	0.394287231499276	0.0040567402592343	1148.10756281913	0.608477257854332	0.789237827467317
ARID4A	betareg	8	8	0.136749695044805	0.154989588093909	0.37760628952396	0.382579242382324	-0.0296285966114939	109.446182915934	0.608477257854332	0.789237827467317
NEPRO	betareg	8	8	-0.105409819723717	0.119518355803023	0.377801105348602	0.384018435399212	0.0199779153693484	364.780871421403	0.60849319652238	0.789258501041524
NRG2	betareg	7	7	-0.233788599334319	0.265914530916459	0.379299890601616	0.366105997838093	0.0147742905457539	98.7721151178093	0.610608288512809	0.792001924211201
UBXN2B	betareg	8	8	0.11522891101129	0.131215472181175	0.379853869023562	0.386244154805419	-0.022498989040407	1443.68376899879	0.611201077462843	0.792770813199298
TRMT6	betareg	8	8	0.103665984800245	0.118233257643443	0.380599577525224	0.382167194813811	-0.0203516090555087	86.2694100448795	0.611635348398573	0.7933340931665
DROSHA	betareg	8	8	0.225758624914857	0.257552304551673	0.380728676008511	0.379492430717551	-0.0268250316021797	165.766628529833	0.611635348398573	0.7933340931665
SLC25A4	betareg	8	8	-0.180513705228369	0.206108724701357	0.38112905114248	0.391977313004365	0.00844135222197475	4939.69419990145	0.611635348398573	0.7933340931665
DDX19B	betareg	8	8	-0.16140796308219	0.184297427095547	0.381137954518181	0.386252020048484	0.029311574151985	264.190787654344	0.611635348398573	0.7933340931665
SEMA4B	betareg	8	8	0.0596437738246936	0.0681074476582481	0.381176523399301	0.385944949054574	-0.0122982671958401	296.41612372837	0.611635348398573	0.7933340931665
TOX4	betareg	8	8	-0.0879592715139356	0.100454207625346	0.381239040554005	0.38783475660458	0.0172665006447184	611.231482008317	0.611635348398573	0.7933340931665
SMAD9	betareg	8	8	0.134092045867873	0.153232262462832	0.381524847870308	0.389085609496872	-0.0304702908585124	469.548018303333	0.611795587874358	0.79354193504409
SLC48A1	betareg	8	8	0.0835672994131734	0.0955547096360548	0.381819212976985	0.38745914020557	-0.0110674420618814	1253.8159882724	0.611819326395505	0.793572725576711
RC3H2	betareg	8	8	0.214853839223914	0.245721638421672	0.381911892595263	0.392780486226221	-0.038313856495673	573.159038337879	0.611819326395505	0.793572725576711
CDK19	betareg	8	8	-0.249309902255742	0.28524650307477	0.382109741591047	0.379233267566309	0.0105784222189148	224.864439689573	0.611819326395505	0.793572725576711
NPR3	betareg	8	8	0.168470365983401	0.192824748587552	0.382283393576785	0.394472000381511	-0.0305681862899377	233.170285900361	0.611819326395505	0.793572725576711
NFIC	betareg	8	8	-0.204207397398331	0.234003299567013	0.382843584598398	0.387542635396923	0.0367933588160608	91.821880237674	0.612271944369091	0.79415980294326
RHPN1	betareg	8	8	-0.113770680226649	0.130396929905343	0.382938349216783	0.387767070977311	0.023250251244637	162.694147762768	0.612271944369091	0.79415980294326
CCDC92	betareg	8	8	0.2334997749858	0.267846275193137	0.383335029756601	0.414406945480784	-0.0115697429739426	4684.80964474463	0.612608516631596	0.794596360855354
FRRS1L	betareg	8	8	0.145574606497281	0.167142126605115	0.383774360866017	0.392944694846515	-0.0347628772848232	1428.92386445019	0.612738666346784	0.794765174195761
ADGRL1	betareg	8	8	0.043967519237155	0.0505003541546046	0.383951928724014	0.389395912286122	-0.00926011101272523	890.250981717874	0.612738666346784	0.794765174195761
GOLGA8A	betareg	8	8	0.0623578725541602	0.0716266974173591	0.383975114618477	0.387167673740732	-0.0074294474875794	641.419509079045	0.612738666346784	0.794765174195761
PTGER4	betareg	8	8	0.0953562026446509	0.109613897689079	0.384339733413252	0.397866672327641	-0.0169038770961379	571.104719796046	0.613023221191026	0.795134261855433
PKN2	betareg	8	8	0.21010425293175	0.241649534164576	0.384596371764048	0.388021903258985	-0.0447772442155385	91.6999183424423	0.613135354561787	0.795279706729145
PAIP1	betareg	8	8	0.106448012713692	0.122594473213164	0.385233552447876	0.388297875048399	-0.0222211604840018	266.00046233548	0.613458463796437	0.795698802146596
UNKL	betareg	8	8	0.187034506284415	0.215455370213289	0.385345436061387	0.393506849522536	-0.0334577548163554	576.483463411211	0.613458463796437	0.795698802146596
PTP4A2	betareg	8	8	0.119806464528604	0.138015428389711	0.385358346775308	0.387135718580151	-0.0251762496887678	1863.40201284521	0.613458463796437	0.795698802146596
FGD4	betareg	8	8	-0.2466746273364	0.284376400664277	0.385710290595542	0.386517403934398	0.0451797550060826	441.032822994824	0.613721814831746	0.796040386973779
VWC2	betareg	8	8	0.34580211783623	0.39893915942465	0.386049329459493	0.387882349937057	-0.0414989351366926	83.866711816952	0.613964387539162	0.796355020847326
INIP	betareg	8	8	0.128489606466182	0.148447667042965	0.386734293834725	0.388545483084732	-0.0197822534715462	657.54926857832	0.614756612449751	0.797382592312369
SLC26A2	betareg	8	8	0.243927975179505	0.282667550504669	0.388164933965282	0.383035466909482	-0.0518855540720272	206.960652269959	0.616368681422509	0.799473559225863
MRPL17	betareg	8	8	0.151437309139539	0.175490200717087	0.388171097881512	0.410535300152132	-0.0189551099907285	533.340997635823	0.616368681422509	0.799473559225863
RC3H1	betareg	8	8	-0.176318837477399	0.204455726356755	0.388477613418143	0.392693283532146	0.0374585113017155	461.569837460644	0.616368681422509	0.799473559225863
RNF187	betareg	8	8	-0.152945736811878	0.177424678252048	0.388669950512489	0.392546297182736	0.000760672604676132	9482.21722945026	0.616368681422509	0.799473559225863
ULK1	betareg	8	8	-0.0878729640017778	0.10194025519666	0.388685012978835	0.394071023317086	0.0186831874100618	238.766006048741	0.616368681422509	0.799473559225863
CDC40	betareg	8	8	-0.132637992757114	0.153972878435775	0.388997196819766	0.390577763824535	0.0249681505384044	73.7412558660263	0.616566595594259	0.799730267835627
KLHDC2	betareg	8	8	-0.0980987694329808	0.113944342708662	0.389273375975713	0.396087107786323	0.0147105342620373	796.494671610302	0.616707278680587	0.799912743699732
BCAR1	betareg	8	8	0.205683759693531	0.239041574915175	0.389540027758381	0.395438266393272	-0.000248497792329131	988.376408972905	0.616822802101734	0.800062585707383
CCNDBP1	betareg	8	8	0.140207955188748	0.163009179544727	0.389721207986328	0.392531492240656	-0.0123121253883771	1120.14759222966	0.616822802101734	0.800062585707383
PLEKHG1	betareg	8	8	0.234941590307469	0.273286303376266	0.389959770727153	0.391118169120114	-0.0419600578539348	133.450818032098	0.616903651160498	0.800167452626678
LUZP1	betareg	8	8	0.166925500842443	0.194254513898358	0.390167650139486	0.403222958521645	-0.0154864620581397	391.793107280414	0.616935905816562	0.800209289185644
UBE3A	betareg	8	8	-0.205641951748312	0.239708114197386	0.39095606866405	0.423292779912467	0.0157132440052389	898.013685658919	0.617885641225242	0.801441162852144
UBR2	betareg	8	8	-0.114932558643424	0.134181722939211	0.391696909047645	0.41361783592126	0.0119645077210414	342.070958937227	0.618315121720456	0.801998229280852
KRBA2	betareg	8	8	0.218075021953866	0.254630914696218	0.391756789594824	0.401177061458816	-0.0115498757669482	247.110147817072	0.618315121720456	0.801998229280852
JADE1	betareg	8	8	0.263584154032862	0.307956765124124	0.392045983933353	0.404914515444127	-0.0161527234667676	220.57452355435	0.618315121720456	0.801998229280852
KPNA5	betareg	8	8	0.135420586133441	0.158312736895902	0.392330194591911	0.401047457802969	-0.0200430817324443	565.217096294187	0.618315121720456	0.801998229280852
ZNF324	betareg	8	8	-0.130296497926681	0.152365301087492	0.392463350641837	0.395670995266224	0.00937931240635552	907.347228551695	0.618315121720456	0.801998229280852
CALU	betareg	8	8	0.108473204479163	0.126865231085736	0.392536172050323	0.397371991944509	-0.0136585968289042	1370.64523315454	0.618315121720456	0.801998229280852
RELN	betareg	8	8	0.12583879778025	0.147192986513299	0.392593294642288	0.399641381447262	-0.0256124558411868	90.710723405926	0.618315121720456	0.801998229280852
PPFIBP1	betareg	8	8	0.26960135608461	0.315687732349418	0.39309791151722	0.401453048436842	-0.00207238578475355	134.161160065375	0.618315121720456	0.801998229280852
TBPL1	betareg	8	8	0.128761704088409	0.150788529020327	0.393147981788603	0.417805484426807	-0.009904041922407	681.647140651268	0.618315121720456	0.801998229280852
MTERF1	betareg	8	8	0.186612750122275	0.218708513360838	0.393521413524716	0.412767227077488	-0.0220044200036198	347.312242132414	0.618315121720456	0.801998229280852
OSGEP	betareg	5	6	-0.504344474412127	0.591180620684403	0.393596078688747	0.382103844736324	0.0470333827903899	99.0908694737394	0.618315121720456	0.801998229280852
FAM91A1	betareg	8	8	0.114992671741695	0.134871143472379	0.393874849739332	0.400210812549335	-0.0192905131262808	360.242065826818	0.618315121720456	0.801998229280852
MSRB2	betareg	8	8	0.222930514306121	0.26175013691818	0.394385026565044	0.382104823622218	-0.00742683457299841	766.04548582335	0.618315121720456	0.801998229280852
NBN	betareg	8	8	-0.12360034433536	0.145149845526938	0.394471576790616	0.411094967033767	0.0124259845575509	335.296486163741	0.618315121720456	0.801998229280852
MCMBP	betareg	8	8	-0.186916062663342	0.219516959114486	0.394498310848086	0.40590988125013	0.0380339244360482	221.023773863721	0.618315121720456	0.801998229280852
ZNF180	betareg	8	8	0.205789966994609	0.241700449933856	0.394532938373176	0.399122763890353	-0.0282565684247149	206.232828204319	0.618315121720456	0.801998229280852
PNMA8B	betareg	8	8	0.232501353782276	0.273120343251067	0.394614913938528	0.389843155755309	-0.00333078967316599	620.28012765287	0.618315121720456	0.801998229280852
LNPK	betareg	8	8	-0.17064940822639	0.200503320458049	0.394710946006105	0.388489693700116	0.010298868838875	2032.98773539657	0.618315121720456	0.801998229280852
LTN1	betareg	8	8	0.107965127595629	0.126876254710504	0.394798097403718	0.404902309881544	-0.0189436518514954	203.408829087633	0.618315121720456	0.801998229280852
LRRC28	betareg	8	8	0.132490078549914	0.155797785403327	0.395104013806618	0.40200502234015	-0.0248167005557921	199.995234259092	0.618499850751916	0.802237835835702
IFRD1	betareg	8	8	-0.161824156723182	0.190408093807488	0.39539143820002	0.39624318916992	0.00523437796765439	557.63858226518	0.618615491655348	0.802387830226147
SMNDC1	betareg	7	8	-0.190446503923371	0.224227470538082	0.395689290853274	0.429211191807704	0.00677995817089309	244.892366222373	0.618615491655348	0.802387830226147
ASPH	betareg	8	8	0.18631945395091	0.219392796854946	0.395741889087638	0.431246991726327	-0.0200470692579978	208.508887867226	0.618615491655348	0.802387830226147
MTURN	betareg	8	8	0.138648376982696	0.163364129832557	0.396044021554507	0.403685439979708	-0.0272950345811796	2446.28900800863	0.618640446144691	0.802420197955097
CACNG4	betareg	8	8	-0.0664356964251504	0.0782935550402697	0.396133869983924	0.399031503737453	0.0125637460709519	2179.32054385968	0.618640446144691	0.802420197955097
ZNF35	betareg	8	8	0.179005272150554	0.211120647537854	0.396504018989155	0.42042773215639	-0.0290972603003956	166.109995233547	0.618924759227419	0.802788972033071
CAMKK2	betareg	8	8	0.155913814847372	0.184104787577202	0.397064577851684	0.407057945019627	-0.0355753908394511	620.816091645288	0.619479922041912	0.80350905727528
GMPS	betareg	8	8	0.266417880728717	0.314755431229807	0.397313898869724	0.412869621743356	-0.01536868638936	152.436416022	0.619479922041912	0.80350905727528
ISCA1	betareg	8	8	0.0286220234217649	0.03382450957651	0.397445742782944	0.402364540645621	-0.00559622161517778	1331.83150374182	0.619479922041912	0.80350905727528
SUPT4H1	betareg	8	8	0.0402354130028546	0.0475656351994172	0.397612729373334	0.402745461381751	-0.00838983398429628	627.828195491883	0.619479922041912	0.80350905727528
DR1	betareg	8	8	-0.177265352113708	0.209955676678673	0.398502386678253	0.396975202379558	0.0291292056584205	854.235457985742	0.620289324364053	0.804558909052034
CHM	betareg	8	8	0.110833441189843	0.131274663112553	0.398509262824742	0.41032871453797	-0.0204142118591861	313.083163891129	0.620289324364053	0.804558909052034
RHOBTB2	betareg	8	8	0.079671416337668	0.0944233094052359	0.398798768000548	0.403634587261244	-0.0162484435075234	892.105943740577	0.620446452121166	0.804762714811507
ASB8	betareg	8	8	0.10513923263888	0.124751990069674	0.399348130534222	0.40843363786975	-0.00691077233230967	1324.95320769737	0.621007523337957	0.805490463667325
HBS1L	betareg	8	8	-0.219603155138001	0.260731424969299	0.399643497734898	0.406637008350994	0.0243283212058519	476.873658613545	0.621173274851699	0.805705455046077
GTPBP1	betareg	8	8	-0.130007251427176	0.154762039926219	0.400882527152749	0.410637453946273	0.0219668188516295	643.352605242996	0.622804928956321	0.807821825253981
ZBTB20	betareg	8	8	-0.118425809485597	0.141365866843349	0.402184816924057	0.398237095613521	0.0200547550141938	791.21263976317	0.624420594398481	0.809917457041405
ASB1	betareg	8	8	-0.13797016409978	0.16477251283018	0.402403022096268	0.416699476045209	0.00851540201274205	706.672144446578	0.624420594398481	0.809917457041405
GPR155	betareg	8	8	-0.136637554663521	0.163423876709659	0.403102602192287	0.407482265151514	0.0285410898469588	381.070957271397	0.624420594398481	0.809917457041405
THAP5	betareg	8	8	0.370751797746441	0.443471110832564	0.403142282145471	0.454759208341909	-0.0494626358454758	199.880714465983	0.624420594398481	0.809917457041405
RNF144A	betareg	8	8	-0.131369920665668	0.157229486641237	0.403419478635827	0.417779976717138	0.014938185707133	728.105731405777	0.624420594398481	0.809917457041405
DYRK3	betareg	8	8	0.227361361784214	0.272161212511	0.403496904143344	0.412077373104904	-0.0375390196880761	216.79019899187	0.624420594398481	0.809917457041405
UCK1	betareg	8	8	-0.0462599776380492	0.0554223605341632	0.403897481159617	0.408546518043471	0.0097605972727906	533.606090098132	0.624420594398481	0.809917457041405
EXT1	betareg	8	8	0.132286654267929	0.15848913548175	0.403901662640054	0.410364692703569	-0.0292770634602589	123.529802643564	0.624420594398481	0.809917457041405
NHEJ1	betareg	8	8	0.111052554006754	0.133146608443021	0.404245930823213	0.409413529132135	-0.022972455295625	234.53608628887	0.624420594398481	0.809917457041405
RFX3	betareg	8	8	0.184061620118323	0.22070450324447	0.404296138967317	0.414724236673739	-0.0408177701289005	135.902730218044	0.624420594398481	0.809917457041405
CMTM4	betareg	8	8	0.266932872160603	0.320155753478194	0.4044165723768	0.413575263496277	-0.0376654503027869	392.241479934598	0.624420594398481	0.809917457041405
RGMB	betareg	8	8	0.0590817608872669	0.0708885394899909	0.40459331072476	0.409458834517815	-0.0117124841721183	3108.35860559507	0.624420594398481	0.809917457041405
MID2	betareg	8	8	-0.103612313295141	0.124354263777833	0.404730397625907	0.402693650917674	0.0168184270939121	397.229194406053	0.624420594398481	0.809917457041405
PGK1	betareg	8	8	0.147998194847251	0.177672795894338	0.404855027091486	0.415118617427731	-0.0233736192066393	5205.08866878846	0.624420594398481	0.809917457041405
NHLRC1	betareg	8	8	0.154929434014949	0.186019640104748	0.40492030553276	0.410776398539743	-0.0240245835224409	58.5946966026854	0.624420594398481	0.809917457041405
SPIN1	betareg	8	8	-0.0724349831258551	0.0869778664751994	0.404958728520702	0.415079726460409	0.0134389681576447	4748.16900727697	0.624420594398481	0.809917457041405
NAGK	betareg	8	8	-0.208477660626874	0.250537611408338	0.40534053035344	0.423162192769872	0.00273180504375724	753.86256130441	0.624539808444459	0.810072086049206
A1BG	betareg	8	8	0.176569986933428	0.212226570296026	0.405415645689106	0.412468236909397	-0.037525961141595	283.594624755715	0.624539808444459	0.810072086049206
SLC35D1	betareg	8	8	0.28379537428762	0.341739172687802	0.406287584259282	0.412053068596316	-0.0412058024295489	183.096789098881	0.625549168580002	0.811381297182777
LRRC58	betareg	8	8	-0.153037281345794	0.184409363116767	0.406607740375003	0.417014565519966	0.0240928510743496	272.697147062677	0.625549168580002	0.811381297182777
BTBD7	betareg	8	8	-0.200979813623338	0.242234257689029	0.406712973980887	0.410454924424579	0.0379770139282587	194.703160032549	0.625549168580002	0.811381297182777
UNC5D	betareg	8	8	-0.128924184513081	0.155476936613031	0.40698138847087	0.411587148728671	0.0268257090856966	323.773481582441	0.625549168580002	0.811381297182777
HMGB3	betareg	8	8	-0.0808639612247949	0.0975602561017718	0.407182661195156	0.412041246835882	0.0170922755433911	1585.70331692907	0.625549168580002	0.811381297182777
MRPS35	betareg	8	8	-0.0849178666761806	0.102505926224559	0.407433195970935	0.415633334541321	0.0177363502041761	674.917015619836	0.625549168580002	0.811381297182777
SELENOI	betareg	8	8	-0.209469109524399	0.252857714459555	0.40744002374022	0.402478338399011	0.0362322988099902	998.14509257176	0.625549168580002	0.811381297182777
DBT	betareg	8	8	0.165923663287832	0.200357239110277	0.407591729418902	0.415226150793338	-0.0167137313368689	274.841001384613	0.625549168580002	0.811381297182777
EMB	betareg	8	8	0.106676863853866	0.129015281997202	0.408319546833125	0.417965441589726	-0.0132686824776397	388.080666660778	0.6260721939895	0.81205969794891
ZNF134	betareg	8	8	0.0466379153321266	0.0564372820405016	0.408595858020724	0.413644820252773	-0.00974134722476064	629.667472240704	0.6260721939895	0.81205969794891
GDF11	betareg	8	8	0.109370431962741	0.132520816659644	0.409197000356211	0.412271042007985	-0.0147081461281291	175.072386376496	0.6260721939895	0.81205969794891
UBOX5	betareg	8	8	0.112321926595957	0.136250212193027	0.409723772505632	0.415586119448136	-0.0213028072166298	95.2754707243213	0.6260721939895	0.81205969794891
MBNL2	betareg	8	8	0.0753454822380715	0.091407183860238	0.409778188399858	0.415345948047791	-0.0154448270845419	436.945623892255	0.6260721939895	0.81205969794891
BHLHE40	betareg	8	8	-0.156724678751669	0.190172608677488	0.409872487065492	0.413455062407426	0.0332987180042952	59.7961728473949	0.6260721939895	0.81205969794891
LPL	betareg	8	8	0.162234775059064	0.196878113057692	0.409918750096363	0.412220478076763	-0.0346881000987549	114.561428638588	0.6260721939895	0.81205969794891
KDM2A	betareg	8	8	0.221439031363272	0.26885046885787	0.41013773266296	0.416953454188899	-0.0423111720290241	196.517135438265	0.6260721939895	0.81205969794891
CDH4	betareg	8	8	-0.103636026341927	0.125845611471062	0.41021393676715	0.416232453262271	0.0215721659079911	651.164755225619	0.6260721939895	0.81205969794891
MAPK1IP1L	betareg	8	8	0.0914809679088168	0.111104534055327	0.410293382590752	0.414572450926588	-0.0168766445986466	1982.44581132379	0.6260721939895	0.81205969794891
ZNF880	betareg	8	8	0.251667052569794	0.305698308304836	0.41036412913815	0.416997931053232	-0.0285716257356594	189.582415047913	0.6260721939895	0.81205969794891
TRMT9B	betareg	8	8	-0.164338680056782	0.199675396486895	0.410491393526578	0.41315398980687	0.0242802453142625	277.744045458859	0.6260721939895	0.81205969794891
COPB2	betareg	8	8	0.115934119102256	0.140890134509327	0.410582513294683	0.418030861760517	-0.0172389863089177	371.833766029736	0.6260721939895	0.81205969794891
TECPR1	betareg	8	8	-0.185918328196706	0.226011636033884	0.410732588100021	0.416552039902836	0.036502724762811	253.898417067988	0.6260721939895	0.81205969794891
RNF157	betareg	8	8	0.179338591547132	0.218038109320364	0.410786524805927	0.412326795479499	-0.0323575440867863	2854.72626325243	0.6260721939895	0.81205969794891
KCNK12	betareg	8	8	0.178593214344684	0.217240576568058	0.411020676173504	0.418768819493058	-0.0313179532871291	881.494128492285	0.626139046332538	0.812146410142832
ATF7	betareg	8	8	0.193683500171856	0.235858307086032	0.411540425343197	0.410401411875437	-0.0385583990259397	356.441227177185	0.626355507696139	0.812427175765761
GREB1	betareg	8	8	-0.10154599544962	0.123671021243915	0.411590599991163	0.418430644596694	0.0186470379380556	204.656533759146	0.626355507696139	0.812427175765761
CAMK1D	betareg	8	8	-0.177382035210538	0.216096530809406	0.411733828767887	0.43181413465309	0.0187805865386818	892.488393487582	0.626355507696139	0.812427175765761
ZBED4	betareg	8	8	0.0932152830958299	0.113625808982222	0.412004820141877	0.41220731398413	-0.00878400613107057	1070.36135449995	0.626478122992812	0.812586216435089
VEGFA	betareg	8	8	0.119950873491535	0.146339566090306	0.412401445795761	0.416354229306875	-0.0154535201097217	136.689814860973	0.626487105875344	0.812597867865939
DRAXIN	betareg	8	8	-0.110412702779784	0.134726728665626	0.412483640742401	0.417355401463303	0.0232611510609883	265.652811045855	0.626487105875344	0.812597867865939
TMEM181	betareg	8	8	0.0991940473383342	0.121063060666275	0.412581907138119	0.415476885527117	-0.0108900106268079	1246.32784772324	0.626487105875344	0.812597867865939
MECP2	betareg	8	8	0.109913271868371	0.134267273432673	0.413005817839796	0.414163250399927	-0.0208844954810756	786.406053315509	0.626841528275218	0.813057578662476
MOB1B	betareg	8	8	-0.151807898657903	0.185609292060006	0.413420263109128	0.411514707734064	0.0268361751633692	200.01867507564	0.626944319466204	0.813190906071527
RPRD2	betareg	8	8	0.231875605666654	0.283701252308523	0.41374377151815	0.414030709399553	-0.0131514218099805	1020.0052751721	0.626944319466204	0.813190906071527
DNAJC21	betareg	8	8	-0.12375499596493	0.151453703430077	0.413863077240373	0.417663014461555	0.0226253880166055	126.834903741177	0.626944319466204	0.813190906071527
PHF21A	betareg	8	8	-0.0729138674987236	0.0892470030830134	0.413934408871929	0.418910956333634	0.0152131050429162	96.2832543487854	0.626944319466204	0.813190906071527
SESN3	betareg	8	8	-0.12331911872514	0.151018886858533	0.414168048944306	0.42896470992907	0.0222140343560793	679.125536454878	0.626944319466204	0.813190906071527
POLK	betareg	8	8	0.15539840859661	0.19044863592513	0.414523195041425	0.417369103853741	-0.0170635835182329	182.287713131023	0.626944319466204	0.813190906071527
TMEM184A	betareg	8	8	0.230050223737545	0.281941741283692	0.41452901748901	0.421434091801003	-0.0295700501521281	52.4181186651113	0.626944319466204	0.813190906071527
UTP6	betareg	8	8	0.0890117215123427	0.109131490812406	0.414707572725173	0.428291511830796	-0.00817432382954574	179.642090041755	0.626944319466204	0.813190906071527
RAB22A	betareg	8	8	0.0975288582328986	0.11959449581639	0.414788332361226	0.41979084752688	-0.0197126545461459	875.778894109955	0.626944319466204	0.813190906071527
PRICKLE2	betareg	8	8	-0.0907370576092882	0.111355323274259	0.415162430981658	0.425910226122086	0.0150767499087086	1848.92827248221	0.627221649256465	0.813550622327694
LHX9	betareg	8	8	0.172498674170785	0.211924570150334	0.415666376653347	0.406964639703879	-0.0140489092216407	1112.39405281487	0.627574218080264	0.814007928905607
LGI2	betareg	8	8	0.0971668878806588	0.119403512719309	0.4157772457859	0.419348090192278	-0.0200185294534774	3147.81324273198	0.627574218080264	0.814007928905607
LRRC49	betareg	8	8	-0.146003321502772	0.17962882246248	0.416329496605856	0.425314333753837	0.0233687892681231	298.971024208911	0.628119657242266	0.814715401886195
KLHL20	betareg	8	8	0.157018239855177	0.193525564029317	0.417160926152718	0.424622870025191	-0.0160800059307458	214.470862284166	0.629085602615315	0.815968301017323
C21orf62	betareg	8	8	-0.184502233557546	0.227847313200398	0.41807662955141	0.425939337434369	0.0252956750088245	153.774321687354	0.629775369141702	0.816862976747136
PPARGC1A	betareg	8	8	0.130332667867459	0.160978708045886	0.418154730290425	0.421719169204638	-0.0187389911702308	421.046233977622	0.629775369141702	0.816862976747136
SKIDA1	betareg	8	8	0.256458293193524	0.317154785608274	0.418732685898528	0.413928444179081	-0.044487089548614	88.8623384760239	0.629775369141702	0.816862976747136
DKK3	betareg	8	8	-0.192187596828504	0.237725539810491	0.418835489860651	0.434664879218516	-0.000116585032074194	14528.088964206	0.629775369141702	0.816862976747136
TIA1	betareg	8	8	-0.0608352390653078	0.0752538328655884	0.418860041667227	0.423235269488895	0.0126221249928228	648.870010699101	0.629775369141702	0.816862976747136
EARS2	betareg	8	8	-0.211688535562907	0.261973721237683	0.419060326827338	0.454143149912692	0.00183727565383685	601.05400882512	0.629775369141702	0.816862976747136
SCN2B	betareg	8	8	-0.0706885574084207	0.0875107334756088	0.419222917733985	0.42092456228215	0.0128638261304756	1033.83808863496	0.629775369141702	0.816862976747136
CUL2	betareg	8	8	0.156587346849634	0.193872189571579	0.419272869186724	0.43822426406747	-0.0152762198264325	521.557763554032	0.629775369141702	0.816862976747136
ARID1A	betareg	8	8	0.0920782156005005	0.114025509503132	0.419365258764993	0.428905590866945	-0.0118491192882424	1093.37268778822	0.629775369141702	0.816862976747136
UCK2	betareg	8	8	0.0936589823603548	0.11602471791154	0.419532250475568	0.419828709872534	-0.0115447996622317	1056.58399138379	0.629775369141702	0.816862976747136
ASAP1	betareg	8	8	-0.0932080401291221	0.115516405340849	0.419734809547346	0.42533522162848	0.0209297698404421	715.972650095008	0.629792124126676	0.816884709141847
GAREM2	betareg	8	8	-0.0447994761803003	0.055589400849121	0.420300739097927	0.42275009525902	0.00905312294576067	1910.02866110915	0.630132836774415	0.817326637424986
RAB27B	betareg	8	8	-0.0730841161828203	0.0907098639316725	0.420421070683722	0.427691267773486	0.0087749949122967	726.76100237725	0.630132836774415	0.817326637424986
PSD3	betareg	8	8	-0.148916817428146	0.184916261947791	0.420634876951343	0.419913402290064	0.0217722423596353	1017.24984632481	0.630132836774415	0.817326637424986
KIF26B	betareg	8	8	-0.184516549848995	0.229167818761165	0.42072788716558	0.439683210859973	0.0262543778135198	768.661104937118	0.630132836774415	0.817326637424986
BAG5	betareg	8	8	0.116100139712885	0.14432410900996	0.421142694040531	0.421029196048112	-0.0250022168862023	931.857903903887	0.630467134299871	0.817760244843032
ZNF611	betareg	8	8	0.0577618382024031	0.0718663276698044	0.421547179976068	0.421260492734525	-0.00616168780465617	548.216720654724	0.630695987285811	0.818057083272245
FOXRED2	betareg	8	8	0.0893931317883759	0.111253024842439	0.421678908903219	0.428829894057271	-0.0164525128810671	649.188360511664	0.630695987285811	0.818057083272245
ANKRD34A	betareg	8	8	0.0514949186423065	0.0641277110674914	0.421971429860256	0.421754707887298	-0.00966494128268233	442.612188782792	0.630846756003701	0.818252640910302
TGFBR1	betareg	8	8	0.112624598426048	0.140430712634385	0.422556389948844	0.429868743631153	-0.0171195059742153	1891.46511380488	0.631434385371817	0.819014837557524
ATCAY	betareg	8	8	0.149090951872525	0.186133549900377	0.42313793352492	0.423442160310654	-0.0266253962161	3965.62921044643	0.632016378214012	0.819769723233935
SRSF3	betareg	8	8	-0.176654749361179	0.220833983516331	0.423743428973372	0.457519249021614	0.00328728381771174	2495.49073901708	0.63242460506481	0.820299222190024
RASL10B	betareg	8	8	0.0683886171975692	0.0855014209563894	0.423795638455717	0.428034688979257	-0.013310354952035	987.491297217599	0.63242460506481	0.820299222190024
MLLT3	betareg	8	8	0.274598431762382	0.343629135397119	0.424225023077199	0.411447529168528	-0.0127711820256028	386.617104717705	0.632489585462553	0.820383506339152
PEX19	betareg	8	8	-0.130130038104444	0.162904978288659	0.424400903049917	0.425483719102402	0.00771083234258101	1400.84625662183	0.632489585462553	0.820383506339152
STXBP4	betareg	5	5	-0.490878539681998	0.614807290926964	0.424622929927153	0.367273434049131	0.0222289901969846	87.8909261729061	0.632489585462553	0.820383506339152
SEMA6D	betareg	8	8	0.0836306347398174	0.104792131323417	0.424834418596601	0.4321740360525	-0.00359446721934147	3595.00588994186	0.632489585462553	0.820383506339152
SMPD3	betareg	8	8	0.0996983616216633	0.124997826471496	0.425102208794141	0.431051109074492	-0.0217085766942029	1640.57952679327	0.632489585462553	0.820383506339152
C2orf49	betareg	8	8	-0.11747766492497	0.14734423585156	0.425276403895099	0.421334104326129	0.00916314021402823	391.752493989401	0.632489585462553	0.820383506339152
RASSF8	betareg	8	8	-0.122944321655377	0.154224780989437	0.425348718406566	0.43650842742747	0.0233924134353082	114.683218181632	0.632489585462553	0.820383506339152
SLC2A13	betareg	8	8	0.205128083187442	0.25733405785869	0.425376921164138	0.430906573197262	-0.0460083783186845	730.309529862948	0.632489585462553	0.820383506339152
PLAA	betareg	8	8	0.180488302770166	0.226962781831823	0.426477956299642	0.448120856995995	-0.0222635113847939	377.234790082735	0.633840289152502	0.822135464086212
RNF213	betareg	8	8	-0.218997502210797	0.275809228986115	0.427184931789731	0.42128632669435	0.0222986670324351	85.1701617677337	0.634580936780771	0.823096136186127
PVR	betareg	8	8	-0.124254615151902	0.156548366885558	0.427362005105074	0.422882528929428	0.0104416856984208	1011.1369409074	0.634580936780771	0.823096136186127
SMURF1	betareg	8	8	-0.119636566747826	0.150876079852155	0.427809351748168	0.436527387560818	0.00794426105817617	558.446937110635	0.634798987947144	0.82337896389514
PMAIP1	betareg	8	8	0.187800959846717	0.236901692512394	0.427930520342716	0.464806751981582	-0.0238293902462028	103.215622248317	0.634798987947144	0.82337896389514
TMEM87B	betareg	8	8	0.205073965732615	0.25890645462533	0.428315514659508	0.431523281934821	-0.0128840645086244	96.1009163898385	0.634798987947144	0.82337896389514
VWA8	betareg	8	8	0.111289757965996	0.140531411200316	0.42840681488139	0.431729837232415	-0.0123397763257702	85.5579626044305	0.634798987947144	0.82337896389514
KAT6A	betareg	8	8	0.167780836773126	0.211896232045096	0.428473448643652	0.431360319989625	-0.0213662691369267	381.648939709747	0.634798987947144	0.82337896389514
FGFBP3	betareg	8	8	0.067832227181332	0.0857041561558928	0.428670056856296	0.432621362632013	-0.014715128488011	439.019465908939	0.634804450956829	0.823386049803183
CSRNP2	betareg	8	8	-0.0394220172449999	0.0498748411482274	0.429283166088912	0.434411128410152	0.00806273431008395	1456.31096182016	0.635057605211558	0.823714408688312
ATXN10	betareg	8	8	-0.0681024918735777	0.0861812256498408	0.429396833372308	0.432420007701539	0.0109968241226127	2476.4716365129	0.635057605211558	0.823714408688312
CPT1A	betareg	8	8	0.220303091955819	0.278799545032959	0.429419999843368	0.434531500945416	-0.0210609604694203	61.0725061558823	0.635057605211558	0.823714408688312
DNAJC16	betareg	8	8	-0.154687340210883	0.19599036374858	0.429960102808165	0.437747866805286	0.0345261314396064	412.771704117745	0.635113329947369	0.823786687592512
DOK4	betareg	8	8	-0.0424564941005277	0.0537947056706261	0.42997652043594	0.434505938829784	0.00890129987081345	2579.37167710276	0.635113329947369	0.823786687592512
MCFD2	betareg	8	8	-0.0831300908907932	0.105344133620407	0.430036724450824	0.431780783772407	0.0100444251888586	2367.86247321342	0.635113329947369	0.823786687592512
CAB39	betareg	8	8	0.0373781755925451	0.0473878549090838	0.430245740003823	0.434628410125011	-0.00785545392126351	1700.48037133589	0.635122836222279	0.823799017900112
RILPL1	betareg	8	8	-0.147048561613569	0.186501589240272	0.430429196325504	0.428230593573698	0.0262909115251145	213.487458255164	0.635122836222279	0.823799017900112
EPG5	betareg	8	8	-0.167946071161057	0.213100289729833	0.430633459236564	0.437725864540775	0.0349363006860346	138.690163116163	0.635139421916982	0.823820530713428
SMURF2	betareg	8	8	0.110733322856443	0.140814026017078	0.431644942340265	0.436799339755022	-0.0204051995874555	151.442307352425	0.636346024904677	0.825385579707997
PSMC2	betareg	8	8	-0.222613407869441	0.283350879255042	0.432075066609887	0.468900627213002	0.00567098979827208	829.513891554607	0.636686448838842	0.82582713350931
EIF3E	betareg	8	8	0.194844914392715	0.248107255659614	0.432262843547282	0.468085636886213	-0.014287641749741	119.765902345212	0.636686448838842	0.82582713350931
RCAN3	betareg	8	8	-0.0868187893549154	0.110734990728766	0.433026563180266	0.439372132222277	0.0167164914488167	751.592635430877	0.637151904186718	0.826430861853795
BEND6	betareg	8	7	-0.262416880798136	0.334721797457129	0.433048890164679	0.446988449557195	0.031452440573701	92.3103232616881	0.637151904186718	0.826430861853795
ZNF74	betareg	8	8	-0.129285700043661	0.164958468868765	0.433188596276688	0.432138536483037	0.0106352299732865	1053.72424350275	0.637151904186718	0.826430861853795
KDM5D	betareg	6	7	-0.215470053477755	0.27522341410925	0.433690867862933	0.462104534295721	0.0205413143322257	102.40889644134	0.637151904186718	0.826430861853795
SNRNP48	betareg	8	8	0.149603111749947	0.191350603595129	0.434316117784418	0.42928358925934	-0.0179770251354807	88.2509840215151	0.637151904186718	0.826430861853795
CTXN2	betareg	8	8	0.105193905557788	0.134635753995474	0.434613007413792	0.446283434021351	-0.0132703407926026	300.862136944208	0.637151904186718	0.826430861853795
TRERF1	betareg	8	8	0.137370261329863	0.175850674126625	0.434699204250601	0.441608507985972	-0.026850725544804	93.8072159294635	0.637151904186718	0.826430861853795
OTULIN	betareg	8	8	0.173258201158225	0.221843552542751	0.434806772101391	0.436397307056824	-0.0340265459370902	144.51173392217	0.637151904186718	0.826430861853795
TOR1AIP2	betareg	6	6	0.185137773047383	0.237202126590858	0.435092873941687	0.456546267093695	-0.00642056582979075	284.396932234873	0.637151904186718	0.826430861853795
RUNDC3B	betareg	8	8	-0.143769688801208	0.184238894122604	0.43518850605654	0.433096802010226	0.0272462736130012	792.823573577742	0.637151904186718	0.826430861853795
ZNF431	betareg	8	8	-0.180117243438275	0.230874005275985	0.435300324585908	0.427555488607153	0.0292753845899173	230.405372359935	0.637151904186718	0.826430861853795
NCBP1	betareg	8	8	-0.0671231475580738	0.0860716821762273	0.435478171836743	0.440978359209099	0.0130652434493548	479.491807536238	0.637151904186718	0.826430861853795
PIK3R1	betareg	8	8	0.0822911149918761	0.105527408909551	0.435503911799814	0.445135194396002	-0.0121846991003168	1327.71226846306	0.637151904186718	0.826430861853795
TOR1A	betareg	8	8	0.0493758154813627	0.0633861065219395	0.435997943862478	0.440235932138227	-0.00962957034272971	762.538690394635	0.637151904186718	0.826430861853795
TAF10	betareg	8	8	0.0379823639259658	0.0487608267307942	0.436007743866688	0.439737492254316	-0.00702951630082441	3084.86905309308	0.637151904186718	0.826430861853795
DCAF17	betareg	8	8	0.100232036288751	0.12875281109253	0.436283584894476	0.448235490630856	-0.00971117152067309	530.867764457921	0.637151904186718	0.826430861853795
ZNF229	betareg	8	8	0.112524438881142	0.144678971784045	0.436714907364832	0.44460956085434	-0.0203609543502341	290.268350365198	0.637151904186718	0.826430861853795
MARCHF1	betareg	8	8	0.0674956550302547	0.0868091217268737	0.436853216704206	0.441083702160278	-0.0139271662132457	418.79274902769	0.637151904186718	0.826430861853795
SNN	betareg	8	8	-0.0222172220138717	0.0285809094240948	0.436955355965934	0.441492921596423	0.0046574702964441	5102.60711888533	0.637151904186718	0.826430861853795
PTP4A3	betareg	8	8	-0.15285800599814	0.196699431162546	0.437091142218556	0.431912616684805	0.0123752017588395	507.371008469282	0.637151904186718	0.826430861853795
ASF1A	betareg	8	8	0.0668213288804416	0.0860236674519428	0.437289508056313	0.443302195576108	-0.0140392334247143	389.758433620891	0.637151904186718	0.826430861853795
SHC4	betareg	8	8	0.127028934984266	0.163534382069983	0.437293277648741	0.439460965426332	-0.0227527830714267	359.465112202254	0.637151904186718	0.826430861853795
RTCA	betareg	8	8	-0.0869034986541631	0.111881341166001	0.437308038115324	0.443011138301062	0.0186924570695245	529.780642004377	0.637151904186718	0.826430861853795
GUCY1A1	betareg	8	8	-0.135976640188058	0.175218587536037	0.437725343117701	0.441486388597955	0.0276598690086576	118.700628491072	0.637151904186718	0.826430861853795
SLC35E1	betareg	8	8	-0.102222238750582	0.131855075446219	0.438184817343694	0.432923333628458	0.015061876746335	912.719316542984	0.637151904186718	0.826430861853795
IBA57	betareg	8	8	-0.172765248801141	0.222885262825085	0.43826232910562	0.44202742305311	0.0338396204551073	104.561761657951	0.637151904186718	0.826430861853795
CNOT9	betareg	8	8	0.188669581344183	0.243422199474987	0.43829747902264	0.447534833777504	-0.039246988093157	379.970210613959	0.637151904186718	0.826430861853795
GALNT2	betareg	8	8	0.1492689431335	0.19261007973971	0.438351528240724	0.441811957553924	-0.0263168828358972	807.792853695718	0.637151904186718	0.826430861853795
EEF1AKMT2	betareg	8	8	-0.073615727143957	0.0950065244940045	0.438428787574935	0.44304277661262	0.0149237776415404	234.680916087512	0.637151904186718	0.826430861853795
AREL1	betareg	8	8	-0.0998353426365368	0.128866092575734	0.438504197447953	0.442400190452248	0.0224365386630116	1020.69330293834	0.637151904186718	0.826430861853795
RIOK3	betareg	8	8	0.0796364632456198	0.102813380894799	0.438592049192528	0.44120654106037	-0.0127196868546766	872.548608608234	0.637151904186718	0.826430861853795
SOS1	betareg	8	8	-0.11943201386928	0.154252469385301	0.438775148303819	0.444744294053318	0.0234637067506903	385.577471252485	0.637151904186718	0.826430861853795
RALBP1	betareg	8	8	0.0761152929308005	0.0983920273016431	0.439172057888639	0.444168294696127	-0.0154638538356223	203.749077943534	0.63729417814978	0.826615401196988
AFF2	betareg	8	8	-0.147168528323816	0.19027724391446	0.43926048029868	0.443916054049184	0.0314506165545244	149.704853088399	0.63729417814978	0.826615401196988
HSDL2	betareg	8	8	0.0640901451181688	0.0829215925677819	0.439581234823965	0.439370638867939	-0.0122312311561355	167.296722002235	0.637478464661048	0.826854433772006
ZEB1	betareg	8	8	0.0945677917218916	0.122520840014868	0.440202880640849	0.444123772930207	-0.0185700615428707	403.159269899651	0.637795195839117	0.827265256401189
PRR29	betareg	8	8	-0.170559733021488	0.221175901464441	0.440618196707533	0.445321574360772	0.0322486527922107	67.8079623061614	0.637795195839117	0.827265256401189
HELZ	betareg	8	8	0.147554688482035	0.191398739236146	0.440749481805962	0.44056074147967	-0.03088584465671	191.305684026771	0.637795195839117	0.827265256401189
STK10	betareg	8	8	0.177020462607126	0.229629569495227	0.440768717653791	0.452689408466759	-0.0168049644353793	120.643008117972	0.637795195839117	0.827265256401189
KCTD2	betareg	8	8	-0.0785308524040441	0.101941581596149	0.441091402521668	0.443929776518795	0.0156652406179309	1085.09428332142	0.637795195839117	0.827265256401189
NKAP	betareg	8	8	0.141606596041375	0.183886076720983	0.44125370963679	0.446856357598913	-0.0240416463793064	87.5006220855847	0.637795195839117	0.827265256401189
NEBL	betareg	8	8	0.0833295061879126	0.108261692421332	0.441475231071395	0.44751707791138	-0.00753817194347645	749.02778479715	0.637795195839117	0.827265256401189
ECPAS	betareg	8	8	0.0649866809227729	0.0844442074420434	0.441548315346933	0.44590367130832	-0.0140787192851266	339.569932538548	0.637795195839117	0.827265256401189
ENDOD1	betareg	8	8	0.0962897459887125	0.125119951602073	0.441549387299436	0.445485362720777	-0.0216778488175839	1990.24293318723	0.637795195839117	0.827265256401189
RIPK1	betareg	8	8	-0.10488795233171	0.136348846191855	0.441737937989295	0.445041770595707	0.0230236902627978	112.265813162131	0.637795195839117	0.827265256401189
TMEM38A	betareg	8	8	-0.157191004636739	0.204543561965023	0.442192289060739	0.446017885909638	0.0253845255055931	750.004478650322	0.638171179818533	0.827752934083875
DIS3	betareg	8	8	-0.101510557784714	0.132187385063162	0.442529226370174	0.445876009952193	0.0210560948396506	262.796104103637	0.638377457073183	0.828020490200746
FAM204A	betareg	8	8	-0.0605647864646488	0.0790349894807483	0.443495755795911	0.448331895684857	0.01060677275688	572.672493267953	0.638969627369091	0.828788576750901
AP1S2	betareg	8	8	0.0452476432053807	0.0590569478700803	0.443575343104837	0.447498442458664	-0.00934250220769878	1647.95996318385	0.638969627369091	0.828788576750901
KCNMA1	betareg	8	8	-0.181154755781032	0.236630769527997	0.443938897621314	0.444602117046882	0.0366470437687004	433.007387275173	0.638969627369091	0.828788576750901
LETM1	betareg	8	8	0.159537221289025	0.208411689403802	0.443979370007647	0.457565550319031	-0.00777785769071289	870.705251659286	0.638969627369091	0.828788576750901
TMED4	betareg	8	8	0.0821240157504414	0.107342106059894	0.444231024016086	0.448423699209071	-0.0173799088357373	603.498830498816	0.638969627369091	0.828788576750901
PPP1R15B	betareg	8	8	-0.10050668967655	0.131389026080391	0.444298353795881	0.447857622786515	0.0208090852823778	269.362791003641	0.638969627369091	0.828788576750901
SGTB	betareg	8	8	0.0823613053059152	0.107669437380363	0.444303701458973	0.450362493008497	-0.0112993111023866	661.454301552154	0.638969627369091	0.828788576750901
ACTR10	betareg	8	8	0.101400907349777	0.132669483768859	0.444681206300275	0.440881409261134	-0.00617948145646159	1683.83835528431	0.638969627369091	0.828788576750901
SETX	betareg	8	8	-0.125249609405993	0.163926684156214	0.44483226176815	0.448404702236108	0.0246482916423976	275.200595819193	0.638969627369091	0.828788576750901
CEP250	betareg	8	8	-0.233272754885037	0.305340453568673	0.444881590753588	0.448149538951836	0.048932904882699	120.381272119673	0.638969627369091	0.828788576750901
RIOK2	betareg	8	8	0.115299629676482	0.151199679292051	0.445722682131974	0.449398405819543	-0.0261018127159265	153.637647524477	0.639601142634144	0.829607696495097
TMEM59	betareg	8	8	-0.0807538639936888	0.105901171966062	0.44573786749503	0.44880091324196	0.0137378475611336	2034.05978223421	0.639601142634144	0.829607696495097
KAT7	betareg	8	8	-0.166649050318717	0.218828309863028	0.446327668791163	0.462676824321187	0.00358326554851218	1071.08579712154	0.639601142634144	0.829607696495097
ARL10	betareg	8	8	-0.0700646387889746	0.0920119582618124	0.446374490104333	0.454097028193802	0.0110304344310776	646.439708092158	0.639601142634144	0.829607696495097
DLG2	betareg	8	8	-0.0901458292281448	0.118406704443833	0.4464637537283	0.455886247525764	0.0157643678672467	391.637462843852	0.639601142634144	0.829607696495097
UBE2J2	betareg	8	8	-0.0529559667763472	0.0695751612960107	0.446577498305894	0.450123644745715	0.0107546003380693	765.91054213217	0.639601142634144	0.829607696495097
STX17	betareg	8	8	0.140005658407869	0.184087739883774	0.446933268749847	0.442159055903965	-0.0166716874570005	371.412339805384	0.639601142634144	0.829607696495097
ZNF234	betareg	8	8	-0.114180212041371	0.150170934678675	0.447054388051388	0.456383205491578	0.016086086657741	228.32195818622	0.639601142634144	0.829607696495097
B3GLCT	betareg	8	8	0.137759685796542	0.181251141965898	0.447225505014279	0.464289870183804	-0.0161497859530682	344.560918559969	0.639601142634144	0.829607696495097
GNL1	betareg	8	8	0.0954408439397177	0.125634167712082	0.447450267541715	0.448419204834425	-0.0197740568343929	510.97430541815	0.639601142634144	0.829607696495097
SZT2	betareg	8	8	0.0982042236513939	0.129274372796173	0.447459446422613	0.457146933861199	-0.0154127038997405	207.918418813336	0.639601142634144	0.829607696495097
GABRB2	betareg	8	8	0.162891920661847	0.214929533396252	0.448519688070296	0.455845570765353	-0.0142418178915483	290.171092643804	0.640205817644137	0.83039200253949
NOL6	betareg	8	8	-0.0777640607618164	0.102627751778389	0.448613018249052	0.454629196724247	0.0152135999716244	199.959859422135	0.640205817644137	0.83039200253949
PWWP3A	betareg	8	8	0.0314450487192072	0.0415165414982072	0.448804194439213	0.451991433068576	-0.00550113700859117	859.563497632679	0.640205817644137	0.83039200253949
NDUFAF5	betareg	8	8	-0.0929318356412932	0.122728340095788	0.448920598455583	0.45151868139682	0.0187664358850675	203.210983763206	0.640205817644137	0.83039200253949
CALCOCO1	betareg	8	8	0.13544285366006	0.17890356883908	0.449006825098732	0.458507746412545	-0.00555301915009977	569.23402760524	0.640205817644137	0.83039200253949
PGPEP1	betareg	8	8	0.222710709073159	0.294269096127111	0.449153694145066	0.448653045396097	-0.0510239112707575	173.401956348994	0.640205817644137	0.83039200253949
SYN3	betareg	8	8	0.235527281997958	0.311416655329337	0.449463832407106	0.445355906444423	-0.028150723752223	477.176017514426	0.640205817644137	0.83039200253949
UBR7	betareg	8	8	0.0458789077512923	0.0606719372648906	0.449541260224668	0.451222497356841	-0.00478486255757579	919.802834495505	0.640205817644137	0.83039200253949
PTCHD1	betareg	8	8	-0.279643378545379	0.369949231059403	0.449711172178004	0.444707754541552	0.051158848946825	512.746150893188	0.640205817644137	0.83039200253949
TTPAL	betareg	8	8	0.155335039599657	0.205550748468657	0.449828095096368	0.453143215083069	-0.0301780963085242	691.037630420297	0.640205817644137	0.83039200253949
WDR59	quasibinomial	2	6	0.66187319943169	0.849360150094097	0.450921142676418	NA	-1.32495944825995	277.614186388462	0.641484009926123	0.83204990788714
GMEB1	betareg	8	8	0.196840420263201	0.261563886258275	0.451719183509191	0.449425410658324	-0.0195072141883413	160.323354484178	0.642341599877344	0.83316226241021
RND3	betareg	8	8	0.029189306855229	0.0388250023788212	0.452160961678276	0.457404011758827	-0.00556980255408577	2465.30835626459	0.64234547382024	0.83316728718679
ZC3HAV1	betareg	8	8	0.167992868710914	0.223489591053661	0.452242947602711	0.449435972184369	-0.0344822503934775	223.883631018316	0.64234547382024	0.83316728718679
CCNF	betareg	8	8	0.0928188076132168	0.123499297930749	0.452307545551029	0.454987255235514	-0.019333486329398	343.750691068955	0.64234547382024	0.83316728718679
CORO2A	betareg	8	8	0.110581631482174	0.147511388937986	0.453466677179887	0.453990647571959	-0.0246769527809882	620.550366722699	0.643346280781539	0.834465404251404
KRAS	betareg	8	8	0.166594795820534	0.22225486020594	0.453515838366966	0.457744886267358	-0.0431021633989431	1111.52647470621	0.643346280781539	0.834465404251404
LIX1	betareg	8	8	0.102451094844299	0.136803351541588	0.453921600609806	0.458736334159529	-0.0232176572903267	531.817883717611	0.643346280781539	0.834465404251404
ZZEF1	betareg	8	8	0.116022470994051	0.154998965716186	0.454136276498401	0.462046094643105	-0.0179746108377949	208.166534191459	0.643346280781539	0.834465404251404
NPLOC4	betareg	8	8	-0.0520520267383424	0.0695444174456751	0.4541757027798	0.4610106858485	0.00895942997711274	1632.78871695422	0.643346280781539	0.834465404251404
DDX3Y	betareg	8	7	-0.166250504132746	0.222235193746745	0.454409732515084	0.458646666744063	0.0332727884607575	223.014199036592	0.643346280781539	0.834465404251404
HDX	betareg	8	8	-0.0854406988845231	0.114221843385212	0.454445582615206	0.461769815310137	0.0163122884715354	105.307813101752	0.643346280781539	0.834465404251404
FUT9	betareg	8	8	-0.171578768315774	0.229442488798997	0.454576397583063	0.463829944230058	0.0341709380626216	276.044199192852	0.643346280781539	0.834465404251404
SEMA3C	betareg	8	8	0.0650616253997271	0.0870592704179047	0.454867016175442	0.460918081315401	-0.0122933749980765	2226.13150253487	0.643480817298504	0.834639907582454
KPNA4	betareg	8	8	-0.215662020712188	0.288750796282125	0.455136363344614	0.478946536526391	0.00393500828555474	662.583754700949	0.643585159348019	0.834775246564166
GJC1	betareg	8	8	-0.25776957589194	0.34559976107637	0.455751049949885	0.461325401569546	0.059245609997144	70.1270015288427	0.643979678114733	0.835286965170437
TSC1	betareg	8	8	-0.0748343442817501	0.100389850498927	0.456007370773908	0.456622137252452	0.0144718450927724	850.927657152401	0.643979678114733	0.835286965170437
H6PD	betareg	8	8	-0.23471999344525	0.314914088794409	0.456062508392016	0.454392843729155	0.0365447321226088	205.975397347872	0.643979678114733	0.835286965170437
CHST12	betareg	8	8	0.155870322302541	0.209187759261727	0.456198199581136	0.454766102787547	-0.019268736531412	577.465111127846	0.643979678114733	0.835286965170437
ZBTB8OS	betareg	8	8	-0.0946219434635134	0.127074603255353	0.456503127989782	0.460620951972504	0.0200134248630807	160.422964670421	0.644064998970066	0.835397632324602
HDAC2	betareg	8	8	-0.0661724673792179	0.0888967749050107	0.456650111577623	0.456465762348868	0.0104567957193114	821.588482246743	0.644064998970066	0.835397632324602
ZCCHC14	betareg	8	8	-0.0903106410137885	0.121666305777195	0.457916832731597	0.461254468151037	0.0184808607706863	161.552992563215	0.644569384373234	0.836051855690657
NDUFA4	betareg	8	8	0.104146632859171	0.140343478867138	0.45803651799463	0.469094481610374	-0.00100700116089042	10260.1060165902	0.644569384373234	0.836051855690657
MSMO1	betareg	8	8	-0.0442861756608389	0.0596804999959993	0.458054396236456	0.462883674804815	0.00902007260882329	2241.31061454186	0.644569384373234	0.836051855690657
KCNS2	betareg	8	8	0.144121581474965	0.194244143811451	0.458110958115174	0.469853038330054	-0.0169325597695865	337.31978682528	0.644569384373234	0.836051855690657
XRCC5	betareg	8	8	-0.0442199026197705	0.0596140273842746	0.458226643697722	0.462958447223229	0.00893411464630867	1355.29305124258	0.644569384373234	0.836051855690657
ST8SIA1	betareg	8	8	0.137901260429458	0.185991871356216	0.45842849997165	0.464740728724065	-0.0285039052617936	1085.0348238392	0.644569384373234	0.836051855690657
NRDE2	betareg	8	8	0.0573760446596814	0.0774876177973457	0.459024343084155	0.460121122851695	-0.0102745021886909	535.921013071569	0.644569384373234	0.836051855690657
IL6ST	betareg	8	8	0.10507474303399	0.142043761519482	0.459460801688087	0.469653391061825	-0.00681859902358509	1442.3940235522	0.644569384373234	0.836051855690657
TMEM117	betareg	8	8	0.0443719454194651	0.0600146574105085	0.459693398098023	0.465671532532228	-0.00829562277408323	701.925311238184	0.644569384373234	0.836051855690657
IL13RA1	betareg	8	8	0.0710696511328724	0.0961321221000562	0.459730070331388	0.465263997677381	-0.0141152489854023	231.068458411577	0.644569384373234	0.836051855690657
SMC2	betareg	8	8	-0.13935554293738	0.188511282178249	0.459759785525859	0.472647283422391	0.02385997375308	142.659868471689	0.644569384373234	0.836051855690657
ITGB1BP1	betareg	8	8	0.166522586993649	0.2252666298545	0.459770753019578	0.468133651463161	-0.0210466292614526	777.594676815437	0.644569384373234	0.836051855690657
STK39	betareg	8	8	0.0559797213746113	0.0757573363476977	0.459946676177636	0.465232716260983	-0.0103282419208511	557.250544984347	0.644569384373234	0.836051855690657
ENY2	betareg	8	8	-0.101973392944046	0.138005967542948	0.459964274576496	0.46990623311561	0.0119852709414543	1119.95112269473	0.644569384373234	0.836051855690657
KCND2	betareg	8	8	0.115710470751659	0.156643392153588	0.460096952289132	0.461410183752808	-0.0248700024809489	182.024290085435	0.644569384373234	0.836051855690657
ADAT1	betareg	8	8	-0.0928805853721458	0.125749976778814	0.460141942131526	0.46078320494672	0.0153569633120974	507.976027926776	0.644569384373234	0.836051855690657
NAA25	betareg	8	8	0.0640825415355506	0.0868269342967368	0.460484607023389	0.463563952729034	-0.0122671190701971	157.963455063253	0.64477490215143	0.836318426713117
MIEF1	betareg	8	8	0.129653346883288	0.176024248241891	0.461386765250442	0.466016724960489	-0.00705138236644994	2168.85764153747	0.645111491523108	0.836755006817012
UBE2D1	betareg	8	8	0.0412323062549729	0.0559809761385471	0.461401285410531	0.461890930063271	-0.00681287035283309	892.961694109852	0.645111491523108	0.836755006817012
ABR	betareg	8	8	-0.0717125146035703	0.0973839299296992	0.461493623246139	0.473683226530105	0.00774355631941413	2148.96710395987	0.645111491523108	0.836755006817012
PTDSS1	betareg	8	8	0.111005545431652	0.150748196352678	0.461509204790826	0.457074582375185	-0.00319696413707083	2192.45005084235	0.645111491523108	0.836755006817012
ACOT9	betareg	8	8	-0.157999623510106	0.214744613212177	0.461879242839406	0.469421651658544	0.0279188240173259	200.644794164977	0.645354589540525	0.837070322054601
GIGYF2	betareg	8	8	0.0837845314567635	0.113937799648962	0.462124384669185	0.465251034924875	-0.0172624775154145	309.208880667602	0.645423045693265	0.837159114502581
PLCXD2	betareg	8	8	-0.128627613038649	0.175127242683251	0.462655703006668	0.464770594489036	0.0248726992059536	883.826488592953	0.645459993596332	0.837207038533217
SPARC	betareg	8	8	-0.0578636907654994	0.078794008689834	0.462725317934038	0.462601638966199	0.00707607440472663	2082.33867325597	0.645459993596332	0.837207038533217
UBASH3B	betareg	8	8	0.10675357025992	0.145372768271428	0.462739316752544	0.465939622340642	-0.0194458460548826	1132.58142120416	0.645459993596332	0.837207038533217
NUP155	betareg	8	8	-0.162673718113292	0.221729916727173	0.463157777178184	0.475820140532293	0.0319744136276357	106.629252253571	0.645641600070895	0.83744259491201
MTRNR2L1	betareg	8	8	-0.337371600330063	0.460300506985242	0.463596420762959	0.4644710686359	0.0294491570728716	1230.15294433211	0.645641600070895	0.83744259491201
RNASET2	betareg	8	8	0.142253089327146	0.194184440339688	0.463822638532878	0.467979056945095	-0.0257082348213996	211.507982879581	0.645641600070895	0.83744259491201
FOXJ3	betareg	8	8	0.10571491503709	0.144424692790834	0.464185303896698	0.465445454702379	-0.0214986589326804	576.572737765065	0.645641600070895	0.83744259491201
ZNF83	betareg	8	8	-0.0727168820024572	0.0993451229886596	0.464191595407247	0.470033634098867	0.00870741929441994	420.483615882866	0.645641600070895	0.83744259491201
WDR3	betareg	8	8	0.130571104339292	0.178402543704641	0.464235482308914	0.478740699818933	-0.0154879036572172	263.167926992506	0.645641600070895	0.83744259491201
MXRA7	betareg	8	8	-0.0446480643811119	0.061004787902131	0.464243013018232	0.465888819207456	0.00607906505669682	1577.82537221328	0.645641600070895	0.83744259491201
ATG5	betareg	8	8	-0.050420458384596	0.0689862405966085	0.464854269674484	0.471985807275974	0.00817236526166238	455.246491734021	0.646160411931491	0.838115530408671
JPH3	betareg	8	8	-0.0440506703314443	0.0602918408848302	0.465008804125523	0.47519923466584	0.00381582659443219	1283.78503101388	0.646160411931491	0.838115530408671
MANEA	betareg	8	8	0.174190287487688	0.2386670002583	0.465483984985392	0.472027401540314	-0.0382096477883229	147.332328977075	0.646393051129996	0.838417279822049
GPN2	betareg	8	8	0.139432864770507	0.191125442256508	0.465673937637838	0.470157107558118	-0.0289676827965793	138.590357247678	0.646393051129996	0.838417279822049
WDR43	betareg	8	8	0.104594227517363	0.143400368045519	0.465765550716513	0.471656904251604	-0.0222119790279198	98.1938144051812	0.646393051129996	0.838417279822049
RAB3GAP2	betareg	8	8	-0.0728824300229022	0.100044181137855	0.466306075839343	0.466403516492862	0.0134053588427068	472.287913827684	0.646870370128323	0.83903639615612
ALAD	betareg	8	8	0.0530828923789188	0.0729253611622885	0.466670421226209	0.469428945053498	-0.0059801519699992	556.982907772982	0.646977713083615	0.839175627523825
GPD2	betareg	8	8	0.132449572366329	0.182025868133741	0.466833080819376	0.475581245790635	-0.0259510177280861	342.258708881225	0.646977713083615	0.839175627523825
MYSM1	betareg	8	8	-0.21672447698508	0.297938907268647	0.466973316628183	0.502464997297472	0.0165754972065602	219.616772052781	0.646977713083615	0.839175627523825
ZNF555	betareg	8	8	0.274658291193225	0.378125708158019	0.467613402601666	0.470126604036772	-0.00167412760603838	264.1694377934	0.647591863002496	0.839972223191881
CGN	betareg	8	8	0.130892752289775	0.180383859395303	0.468062863168608	0.46854126717506	-0.0258830929395756	80.7811719986547	0.647669197833197	0.840072531910049
DDX3X	betareg	8	8	0.0482837029209281	0.0666048116573274	0.468496110046228	0.472191181660986	-0.00981599716731217	2387.92987979447	0.647669197833197	0.840072531910049
SRGAP2	betareg	8	8	0.129762240791069	0.179010060331344	0.468520756334212	0.474039308291291	-0.019892159016445	532.573676309418	0.647669197833197	0.840072531910049
ZADH2	betareg	8	8	-0.122751130482445	0.169339397469516	0.468524245576103	0.463376980389632	0.0207203432495402	418.993002610639	0.647669197833197	0.840072531910049
SLF2	betareg	8	8	-0.162555341363834	0.224356739227134	0.468734526819668	0.48597049574123	0.0177941449293843	219.912923000869	0.647669197833197	0.840072531910049
JPT2	betareg	8	8	-0.0714023297369348	0.0985742026369549	0.46885022750931	0.463215309118898	0.00853543197918775	789.268275070196	0.647669197833197	0.840072531910049
HOMEZ	betareg	8	8	0.148048956788193	0.204589763707838	0.469287917624578	0.48861263523805	-0.0164640055144795	181.209857832108	0.648001781435498	0.84050391624914
PDZD2	betareg	8	8	-0.0873678010989191	0.120839898060486	0.469677063500451	0.474311571310715	0.012699175227281	132.541698536379	0.64824768569433	0.840822871379345
STARD5	betareg	8	8	-0.321002217627187	0.444204561033694	0.469897996534576	0.469699587656734	0.062301352731693	54.8894022451067	0.64824768569433	0.840822871379345
TRIP11	betareg	8	8	-0.175244109844231	0.242624381848817	0.470118872385248	0.484835673232312	0.0178683376639323	92.7354911546072	0.64824768569433	0.840822871379345
ODR4	betareg	8	8	0.156320208743284	0.216490256822206	0.470254028580716	0.469783849448664	-0.0271354446947866	169.268430434214	0.64824768569433	0.840822871379345
RAB21	betareg	8	8	-0.0544684285151319	0.0755423311841624	0.470889905052136	0.475373909719723	0.0106048987853129	873.6706614412	0.648457330563086	0.84109479552872
CEP78	betareg	8	8	0.0985537017435226	0.136756193079174	0.471123302149318	0.480674112418137	-0.00155535663818924	203.71437270364	0.648457330563086	0.84109479552872
SEPTIN7	betareg	8	8	-0.114696485421413	0.15919361017109	0.47122690676988	0.477231674737388	0.0072988891812206	3037.19205649427	0.648457330563086	0.84109479552872
HGSNAT	betareg	8	8	0.0832440904893599	0.115575995835924	0.471368529889449	0.477189182278628	-0.0177147571323924	1327.94840126337	0.648457330563086	0.84109479552872
NUS1	betareg	8	8	-0.0598383111103974	0.0830837364184072	0.471391459912066	0.47282409065759	0.0121414925076505	288.864077751557	0.648457330563086	0.84109479552872
KCNK10	betareg	8	8	-0.0809738273822773	0.112599815798235	0.472061252099628	0.473729876636662	0.0169547880362691	604.485344233657	0.64856392242411	0.841233052674299
CXXC4	betareg	8	8	-0.0674763314230106	0.093868257268163	0.472239027020863	0.479278148472849	0.00908571067150812	511.890852572002	0.64856392242411	0.841233052674299
SDK1	betareg	8	8	-0.114838219603184	0.159762172103641	0.472259643630755	0.488092112362604	0.0139976068824191	153.920009178364	0.64856392242411	0.841233052674299
PTCD1	betareg	8	8	-0.0213129126727853	0.0296613452600543	0.472423361864097	0.475984088294825	0.00446987919128527	1192.49220778522	0.64856392242411	0.841233052674299
PRCP	betareg	8	8	0.0839042095509752	0.116825996309312	0.472635144189535	0.473599410433005	-0.00970787257519038	772.948014369386	0.64856392242411	0.841233052674299
LYNX1	betareg	8	8	-0.0984447521192156	0.13707694445741	0.472651560523189	0.475573248156396	0.0202422045947763	777.440214673087	0.64856392242411	0.841233052674299
RCCD1	betareg	8	8	-0.0649669568892897	0.0905534021759565	0.473100438549009	0.480646300494869	0.00955043184129888	303.116265702325	0.648826851633715	0.841574090363855
FAM210A	betareg	8	8	-0.117490712297158	0.163859338700709	0.47336066689315	0.475539082897667	0.0239725535192866	341.488283114665	0.648826851633715	0.841574090363855
FOXN2	betareg	8	8	-0.152846177793474	0.213203800316931	0.473434721406658	0.474668099990449	0.0310688554032114	191.207703964347	0.648826851633715	0.841574090363855
FBXL20	betareg	8	8	-0.107511387388401	0.15028146276474	0.474361793595777	0.478391327881047	0.0178327734554199	396.971427722676	0.649711197260038	0.842721148880571
FAM222B	betareg	8	8	0.136980176907406	0.191576250387346	0.474598857825026	0.460797342584765	-0.00301812238763061	1785.98380460157	0.649711197260038	0.842721148880571
CETN3	betareg	8	8	0.167586369595387	0.234521464040237	0.474863278015593	0.469733448111197	-0.019527401682852	126.034147921721	0.649711197260038	0.842721148880571
ENTPD4	betareg	8	8	0.111301583779555	0.155758470480553	0.474869813275017	0.475516432176143	-0.0223922562786998	1359.55842147011	0.649711197260038	0.842721148880571
STAT5B	betareg	8	8	0.118476749280856	0.165925957302212	0.475206251404159	0.479326940083948	-0.0224874678272699	378.772320425797	0.649721039639032	0.842733915138822
ZNF652	betareg	8	8	0.0796812852393566	0.111609747271646	0.475271915121637	0.480472371778516	-0.0126498727860374	874.745676025476	0.649721039639032	0.842733915138822
SCD	betareg	8	8	0.0718605176428398	0.100784396149856	0.475838124215893	0.485069500437719	-0.00647695994282306	5677.40292792405	0.650224937306746	0.84338750587767
ZC3H7B	betareg	8	8	0.151827193959375	0.213348862691415	0.476688865015595	0.497382007297543	-0.0195108461768511	66.7560484914068	0.65111706310637	0.844544655826717
DTX4	betareg	8	8	0.0860307620910792	0.120984669257715	0.47702962577158	0.486659059954168	-0.00393079467476048	1609.79171091509	0.651221937061158	0.844680684727003
FLRT3	betareg	8	8	0.100934232759019	0.142062644830795	0.4773997005872	0.483001152595052	-0.00739019177563269	672.368620234404	0.651221937061158	0.844680684727003
POGZ	betareg	8	8	0.167013001095087	0.235286867457862	0.477811345002576	0.480802456634798	-0.0332777563727226	580.687004575158	0.651221937061158	0.844680684727003
NUP98	betareg	8	8	0.0992929374746826	0.139955793172949	0.478039506730756	0.4812331868158	-0.0195405289245096	90.5470756955355	0.651221937061158	0.844680684727003
ACBD5	betareg	8	8	0.106345679602566	0.149948138868756	0.478190196287624	0.482012775195272	-0.0206180337236498	631.297458845296	0.651221937061158	0.844680684727003
ZC3H12C	betareg	8	8	-0.123744464972352	0.174495922052058	0.478228973083709	0.483346968662539	0.0225759262769055	93.4143799326637	0.651221937061158	0.844680684727003
MTMR2	betareg	8	8	0.0685291356472149	0.0966750670166343	0.478411053806233	0.484414647848573	-0.00744787848027786	1115.88213029921	0.651221937061158	0.844680684727003
RPP30	betareg	8	8	0.134887678955708	0.190299346909935	0.478437176751652	0.490771821394519	-0.0180416821040903	128.814205707656	0.651221937061158	0.844680684727003
LIN54	betareg	8	8	-0.118819312276556	0.167742984746287	0.478733230512974	0.486201329363442	0.0242654887334768	82.0542475391513	0.651221937061158	0.844680684727003
NPTXR	betareg	8	8	0.0859224650396779	0.121304086673153	0.478744746099958	0.475443717469001	-0.0145919667946801	1352.62190985455	0.651221937061158	0.844680684727003
NOP9	betareg	8	8	0.188767220176579	0.266695386850892	0.479068941544228	0.475074638895066	-0.0290922485859994	114.039504018502	0.651393648074519	0.844903405996184
DOK6	betareg	8	8	-0.152997587142716	0.216277561740459	0.479309779063168	0.475774830080736	0.0304150742283315	1339.56199123961	0.651451921654016	0.844978990930029
ALG10B	betareg	8	8	-0.154614686396365	0.219109672032054	0.480405974448073	0.480721262755629	0.035526445022516	64.7753624333473	0.652104208881385	0.84582505337126
SNX29	betareg	8	8	-0.0978517830051883	0.138689174817208	0.480469661534183	0.480727363932871	0.0198241437205536	177.416883429295	0.652104208881385	0.84582505337126
UTS2B	betareg	8	8	0.136764982970797	0.19386445389194	0.48051963488188	0.478386244512545	-0.00467311548331459	553.722534671247	0.652104208881385	0.84582505337126
FIP1L1	betareg	8	8	-0.115833000162254	0.16436808922111	0.480986318901711	0.485480860042119	0.0234149083738535	203.658831411388	0.652104208881385	0.84582505337126
CHKA	betareg	8	8	-0.0389561696021682	0.055317479935247	0.48129021856339	0.488517276026146	0.00659084545926089	913.633976064969	0.652104208881385	0.84582505337126
ZNF614	betareg	8	8	-0.0766474398967525	0.108880705033744	0.481458949552885	0.484898053932737	0.0163094836055186	258.532831420893	0.652104208881385	0.84582505337126
FLYWCH1	betareg	8	8	0.118539053709891	0.168484510392211	0.481706490396279	0.48600554800002	-0.00835716011673794	926.767656375362	0.652104208881385	0.84582505337126
PTPRN2	betareg	8	8	0.0542101703294431	0.077068437075238	0.481804633557179	0.485724454030185	-0.00726933291178677	3347.24783592436	0.652104208881385	0.84582505337126
CHST11	betareg	8	8	0.0873011284944622	0.124121952792869	0.481837894004284	0.487286413293889	-0.0184979455448306	445.085242465134	0.652104208881385	0.84582505337126
ANKRD6	betareg	8	8	0.0725884924934278	0.103221719941447	0.48191313623547	0.484839574380361	-0.0133007335142737	598.311197303562	0.652104208881385	0.84582505337126
MTDH	betareg	8	8	0.0873557435038647	0.124236957739325	0.481969664901336	0.485586113841199	-0.0159058894295639	241.4162125132	0.652104208881385	0.84582505337126
LRP3	betareg	8	8	-0.0677770823864936	0.0966723846936394	0.483240136038459	0.486456596501126	0.0140306341063283	1166.84591004715	0.653554423099398	0.847706083276671
MOSMO	betareg	8	8	-0.206510307631738	0.294740178768827	0.483520193053658	0.483515255543089	0.0374563263727488	207.133351887196	0.653664518008406	0.847848884122026
ABHD10	betareg	8	8	-0.0359082754984878	0.0512825822060843	0.483799837138259	0.486737854734108	0.00753748969919589	984.716547300879	0.6537022910462	0.847897878410473
SGPL1	betareg	8	8	-0.086310079153899	0.123324925740881	0.484015263366485	0.482763237762854	0.0112033970276915	1197.30234444862	0.6537022910462	0.847897878410473
EMC8	betareg	8	8	-0.0674606504846866	0.0964468956085205	0.48426521855687	0.484791067346192	0.00973707388672503	444.866829565226	0.6537022910462	0.847897878410473
ZNF423	betareg	8	8	-0.188629062643795	0.269831355464177	0.484512785705298	0.528421010830715	0.0160275986298418	196.701150152249	0.6537022910462	0.847897878410473
KCNQ3	betareg	8	8	0.132944870598459	0.190188342965978	0.484541453946379	0.497368221148642	-0.0113978655952615	931.459129633189	0.6537022910462	0.847897878410473
PRPF40A	betareg	8	8	0.127200587090736	0.182104305739918	0.484862053392366	0.489449941526081	-0.0267717118071943	162.238105947018	0.653866728625688	0.848111165524024
PSMB2	betareg	8	8	-0.0866407981580067	0.124106103021081	0.485102929812399	0.48605368609099	0.0143315022050066	1492.90571561019	0.653923564045252	0.84818488506322
NRIP3	betareg	8	8	-0.0705421102307217	0.101179727925752	0.485680088448912	0.48921305492344	0.0145803724705597	598.939122848227	0.654052967227553	0.848352730097932
MAP3K1	betareg	8	8	0.103757414281039	0.148910678680826	0.485942873493977	0.494198785958966	-0.0117384237543459	151.604308459691	0.654052967227553	0.848352730097932
ALG14	betareg	8	8	-0.17435109262873	0.250281144261151	0.486040031044654	0.486728021460909	0.0294808449177093	279.373857219935	0.654052967227553	0.848352730097932
LMO4	betareg	8	8	-0.126733536354835	0.181988166558466	0.486188762336124	0.480708394919589	0.0243336858193863	420.269970382218	0.654052967227553	0.848352730097932
TBCE	betareg	8	8	0.140171188820707	0.201313890994546	0.486252398451028	0.499582581449913	-0.0213381365918798	276.425644953238	0.654052967227553	0.848352730097932
ADNP2	betareg	8	8	0.197862170719664	0.284267308371023	0.486402120210187	0.484533439383618	-0.0210412376141399	471.991876735887	0.654052967227553	0.848352730097932
DNAJC3	betareg	8	8	0.171325741269712	0.246427051557051	0.486905422351454	0.499588230847428	-0.0129180760432987	320.205495106524	0.654052967227553	0.848352730097932
ARHGEF17	betareg	8	8	0.0496082325063428	0.0713633595516169	0.486961363477742	0.489809615458448	-0.00995966155200917	329.347961998848	0.654052967227553	0.848352730097932
PYGO1	betareg	8	8	0.166997322609509	0.240246715912945	0.486987860529506	0.493746755583668	-0.0281034150714273	316.056230499172	0.654052967227553	0.848352730097932
ADAM22	betareg	8	8	-0.170758146473886	0.246048757783178	0.487681422436648	0.495995541335528	0.0460011305913861	888.637226901975	0.654144311458858	0.848471209994652
CTIF	betareg	8	8	-0.0679693551138362	0.0979443599711574	0.487708017377424	0.489700147068068	0.0111967212605618	1273.48468715136	0.654144311458858	0.848471209994652
TMX3	betareg	8	8	-0.0555002359015808	0.0801237426076107	0.48850943823875	0.488461926790769	0.00674145777236485	402.85132535019	0.654144311458858	0.848471209994652
SYT11	betareg	8	8	-0.0580985869037976	0.0838923484783237	0.488599922232396	0.496893940098556	0.00795331715423778	11637.4177859781	0.654144311458858	0.848471209994652
PABIR1	betareg	8	8	0.142265999872393	0.205666473178275	0.489105894439153	0.523481164665544	-0.0154890355910632	908.601557087011	0.654144311458858	0.848471209994652
NAGA	betareg	8	8	-0.0475458365398014	0.0687615353389896	0.489276643721788	0.492279490415573	0.00993335078450094	311.553373319649	0.654144311458858	0.848471209994652
SLC7A1	betareg	8	8	0.174979612379893	0.253112734997241	0.489370134368302	0.492070087480927	-0.0398226108972797	731.325516118217	0.654144311458858	0.848471209994652
PRKAB2	betareg	8	8	0.148333111433605	0.21459867084437	0.489432514237721	0.492308298588844	-0.025749644858953	939.99513130276	0.654144311458858	0.848471209994652
PLXNA1	betareg	8	8	0.105507979607555	0.152676269316921	0.489529824340115	0.498051598522125	-0.0150902291335695	1114.68724330358	0.654144311458858	0.848471209994652
SLAIN2	betareg	8	8	0.065467168807192	0.0947893682879149	0.489779605390083	0.496537290306568	-0.0106680980451914	361.366730200635	0.654144311458858	0.848471209994652
PLXNA2	betareg	8	8	-0.126943300611077	0.18383707481484	0.489866814067864	0.503489729891443	0.0207189070139041	642.029757550461	0.654144311458858	0.848471209994652
DGCR2	betareg	8	8	0.0454904374398295	0.0659034803520221	0.490031641183629	0.493070427076574	-0.00935271364903331	2892.37222451486	0.654144311458858	0.848471209994652
SPPL2A	betareg	8	8	-0.145318883196657	0.210646933465626	0.490276291950762	0.493793482722516	0.0309299965480694	53.2332651967285	0.654144311458858	0.848471209994652
SIRPA	betareg	7	4	-0.245135426995617	0.355385610335935	0.490336900242199	0.538944102767267	0.00477477549808626	167.538374106275	0.654144311458858	0.848471209994652
STN1	betareg	8	8	0.115091949415879	0.16691648958437	0.490497254323229	0.493917498037813	-0.0261634349574061	455.418202925403	0.654144311458858	0.848471209994652
SDC3	betareg	8	8	0.116818581570414	0.169489090562262	0.490672542803974	0.492630839532866	-0.0185520735166589	7540.43336866907	0.654144311458858	0.848471209994652
PITPNC1	betareg	8	8	0.0599507996234482	0.0870072961623357	0.490803214655345	0.494286297148213	-0.0118190078294151	1924.35770886763	0.654144311458858	0.848471209994652
N4BP3	betareg	8	8	-0.196326134951989	0.285011344219507	0.490926344196788	0.496384390093343	0.0361993896067813	291.316340841951	0.654144311458858	0.848471209994652
CYCS	betareg	8	8	-0.0899712823231798	0.130623825341402	0.490960740927379	0.484634151996606	0.00736470945431747	5198.99411326657	0.654144311458858	0.848471209994652
CDC37L1	betareg	8	8	0.0787274835097546	0.114318386586476	0.491031838961291	0.497706890406063	-0.0134568174107173	398.514524654994	0.654144311458858	0.848471209994652
CACNA1B	betareg	8	8	0.06550652832613	0.0952172362766149	0.491472161011306	0.497600040045734	-0.00989351491754561	733.654197591014	0.654208336598229	0.848554255106442
PTGFR	betareg	8	8	0.104900178563273	0.152479901401588	0.491477534822663	0.49219190185171	-0.0095747396301753	380.614936505129	0.654208336598229	0.848554255106442
DGAT2	betareg	8	8	-0.067192110892493	0.097745771518998	0.49181995001201	0.498485507733093	0.0115586882972473	173.905182355061	0.654399402583812	0.84880208113678
UMPS	betareg	8	8	-0.268272557418664	0.390890622462192	0.492516976084367	0.494464401592543	0.0210690134875391	112.40097042633	0.654667032830267	0.849149216401985
TMEFF2	betareg	8	8	0.237040050808577	0.345410202785258	0.492551276144787	0.550459000991654	-0.0042997398483621	1534.2983282087	0.654667032830267	0.849149216401985
COX18	betareg	8	8	0.186680295840817	0.27206886718184	0.492617961530299	0.508463451376446	-0.0224536913787072	189.990987894945	0.654667032830267	0.849149216401985
GOLGA7B	betareg	8	8	-0.16519622674598	0.240878944852557	0.492835449372119	0.497268727975091	0.00808442725568271	746.848822717189	0.654691649309937	0.849181145708601
PRKAR2B	betareg	8	8	0.0652130363240125	0.0952037096633083	0.493353895103703	0.493113362243243	-0.0108841583498418	3453.97756736844	0.65481204714122	0.849337310169256
MAP9	betareg	8	8	-0.0995914816146718	0.145599096750176	0.493967795392864	0.496140629739522	0.0188475317275189	297.280366660146	0.65481204714122	0.849337310169256
C3orf14	betareg	8	8	-0.121460370700684	0.177690686569786	0.494259715640264	0.483535853203548	0.00786105631669751	1758.32592170407	0.65481204714122	0.849337310169256
AGPAT4	betareg	8	8	0.1073942628009	0.157116155036363	0.494269357312638	0.508000716284535	-0.0164957148191573	807.880957140482	0.65481204714122	0.849337310169256
LUZP2	betareg	8	8	0.186781096814128	0.273305963485634	0.494345333584351	0.491347755493025	-0.0376094643435925	161.444004700702	0.65481204714122	0.849337310169256
LRRC59	betareg	8	8	0.0380533663017012	0.0557232034174253	0.494670139558925	0.497704831593294	-0.00699648011315318	777.167234018214	0.65481204714122	0.849337310169256
ATL1	betareg	8	8	0.11579285852974	0.169569480138872	0.49469291419416	0.514869548721734	-0.00615850194931793	1500.49713179435	0.65481204714122	0.849337310169256
AMDHD2	betareg	8	8	0.0577921698763683	0.0846332808068768	0.494699136726166	0.505802596405688	-0.00923902480823537	319.057365879858	0.65481204714122	0.849337310169256
CTTNBP2NL	betareg	8	8	0.0584998349355726	0.0856738757931013	0.494720597080731	0.498687493994249	-0.0115058788280716	1112.25782874155	0.65481204714122	0.849337310169256
RPAP2	betareg	8	8	-0.0959359848492213	0.140582612043967	0.494975217133747	0.507237067756199	0.00730599761947411	746.403629851288	0.65481204714122	0.849337310169256
DCUN1D5	betareg	8	8	-0.11047727964463	0.161970994336359	0.495187961007704	0.497044167257851	0.0215028008249665	554.43780072933	0.65481204714122	0.849337310169256
ARHGEF3	betareg	8	8	0.0547776409710719	0.0803413412145639	0.495358225546121	0.497614642197645	-0.0100286508126526	414.017579356147	0.65481204714122	0.849337310169256
C3orf62	betareg	8	8	-0.0901973085222625	0.132338234500377	0.49551309801346	0.499526490490896	0.0183834933388397	96.5798027853254	0.65481204714122	0.849337310169256
DHODH	betareg	8	8	-0.151259305309795	0.222088464597383	0.495822883221069	0.498208752816185	0.0303842030651481	87.7884511221892	0.654958387474633	0.849527123880981
SLC10A7	betareg	8	8	-0.0969645957406153	0.14244493567781	0.496050992963917	0.500941563688558	0.0212205664829649	100.811608721934	0.654996764259652	0.84957690127207
INPP5F	betareg	8	8	0.0610258108525247	0.0897534258441802	0.496550449836085	0.4989633120991	-0.0125756034590223	1709.65593750205	0.655342074163812	0.850024792520338
IER5	betareg	8	8	0.142299959972884	0.209364985029162	0.496710832367789	0.487337857375743	-0.00577153354811417	496.260696010826	0.655342074163812	0.850024792520338
FBXO33	betareg	8	8	-0.128648128141274	0.189380062584805	0.496940264655299	0.493334702569153	0.015959033526496	162.345764539368	0.655381995239767	0.850076572965457
EHD3	betareg	8	7	0.0835260421309423	0.123090911656951	0.497409109550155	0.494291860326883	-0.00407695051148496	1527.45421533506	0.655493082039902	0.850220660363412
CHRM2	betareg	8	8	0.0886819016351681	0.130693208681402	0.497422912119831	0.501882541754907	-0.0173385450244561	1751.08776870853	0.655493082039902	0.850220660363412
ZSCAN30	betareg	8	8	0.0742661703840682	0.109553288603979	0.497835122915631	0.498594173149252	-0.015636475474797	231.70769751818	0.655564270578803	0.850312996908546
SLC35F6	betareg	8	8	0.156948295941865	0.231543013898768	0.497875393456995	0.502380778853852	-0.0212780297906546	533.410033078716	0.655564270578803	0.850312996908546
WIPI2	betareg	8	8	0.0823587095439899	0.12164333619296	0.49837376808374	0.502579781249694	-0.01713857810063	803.626606211338	0.655768838445289	0.850578335828662
UBTD2	betareg	8	8	0.0459886894946007	0.0679539796893176	0.498556800995841	0.502174404195241	-0.00904958797570118	919.10113969676	0.655768838445289	0.850578335828662
HEMK1	betareg	8	8	-0.115996753997642	0.171428229696202	0.498628630797402	0.501364635474352	0.0248517470413588	106.838862812927	0.655768838445289	0.850578335828662
SLC46A1	betareg	8	8	0.0729556830527769	0.107909180686251	0.498987240758397	0.502305972092451	-0.00486225594509676	1734.79055084064	0.65597828089464	0.850849997425825
NREP	betareg	8	8	0.0315260728289889	0.0466604357785325	0.499263576952823	0.503520545037912	-0.00416604655194833	10968.9951451173	0.656079440566724	0.850981208640035
CUX2	betareg	8	8	0.101981948715679	0.15107081806615	0.499637299669456	0.501362025744001	-0.0121658169179228	277.456025912667	0.656308443462358	0.851278241512671
TADA2A	betareg	8	8	-0.0942355003948782	0.139662239583031	0.499841872442731	0.507392152274628	0.0163788787567738	175.603822094189	0.656315162008586	0.851286955939974
CYB5A	betareg	8	8	0.20809781997423	0.309107478604133	0.500806344769372	0.511434912196983	-0.00641058780677051	529.153122375311	0.657319259947136	0.852589341633697
MOCS2	betareg	8	8	-0.137743784646635	0.204915283263286	0.501457215870371	0.501044575605767	0.00507328190680463	800.313408847354	0.657643153312522	0.853009454123899
FOS	betareg	8	8	-0.0355176947947915	0.052864872276354	0.501674011014965	0.507240811438088	0.00578146531515225	614.519431915001	0.657643153312522	0.853009454123899
SGSM1	betareg	8	8	0.0688732724832911	0.102779940962799	0.502791353001367	0.505119222209316	-0.0138105493908943	346.682108299553	0.657643153312522	0.853009454123899
NIPAL1	betareg	8	8	0.259040197295606	0.386772304294189	0.503018084541446	0.498183442325552	-0.0703551931232291	61.6773108069033	0.657643153312522	0.853009454123899
KALRN	betareg	8	8	0.0990982708904427	0.147974184675699	0.503049226575787	0.514958997798263	-0.0180899399879045	475.66611989316	0.657643153312522	0.853009454123899
PTP4A1	betareg	8	8	0.0346295902500565	0.0517142964462005	0.503091885718132	0.508521356898687	-0.00654173256849575	2868.77964652269	0.657643153312522	0.853009454123899
WDR47	betareg	8	8	0.0621080064438573	0.092790279274056	0.503280259478185	0.508284823370073	-0.0138095010747635	1426.5576659425	0.657643153312522	0.853009454123899
TMEM185B	betareg	8	8	-0.0796481428309147	0.119044262710179	0.503455123376556	0.506494156474559	0.0152639435323004	335.084827389585	0.657643153312522	0.853009454123899
ADAL	betareg	8	8	-0.0726633093108841	0.108605526362135	0.503458991073022	0.506859585812861	0.0153667412034617	128.572966867187	0.657643153312522	0.853009454123899
KIF2A	betareg	8	8	-0.0543134247911222	0.0811850570324334	0.503490593546618	0.506086675811633	0.0110880590175591	1500.1957296776	0.657643153312522	0.853009454123899
ABCC4	betareg	8	8	0.151020388931761	0.225854933177511	0.50371174122205	0.5201477079234	-0.0308516931440838	78.5768989127682	0.657643153312522	0.853009454123899
FNDC3B	betareg	7	8	-0.200930371884208	0.300538615568366	0.503771365515774	0.492712826836961	0.0174698308438755	64.286174738883	0.657643153312522	0.853009454123899
HCN4	betareg	8	8	0.102475597739268	0.153346736955509	0.503967195099686	0.506025345939059	-0.0221604276661754	147.69288833065	0.657643153312522	0.853009454123899
ZNF518B	betareg	8	8	-0.120007923468342	0.179714005124293	0.504279345372482	0.501460465148878	0.0207013290479382	414.151966459438	0.657643153312522	0.853009454123899
HEXA	betareg	8	8	0.155691820168601	0.233202364016738	0.504372743797892	0.525931292958094	-0.0185159831532921	261.23042623702	0.657643153312522	0.853009454123899
SLC38A7	betareg	8	8	-0.141673007344703	0.212210685104472	0.5043854856657	0.484368828909921	0.0128151792073316	844.704712442815	0.657643153312522	0.853009454123899
DNAJC27	betareg	8	8	0.0925176313075686	0.138602527855623	0.504450764341312	0.505746628437295	-0.0192486244050358	503.892736665211	0.657643153312522	0.853009454123899
PCBD2	betareg	8	8	0.104288904856812	0.156449416892984	0.505028798079386	0.507752542552765	-0.0224320984572548	160.420095364843	0.657770310814426	0.853174386353088
HCFC1	betareg	8	8	0.128952341783763	0.193668867581699	0.505513826854203	0.528231670706436	-0.0168695431806136	211.328579788952	0.657770310814426	0.853174386353088
EXOC7	betareg	8	8	0.0434634076594915	0.0653125675105185	0.505751361134344	0.508406904788082	-0.0059120106053353	2058.3805749596	0.657770310814426	0.853174386353088
CPEB1	betareg	8	8	0.104147067753063	0.156505759624897	0.505761447148208	0.51112532650296	-0.019685504519777	342.562528839824	0.657770310814426	0.853174386353088
SHB	betareg	8	8	-0.194940061055834	0.293042504942853	0.505904714302647	0.516423376028236	0.0386798721225539	120.190421701171	0.657770310814426	0.853174386353088
LRP11	betareg	8	8	0.0404199420200251	0.0607797634233444	0.506035767436804	0.510007363593316	-0.00855612199820383	668.486141378419	0.657770310814426	0.853174386353088
CFAP410	betareg	8	8	-0.079248742669389	0.11922853224463	0.50625560786879	0.513784840322668	0.015678358261902	516.974430853189	0.657770310814426	0.853174386353088
PDCD4	betareg	8	8	-0.0696886377995401	0.10486742628497	0.50634452266433	0.508609465720224	0.0139748272515044	436.765986717139	0.657770310814426	0.853174386353088
ZNF346	betareg	8	8	-0.150386689991777	0.226337115047938	0.506410838446713	0.530353003991666	0.015520690600373	828.789121468126	0.657770310814426	0.853174386353088
HOMER1	betareg	8	8	-0.0933581200130521	0.140552278699037	0.5065473043624	0.510334739858214	0.0188094955727582	145.01283040917	0.657770310814426	0.853174386353088
UBL3	betareg	8	8	0.0560040953711635	0.0844155387952957	0.507052964060644	0.508943325589507	-0.011581978284192	868.629395552215	0.658150708105101	0.85366778841108
AP5Z1	betareg	8	8	-0.181140924939642	0.273391631921094	0.50760638426672	0.519632969710706	0.0100259041715072	294.593651965591	0.658150708105101	0.85366778841108
CNNM1	betareg	8	8	-0.147218975447956	0.222218949155933	0.50765394381841	0.504709208790649	0.00618319830177557	364.655177791065	0.658150708105101	0.85366778841108
PRNP	betareg	8	8	0.0464755468203788	0.0701918698586331	0.507893351883871	0.512397470889258	-0.010287668352098	5452.52834921374	0.658150708105101	0.85366778841108
BRD3OS	betareg	8	8	0.14719300235828	0.222309528690697	0.507901764307709	0.502496371617308	-0.029186161020797	2589.81938135378	0.658150708105101	0.85366778841108
PLAAT3	betareg	8	8	0.0560183144434113	0.0846335983822549	0.508040342681383	0.511858337095655	-0.0118621695497838	574.035670755575	0.658150708105101	0.85366778841108
TBC1D20	betareg	8	8	0.0628419116621178	0.095059625249503	0.508561721622639	0.511124691204266	-0.0133851228633997	637.816223306198	0.658566860267797	0.854207567054476
FAN1	betareg	6	5	-0.258138197332815	0.390756737654647	0.508861815942459	0.595636465280465	0.0058766409736188	147.740268084537	0.658597758846875	0.854247644686153
JAM2	betareg	8	8	-0.139631682254329	0.211429380259564	0.508985885763094	0.513398493673342	0.0234017833603595	75.9037793388459	0.658597758846875	0.854247644686153
TTC7A	betareg	8	8	0.191205353085428	0.289812786333881	0.509411246391276	0.501723080286715	0.00198085088575364	120.934860738057	0.65862733222659	0.854286003440988
NAPEPLD	betareg	8	8	-0.184279435306125	0.279527751441184	0.509733486635371	0.50997965653684	0.026763886353082	104.039484954215	0.65862733222659	0.854286003440988
HS2ST1	betareg	8	8	0.0702596864501677	0.106589547569566	0.509792305404354	0.511987386803989	-0.0147268161610323	366.382752040003	0.65862733222659	0.854286003440988
AKR1C2	betareg	8	8	0.136730900950232	0.207440186682548	0.509809659409402	0.52401087574618	-0.00986944901960503	231.339161579091	0.65862733222659	0.854286003440988
MARK2	betareg	8	8	-0.141381104382919	0.214596546720988	0.510009544697197	0.504236940238758	0.0135995270408127	386.097756038303	0.65862733222659	0.854286003440988
ZNF654	betareg	8	8	0.102671942019747	0.156175194029532	0.510913998797887	0.512858775879313	-0.0215420889911861	112.63068946905	0.659536501255918	0.855465259658448
ASH2L	betareg	8	7	0.133150998214378	0.202741493167735	0.511340021184629	0.537482512801798	-0.0025438937216792	725.282092560339	0.6598275941386	0.855842827614117
GPR61	betareg	8	8	0.0608459694894522	0.0927213332175404	0.511679972072822	0.510815728828508	-0.00918946895828223	509.549717240625	0.660007436616458	0.856076095965034
PLEKHG2	betareg	8	8	-0.130723564922536	0.19940352181513	0.512098902819119	0.518744372900937	0.0250121753080242	129.354534954874	0.660288973030141	0.856441268507837
SNAP29	betareg	8	8	-0.104710827256262	0.159918009805006	0.512610565700509	0.515205599673797	0.021175265387806	780.267037198793	0.660385945743078	0.85656704894136
C12orf73	betareg	8	8	-0.218482726188653	0.333811560329225	0.512783823330229	0.531740930703576	0.00474285048107819	734.446128162244	0.660385945743078	0.85656704894136
KRT222	betareg	8	8	0.102907915871763	0.157286637593164	0.512937921373448	0.534194937531506	-0.00742179233166308	647.83980518847	0.660385945743078	0.85656704894136
XKR4	betareg	8	8	-0.0757343221432921	0.115764646081256	0.512976892477535	0.516828649667808	0.0151006954995538	2160.09509726184	0.660385945743078	0.85656704894136
RNF216	betareg	8	8	-0.101930430069703	0.155908866769805	0.513252184894846	0.516730334149934	0.0208148502982095	517.963868588595	0.660481941681118	0.856691562429098
SHC3	betareg	8	8	-0.159710062894832	0.244482610047024	0.513590380708229	0.525015966974048	0.00795356707208179	996.01259556307	0.660658778566752	0.856920932315371
GUCY1A2	betareg	8	8	0.220413454063607	0.337794225769754	0.514073476693078	0.524015988171395	-0.0372939287724071	158.173236569029	0.661021797247669	0.857391793093418
NLK	betareg	8	8	0.0766169748737933	0.117522738928425	0.514444268433005	0.517462775330836	-0.00882668938943061	383.098204762506	0.661240182224549	0.857675053778151
TANC2	betareg	8	8	0.126408204827797	0.194009854906996	0.514687906874151	0.515818672071771	-0.0276124322809898	1911.99068397758	0.661295024166978	0.857746187637203
HDLBP	betareg	8	8	0.0543117312174426	0.0834059166249518	0.514934428376338	0.517809918376911	-0.0113625881175653	1269.53330133307	0.661353526142998	0.857822068817413
SPTB	betareg	8	8	0.111744487840029	0.171742077113768	0.515270546314272	0.517091264052768	-0.0250394797475987	103.739963536384	0.661527010316224	0.858047089999732
RUFY2	betareg	8	8	0.0930126842741336	0.143136272038967	0.515809076268534	0.517905231356995	-0.0182560091890792	124.37822746693	0.661960123271833	0.858608867985219
SH3RF1	betareg	8	8	0.074756790642684	0.115127377880538	0.516118753926462	0.519718233254572	-0.0138392272364461	230.377104402105	0.662099316957216	0.858789411991477
SORT1	betareg	8	8	0.0918396981246864	0.141528793811899	0.516395415579033	0.531042953233602	-0.00205435580668331	2509.60835923564	0.662196064307307	0.858914900113528
OXNAD1	betareg	8	8	0.0997070379493196	0.153977740656017	0.517281289195363	0.521628638411884	-0.0208428233653129	82.793302681292	0.662606262475208	0.859446956006639
CAB39L	betareg	8	8	-0.0403774045138957	0.0623879160239758	0.517503079083469	0.521781813776772	0.00576490268064167	711.838283376153	0.662606262475208	0.859446956006639
ARHGAP32	betareg	8	8	-0.145643673331962	0.225158546842271	0.517729410034357	0.546450347741427	0.010671705057042	633.670651770061	0.662606262475208	0.859446956006639
TXNDC16	betareg	8	8	0.0769151495956302	0.118947667136824	0.5178713304647	0.525272049600843	-0.0095150667951545	354.971704733333	0.662606262475208	0.859446956006639
MLLT1	betareg	8	8	-0.0648374852829466	0.100301372220971	0.518003052042929	0.523986350288844	0.012289501053	444.395034768478	0.662606262475208	0.859446956006639
MIOS	betareg	8	8	0.0999212375206705	0.154624405083776	0.518137498331484	0.524191777643377	-0.0216053363259993	157.191163536516	0.662606262475208	0.859446956006639
BRSK2	betareg	8	8	0.0776972281075363	0.120244655528704	0.518176056465913	0.52297458414856	-0.00920189676125613	648.045296660211	0.662606262475208	0.859446956006639
ZNF382	betareg	8	8	0.178996905953702	0.277369645573645	0.518708794517856	0.518529634530121	-0.024864968815591	309.241342763145	0.662606262475208	0.859446956006639
MAP3K9	betareg	8	8	-0.10200788438291	0.158179595284597	0.5190007457506	0.521007181856103	0.0209718921963192	861.065325402855	0.662606262475208	0.859446956006639
C1GALT1	betareg	8	8	0.122227774733873	0.189579901727658	0.519102429035655	0.52974277881323	-0.0211009535844371	238.003584729722	0.662606262475208	0.859446956006639
UHMK1	betareg	8	8	0.223254803328046	0.34661730641317	0.519513216326067	0.520418985498164	-0.0635530017002659	1251.86222544484	0.662606262475208	0.859446956006639
C3orf80	betareg	8	8	0.0795822998828226	0.123562500380766	0.51953319030657	0.522425759543171	-0.0128533589664206	267.782700732533	0.662606262475208	0.859446956006639
CHRNA7	betareg	8	8	0.118556899372025	0.18414159212138	0.519682092045567	0.520867121701685	-0.0274916247195206	70.9041023572371	0.662606262475208	0.859446956006639
SURF4	betareg	8	8	-0.0328310365752602	0.0510001631166179	0.51974161077904	0.52251181793646	0.00685505837633899	2106.08654191644	0.662606262475208	0.859446956006639
PPM1K	betareg	8	8	-0.0817405080014207	0.127090397768043	0.520114936333588	0.521380758916134	0.0162443754436088	496.730576675128	0.662606262475208	0.859446956006639
BBX	betareg	8	8	0.198556737773425	0.308830870174951	0.520269298536795	0.524950681060048	-0.0610222701553075	105.810631647712	0.662606262475208	0.859446956006639
RETREG1	betareg	8	8	0.075746181959455	0.117818313453132	0.520284647987746	0.524670762628269	-0.0116598060624354	1198.99549468075	0.662606262475208	0.859446956006639
TP53RK	betareg	8	8	0.117237396066477	0.182453810458953	0.520510087549542	0.529647180315885	-0.018770913877191	641.008280315961	0.662606262475208	0.859446956006639
BBS5	betareg	8	8	0.0570660432940088	0.08881809611788	0.520545545252795	0.523269321757112	-0.0117929572497706	130.430270939729	0.662606262475208	0.859446956006639
ZNF843	betareg	8	8	0.223828983822278	0.348534167000333	0.520742696399524	0.522083218775734	-0.0250549110600863	54.1710522886257	0.662606262475208	0.859446956006639
SERAC1	betareg	8	8	-0.0608308047042754	0.0947822707221401	0.521006178242004	0.520325057789386	0.00912620091276415	373.483741876894	0.662644939640367	0.85949712301191
DENND6B	betareg	8	8	0.143627860356645	0.223881946050699	0.521175856221842	0.52205621713901	-0.0301700554258602	465.341872033709	0.662644939640367	0.85949712301191
LIFR	betareg	8	8	0.108372719091438	0.169091963424757	0.521581201378239	0.514781257945862	-0.0164397303917462	2319.39591512936	0.662904167198005	0.859833359398348
SV2C	betareg	8	8	0.209233550846653	0.326840980972131	0.522062561449731	0.522169187053467	-0.0340723385404293	3884.60336208106	0.662972561032991	0.859922071015815
PLCXD3	betareg	8	8	0.179956582293968	0.281538630111688	0.522699555477794	0.527906967725721	-0.0503102878312324	271.226263731204	0.662972561032991	0.859922071015815
CCNH	betareg	8	8	-0.0943780111119268	0.147665841739588	0.522736860002737	0.525325510387507	0.00547928370914283	237.535263286396	0.662972561032991	0.859922071015815
PLBD2	betareg	8	8	-0.0664587765032474	0.103986185023667	0.522750337828357	0.525680023169759	0.0131891014504327	758.437382750165	0.662972561032991	0.859922071015815
NRCAM	betareg	8	8	0.0494703378742844	0.0775558981948989	0.523560346851304	0.526885045091299	-0.00657160437541235	3375.78806811344	0.662972561032991	0.859922071015815
SALL4	betareg	8	8	0.217734047539758	0.341370367756895	0.523588571159705	0.528473134040617	-0.0316882378350343	55.8151753159439	0.662972561032991	0.859922071015815
KHNYN	betareg	8	8	0.171865537719641	0.269481049632853	0.523626772255727	0.545387810904645	-0.00298457730342391	1737.39615653932	0.662972561032991	0.859922071015815
ELP2	betareg	8	8	-0.0582315401797648	0.0913072470389644	0.523633983597892	0.527715764722908	0.00791101778641791	720.152848368721	0.662972561032991	0.859922071015815
EPS15	betareg	8	8	0.0608682159479949	0.095446520491364	0.523655548604313	0.522577368869786	-0.00698101875617199	2315.67998099264	0.662972561032991	0.859922071015815
ZNF496	betareg	8	8	-0.155437752325482	0.243978345305952	0.524061981670431	0.535496669002092	0.00559098781485946	389.152155556693	0.662972561032991	0.859922071015815
CAVIN1	betareg	8	8	-0.245215880527327	0.385044561495092	0.524222128357313	0.549283990781611	0.0372009415198533	95.1575601387469	0.662972561032991	0.859922071015815
SEC24B	betareg	8	8	0.0742129013189172	0.11658606347758	0.524417764424276	0.526950056216499	-0.0159144975002825	172.879270723868	0.662972561032991	0.859922071015815
C2orf69	betareg	8	8	0.109090319284874	0.171419728941169	0.524520288081684	0.517851433050913	-0.010392584809366	765.412088029679	0.662972561032991	0.859922071015815
QKI	betareg	8	8	0.155039637595967	0.243723627017808	0.524692424094987	0.526328337325947	-0.0141038838151013	300.331679578858	0.662972561032991	0.859922071015815
CELF5	betareg	8	8	0.114613499469506	0.180180251408204	0.524708201498183	0.54218757089175	-0.0111691652603795	614.033142545264	0.662972561032991	0.859922071015815
PAPPA2	betareg	8	8	0.14136788558885	0.222343688208829	0.524901602218327	0.538147184621044	-0.00751215849555668	114.645832549713	0.662972561032991	0.859922071015815
NUDT12	betareg	8	7	0.084409752492066	0.132810640734259	0.525060196126339	0.523400704797541	-0.0107971520436129	129.006687034358	0.662972561032991	0.859922071015815
SGIP1	betareg	8	8	-0.0698033763732498	0.109969155580243	0.525588779826481	0.527255460232253	0.0144191243726479	477.759657971393	0.663245758361606	0.860276427178387
NUDCD2	betareg	8	8	0.113288867519578	0.178515963459307	0.525679691209286	0.52964897247337	-0.0264761933984598	324.082137548947	0.663245758361606	0.860276427178387
EPB41L4A	betareg	8	8	-0.0963025612442615	0.151913614804843	0.52612666330247	0.525482867077791	0.0123058631167253	489.292950689022	0.663490432104736	0.860593786243124
PCSK1	betareg	8	8	0.0564872107145349	0.0891693826024647	0.526418844686029	0.530616464608137	-0.0108127082492762	1454.04739533417	0.663490432104736	0.860593786243124
MINAR1	betareg	8	8	0.095829657543285	0.151296279748293	0.526478532305716	0.538383433902759	-0.010822534598601	622.229439233278	0.663490432104736	0.860593786243124
PRPF38A	betareg	8	8	0.099258431865805	0.156818172900767	0.526764756866017	0.524332505232696	-0.00963332494823512	467.04744211901	0.663504966346434	0.860612638177512
KCNB1	betareg	8	8	-0.180566892044705	0.28585503070524	0.527600603627669	0.526177283089433	0.0286010242274382	1388.03281435478	0.663504966346434	0.860612638177512
APH1B	betareg	8	8	0.114757100689785	0.181713551048442	0.527695688190663	0.536794512086815	-0.00588238613221888	477.063292316662	0.663504966346434	0.860612638177512
ZNF286A	betareg	8	8	0.130515054490867	0.20675622600981	0.527876483218672	0.544004217927966	-0.0112419779368546	575.292058184067	0.663504966346434	0.860612638177512
HNRNPH3	betareg	8	8	0.0504299404081852	0.0799002393700468	0.527935051300985	0.52817216924283	-0.0104894100067495	634.273429889982	0.663504966346434	0.860612638177512
LPGAT1	betareg	8	8	0.0874494347151917	0.138635411338758	0.528179712610033	0.5428416333701	-0.00707282676492801	2218.82567137618	0.663504966346434	0.860612638177512
AP2A2	betareg	8	8	-0.0605478851250474	0.0960012516892121	0.528237409686613	0.52913580737675	0.0125407545801368	352.951554616448	0.663504966346434	0.860612638177512
EEA1	betareg	8	8	0.101913610972967	0.161621739495926	0.528322566583358	0.533817490543964	-0.0182869831782015	140.429294687096	0.663504966346434	0.860612638177512
INTU	betareg	8	8	0.155677793515719	0.247075775603045	0.528641479496728	0.533638135069012	-0.0108830389435803	74.4443457430468	0.663504966346434	0.860612638177512
VKORC1L1	betareg	8	8	-0.0942990091052858	0.149672945725545	0.52867249496342	0.522961092401618	0.00829956560758462	1769.76504464808	0.663504966346434	0.860612638177512
WDR82	betareg	8	8	0.0850350719870023	0.135039751311189	0.528888262938305	0.534069503175478	-0.00637538693050858	3257.20150070458	0.663504966346434	0.860612638177512
DRG2	betareg	8	8	0.0388121016538088	0.0616386879998913	0.528909782085196	0.531561852703889	-0.00815702247620188	229.115552584881	0.663504966346434	0.860612638177512
MTMR4	betareg	8	8	0.0740444034591013	0.117859456501127	0.529844626840158	0.534793814908906	-0.0138939661579862	1673.25346719863	0.664374669402707	0.861740704250343
BNC2	betareg	8	8	-0.108509474011222	0.172814552178745	0.530072420457741	0.531220323246677	0.0211397666319794	1428.29484053465	0.664374669402707	0.861740704250343
ALS2	betareg	8	8	-0.0811113796547749	0.129347821631121	0.530607061614497	0.537558710086731	0.0129746761447231	233.353788580025	0.664374669402707	0.861740704250343
BRMS1L	betareg	8	8	0.0702498574735943	0.112063908422097	0.530742375865131	0.544043644496567	-0.00939102162503336	455.207282984097	0.664374669402707	0.861740704250343
MACROD2	betareg	8	8	0.116396810576002	0.185842921250504	0.53110622758012	0.551820633197274	-0.0160580237408308	215.177838345341	0.664374669402707	0.861740704250343
UBA6	betareg	8	8	-0.158092019634018	0.252486056958534	0.53122207888479	0.541204089954326	0.00113550802448503	522.394712614636	0.664374669402707	0.861740704250343
SCUBE3	betareg	8	8	0.0975046699269447	0.155738891363741	0.531263881288274	0.541823233668951	-0.0103032492756554	232.400697542842	0.664374669402707	0.861740704250343
FBXO9	betareg	8	8	-0.0839241168523606	0.134065163350025	0.53131824573903	0.531032726748643	0.00662267674157367	1105.9279095376	0.664374669402707	0.861740704250343
U2SURP	betareg	8	8	-0.133843724634014	0.213862703046069	0.531420228113145	0.534969676029766	0.0226970716124892	298.258453192455	0.664374669402707	0.861740704250343
SLC7A6	betareg	8	8	-0.0816975815820579	0.130798663874376	0.532229925031394	0.534070029008889	0.016849187627014	556.874092014647	0.665134231402825	0.862725909621721
RSPRY1	betareg	8	8	0.0481195399490984	0.0771268848100401	0.53269260873945	0.534666777380856	-0.00986956409538557	330.524411469462	0.665459714665356	0.863148084320415
WDR5	betareg	8	8	0.048832089479575	0.0783569029060824	0.533152534959539	0.535662491561425	-0.010005307825102	418.169566606676	0.665613636366812	0.863347731600063
ITM2B	betareg	8	8	0.157607959492032	0.252942653559146	0.533220389057583	0.51473484867498	-0.0115006554100452	3619.07230084469	0.665613636366812	0.863347731600063
DENND5B	betareg	8	8	-0.0941763367447932	0.151403828992012	0.533928165367792	0.536190716147661	0.0202307217471122	500.06926548682	0.665963513221372	0.863801546504415
ARNTL2	betareg	8	8	-0.0801943275618537	0.128935783178152	0.533960888384795	0.528971658592585	0.0109790134372444	208.447148865489	0.665963513221372	0.863801546504415
STX2	betareg	8	8	-0.0531044464255805	0.0854115820448989	0.534107844710673	0.540483776969975	0.00715694013863973	595.741383212834	0.665963513221372	0.863801546504415
IKZF4	betareg	8	8	0.20532848155673	0.330532187284219	0.534464284009576	0.538076617892805	-0.0351023560752664	303.684234714641	0.666155519747588	0.864050592482148
CYB5R4	betareg	8	8	0.07113849184466	0.114672876545084	0.535020650832663	0.538774348452685	-0.0138597695598917	205.32919281994	0.666274003254334	0.864204273929149
KLF6	betareg	8	8	-0.110739741701367	0.178546742530094	0.535107495456018	0.538455306168767	0.0155974668414029	917.514928584174	0.666274003254334	0.864204273929149
CDK9	betareg	8	8	-0.159625160721757	0.257402557073031	0.535166798499236	0.557183903174929	0.0172342572050939	850.963113304196	0.666274003254334	0.864204273929149
CNOT6	betareg	8	8	-0.0742179330567783	0.119751416908943	0.535411436087911	0.533505395155219	0.0138165807325577	354.139188926137	0.666326463194086	0.864272318163087
DPF1	betareg	8	8	0.0933754116568386	0.150752343348233	0.535655457951738	0.55934520552299	-0.0114875282376364	214.800840565388	0.666365222084043	0.864322591171173
TTLL11	betareg	8	8	0.122009395935386	0.197074034386405	0.535847604554575	0.533504352515877	-0.0273997147799202	317.211871194194	0.666365222084043	0.864322591171173
ARMH4	betareg	8	8	-0.0843290822541739	0.136575189806786	0.536934420268218	0.539488795212135	0.0195089619824898	486.182522458284	0.667173450947122	0.865370920888938
SPOPL	betareg	8	8	0.0843631139216013	0.136868306354693	0.537642654555728	0.537536029912735	-0.0148555078894985	131.015279173135	0.667173450947122	0.865370920888938
PPM1L	betareg	8	8	0.128460146440249	0.208777061916392	0.53835781859848	0.54317338924404	-0.00788627386030583	579.935639675391	0.667173450947122	0.865370920888938
ZEB2	betareg	8	8	-0.213106063521404	0.346346376437882	0.538358260718967	0.537497451056744	-0.00136956620348682	65.4493679383283	0.667173450947122	0.865370920888938
PHLPP2	betareg	8	8	0.128328291561427	0.208597906541811	0.53842625822177	0.539222389427643	-0.0227739582983344	263.092339838418	0.667173450947122	0.865370920888938
GMCL1	betareg	8	8	0.0808034213273086	0.131379194619645	0.538528498281511	0.53717690611125	-0.0115118122173018	130.476543320224	0.667173450947122	0.865370920888938
FMC1	betareg	8	8	0.126142357224435	0.205150984088133	0.538636804419982	0.52752183011699	-0.0060606287182652	981.715244211972	0.667173450947122	0.865370920888938
EIF2S1	betareg	8	8	0.0660742545245935	0.107489027520666	0.53874825530855	0.541109531002267	-0.0134128581778338	1048.7087168995	0.667173450947122	0.865370920888938
ARHGAP26	betareg	8	8	-0.116423372325605	0.189462268732318	0.538889128620679	0.548133550932916	0.0134689979114184	485.328613565503	0.667173450947122	0.865370920888938
NCOA3	betareg	8	8	0.0666142160641841	0.108450086517533	0.539057750269433	0.54150308164257	-0.0138485243618399	351.580183838366	0.667173450947122	0.865370920888938
TIGAR	betareg	8	8	0.14637451095328	0.238344419826902	0.539129280089421	0.550676491952092	-0.0126237560122029	379.172355915859	0.667173450947122	0.865370920888938
SLC9A6	betareg	8	8	-0.0477415632280058	0.0777789535012823	0.539340346441855	0.545129941140167	0.00767790216223696	2976.20502691707	0.667173450947122	0.865370920888938
DCUN1D3	betareg	8	8	-0.175617084714017	0.286171723045436	0.539428604606015	0.526086008506963	0.00910848059964728	256.909612779922	0.667173450947122	0.865370920888938
RAB3C	betareg	8	8	-0.127313741209619	0.207580935028666	0.539664127846596	0.533558174354917	0.0152780141297255	4560.33484195493	0.667173450947122	0.865370920888938
SETDB2	betareg	8	8	-0.126625762067692	0.206700075112355	0.540136711272246	0.5342163545081	0.0157070773315156	104.671400171284	0.667173450947122	0.865370920888938
GIT2	betareg	8	8	0.0597603278759418	0.0975694974981196	0.54021370471193	0.546683928545923	-0.00798431339476346	873.083129229276	0.667173450947122	0.865370920888938
DGKB	betareg	8	8	-0.11887622013007	0.194096706134145	0.540234301898562	0.540553243925952	0.0201682651533337	418.2893944703	0.667173450947122	0.865370920888938
TBC1D24	betareg	8	8	0.130429721731418	0.213051331198517	0.540406383134172	0.545591940313514	-0.0194267494690087	793.132510383868	0.667173450947122	0.865370920888938
PTGFRN	betareg	8	8	-0.0706017205019707	0.115392007356582	0.540642046690324	0.543199702879337	0.0145704171027565	306.940231689024	0.667173450947122	0.865370920888938
TTC30A	betareg	8	8	0.159126047543056	0.260131747487877	0.540727466224491	0.542873671584368	-0.00167241994095072	353.000234359538	0.667173450947122	0.865370920888938
NEGR1	betareg	8	8	0.0675359469713468	0.110420902087422	0.540787315656599	0.544498894384835	-0.00938688769091994	1201.58856679377	0.667173450947122	0.865370920888938
GRIN3A	betareg	8	8	0.103800529488414	0.169832002303632	0.54107026377849	0.547219351716082	-0.00985014221503483	1539.5957631867	0.667173450947122	0.865370920888938
CNOT7	betareg	8	8	0.0492030448474774	0.0805210273963371	0.541160962477173	0.543266704780458	-0.0102065337123097	1200.0905870016	0.667173450947122	0.865370920888938
NCK1	betareg	8	8	-0.0874188587612345	0.143325567583872	0.541906813606671	0.558274017353479	0.00928541538418905	216.4992144863	0.66725494748162	0.865476627629828
APTX	betareg	8	8	0.0277599601663058	0.0455338545196033	0.542090106522893	0.544490794790658	-0.00537145151858348	413.374038149258	0.66725494748162	0.865476627629828
PGBD4	betareg	8	8	-0.151891834406804	0.249279627278549	0.542310300821174	0.535217593596795	0.0316065663177962	168.786457698556	0.66725494748162	0.865476627629828
FAM3C	betareg	8	8	-0.0321190771684871	0.0527183922866822	0.542353756634572	0.544265761916485	0.00648025402985457	967.147995527589	0.66725494748162	0.865476627629828
CNNM4	betareg	8	8	0.0904089108763738	0.148561986036517	0.54281599671126	0.552021753865595	-0.0126116663629425	408.283346845669	0.66725494748162	0.865476627629828
ESS2	betareg	8	8	0.121251098530099	0.199306273456047	0.542944961977008	0.544635719043625	-0.0262696370157094	314.3091967521	0.66725494748162	0.865476627629828
GAB1	betareg	8	8	0.181475439119133	0.298325917790143	0.54298011152836	0.584009019575027	-0.0138577185912195	53.6312467522552	0.66725494748162	0.865476627629828
ZNF419	betareg	8	8	0.129944967735237	0.213625697455392	0.542999522108231	0.536946322530336	-0.0151250178629834	298.81402742804	0.66725494748162	0.865476627629828
MAP4	betareg	8	8	-0.0396174519577267	0.065165977166666	0.543222711122859	0.544936971741523	0.00820664939031972	622.44840118443	0.66725494748162	0.865476627629828
CORO1C	betareg	8	8	0.0314427480753273	0.0517236936678132	0.543254893491169	0.547041027577606	-0.00621613390178349	1961.22307168544	0.66725494748162	0.865476627629828
EPB41L4B	betareg	8	8	0.134739022537796	0.221976548101017	0.543853130965126	0.545912308282999	-0.0277928512548134	203.847246767711	0.667588835271514	0.865909703592015
KIF1B	betareg	8	8	0.0958707614475803	0.158103660187591	0.544263017325789	0.54608843363712	-0.0150593651677271	4325.57970126239	0.667588835271514	0.865909703592015
NIPSNAP2	betareg	8	8	0.0467650560016593	0.0771364530237015	0.544339447615539	0.546149478802001	-0.00959802697092535	651.402536454479	0.667588835271514	0.865909703592015
ALDH5A1	betareg	8	8	0.0606919961486886	0.100112565907714	0.544357024834049	0.553078237474369	-0.00544909539405422	1415.65825185869	0.667588835271514	0.865909703592015
BMP2K	betareg	8	8	0.151490959611332	0.250075543750193	0.5446603298403	0.548697068201264	-0.0350585678578712	78.0800216133316	0.667588835271514	0.865909703592015
BRD3	betareg	8	8	0.109182581202838	0.180271980448005	0.544744037990759	0.550647087829844	-0.0187333346790697	1482.66425619011	0.667588835271514	0.865909703592015
MRTO4	betareg	8	8	-0.129116188058803	0.213588582691931	0.545505388477207	0.536797302104831	0.0147058858927278	471.942256195026	0.667650868305072	0.865990164802363
ABHD2	betareg	8	8	0.155191515055112	0.256752736451948	0.545551430751415	0.545111101406096	-0.0288019970838386	1382.4564852116	0.667650868305072	0.865990164802363
PAFAH2	betareg	8	8	0.202735315174877	0.335457980719633	0.545608425285193	0.550053703033418	-0.00358654358937575	104.847529202128	0.667650868305072	0.865990164802363
EFNB2	betareg	8	8	0.11785009127028	0.195086406843332	0.545782636172147	0.544415109505827	-0.0151124953060266	1476.25384810389	0.667650868305072	0.865990164802363
GNAZ	betareg	8	8	0.0571377575376863	0.0946417259769058	0.546025214711792	0.547971786847483	-0.00820568771276466	1810.05748931743	0.667650868305072	0.865990164802363
CLEC2D	betareg	8	6	-0.208170848855373	0.34485025355101	0.546072519236575	0.551221625261543	0.0284668196054811	63.8690582506051	0.667650868305072	0.865990164802363
PRKACA	betareg	8	8	-0.0537225617797599	0.0891572760372498	0.546801783839213	0.545791328048022	0.00985675066525765	283.587126080814	0.667650868305072	0.865990164802363
GPR107	betareg	8	8	-0.133276967615212	0.221235991057716	0.546894654824546	0.547455474781031	0.0270038300603198	538.707767611355	0.667650868305072	0.865990164802363
NCALD	betareg	8	8	-0.0350971719205157	0.0582650396333437	0.546927189563287	0.546510096977716	0.00644498917136955	4732.2639549179	0.667650868305072	0.865990164802363
MOB3A	betareg	8	8	0.047220786364349	0.078422667856905	0.547086372683918	0.548866711188638	-0.00981562856013695	871.975765063805	0.667650868305072	0.865990164802363
LRRC57	betareg	8	8	0.114736620008792	0.19060755487224	0.547206015168351	0.555114601255199	-0.0122109327003271	383.364803896423	0.667650868305072	0.865990164802363
ST6GALNAC5	betareg	8	8	0.0761788920387188	0.126645265821712	0.547497734032515	0.556778393225127	-0.0120447083652513	1116.99291360946	0.667650868305072	0.865990164802363
CSNK2A1	betareg	8	8	-0.112482514595077	0.18727392602073	0.548085824324726	0.540621453627708	0.00486528724521457	2588.70852515633	0.667650868305072	0.865990164802363
CLPX	betareg	8	8	-0.0828788269308295	0.138007117329245	0.548146253429677	0.550074014734241	0.0168735736297344	144.046487930544	0.667650868305072	0.865990164802363
PPP1R12B	betareg	8	8	-0.181458201187611	0.302230465994941	0.548241827563512	0.554050620311994	0.0343616904429348	1445.58575735073	0.667650868305072	0.865990164802363
URM1	betareg	8	8	0.103613574989908	0.172580100062006	0.548253266502169	0.559681664262263	-0.00568523402701573	1372.06689432345	0.667650868305072	0.865990164802363
DESI1	betareg	8	8	-0.0685413755821308	0.114172527265254	0.548285265189557	0.55277336630582	0.01057340166764	857.863444732336	0.667650868305072	0.865990164802363
ALPK3	betareg	8	4	0.0961108557359536	0.160238133076552	0.548639435517937	0.554349109721383	-0.0201579146761837	61.0962764838202	0.667650868305072	0.865990164802363
NAXD	betareg	8	8	0.0250184814037962	0.0417124454370049	0.548649813876661	0.551217764299655	-0.00411071334670089	1754.18709947743	0.667650868305072	0.865990164802363
STX1B	betareg	8	8	0.0947512591417643	0.158297886059772	0.549464329048984	0.557534632121362	-0.00257202602339336	1036.87522702662	0.668215402137836	0.866722404914794
TIMM21	betareg	8	8	-0.156653407643949	0.261822537834731	0.549627079257768	0.550613097227654	-0.000279102396878039	516.05581456346	0.668215402137836	0.866722404914794
CCSER1	betareg	8	8	-0.165892332199939	0.277410888448088	0.549838439631006	0.552261873680036	0.0230506746063755	127.049168462618	0.668215402137836	0.866722404914794
PPARA	betareg	8	8	0.14154159708526	0.236742711598995	0.549926024486706	0.55274266327412	-0.00921144393303648	93.020744231898	0.668215402137836	0.866722404914794
TMEM192	betareg	8	8	-0.122379356785388	0.204853096430409	0.550239972585495	0.544569330525012	0.00295213627929958	431.541378961701	0.668350074849761	0.866897084900293
ROBO2	betareg	8	8	-0.073064526087983	0.122527075475175	0.550965940202305	0.552421151830611	0.0150851780849036	276.077232365126	0.668984923825888	0.867720528702375
WNK3	betareg	8	8	0.146322358275362	0.245538783104876	0.551226259170694	0.55316123276158	-0.0325159054663408	410.886164866252	0.669054120660338	0.867810281866662
SUPT6H	betareg	7	5	-0.152947396831715	0.257198440837404	0.552066158406566	0.540700693879354	0.00129346695995743	226.93038644842	0.669501231252222	0.868390215771539
FAM210B	betareg	8	8	0.0790322067928687	0.132942006190227	0.552186875472042	0.556525348308435	-0.0170832157369426	131.185465722065	0.669501231252222	0.868390215771539
NSMCE3	betareg	8	8	0.141592351490918	0.238194255695323	0.552217417604796	0.575181675625598	-0.00248876524575319	1239.43487667478	0.669501231252222	0.868390215771539
INCENP	betareg	8	8	0.191553757025687	0.322506878965907	0.552543904102365	0.589177581217153	-0.0132711505584303	72.1783833192361	0.669501231252222	0.868390215771539
DNAL1	betareg	8	8	-0.172068634639118	0.289750649531698	0.552611955490979	0.55386267935784	0.00951869159014115	226.837599796065	0.669501231252222	0.868390215771539
ZNF514	betareg	8	8	0.204442979062703	0.344527310212297	0.552912569965605	0.534680327984196	0.00271745869104529	240.567233651911	0.669607052551796	0.868527473444685
RBFA	betareg	8	8	0.11458680381406	0.193347258146407	0.553416963295021	0.555974985874335	-0.0261955883180645	230.731102367019	0.669607052551796	0.868527473444685
GLT1D1	betareg	8	8	-0.0413432739116914	0.069834710330226	0.553839797192553	0.555654860130668	0.00879184117644324	500.000878215284	0.669607052551796	0.868527473444685
FAM184B	betareg	8	8	-0.157007736165182	0.265259132234442	0.553915393276208	0.55105984935456	0.0251851594144046	123.786241253303	0.669607052551796	0.868527473444685
EIF2AK2	betareg	8	8	-0.0969271926128267	0.163756525659789	0.553918759900928	0.569571367510529	0.00860655838445301	613.828361162247	0.669607052551796	0.868527473444685
MOB1A	betareg	8	8	-0.0725801498304398	0.122623163042473	0.553920286484637	0.557254544179903	0.0110537561385319	425.67930434005	0.669607052551796	0.868527473444685
LRRTM3	betareg	8	8	0.0931473200047535	0.157536295135695	0.554335977222868	0.558209412481289	-0.0185182741283808	177.5086488642	0.669683548309462	0.868626693826074
TNS1	betareg	8	8	-0.161242993013023	0.272896248842464	0.554615418988125	0.567596107007644	0.0176672957329045	221.375994601436	0.669683548309462	0.868626693826074
CLUAP1	betareg	8	8	-0.0854380392753613	0.1447038386089	0.554899846629803	0.556793937869675	0.0028234128873874	364.921245293086	0.669683548309462	0.868626693826074
MED29	betareg	8	8	0.0499211745135872	0.0845677309381695	0.554982858022002	0.557798110621313	-0.0105974793306539	1622.79781262741	0.669683548309462	0.868626693826074
RANBP17	betareg	8	8	0.0743816973201413	0.126023293551351	0.555041947181523	0.556711526603959	-0.0165022012084165	55.6631976392163	0.669683548309462	0.868626693826074
OGFOD2	betareg	8	8	0.0572236010530034	0.0970160601858327	0.555300354729642	0.559214919226691	-0.0116606971433411	124.436231723257	0.669683548309462	0.868626693826074
TEAD1	betareg	8	8	0.205602653144041	0.348924865264046	0.5556961250421	0.540515204873215	-0.0460927564029713	63.063672130488	0.669683548309462	0.868626693826074
TRAK2	betareg	8	8	0.225911101176307	0.383403402193927	0.555709943698573	0.560571181297787	-0.0329933972810363	837.848739995363	0.669683548309462	0.868626693826074
LRCH1	betareg	8	8	0.105038418714243	0.178312709142285	0.555815253242504	0.55775347045302	-0.0221383703695077	89.7361362026523	0.669683548309462	0.868626693826074
CHID1	betareg	8	8	-0.113918903437935	0.193525303471562	0.5560952756877	0.577392294611119	0.00863349179704609	467.947135220636	0.669775688913777	0.868746206674635
PAICS	betareg	8	8	0.0622113439160585	0.105760024659453	0.55637713269389	0.558836136927315	-0.00887512363969399	707.728205037358	0.66979734520018	0.868774296402248
ALKBH8	betareg	8	8	0.0927514655431866	0.157821913967377	0.556735688853382	0.560048441092377	-0.0205641508773944	99.7665753742694	0.66979734520018	0.868774296402248
PARP8	betareg	8	8	-0.0965316585551484	0.164330898143956	0.556920020791949	0.55697882991473	0.0190456275550198	143.978296758419	0.66979734520018	0.868774296402248
UNC5B	betareg	8	8	-0.281556200773238	0.479426740077077	0.557017821236226	0.560271301560383	0.0364861206354227	53.0977875105513	0.66979734520018	0.868774296402248
SOCS4	betareg	8	8	0.0833483764564061	0.141970515089863	0.55714843481231	0.562076600951903	-0.0123509957215758	793.648883886838	0.66979734520018	0.868774296402248
FBXO28	betareg	8	8	-0.0336566921812452	0.0573697696791616	0.557430401689909	0.561939821507587	0.00568948058549584	517.14307148208	0.66979734520018	0.868774296402248
ZNF398	betareg	8	8	-0.0812410164157373	0.138517858660476	0.557538143825154	0.562990890833347	0.016366506750862	552.426120763559	0.66979734520018	0.868774296402248
ZBTB5	betareg	8	8	-0.0805726812974944	0.137474369815218	0.557813433253196	0.561652610242809	0.016452717509707	373.411757294744	0.669883491323517	0.868886033987095
SSH2	betareg	8	8	0.182631803081396	0.311921416880345	0.558207658459332	0.578105680309828	-0.0123770975943176	548.455953662	0.670112353594639	0.869182884459842
ELAVL3	betareg	8	8	0.0437509401307846	0.0748597876526732	0.558925347463155	0.561893686876797	-0.00944900300774434	473.080332051755	0.670658317235827	0.869891037726846
STAM2	betareg	8	8	0.108838030872757	0.186406835731914	0.559305353789623	0.560860221598711	-0.00331182460945617	568.348518401335	0.670658317235827	0.869891037726846
GFER	betareg	8	8	0.0716640582431539	0.122745683950917	0.559326768060314	0.560937441906308	-0.0124327268376566	240.278718056082	0.670658317235827	0.869891037726846
PARVB	betareg	8	8	0.137417145671456	0.235804454047912	0.560055612369418	0.575115358385362	-0.0119042915349083	226.301441773857	0.670658317235827	0.869891037726846
MPP7	betareg	8	8	0.170799641060914	0.293095413016032	0.560065538742623	0.570159720369698	-0.0247736874775571	80.962642888446	0.670658317235827	0.869891037726846
TRAF3	betareg	8	8	-0.094463223830803	0.162202304713476	0.560311391009058	0.575000928779326	0.00851202899351004	483.079720852176	0.670658317235827	0.869891037726846
SSBP2	betareg	8	8	0.0630458759976872	0.108266866391997	0.560351689097396	0.57357649456557	-0.00815114322052804	1165.84490633518	0.670658317235827	0.869891037726846
STK4	betareg	8	8	0.140672815662135	0.241957025806753	0.560973679919876	0.562979289439085	-0.0120444894436471	228.079655288312	0.670658317235827	0.869891037726846
CLCN7	betareg	8	8	0.127794114312334	0.219893943809097	0.561130938239096	0.570076267709696	-0.00441611375023941	896.277159227235	0.670658317235827	0.869891037726846
TMEM233	betareg	8	8	0.0747722160646506	0.128685996282247	0.561210851469831	0.563670947556205	-0.0168472611639181	476.589447018719	0.670658317235827	0.869891037726846
MON2	betareg	8	8	-0.155704159528169	0.268028795340195	0.561292180163393	0.591799035431032	0.011843279547834	250.994277636081	0.670658317235827	0.869891037726846
MFSD9	betareg	8	8	-0.0664572716161318	0.114422962223824	0.561372809470124	0.564321794193644	0.0140005858066221	345.066455589663	0.670658317235827	0.869891037726846
BLOC1S2	betareg	8	8	0.0675164607240687	0.116275148873906	0.5614688556989	0.567798103579531	-0.006380913776229	2035.46458008823	0.670658317235827	0.869891037726846
ITGAV	betareg	8	8	0.0861190490707069	0.14832988057861	0.561515887754794	0.558678199075808	-0.0182501230445272	168.707238417799	0.670658317235827	0.869891037726846
CYP2R1	betareg	8	8	0.152127475711812	0.262512487888064	0.562248020525496	0.603195552103048	-0.00800292212188907	113.450328386633	0.671289093314883	0.870709198694782
C11orf54	betareg	8	8	0.0546315779477904	0.0944553553354937	0.563004095491415	0.564652487104553	-0.010459449768645	118.088758414033	0.671616444465876	0.871133796176271
ACTR8	betareg	8	8	0.0413608057823027	0.0715261645601783	0.563087785346372	0.564655622247565	-0.00871565824445055	491.837761721192	0.671616444465876	0.871133796176271
SH3GLB1	betareg	8	8	-0.0631057522414764	0.109193654430071	0.563314697152116	0.559820090534306	0.00896520400537041	1894.60966473429	0.671616444465876	0.871133796176271
ZNRF3	betareg	8	8	-0.211038275361871	0.365187851159757	0.563338631079313	0.582494655984146	0.0108955006430403	72.2600152092181	0.671616444465876	0.871133796176271
SAR1A	betareg	8	8	-0.118416721459482	0.205071434615031	0.563641362891384	0.569556124588973	0.00298657831589857	2503.95515051017	0.671623808454779	0.871143347788149
ZBED3	betareg	8	8	0.0922821246352856	0.159857894341636	0.563753028723259	0.569806359621603	-0.0142639608662571	250.494529744175	0.671623808454779	0.871143347788149
SUSD5	betareg	8	8	0.100809845034593	0.175146966046619	0.564903911132542	0.568773784356074	-0.0143948161843191	230.162607413419	0.672627149615792	0.872444751888146
DIRAS2	betareg	8	8	-0.0261646866188533	0.0454883878034894	0.565159522127181	0.567473849388545	0.00537766982324185	981.338817993398	0.672627149615792	0.872444751888146
PLCB4	betareg	8	8	0.0856373498806521	0.148902804686956	0.565208467425193	0.569187124317309	-0.0204870464457374	164.10749046464	0.672627149615792	0.872444751888146
AP2B1	betareg	8	8	0.0781195593431044	0.136062846931326	0.56587089702465	0.567292725882143	-0.0144587832976138	3142.42533575395	0.672913232451791	0.872815821460664
ERMP1	betareg	8	8	0.0719838392469144	0.125384095324488	0.565895653457245	0.567390664720112	-0.0151384157920307	151.556400482503	0.672913232451791	0.872815821460664
TRIM2	betareg	8	8	0.0439170568858324	0.0765835757152937	0.566338228792126	0.570479379345614	-0.00829389774889373	4033.5658862533	0.672913232451791	0.872815821460664
TMEM151B	betareg	8	8	-0.0515291119803515	0.0898775271954414	0.566424068492983	0.564129559502459	0.00711456043802874	1049.57523048267	0.672913232451791	0.872815821460664
MICOS10	betareg	8	8	-0.132716731271998	0.231513899355455	0.566471374284452	0.57135582909762	0.00894735949001192	1709.78423894811	0.672913232451791	0.872815821460664
SYNPO	betareg	8	8	-0.118841761811631	0.207506025612102	0.566837848010703	0.562327078871607	0.0160075047471894	159.292608889777	0.672979655437652	0.87290197674811
NQO1	betareg	8	8	0.0829815088586379	0.144983207358989	0.567083153140823	0.568025069294855	-0.0176434080839772	221.82379477418	0.672979655437652	0.87290197674811
POLR1B	betareg	8	8	0.0920349575775477	0.160825103384667	0.567140857901244	0.569241067853228	-0.0191563118674197	271.17547311414	0.672979655437652	0.87290197674811
ZNF510	betareg	8	8	0.0646303277725506	0.113048847367528	0.567523425922561	0.570028764242147	-0.0130193348113541	254.542226788856	0.673190851344284	0.873175912702772
TRAPPC8	betareg	8	7	-0.228526056657428	0.400302695547096	0.568078865711076	0.555341591811451	0.00798477269350235	254.25901540784	0.673606879976833	0.873715531118873
KIAA1549	betareg	8	8	0.136233874975757	0.238963882060617	0.568608269314747	0.587653687342662	-0.00493861678069162	919.946769116988	0.673991747254512	0.874214731064604
STRBP	betareg	8	8	-0.109663120952279	0.19250723027219	0.568910255530133	0.573467418609366	0.0271675972987896	563.590298646451	0.674058683227072	0.874301551731902
EFCAB11	betareg	8	8	0.148539231259876	0.260882774161023	0.569104015170159	0.567627476085939	-0.019635942797022	67.9965532754463	0.674058683227072	0.874301551731902
NSF	betareg	8	8	-0.0174167179866574	0.0306032554127655	0.569279290595819	0.571562581209678	0.00239373301291257	6040.23460205745	0.674058683227072	0.874301551731902
CELSR2	betareg	8	8	0.0642832266559666	0.113312582137061	0.570504389354172	0.576389204931821	-0.00626431659513384	616.927002702774	0.675266280082619	0.875867889843024
VPS33A	betareg	8	8	0.0588332727468147	0.1038607078276	0.571078917338776	0.572711237594304	-0.00891407844675306	865.903681345147	0.675677041298323	0.876400676048761
CCDC43	betareg	8	8	0.0525984144162607	0.0928986215411752	0.571263574324198	0.572200002378692	-0.0111681008019524	451.451763826717	0.675677041298323	0.876400676048761
RCHY1	betareg	8	8	-0.0610484667646175	0.107916872229333	0.571598414757236	0.577580639594056	0.0102976005407349	824.812937243533	0.675677041298323	0.876400676048761
FAM104A	betareg	8	8	0.0389083222348676	0.068792498370809	0.571672793373887	0.571752559625675	-0.00671162216227857	749.514338262133	0.675677041298323	0.876400676048761
C3orf33	betareg	8	8	-0.0875561723084502	0.154945197680016	0.572020492616212	0.574350917123003	0.0188054383586712	151.759204681646	0.675835404307645	0.876606084017285
GALNT15	betareg	8	8	0.10086160565973	0.178659019196488	0.572381190797777	0.580264207198021	-0.0196573392054439	55.7204697787547	0.675835404307645	0.876606084017285
TBC1D30	betareg	8	8	-0.0455842718853897	0.0807798115186095	0.572548092510764	0.579255736631828	0.00702539142487318	831.291712493647	0.675835404307645	0.876606084017285
WAC	betareg	8	8	-0.133414313396268	0.236714292612859	0.573020238419959	0.593587020239034	0.00250972556199901	623.948261794074	0.675835404307645	0.876606084017285
PRSS12	betareg	8	8	-0.0388680806513287	0.0690149107815228	0.573309723709112	0.576994152628138	0.00718140575494809	409.415597190899	0.675835404307645	0.876606084017285
C2orf88	betareg	7	8	-0.16972089246609	0.301407528038064	0.573370601617055	0.570587306863749	0.0184827792603028	89.2073138587037	0.675835404307645	0.876606084017285
PRKRIP1	betareg	8	8	0.0310529112115039	0.0551995644001702	0.573736457870541	0.574386932316749	-0.00595287276527851	796.640396194614	0.675835404307645	0.876606084017285
UEVLD	betareg	8	8	-0.0757757261033251	0.134889232313827	0.574277775610897	0.577646762757778	0.0150230069360353	148.129486858901	0.675835404307645	0.876606084017285
FAM98B	betareg	8	7	-0.148551731891552	0.264493094859249	0.574356606313559	0.580833887191193	0.0125334915214694	57.1382647493781	0.675835404307645	0.876606084017285
FAM131B	betareg	8	8	0.0554020013829646	0.0987062142648495	0.574605448263824	0.574638042647109	-0.00795852319961126	2389.05565843503	0.675835404307645	0.876606084017285
PEX13	betareg	8	8	0.143246943520887	0.255283702701927	0.574709987818737	0.589434955760518	-0.0336009814462074	239.151485225291	0.675835404307645	0.876606084017285
RAB30	betareg	8	8	0.110376631491503	0.196724415923177	0.574748212537412	0.577394948670177	-0.0101202781464253	623.724836987078	0.675835404307645	0.876606084017285
SURF6	betareg	8	8	-0.164539560933461	0.293260292313517	0.574749798183878	0.561210311912695	0.00457447834405601	883.099995503487	0.675835404307645	0.876606084017285
KMT2E	betareg	8	8	0.0934439968060953	0.166630091676574	0.574942718919981	0.585067719579812	-0.0151347809329556	196.276480601794	0.675835404307645	0.876606084017285
USP49	betareg	8	8	-0.130409170853559	0.232669582381172	0.575144682425476	0.57666133699633	0.025084238118523	123.125574662098	0.675835404307645	0.876606084017285
ZSWIM7	betareg	8	8	0.161292972774488	0.287947197237165	0.575378667282207	0.576000277190012	-0.0327004187135333	652.071098120695	0.675835404307645	0.876606084017285
IGDCC3	betareg	8	8	-0.168670389253195	0.301218632872314	0.575506713537164	0.579340093286971	0.00673041349613448	107.070737058308	0.675835404307645	0.876606084017285
KLHL14	betareg	8	8	0.0600900290805812	0.107363764706775	0.575693423167405	0.576563666334406	-0.0126817061059171	154.866018827151	0.675835404307645	0.876606084017285
CCP110	betareg	8	8	0.0859950416476081	0.153761903925544	0.575974707565048	0.580652494665167	-0.0153128025567621	508.157922243823	0.675835404307645	0.876606084017285
ZNF430	betareg	8	8	-0.147912703736975	0.264604484285178	0.576164822933494	0.560132810657848	0.0161221950369733	234.386632879007	0.675835404307645	0.876606084017285
CNNM3	betareg	8	8	0.0635101323123536	0.113640812828292	0.576252299298786	0.577582970614564	-0.0104121036935659	297.481830888864	0.675835404307645	0.876606084017285
BAG1	betareg	8	8	0.134049376371627	0.239905006381333	0.57632536826441	0.554101920725398	-0.00385489993494269	1011.4645872083	0.675835404307645	0.876606084017285
RIMS4	betareg	8	8	0.0961891921492255	0.172390417171825	0.576862845511735	0.586501379872008	-0.00299544069049819	2119.27875009088	0.676019226220912	0.876844513975997
SCAI	betareg	8	8	0.100233868049133	0.179710826090229	0.577014521450215	0.580467449303688	-0.0129100957843141	292.025030679401	0.676019226220912	0.876844513975997
UBQLN4	betareg	8	8	0.0527766913743937	0.0946449884139595	0.577098462923753	0.580429120101606	-0.00770189850934225	325.436453491458	0.676019226220912	0.876844513975997
HIPK3	betareg	8	8	0.116091311888677	0.208354950679693	0.577404123563827	0.575542439216172	-0.00597750890655512	670.23314639263	0.676079309665598	0.876922446432369
ARMC8	betareg	8	8	0.104735469331969	0.188146364509897	0.577752799177981	0.577415836433267	-0.0171625065116924	312.598273243354	0.676079309665598	0.876922446432369
CRTC1	betareg	8	8	-0.132764304385513	0.238505617325107	0.577766147930605	0.599653547153019	0.01025052250714	347.893419458568	0.676079309665598	0.876922446432369
PRTFDC1	betareg	8	8	0.0857834394040877	0.15424822928565	0.578115909348456	0.577824076384046	-0.0181054648489227	107.73806202153	0.67624810025112	0.877141379701106
PDE3B	betareg	8	8	-0.0645412903478292	0.116148447638011	0.578430096519934	0.575989979253387	0.0123272110130589	199.038356672586	0.676375172868502	0.877306201829097
ASPHD2	betareg	8	8	0.0973081709142344	0.175261232155632	0.578745636013628	0.574272723020438	-0.0203530993323222	408.139990416755	0.676503735951429	0.877472957195795
HNRNPA2B1	betareg	8	8	-0.102629805907948	0.18508543596916	0.579236958280945	0.591426040568768	0.00422357796159672	3590.45985246496	0.676614711607144	0.877616900431615
KRBOX4	betareg	8	8	-0.0422384469957707	0.076176971818945	0.57925182954917	0.580434371550632	0.00896744012069587	223.294248686089	0.676614711607144	0.877616900431615
ZNF275	betareg	8	8	-0.151657884869437	0.273668437850769	0.579464891297367	0.583168007508453	0.027804925263946	376.76321678854	0.676623392698237	0.877628160417729
ATP8A2	betareg	8	8	-0.118719447168176	0.214485267018471	0.579915170048225	0.579360916010124	0.0234458362374892	4326.38152885173	0.676637691340194	0.877646706762672
KNOP1	betareg	8	8	-0.126372945331902	0.228334011594882	0.579950852173821	0.581240689648719	0.031103334875114	140.876696728672	0.676637691340194	0.877646706762672
GK5	betareg	8	8	-0.0848993519121808	0.153652097825773	0.580576556847121	0.581464994554713	0.0181177862377846	150.698712545721	0.676637691340194	0.877646706762672
NDST1	betareg	8	8	0.111222372996982	0.201354979824338	0.580695142875727	0.581912771816083	-0.0170877197888947	817.503819962776	0.676637691340194	0.877646706762672
MTX3	betareg	8	8	0.174663906200841	0.316461787552555	0.580998149868119	0.575792064991424	-0.0345404139818705	197.634974402835	0.676637691340194	0.877646706762672
ANKRD17	betareg	8	8	-0.190797695417551	0.345722512147745	0.581029867482857	0.593059044714836	0.0026255275891607	431.845086108188	0.676637691340194	0.877646706762672
TTC9	betareg	8	8	0.0597876270472964	0.108353662434032	0.581097553623179	0.579869324394291	-0.00743803806375074	1250.03569991849	0.676637691340194	0.877646706762672
SEC22A	betareg	8	8	-0.0521591640004348	0.0946120013165084	0.581431170389766	0.583631576120997	0.0107565251784514	305.608290598593	0.676637691340194	0.877646706762672
MAPKAP1	betareg	8	8	-0.0311721314823369	0.0565462762153013	0.581450227320177	0.583549340736018	0.00662610928348537	492.589715343966	0.676637691340194	0.877646706762672
EPHA3	betareg	8	8	0.0722646747720101	0.131191946501587	0.581749093854238	0.583318508933044	-0.0125050789969299	325.785196237799	0.676637691340194	0.877646706762672
C2orf68	betareg	8	8	0.128860345793431	0.234048036395064	0.581926960176711	0.589861033078803	-0.00827824688168925	362.068302346087	0.676637691340194	0.877646706762672
SLIT1	betareg	8	8	0.0553064849667561	0.100457468408229	0.581944746986495	0.584080116604887	-0.010821288290674	917.594457173265	0.676637691340194	0.877646706762672
PSMF1	betareg	8	8	-0.0458818949833407	0.0834085231438421	0.582260108055132	0.58320760050321	0.00821005014111624	1339.50286656225	0.676765227706743	0.87781213040597
PPM1B	betareg	8	8	-0.18008923676754	0.328439746329528	0.583473963045565	0.592349263662753	0.00171356571559661	633.325125165552	0.677936631373056	0.879331523403415
LYSMD3	betareg	8	8	0.0557134289113345	0.101808019990977	0.584213804477044	0.578555023344954	-0.00926303876656083	286.973919102148	0.677978990461028	0.879386466121706
GNPDA2	betareg	8	8	-0.0808975694971184	0.148134516501673	0.584991121154331	0.585722919456748	0.0097555716725333	126.398729046156	0.677978990461028	0.879386466121706
BCL9	betareg	8	8	0.121377135995087	0.222324887574364	0.58510382091252	0.588025858652738	-0.0200421098495793	297.466450509663	0.677978990461028	0.879386466121706
KMT5B	betareg	8	8	-0.0769158050958814	0.140917562624137	0.585188790682469	0.582317076862405	0.0119699504272856	1251.63737390207	0.677978990461028	0.879386466121706
PRDM4	betareg	8	8	0.0319211260510196	0.0584841828485954	0.585198027239335	0.587086092858214	-0.00624529567537638	439.090906450226	0.677978990461028	0.879386466121706
UNC5C	betareg	8	8	0.111433502901377	0.204187088179142	0.585243185856122	0.60336889747154	-0.00854248673117938	472.894415985598	0.677978990461028	0.879386466121706
ABCB1	betareg	8	7	-0.159579438596054	0.292409280853328	0.585244677521881	0.599224202426518	0.00896586117492846	56.6620072220466	0.677978990461028	0.879386466121706
IVD	betareg	8	8	0.0888483933684455	0.162881220621458	0.585423663779494	0.583504633838619	-0.0177463828045746	483.88470993128	0.677978990461028	0.879386466121706
SNX30	betareg	8	8	-0.0883272420113395	0.162124201472035	0.585882690706314	0.594997021535197	0.00409386760745228	1209.90759854709	0.677978990461028	0.879386466121706
ZBTB8A	betareg	8	8	0.113153054940679	0.207727128823418	0.585946328094707	0.58977225340756	-0.0147872388059235	181.126933688392	0.677978990461028	0.879386466121706
EEF2KMT	betareg	8	8	0.0541293002902193	0.0993880177901308	0.586010757158927	0.586956168795929	-0.00890861126127047	375.244806054968	0.677978990461028	0.879386466121706
HDAC5	betareg	8	8	0.0470975951131158	0.0865714797062528	0.5864199304702	0.591712010759201	-0.00665368476364465	830.695426358267	0.677978990461028	0.879386466121706
SH3BP2	betareg	8	8	-0.0456883664313667	0.0839867033508037	0.586444751808575	0.584036660976517	0.0067448884426325	508.785136266775	0.677978990461028	0.879386466121706
MAPRE2	betareg	8	8	0.0262107972723545	0.0481869887253189	0.586483238702547	0.589176497740839	-0.00388013482178869	9330.68429447317	0.677978990461028	0.879386466121706
MAPK14	betareg	8	8	0.0518678672787146	0.0954469462568407	0.586840025637909	0.590123228970507	-0.00941759191799404	398.797168519679	0.677978990461028	0.879386466121706
PML	betareg	3	7	0.200823366480764	0.369674586232291	0.586962065878551	0.578212816552815	-0.00539212724470961	302.92390617604	0.677978990461028	0.879386466121706
FBXO45	betareg	8	8	0.119336330386414	0.219703681524275	0.587013130735881	0.58828861363104	-0.029221116386029	613.641204608225	0.677978990461028	0.879386466121706
GTF2H5	betareg	8	8	-0.0885961773092048	0.163360883560882	0.587588370408138	0.581621629838991	0.00508268936127764	1868.00611449306	0.678218775388902	0.879697484048984
CHRAC1	betareg	8	8	0.109395064837307	0.201735662396646	0.587632972592234	0.582507971246204	-0.0134797586403028	107.733103410993	0.678218775388902	0.879697484048984
RHOBTB3	betareg	8	8	0.0961253912883801	0.177738546299174	0.588628434505179	0.593152307952321	-0.0118026586972726	206.38135748291	0.678396561101018	0.879928084629983
IFT57	betareg	8	8	0.0864496057478406	0.159861974490589	0.588661613493861	0.594141094924881	-0.00967866447733701	428.026345020584	0.678396561101018	0.879928084629983
ZBTB7A	betareg	8	8	0.0752754609133278	0.139309635701871	0.588958161022975	0.594508143755847	-0.0164108524745808	116.838018901388	0.678396561101018	0.879928084629983
GIGYF1	betareg	8	8	0.134554807352321	0.249023225251657	0.588969229025912	0.604117994352612	-0.0110865994892903	134.330217786411	0.678396561101018	0.879928084629983
XPO7	betareg	8	8	0.0498337136036554	0.092314605176464	0.589317859929615	0.59380674123699	-0.00932700776086892	229.113918634767	0.678396561101018	0.879928084629983
ABCB8	betareg	8	8	-0.0904763373891983	0.167609004835846	0.589330866167628	0.589126201296025	0.0135792703222981	316.251376586831	0.678396561101018	0.879928084629983
EML5	betareg	8	8	0.0898413911624507	0.16645757584341	0.589386381328991	0.600596432093717	-0.0115256492949985	403.304946947061	0.678396561101018	0.879928084629983
NHLH1	betareg	8	8	0.0817782447579954	0.151570292494128	0.589514262762281	0.586126546212951	-0.0161828209737752	139.35769349819	0.678396561101018	0.879928084629983
ZNF629	betareg	8	8	0.0872537207439735	0.161774458033207	0.589642530937618	0.589942294321509	-0.0204338073111326	660.928999072204	0.678396561101018	0.879928084629983
CYB5D1	betareg	8	8	-0.054841331575303	0.1018498501085	0.590264519250054	0.59236039585817	0.00877035759323873	407.765056049468	0.67878765423499	0.880435359949495
ZFY	betareg	6	6	-0.102527492968674	0.190598873159788	0.590630298331653	0.592677881555423	0.0191999151318558	56.5963976020056	0.67878765423499	0.880435359949495
ZNF253	betareg	8	8	-0.138975028032122	0.258573854962806	0.590944769522147	0.608827598145141	0.00339352760212091	221.508884377234	0.67878765423499	0.880435359949495
TMBIM4	betareg	8	8	0.119933161863072	0.223217350508277	0.591065110117228	0.577829576353317	-0.00658924274355269	615.1073960323	0.67878765423499	0.880435359949495
WWC3	betareg	8	8	-0.219953697659677	0.409391300276056	0.591081067848697	0.597887931054715	0.049322297820399	58.883939521707	0.67878765423499	0.880435359949495
GPCPD1	betareg	8	8	-0.0493764694435594	0.0919824908784725	0.59140375633496	0.593406751568085	0.010226178233082	181.228677552794	0.67878765423499	0.880435359949495
TAOK1	betareg	8	8	0.0918826212344144	0.171320404412311	0.591737160646097	0.585240803997114	-0.0185397995123787	1265.36334853974	0.67878765423499	0.880435359949495
ZSCAN32	betareg	8	8	0.107986527611322	0.201573178666045	0.592152955753679	0.609436677939479	-0.00527309437765759	276.395231016801	0.67878765423499	0.880435359949495
C4orf33	betareg	8	8	-0.0899671038939601	0.167940277628224	0.592159741378195	0.599510540234788	0.0143702257643814	186.539612895451	0.67878765423499	0.880435359949495
TAB2	betareg	8	8	-0.0666243686543916	0.124372147029516	0.592175854917579	0.594101695224061	0.0149182052785632	183.442647519489	0.67878765423499	0.880435359949495
TBL3	betareg	8	8	-0.087831679839668	0.164008512455115	0.592282570644928	0.594565166671265	0.0183145135631822	170.043060868846	0.67878765423499	0.880435359949495
TMED10	betareg	8	8	0.0646867379526704	0.12087307759357	0.592537497225329	0.593418507509567	-0.0120585820185733	2792.63424077399	0.67878765423499	0.880435359949495
ZNF835	betareg	8	8	0.183598225274972	0.34331093253791	0.592797150234413	0.579761097468742	-0.0222855714063802	153.334892247005	0.67878765423499	0.880435359949495
SGCB	betareg	8	8	0.0560161572063331	0.104860350206224	0.593204764837788	0.59588211426517	-0.00727378843305974	2033.84596348543	0.67878765423499	0.880435359949495
FANCA	betareg	8	8	0.0784677564429482	0.146915002067707	0.593270212626821	0.598272433363397	-0.0146956401960378	94.6999858027489	0.67878765423499	0.880435359949495
VCPIP1	betareg	8	8	-0.140429167001958	0.262934351392631	0.593283058860062	0.571169563231925	0.00442782332880267	540.240718010675	0.67878765423499	0.880435359949495
PCDH7	betareg	8	8	0.0719404846175835	0.13480149244191	0.593564878150134	0.594021169137505	-0.0152769745628474	711.898395016579	0.678874041627816	0.880547410477849
GCFC2	betareg	8	8	-0.0852113055197142	0.159857951192764	0.594003192726718	0.598249129033799	0.0153456439284227	72.135200993999	0.678890951208849	0.880569343394528
ZNF554	betareg	8	8	-0.0897048975397101	0.168492185349557	0.594450390454596	0.581934528703101	0.00800325508333627	251.942108783775	0.678890951208849	0.880569343394528
SGPP2	betareg	8	8	-0.140226416579806	0.263424625131933	0.594503803859572	0.60175250070537	0.0263357476532125	121.317812008947	0.678890951208849	0.880569343394528
NICN1	betareg	8	8	0.0482557964712178	0.0906695159422812	0.594576178248206	0.596210685973128	-0.0100863431941388	726.109083426497	0.678890951208849	0.880569343394528
PAPOLA	betareg	8	8	0.0650292037026848	0.12219779818544	0.59461278462009	0.59845554022031	-0.00605380456953947	510.712539419527	0.678890951208849	0.880569343394528
PIK3CA	betareg	8	8	0.0998749186911334	0.187781480837279	0.594817576618188	0.596884771898062	-0.0103654261465449	328.129134024687	0.678890951208849	0.880569343394528
DNAJC30	betareg	8	8	-0.130798986557198	0.246392624153691	0.595518616263736	0.597186149010074	0.00603735233449378	539.597719324996	0.67945540147004	0.881301475108747
PTPRT	betareg	8	8	0.21340135974093	0.402220954446552	0.595725426341638	0.593774193141645	-0.0371966636002689	352.924118239827	0.679455765959581	0.881301947877335
PCYT1A	betareg	8	8	-0.0553125339357473	0.104341422487641	0.596034985315119	0.598775892046736	0.00943328988644319	315.431255438709	0.679490456213985	0.881346943578762
PLEKHA2	betareg	8	8	-0.173514796015988	0.327437119740227	0.596168843981229	0.606222486740232	0.0598978226028675	60.4545448839496	0.679490456213985	0.881346943578762
LINS1	betareg	8	8	-0.106143796470197	0.200890846136071	0.597245663885694	0.598566635039582	0.0217282652430235	102.858185130688	0.680482068772602	0.882633134856004
GLCCI1	betareg	8	8	-0.0898518810845847	0.170480893630686	0.59815916818334	0.601950381736211	0.0106988759820575	532.016083731324	0.681155986267127	0.883507253276052
RRP8	betareg	8	8	0.116861752285356	0.221783945922069	0.598251162597889	0.596349490253235	-0.0270819451375201	259.846731835197	0.681155986267127	0.883507253276052
FAM133A	betareg	8	8	-0.0956347896803904	0.181690892432926	0.598638211001888	0.603665119468654	0.0155343972607512	76.7412242533441	0.681163532271238	0.883517040974465
SIRT3	betareg	8	8	-0.0485882824018472	0.0923184928216785	0.598671809395068	0.600488369888112	0.00972422055433142	401.235007925262	0.681163532271238	0.883517040974465
TRIM4	betareg	7	8	-0.14875811264562	0.283072705127387	0.599227290864697	0.604597403679978	0.00647696161759212	192.547842038901	0.681559883438115	0.884031136332709
GSTO2	betareg	8	7	-0.169608816866824	0.323262259129615	0.599806577559223	0.601285566532524	0.0172574446229999	120.262335282304	0.68173366895888	0.884256548383995
LSM4	betareg	8	8	0.0889351984306617	0.169524069977335	0.599849509910616	0.596754930068061	-0.00264215493592882	3103.47621800276	0.68173366895888	0.884256548383995
TBC1D14	betareg	8	8	0.0530263182685581	0.101118428101236	0.600001631705728	0.603852142688458	-0.00762563134530841	1761.73983473433	0.68173366895888	0.884256548383995
DNAJB12	betareg	8	8	0.0574058527981622	0.109660124776736	0.600634107064344	0.60184931645264	-0.0121280903733056	408.855059670358	0.682090320474313	0.884719150500294
MZT1	betareg	8	8	-0.0561509277100905	0.107303371297196	0.6007715086362	0.605783006393445	0.00818126087830398	382.722927871491	0.682090320474313	0.884719150500294
RCBTB2	betareg	8	8	0.0537280352411182	0.102720067131941	0.600937398617702	0.602730067618179	-0.0110730177831226	281.343631676226	0.682090320474313	0.884719150500294
H2AZ2	betareg	8	8	-0.0378714096910263	0.0725973600088704	0.601904481419562	0.605768220429556	0.00682654703110648	807.690198606801	0.682940559168646	0.885821969925806
METAP2	betareg	8	8	0.0213319618365027	0.0409217394044185	0.602167007743573	0.604097176526286	-0.00304832906494442	491.333588728544	0.682940559168646	0.885821969925806
SLC33A1	betareg	8	8	-0.0962182512858483	0.184650617244178	0.602309127629965	0.601524713283023	0.0181856038393739	124.169333865071	0.682940559168646	0.885821969925806
ELMOD2	betareg	8	8	-0.0476862661715522	0.0917732302107293	0.603335593762627	0.606154250519275	0.00617162150295504	819.003442219183	0.683749235609957	0.886870880184038
FZD5	betareg	8	8	0.192486855507262	0.370549704054856	0.603437918475737	0.607223116381206	-0.0367246700583519	81.7377609574093	0.683749235609957	0.886870880184038
MORC3	betareg	8	8	0.0764175534655238	0.147386310756239	0.604120102256782	0.609210220943229	-0.0154233719386548	119.256948979154	0.684015116183435	0.887215746000252
MTMR12	betareg	8	8	-0.0661466228563135	0.127689624244148	0.604439705190781	0.606243745619281	0.0133136454273178	210.868883113688	0.684015116183435	0.887215746000252
ZNF502	betareg	8	8	-0.135468853085899	0.261877330249374	0.604947526578846	0.590509500620429	0.0241244832376248	223.908097563485	0.684015116183435	0.887215746000252
WDR37	betareg	8	8	-0.0398568592343897	0.0770837124923521	0.605114684109365	0.612179692157237	0.00587133335569255	1076.16018635568	0.684015116183435	0.887215746000252
MARF1	betareg	8	8	-0.0600458948272816	0.116176771381465	0.605261290791348	0.613012471307349	0.00922407224781824	250.11581836144	0.684015116183435	0.887215746000252
MEF2C	betareg	8	8	0.0444628827003825	0.0860390330011667	0.605312735321403	0.608141678739849	-0.0094303206824823	354.023328572267	0.684015116183435	0.887215746000252
RNASEH1	betareg	8	8	-0.115268550335565	0.223139949369703	0.605452774203693	0.601403175641339	0.0211536090992814	633.843262890155	0.684015116183435	0.887215746000252
ANTXR2	betareg	8	8	0.0783018219424035	0.151586918232069	0.605472172420447	0.607370457490802	-0.0130825421349005	365.607436388028	0.684015116183435	0.887215746000252
VSTM4	betareg	8	8	-0.0567553236274397	0.109896105254616	0.605543455505795	0.607406284210375	0.0112574363238624	325.307382582007	0.684015116183435	0.887215746000252
TOP1	betareg	8	8	0.0783409906933888	0.15206693128031	0.606431153552006	0.604896708943115	-0.012705784588904	158.459272637227	0.684782771778761	0.888211449334235
TMEM134	betareg	8	8	-0.140223159877603	0.272553182024532	0.606916442972671	0.615300798006208	0.0182716019405263	309.12375532602	0.685095656270959	0.888617282541118
SLC25A46	betareg	8	8	0.0390129012804213	0.0759946667510789	0.607696951431645	0.609201360121776	-0.00734623754057613	1172.67255331699	0.685629584485455	0.889309825012661
GAB2	betareg	8	8	0.0994446115289385	0.193796317645322	0.607853504427667	0.610603840697846	-0.012407014896589	675.513277773989	0.685629584485455	0.889309825012661
CREG2	betareg	8	8	0.0866401756435052	0.168938561383143	0.608056108553547	0.606294643214489	-0.00458761241345001	1271.70482984406	0.685629584485455	0.889309825012661
ZNF747	betareg	8	8	0.0683658755018066	0.133474786285177	0.60851057142219	0.604579911272191	-0.00806083130061197	370.416179272186	0.685629584485455	0.889309825012661
SLITRK4	betareg	8	8	0.122015935275046	0.23827608166344	0.608596432899783	0.611662045298525	-0.0160646489564623	1367.9327546691	0.685629584485455	0.889309825012661
HECW1	betareg	8	8	-0.04482816355329	0.087552229853431	0.608639643594654	0.609233183491785	0.00912919962705667	457.288532298225	0.685629584485455	0.889309825012661
RHBDL3	betareg	8	8	-0.114500755934483	0.223887837251922	0.609056873864645	0.607489641699662	0.0281489434898914	146.327476658867	0.685864787557249	0.889614899950139
ISCA2	betareg	8	8	-0.1250747632703	0.244970698432649	0.609651976196987	0.630097395114231	0.019685656064608	678.345828806595	0.685985604095765	0.889771607503543
CUL4B	betareg	8	8	-0.0634782282548822	0.124358118757844	0.609738338759506	0.61410079114626	0.0141838672410141	519.477043172204	0.685985604095765	0.889771607503543
SHANK2	betareg	8	8	-0.0870058317135933	0.170474711205623	0.609789585742236	0.608088872120257	0.00788155100302211	309.722977199095	0.685985604095765	0.889771607503543
PDHA1	betareg	8	8	-0.0767773837238146	0.150529601880675	0.610017548691639	0.611835328551955	0.00964526647085147	1301.33913088786	0.686007519580712	0.88980003342991
GOPC	betareg	8	8	-0.0343192103936033	0.0673344402722123	0.610273659779984	0.610183885882885	0.0022259115174026	823.396395252145	0.686061063832801	0.88986948409326
TARDBP	betareg	8	8	-0.0486095435150075	0.0954296514619037	0.610488920523298	0.621495654182352	0.00457866151384574	1701.88174091853	0.686068663811905	0.889879341801037
C11orf58	betareg	8	8	-0.0802451047658824	0.157645305824824	0.610736021386329	0.625544123699483	0.00110459181871236	2465.25158607927	0.686112028374989	0.889935588691312
NDUFV3	betareg	8	8	0.0560777102675733	0.110261739271976	0.611041596355509	0.609160144734839	-0.0100149822981413	1004.40022377733	0.68611349550898	0.889937491667355
KSR1	betareg	8	8	0.0756015781172288	0.148697197527955	0.611154355219545	0.611125971497723	-0.0153792101424892	231.575602686744	0.68611349550898	0.889937491667355
KCNN1	betareg	8	8	0.0885309860712477	0.174391490048342	0.611694209162378	0.608023723880496	-0.014691269498491	156.747350793878	0.686455129827396	0.890380615422227
ITFG1	betareg	8	8	0.0311770556811405	0.0614450254505784	0.611875900898171	0.613556193894989	-0.00661213964597469	1320.93161947984	0.686455129827396	0.890380615422227
FNIP2	betareg	8	8	-0.125289893642989	0.247422684986503	0.612589927807147	0.611613182229372	0.0191195907788778	586.443884490514	0.686872500520209	0.890921974584943
DNLZ	betareg	8	8	-0.103513605715366	0.204635308267519	0.612965951766964	0.626448235140281	0.0133990423666788	539.578421806816	0.686872500520209	0.890921974584943
SZRD1	betareg	8	8	0.0533414466266847	0.105464236766996	0.61301279806072	0.615639538884726	-0.0115742183513847	222.865588763788	0.686872500520209	0.890921974584943
CAMK4	betareg	8	8	-0.0515430113689362	0.101928577064084	0.613082905191185	0.611303659976133	0.00928010322465918	1295.35008092102	0.686872500520209	0.890921974584943
DNAJC18	betareg	8	8	-0.0376303731521432	0.0745674865112749	0.613805711087721	0.619766896154418	0.00263371045010899	1696.36791076075	0.68744823730838	0.89166874571899
SAMD9	betareg	6	5	0.195614157634921	0.388770196006603	0.614850798156649	0.630093600671988	-0.00685611003732891	88.3299244522731	0.687805117784901	0.892131644813933
PLEKHB2	betareg	8	8	0.034145534591656	0.0678625151495957	0.614853531034536	0.617983813198644	-0.00362050174094955	7594.75444740313	0.687805117784901	0.892131644813933
EXOC5	betareg	8	8	-0.0932409198165384	0.185333598573625	0.61489553575018	0.626616389229234	0.00419673441623599	1135.04912472993	0.687805117784901	0.892131644813933
HINFP	betareg	8	8	0.0992358779219717	0.197369883675562	0.615110948559115	0.616083664113937	-0.00923554519813649	382.673108684732	0.687805117784901	0.892131644813933
ELP4	betareg	8	8	-0.0862870478033875	0.171644428770456	0.615169501098268	0.618077948100535	0.0186919091842545	132.33267295341	0.687805117784901	0.892131644813933
SMAP2	betareg	8	8	0.0263377575299215	0.0524763944734119	0.615739807131797	0.615995140422785	-0.00461630141367642	1968.46910044963	0.688208916172314	0.892655399741342
AGO3	betareg	8	8	-0.124356938060839	0.250187559330119	0.619150377316529	0.632415526106593	0.0181613030859502	280.40259846305	0.691785909641336	0.897295012015941
SEC24A	betareg	8	8	0.0885659380565551	0.178405663622008	0.619591006201766	0.620337296328992	-0.00223548572624752	246.915672581183	0.692043241621043	0.897628789704392
CHL1	betareg	8	8	0.0661642926579097	0.133604743701759	0.620441921039658	0.625782641344066	-0.0140739815951891	393.471646237528	0.692758506438921	0.898556538512813
RAB11FIP2	betareg	8	8	-0.0816093540383732	0.164954493688186	0.62078465589189	0.622312891965752	0.00674385783745746	632.449027292245	0.692906066771602	0.898747934649452
ATP13A3	betareg	8	8	-0.0569466751031874	0.115401791063937	0.621684491135174	0.624058663471215	0.0109652386670109	392.385128326426	0.693563631576366	0.899600842479995
DMTF1	betareg	8	8	0.0347201233737136	0.0703823148571892	0.621795333954073	0.624785972184526	-0.00475927075064049	454.705976389371	0.693563631576366	0.899600842479995
PHKA2	betareg	7	6	0.181720998180871	0.36896579769212	0.622355687768612	0.625346130543533	-0.0284356594155399	96.5716027505994	0.693903053253287	0.900041096283124
ZNF121	betareg	8	8	0.0912532986592709	0.185424070664735	0.622625345904287	0.624437312434208	-0.0165928687709548	336.19101347243	0.693903053253287	0.900041096283124
PEDS1	betareg	8	8	-0.058327217885433	0.118555664317782	0.622732276786332	0.621846039915595	0.0101218226595001	808.010145986424	0.693903053253287	0.900041096283124
RNF7	betareg	8	8	0.058299222543862	0.118767458104953	0.623519347189895	0.626939121959523	-0.00286824203992211	3171.75657608115	0.694395855138096	0.900680295010632
GALNTL6	betareg	8	8	-0.0970017988676844	0.197656508980154	0.623596596006659	0.621467778583152	0.020202846201577	73.3900523831623	0.694395855138096	0.900680295010632
RWDD4	betareg	8	8	-0.0800606316202857	0.163757295698926	0.624913837061256	0.623305349871342	0.0133282035411697	85.2321379392322	0.695627240657743	0.902277488693316
TMTC3	betareg	8	8	0.0513957944853654	0.105244829008316	0.625305435284051	0.618294535982032	-0.00777339405953401	343.145747438835	0.695727272459259	0.902407236980021
PPAN	betareg	8	8	0.0783932782692582	0.16058469315653	0.625426571458974	0.627950121415744	-0.0151918442441542	128.647168572093	0.695727272459259	0.902407236980021
ZNF429	betareg	8	8	-0.139119600448839	0.285405916088131	0.625943224585446	0.64940267884721	0.0199701369683536	343.174973867711	0.695952478524573	0.902699345096514
MTO1	betareg	7	7	-0.143245959220214	0.293963811470967	0.626052029401519	0.645595216695771	0.000410033774351482	133.129642143325	0.695952478524573	0.902699345096514
FOXJ2	betareg	8	8	0.0902562979845271	0.185662393022339	0.626874085777247	0.62853259062368	-0.00672104973678318	326.199125102166	0.696016935519133	0.902782950354879
BAZ2A	betareg	8	8	0.114402766232138	0.235359083941237	0.626912185445134	0.628374988391622	-0.0235923784588007	170.082461647749	0.696016935519133	0.902782950354879
TRNAU1AP	betareg	8	8	-0.0604281125441019	0.124383362239717	0.627093723969541	0.630075343196802	0.0127730027510884	178.276894369081	0.696016935519133	0.902782950354879
CCDC50	betareg	8	8	-0.0758468221992741	0.156146518740738	0.627150555918711	0.637680859864595	0.0142459506238655	1108.09659020232	0.696016935519133	0.902782950354879
METTL2B	betareg	8	8	-0.0877970086414121	0.180757433106122	0.627167630694053	0.623819859041144	0.0192023588964892	280.498746851791	0.696016935519133	0.902782950354879
SBF2	betareg	8	8	-0.0523662634407035	0.107958972616987	0.627635860069481	0.627098878698936	0.008535078280654	320.509470073076	0.6960963984901	0.902886019420748
RANGAP1	betareg	8	8	0.0277529832379687	0.0572779370730135	0.628008485718501	0.629128814020632	-0.00557875595075318	984.408027811941	0.6960963984901	0.902886019420748
SEZ6L	betareg	8	8	0.0625034758913714	0.129040256366861	0.628121947584884	0.636872155648167	-0.00192067151960246	2694.76297432072	0.6960963984901	0.902886019420748
JOSD1	betareg	8	8	-0.0503104416611334	0.103895527893954	0.62821506557749	0.629132432460705	0.010691413862674	353.310222736606	0.6960963984901	0.902886019420748
CISD2	betareg	8	8	-0.0525842412543372	0.108617015319078	0.628296972277325	0.628571044818084	0.00642772440353165	1463.64183529691	0.6960963984901	0.902886019420748
C2orf15	betareg	8	8	0.049726059040066	0.102838303425706	0.628714948308794	0.62980189644165	-0.0103757973704466	138.655117696767	0.696116068661415	0.902911533017312
AQR	betareg	8	8	-0.0768331661634525	0.159018067198093	0.628973219068888	0.630818646286452	0.0183560765882312	385.87307485185	0.696116068661415	0.902911533017312
SCN7A	betareg	8	8	0.112607245383687	0.233140989072719	0.629095286513147	0.630023404418477	-0.00557858578576882	448.529942792049	0.696116068661415	0.902911533017312
PLCB1	betareg	8	8	0.064725246939559	0.134075789609354	0.629272411791446	0.630702333399586	-0.0152086045533709	360.426041923968	0.696116068661415	0.902911533017312
DOC2B	betareg	7	8	-0.192023476019295	0.397885195315589	0.629372495484185	0.598821693711708	0.000872500317332378	1443.33957475842	0.696116068661415	0.902911533017312
TRIP12	betareg	8	8	0.0486398838044423	0.10090115118283	0.629767021045928	0.629334479871319	-0.0104302339467353	398.804754960538	0.696205489928695	0.903027518694354
SCN9A	betareg	8	8	0.0705364303807477	0.146424330852892	0.630000491153422	0.631515717133258	-0.0151001105590164	922.122470366949	0.696205489928695	0.903027518694354
EHD1	betareg	8	8	-0.0309184751079949	0.064317006211459	0.630715471789935	0.631191174545034	0.0057851942379967	1048.30595229948	0.696205489928695	0.903027518694354
FHIP2B	betareg	8	8	0.12074539986535	0.251240060925697	0.630802437880297	0.642867775004867	-0.00277524669783226	730.952391690564	0.696205489928695	0.903027518694354
PRKCI	betareg	8	8	0.0610048848155322	0.126962664629759	0.630875685688924	0.632319414790749	-0.0113327207576661	532.308905145885	0.696205489928695	0.903027518694354
GEMIN6	betareg	8	8	-0.0573684486927248	0.119407439704646	0.630912542958924	0.63017403377924	0.0122506986132968	146.390129039179	0.696205489928695	0.903027518694354
MGA	betareg	8	8	0.125084018286458	0.260368181278052	0.630934409734434	0.640277527953603	0.00102202219030333	151.84325318753	0.696205489928695	0.903027518694354
NPTX1	betareg	8	8	0.0675212090241724	0.140839602620397	0.63164044015851	0.641316249357262	-0.00741726180071309	1190.92318161749	0.696394124667962	0.903272191227111
STIMATE	betareg	8	8	-0.0455217771577375	0.0950349249326819	0.631938268477944	0.635008023021628	0.00769399212563197	699.891515937289	0.696394124667962	0.903272191227111
CDHR1	betareg	8	8	0.0723306173680942	0.151040181017218	0.63202166596086	0.639338191957884	-0.00830168574002309	593.585373186775	0.696394124667962	0.903272191227111
ABRAXAS2	betareg	8	8	-0.0324731992811927	0.0678771664587158	0.632357536112789	0.634544747033765	0.00505102260229962	471.694953007202	0.696394124667962	0.903272191227111
AHCYL1	betareg	8	8	-0.0744454409069027	0.15565237789315	0.632450830539899	0.631247794178377	0.0148843815078038	614.964246591518	0.696394124667962	0.903272191227111
KDM4C	betareg	8	8	-0.0590053827520409	0.123406783819932	0.63255250657788	0.632466060355275	0.0112443957578346	92.460277774347	0.696394124667962	0.903272191227111
HIP1R	betareg	8	8	0.0561139396580047	0.117443793013457	0.632796831938023	0.633183445102083	-0.0092288897862618	301.684000821551	0.696394124667962	0.903272191227111
LRRC7	betareg	8	8	0.0619857619537321	0.130016119690267	0.633536993926987	0.641961913437288	-0.00692424489410076	512.726644732405	0.696394124667962	0.903272191227111
DHX33	betareg	8	8	-0.0809756760948468	0.170027834446574	0.63389661744062	0.637247638025623	0.0170783996368855	68.8724001815721	0.696394124667962	0.903272191227111
SMAD5	betareg	8	8	0.0845846051176097	0.177675948092692	0.634030858033317	0.635242357260077	-0.0164242510803185	217.021464490685	0.696394124667962	0.903272191227111
SLC4A7	betareg	8	8	-0.113333727715148	0.238119667668963	0.634107989366315	0.626271155230431	0.0107547383314169	143.479441613104	0.696394124667962	0.903272191227111
CYTH2	betareg	8	8	-0.0505340073248517	0.10618279092674	0.63413477174186	0.636320955243945	0.0104134825039242	1100.53683648876	0.696394124667962	0.903272191227111
RNF149	betareg	8	8	-0.0854690786001021	0.179604734094543	0.634164719997989	0.631979951984209	0.0151485363455508	263.198363467452	0.696394124667962	0.903272191227111
TP53BP1	betareg	8	8	-0.0829435697574285	0.174332359610957	0.634232265395884	0.644152405399263	0.00826568427844228	2402.34223312083	0.696394124667962	0.903272191227111
C16orf72	betareg	8	8	-0.0368990171315333	0.0775659572552928	0.634279933717819	0.635763168347148	0.00839249351157531	574.982597221494	0.696394124667962	0.903272191227111
PDIA3	betareg	8	8	-0.044650201406054	0.0940533812935414	0.634977615319651	0.632665908885468	0.00497238350020151	1991.10645472148	0.696927587564249	0.903964130148188
SLC36A4	betareg	8	8	-0.0675232901877624	0.142534724655332	0.635690880830618	0.629347941549225	0.00493861768772449	484.532261316611	0.697370090497213	0.904538087595164
STAT3	betareg	8	8	0.0942398071160733	0.199287904372517	0.636296850849899	0.631378405179786	-0.0133902226956651	2061.49944988857	0.697370090497213	0.904538087595164
ZNF891	betareg	8	8	0.0615004347538799	0.130092945066558	0.636397062227844	0.637542481065826	-0.0131498617997023	400.304055832734	0.697370090497213	0.904538087595164
NOVA2	betareg	8	8	0.145206328163205	0.30763029681225	0.636915586325977	0.632931745261103	-0.00406884310182188	1091.64866787089	0.697370090497213	0.904538087595164
DGKE	betareg	8	8	-0.110240805691204	0.233557174353958	0.636921228312881	0.628994305206326	0.014456142316202	286.591409143441	0.697370090497213	0.904538087595164
CSRNP3	betareg	8	8	0.139712408060982	0.296074987624173	0.637011135469788	0.636473683627316	-0.0299934640359972	2707.60922398379	0.697370090497213	0.904538087595164
MESD	betareg	8	8	0.0871491489993042	0.184752628375217	0.637135781851597	0.646951856999378	-0.0141661056491384	935.448202462405	0.697370090497213	0.904538087595164
ARIH2	betareg	8	8	0.0707941476401591	0.150152372423343	0.637296538493828	0.636744588591241	-0.0166781967776457	608.724264830107	0.697370090497213	0.904538087595164
SDAD1	betareg	8	8	0.0653283167574038	0.13862977499909	0.637467185646228	0.637180682909428	-0.014403976430499	159.270740658137	0.697370090497213	0.904538087595164
PRKG1	betareg	8	8	-0.0984751654355413	0.208989417460914	0.637500132963039	0.636828402139572	0.0149528323220862	361.292688467285	0.697370090497213	0.904538087595164
C12orf29	betareg	8	8	0.0656152411231425	0.13947008019207	0.638025651937555	0.631952019093497	-0.0123163076985272	182.825378249438	0.697569161833592	0.904796297128892
WDR73	betareg	8	8	-0.0851095898027075	0.181094384814787	0.638373840391677	0.639296106837341	0.0185461310890019	431.861065286712	0.697569161833592	0.904796297128892
SLC38A2	betareg	8	8	0.0415748249897722	0.0884855669537617	0.63846314695947	0.644182360929974	-0.00489187029240717	2890.81416553544	0.697569161833592	0.904796297128892
VASH1	betareg	8	8	0.126830632223867	0.27021350289768	0.638803811816113	0.644369612879264	-0.00837479353092725	1259.85558183585	0.697569161833592	0.904796297128892
SREK1IP1	betareg	8	8	0.0842587644478427	0.179515769362193	0.638807386499967	0.636344396110459	-0.0101644576135795	257.692008769954	0.697569161833592	0.904796297128892
WBP4	betareg	8	8	0.0771777254317913	0.164537311043061	0.639027382326817	0.639548228127179	-0.0158087229471093	94.4736061843855	0.697569161833592	0.904796297128892
MBTPS2	betareg	8	8	-0.0459747630855674	0.0980599614989918	0.639181595087615	0.643138540892397	0.00906044404760442	1164.78300150099	0.697569161833592	0.904796297128892
DSE	betareg	6	7	-0.173926518505801	0.371186940283232	0.63937807688396	0.687864758204258	0.020949273930543	117.854728085126	0.697569161833592	0.904796297128892
MRPL30	betareg	8	8	0.0409580289631006	0.0875424455986798	0.639881275820881	0.638086474318567	-0.00637762617652817	729.633684088535	0.697571054162117	0.904798751612169
KPNA1	betareg	8	8	0.0883043691271291	0.188764464698419	0.639926284921141	0.652731449076571	-0.00584728010462736	1987.09905699031	0.697571054162117	0.904798751612169
SLC12A2	betareg	8	8	-0.0517417682832261	0.110635760256975	0.64001579923082	0.639224626986845	0.0104775860174546	180.712060050658	0.697571054162117	0.904798751612169
CYP2U1	betareg	8	8	0.047758572617394	0.102285426097643	0.640560882624168	0.640948622765859	-0.00968077982514193	315.082528579488	0.697799942788708	0.905095636269814
ASB6	betareg	8	8	-0.0558211598570859	0.119638337439396	0.64079857828852	0.64279214687499	0.0121655693242196	1789.1129494648	0.697799942788708	0.905095636269814
FCHSD1	betareg	8	8	0.0403684246597015	0.0865358003844308	0.640861999251963	0.64440176910021	-0.00704732399075775	1130.51939906384	0.697799942788708	0.905095636269814
SPCS2	betareg	8	8	-0.083931388092453	0.180590705565891	0.642103130286508	0.66370965061566	0.00289073348022863	969.507271117773	0.698694528600004	0.906255977027134
NRP2	betareg	8	8	0.083991639691344	0.180723133483734	0.642108264885204	0.644373308660321	-0.016055945646108	211.073529806666	0.698694528600004	0.906255977027134
TMEM97	betareg	8	8	0.0540979761406057	0.116563849711857	0.642571839456211	0.64804468427255	-0.0081071339862905	1100.94961405344	0.698805566095314	0.90640000047326
CHRNB2	betareg	8	8	0.0749060000834662	0.161429180950544	0.642635051881931	0.639929932883037	-0.0104142666096776	1952.5624177504	0.698805566095314	0.90640000047326
DCAF5	betareg	8	8	0.105207789122427	0.226968342045937	0.642980874282407	0.634647474145281	-0.00748224713594899	1702.37756302528	0.698806522196194	0.906401240603391
MFAP3	betareg	8	8	0.0517895454871028	0.111754194616495	0.6430606739801	0.644452854458395	-0.0106026956324074	1106.96887012804	0.698806522196194	0.906401240603391
PDE4A	betareg	8	8	0.0671775346187925	0.145057586982839	0.643285939958277	0.638491505207642	-0.0116030191408005	329.976099584013	0.698820529930759	0.906419409620972
TRAPPC2	betareg	8	8	-0.0884232676243782	0.191201290401815	0.643750285047159	0.655031535940765	0.00621687400921571	881.496843465126	0.698886369535532	0.906504808222089
RASAL2	betareg	8	8	-0.109467546931296	0.236721237334726	0.643771338735041	0.656347615646347	0.00542085623956851	876.182737864284	0.698886369535532	0.906504808222089
STAG1	betareg	8	8	-0.0702994448107642	0.152228400985965	0.644223011334919	0.647549693991109	0.0139624396988393	148.8901881252	0.699146045923892	0.90684162677356
SKA2	betareg	8	8	0.0417972457098111	0.090579099086913	0.64447958374382	0.646577298075362	-0.00709662775242072	822.503693584187	0.699193887490401	0.906903680652365
CAMLG	betareg	8	8	0.0618118453320431	0.134448475941397	0.645700168908996	0.654408315489375	-0.00103100604348922	1201.02347566637	0.700092334562062	0.90806902973613
TKT	betareg	8	7	-0.12641099575512	0.274987250272922	0.645733248652566	0.63799606046537	0.00837891014781669	602.801734640127	0.700092334562062	0.90806902973613
SMAD2	betareg	8	8	-0.0297136727624034	0.0647853528963803	0.646486958863632	0.646870847327975	0.00560067425092826	1170.80224916043	0.700483673455303	0.908576623822709
KNDC1	betareg	8	8	-0.0696384478287951	0.151894197340057	0.646617103581725	0.64757920630673	0.0143368589071558	162.887785263894	0.700483673455303	0.908576623822709
SLC4A8	betareg	8	8	0.13320214239508	0.29064039285342	0.646732845167149	0.647892760600834	-0.0149344001239968	651.482044825716	0.700483673455303	0.908576623822709
LYPLAL1	betareg	8	8	0.069216896255689	0.151214013850661	0.647138327017279	0.652596086836239	-0.0161903176698358	304.974050410401	0.70069221284411	0.908847114086788
RRP1	betareg	8	8	-0.0704744176190571	0.15433798593118	0.647941376324984	0.663815222749659	0.00757136772168394	474.429039094875	0.70105808080136	0.909321670576768
NHSL2	betareg	8	8	0.163197406564773	0.357672248830817	0.648191231416522	0.64285239397291	-0.0467126879491533	116.709496625595	0.70105808080136	0.909321670576768
YTHDF3	betareg	8	8	-0.0483644322693839	0.106026138206687	0.648277985068994	0.648408774622999	0.00833442941901275	1023.06481773395	0.70105808080136	0.909321670576768
NARF	betareg	8	8	0.0645260067423018	0.141477855445743	0.648328454443558	0.648981101600612	-0.013294151979592	998.037947713402	0.70105808080136	0.909321670576768
IQSEC3	betareg	8	8	0.0803271781466212	0.17647831334766	0.648988799129037	0.647578818585288	-0.0103151833533823	289.580645371559	0.701541589662692	0.909948815598794
CLSTN1	betareg	8	8	0.0364881896088681	0.0803177870120669	0.649614538119845	0.65255942257842	-0.00658219133292232	2145.58115906486	0.701698429218083	0.91015224754035
LPP	betareg	8	8	0.101567637884729	0.223702584711964	0.649807384496768	0.673609168336633	-0.00550940219464631	406.280129766539	0.701698429218083	0.91015224754035
TYRO3	betareg	8	8	0.144958516416738	0.319347833973122	0.649886075235254	0.692269820710779	0.00101583496739609	507.138979980898	0.701698429218083	0.91015224754035
CCND2	betareg	8	8	0.0716894680331334	0.158006090609817	0.650035178186788	0.65255285790082	-0.000945362622171778	1793.85985615566	0.701698429218083	0.91015224754035
ZNF383	betareg	8	7	0.0891022500229253	0.196496018777239	0.65022059822251	0.658417957201214	-0.00926217456403106	94.9453155319984	0.701698429218083	0.91015224754035
RNF40	betareg	8	8	0.0571978810651412	0.126412904995896	0.650931374751706	0.64839495055732	-0.00457918604490782	968.573611199444	0.701698429218083	0.91015224754035
RBM14	betareg	8	8	0.158016667701056	0.349494449019782	0.651175863512351	0.673413861956412	0.00891563761168037	541.091748130493	0.701698429218083	0.91015224754035
MPC2	betareg	8	8	0.027690598049831	0.061247681576925	0.651190813442738	0.65287786719209	-0.00564970400018849	1112.3269896889	0.701698429218083	0.91015224754035
ZFP91	betareg	8	8	0.0608088934906581	0.134710244111659	0.651697596100334	0.653845943118716	-0.0125274173786254	723.519150026601	0.701698429218083	0.91015224754035
CFLAR	betareg	8	8	0.0892174283299074	0.197920965625747	0.652153159629362	0.662981914785342	-0.0155502581219981	208.589175062863	0.701698429218083	0.91015224754035
PTPN9	betareg	8	8	0.0308438427524338	0.068437741767529	0.652216814884964	0.653340427731384	-0.00620430583141864	985.765463291437	0.701698429218083	0.91015224754035
CAMK2D	betareg	8	8	-0.0650764882225974	0.144436941574682	0.652311792875953	0.665310150691204	0.00442447892338048	1137.42634441214	0.701698429218083	0.91015224754035
TRAM1	betareg	8	8	0.0450533024540334	0.100107397757777	0.652674618098849	0.651626697148871	-0.00868446698723189	273.119335668773	0.701698429218083	0.91015224754035
UBA52	betareg	8	8	0.0673446825951723	0.149699318644094	0.6528068290972	0.649957175882423	-0.0101530246053446	1483.47484621473	0.701698429218083	0.91015224754035
PTCD2	betareg	8	8	0.105431908194625	0.234371335163917	0.652818715935567	0.659539010582871	-0.00718661872632114	261.436995250147	0.701698429218083	0.91015224754035
ME1	betareg	8	8	-0.0448305756946899	0.099768813669755	0.653183103266917	0.65363673618469	0.00869892896056539	332.846315213442	0.701698429218083	0.91015224754035
ZNF426	betareg	8	8	-0.0991027566044759	0.220647881547038	0.653327505325738	0.654668694816446	0.0144450032034946	312.511362654438	0.701698429218083	0.91015224754035
MPZL1	betareg	8	8	-0.0392349995723011	0.0874617082559956	0.653722896303201	0.652612461187939	0.00392098878550639	6125.9803736746	0.701698429218083	0.91015224754035
HERPUD1	betareg	8	7	-0.155870028965685	0.34766122296645	0.653908674698136	0.641341409006849	-0.0002111625084148	1453.79426422057	0.701698429218083	0.91015224754035
SIN3A	betareg	8	8	-0.0519960246919396	0.115987555690101	0.653944144710671	0.652022205283045	0.00938701766900857	217.217598316772	0.701698429218083	0.91015224754035
RAI14	betareg	8	8	0.0562881688560856	0.125576153530793	0.653980492870166	0.660159984406782	-0.00585395193948719	398.717216733827	0.701698429218083	0.91015224754035
MAN2A2	betareg	8	8	-0.0713377094345775	0.159168336073513	0.654015839323644	0.645015121728665	0.00594741455163465	626.275244486651	0.701698429218083	0.91015224754035
WDPCP	betareg	8	8	-0.139195645506218	0.310902683975281	0.654359242154417	0.641228067643473	0.00603425022343994	71.2648411891046	0.701698429218083	0.91015224754035
AP4B1	betareg	8	8	0.115041424031265	0.256966405153203	0.654376562972291	0.653898107074702	0.00213787324502884	222.973486592167	0.701698429218083	0.91015224754035
CDC14B	betareg	8	8	0.105865417998446	0.23653493003163	0.65446514707154	0.655599774361103	-0.0257107105632467	95.7663193394911	0.701698429218083	0.91015224754035
SS18L1	betareg	8	8	0.0784587369618012	0.175417556149509	0.654681250070475	0.656685224851822	-0.00995214733851077	377.826774912969	0.701701486810593	0.910156213453025
C19orf12	betareg	8	8	-0.0424919737657386	0.0952148034724014	0.655398708613975	0.655516147822658	0.00202345363197581	2384.55809384261	0.702088662453561	0.910658407510995
TMEM199	betareg	8	8	-0.059305948581699	0.133096982596502	0.655897429948734	0.656355218837047	0.00623097741033778	1058.48806902576	0.702088662453561	0.910658407510995
ATP9A	betareg	8	8	0.110760380484775	0.248635484978646	0.655978010972633	0.657289103222108	-0.0110744566510394	6462.18528623148	0.702088662453561	0.910658407510995
PRDM11	betareg	8	8	0.10145755079055	0.227844936117967	0.656108673947213	0.655706123553053	-0.0218468310096754	147.101690894542	0.702088662453561	0.910658407510995
DDX46	betareg	8	8	0.0824424209666943	0.185142712939788	0.656109325936343	0.657323076356526	-0.0133338054262537	72.9233239734638	0.702088662453561	0.910658407510995
PSEN1	betareg	8	8	-0.116861777566432	0.263043534009723	0.656848963737153	0.656343568163087	-0.00520418112215696	768.701454467352	0.702651628569262	0.91138861418406
ACOX1	betareg	8	8	0.0717250324562568	0.161696701142447	0.657348013360983	0.658195560786119	-0.00971161435232151	250.59349796238	0.702956947802126	0.911784634717152
LONRF2	betareg	8	8	0.0956712918256209	0.216322130187006	0.658298843231033	0.669358931565354	0.000850598867947847	2173.29826862978	0.703745037908943	0.912806843050698
SSBP3	betareg	8	8	0.0576456001872506	0.13058817721896	0.658901388918053	0.661521438677507	-0.0116397480053361	554.093674074048	0.704160408763646	0.913345608282641
DENND4A	betareg	8	8	-0.107498995361871	0.243861415272454	0.659343294658203	0.670490294041157	0.0226030215441409	114.464832567642	0.70440389155399	0.913661422597796
NF1	betareg	8	8	0.076239892690789	0.173247384187624	0.65989093941873	0.666651756934941	-0.0107964011905086	282.316652845305	0.704579243519669	0.913888866438381
CRKL	betareg	8	8	0.0583108410620778	0.132524045620651	0.659935680966047	0.662153808815974	-0.00153333549752774	1716.97303999079	0.704579243519669	0.913888866438381
DISP2	betareg	8	8	0.0599352298733804	0.136436967392458	0.660452298138794	0.673092741648096	-0.00570025515481005	2242.57152039503	0.704753486807686	0.914114872246009
ZZZ3	betareg	8	8	0.0479655250288386	0.10923581642794	0.660588561498606	0.661854837149833	-0.00998060283234951	297.719539256187	0.704753486807686	0.914114872246009
FRS2	betareg	8	8	0.0597528657737228	0.136168037840832	0.660794056603635	0.662211181533754	-0.010368361785562	352.466733607259	0.704753486807686	0.914114872246009
ZNF507	betareg	8	8	0.0893579639603634	0.203737221148413	0.660955598817053	0.660021613536356	0.000746327460255408	178.901871767521	0.704753486807686	0.914114872246009
GPRC5B	betareg	8	8	0.0464712731070778	0.106199670962999	0.661687897111199	0.664663397835325	-0.0105124547039148	466.704953188312	0.704936382233087	0.914352100484754
GORAB	betareg	8	8	0.101636374256689	0.23227475270167	0.661698301030197	0.671589746310674	-0.0144111728206116	98.1662103655174	0.704936382233087	0.914352100484754
POP1	betareg	8	8	-0.0905210987943648	0.206919102611581	0.661769830927227	0.662292423707002	0.0201010718557384	61.4528186948424	0.704936382233087	0.914352100484754
MBTD1	betareg	8	8	0.157490851731203	0.360810667746871	0.662480040031741	0.663259898096216	0.0137342588792752	64.9247282258339	0.705291704907782	0.914812979001093
PXMP4	betareg	8	8	0.0416411364847579	0.0954152948560785	0.662532080152854	0.663541522932313	-0.00856361539863051	295.645497500583	0.705291704907782	0.914812979001093
TAPBP	betareg	8	8	-0.0266502191644048	0.0612776836247653	0.663628445415867	0.665625146267026	0.00581678891492622	1462.94393823746	0.705817080076553	0.915494427570376
UBXN7	betareg	8	8	0.0546515326770914	0.12569901802211	0.66372146718683	0.664091031254024	-0.0115451475792486	990.768222347188	0.705817080076553	0.915494427570376
MYORG	betareg	8	8	0.0577164225772582	0.132761362054769	0.663752538355573	0.662443959975056	-0.0112190213834903	226.886992435217	0.705817080076553	0.915494427570376
AFDN	betareg	8	8	0.112652276664979	0.259361857084374	0.664038628193142	0.663572414830996	0.0069337715179329	145.672799380001	0.705817080076553	0.915494427570376
TK2	betareg	8	8	0.0778329284278857	0.179230299390099	0.664098113345334	0.665935204050382	-0.0136356493763661	355.075350513163	0.705817080076553	0.915494427570376
HSPH1	betareg	8	8	0.0851190873636206	0.19630868030234	0.664580253432218	0.666960403821392	-0.0102611032402829	985.234122101935	0.705947606937818	0.91566373009579
MAP4K2	betareg	8	8	-0.0937007208385645	0.216259495718189	0.66481201587261	0.666290515470915	0.0201398588307984	93.8525006388021	0.705947606937818	0.91566373009579
B4GALT5	betareg	8	8	0.132982539940159	0.307294970926637	0.665194884978271	0.680696770278386	0.00421320552330037	1189.33117963863	0.705947606937818	0.91566373009579
ATF7IP	betareg	8	8	0.086349210052695	0.199683653228975	0.665428889316497	0.667889005761364	-0.0250913062686082	563.44603205969	0.705947606937818	0.91566373009579
SYT16	betareg	8	8	-0.0628597977982232	0.145415447957801	0.665539880599499	0.665482328187256	0.0074385502870497	516.250784703796	0.705947606937818	0.91566373009579
MGMT	betareg	8	8	-0.166549058264379	0.385579330838956	0.665781398588556	0.678834335648443	-0.0191821535023452	238.241554760279	0.705947606937818	0.91566373009579
CLN8	betareg	8	8	0.0541936746261525	0.125484969781936	0.665833115386528	0.666240741588799	-0.0104214436455943	478.761466281654	0.705947606937818	0.91566373009579
SEMA3E	betareg	8	8	0.0415948220459445	0.0963667146392415	0.666009920801146	0.667510751288275	-0.00871589389366265	569.353549700178	0.705947606937818	0.91566373009579
WDR55	betareg	8	8	-0.0339153552363436	0.0786272229533117	0.666218498678244	0.668968404180474	0.00546874660449859	509.187938622955	0.705947606937818	0.91566373009579
HINT3	betareg	8	8	0.0365668018134013	0.0849230980243767	0.666768525737715	0.670508994682537	-0.00478618431654934	1020.30589508744	0.705947606937818	0.91566373009579
UBE2H	betareg	8	8	0.042306810856721	0.0984089656445219	0.66726249740682	0.670161304177875	-0.00871069300755375	2852.08788007167	0.705947606937818	0.91566373009579
SETD1B	betareg	8	8	-0.0717375917091952	0.16688488793383	0.667295505975994	0.666501514370675	0.0139124139108602	87.8030099414934	0.705947606937818	0.91566373009579
SATB2	betareg	8	8	-0.0824170713391286	0.191764861514286	0.667354282275868	0.66796489742835	0.0179871006699669	91.8489337108712	0.705947606937818	0.91566373009579
CNR1	betareg	8	8	0.053428349235079	0.124534012241086	0.66790418610982	0.669029392539216	-0.00971727404870051	3225.1422813325	0.705947606937818	0.91566373009579
ZNF805	betareg	8	8	0.118207417638839	0.275932664461817	0.668365559104617	0.692497972910653	-0.0172442587773032	427.810559059407	0.705947606937818	0.91566373009579
KIRREL1	betareg	8	8	0.0893021363812958	0.208555924174971	0.668510788367385	0.67312638735474	-0.00956219976407032	182.356825032741	0.705947606937818	0.91566373009579
RANBP10	betareg	8	8	-0.0810211803578629	0.189289805645063	0.668631337273353	0.676938577295172	0.00959304680070756	295.400486064199	0.705947606937818	0.91566373009579
NF2	betareg	8	8	-0.0361371969121279	0.0844575818594928	0.6687429131266	0.667919164989375	0.0069579584216009	1477.95721550078	0.705947606937818	0.91566373009579
NFIX	betareg	8	8	0.15644958994564	0.366103870050809	0.669134164692291	0.669935137095413	-0.0410936170684893	64.3333642242969	0.705947606937818	0.91566373009579
TWSG1	betareg	8	8	-0.0671652934875151	0.157243644069582	0.669276232744403	0.681077645870048	0.00948110812858909	183.274016892684	0.705947606937818	0.91566373009579
CCNK	betareg	8	8	-0.0841925663976455	0.197123957144758	0.669303077861882	0.670452539490545	0.0196331180701757	70.5888036368468	0.705947606937818	0.91566373009579
OXA1L	betareg	8	8	0.140932967971931	0.330156506040304	0.669476090837115	0.684342780452682	0.00188186746102972	624.21936899475	0.705947606937818	0.91566373009579
RBM48	betareg	8	8	0.111457808487923	0.261182685457378	0.669566734321414	0.70328023140754	-0.00276641113588517	377.827336248236	0.705947606937818	0.91566373009579
FGF18	betareg	8	8	0.0786288565060009	0.184624726627816	0.670191823907819	0.670408828672776	-0.00895853953365521	229.768618418466	0.705947606937818	0.91566373009579
GFOD1	betareg	8	8	0.0470757215488924	0.110597814888336	0.670364471444629	0.668146567355027	-0.00601404307608448	1746.10771152028	0.705947606937818	0.91566373009579
SRRM4	betareg	8	8	-0.088584542355953	0.20816482307111	0.670435773914941	0.672837770932412	0.00958920109589925	940.003895914339	0.705947606937818	0.91566373009579
DUSP8	betareg	8	8	-0.132734756681035	0.312103986584183	0.670625160515057	0.668290748524701	0.0238993459463508	843.60448988524	0.705947606937818	0.91566373009579
ABCA5	betareg	8	8	0.0617002173125739	0.14517831057539	0.670839510179809	0.674985060459823	-0.0134078041474203	136.040432594207	0.705947606937818	0.91566373009579
B3GNT4	betareg	8	8	-0.0219773786360205	0.0517267673260114	0.670928245935182	0.672199845470684	0.00460988401581461	2022.32318626141	0.705947606937818	0.91566373009579
ZNF682	betareg	8	8	0.081096716939699	0.190881437527246	0.670943206370192	0.673604374366784	-0.0152118684771	107.877780973949	0.705947606937818	0.91566373009579
SPOCK2	betareg	8	8	-0.0202825072296837	0.0477693602183179	0.671133835339055	0.671555322737876	0.00284764034032649	5985.63534945085	0.705947606937818	0.91566373009579
ANKRD28	betareg	8	8	0.0822698767597201	0.193884814870706	0.671329927486223	0.670682168539423	-0.0119101747548405	417.949110511466	0.705947606937818	0.91566373009579
GREB1L	betareg	8	8	-0.0670774485316386	0.158390215499457	0.671934218480493	0.674179900928809	0.0136048998588452	219.534535470695	0.705947606937818	0.91566373009579
PIK3C2A	betareg	8	8	0.0627792391480017	0.148275079830332	0.672005558671796	0.671327761864572	-0.00835111066826427	210.80318814683	0.705947606937818	0.91566373009579
GLG1	betareg	8	8	-0.0756708450165108	0.178819501175911	0.672172062557524	0.671645259550571	0.0149397511434537	1720.13409577603	0.705947606937818	0.91566373009579
BNIP2	betareg	8	8	-0.0550128754709484	0.130068533249417	0.672329557595752	0.674433271025282	0.0127770783743818	151.947786386403	0.705947606937818	0.91566373009579
SIAH2	betareg	8	8	-0.0323760235872672	0.0766607271366832	0.672785128174886	0.673928988544503	0.00659432824584754	628.560164962191	0.705947606937818	0.91566373009579
GPT2	betareg	8	8	0.0503685545863953	0.119420925240541	0.673190515275697	0.672890374671277	-0.0102571708953101	474.560216641982	0.705947606937818	0.91566373009579
PCDHB9	betareg	8	8	-0.0836183233188686	0.198448506182049	0.673491999708131	0.673446399581416	0.0120473546621969	123.96941503021	0.705947606937818	0.91566373009579
NEU3	betareg	8	8	-0.102630214950804	0.243590002891069	0.673518805312585	0.672395375258868	0.0234023595470492	323.640793259252	0.705947606937818	0.91566373009579
TRIM52	betareg	8	8	0.0383345285237464	0.0909899546610998	0.673532334065793	0.672679309383514	-0.00838492466905338	284.611412649385	0.705947606937818	0.91566373009579
RAP2B	betareg	8	8	-0.10028406697822	0.238195539570511	0.673743601688596	0.677581749317046	0.0197990557322603	357.372739958815	0.705947606937818	0.91566373009579
STK24	betareg	8	8	-0.0580132078979547	0.137803578732548	0.673766203120723	0.674513528938926	0.0123120502399496	1725.50610222487	0.705947606937818	0.91566373009579
ZNF708	betareg	8	8	-0.0909080255483549	0.21611015173053	0.674006316872931	0.66666972298074	0.0116835277037807	295.819405726514	0.705947606937818	0.91566373009579
ERC1	betareg	8	8	0.0949979800065143	0.226064342235557	0.67432079666881	0.674533591022336	-0.0174667165123361	2394.61515834721	0.705947606937818	0.91566373009579
OSBPL11	betareg	8	8	0.0681780556933019	0.162546667948041	0.674896927747328	0.676058726235729	-0.0119090384803477	101.677809359066	0.705947606937818	0.91566373009579
RFT1	betareg	8	8	-0.101320213031173	0.241583759903293	0.674923872117952	0.675054509999604	0.0205800774517224	140.697357737106	0.705947606937818	0.91566373009579
RIF1	betareg	8	8	-0.0885245986302628	0.211411256070485	0.675412211811929	0.68378511921094	0.0232882517735711	106.407208400653	0.705947606937818	0.91566373009579
NFE2L1	betareg	8	8	0.0650554294109144	0.155603232713427	0.675884727941551	0.673287316329538	-0.0145687139480934	1640.78638434603	0.705947606937818	0.91566373009579
WDR1	betareg	8	8	0.0147693020053869	0.0353366221637664	0.675976209747468	0.676519838567628	-0.00285857524445941	2209.14254313856	0.705947606937818	0.91566373009579
GNPTAB	betareg	8	8	-0.0402993770449203	0.0964666287542401	0.676126554184453	0.675662061060195	0.00772621678616962	521.992284570714	0.705947606937818	0.91566373009579
TRIM67	betareg	8	8	0.105503690400113	0.252966059795743	0.676629706061399	0.674821655443768	-0.0195432145549956	979.543980889331	0.705947606937818	0.91566373009579
MTHFD2	betareg	8	8	0.0534887620025282	0.128258977736618	0.676651215052193	0.673345374573685	-0.0072664709426297	531.48354968779	0.705947606937818	0.91566373009579
ZNF626	betareg	8	8	0.10452981211353	0.250679567535063	0.676688817284832	0.670191130662802	-0.0195842149563332	152.217898133345	0.705947606937818	0.91566373009579
RNF138	betareg	8	8	-0.0473708402249022	0.11364264029152	0.676795171874651	0.671163028193773	0.00508141430435674	303.681008401829	0.705947606937818	0.91566373009579
RDX	betareg	8	8	0.0982129676705007	0.235616546472242	0.676799893133184	0.669886995674693	-0.0211986023703457	583.11719147785	0.705947606937818	0.91566373009579
NOVA1	betareg	8	8	0.0711021542954607	0.170593065599503	0.676829142439361	0.686534280865103	-0.0102636201883773	1497.57481700206	0.705947606937818	0.91566373009579
ZNF512B	betareg	8	8	0.145554771463312	0.349465793859396	0.677039418725331	0.68579924942391	-0.0134064995060803	217.995152758012	0.705947606937818	0.91566373009579
SLC6A17	betareg	8	8	-0.105658043581184	0.254039464174082	0.677474450173242	0.67481018613745	0.0171752223981873	588.255684449516	0.705947606937818	0.91566373009579
KRIT1	betareg	8	8	0.115904760969402	0.278785951977548	0.677594258431721	0.674729166631287	-0.0213698095881148	69.7827793105468	0.705947606937818	0.91566373009579
CTDSP2	betareg	8	8	-0.0580304142751718	0.139672929946913	0.677795241363635	0.678851347589875	0.00788966180676705	168.821644251994	0.705947606937818	0.91566373009579
AP1G1	betareg	8	8	0.0888235952131486	0.213991437672873	0.678083239836404	0.679497579277713	-0.0126485768342818	867.955534233615	0.705947606937818	0.91566373009579
BLZF1	betareg	8	8	0.0408332002303826	0.0984320869379549	0.678261762806271	0.682018887895112	-0.00693264267786082	192.36396809094	0.705947606937818	0.91566373009579
VAPA	betareg	8	8	0.0587221776823771	0.141576971997291	0.678308747217215	0.687420578700754	-0.0106514667323005	4514.68734726142	0.705947606937818	0.91566373009579
CYFIP2	betareg	8	8	0.0422477388494171	0.101921887432146	0.678499946094132	0.679014354411422	-0.00863954675307142	1777.88651823177	0.705947606937818	0.91566373009579
SORCS3	betareg	8	8	0.0892941254015281	0.215473857292058	0.678575211624842	0.678758274046829	-0.0168840382279616	82.9867168713435	0.705947606937818	0.91566373009579
PTGIS	betareg	8	8	-0.0955889461669761	0.230931479196111	0.678927024808714	0.682628994075675	0.0138180546075944	56.4432667986251	0.705947606937818	0.91566373009579
CEP104	betareg	8	8	0.0709106092139949	0.171337706541323	0.678973279804425	0.679940342190333	-0.0162036047370804	105.517882241898	0.705947606937818	0.91566373009579
RAB18	betareg	8	8	0.0284499265017731	0.0687769079779993	0.679126631659429	0.679534431715612	-0.00560416074239576	3810.58281618442	0.705947606937818	0.91566373009579
HIP1	betareg	8	8	0.0727407116416691	0.175950541277621	0.679302092760565	0.684180362467463	-0.00337622094155972	1380.02650403669	0.705947606937818	0.91566373009579
ANK1	betareg	8	8	0.0695172169166259	0.168237359202293	0.679453381727593	0.680062742929514	-0.0159970531192013	253.087490833122	0.705947606937818	0.91566373009579
LARP4B	betareg	8	8	0.0554247488819912	0.134259060751144	0.679738915050068	0.676951864430803	-0.00811817806258665	707.003803242341	0.706021343544893	0.915759371664675
GABRQ	betareg	8	8	-0.10688063948867	0.259236204916879	0.680126468673645	0.680863605841055	0.0220807882283662	213.24362835445	0.706040174463688	0.915783796691655
UBE2K	betareg	8	8	0.0332499568380849	0.0807281064569063	0.680430428313233	0.680903962879788	-0.00333456263708572	1190.97175550378	0.706040174463688	0.915783796691655
ELOVL2	betareg	8	8	0.0493192012586874	0.119752047256812	0.680453529371702	0.694032834177326	-0.00374426368713386	166.505472992572	0.706040174463688	0.915783796691655
MPI	betareg	8	8	-0.098647809969523	0.239726189004735	0.680704463591564	0.687440108280874	0.0139182815373475	357.722785493322	0.706040174463688	0.915783796691655
ZNF605	betareg	8	8	-0.0754104955114389	0.18379646069537	0.681590650227001	0.676323081052484	0.00355873433774632	582.51594048145	0.706040174463688	0.915783796691655
RNF165	betareg	8	8	-0.0921930963664212	0.224728182130619	0.681627920052832	0.678781377049504	0.0208967584606162	447.705242111161	0.706040174463688	0.915783796691655
CAMSAP1	betareg	8	8	-0.03520933389474	0.0858458098537966	0.681698693570846	0.680350236529466	0.00566233612667921	919.36670190832	0.706040174463688	0.915783796691655
PTGER3	betareg	8	8	-0.108991919421221	0.266173514720609	0.682189677748276	0.676288152569793	0.0133580887159188	167.767194351219	0.706040174463688	0.915783796691655
SYK	betareg	8	8	-0.135347292494137	0.330676215166673	0.682316147899116	0.681682041530849	0.0107304058110917	86.9039716195234	0.706040174463688	0.915783796691655
HDAC9	betareg	8	8	-0.134404075662981	0.328524602975184	0.682455865832134	0.683724315202803	0.0132632703320945	239.852518374373	0.706040174463688	0.915783796691655
VTA1	betareg	8	8	-0.0689941063428436	0.1687136312723	0.682582153792203	0.667417572541479	0.00164023208088183	2876.70217762556	0.706040174463688	0.915783796691655
HNRNPU	betareg	8	8	0.0403857385961322	0.0988688165401907	0.682922762932852	0.687826025714347	-0.00296121678472069	2303.11185360787	0.706040174463688	0.915783796691655
FBXW8	betareg	8	8	0.102673008351855	0.251453791113132	0.68304052007247	0.681315892649458	-0.0209008684658987	253.317019328723	0.706040174463688	0.915783796691655
CC2D1B	betareg	8	8	0.116474659009509	0.285274888051327	0.683061359109634	0.677307026537612	-0.00394317005650852	135.876707807657	0.706040174463688	0.915783796691655
AMD1	betareg	8	8	0.0264611725425029	0.0648174827176923	0.683096539736577	0.684568773294146	-0.00566889738536792	694.186829431882	0.706040174463688	0.915783796691655
ZKSCAN1	betareg	8	8	0.0587730032074999	0.144011326131151	0.683190161355724	0.684104739574199	-0.0101101192351867	2234.5838689638	0.706040174463688	0.915783796691655
PIP4K2B	betareg	8	8	-0.0555744410712516	0.136319892725006	0.683511061484585	0.684072518063197	0.0124683578293058	2714.78316851842	0.706150026647422	0.915926282705245
STARD4	betareg	8	8	0.0745227472869446	0.183177908353622	0.684130931164113	0.685589905152764	-0.0167531088804367	306.763585375013	0.706236753713027	0.916038773813101
RASA1	betareg	8	8	-0.0401170630148794	0.0986277262542717	0.684189860380963	0.680380940708176	0.00610566621506621	255.577137698792	0.706236753713027	0.916038773813101
ZNF207	betareg	8	8	0.0818678640801849	0.201305033190296	0.684238896653272	0.699019828141766	-0.00653284623513537	1037.13613154537	0.706236753713027	0.916038773813101
NUFIP2	betareg	8	8	-0.0876687892504867	0.216062376183157	0.684921266188144	0.685509786027798	0.0199131280549236	389.962504814629	0.706719379895753	0.916664773938852
SFRP1	betareg	8	8	0.071273051659079	0.176121158070299	0.685711320120798	0.688683714264029	-0.0162596258665337	311.318254771695	0.707078349343607	0.917130382576634
NETO2	betareg	8	8	0.0339135866232073	0.0838848084312459	0.686001253818723	0.687920244533599	-0.00690973188021126	907.631935407921	0.707078349343607	0.917130382576634
RPS6KC1	betareg	8	8	-0.0667401573718352	0.165225242162383	0.686260966729962	0.682224314820794	0.00513595582070636	499.952903717872	0.707078349343607	0.917130382576634
MRPS23	betareg	8	8	0.0766169259549654	0.189724489053935	0.686335852093989	0.687392847301583	-0.0168057998921511	734.63985865844	0.707078349343607	0.917130382576634
MEF2A	betareg	8	8	-0.058751123389718	0.145487660305897	0.686343589960115	0.688165150230915	0.0118293932440701	529.734314529684	0.707078349343607	0.917130382576634
MAP3K7	betareg	8	8	0.0742453150395113	0.184022172334037	0.686610936789265	0.691902519957006	-0.0129759045655214	477.821495030016	0.707132378862819	0.917200462665597
SLC49A4	betareg	8	8	-0.107206694451311	0.266038866558281	0.686967494718491	0.700648261329362	0.030958534367151	220.805817375911	0.707278223266988	0.91738963312219
TMEM245	betareg	8	8	0.0598409466655416	0.149327965309461	0.688615217167261	0.69653683384417	-0.00401183513089111	1244.05569382528	0.70850363753949	0.918979081677075
SLC7A6OS	betareg	8	8	0.0486029133091053	0.121355260458575	0.688787485554815	0.689279649753836	-0.0103219621352885	488.946224695245	0.70850363753949	0.918979081677075
NTMT1	betareg	8	8	0.0599382877571248	0.149666456512617	0.688803674387292	0.690632083200147	-0.014534555530782	1079.11872347141	0.70850363753949	0.918979081677075
PEX10	betareg	8	8	-0.0467962452508097	0.117271944619965	0.689863426580416	0.690528111528568	0.00696763632321979	846.301172919466	0.709216501578983	0.919903716506966
CRIM1	betareg	8	8	-0.126941355986712	0.318186190031186	0.689927787380224	0.703488007293533	0.0244536353351672	490.715716405576	0.709216501578983	0.919903716506966
USP38	betareg	8	8	0.0705041542732431	0.177080388450442	0.690521294719842	0.689480848907837	-0.0117930811173591	118.23666707419	0.709604919688318	0.920407522131258
ZCCHC8	betareg	5	7	-0.170339094916413	0.428567255989921	0.691026981745549	0.72047945582195	-0.00135384278995985	163.393407194108	0.709902876075356	0.920793992535124
C18orf25	betareg	8	8	-0.0619676142029983	0.156521236480367	0.692174763211454	0.691679579994127	0.00132056007430632	268.249971508119	0.710414790942803	0.921457982146267
INO80D	betareg	8	8	0.122590028923084	0.309849994974606	0.692368297878269	0.689392165876953	-0.0278844254723469	176.800929290549	0.710414790942803	0.921457982146267
LMBRD2	betareg	8	8	-0.0880062394834167	0.222445456837502	0.692377526693468	0.700252873904299	0.0253749685305579	543.139976614134	0.710414790942803	0.921457982146267
FEM1A	betareg	8	8	-0.0829663097155891	0.209714637707243	0.692388882086007	0.687819703817356	-0.00154286013729397	1709.69629183471	0.710414790942803	0.921457982146267
SLCO5A1	betareg	8	8	0.0533614571518277	0.135016260364307	0.692678726161869	0.692167846607951	-0.00665215369439251	311.762694921628	0.710490637229499	0.921556360118098
SMG7	betareg	8	8	0.0444719613234524	0.112653628512687	0.69301467851209	0.693379545178066	-0.00855845913970758	582.230151980103	0.710613715434487	0.921716001212091
EXTL2	betareg	8	8	0.0880642022759077	0.223940909066709	0.694136691094387	0.692918997505183	-0.0226697860791822	496.571594247161	0.711066864436389	0.922303767359738
LYRM2	betareg	8	8	-0.0313510564049478	0.079724853872429	0.694141720512408	0.694392284451185	0.00644983619749872	876.317192575552	0.711066864436389	0.922303767359738
RALA	betareg	8	8	-0.0193283690965681	0.0491747754865296	0.694279194183661	0.696698849993117	0.00369643686029197	1584.82956036697	0.711066864436389	0.922303767359738
NCAM2	betareg	8	8	0.0521133046229551	0.132703192099188	0.694536834185914	0.695812215045561	-0.0101488008300103	995.443458507684	0.711066864436389	0.922303767359738
CNTN1	betareg	8	8	-0.0319355837113316	0.0813219905361872	0.694537091915229	0.695429516294315	0.00772791659805968	4954.91568073321	0.711066864436389	0.922303767359738
ZNF621	betareg	8	8	-0.0699705254784421	0.178594268105396	0.695217202634052	0.695715301101833	0.000987405606140375	317.838567770156	0.711541773353757	0.922919757649186
SMIM12	betareg	8	8	0.0776192983919591	0.198383136620173	0.695605388812262	0.701654069117151	-0.0180352561892497	1559.57078678442	0.711688057154621	0.923109498034216
WBP11	betareg	8	8	0.048001438148837	0.122763900931117	0.695792702712295	0.706337706866093	-0.00454539590457963	1007.76470224228	0.711688057154621	0.923109498034216
RPL27A	betareg	8	8	0.0440120857198287	0.112654562410175	0.696032463168205	0.689997983038707	-0.00443755924716277	1517.26302531409	0.711712060218436	0.923140631697296
CADM2	betareg	8	8	0.0552554765825028	0.141631745250241	0.696436850209144	0.697167319268962	-0.0119185901453551	1369.00029588701	0.711896713207518	0.923380139619831
ZNF101	betareg	8	8	0.0913321686904458	0.234273755103862	0.696645747323303	0.695357568628128	-0.0258792556498025	58.7361329735416	0.711896713207518	0.923380139619831
LRRC47	betareg	8	8	0.0794318074103634	0.20434132513176	0.697482389727532	0.708339160972502	-0.00538961696351999	1608.98055311743	0.711952145822552	0.923452039622823
CYRIB	betareg	8	8	0.0544347380244814	0.140147530387471	0.697712456353897	0.698498645798844	-0.0119253853979409	1241.02005944763	0.711952145822552	0.923452039622823
DGKD	betareg	8	8	0.0516923195697532	0.133098779391039	0.697738091231094	0.698933071761738	-0.0126974839378384	999.834886092916	0.711952145822552	0.923452039622823
TBL1XR1	betareg	8	8	0.0968963256692007	0.249617312318027	0.697883196215854	0.699358962205629	-0.0229778619308413	859.919803490139	0.711952145822552	0.923452039622823
CACNG8	betareg	8	8	0.069862427888498	0.179981291311805	0.697893973750251	0.69728969846932	-0.0105246719253958	509.798877134382	0.711952145822552	0.923452039622823
HECTD4	betareg	8	8	0.0341309045844475	0.0879715281290088	0.69803326456478	0.69845813222662	-0.00527540109817716	745.957127779496	0.711952145822552	0.923452039622823
ZFPM1	betareg	8	7	0.143318166907738	0.369663676182089	0.698238937424714	0.677679250783303	-0.0342466198105568	119.317885948021	0.711952145822552	0.923452039622823
PTPRD	betareg	8	8	0.0703637927807636	0.181612373098318	0.698430924063372	0.709550507133691	-0.0130078075957481	278.902180912906	0.711952145822552	0.923452039622823
SLC22A23	betareg	8	8	0.0550505517456754	0.142227833233123	0.698712587782947	0.698555551724511	-0.0111232659114857	933.990461869204	0.712007357267009	0.923523652752012
PLXNA3	betareg	8	8	0.0635923056266704	0.164413961895625	0.698917853418228	0.695381170397386	-0.0120955280326374	485.156790237552	0.712007357267009	0.923523652752012
ALDH16A1	betareg	8	8	-0.0666581683127192	0.172786167610033	0.699656519770207	0.697478126934566	0.00997129082906601	50.4998329032843	0.71251069886016	0.924176522223014
NUCKS1	betareg	8	8	-0.0346593740387022	0.0899865103194337	0.700117479560586	0.701082601468652	0.00562736215732197	1332.90639743852	0.71251069886016	0.924176522223014
METRN	betareg	8	8	0.0882226312302666	0.229059199365589	0.700124730934564	0.695806782652895	-0.0231062506890479	315.673175708795	0.71251069886016	0.924176522223014
FRMPD4	betareg	8	8	0.081966942574976	0.212931509767553	0.700278086426717	0.701734120011306	-0.0125115983803277	509.95859919695	0.71251069886016	0.924176522223014
RASEF	betareg	8	7	0.134532215409969	0.349923657863001	0.700636338967134	0.707858532375316	-0.0362990266140163	73.3270613565468	0.712654846155579	0.924363491410116
NCAPD3	betareg	8	8	-0.0424149594223398	0.110474719253128	0.701027643650961	0.704195815301825	0.00303320755578335	493.957917229855	0.71268308521434	0.924400119456767
NT5DC1	betareg	8	8	-0.0497401268965513	0.129585683733329	0.701097278978809	0.703113911490733	0.00991998704347541	265.502988436026	0.71268308521434	0.924400119456767
SLC16A2	betareg	8	8	-0.0574197227005568	0.149805436692695	0.701500809354537	0.701192411395646	0.0113404614523716	1329.49118547057	0.712791435141095	0.92454065693733
ABHD18	betareg	8	8	0.100775955306549	0.263046036105121	0.701637110548269	0.712660211482113	-0.0201741402286308	81.1195551473157	0.712791435141095	0.92454065693733
ZNF136	betareg	8	8	-0.0574070438971921	0.150262696728769	0.702428322547134	0.705508534691778	0.00491303872360459	566.220746225316	0.712988500953163	0.92479626516488
FSTL3	betareg	8	8	-0.02798034918363	0.0732829890334121	0.702600568445504	0.705218891009938	0.00552704053599576	395.553138767649	0.712988500953163	0.92479626516488
HS6ST3	betareg	8	8	-0.107515145716542	0.281835560586717	0.702845750482504	0.70044084665587	0.0191673609837218	2311.51524434526	0.712988500953163	0.92479626516488
AMER3	betareg	8	8	0.0951004020653364	0.249417258767571	0.702987789077352	0.707869704739634	-0.0109610327587111	647.985243639715	0.712988500953163	0.92479626516488
COL1A1	betareg	8	6	0.108315372758787	0.284422358330477	0.703332512053959	0.704582841795485	-0.0110443161573106	149.346093381457	0.712988500953163	0.92479626516488
SRGAP3	betareg	8	8	-0.0772205876675966	0.202846636178254	0.703437307958593	0.707394975143553	0.0226125384776207	1340.00989604715	0.712988500953163	0.92479626516488
GALNT7	betareg	8	8	-0.0852786079469481	0.224180930952984	0.703647912695543	0.70705064880636	0.00802891358209677	81.9227619519768	0.712988500953163	0.92479626516488
SHOC2	betareg	8	8	0.023567161172232	0.0619669052834459	0.703708995994686	0.70490871481631	-0.00468945093115689	909.271844890905	0.712988500953163	0.92479626516488
IST1	betareg	8	8	-0.0646694486218386	0.170083753875632	0.703781225223882	0.722360701683579	0.00259012865686537	2000.16818813739	0.712988500953163	0.92479626516488
PPIF	betareg	8	8	0.0285951104635661	0.0754054427521482	0.704525894694552	0.703176154673541	-0.00401912806052405	740.290726465177	0.713315999538219	0.925221053878725
BCL11B	betareg	8	8	-0.153683282858981	0.405281054837091	0.704538056491531	0.705088843098574	0.0196118244833868	54.5372548872436	0.713315999538219	0.925221053878725
SRSF1	betareg	8	8	-0.0397569505131259	0.104950661879928	0.7048247840006	0.707302292439377	0.00360432514299936	1249.60205930526	0.713386795797928	0.925312881610138
PLPPR5	betareg	8	8	0.0344786402899544	0.0911956788686343	0.705376231634639	0.709132467254713	-0.00683182750173043	521.398116827814	0.713725401996451	0.925752077680394
DNAJC5	betareg	8	8	0.0617969914392588	0.163614084005485	0.705653686171439	0.707134102653993	-0.0116115524493783	1455.5452514385	0.713786649028325	0.92583151939124
UBE2QL1	betareg	8	8	0.0202712185884726	0.0539190306829718	0.706949117924849	0.706019422033407	-0.00357819116863391	3135.41668358215	0.714877251814481	0.927246107960435
EIF2S2	betareg	8	8	0.0639690246022441	0.170376927487399	0.707321429648559	0.706005114169154	-0.0086568439605988	367.230763689647	0.714925690378511	0.92730893618704
ZNF592	betareg	8	8	-0.0347904456284243	0.0926984327054258	0.70743155956537	0.707096957384794	0.00691860929943144	219.916811030539	0.714925690378511	0.92730893618704
MTG1	betareg	8	8	-0.084815927603045	0.22630053701703	0.707814189150416	0.70414227884237	0.0263043683941358	1517.13839950985	0.71500582414144	0.927412875317294
POU3F1	betareg	8	8	0.0440560913776277	0.117603070427595	0.707945442311093	0.713260079346201	-0.00616429726425457	197.912036538723	0.71500582414144	0.927412875317294
HUNK	betareg	8	8	0.0755981425418336	0.202032848404842	0.708264911262825	0.710496766641565	-0.0100212439771531	442.047453343025	0.715108985932877	0.927546683421214
MORC2	betareg	8	8	0.0954654904318021	0.256674879242981	0.709943800258744	0.716214649272186	-0.0121350901567733	560.443044497742	0.715543807051051	0.928110677013767
GOLGA6L9	betareg	8	8	0.116685736363128	0.313777584188766	0.709986637938931	0.725190193963037	-0.011090404187681	55.8839050285104	0.715543807051051	0.928110677013767
ZNF189	betareg	8	8	-0.0368408196022521	0.099118355932514	0.710127293192003	0.710085138247912	0.00178120499810011	370.716903169894	0.715543807051051	0.928110677013767
UBE2N	betareg	8	8	0.0508840261520478	0.136905692261027	0.710137000167153	0.705170585614335	-0.0054804502679445	5851.07339263855	0.715543807051051	0.928110677013767
LPIN1	betareg	8	8	0.0376578676798226	0.101436725008495	0.710455127201717	0.710157330801108	-0.00762512425161744	374.313355145003	0.715543807051051	0.928110677013767
MAK16	betareg	8	8	-0.0307960462709626	0.0829749157332126	0.71052665280249	0.705873432748517	0.00518323630872357	475.016877924336	0.715543807051051	0.928110677013767
LATS1	betareg	8	8	0.0714865215181362	0.192893957198351	0.710935401038622	0.717962439774298	-0.011805274622263	251.593313930529	0.715543807051051	0.928110677013767
PCCB	betareg	8	8	0.0348548798250378	0.0940739456845898	0.711006152151016	0.711917419187599	-0.00683008940354603	159.222453279062	0.715543807051051	0.928110677013767
FMR1	betareg	8	8	0.0460806297929984	0.124471661236893	0.711226169321587	0.70847546549551	-0.00289045746495457	499.626111653556	0.715543807051051	0.928110677013767
SLC9A7	betareg	8	8	0.0872371931909598	0.235825512017042	0.711440140726889	0.725332230202245	-0.00720565028245883	1639.52153027447	0.715543807051051	0.928110677013767
FAT3	betareg	8	8	0.0629816197364319	0.170278945726574	0.71147696567048	0.710846242771513	-0.0161062191085092	308.86019212235	0.715543807051051	0.928110677013767
DUSP18	betareg	8	8	0.0205826060402347	0.0556739890606205	0.711606938144628	0.71208697953032	-0.0042141829823877	810.721103729717	0.715543807051051	0.928110677013767
PITPNM2	betareg	8	8	-0.0466790608287485	0.126311009226452	0.711712930411689	0.711972449316006	0.00620627739958786	398.139396731039	0.715543807051051	0.928110677013767
CALCOCO2	betareg	8	8	0.0363825483685333	0.0985377545676348	0.711960431942454	0.710862256650231	-0.00461350903293034	220.959713760594	0.715543807051051	0.928110677013767
AGAP1	betareg	8	8	0.0589731131876554	0.160147603540759	0.712692612454202	0.71318547208697	-0.0131928450926319	916.619732184749	0.715543807051051	0.928110677013767
PHC1	betareg	8	8	-0.0369864875372352	0.10056205346162	0.7130241170098	0.70982980704898	0.00598204438806194	675.055570640311	0.715543807051051	0.928110677013767
DNAJB1	betareg	8	8	0.0173810424917371	0.047333862847802	0.71346908210666	0.714156264993293	-0.00370052744238852	1144.90560528806	0.715543807051051	0.928110677013767
RSL1D1	betareg	8	8	-0.044652430967456	0.1216078952631	0.713482033555751	0.715111793329263	0.0084910388824363	715.217951478036	0.715543807051051	0.928110677013767
PWWP2A	betareg	8	8	-0.0367216338965628	0.100141179459332	0.713843824246652	0.714293538575533	0.00299746458495811	188.039941700198	0.715543807051051	0.928110677013767
DUS4L-BCAP29	betareg	8	8	-0.0451838927388083	0.123229560784832	0.713869365820329	0.718050251692349	0.00240183557324048	793.40984625729	0.715543807051051	0.928110677013767
TRIM13	betareg	8	8	-0.0426271020584404	0.116366870687972	0.714128936271252	0.714918627406779	0.00871889164048478	729.007087970877	0.715543807051051	0.928110677013767
ERCC1	betareg	8	8	0.0494605709323464	0.135049694350188	0.71418615774302	0.713430582149562	-0.00920107604507056	508.980730048536	0.715543807051051	0.928110677013767
RCBTB1	betareg	8	8	0.0311560945838884	0.0850789973812932	0.714214388630871	0.714071852202251	-0.00579336718955636	412.221323187772	0.715543807051051	0.928110677013767
NDC1	betareg	8	8	0.0375920464425853	0.102863632940364	0.714771665238727	0.718961985609006	-0.0048125715946557	220.983232951993	0.715543807051051	0.928110677013767
RAC1	betareg	8	8	-0.0354441104638608	0.0970882413212809	0.715058337684489	0.716052965415927	0.00709791791209763	1654.02734354344	0.715543807051051	0.928110677013767
SLC6A6	betareg	8	8	-0.0947639318478958	0.259656589472464	0.715142234106772	0.726994500330845	-0.00136564859044905	254.748573766058	0.715543807051051	0.928110677013767
ZNF597	betareg	8	8	-0.100191119841324	0.274555363889532	0.715170100946853	0.717552420862408	-0.00513866246697833	149.352245913261	0.715543807051051	0.928110677013767
POU2F2	betareg	8	8	0.0640455873741569	0.175576106565869	0.715280162888785	0.715823863106143	-0.0132567341378695	122.534203547152	0.715543807051051	0.928110677013767
ABCD2	betareg	8	8	-0.0683048098496333	0.187302380070285	0.715352769275958	0.716873251790695	0.0101227838995517	144.027460541774	0.715543807051051	0.928110677013767
RHOU	betareg	8	8	0.0338199966866261	0.092805944462954	0.715547183234339	0.716222964148622	-0.00709950476302725	592.40654148013	0.715543807051051	0.928110677013767
TMOD2	betareg	8	8	-0.0688239858912178	0.189150298568386	0.71596350995324	0.715350812686713	0.0149706793927261	4678.56519810732	0.715543807051051	0.928110677013767
SFMBT2	betareg	8	8	0.0770549018230382	0.211772717652421	0.715965091729605	0.719136341401459	-0.00117037462701834	232.836793159419	0.715543807051051	0.928110677013767
RPS6KA2	betareg	8	8	-0.0434632425216918	0.119581535166471	0.716260427771442	0.712742728030504	0.00888316320316657	2781.18073728885	0.715543807051051	0.928110677013767
GRIP2	betareg	8	8	0.119006313161532	0.327434030847954	0.716267811176003	0.732832980173134	-0.0354515816093887	239.571091290768	0.715543807051051	0.928110677013767
MYO5A	betareg	8	8	-0.0277083799476403	0.0762951097622286	0.71647510679211	0.71711103854419	0.0057509772126456	536.881459120637	0.715543807051051	0.928110677013767
TSPAN18	betareg	8	8	0.063711520864158	0.175461530779197	0.716524058284996	0.718262275888747	0.00197875652907852	611.75396387606	0.715543807051051	0.928110677013767
ORC2	betareg	8	8	-0.0589248789219558	0.162410606529006	0.71674366222976	0.71767755321569	0.0116522505545767	67.3859029138135	0.715545949425508	0.928113455824216
RIMS2	betareg	8	8	0.0687695737220359	0.189892348285921	0.717239705983674	0.720460242490585	-0.016303732025058	168.110625717248	0.715823984659682	0.928474087090786
ARIH1	betareg	8	8	-0.0255502885312165	0.0706452737426454	0.717598517119055	0.719154175754912	0.0037749524996777	1319.68112773823	0.715848188447357	0.928505481106839
PTPRE	betareg	8	8	0.06735250347657	0.186402524890712	0.717854056274329	0.719809728699761	-0.0142339458225449	232.206232343847	0.715848188447357	0.928505481106839
SIRT5	betareg	8	8	-0.0578706766681237	0.160198042436121	0.717916609103226	0.715020002578353	0.00632643735191758	220.50377533683	0.715848188447357	0.928505481106839
SERPINB9	betareg	8	8	0.0639108271952898	0.177271449402387	0.718454404696235	0.721416671292737	-0.0138409689971148	1180.86661735687	0.715971052219582	0.928664844066446
HTR2C	betareg	8	8	-0.0566341999731277	0.157339967840296	0.718886052813675	0.71848433565344	0.0107398981296497	182.100724098807	0.715971052219582	0.928664844066446
ZKSCAN3	betareg	8	8	0.04917601739559	0.136652049251499	0.718949582146344	0.71955182582808	-0.00997490437019024	146.378389991831	0.715971052219582	0.928664844066446
THUMPD1	betareg	8	8	-0.0995352145479728	0.276604241251482	0.718961531334398	0.710545707633824	0.0176199481391799	765.296654132896	0.715971052219582	0.928664844066446
TIMM13	betareg	8	8	0.0342314383448078	0.0952342041699459	0.719262374219442	0.719014274620378	-0.00466516002770655	2327.95990442858	0.715971052219582	0.928664844066446
KDM5B	betareg	8	8	0.0235367535372562	0.0655267097463564	0.719450506451993	0.719558992605415	-0.00426977377387431	799.312340586735	0.715971052219582	0.928664844066446
TFDP2	betareg	8	8	-0.0869310476810679	0.242118783783117	0.719562942672853	0.718473367777607	0.0198900468964579	177.391493797426	0.715971052219582	0.928664844066446
TRIM35	betareg	8	8	0.0236873517238418	0.0661962878797819	0.720466761833817	0.720740428861009	-0.00486706798447282	281.727841127334	0.716319809059539	0.929117206233033
SHROOM2	betareg	8	8	-0.0221992043594539	0.0620725933975068	0.720618020515259	0.719842684229126	0.00440013391195542	836.300816181317	0.716319809059539	0.929117206233033
DCX	betareg	8	8	0.135990927465726	0.380389995549877	0.720714566667927	0.71787670741557	0.00243258596858585	7227.33433314941	0.716319809059539	0.929117206233033
SHH	betareg	8	8	-0.128273814982713	0.359184393354394	0.720998045123065	0.72835785446602	0.0108946589267016	79.8377751986874	0.716319809059539	0.929117206233033
CASZ1	betareg	8	8	-0.0454982397539759	0.127414918079854	0.721026506485034	0.721208784486092	0.0106335742260111	189.272902561963	0.716319809059539	0.929117206233033
DOCK5	betareg	8	8	0.0496117304277103	0.139034918524721	0.721219612054836	0.72278544573829	-0.0106826642354482	152.925595978325	0.716319809059539	0.929117206233033
NADK	betareg	8	8	0.0187123782789994	0.0525241762215957	0.721644218844174	0.722326976130818	-0.00385857709567713	305.637500959422	0.716487865163266	0.92933518682719
SLC30A6	betareg	8	8	0.0388436427705183	0.10910470283621	0.721824307481756	0.721798624264638	-0.00781651140151618	289.524235316833	0.716487865163266	0.92933518682719
UBE2J1	betareg	8	8	0.00874767026553656	0.0246118703292311	0.722271336640757	0.722726325057823	-0.00183540502274763	1313.80403517182	0.716715385702399	0.929630296979117
GNG4	betareg	8	8	0.0350431167429784	0.0988400972294698	0.722931589376964	0.723711142362684	-0.00745866787963052	2588.98778744058	0.717103318398703	0.930133472988544
LCMT2	betareg	8	8	0.108843172205621	0.30743134240164	0.723308468307778	0.750167592749028	-0.00434787411334301	747.497608171959	0.717103318398703	0.930133472988544
SRCIN1	betareg	8	8	0.0895583780366028	0.253176725652004	0.723534799177416	0.718921470629197	-0.0167532026845444	798.146187924534	0.717103318398703	0.930133472988544
CYLD	betareg	8	8	-0.0316464429486962	0.0895319572546667	0.72373961497003	0.724113487714443	0.00608064896486188	536.488206654311	0.717103318398703	0.930133472988544
SNX1	betareg	8	8	-0.104909563443955	0.296816782617729	0.723751936221873	0.727478657970269	0.0192959307097187	186.1778424829	0.717103318398703	0.930133472988544
TAF8	betareg	8	8	-0.0645711186036688	0.182905954575696	0.724066648960473	0.72518312505682	0.0143373411372793	87.3506706216287	0.717199181283018	0.930257813896237
ZNF302	betareg	8	8	-0.0339146912352152	0.09625870634447	0.724591873063445	0.7257020020978	0.00298755833399736	783.864082163312	0.717381857441335	0.930494757730142
PXDN	betareg	8	8	-0.0625055750976554	0.177471034442627	0.724687107473053	0.718645902968127	0.00902046368997173	810.43941184601	0.717381857441335	0.930494757730142
DGKH	betareg	8	8	-0.122400739224055	0.350561186835792	0.726971773967398	0.721242166979503	0.023486955689838	166.791107825276	0.719315444120042	0.933002755736351
CRK	betareg	8	8	0.0299012749591477	0.08567317435593	0.727077592684889	0.727182624537169	-0.00489072344435849	2176.84066960454	0.719315444120042	0.933002755736351
PPP2CA	betareg	8	8	0.0328341158845512	0.0942134553076853	0.727458922007374	0.727814284976732	-0.00162633491116435	7852.59622900662	0.71947638362333	0.93321150559888
RBM39	betareg	8	8	-0.0275153536805043	0.0791634975987683	0.728158425763263	0.728770101742842	0.0058897386658532	585.843406577427	0.719951814899735	0.933828173424762
ZBTB44	betareg	8	8	0.0427717354421114	0.123274423821481	0.72861867985586	0.72816869967318	-0.0107546574090671	205.298873922534	0.7201530790222	0.93408922715637
ZNF527	betareg	8	8	0.0482132597547874	0.1390542598458	0.728799701600448	0.72758016059984	-0.00418419783897906	136.431490440929	0.7201530790222	0.93408922715637
SH3PXD2B	betareg	8	8	0.0614314414219806	0.177406953925366	0.729136696821609	0.727216918927426	-0.0137210859311706	711.146468289322	0.720269778835091	0.934240595026907
TBC1D1	betareg	8	8	0.05772840562505	0.166912260056941	0.729447339450383	0.731708796673581	-0.00979487045979438	115.830131612076	0.720360384290227	0.934358116678942
IGF2BP1	betareg	8	8	0.111702093852562	0.323832649957934	0.73014119729505	0.7361020489855	-0.0278848089427436	61.5049535672863	0.720829263216185	0.934966285645146
CERS6	betareg	8	8	-0.05793900615339	0.168446270797897	0.730875355285059	0.726126350683251	0.00638731606941785	3120.51282180979	0.720958578968219	0.93513401727665
HNRNPR	betareg	8	8	0.0619539816076656	0.180137178702528	0.730901427582096	0.745158842560493	-0.0036410426249486	1827.13100968628	0.720958578968219	0.93513401727665
FNDC5	betareg	8	8	0.0680494935922011	0.197919365080728	0.730978399899564	0.731357557962755	-0.0155787272039732	467.910138635637	0.720958578968219	0.93513401727665
CDC27	betareg	8	8	-0.0210335271768437	0.0612239346588831	0.7311841866688	0.731504513463614	0.00431977999780694	374.370553691311	0.720958578968219	0.93513401727665
VWA5A	betareg	8	8	0.0307680118976336	0.0896225072027389	0.731367701422084	0.730259313653972	-0.00525167016158511	502.274816750306	0.720958578968219	0.93513401727665
SPPL3	betareg	8	8	0.0634355220751608	0.184941880023312	0.731596600255746	0.727538653592271	-0.00198691979885303	2149.746189315	0.720961233611431	0.935137460535726
HEATR1	betareg	8	8	0.0193154312667093	0.056425525919237	0.732112149877402	0.731959454488812	-0.00358209843027775	733.613995071988	0.720961233611431	0.935137460535726
NUB1	betareg	8	8	0.0446288568258511	0.130423121749795	0.73221155225125	0.729715999251974	-0.0096318662313004	196.085171311729	0.720961233611431	0.935137460535726
PDK3	betareg	8	8	0.0929078400696546	0.271550535987172	0.732246811881536	0.731734278020554	-0.00334104870977437	1184.94171533156	0.720961233611431	0.935137460535726
PNPLA4	betareg	8	8	0.0421143857853746	0.123442033383819	0.732977635538909	0.731823631236577	-0.00534660446833937	266.768115574733	0.721184003302686	0.935426408503596
SEMA3A	betareg	8	8	-0.0492672850006509	0.144694948763153	0.733487022023232	0.73293009957316	0.0103872925840208	385.720818968032	0.721184003302686	0.935426408503596
ZMIZ1	betareg	8	8	0.0434105369045822	0.127587544804406	0.73367490827924	0.734248678335959	-0.00594454267953933	1956.57396812221	0.721184003302686	0.935426408503596
AGBL4	betareg	8	8	-0.0580683455678628	0.170804843895444	0.733879901601082	0.734810911853122	0.00791731971895278	92.1661690440631	0.721184003302686	0.935426408503596
GPR161	betareg	8	8	0.0632001073129665	0.185942833321216	0.733939376986451	0.736145529679636	-0.0183532845611412	575.866336872309	0.721184003302686	0.935426408503596
WWC2	betareg	8	8	-0.093435059062028	0.275423380365539	0.734427758162498	0.738329085205467	0.0275615634978393	59.5565193796406	0.721184003302686	0.935426408503596
CDC42EP3	betareg	8	8	-0.0583513336841362	0.172311680808232	0.734882230599832	0.731418804075335	0.0092758395017563	1025.24866914315	0.721184003302686	0.935426408503596
DCC	betareg	8	8	0.138424999999167	0.408838052453005	0.734925023087613	0.73327516313873	-0.0220166822663819	296.956938670479	0.721184003302686	0.935426408503596
TMTC4	betareg	8	8	0.0326920907373318	0.0965777583933856	0.734982374015184	0.735111920751584	-0.00677700259426513	303.642968937041	0.721184003302686	0.935426408503596
SLITRK2	betareg	7	8	-0.152811034791209	0.451484941145501	0.735014159744911	0.715964844023644	0.0165375897026422	109.712738993381	0.721184003302686	0.935426408503596
GZF1	betareg	8	8	-0.0640656969598565	0.189428790212541	0.735208974844654	0.745557694959284	-0.000352796321176111	331.548931938854	0.721184003302686	0.935426408503596
QRSL1	betareg	8	8	-0.0870221563283546	0.257571222590532	0.735471199472253	0.742446774086081	0.0248784191856876	120.405937114435	0.721184003302686	0.935426408503596
ST8SIA2	betareg	8	8	0.0450253169706543	0.133416459518133	0.735755480695701	0.736481500721937	-0.0104937956192336	1646.22743742023	0.721184003302686	0.935426408503596
FOXK2	betareg	8	8	0.0356660486454724	0.105728264482025	0.735862919898613	0.737524877560649	-0.00585808593709253	601.908433424054	0.721184003302686	0.935426408503596
SPOUT1	betareg	8	8	0.0144762115521379	0.0429179998925554	0.735891283278004	0.736429516214685	-0.00306456671177203	1352.7751459862	0.721184003302686	0.935426408503596
MYT1L	betareg	8	8	0.0422130964021885	0.12519385888075	0.73597982187326	0.736207978119839	-0.00864042033590245	275.774447363436	0.721184003302686	0.935426408503596
APLP2	betareg	8	8	0.0168767512688539	0.0501748288703274	0.736600223394888	0.73717618465376	-0.00327090653617634	6007.67149369913	0.72150719001521	0.935845604415303
SNX18	betareg	8	7	-0.104080151163056	0.309749307380238	0.736860193814181	0.747808946710384	0.0205750996266417	76.9547419901531	0.72150719001521	0.935845604415303
SORBS2	betareg	8	8	-0.0394345168005304	0.117409387358641	0.736967449962473	0.737140651552508	0.00778150837071471	273.868801357943	0.72150719001521	0.935845604415303
KLHL3	betareg	8	8	-0.0891402762195673	0.265781448020332	0.737331374783666	0.738681272117894	0.00687181177781431	197.147391636504	0.721587994460989	0.935950413468415
UPF3A	betareg	8	8	-0.045687592861351	0.136307239410662	0.737488575560984	0.73651615245793	0.00934762609373707	122.353339104276	0.721587994460989	0.935950413468415
UBE2A	betareg	8	8	-0.0110524860101073	0.0330188641000435	0.737826903825339	0.737537471696366	0.00214696285780698	1675.40067716134	0.721603343479923	0.935970322226222
ZSCAN25	betareg	8	8	0.0374498816887476	0.112005401899476	0.738109566490247	0.741708601742775	-0.00558646714318257	286.520707481278	0.721603343479923	0.935970322226222
TSPAN14	betareg	8	8	-0.0385777984148952	0.11540284323927	0.73816216134336	0.740387446693535	0.00949083536851989	1391.39929714046	0.721603343479923	0.935970322226222
SETD6	betareg	8	8	-0.0431906781999519	0.129551144551876	0.738842112173855	0.743477394519569	0.00558293522858493	550.306460236952	0.72197253776847	0.936449193201998
PPP1CB	betareg	8	8	0.0402137166999701	0.120687186276781	0.738978651055372	0.734899311589732	-0.00699975804963582	4558.4445075401	0.72197253776847	0.936449193201998
KBTBD11	betareg	8	8	0.0442714973050897	0.133003744506455	0.739240697337425	0.738160447856833	-0.00957678948146493	1493.63159132334	0.722014178824106	0.936503204581813
SHFL	betareg	8	8	-0.0288718876599767	0.086904221503306	0.739718214881045	0.742083786957502	0.00356359302172773	593.390873412395	0.722231576500673	0.936785184668556
PRTG	betareg	8	8	-0.0872403336031905	0.263015698825645	0.740121467608375	0.751075381496834	0.0252256934362854	86.0885560310251	0.722231576500673	0.936785184668556
USP8	betareg	8	8	-0.0650616071644881	0.196150597773787	0.74012175321049	0.738532497477764	0.0105608311505033	190.385200656788	0.722231576500673	0.936785184668556
PCDH10	betareg	8	8	-0.0354818567304332	0.107193624966121	0.740639081748268	0.743676580477471	0.00459183129445622	830.623884783997	0.722522129111363	0.937162051853427
FGF14	betareg	8	8	0.0388559654192939	0.117874184334486	0.741672512156176	0.740159944785786	-0.00637599348911191	1081.52943079042	0.723124110249453	0.937942863756369
RER1	betareg	8	8	0.0245437748436004	0.0744633805584788	0.741695680688319	0.742456649066818	-0.00413871933414701	1748.81987527311	0.723124110249453	0.937942863756369
USP9Y	betareg	7	6	-0.0632423118272844	0.192681500343505	0.742743797474773	0.748930997711804	0.00780063090977934	118.187752431268	0.723808402691993	0.938830439214172
CHD6	betareg	8	8	-0.0288283364273135	0.0879068327425825	0.742955569370488	0.74371162218827	0.0055729777649759	242.853936062732	0.723808402691993	0.938830439214172
ZDBF2	betareg	8	8	0.131285901024132	0.400757767720962	0.74321854428053	0.735497677692019	-0.0124374939926554	515.133249960093	0.723808402691993	0.938830439214172
KCNJ6	betareg	8	8	-0.0465551431474039	0.142146039504393	0.743277425985166	0.746947753191392	0.00874312473306739	1525.89099662582	0.723808402691993	0.938830439214172
UBR1	betareg	8	8	0.0529191797459021	0.162253007794525	0.744309184441132	0.741588408730887	-0.00223678163510456	310.908711219213	0.724594713099882	0.939850339152957
RRP15	betareg	8	8	-0.0630438498462569	0.193832689812179	0.74499277727159	0.745187957200231	0.00642138744607488	145.015438944485	0.724594713099882	0.939850339152957
ELOVL6	betareg	8	8	0.0460053755125613	0.14171877759289	0.745465345369281	0.743909283334033	-0.010328705043878	1134.2699052363	0.724594713099882	0.939850339152957
WSCD1	betareg	8	8	0.061793652885025	0.190510139007073	0.745666356924146	0.747071728493242	-0.0168924110168042	174.103673226507	0.724594713099882	0.939850339152957
RASGEF1A	betareg	8	8	0.0492172242248368	0.151860347611043	0.745865888567109	0.747309158958806	-0.00518190350878683	152.182123714743	0.724594713099882	0.939850339152957
BEND4	betareg	8	8	-0.0945204156050038	0.291651374665115	0.745872177709613	0.763704333373049	0.0125801040877015	254.409059107973	0.724594713099882	0.939850339152957
JMJD6	betareg	8	8	-0.0296336387374759	0.0915105438869057	0.746068568185172	0.746985740357872	0.00531682182683072	214.878439240287	0.724594713099882	0.939850339152957
ZNF879	betareg	8	8	0.127903768387916	0.39505057314757	0.746115535220672	0.748712110862683	-0.0108002327766598	222.186002872056	0.724594713099882	0.939850339152957
ZNF48	betareg	8	8	0.0345928398778823	0.107047733969143	0.746579065646347	0.743928591491474	-0.00675737360178509	663.72394981198	0.724594713099882	0.939850339152957
VIRMA	betareg	8	8	0.0459539291346096	0.142306862267158	0.746754779931749	0.751361445900684	-0.00562547340348409	68.0010647809029	0.724594713099882	0.939850339152957
USP7	betareg	8	8	0.0630966650390982	0.195453236068306	0.746829816424154	0.754696908768482	-0.0095204178132636	630.456875964149	0.724594713099882	0.939850339152957
IKZF2	betareg	8	8	-0.0784616542905748	0.243434085692276	0.747216569473971	0.738090809869648	0.00353661218408217	122.68847126406	0.724594713099882	0.939850339152957
SETBP1	betareg	8	8	0.0483892365027749	0.150209949903787	0.747343594202726	0.746807127446001	-0.0127463566885262	144.13841806282	0.724594713099882	0.939850339152957
CXADR	betareg	8	8	0.058138446031038	0.18065611486103	0.747590340347868	0.745033846028272	-0.0147092490514725	5069.43365923337	0.724594713099882	0.939850339152957
AGO4	betareg	8	8	-0.0805539117612936	0.250377832013958	0.747657696775357	0.74786737100148	0.0241576095190509	172.934408579721	0.724594713099882	0.939850339152957
SESTD1	betareg	8	8	0.0507869127981462	0.158024719022276	0.747917984973402	0.749163545607742	-0.0115626317719246	1176.13356108993	0.724594713099882	0.939850339152957
PPP2R2B	betareg	8	8	-0.0428110193333786	0.133527280300538	0.748501201931341	0.7475349656975	0.00709126311407561	1749.20759515255	0.724594713099882	0.939850339152957
QSER1	betareg	8	8	-0.036086357786582	0.11257745223623	0.74855375321726	0.746283701014735	0.007178237623341	173.932879353491	0.724594713099882	0.939850339152957
PLEKHA3	betareg	8	8	0.0581306303528195	0.182145428522942	0.749617279184246	0.75167377320086	-0.011420221232883	239.939571873199	0.724594713099882	0.939850339152957
FGF13	betareg	8	8	0.050926638360872	0.159589851013844	0.749643476226658	0.748084009116897	-0.000820569983406025	10368.1165471597	0.724594713099882	0.939850339152957
MLXIP	betareg	8	8	-0.0404028046180748	0.126671811152851	0.749759456795459	0.747127483358395	0.00499646774855136	595.822857813142	0.724594713099882	0.939850339152957
DLD	betareg	8	8	-0.0397867489530958	0.124749882085649	0.749777959066759	0.74712858842846	0.00127112549685381	1083.94522827899	0.724594713099882	0.939850339152957
TSC22D1	betareg	8	8	0.0699657245446715	0.219559713486247	0.749981495930607	0.756323337059319	5.90890575690302e-05	8420.75430336406	0.724594713099882	0.939850339152957
CACNB4	betareg	8	8	0.0816176098319337	0.256375169172205	0.750217760722545	0.752546935082254	-0.0148271595504016	229.633132309116	0.724594713099882	0.939850339152957
RPIA	betareg	8	8	0.0438052016075467	0.137645633755796	0.750298181011827	0.750723284122321	-0.00877133949988465	99.6466069007714	0.724594713099882	0.939850339152957
NANOS1	betareg	8	8	-0.0395936754968278	0.124434410620877	0.750341485931086	0.75671269399075	0.00261610394962798	1021.18335498851	0.724594713099882	0.939850339152957
RANBP3	betareg	8	8	0.0442287752135101	0.139004610881469	0.750346830553649	0.748322455239758	-0.00681020705453005	127.046052937566	0.724594713099882	0.939850339152957
GPLD1	betareg	8	8	0.0790529448013059	0.248564236731538	0.750455892415919	0.751306633314109	-0.016248395699303	395.171640381263	0.724594713099882	0.939850339152957
HIC2	betareg	8	8	0.103543649370285	0.325905034899476	0.750704085373298	0.749108516486894	-0.0192325646066682	411.054401121128	0.724594713099882	0.939850339152957
CEP43	betareg	8	8	-0.0866776591534007	0.272833252117658	0.750716584798512	0.743669245980903	0.00987310616144329	327.334727330457	0.724594713099882	0.939850339152957
LCOR	betareg	8	8	-0.0788178644439659	0.248293806668519	0.75091135344695	0.740976873817806	0.014141294553708	376.159246872028	0.724594713099882	0.939850339152957
MEGF9	betareg	8	8	0.0331356894081344	0.104579118128676	0.75135890427478	0.751467865567957	-0.00802282645936241	576.006463924454	0.724675030739645	0.939954516784406
TMOD3	betareg	8	8	0.0554809816913341	0.175221735745165	0.751522102175548	0.754416667126371	-0.000138838127393897	703.25235499967	0.724675030739645	0.939954516784406
YTHDF1	betareg	8	8	0.0257231064238718	0.0812845557921353	0.75165528720365	0.751740880879915	-0.00421053888990633	647.695752341296	0.724675030739645	0.939954516784406
TSPAN3	betareg	8	8	0.0434049428045079	0.137611224215242	0.752444932464295	0.754473919548342	-0.00558308525358042	10564.5372025403	0.725042239672757	0.940430812614454
OPCML	betareg	8	8	-0.043630666426135	0.138408735661158	0.75258658657129	0.755144821683926	0.00704762695287058	736.786881819064	0.725042239672757	0.940430812614454
UQCC2	betareg	8	8	0.0471873552469616	0.149763733997575	0.752701937770224	0.753206686173744	-0.00933955207921398	673.167458715476	0.725042239672757	0.940430812614454
PTEN	betareg	8	8	0.0614060708534999	0.195067049795132	0.752917546088001	0.753294474633606	-0.00152057038891814	2064.57988554003	0.725042239672757	0.940430812614454
FBXL19	betareg	8	8	0.0369780808756206	0.1179116445418	0.753818487353546	0.75385562896994	-0.00564698949768451	104.079409219445	0.725697446808967	0.941280662382953
BCL7A	betareg	8	8	0.0946047332891384	0.302152642126097	0.754202825864531	0.747670872472582	-0.0118712662742869	937.927790380875	0.725761541591856	0.941363797827287
TSPYL5	betareg	8	8	0.0376911204059265	0.120509068014205	0.754458566663879	0.7541486489809	-0.00620881893529346	1619.82314408671	0.725761541591856	0.941363797827287
TMEM18	betareg	8	8	0.0530295641544198	0.169613311572237	0.754546755474964	0.755666922950096	-0.0095056691023858	407.546899124568	0.725761541591856	0.941363797827287
CLASP1	betareg	8	8	-0.0561556824117166	0.179868948910945	0.754886011679978	0.757079947164372	0.0127761976404299	1434.43920625919	0.725875673200261	0.941511834555858
HIVEP2	betareg	8	8	0.0490156873983661	0.157239792487984	0.755248980141701	0.754008401477063	-0.0104893845304405	302.846946908921	0.726012532454932	0.941689350641187
VPS54	betareg	8	8	-0.0521148111734827	0.167385204348359	0.755537158790197	0.758639995622898	0.0079595187461839	113.593032393716	0.726077438141382	0.94177353788451
RAD54L2	betareg	8	8	0.0591152442840928	0.190678109676145	0.756540894914023	0.760443716897853	-0.0107894477249883	859.001433307474	0.726679372021422	0.942554288490436
PACSIN1	betareg	8	8	0.0548704391931878	0.177034642020172	0.756605199711395	0.760080396048222	0.000695015301044211	408.437444151092	0.726679372021422	0.942554288490436
SEMA4D	betareg	8	8	0.0497917241092579	0.161000504912928	0.757120411193638	0.762466926790231	-0.0103822980390342	203.412935501117	0.726962015734743	0.9429208972788
DMWD	betareg	8	8	-0.0308424016880267	0.0999451108245401	0.757630841073295	0.757760411813548	0.00709450567774383	610.593741158564	0.72723990474749	0.943281338885888
USP46	betareg	8	8	-0.070872921616586	0.229999130414042	0.75797253171621	0.748860239045765	0.00354011633419984	729.225296330885	0.727355708334482	0.943431544288359
CHIC1	betareg	8	8	0.0758499920793632	0.246968714949021	0.758749075415898	0.759743998675912	-0.00497078167214141	172.474890390341	0.727531132373643	0.943659081613321
STOX2	betareg	8	8	-0.0283208186654501	0.092226796635839	0.758784015836046	0.758838526971677	0.00577726758150969	569.363969966467	0.727531132373643	0.943659081613321
NIPAL3	betareg	8	8	0.0324786708877083	0.105782521483296	0.758818642946794	0.761037949474241	-0.0043399403082937	2061.79068439441	0.727531132373643	0.943659081613321
SLC30A9	betareg	8	8	-0.0648956607182741	0.212627834441811	0.760207938144081	0.749708529980994	-0.000222387322505152	1934.34024201752	0.728238707542919	0.944576856406316
TNFRSF10B	betareg	8	8	0.0281054965860243	0.0921906585867471	0.760470696449454	0.760229214529442	-0.00555889573611358	344.331404679954	0.728238707542919	0.944576856406316
RNF121	betareg	8	8	0.0520810704104847	0.170990598456002	0.76068269579816	0.760853961672105	-0.0122097821122235	177.507236098132	0.728238707542919	0.944576856406316
MEX3A	betareg	8	8	-0.0419422408537182	0.137726429346486	0.760721865744822	0.759029568731144	0.00812733509173687	560.503420243404	0.728238707542919	0.944576856406316
GABBR1	betareg	8	8	0.0112838335635052	0.0370564809003035	0.760744215005607	0.762862376905122	-0.00157651933407384	4333.25488150188	0.728238707542919	0.944576856406316
TXNDC15	betareg	8	8	-0.0195642446167021	0.0642885162211659	0.760884543656259	0.763222705565833	0.00275876930207168	528.840880462879	0.728238707542919	0.944576856406316
RPS6KA6	betareg	8	8	-0.0648834408204147	0.213633597886887	0.761346054036502	0.757974642766973	0.00571063227093714	331.124247767288	0.728362426757048	0.944737328934278
FEM1B	betareg	8	8	0.0374668140512354	0.123421211033273	0.76145651629192	0.762855137550972	-0.00403685715401537	1488.46477413695	0.728362426757048	0.944737328934278
NXPE3	betareg	8	8	-0.0891057155348216	0.293883265540929	0.761736646680695	0.759743624127669	0.0197068214928972	706.945648873698	0.728418632639073	0.944810231918979
FBXO21	betareg	8	8	0.0841297495381087	0.277879466389221	0.762075615012153	0.758106545579696	-0.0129442170370169	1700.6217631398	0.728531053913686	0.94495605022425
PPM1E	betareg	8	8	0.0254432553511212	0.0843266635218	0.762863581965298	0.763845565897294	-0.00456538600841355	1458.87366417912	0.728871877475802	0.945398122371141
HIF1AN	betareg	8	8	0.0427529170029855	0.141703256373328	0.762875148417575	0.768370740364397	-0.0103550810298166	974.169153581625	0.728871877475802	0.945398122371141
PRKAR2A	betareg	8	8	-0.056637675545958	0.188734464150637	0.764107091441728	0.775040324895382	0.00850988914084097	1635.33904092532	0.72930575763989	0.945960895480022
MAGI2	betareg	8	8	0.0347000783552096	0.115809051088241	0.764457999284404	0.764901793783162	-0.00629992498033423	309.205952737498	0.72930575763989	0.945960895480022
AK1	betareg	8	8	0.0208747081011784	0.0696780081585382	0.764491296341779	0.765302912529213	-0.00415157397929474	851.016787637962	0.72930575763989	0.945960895480022
DRP2	betareg	8	8	-0.0693695313015442	0.231588860941254	0.764530020251308	0.76539036947777	0.0205052649632011	130.073616662609	0.72930575763989	0.945960895480022
FAM126A	betareg	8	8	-0.0385629855325935	0.128778658501274	0.764595435751475	0.764744305890988	0.00727639404074456	184.736243790967	0.72930575763989	0.945960895480022
GPR12	betareg	8	8	0.0582403623012111	0.194575421489677	0.764695711081107	0.765352088052654	-0.014075598816915	341.497580227075	0.72930575763989	0.945960895480022
HAUS2	betareg	8	8	-0.0519023057244171	0.173541202699277	0.764880752179371	0.764189345177717	0.00926336227983562	303.653818815031	0.72930575763989	0.945960895480022
EIF3L	betareg	8	8	-0.0913147839091003	0.306138186955844	0.765489753033615	0.768779510790062	0.0026527149946235	675.338908262815	0.729672271919554	0.94643629029566
GRK3	betareg	8	8	-0.0656502122964375	0.220308038313659	0.765708648170317	0.768802988199797	0.0131479056308564	682.865707289857	0.729672271919554	0.94643629029566
PANK3	betareg	8	8	-0.0309156902560855	0.104290735384313	0.766895951244719	0.770762007456527	0.0056324672444216	1282.11703226838	0.730592115366418	0.94762939198392
FLRT2	betareg	8	8	0.0588703989264085	0.199059474831486	0.767426537634821	0.770237655060502	-0.0082320132473951	459.242743426586	0.730885978832991	0.948010553581886
ATF1	betareg	8	8	-0.0719066150648659	0.243583914957696	0.767839084423473	0.759861898632476	-0.000504849803662347	65.0756902362423	0.731067285552462	0.948245721157229
GGA2	betareg	8	7	-0.0768082114249181	0.260872629051919	0.768430859063561	0.77512775075184	-0.000647905489267862	584.543658540201	0.731419082650462	0.948702026752468
ARPP19	betareg	8	8	-0.0148081920957013	0.0503699583276566	0.768766636309193	0.769068294650127	0.00310133642449979	3754.63122944777	0.731527079566049	0.9488421063527
OSBP	betareg	8	8	0.0395969344296422	0.134881614620792	0.769087982461561	0.769039720839729	-0.0025652863728427	987.212942486683	0.731621285965867	0.948964298683418
KATNAL1	betareg	8	8	0.0575372807229729	0.196190955950994	0.769314383714275	0.783711137815842	-0.00297334784468008	705.215042913821	0.731625144427216	0.948969303379342
HPCAL4	betareg	8	8	0.0192212398219777	0.0658102568717524	0.770232661028371	0.769965442039373	-0.00389563977766792	3278.14468806711	0.732250533773147	0.949780477375302
IGSF3	betareg	8	8	0.0624700639904594	0.214063636353	0.77041706013901	0.776514007883883	-0.00344436238545955	694.015182386149	0.732250533773147	0.949780477375302
PACS2	betareg	8	8	0.0558303240050081	0.191628325997025	0.770786000332902	0.775778080991275	-0.00266934693985418	1711.5398175531	0.732389645614456	0.949960915224033
TOP3A	betareg	8	8	-0.0480954321744558	0.165450475996897	0.771285492576588	0.769322934180864	0.0126096509980876	197.560424675087	0.732476723924086	0.950073861920109
KBTBD6	betareg	8	8	0.0346113110395811	0.119247309396582	0.771626401845662	0.770368340884117	-0.00373988602605273	2576.6267159842	0.732476723924086	0.950073861920109
KIF1C	betareg	8	8	-0.0834364507769579	0.28767034190306	0.771784187762457	0.773719821469499	0.0214856121591552	59.5934530427571	0.732476723924086	0.950073861920109
REPS2	betareg	8	8	-0.0826663237630821	0.285086242191598	0.771839547860543	0.77386585460173	0.0214382625625957	153.630250197611	0.732476723924086	0.950073861920109
ME2	betareg	8	8	0.0444752400554048	0.153604269622623	0.772164887741577	0.770323891237935	-0.00841879214911414	636.843338970273	0.732476723924086	0.950073861920109
PPIG	betareg	8	8	0.0558420799051307	0.193084940105235	0.772420741710706	0.782187838773603	-0.0056926659462311	309.154695235359	0.732476723924086	0.950073861920109
SPTY2D1	betareg	8	8	-0.0380744795380541	0.131784987128006	0.772647470016806	0.774904345595314	0.00803377048859242	75.4542580793681	0.732476723924086	0.950073861920109
DUSP10	betareg	8	8	-0.0412044199104885	0.142625567772607	0.772658475802413	0.776381792078789	0.0107171900035773	123.26426512918	0.732476723924086	0.950073861920109
NAMPT	betareg	8	8	-0.0319182071103525	0.110667888075788	0.773029583775344	0.774438963151664	0.00677646489223774	238.211146018267	0.732617464470277	0.9502564123137
GPAT4	betareg	8	8	-0.0272408154164008	0.0947330461777232	0.773688572549401	0.771126000268005	0.00451965863628487	1121.11011446086	0.732832959275463	0.950535924242339
CLVS2	betareg	8	8	-0.0585937675265616	0.203779307708755	0.773702390069795	0.774456327907376	0.0179016366795158	265.814012700573	0.732832959275463	0.950535924242339
SLC35A3	betareg	8	8	-0.0810698561357438	0.282418522316877	0.774069645747211	0.771648281679245	0.0261509379154341	166.136779252391	0.732969828050305	0.950713452675998
GCLC	betareg	8	8	0.0605101833813364	0.211915173639688	0.775230735947885	0.771556977026326	-0.0143245465333963	120.121799932145	0.7332790317181	0.951114511594578
SCN8A	betareg	8	8	-0.0480637279023523	0.168344649726767	0.775255050651836	0.773737464765761	0.00594319878232135	656.919113304405	0.7332790317181	0.951114511594578
C10orf88	betareg	8	8	-0.0416478412129467	0.145882519565407	0.775269601082864	0.780449656815903	0.00227845651583581	531.743385164656	0.7332790317181	0.951114511594578
RTRAF	betareg	8	8	0.0752865122460831	0.263732493903948	0.775287578687333	0.782183752156289	-0.0254847459814267	996.252223771257	0.7332790317181	0.951114511594578
GPR83	betareg	8	8	0.0373717153073932	0.131065276821494	0.775538275459233	0.776979232040285	-0.00117447222118812	1010.38453402455	0.733305364116821	0.951148666568968
RAPH1	betareg	8	8	-0.0380568190090131	0.133821240892224	0.776114978347288	0.776542494214235	0.00842234556742531	509.271516486711	0.733497890156838	0.951398386392663
ZNF618	betareg	8	8	-0.0920084304410566	0.323661629593454	0.776200778067653	0.775933847580212	0.0170397881375583	590.058337223824	0.733497890156838	0.951398386392663
AGPS	betareg	8	8	-0.0233149161875267	0.0820948703349407	0.77641063256927	0.780261038757385	0.000698452209180467	1251.67609079059	0.733497890156838	0.951398386392663
SERPINB1	betareg	8	8	-0.0506930993222382	0.178744082482117	0.776711459207437	0.774332920251265	0.00841524284006728	130.597276673314	0.733571475066253	0.951493831199008
EMC10	betareg	8	8	-0.0603314915199664	0.213168109421128	0.777159156846707	0.774448180722652	0.00457227502829694	825.842479385155	0.733783691458502	0.951769090795335
HAP1	betareg	8	8	-0.0852486067253022	0.302633748853563	0.778181967906761	0.779421509107984	0.00264923522614039	800.437116706155	0.734394548714139	0.952561415647429
PCYT1B	betareg	8	8	0.0630317053339488	0.223836519883212	0.778252496804729	0.779295934921962	-0.00636394599423582	344.508896390246	0.734394548714139	0.952561415647429
GOSR1	betareg	8	8	-0.049280876830402	0.176013412776459	0.77949005288661	0.77953610026553	0.00559948014705759	417.385350701634	0.735124422722253	0.953508113603766
ABL2	betareg	8	8	0.0398144590743194	0.142359886095531	0.779727087062692	0.779136532857195	-0.00851509862478043	342.849725790188	0.735124422722253	0.953508113603766
ZMAT3	betareg	8	8	-0.0559706576050416	0.200166064251061	0.779768207427402	0.778286888842277	0.0093936883336987	481.827867682146	0.735124422722253	0.953508113603766
SOCS6	betareg	8	8	0.0476421971328837	0.170501559973998	0.779919593390522	0.781748726892268	-0.0102167348598141	347.946760222253	0.735124422722253	0.953508113603766
WASF2	betareg	8	8	0.0727586934287406	0.261492696596147	0.780825296883188	0.7800082831304	-0.00728993504009027	129.07115132535	0.735370089454053	0.953826760644694
MAML1	betareg	8	8	0.0499137002026921	0.179496504161287	0.780953889039219	0.780116081708752	-0.0115168806914451	133.586264218495	0.735370089454053	0.953826760644694
POU6F2	betareg	8	8	-0.0572078231601144	0.205778790345918	0.781007436680437	0.779809332104844	0.0085038533850872	192.194056272526	0.735370089454053	0.953826760644694
CLMP	betareg	7	8	0.0429167717613326	0.154478513295858	0.781152767874784	0.779965616529776	-0.0108287159055337	173.821250929287	0.735370089454053	0.953826760644694
TMEM33	betareg	8	8	0.0588210593484933	0.211869766308551	0.781297646488718	0.791631488175803	0.00201183823332531	1108.36480414738	0.735370089454053	0.953826760644694
ARL5B	betareg	8	8	-0.0429881771203101	0.155019383291939	0.78154331027909	0.788022436629002	0.00760735016706271	672.223474209149	0.735390960115539	0.953853831361497
ZPR1	betareg	8	8	0.0544592446926937	0.196901607554482	0.782101850996267	0.782083581774176	-0.00572473649936718	670.176363467007	0.735706135338011	0.954262635806766
TMEM41A	betareg	8	8	-0.0287002301726218	0.10409788018322	0.782775214918835	0.778275142436116	0.000863224395826055	444.832746248522	0.735892852098621	0.954504820586218
GABRG3	betareg	8	8	0.0736949551844744	0.267545303137017	0.782971679054765	0.783605016938825	-0.0156178306407902	414.162635436658	0.735892852098621	0.954504820586218
WARS2	betareg	8	8	0.0449945212881276	0.163491752198814	0.78315511059705	0.78289146106185	-0.00997645507807574	169.816209032165	0.735892852098621	0.954504820586218
MLYCD	betareg	8	8	-0.0386393865643135	0.140426217749477	0.783194911361981	0.785090150321818	0.00502348311226715	505.849632418726	0.735892852098621	0.954504820586218
TIGD1	betareg	8	7	-0.103095309252317	0.377528707301874	0.784792188909453	0.805904976894121	0.0081221374157985	578.204806633649	0.736691632131401	0.955540894506087
TMTC1	betareg	8	8	0.0708921636646483	0.259724993448032	0.784890979810316	0.784750312876237	-0.0191858331583956	347.475059295815	0.736691632131401	0.955540894506087
RFX5	betareg	8	8	-0.015203869310467	0.0557729902936109	0.7851586145945	0.78473632191797	0.00282538263363667	454.361770324111	0.736691632131401	0.955540894506087
NHLRC3	betareg	8	8	0.0260944389761401	0.0959307477913788	0.785611795302027	0.786005628745327	-0.00457856542351427	225.001053071311	0.736691632131401	0.955540894506087
PSMG1	betareg	8	8	-0.0441125186448549	0.162420776834246	0.785934165205175	0.793410399499457	0.00646356156928943	195.244932546385	0.736691632131401	0.955540894506087
PHLDB1	betareg	8	8	0.0264087020612147	0.0973254169322816	0.786126198581489	0.785240485723732	-0.00400428696103651	413.480914435647	0.736691632131401	0.955540894506087
SOWAHC	betareg	8	8	-0.0690626965746308	0.25481468414422	0.786367135647409	0.774437097754571	0.0135836564860063	399.971189440747	0.736691632131401	0.955540894506087
LAMP2	betareg	8	8	-0.0836677740014052	0.308768480615592	0.786412165905156	0.807180024282302	0.0118078225283817	56.4536354817815	0.736691632131401	0.955540894506087
ZNF641	betareg	8	8	0.0302584150545546	0.111688814308933	0.786454755749416	0.786845165774046	-0.00730780643449937	512.973272279813	0.736691632131401	0.955540894506087
POLR2F	betareg	8	8	-0.0612903662502728	0.226481173393861	0.786683206209074	0.789569426438725	0.000978798980148727	1172.93809538455	0.736691632131401	0.955540894506087
SRRD	betareg	8	8	0.023780764537404	0.0879667581816796	0.78690017174045	0.786873988724482	-0.00311612392634536	1084.10534463014	0.736691632131401	0.955540894506087
ZDHHC23	betareg	8	8	0.045705452678818	0.169071977644476	0.78690536401183	0.787453450383964	-0.00663249189190497	343.325077624951	0.736691632131401	0.955540894506087
ANKS1A	betareg	8	8	0.0473613565817883	0.175378394703533	0.787119940435282	0.788971722191965	-0.0125622240943976	1050.47525019348	0.736691632131401	0.955540894506087
SPRED1	betareg	8	8	-0.0216779339867035	0.0802960552509953	0.787179424808669	0.786475895519018	0.00447678661951403	607.791310687388	0.736691632131401	0.955540894506087
CSGALNACT2	betareg	8	8	0.0219228439867304	0.0813195045528703	0.787476463148691	0.791217532081055	-0.00275281808673808	523.302109308143	0.73672082716605	0.955578762520744
INTS6	betareg	8	8	-0.0698099790059019	0.259448779137635	0.78787553114254	0.787276115739095	0.0178654970596188	60.3625006936781	0.73672082716605	0.955578762520744
GABRA3	betareg	8	8	-0.0313224346272339	0.116481215220427	0.788002436089954	0.788316150848533	0.00590776186625884	934.345196469588	0.73672082716605	0.955578762520744
SERINC3	betareg	8	8	0.0369103959784997	0.137398195161258	0.788208157120444	0.785632693724325	-0.00207998215702557	3824.21819974611	0.73672082716605	0.955578762520744
UHRF1BP1	betareg	8	8	0.0495038470871974	0.184385802624457	0.788330089699048	0.785869118947472	-0.0116546793766859	316.388029701508	0.73672082716605	0.955578762520744
NBL1	betareg	8	8	-0.0150513142147811	0.0561223547694108	0.788554993560633	0.7885836337163	0.00283290253909045	2095.65905176583	0.736721770829081	0.95557998651811
KCNA1	betareg	8	8	0.0553436642433024	0.206631996832672	0.78882490034332	0.790962677926275	-0.00773282525446973	550.376549776337	0.736764746815346	0.955635729396903
NOS1AP	betareg	8	8	-0.0450537206759562	0.168487819815498	0.789160844602924	0.787917404897561	0.00255539920703679	261.949337503547	0.736773169742247	0.955646654525891
LPCAT2	betareg	8	8	0.0717244422825686	0.268778285375127	0.789581914137319	0.788787945299395	-0.0148148367676142	100.850549473817	0.736773169742247	0.955646654525891
PLEKHD1	betareg	8	8	-0.0606616849529219	0.227355376720348	0.789612078234967	0.787177161853346	0.00852061762988425	248.64836107382	0.736773169742247	0.955646654525891
ULK2	betareg	8	8	-0.0358628832091717	0.13448825921372	0.789729557289788	0.789837917850646	0.00356599732814355	897.607085037507	0.736773169742247	0.955646654525891
RAB5B	betareg	8	8	0.0273901662852197	0.102859657355849	0.790018358665516	0.788864801990849	-0.00460038981830863	3332.76400242963	0.736833692846621	0.95572515725182
OTUD4	betareg	8	8	-0.0540731980522088	0.203782087893416	0.790741282563869	0.789764293061553	0.0107845309570774	166.184418023281	0.736975383180973	0.9559089395875
CENPC	betareg	8	8	0.0768171429160191	0.290651829069423	0.791554421363347	0.797491534757998	-0.0149601061339776	59.244473502656	0.736975383180973	0.9559089395875
RSBN1	betareg	8	8	0.0431630904829066	0.163566337532934	0.791866708778364	0.793732872194047	-0.00587831585574417	337.761641899696	0.736975383180973	0.9559089395875
KDM5C	betareg	8	8	0.052118589395869	0.197556119674277	0.791921220828948	0.792882246655981	-0.0136591348845701	112.172004607902	0.736975383180973	0.9559089395875
PEX5L	betareg	8	8	-0.0402699141968311	0.152895920636555	0.792256763587025	0.792933397521302	0.00765239646392887	669.315213323922	0.736975383180973	0.9559089395875
LMAN1	betareg	8	8	-0.0391661669599542	0.148875709791308	0.792489202376855	0.79302803419271	0.00860329997031257	376.862499940017	0.736975383180973	0.9559089395875
TIAL1	betareg	8	8	0.0329574426775466	0.125280112252703	0.792496604459674	0.789135402416408	-0.00747590021178823	371.092252331054	0.736975383180973	0.9559089395875
MFSD4A	betareg	8	8	0.0278012282428173	0.105680069623715	0.792496828108786	0.792464758626959	-0.00667368658852957	374.274034388374	0.736975383180973	0.9559089395875
SEPTIN11	betareg	8	8	-0.032661951171384	0.12456452477967	0.793160242716078	0.794435932292377	0.00964867245401828	748.254087948972	0.736975383180973	0.9559089395875
ZNF792	betareg	8	8	0.0834137819693822	0.31828407722983	0.793264874104916	0.796572828582398	0.0140266954725151	79.2447906635378	0.736975383180973	0.9559089395875
SLC44A1	betareg	8	8	-0.0397703597523847	0.151818787636505	0.793352737232999	0.793718288553017	0.00926234275137379	164.211900993832	0.736975383180973	0.9559089395875
CUL4A	betareg	8	8	-0.0645521185873384	0.246555531647948	0.793463504673948	0.79105145875115	0.00285713536736743	558.834214567768	0.736975383180973	0.9559089395875
BMPR2	betareg	8	8	-0.0375956786350281	0.143714462071716	0.793629976228969	0.793235527998795	0.0068312221879117	1392.16008113442	0.736975383180973	0.9559089395875
OSBPL6	betareg	8	8	-0.0530021308854324	0.202988232112202	0.794008160426433	0.795253762909091	0.0134639880201535	209.320721529022	0.736975383180973	0.9559089395875
BTBD9	betareg	8	8	0.0957304565995259	0.366646742284847	0.794017511347921	0.792684633466132	-0.0376498757769188	484.614661427319	0.736975383180973	0.9559089395875
RAB6B	betareg	8	8	-0.0619368402409817	0.237287912755397	0.794077248900196	0.807473746468391	0.00787232782720029	5530.49809878423	0.736975383180973	0.9559089395875
TMEM229B	betareg	8	8	0.0219304884547228	0.0840338538637306	0.79411404909895	0.795764716521319	-0.00453511280152108	1789.00932317446	0.736975383180973	0.9559089395875
RBMXL1	betareg	8	8	0.0348846896294513	0.133730401047018	0.79420175721117	0.795610459445399	-0.00864442148434513	371.83976931566	0.736975383180973	0.9559089395875
LNPEP	betareg	8	8	-0.06419461674346	0.246563862568685	0.794588442313914	0.795675054696628	0.00906688438321249	529.579814922383	0.737126330161995	0.956104728445386
ZNF559	betareg	8	8	0.0781169676646497	0.301335535898161	0.795453287657767	0.792855305657678	-0.0113766640299663	294.317547833697	0.737383348796226	0.956438099702702
LAMTOR3	betareg	8	8	-0.0292167123766413	0.112822568186282	0.79566487152517	0.797362143764406	0.00632256961831777	1560.90730526302	0.737383348796226	0.956438099702702
TLNRD1	betareg	8	8	-0.0871219505406654	0.336445918911535	0.795675470647667	0.800340007378379	-0.0116066732418371	539.290207837098	0.737383348796226	0.956438099702702
ZBTB10	betareg	8	8	0.0518143268659118	0.200182169605555	0.795761877236245	0.800092903758458	-0.00684746272554729	506.522744550363	0.737383348796226	0.956438099702702
VSIG10	betareg	8	8	-0.0806381260612852	0.312697480161441	0.796500261381026	0.793552519690776	0.0184059784224718	74.3919457077604	0.737859774455047	0.957056057312561
B3GALNT2	betareg	8	8	0.0495426707549613	0.192736728506155	0.797141397889669	0.802783975536529	-0.00125336702357079	373.744704676356	0.737970249435283	0.957199351137048
MPV17L	betareg	8	8	-0.0330647986207623	0.128752478387124	0.797326201658442	0.797824363136894	0.00728672740204084	90.1410454141716	0.737970249435283	0.957199351137048
XPNPEP3	betareg	8	8	0.0541036681767062	0.211276962951083	0.797889563738552	0.798451046953033	-0.0161527447388257	80.4630160630371	0.737970249435283	0.957199351137048
MRPL11	betareg	8	8	-0.0418630790995927	0.163753199034141	0.798223116582715	0.799690617154106	0.00205632045289372	279.737841512992	0.737970249435283	0.957199351137048
ANKRD44	betareg	8	8	-0.0682160091754603	0.266984988634656	0.798333054376179	0.797736732257733	0.0100321352207889	183.991525070197	0.737970249435283	0.957199351137048
KIF21B	betareg	8	8	-0.0331729045497286	0.129989888218565	0.798571690434395	0.798520678286046	0.00640027713067018	1191.57067942542	0.737970249435283	0.957199351137048
ADSL	betareg	8	8	-0.0679520558646211	0.266338789383531	0.798619676681828	0.796175891649857	0.0114280843403403	420.467090502585	0.737970249435283	0.957199351137048
CTDSPL2	betareg	8	8	-0.0455088143987304	0.178577535003654	0.798846180393675	0.796900544720131	0.0067754102992776	274.634686594483	0.737970249435283	0.957199351137048
SHISA9	betareg	8	8	-0.0386793310268735	0.151893640997457	0.798995393557823	0.801206757642852	0.00603653979003397	157.218144452005	0.737970249435283	0.957199351137048
IGF2BP3	betareg	8	8	-0.0482197085257473	0.189738940312962	0.799389624134632	0.799451039348952	0.00389078878906801	151.410104921655	0.737970249435283	0.957199351137048
TMEM47	betareg	8	8	0.0243191002321296	0.095799934560339	0.799609130595889	0.799722371685878	-0.00559782326560533	1065.56700010331	0.737970249435283	0.957199351137048
MPRIP	betareg	8	8	0.0578103502173454	0.227851489542749	0.799712321604308	0.800198583788011	-0.00777446164054525	433.084256969617	0.737970249435283	0.957199351137048
DDX54	betareg	8	8	-0.0837022572762641	0.330137634295252	0.799852917578832	0.814937547401415	0.00386537633726387	169.642617712913	0.737970249435283	0.957199351137048
SLC46A3	betareg	8	8	-0.039530231909807	0.15601111397804	0.799973908363661	0.802288711732936	0.00197364511024406	106.786654693087	0.737970249435283	0.957199351137048
SLC5A3	betareg	8	8	-0.0774926614003743	0.305939489159689	0.800040970566476	0.797067031031705	0.0117261993843209	844.922975097925	0.737970249435283	0.957199351137048
KICS2	betareg	8	8	-0.0655433720560242	0.258984804783964	0.800207892421975	0.795531598267783	0.00632853536640983	70.1576098959411	0.737970249435283	0.957199351137048
TFIP11	betareg	8	8	-0.0166040287497107	0.0660806754558803	0.801606099821766	0.801772060091281	0.00374742458720177	557.183680719457	0.738365790914479	0.957712396273385
ADGRL3	betareg	8	8	0.0317577566799915	0.126457391931059	0.801710473058705	0.806807210294466	-0.00651556090864752	1144.81537757815	0.738365790914479	0.957712396273385
KCTD16	betareg	8	8	-0.0496500629305071	0.197772470348121	0.801778250319313	0.808616073867669	2.36008172117413e-05	706.491901023259	0.738365790914479	0.957712396273385
MON1B	betareg	8	8	0.0463280472751653	0.184737046678081	0.801985499725191	0.802496806193774	-0.00800534484875782	895.548564136542	0.738365790914479	0.957712396273385
MAVS	betareg	8	8	-0.0376792397419833	0.150529932272912	0.80234714906078	0.802716122133303	0.00627248434119963	530.933378356471	0.738365790914479	0.957712396273385
RAVER2	betareg	8	8	-0.0364417840824459	0.145589224218975	0.802351100679858	0.800790825715929	0.00371224988680462	101.853843743266	0.738365790914479	0.957712396273385
SCRN3	betareg	8	8	-0.0361321018348234	0.144611601843777	0.802698574981802	0.801701928531153	0.00341565543286516	195.160954421299	0.738365790914479	0.957712396273385
TMF1	betareg	8	8	0.0386615216752927	0.154783418643927	0.802758889475141	0.803633321526094	-0.00745350895506068	160.32200673633	0.738365790914479	0.957712396273385
MYLIP	betareg	8	8	0.0684758672980407	0.27446948314602	0.802986069909515	0.803144986457502	-0.0156788421678993	58.7939003239971	0.738365790914479	0.957712396273385
RGS6	betareg	8	8	-0.0797051311524847	0.320856548172453	0.80381440977088	0.813918642063932	0.000764446843145472	133.745981194122	0.738365790914479	0.957712396273385
ZNF462	betareg	8	8	0.0623963547249381	0.251213592432596	0.803840644763625	0.80441923335972	-0.00860343449253181	175.85554479357	0.738365790914479	0.957712396273385
PYROXD1	betareg	8	8	-0.0534772648152165	0.215557311694653	0.804066024041012	0.799545371035591	0.00626159113609589	280.38800944916	0.738365790914479	0.957712396273385
PPP4R2	betareg	8	8	-0.0338047020816834	0.136264463904517	0.804071295316864	0.801603331581049	0.00610549723861573	372.639116706724	0.738365790914479	0.957712396273385
TGOLN2	betareg	8	8	-0.0524229316261566	0.211355336612559	0.804109483903243	0.80252386851003	0.000379322387001266	2680.36976541024	0.738365790914479	0.957712396273385
GFRA1	betareg	8	8	0.0498888572672764	0.201993968090503	0.804922219517184	0.820029294737362	-0.000498575810261859	1719.74642574246	0.738365790914479	0.957712396273385
APPL1	betareg	8	8	-0.054924702513591	0.222388769690769	0.804926750257926	0.804470463599192	7.79803157497459e-05	333.713584910716	0.738365790914479	0.957712396273385
TMEM68	betareg	8	8	-0.0185189475627603	0.0750895598792486	0.805198610952827	0.805794488998152	0.0038171718866774	134.890306551969	0.738365790914479	0.957712396273385
NSFL1C	betareg	8	8	-0.0688579669201009	0.279227938909975	0.805216814469453	0.802855420327584	-0.00630926591466472	1230.61732635012	0.738365790914479	0.957712396273385
ZBTB41	betareg	8	8	0.0493963123527815	0.200532889221357	0.805430471960109	0.802671379974308	-0.0117958376042993	368.553901101116	0.738365790914479	0.957712396273385
RNF41	betareg	8	7	-0.0767377521915087	0.311738687006068	0.805557988498026	0.795829461063215	-0.000992404521007899	2129.75793295866	0.738365790914479	0.957712396273385
YPEL2	betareg	8	8	0.0662189343486798	0.269229562390247	0.805715407371813	0.807026863445661	-0.0280441182835644	162.043366282889	0.738365790914479	0.957712396273385
HAS3	betareg	8	8	0.048393142847783	0.196765822151125	0.805726489502659	0.807836990170821	-0.00642033729361288	319.483857048915	0.738365790914479	0.957712396273385
EFCAB14	betareg	8	8	0.0434512011373207	0.176738199990084	0.805797847942298	0.809422329370733	-0.0135407685313121	184.776851049329	0.738365790914479	0.957712396273385
ARNT	betareg	7	8	-0.0709649606048011	0.289784341197023	0.806542477811813	0.814705116438283	0.00543361110160086	224.674311359859	0.738656342658517	0.958089262334148
XRN1	betareg	8	8	-0.0591320209914473	0.242038981578081	0.806992411317443	0.808191946962142	0.00347855255276842	112.821699880934	0.738656342658517	0.958089262334148
ST3GAL1	betareg	8	8	-0.0504274953264452	0.206529985313529	0.807102652302077	0.807447119461055	0.00511958590910945	195.311258067923	0.738656342658517	0.958089262334148
ELP3	betareg	8	8	-0.0241286686648211	0.0988683896966499	0.807193363755678	0.807006132014195	0.00525391204395764	453.998148209271	0.738656342658517	0.958089262334148
EPB41L1	betareg	8	8	0.043628906498732	0.178813167837622	0.807237344740768	0.811256271442905	-0.00848109441444402	2823.5382340763	0.738656342658517	0.958089262334148
SUMO2	betareg	8	8	0.0568562023252518	0.233933491222031	0.807971077342917	0.807618848093324	-0.000965819054718476	2356.89642464463	0.739122198950259	0.958693510731045
GSPT1	betareg	8	8	0.0251772814295516	0.104044557934692	0.808791346169558	0.807975374610998	-0.00415968536513765	1318.17458679144	0.739401270158158	0.959055485728446
UTP11	betareg	8	8	-0.02435631933459	0.100787237803656	0.809043046257546	0.81004812024361	0.00432716180381321	340.139272166284	0.739401270158158	0.959055485728446
STARD3	betareg	8	8	0.0530176650234445	0.219628794904243	0.809247674716519	0.806776555519574	-0.00514476520309651	491.659087818509	0.739401270158158	0.959055485728446
CBLL1	betareg	8	8	0.0310084249360156	0.128498244588062	0.809311763803109	0.811077752565175	-0.00520804571566641	605.399871555314	0.739401270158158	0.959055485728446
VTI1B	betareg	8	8	0.0284098151742968	0.117785035612026	0.809399685940455	0.810353790431324	-0.00899404345854048	3508.908604657	0.739401270158158	0.959055485728446
GRIA1	betareg	8	8	-0.0293044352984469	0.121989240704044	0.810158566628181	0.810459272292198	0.00699748419537458	673.106004143296	0.739475706044016	0.959152034311128
BRWD1	betareg	8	8	-0.0408696483064372	0.170606552956931	0.810675274194762	0.810926203790222	0.00867020138706971	92.3603538657605	0.739475706044016	0.959152034311128
CMTM6	betareg	8	8	0.0630729627980237	0.263397989738794	0.810749851087288	0.803885376320331	-0.00450886555161903	312.923460951448	0.739475706044016	0.959152034311128
SYT2	betareg	8	8	-0.0272053886437157	0.113726748673177	0.810937205251817	0.814812358039339	0.00328148472933526	1242.93502770243	0.739475706044016	0.959152034311128
UGCG	betareg	8	8	0.0263091947157516	0.110080401249667	0.811105731955763	0.811929120574104	-0.00487206733402359	754.972503628571	0.739475706044016	0.959152034311128
ST6GAL2	betareg	8	8	-0.0385140323971433	0.161284752384726	0.811264355426293	0.810233217023211	0.00732995075943445	602.773107216155	0.739475706044016	0.959152034311128
RWDD1	betareg	8	8	-0.046368225150052	0.194553621621567	0.81162411651887	0.811960663065296	0.00850779278025518	182.594590880447	0.739475706044016	0.959152034311128
DICER1	betareg	8	8	0.0595472319399278	0.24985654773496	0.811628504397896	0.811751918772873	-0.0112534690450785	685.977107576526	0.739475706044016	0.959152034311128
CLTC	betareg	8	8	-0.0390068946761	0.163726683737628	0.811691877762504	0.811443841224825	0.000602357073658196	4813.16197436979	0.739475706044016	0.959152034311128
ABLIM1	betareg	8	8	0.0422187870964122	0.177243320055173	0.811728478896859	0.815892147745679	-0.0149382422997903	4570.17417257931	0.739475706044016	0.959152034311128
MRPL19	betareg	8	8	0.0487080089848508	0.205149348206163	0.812325489967262	0.813321880856481	-0.0126079043273909	454.932013643617	0.739814755194455	0.959591804921194
HPS1	betareg	8	8	-0.0312105520208008	0.132183480052431	0.813343143321015	0.808504840190087	0.00410352384344455	295.576633531586	0.739914417913116	0.959721074481461
PPP2R5E	betareg	8	8	0.064464020183868	0.273181055894872	0.81345172718506	0.82817541369716	-0.00842524434966517	1243.95559379869	0.739914417913116	0.959721074481461
TRAPPC2L	betareg	8	8	-0.0347916024507757	0.147463993669773	0.813484765756936	0.813298180497719	0.00548660851891179	1344.65418489283	0.739914417913116	0.959721074481461
CERT1	betareg	8	8	-0.0387861749398138	0.164663795638806	0.813783676857509	0.814996573900389	0.000198799443115183	218.901874874775	0.739914417913116	0.959721074481461
IP6K1	betareg	8	8	0.0243731575858833	0.10353617228987	0.813892719517542	0.813999305520973	-0.00339915804308889	1583.37232036715	0.739914417913116	0.959721074481461
FUBP1	betareg	8	8	0.0265258029242973	0.112864014058379	0.814189755644703	0.813493076484289	-0.00499273957301685	620.561753573405	0.739914417913116	0.959721074481461
CEMIP2	betareg	8	8	0.06729090850225	0.286391420005758	0.814238748446754	0.818686542083307	0.00742366404999379	89.4569527549268	0.739914417913116	0.959721074481461
CBFA2T2	betareg	8	8	0.0243489702441274	0.103688735832377	0.814342595385481	0.814026367753794	-0.00530100136947707	581.901344772263	0.739914417913116	0.959721074481461
ST6GALNAC3	betareg	8	8	0.0539263638946418	0.229797294015717	0.814465438496062	0.816935865095659	-0.0112489756634878	484.309126776717	0.739914417913116	0.959721074481461
TTC30B	betareg	8	8	-0.0336337305271864	0.143495792506487	0.814683564396985	0.81758307015655	0.00605717087298532	204.457164103468	0.739914417913116	0.959721074481461
DCTD	betareg	8	8	-0.00995310333414649	0.0425177590038441	0.814912897464206	0.815061382822298	0.00211853808435118	638.321906501529	0.739918475379222	0.959726337300561
SLC25A16	betareg	8	8	0.0469446009953071	0.201121329557641	0.815439684384836	0.815859468678013	-0.0114351914856677	79.3578712119541	0.740192536011561	0.960081813228822
SENP2	betareg	8	8	0.0648805432847815	0.278474282758131	0.815772460956041	0.814671513991722	-0.0091785628951961	349.057059494283	0.740248341456655	0.960154196818641
CLN5	betareg	8	8	0.0637721251966119	0.274200214862817	0.816091413158875	0.812683317492077	0.00160564272414183	276.83349970678	0.740248341456655	0.960154196818641
MPLKIP	betareg	8	8	-0.0562434256995541	0.241942545907133	0.816176060463456	0.82348341188575	-0.00265402022594059	566.82588421485	0.740248341456655	0.960154196818641
PCDH11X	betareg	8	8	0.0689632208209476	0.297812078906767	0.816874937945608	0.817376316182527	-0.021676337690221	67.9309142127444	0.740480741231913	0.960455635683218
ACVR1B	betareg	8	8	-0.0871683286723323	0.37644491648131	0.816882370555315	0.825188751847086	0.0268643300415756	662.282369049445	0.740480741231913	0.960455635683218
ZNF223	betareg	8	8	-0.0483394641489664	0.209262008033173	0.817315023688653	0.813644450176666	-0.00434624118855479	292.341611903078	0.740668888031968	0.960699675324475
CSNK1D	betareg	8	8	0.0123315938758644	0.0536410865771994	0.818176602683949	0.818961902701948	-0.00254300510992612	2624.07875054788	0.741158577032472	0.961334836421959
ATP7A	betareg	8	8	-0.0440542399816029	0.192114431530819	0.81862604114066	0.818626070077413	0.0056891289399863	124.786193606182	0.741158577032472	0.961334836421959
TBC1D23	betareg	8	8	-0.0337783172214931	0.147496551824841	0.818860448794362	0.81786416346886	0.00229163077363331	300.839203708052	0.741158577032472	0.961334836421959
DAG1	betareg	8	8	0.0410495601186155	0.179358637800108	0.818971047331195	0.817338433494616	-0.00947396159103533	798.433301349014	0.741158577032472	0.961334836421959
VPS36	betareg	8	8	0.0185319003450884	0.0809765942255807	0.8189815991636	0.820855973964825	-0.00246060243358218	1090.68743502541	0.741158577032472	0.961334836421959
C1orf74	betareg	8	7	0.081572483649994	0.357619512922843	0.819569646228253	0.837197377962619	0.00486400691091532	223.768801040322	0.741277920602516	0.961489633431589
LRCH4	betareg	8	8	0.0562585873197976	0.246716991953567	0.819623826818294	0.825430071814416	-0.00596208671544834	191.839424314917	0.741277920602516	0.961489633431589
EFNA5	betareg	8	8	-0.0441364560931808	0.193968167286226	0.820000104221661	0.818087712746619	0.0119437854624334	1613.14007467938	0.741277920602516	0.961489633431589
ZNF546	betareg	8	8	0.0898440891585774	0.395138317126383	0.820133114046912	0.818394595292022	-0.0291747137369965	113.838925416984	0.741277920602516	0.961489633431589
RASSF2	betareg	8	8	-0.0251938348719191	0.110873528269682	0.820244599273437	0.823949695286417	0.0016661650926828	663.200683990652	0.741277920602516	0.961489633431589
DIP2B	betareg	8	8	-0.0332332023288753	0.146515259517484	0.820560467507804	0.820696917835918	0.00418301975653529	726.841730252877	0.741277920602516	0.961489633431589
TLCD5	betareg	8	8	-0.0330522358941195	0.145884265340308	0.820762184742043	0.820867878705327	0.00716800474381957	170.243746939534	0.741277920602516	0.961489633431589
MRPS33	betareg	8	8	-0.0556045236095832	0.24563842174537	0.820915703895199	0.823291245981908	-0.00119327972818742	611.747171465018	0.741277920602516	0.961489633431589
VPS4A	betareg	8	8	-0.0303941411421671	0.13499939214088	0.821868186006222	0.824645096870455	0.000907810404862765	2339.22672579054	0.741343009162581	0.961574057874862
COX7A2L	betareg	8	8	-0.0705548561680985	0.31351698477558	0.821945690525636	0.841272060435499	0.00213365925314528	3847.66116513663	0.741343009162581	0.961574057874862
PELI2	betareg	8	8	0.0331150449821816	0.147237504899695	0.822050041290747	0.822702814936827	-4.57929364413856e-05	654.014416092889	0.741343009162581	0.961574057874862
RELCH	betareg	8	8	-0.0293113301902374	0.130332373832768	0.822059580379985	0.822624805487418	0.00612645890457245	233.89828158331	0.741343009162581	0.961574057874862
NKAIN1	betareg	8	8	0.0144457878901818	0.0642530582339356	0.822114277691043	0.823177323127608	-0.00307409202363279	2647.67915375649	0.741343009162581	0.961574057874862
PRPF4B	betareg	8	8	-0.0255940155362872	0.114571632053949	0.823232946644131	0.822969909196828	0.00670112841055163	325.522935989753	0.741946198053502	0.962356436318226
ZBTB33	betareg	8	8	0.0375420852723099	0.16812765076225	0.823305818958786	0.822132851718303	-0.00748638095133242	813.052396572405	0.741946198053502	0.962356436318226
DMAC2L	betareg	8	8	0.0325696498688549	0.146012317657534	0.823488050955029	0.824851687573274	-0.00432409200757633	133.639363841537	0.741946198053502	0.962356436318226
ZNF432	betareg	8	8	-0.0654356414625624	0.293686520101349	0.823685112903112	0.829106731721717	-0.00305830520901349	195.659561196392	0.741946198053502	0.962356436318226
CTC1	betareg	8	8	0.0486755845865997	0.21922621099358	0.824287727964287	0.822137501096415	-0.00677585949883733	83.119387205199	0.742008718820187	0.962437530152768
CDS1	betareg	8	8	-0.032083560274126	0.144569973508007	0.824372974494975	0.822359886595163	0.00920975114910303	178.63071265493	0.742008718820187	0.962437530152768
MFN1	betareg	8	8	-0.0396642069233904	0.179073562964611	0.824705689859909	0.82524918368659	-0.000402376901843401	275.416194834824	0.742008718820187	0.962437530152768
DHCR24	betareg	8	8	0.015600786302386	0.0705560181637466	0.825005182548957	0.824351625405687	-0.00306801381840404	6457.41748809485	0.742008718820187	0.962437530152768
HOOK3	betareg	8	8	-0.0415210647335876	0.187942128310778	0.825151038147718	0.833397018813799	0.00626541346622153	500.082856666678	0.742008718820187	0.962437530152768
STX16	betareg	8	8	0.0465961276995527	0.211016910296846	0.825234901789129	0.822564967447545	-0.0124050577680253	748.493528518563	0.742008718820187	0.962437530152768
POLI	betareg	8	8	0.0329752009694562	0.149417958102902	0.825333027263151	0.825456255894763	-0.00682980650126139	152.250103683214	0.742008718820187	0.962437530152768
TMEM127	betareg	8	8	-0.0163585353780399	0.0742559711803354	0.825638097737276	0.823746021647571	0.00139430309296346	3298.13424956481	0.742080235702179	0.962530292581998
ZNF548	betareg	8	8	-0.0243765475736883	0.11084591181249	0.825938275250772	0.826547148536018	0.00521239044883119	306.207194024842	0.742147316952634	0.962617301684952
GNPDA1	betareg	8	8	-0.0171110689477415	0.0779252600433063	0.826195866641342	0.826962250988986	0.0031459635029146	347.224884428341	0.742176106237771	0.962654643413936
LYRM7	betareg	8	8	-0.0327242399870872	0.149261385516924	0.826462190712582	0.827727076740554	0.00411318293238927	482.726807990271	0.742179308682713	0.962658797210409
SAP30L	betareg	8	8	-0.0309625064176171	0.141381713268172	0.826650536967233	0.824245843954537	0.00480557793246066	387.983770071499	0.742179308682713	0.962658797210409
GAN	betareg	8	8	-0.0633553588449763	0.291414161917681	0.827891496945244	0.838319720694236	0.00290191288423568	663.736198180783	0.742800758629562	0.963464861528508
FAF2	betareg	8	8	0.0221772895855338	0.102059145540926	0.827975799691799	0.83221676973212	-0.00430834684155186	1443.02681065651	0.742800758629562	0.963464861528508
METTL8	betareg	8	8	-0.0483969254856858	0.222779107869223	0.828019941913441	0.827527644885703	0.0071534866553727	151.245220516453	0.742800758629562	0.963464861528508
HARBI1	betareg	8	8	0.0344130350365177	0.158695702352875	0.828325873261398	0.82950216878874	-0.00723064649638612	161.337094735366	0.742872675763334	0.963558143112468
SFXN1	betareg	8	8	-0.0219520097882473	0.101697172603618	0.829099497978511	0.826688072926702	0.00251924634787917	1405.69598445331	0.743098274329329	0.963850760329968
CACUL1	betareg	8	8	0.0573769804963293	0.26582923608289	0.829111300011197	0.835593522090367	-0.0144251724168667	741.440366881827	0.743098274329329	0.963850760329968
TMEM38B	betareg	5	5	-0.084157647217001	0.39027017267776	0.82926879886275	0.833329475263766	0.0105523465619961	59.3914699561971	0.743098274329329	0.963850760329968
AHR	betareg	8	8	0.0530500471540501	0.246443626823626	0.829562741046087	0.832050450747342	-0.00917319303826834	71.70888608838	0.743098274329329	0.963850760329968
TMEM108	betareg	8	8	0.0262206555314363	0.122343461009281	0.83029749096557	0.829566767549021	-0.00532955656407455	174.327433376196	0.743098274329329	0.963850760329968
KIAA1143	betareg	8	8	-0.0532134151258652	0.248364145799951	0.830347721091032	0.836888877725827	0.00840674711903479	520.723276848285	0.743098274329329	0.963850760329968
ETV6	betareg	8	8	0.0387279298785516	0.180777783688322	0.830368111071403	0.830160677141799	-0.00684032000335466	122.636088995407	0.743098274329329	0.963850760329968
PIP5K1C	betareg	8	8	-0.0250025335130929	0.116877462574167	0.830608731431706	0.834686815455964	0.00143452164893737	2287.68982937412	0.743098274329329	0.963850760329968
INPP5K	betareg	8	8	0.00973706914592713	0.0455965388596887	0.830899220899466	0.831342723641375	-0.00199334069626961	447.498689960001	0.743098274329329	0.963850760329968
ZNF283	betareg	8	8	0.0410712430070099	0.192636145867063	0.83116604199795	0.831230055566521	-0.00874444862485961	122.574104507721	0.743098274329329	0.963850760329968
DENND11	betareg	8	8	-0.0360048060741602	0.168883128038056	0.831175941380738	0.831296418963966	0.00647499085197887	218.940773141403	0.743098274329329	0.963850760329968
STAMBP	betareg	8	8	-0.0626446673432343	0.29403641019081	0.831287405992177	0.837478398054231	-0.0100964168211678	303.329132607117	0.743098274329329	0.963850760329968
SPART	betareg	8	8	-0.0531537382011337	0.250103218238322	0.831695755159217	0.831041097747467	0.00884504904292792	134.536884652876	0.743106661308295	0.963861638831954
MAP2K6	betareg	8	8	0.0318168815335144	0.149754940321768	0.831748457314453	0.835022508958722	-0.0036940330719489	421.929512245994	0.743106661308295	0.963861638831954
SLC35B4	betareg	8	8	0.0368618234343809	0.174287640121007	0.832497187951849	0.831767030938762	-0.00663430873289603	1452.57950105121	0.743573704109909	0.96446742621566
TBL1X	betareg	8	8	-0.0639949080323173	0.304472323833072	0.83352484317208	0.847035938179304	0.00436950007632031	126.830022041521	0.743692960203374	0.964622109762011
SBNO1	betareg	8	8	-0.0157606059001342	0.0750390584715474	0.833642672975711	0.834744993478913	0.00282071687651408	989.828218124196	0.743692960203374	0.964622109762011
CAPZA2	betareg	8	8	-0.0578578785239078	0.277720133203353	0.834970062982697	0.833524917580447	-0.000738173652302614	3580.20287198541	0.743692960203374	0.964622109762011
TCF3	betareg	8	8	0.0496998037019323	0.23862200272029	0.835011613238404	0.835128229353879	-0.00744180203802846	120.081917977472	0.743692960203374	0.964622109762011
ZHX3	betareg	8	8	-0.0447436046018488	0.215018290776769	0.835157066562746	0.836864403115951	0.00350620866290738	418.700671654782	0.743692960203374	0.964622109762011
GTF3C4	betareg	8	8	-0.0403139864762197	0.194014461277118	0.835394061646486	0.83622952510401	0.00797252808970444	292.998209931104	0.743692960203374	0.964622109762011
COA5	betareg	8	8	-0.0191155568408454	0.091998379664542	0.835399616281896	0.834470233083118	0.00414296977710309	482.3885969985	0.743692960203374	0.964622109762011
LRRC4	betareg	8	8	0.0756771689598159	0.364257671265632	0.835418520455128	0.853028983687927	0.00183234894977194	244.087722329875	0.743692960203374	0.964622109762011
PPM1F	betareg	8	8	-0.0299205716997418	0.144185524474225	0.835608152731053	0.836203526601567	0.00598356930120848	342.468625970526	0.743692960203374	0.964622109762011
TMBIM6	betareg	8	8	-0.00688403366044226	0.0331825852851493	0.835651228144694	0.836473369496246	0.00135112647574909	10002.6081594776	0.743692960203374	0.964622109762011
CACNG2	betareg	8	8	-0.0500575512815047	0.241453172356509	0.835761638849736	0.835777642245444	0.0100816073516605	530.477446200684	0.743692960203374	0.964622109762011
HRH1	betareg	8	8	-0.0837754292173899	0.406714644957895	0.836805868230823	0.840549039764736	0.0191115625199538	91.74611002365	0.743692960203374	0.964622109762011
ADCY1	betareg	8	8	0.0488069118595031	0.237035876267639	0.836864988685665	0.835980681519186	-0.0136841597012495	1651.97454913875	0.743692960203374	0.964622109762011
LRRTM2	betareg	8	8	0.0225693156343152	0.109626019364268	0.836888134552932	0.836160447885866	-0.00425959123810253	480.446893280309	0.743692960203374	0.964622109762011
CBX5	betareg	8	8	0.0279466670337975	0.13576392273985	0.836910019057614	0.837859806503835	-0.00304724143477697	6249.93144508841	0.743692960203374	0.964622109762011
PTGES3L	betareg	8	8	-0.0224979233735633	0.109465689146631	0.837162056214104	0.836496436888551	0.00456735648605908	313.991969856542	0.743692960203374	0.964622109762011
VAMP4	betareg	8	8	-0.0168696379469446	0.0822781427317145	0.837547258669797	0.838097240116118	0.00409291800716073	519.929072392617	0.743692960203374	0.964622109762011
RNF150	betareg	8	8	-0.0288844896493469	0.140880100990732	0.837549559499108	0.838634390195606	0.00518113922376109	1048.55538344958	0.743692960203374	0.964622109762011
OTUD7A	betareg	8	8	0.0577349382332403	0.281640736700816	0.837576044220748	0.841458099746063	-0.00235717608198125	500.918567601893	0.743692960203374	0.964622109762011
RAB23	betareg	8	8	-0.0429733005106905	0.209705267709528	0.83763277716831	0.833145174331043	0.00210305799671347	392.582147353412	0.743692960203374	0.964622109762011
RECQL	betareg	8	8	0.0404425780890828	0.197601630607497	0.837832126218708	0.83288521634894	-0.00215795833401486	194.996838652619	0.743692960203374	0.964622109762011
AGAP2	betareg	8	8	0.0440095145809639	0.215043051144912	0.837842120790395	0.842774746985436	-0.0028864258682702	175.559703022807	0.743692960203374	0.964622109762011
ATP2B3	betareg	8	8	0.0388411000613708	0.190297839958987	0.838269971162716	0.838769925096061	-0.0058715603348858	194.039230598896	0.743692960203374	0.964622109762011
DNM3	betareg	8	8	0.0298079201664331	0.146343401602731	0.838599854789284	0.841252047711468	-0.00133349495765155	3238.04565076187	0.743692960203374	0.964622109762011
PPP2R1A	betareg	8	8	-0.0762525009045055	0.374453596433298	0.838637398571185	0.859325552634445	0.00174824638744965	5019.78659630878	0.743692960203374	0.964622109762011
TCERG1	betareg	8	8	0.032112083725824	0.158008234613015	0.838954918209262	0.834101297313851	-0.00363735511963235	375.096524297052	0.743692960203374	0.964622109762011
SAMD8	betareg	8	8	-0.0396367326647967	0.195035608093543	0.83895668394995	0.835177915303228	0.00154434338358004	1251.93309040704	0.743692960203374	0.964622109762011
FAXC	betareg	8	8	0.010952935919757	0.0538955746442364	0.838959060786454	0.839632012680453	-0.00190641376300282	1312.99621832083	0.743692960203374	0.964622109762011
FOSL2	betareg	8	8	0.062394064823541	0.308587430596693	0.839766234248019	0.838054483140598	-0.00805064430757763	89.7207707541011	0.743971946471677	0.964983974586778
AGPAT3	betareg	8	8	0.0377962532870744	0.187035285960962	0.839853502958388	0.846583989617146	0.000417801991976316	704.863269802867	0.743971946471677	0.964983974586778
ZNF347	betareg	8	8	-0.0427583318065261	0.211722307983748	0.839952077223496	0.839910214222934	0.0115138349817015	205.749137609064	0.743971946471677	0.964983974586778
CKAP2	betareg	8	8	0.0196592769815745	0.0975470522328953	0.840279208318675	0.838222222720342	-0.00389114711176455	225.75165531322	0.744061411051714	0.965100016443516
RPS6KA5	betareg	8	8	-0.0241712694005114	0.120255051277501	0.840698547449009	0.84113818264467	0.0054106301036462	113.044526650298	0.744232455102772	0.96532187261565
NLN	betareg	8	8	-0.0187512141536429	0.0936062213518014	0.841230189036472	0.840818935227522	0.00358758836901933	660.534654147813	0.744426612465263	0.965573708379405
SPATA13	betareg	8	8	-0.0408406003526842	0.204194551969919	0.841474108417703	0.843853083290951	0.00541206903064583	128.861922274342	0.744426612465263	0.965573708379405
RBM8A	betareg	8	8	0.0335298470034077	0.167773652006037	0.841596578062649	0.838906773977126	-0.00443272298360753	1513.72336003673	0.744426612465263	0.965573708379405
ALDH7A1	betareg	8	8	-0.0215542953204335	0.108178643255414	0.84206935358659	0.838768385168226	0.000771411732675399	826.859011321324	0.744556783540906	0.965742549425825
DLGAP2	betareg	8	8	-0.0369795585630566	0.185747631119734	0.842196290759822	0.842877185402851	0.00451195543630252	156.687340926476	0.744556783540906	0.965742549425825
SLC39A10	betareg	8	8	0.0210174563304545	0.105917792868533	0.842707253759379	0.841002848652668	-0.00110865002074617	1250.49574370206	0.744808398634856	0.966068911911101
TLK1	betareg	8	8	-0.00834931416241032	0.0422797608622716	0.843453652349928	0.843693084316471	0.00148886108504533	504.492026734149	0.744901665169288	0.966189885170267
TSC22D2	betareg	8	8	-0.0259185187176162	0.131254711692185	0.843461837498874	0.845426600449607	0.00689432370845547	594.83851409505	0.744901665169288	0.966189885170267
NPAS3	betareg	8	8	0.043331003664493	0.2200305742373	0.843880955706558	0.845169784757027	-0.0144527645896384	136.580462841429	0.744901665169288	0.966189885170267
TSEN34	betareg	8	8	-0.0377957226352946	0.192120381069233	0.844039320777829	0.846407742266955	9.0313065684253e-05	783.958686821635	0.744901665169288	0.966189885170267
TMEM168	betareg	8	8	0.036370505256654	0.184895414124004	0.844055633947938	0.844072635975483	0.000526879674772127	283.988380098755	0.744901665169288	0.966189885170267
HECA	betareg	8	8	0.0509124549851839	0.260049515982037	0.844782482970147	0.846958109414639	0.00213270456154262	416.80955159546	0.744901665169288	0.966189885170267
BRAP	betareg	8	8	0.0270783200844248	0.138695692228895	0.84520860421954	0.844451678432828	-0.00603638676504551	379.967630287661	0.744901665169288	0.966189885170267
AKR1C1	betareg	8	8	-0.0567729805069631	0.291189108788401	0.845416863682889	0.854442428747932	0.00264048560882253	278.420236107459	0.744901665169288	0.966189885170267
SUV39H2	betareg	8	8	0.0406230794624975	0.209262269717612	0.846077852063637	0.844022854584661	-0.0114030961183215	69.0709334937166	0.744901665169288	0.966189885170267
SORL1	betareg	8	8	-0.0687007277797339	0.354636539238554	0.846393944156787	0.844634114514957	-0.00743188691741728	118.815643120932	0.744901665169288	0.966189885170267
CNOT6L	betareg	8	8	0.0561143946964771	0.289677295155136	0.846400242278212	0.84871923208594	-0.0217503871198789	130.107784164182	0.744901665169288	0.966189885170267
GRIN2B	betareg	8	8	-0.0534201778381714	0.275857026973637	0.846448626088003	0.847982008134916	-0.0154360819146875	304.632446886583	0.744901665169288	0.966189885170267
OGT	betareg	8	8	-0.0216160396528395	0.111655813521856	0.846492786079651	0.846924489945129	0.00598114592719785	744.691469501762	0.744901665169288	0.966189885170267
ARID2	betareg	8	8	0.0349537985573555	0.181174638891317	0.847014760352077	0.852904318252217	0.000728721836431898	203.283973995224	0.744901665169288	0.966189885170267
YTHDC1	betareg	8	8	-0.0216539813136785	0.112409447182782	0.847244919643394	0.846084953952886	0.00478095924229768	193.189228591768	0.744901665169288	0.966189885170267
ITSN1	betareg	8	8	0.0586601125991708	0.304689360171253	0.84733151776886	0.849629280851504	-0.020290072332007	560.536882105704	0.744901665169288	0.966189885170267
KIF1A	betareg	8	8	-0.0303624005461501	0.158308363879868	0.847904529966221	0.849322785836488	0.0094435867390842	8751.74826557141	0.744901665169288	0.966189885170267
MAML3	betareg	8	8	0.0337044518046457	0.17613833619972	0.848249695048933	0.849891802942588	-0.00202354529752334	685.626084011447	0.744901665169288	0.966189885170267
FBXO30	betareg	8	8	-0.0447752671380537	0.234084520001094	0.848307634598585	0.848951042129514	0.0093564246796952	224.509030802736	0.744901665169288	0.966189885170267
DIXDC1	betareg	8	8	-0.0300985541564686	0.157597696711766	0.848538547919633	0.847956658844383	0.00606124216436436	634.612342578646	0.744901665169288	0.966189885170267
CASTOR2	betareg	8	8	-0.0307809828144475	0.161283625702212	0.84864310040109	0.848199728310094	0.00596486139534422	2079.73136699414	0.744901665169288	0.966189885170267
CLOCK	betareg	8	8	-0.0438926303060887	0.23074976582827	0.849138743536271	0.849866638331488	0.0109547913662064	322.123295815424	0.744901665169288	0.966189885170267
CLCN4	betareg	8	8	0.0154038295428624	0.0813125800476466	0.849748223481537	0.849798465709005	-0.00357602870870943	1670.33953488703	0.744901665169288	0.966189885170267
SRPK1	betareg	8	8	-0.0103639122812753	0.0547300952795698	0.849807501738056	0.849390445469712	0.00170888605327597	1069.73824299838	0.744901665169288	0.966189885170267
TM2D1	betareg	7	8	-0.0296892138164817	0.157180386488178	0.850181970304077	0.849911561848155	0.00472372400174476	73.2903580047896	0.744901665169288	0.966189885170267
AMOTL1	betareg	8	8	-0.0469464855079348	0.248654926362425	0.850248199375395	0.858951577289507	-0.000524105727799722	256.759680655253	0.744901665169288	0.966189885170267
E2F6	betareg	7	7	0.0757891482380462	0.401609627173822	0.850317390024701	0.868344348900804	-0.0137749204124438	129.366616584021	0.744901665169288	0.966189885170267
C12orf4	betareg	8	8	-0.016914874902321	0.0897365566367761	0.850488786160372	0.852082786009939	0.00247155055527237	468.38189914757	0.744901665169288	0.966189885170267
L3MBTL3	betareg	8	8	-0.0465440775030496	0.246990333794341	0.850527877247504	0.849168194121124	0.0104278112200594	67.2892182118218	0.744901665169288	0.966189885170267
CD164	betareg	8	8	0.010069491336464	0.053436153137387	0.850532000508276	0.850880616558501	-0.00234319146495762	1350.63893576196	0.744901665169288	0.966189885170267
BCL10	betareg	8	8	-0.0183200863245001	0.0972559318422377	0.850586724501419	0.850319579301915	0.00416005302636002	162.530746706806	0.744901665169288	0.966189885170267
LANCL2	betareg	8	8	0.0131608151357886	0.0699085712645663	0.850674774130113	0.850770920700089	-0.00178465973805293	1517.7205539368	0.744901665169288	0.966189885170267
NEURL1	betareg	8	8	-0.0212603356744372	0.112954085087984	0.850703377582561	0.851450820801961	0.0038102618948863	448.95809740965	0.744901665169288	0.966189885170267
ZNF704	betareg	8	8	0.0453575167546838	0.241167794043014	0.850818235885948	0.859617165131292	0.00461367893729887	657.124111104689	0.744901665169288	0.966189885170267
GSE1	betareg	8	8	0.0321148437810858	0.171047291260825	0.851069356545315	0.852041807694228	-0.0115655788282662	617.912226873761	0.744901665169288	0.966189885170267
FBXW2	betareg	8	8	-0.016119026267909	0.0858833033172906	0.851123420840309	0.851723254280209	0.00426662105988442	1008.4146101277	0.744901665169288	0.966189885170267
GPC1	betareg	8	8	0.0132305021878447	0.0707993821190206	0.851760106663413	0.85358425993042	-0.000167578807419244	1933.93757959237	0.744901665169288	0.966189885170267
ELOC	betareg	8	8	0.0291811459543331	0.156278903369689	0.851876415611434	0.847736511404589	-0.000194359628816527	2024.25545313323	0.744901665169288	0.966189885170267
MTFMT	betareg	8	8	-0.0517592788355432	0.278008847146928	0.852304759192643	0.850229368743815	0.00451217418387086	157.043169530224	0.744901665169288	0.966189885170267
SEMA6A	betareg	8	8	0.0483732238693023	0.260217887130009	0.852527043789559	0.854616550100824	-0.00199920368631797	529.328120349252	0.744901665169288	0.966189885170267
PPM1H	betareg	8	8	-0.0187237529855576	0.100828639949611	0.852681004095168	0.852687970465593	0.00335683871921984	1279.98580231885	0.744901665169288	0.966189885170267
DHX40	betareg	8	8	0.0204089804113093	0.110536327234868	0.853514582260493	0.853349873941583	-0.00402475435795763	242.543356153954	0.744901665169288	0.966189885170267
PDP2	betareg	8	8	-0.0356419826661278	0.193364594432202	0.853758284517781	0.853957404413901	0.00716942779915651	351.91317205026	0.744901665169288	0.966189885170267
MECR	betareg	8	8	-0.0294054056302608	0.15991218674833	0.854103902157601	0.854747282431962	0.00628040080442259	368.547823774511	0.744901665169288	0.966189885170267
CREBL2	betareg	8	8	0.0107531905000156	0.0585342762023336	0.854242858494882	0.854699318416719	-0.00196191728700154	951.163154413226	0.744901665169288	0.966189885170267
NDUFA5	betareg	8	8	-0.0576496969705463	0.314071870073383	0.854361981305101	0.865540011030001	0.00149828714213483	5233.11712368029	0.744901665169288	0.966189885170267
POLD3	betareg	8	8	0.0177263068089399	0.0973467775316351	0.855508613085763	0.856261331998368	-0.00329575980672484	128.592101236177	0.744901665169288	0.966189885170267
ZNF765	betareg	8	8	0.0390225469299548	0.21441714666646	0.855587753955019	0.854535030569881	0.000903241670199647	143.671353814757	0.744901665169288	0.966189885170267
PTPN4	betareg	8	8	-0.0363356655085393	0.200187676071854	0.855968851217886	0.858088141704724	0.00800516615063299	130.89251818357	0.744901665169288	0.966189885170267
BZW1	betareg	8	8	0.0728130298547881	0.401389969031115	0.856051879633689	0.854658783176511	-0.0269930570553326	936.795556475092	0.744901665169288	0.966189885170267
SHTN1	betareg	8	8	0.0243869296528573	0.134513440425712	0.856134189666424	0.854413472258027	0.0003229170407816	1702.25663999131	0.744901665169288	0.966189885170267
RPL38	betareg	8	8	0.0298503840672425	0.164652399605023	0.85613733044462	0.855057670058891	-0.00142684469065672	2189.65983630005	0.744901665169288	0.966189885170267
TOLLIP	betareg	8	8	-0.0212815095851774	0.117456017221013	0.856220756836478	0.856435049811283	0.00443037265229009	1458.42617176799	0.744901665169288	0.966189885170267
POP4	betareg	8	8	0.0246835201620491	0.136421512233191	0.856418056233292	0.856224459978032	-0.00310972193799748	633.963512626019	0.744901665169288	0.966189885170267
TDP1	betareg	8	8	-0.024512545623366	0.13586031281272	0.856819225713283	0.858489301010403	0.00486414255177121	180.109287208022	0.744901665169288	0.966189885170267
CACNA1E	betareg	8	8	0.0200251394862542	0.111187248369413	0.857071831071027	0.857052624403037	-0.00468728146607274	746.443299800808	0.744901665169288	0.966189885170267
COX7B	betareg	8	8	0.0311838980117306	0.173245030276605	0.857153508207587	0.856790177132942	-0.0107528389272329	2716.07105193582	0.744901665169288	0.966189885170267
DNMT3A	betareg	8	8	0.0472326801355827	0.262429644965012	0.857166496602243	0.861932438518593	-0.0108384449032572	221.35287847954	0.744901665169288	0.966189885170267
XIAP	betareg	8	8	0.0427975100242006	0.237911160657994	0.857240010539923	0.861466427195567	0.00496625531786972	459.795635609426	0.744901665169288	0.966189885170267
KIAA1549L	betareg	8	8	-0.0151637450662048	0.084332159354659	0.857301923624719	0.858017628191549	0.00127060953833195	569.084572489154	0.744901665169288	0.966189885170267
TUBGCP4	betareg	8	8	-0.0278476203885581	0.154960436215945	0.857381861663995	0.857476317691464	0.00506821698075099	864.80112775407	0.744901665169288	0.966189885170267
PCDH17	betareg	8	8	-0.0195622053197511	0.109193190102526	0.857818158702988	0.859443253412784	0.00142654288000272	1995.62043692293	0.744901665169288	0.966189885170267
ZNF791	betareg	8	8	0.0401473422187568	0.224205004405764	0.857886407714545	0.8584210680412	-0.0130115351591689	870.911717515406	0.744901665169288	0.966189885170267
RAPGEF1	betareg	8	8	-0.0184897191829294	0.103326641663784	0.857981395067641	0.857721149058882	0.00293447828844934	587.878780124344	0.744901665169288	0.966189885170267
ZYG11B	betareg	8	8	0.030290681776913	0.169433760082892	0.858113628503096	0.8595519372221	8.59459730377654e-07	1348.33745030864	0.744901665169288	0.966189885170267
SPRTN	betareg	8	7	-0.0240837326656144	0.134789204611018	0.858191318500332	0.860013997654147	0.00284557811971987	134.95349558837	0.744901665169288	0.966189885170267
FBXO22	betareg	8	8	-0.0245624257108655	0.137605627215978	0.85833134125218	0.857759603116988	0.00422705316364586	514.992641253703	0.744901665169288	0.966189885170267
SOX4	betareg	8	8	0.021238954804652	0.119055129600703	0.858412017472073	0.854799728098421	-0.00246934930771131	7261.31723967747	0.744901665169288	0.966189885170267
CDV3	betareg	8	8	0.0323323943717164	0.181377167517504	0.858518355918276	0.863349778506599	0.00352801921634796	1651.20212036616	0.744901665169288	0.966189885170267
PCGF3	betareg	8	8	0.0266695302014282	0.150126191221093	0.858999882832121	0.858362220596067	-0.00855618777324489	1066.91393444032	0.744901665169288	0.966189885170267
TMEM248	betareg	8	8	0.0137732858626763	0.0776010358633437	0.859124754090749	0.859848325259952	-0.00211642063995947	1625.57229965606	0.744901665169288	0.966189885170267
ZFAND3	betareg	8	8	-0.0314049766513159	0.176969469469958	0.859147194632157	0.859943893957342	0.00344492276059545	298.65353656449	0.744901665169288	0.966189885170267
INTS2	betareg	8	8	-0.035598755547296	0.201497691464274	0.859766989191734	0.858599744402939	0.00535393704871084	73.1136890352854	0.744901665169288	0.966189885170267
LONP2	betareg	8	8	0.0243220931351599	0.137858612004798	0.85995785736827	0.86149133584949	-0.00150236598101586	1202.15616894173	0.744901665169288	0.966189885170267
SNURF	betareg	8	8	0.0300306488955298	0.170485701792622	0.860177978337248	0.868792402103428	-0.000377267214688003	6706.0487623295	0.744901665169288	0.966189885170267
RERE	betareg	8	8	-0.0311030066418391	0.176617764938083	0.860212630967506	0.867216695610819	0.00556351506223178	803.253325531545	0.744901665169288	0.966189885170267
ABI2	betareg	8	8	-0.0395283750680708	0.224512012073066	0.860244040217201	0.86008283967434	0.00867940285096366	2888.92835541476	0.744901665169288	0.966189885170267
SPECC1	betareg	8	8	-0.0440598426953144	0.250775561836916	0.860534095100739	0.857391002781256	0.0096168048011602	124.184840748233	0.74495678794606	0.966261383291227
ATXN1	betareg	8	8	-0.029896143052671	0.170539747319163	0.860841491364693	0.861274954999135	0.00472441632677295	231.121529682076	0.745026890057896	0.966352310663995
NKTR	betareg	8	8	-0.0310236430938439	0.178157599776508	0.861758619864313	0.865306884376139	0.00481884005086704	301.422053522429	0.745457159447104	0.966910400343734
PITPNM3	betareg	8	8	0.0421821482237425	0.242295519259143	0.861791743886496	0.865109127811667	-0.00696745539024386	330.691752569181	0.745457159447104	0.966910400343734
PAK1	betareg	8	8	-0.00791928212889447	0.0457367017215679	0.862534001442684	0.86324474461504	0.00174572877971448	1006.3199379659	0.745875753625128	0.967453346452877
ALDH3A2	betareg	8	8	0.0213290177397257	0.123359503822763	0.862729015135813	0.867791987277523	-0.00275001368503197	1020.71170085869	0.745875753625128	0.967453346452877
DUSP4	betareg	8	8	-0.0415112496727571	0.240836438620491	0.86315229365077	0.861986838946741	0.00497660980231109	586.820554521594	0.745921882589433	0.967513178966092
CYP51A1	betareg	8	8	-0.0206505515512671	0.119882452762672	0.863235751055032	0.863488777293987	0.00461959546935201	1713.66118740307	0.745921882589433	0.967513178966092
NOL9	betareg	8	8	-0.0292436994481741	0.170295628124685	0.863655195459574	0.866014199173149	0.0095404268409265	317.640720090298	0.746088397861212	0.96772916099277
USP37	betareg	8	8	0.0291128031128368	0.170752723538717	0.864619403969374	0.865047054193138	-0.00397169464176636	268.11030731046	0.746635550928609	0.968438857029279
SSTR2	betareg	8	8	-0.039892448235002	0.234544969470621	0.864943735504033	0.863297383080768	-0.00663079976788594	1082.95783539423	0.746635550928609	0.968438857029279
SH3PXD2A	betareg	8	8	0.0282059069237241	0.166124021239494	0.865176667545977	0.8630256618175	-0.00763597948488714	638.036568717507	0.746635550928609	0.968438857029279
CREB1	betareg	8	8	0.0375789916285882	0.221360947374197	0.865196195373159	0.862999932558159	-0.00210920509804775	565.508988076021	0.746635550928609	0.968438857029279
ZNF260	betareg	8	8	0.0263684554390142	0.155913085417324	0.86570006215307	0.865466398516013	-0.00845224932174571	755.082602514218	0.746640027840309	0.968444663898835
SLC7A14	betareg	8	8	0.0259358245435512	0.153519425162414	0.865842540371067	0.86998581037598	-0.0015419726504797	372.212981403517	0.746640027840309	0.968444663898835
TAB3	betareg	8	8	0.0233599986577735	0.138313771126937	0.865882108115734	0.865550700943732	-0.00409115172540923	259.125539493579	0.746640027840309	0.968444663898835
UNC13A	betareg	8	8	0.029774282980301	0.176987387262698	0.866403697140691	0.866758468930242	-0.00561093418089654	1708.7845354588	0.746894061008887	0.968774162797084
ZNF264	betareg	8	8	0.0493860028945749	0.294134700209646	0.866659845877291	0.872317800703946	-0.0423708788118784	227.969515399665	0.746919194944383	0.968806763280324
STK40	betareg	8	8	0.00987589196431762	0.0589588351917414	0.866972816759411	0.86739958733392	-0.00177850610383923	830.013749983764	0.746993274300221	0.968902849418477
SINHCAF	betareg	8	8	-0.0186603840255197	0.111762303066094	0.867397650954135	0.867076983557071	0.00232617145499744	204.326486710779	0.747139109326214	0.969092007710916
KLHDC10	betareg	8	8	0.0329958931351718	0.197920818414444	0.867596195281961	0.872029562985136	-0.00665218880980747	1095.89884973967	0.747139109326214	0.969092007710916
CNOT8	betareg	8	8	0.0120169474649039	0.0723264744655348	0.868039954075986	0.867963763914528	-0.0029078054204273	947.53477155811	0.747304002508739	0.969305885773671
TMCC1	betareg	8	8	-0.0233890964871559	0.141668334247895	0.868867192531862	0.865882196755956	0.00243378896429281	812.948617454971	0.747304002508739	0.969305885773671
UBE2Q1	betareg	8	8	-0.0147209738808346	0.0894817288560089	0.869326731112251	0.869613007801262	0.00282252680004252	387.552454065925	0.747304002508739	0.969305885773671
UTP25	betareg	8	8	-0.0291488520407565	0.177285036713063	0.869402090566562	0.870300339437583	0.00363728547721447	122.478192828002	0.747304002508739	0.969305885773671
MAP3K2	betareg	8	8	-0.0324860180825616	0.197673344223242	0.869461978280439	0.870504292741531	0.0101410569863499	659.063997002646	0.747304002508739	0.969305885773671
CIAO1	betareg	8	8	-0.00666058174783434	0.0405389199099278	0.869494259212614	0.869580950878219	0.00132933072175333	1568.76065322123	0.747304002508739	0.969305885773671
LRCH2	betareg	8	8	0.0264422729873751	0.161104870734603	0.869628167538764	0.867925530279746	-0.00297917206026941	129.006249666245	0.747304002508739	0.969305885773671
SEL1L	betareg	8	8	-0.0215414268651689	0.131275565306146	0.869657779231986	0.871085505074606	0.00743522473683097	1278.035912469	0.747304002508739	0.969305885773671
RGS8	betareg	8	8	-0.0446861302623116	0.273207438610257	0.870076609187054	0.870218476050524	0.0302508672653597	93.9210420012546	0.747304002508739	0.969305885773671
SLC16A7	betareg	8	8	0.0370088751061574	0.226359499961923	0.870127914314455	0.870370276711382	0.000469362106139514	89.7916037425412	0.747304002508739	0.969305885773671
ERO1A	betareg	8	8	-0.0215291097324569	0.132015536735535	0.870455351234933	0.877728829447745	0.00228273147643861	924.438733652195	0.747304002508739	0.969305885773671
NHLRC2	betareg	8	8	0.0339824889723133	0.208472690326049	0.870512994416701	0.870244004723368	-0.00606788631997011	102.697595350022	0.747304002508739	0.969305885773671
SPAG9	betareg	8	8	-0.0296471387585721	0.182511683012998	0.870959628338872	0.870843706663819	0.00585459139678862	1171.3507239136	0.747492406641942	0.969550259194133
GPN1	betareg	8	8	0.0119210805644837	0.0738684192313573	0.871792038124965	0.870079649323132	-0.0018101358956554	750.062914361459	0.747828745805861	0.969986514760954
RPS19	betareg	8	8	0.0409838356809068	0.254093155553058	0.871861432584603	0.870466284794821	-0.0140712947971052	1145.82069493295	0.747828745805861	0.969986514760954
DUSP3	betareg	8	8	0.00871454849635106	0.0541192877958488	0.872073853349255	0.872127614084223	-0.00163641944123728	2146.14201232407	0.747828745805861	0.969986514760954
SNIP1	betareg	8	8	0.0438891957497032	0.272963612385244	0.872260600668356	0.866320750302776	0.000844540240871334	126.222769571502	0.747828745805861	0.969986514760954
GNAO1	betareg	8	8	0.0107409011121544	0.0673413685083611	0.873275510081055	0.873014350877673	-0.00156147065089086	4609.21731578471	0.748072722598959	0.970302969832449
DENND5A	betareg	8	8	-0.0153854595742997	0.0972539781700336	0.874300174161427	0.874422953225603	0.00379920206100579	267.021533561449	0.748072722598959	0.970302969832449
SULF1	betareg	8	8	-0.0213890214133952	0.135225316292775	0.874320318775104	0.874633690233297	0.00525378303677007	150.462386539602	0.748072722598959	0.970302969832449
ZNF33B	betareg	8	8	-0.028511931758931	0.180360040941686	0.874391066756217	0.873979151756566	0.00361504700587076	934.546850286887	0.748072722598959	0.970302969832449
TMEM170A	betareg	8	8	0.0216135535835317	0.136782155204326	0.874445432135105	0.874730526853989	-0.00462123380907951	289.49291895768	0.748072722598959	0.970302969832449
TNRC6B	betareg	8	8	0.0302476091580918	0.191530503416526	0.874515262851605	0.875355317648113	-0.0035794038049428	1265.2665831081	0.748072722598959	0.970302969832449
FERMT2	betareg	8	8	-0.0233859411927725	0.148282720077757	0.874683867266873	0.874109881088542	0.00179990887401071	182.386310100528	0.748072722598959	0.970302969832449
EIF5A2	betareg	8	8	0.0155612557466121	0.0987176823163572	0.874745269359734	0.874467521959272	-0.00344202242490553	161.832421395829	0.748072722598959	0.970302969832449
RAB3D	betareg	8	8	-0.0134270568874231	0.0851858940316329	0.874755722315673	0.874646044722313	0.00200520759553642	1059.34124014002	0.748072722598959	0.970302969832449
SLITRK1	betareg	8	8	-0.0247290584647953	0.156969175006915	0.874818610101983	0.872958376428143	-0.00155817208763141	985.673357113324	0.748072722598959	0.970302969832449
MIB1	betareg	8	8	0.0448428216742329	0.286701260354797	0.875710191980774	0.879133967271014	-0.0319448502607252	495.9476208301	0.748541540313446	0.970911059403067
GNPTG	betareg	8	8	-0.020627516896814	0.13201231587357	0.875832428505547	0.874371823072293	-2.04259813936254e-05	791.455363819962	0.748541540313446	0.970911059403067
AFAP1	betareg	8	8	0.0339763572529808	0.217879877505778	0.876079703561342	0.880117852539979	0.00261454181921145	1615.18653352079	0.748541540313446	0.970911059403067
ARF3	betareg	8	8	-0.0118875305931652	0.0765073307368488	0.876523589127321	0.876398235341957	0.00309037695617811	3033.82923091266	0.748541540313446	0.970911059403067
UBFD1	betareg	8	8	-0.0145975544711114	0.0939585222623167	0.876536187180185	0.877622510276766	0.00302469259434272	4425.88354378125	0.748541540313446	0.970911059403067
RRM2B	betareg	8	8	0.0198334259006302	0.128219445523266	0.877070879713313	0.876371546177317	-0.00277846772830406	597.271982947321	0.748541540313446	0.970911059403067
YIPF6	betareg	8	8	-0.0355545717932065	0.23032685438832	0.877321377430023	0.876448354699465	0.0120544765358739	969.380597576336	0.748541540313446	0.970911059403067
STC1	betareg	8	8	0.052120961531898	0.337767314283212	0.877365109195902	0.880537330516383	-0.0063181232450823	575.380659247709	0.748541540313446	0.970911059403067
RBM27	betareg	8	8	0.0380754925419762	0.246846018614099	0.877414235266549	0.874792286526421	-0.00810422808065979	66.7650557151005	0.748541540313446	0.970911059403067
THUMPD3	betareg	8	8	-0.0125615033536937	0.0817494584710887	0.877878967872798	0.878623637061723	0.00267426550816507	151.027087907699	0.748743888029406	0.971173518631701
SH3BP5	betareg	7	7	0.0357008382527083	0.234149875224505	0.878816227475969	0.887044711093979	-0.00102669132149128	1345.16422050993	0.74925873244119	0.971841308068028
CCDC85C	betareg	8	8	-0.0299026988453015	0.196320648071015	0.878938015263024	0.885958710748469	0.000645864155466767	335.846393725349	0.74925873244119	0.971841308068028
ADD2	betareg	8	8	-0.0306148923341343	0.201796275949675	0.879414187018056	0.881241550740987	0.00544802511724315	4975.51411403551	0.749470486061029	0.972115967415971
CYB561D1	betareg	8	8	-0.0263223260390017	0.174282116085768	0.879949796494017	0.878671070154709	0.00412057441333477	419.095661051769	0.749642403777379	0.972338956793476
PCLO	betareg	8	8	-0.0283501149871458	0.187900285513099	0.880071553442642	0.881345888375761	0.00370594122709483	480.327254157766	0.749642403777379	0.972338956793476
SMN1	betareg	8	8	0.0175319151011914	0.116447838970769	0.880326011463852	0.880763049133915	-0.00337084638386009	89.7924722821983	0.749665087456755	0.972368379122081
KDM4B	betareg	8	8	-0.0158601537481134	0.105611307667975	0.880626731436993	0.881179391591493	0.00321969784143014	566.050986346772	0.749727144803886	0.972448871868845
POLR3H	betareg	8	8	0.00526369486538642	0.0352117036393029	0.881169301099418	0.881231121697254	-0.00102484179883182	3775.6738580022	0.74981377832748	0.972561241646129
ZBTB43	betareg	8	8	-0.034567593739548	0.23149069713566	0.881296352863487	0.878658642052562	0.0135694881215753	958.750964770878	0.74981377832748	0.972561241646129
IPO9	betareg	8	8	-0.0260119721624882	0.174628926531784	0.881588597440224	0.879777774281667	0.00226297494407643	2022.00033740053	0.74981377832748	0.972561241646129
INPP4A	betareg	8	8	-0.0177552526871375	0.119250350542573	0.881639982176399	0.883252515773876	0.00420196816658926	1032.28381134561	0.74981377832748	0.972561241646129
YWHAE	betareg	8	8	-0.00752107379132332	0.0507178835887407	0.882112057921312	0.881922093625827	0.000927826418055624	10049.7012475308	0.750021413415556	0.972830558968516
SLC31A1	betareg	8	8	0.034990719576425	0.236831740113366	0.882543969359861	0.883113541774268	-0.0102527126113225	381.431436370742	0.750110472255649	0.972946074551991
CIT	betareg	8	8	-0.0186197484052523	0.126535286098914	0.883013119488956	0.883436948459305	0.00410447663728271	356.540875546362	0.750110472255649	0.972946074551991
PPTC7	betareg	8	8	0.0363456285567605	0.24761144181366	0.883301778667392	0.882631995786672	-0.0152030723661471	388.144564242593	0.750110472255649	0.972946074551991
TLK2	betareg	8	8	-0.0399853486635771	0.273324643070375	0.883690476715324	0.883711678039227	0.0178911730584013	294.609201576743	0.750110472255649	0.972946074551991
GLCE	betareg	8	8	0.036932478203045	0.252710357483555	0.883806538638374	0.884008041511597	-0.00695525394362018	173.244349488894	0.750110472255649	0.972946074551991
BRD7	betareg	8	8	-0.0380486468048142	0.260801062696049	0.884007076420616	0.882409919951944	0.00354484568408637	150.912711449499	0.750110472255649	0.972946074551991
PLEKHM3	betareg	8	8	-0.0407486185710115	0.279358550841975	0.884028008448032	0.882437098546201	0.00463390860574281	660.492167806591	0.750110472255649	0.972946074551991
MLLT10	betareg	8	8	-0.0315555789485977	0.216557208125691	0.88414657864226	0.885383388618619	0.00829537976023734	85.6480019988653	0.750110472255649	0.972946074551991
DNASE1L1	betareg	8	8	0.011094687366247	0.0763139389334936	0.884409127690247	0.88486698123075	-0.00164441877760557	218.704782668541	0.750110472255649	0.972946074551991
FBRSL1	betareg	8	8	-0.0221633273309878	0.152964764261433	0.884796366317699	0.88326928107846	0.00520481811496639	330.214770249177	0.750110472255649	0.972946074551991
MEIS2	betareg	8	8	-0.0205319067195515	0.14177344659137	0.88485145285781	0.884791219532122	0.00335456398201606	126.632717151288	0.750110472255649	0.972946074551991
RABIF	betareg	8	8	-0.0144933565796084	0.100452347160682	0.885278648102761	0.885704566798407	0.00193952269986372	1034.41690048601	0.750110472255649	0.972946074551991
FAM102B	betareg	8	8	-0.0192656598466011	0.133546138733257	0.885293425628614	0.885517356371569	0.00754226452196012	2047.29491257034	0.750110472255649	0.972946074551991
TTC28	betareg	8	8	-0.0183641864438837	0.127425766135453	0.885408283402046	0.885861025701895	0.00435031958773176	395.771136773738	0.750110472255649	0.972946074551991
KCMF1	betareg	8	8	-0.0230363442289655	0.160404134182196	0.885804965337847	0.884452254427358	0.0033326333595918	1012.91781701902	0.75025337273289	0.973131426528168
FCF1	betareg	7	7	0.031972343764048	0.223926064611515	0.886463297141158	0.886385682312612	-0.00356368544621895	156.977547313936	0.750617753152046	0.973604053576547
SRSF10	betareg	8	8	-0.0205015204945931	0.143936775733383	0.886737044622572	0.887671745589254	0.00195788032606488	1031.6289646653	0.750656380938667	0.973654156534381
PRLHR	betareg	8	8	0.0392711264373919	0.276322332118332	0.886984658838123	0.888059401180089	-0.0269657951718974	182.138890699515	0.750672871749013	0.973675546276005
EIF4E3	betareg	8	8	-0.010779892693288	0.0763851127947313	0.887770742721573	0.888981425014123	0.00164526391935983	1451.54115540085	0.750948121673754	0.974032564800214
ZNF322	betareg	8	8	-0.0220911817515955	0.156645703587856	0.887849075993933	0.886012906872402	0.00400348357410717	121.706931400178	0.750948121673754	0.974032564800214
SDC1	betareg	8	8	0.0125006416539916	0.088771402652433	0.888013453386234	0.888076561742973	-0.00354978145389956	340.37966248189	0.750948121673754	0.974032564800214
KRBOX5	betareg	8	8	-0.0273372931682558	0.194497552595734	0.888222760591011	0.883270416807526	0.00417985764371279	570.965352697706	0.750948121673754	0.974032564800214
BLACAT1	betareg	8	8	-0.0329902344373638	0.23570223539557	0.88868707065967	0.891147904578701	-0.00585062703089377	162.322982055932	0.751147674859	0.974291399325834
ATP2B4	betareg	8	8	-0.0245307907647492	0.176419028525027	0.889411870946974	0.890084233033017	0.00853319964883589	1384.73533809724	0.751311448341646	0.974503825059043
POM121C	betareg	8	8	-0.0159840370665307	0.115015710750217	0.889471768634708	0.888235930302503	0.00407418051646431	164.328465634316	0.751311448341646	0.974503825059043
RPS27L	betareg	8	8	-0.0401978147152185	0.289799728674848	0.889680149104335	0.886794892890338	-0.00617042043716451	243.160727616547	0.751311448341646	0.974503825059043
ATF6	betareg	8	8	-0.0148017493694963	0.106961936696101	0.889937468136806	0.887290386505182	0.00170583671500138	689.069626368481	0.751311448341646	0.974503825059043
RMND5A	betareg	8	8	-0.0330885741892404	0.239323524942561	0.890035915885891	0.893169443743107	0.0126017469148954	911.567424656669	0.751311448341646	0.974503825059043
UNC80	betareg	8	8	0.0288728930953697	0.209472876122882	0.890370070715053	0.891931704074542	-0.01426812570088	191.915054758404	0.751311448341646	0.974503825059043
ADCYAP1R1	betareg	8	8	0.0358076116868231	0.2601036571555	0.890503839682726	0.891500228108871	-6.76418562638101e-05	406.691440195488	0.751311448341646	0.974503825059043
MTPAP	betareg	8	8	0.0218012606586343	0.159347506475168	0.891176374242223	0.891691430592537	-0.000604927167172916	493.065691930649	0.751311448341646	0.974503825059043
LRIG2	betareg	8	8	-0.0279285391010652	0.204715356580452	0.891484359145611	0.895679366813574	0.00584281396130104	319.434103722223	0.751311448341646	0.974503825059043
GFPT1	betareg	8	8	0.0122186738442929	0.0897212912759171	0.891675211004044	0.894469134051701	-0.00117159409875822	1371.30639363932	0.751311448341646	0.974503825059043
RNF130	betareg	8	8	-0.0375604816499372	0.275947887953041	0.891730842633264	0.890434237549086	0.00459666128992939	1391.40834127791	0.751311448341646	0.974503825059043
PDE4D	betareg	8	8	0.0249669077489777	0.183609722627118	0.891838565718648	0.890290210728026	-0.00591312567129872	578.566400083044	0.751311448341646	0.974503825059043
DPH3	betareg	8	8	0.01366950341458	0.100874705050506	0.892208876731171	0.890971207690138	-0.00344115565317006	2495.39452083816	0.751311448341646	0.974503825059043
PDCD6IP	betareg	8	8	0.0178584053959929	0.132063422724085	0.892433208858957	0.891930909691464	-0.00529693584101174	422.56461355241	0.751311448341646	0.974503825059043
PHF20L1	betareg	8	8	-0.0217009488230789	0.16051052588642	0.892454112958622	0.891911565111696	0.00581006855270792	75.9095592558796	0.751311448341646	0.974503825059043
GLRB	betareg	8	8	0.0262129983566084	0.194384217851715	0.892729306892616	0.898598180946328	-0.000219512019623033	591.618665177694	0.751311448341646	0.974503825059043
ENTPD7	betareg	8	8	0.0214278213124704	0.159108709620621	0.892869556568225	0.89243783937862	-0.00613478838756041	215.203656154957	0.751311448341646	0.974503825059043
MLEC	betareg	8	8	0.00986950437114358	0.0734727238111146	0.893142563841717	0.894087938201807	-0.00216849893550901	1762.01674840946	0.751311448341646	0.974503825059043
CYTH1	betareg	8	8	0.0101606966022885	0.0756949979437373	0.893219063643622	0.894216415904177	-0.0013340946941777	966.555253187644	0.751311448341646	0.974503825059043
STMN4	betareg	8	8	0.012684997735888	0.0950988776969146	0.893886962331895	0.893796370116506	-0.00248261212045698	6235.80732063732	0.751618832734449	0.974902524249919
CDS2	betareg	8	8	-0.0148238231333105	0.111296449309608	0.89404134955815	0.897635736612005	0.00100531820680004	2340.61790458484	0.751618832734449	0.974902524249919
SAMD5	betareg	8	8	0.0320215325149057	0.241418871590405	0.894478969905831	0.89483280591845	-0.0112079175608542	174.818699094171	0.751794660964252	0.975130585838591
RICTOR	betareg	8	8	0.0230753128268394	0.175009155705916	0.895101330062269	0.894975653363599	-0.00674225425784648	264.66807989572	0.75212563047298	0.97555987658472
HDDC3	betareg	8	8	0.0386730776354825	0.295639119244251	0.895924208774577	0.900549997505885	-0.0045114098491311	285.864353367348	0.752375179698032	0.975883559492641
ZMYND11	betareg	8	8	0.00759691209448872	0.0581220935621342	0.896007807718353	0.896207204269932	-0.00172258920873216	1061.98422758932	0.752375179698032	0.975883559492641
C17orf75	betareg	8	8	-0.0212417034251601	0.162635279053568	0.896084271239846	0.896320798310553	0.00925602508941004	375.222032258408	0.752375179698032	0.975883559492641
NAT8L	betareg	8	8	0.0195559714519482	0.150499716353445	0.896613695736171	0.898070452797459	-0.00292395811129764	272.758220542385	0.752627652149623	0.976211034031117
PEX16	betareg	8	8	0.0319314863060858	0.247264528550703	0.897247687295008	0.900545086792476	0.0050474147287248	112.698669057653	0.752892734194674	0.976554864099762
FAM177A1	betareg	8	8	-0.0168840135803443	0.130921610800372	0.897387108012949	0.897597672460005	0.00215401460544853	1222.23822465481	0.752892734194674	0.976554864099762
DNAAF9	betareg	8	8	0.0305110065135501	0.237190060191357	0.897646259795492	0.89672987189579	-0.00766682897323375	1011.23735263499	0.752918185173994	0.976587875811154
TRIQK	betareg	8	8	0.00890950504620239	0.0694812421773549	0.897967809561047	0.897738095161463	-0.000740898490500075	589.643719091466	0.752995947360277	0.97668873883959
BID	betareg	8	8	0.0100990187516391	0.0798490214945857	0.899354809566342	0.899271179473008	-0.0020888067099181	637.03144307283	0.753856678472103	0.977805167669036
FXR1	betareg	8	8	-0.0199586124549047	0.157959075510198	0.899452457420018	0.89920065983549	0.00284607219224364	231.629414828585	0.753856678472103	0.977805167669036
RWDD2B	betareg	8	8	0.0187243133009127	0.148563643499427	0.899703716003691	0.902440067135491	-0.00305528432745723	279.689398114076	0.753875244231734	0.977829248765917
CABLES2	betareg	8	8	-0.012947971301527	0.103455594392756	0.900400946028072	0.900236106135873	0.00340499276360824	1267.79662828231	0.754120013655182	0.978146731934761
CCDC127	betareg	8	8	-0.0186743534603412	0.149848186520616	0.900822954615862	0.900420122823233	2.59730723693348e-05	713.476819109896	0.754120013655182	0.978146731934761
RAB29	betareg	8	8	0.0274400892315805	0.222382734596124	0.901797265562517	0.897383136928384	-0.00299921764614344	162.401712346219	0.754120013655182	0.978146731934761
FBXL17	betareg	8	8	-0.018744930002939	0.15218550221175	0.901971223584816	0.901000145720381	0.00418586208107451	122.270595518064	0.754120013655182	0.978146731934761
ACER3	betareg	8	8	0.0245915826830238	0.199759696493736	0.902023296924764	0.897531318320615	-0.00209095072418978	578.681956432351	0.754120013655182	0.978146731934761
KCNT1	betareg	7	7	0.0442296480462288	0.359909261974203	0.902193326903169	0.905199059285702	-0.0154254252958421	196.066328723303	0.754120013655182	0.978146731934761
DPY19L4	betareg	8	8	0.0284967323725565	0.232155378706844	0.902306229943617	0.901533266809084	9.82368530099628e-05	120.108324549973	0.754120013655182	0.978146731934761
DLG3	betareg	8	8	0.0083064119717644	0.0676920225509125	0.902337635304586	0.90244977322062	-0.00178454426898367	525.721938800346	0.754120013655182	0.978146731934761
CNIH1	betareg	8	8	-0.0170694283329123	0.1397816514562	0.902807988026312	0.903402150816767	-0.00129235642011168	2149.81271944294	0.754120013655182	0.978146731934761
CPEB3	betareg	8	8	-0.0259671082308111	0.213383603314504	0.903142834993468	0.903175655850069	0.0115040532321728	857.217587072821	0.754120013655182	0.978146731934761
CPPED1	betareg	8	8	-0.0102310863142638	0.084147295276598	0.903227341425453	0.903218871081387	0.00200011335527985	256.111502730004	0.754120013655182	0.978146731934761
RBM4	betareg	8	8	-0.0093100191499112	0.0766967857170559	0.903384240380589	0.903503868743878	0.00186900004445631	515.113134677467	0.754120013655182	0.978146731934761
SAMHD1	betareg	8	8	0.00952607930101212	0.0787754332650326	0.903748831231618	0.903883298392283	-0.00210926079025629	485.713859228093	0.754120013655182	0.978146731934761
PHETA1	betareg	8	8	-0.0119290031517383	0.0987720974017675	0.903870831341726	0.902284372685547	0.00183920649216919	414.291573689132	0.754120013655182	0.978146731934761
DENND6A	betareg	8	8	0.0436918610411831	0.362560807772285	0.904079905502846	0.903043569566413	0.0385021855247484	86.9145938577022	0.754120013655182	0.978146731934761
DUSP16	betareg	8	8	-0.0253923327470601	0.21090381146087	0.904168117318108	0.90455682370328	0.00737961071660258	137.892035828249	0.754120013655182	0.978146731934761
RNF125	betareg	8	8	-0.0255758680401919	0.213922298221644	0.904834233095049	0.905027470428052	-0.000268219226321663	195.400342833683	0.754120013655182	0.978146731934761
ARFIP1	betareg	8	8	0.0174545398262069	0.146046655888707	0.904868584198833	0.904463538754759	-0.00217463662423047	195.673813389203	0.754120013655182	0.978146731934761
ILDR2	betareg	8	8	0.0455039926084508	0.381747992937358	0.905117670665916	0.904357237330423	0.01598522731988	215.20008984418	0.754120013655182	0.978146731934761
GPR158	betareg	8	8	0.0253778120178913	0.213031982583096	0.905174922264709	0.905645531322705	-0.0116139316306212	104.160738807399	0.754120013655182	0.978146731934761
NFKBIE	betareg	8	8	-0.0260188419612723	0.218506648845256	0.905215346826152	0.906406408518781	0.00880187743817147	179.790416776565	0.754120013655182	0.978146731934761
HSPA5	betareg	8	8	-0.0174172074983308	0.146348688071077	0.905266079159357	0.905094589114228	-0.00104574130613275	4674.60563983806	0.754120013655182	0.978146731934761
USF3	betareg	8	8	-0.0259444774897198	0.218072595477155	0.905297740009448	0.905448629082945	0.00143276969098401	305.872906773292	0.754120013655182	0.978146731934761
NUAK1	betareg	8	8	0.0280045901998236	0.236368630390107	0.905688565064311	0.903288546887077	-0.00827753412800484	440.617541713191	0.754120013655182	0.978146731934761
RPGRIP1L	betareg	8	8	0.0263591153704512	0.223328921956973	0.906045296990232	0.906465251271715	-0.0025951367360509	65.0326578021716	0.754120013655182	0.978146731934761
ALG12	betareg	8	8	-0.0372392620169283	0.315619552655933	0.906077311086571	0.914346797711911	0.00121742452219117	249.332371673075	0.754120013655182	0.978146731934761
SEMA4F	betareg	8	8	-0.00739175270628539	0.0629090805475962	0.906464653431523	0.906633881774202	0.00129248784119057	2052.90012715766	0.754120013655182	0.978146731934761
EXTL3	betareg	8	8	-0.0214222407584785	0.182595892501361	0.906606083370224	0.909537800683957	0.00870718151218726	1180.39472199739	0.754120013655182	0.978146731934761
SLC36A1	betareg	8	8	-0.0169982358013681	0.144943328419417	0.906642097360336	0.906292981974742	0.00343724525923389	836.204055462399	0.754120013655182	0.978146731934761
DNASE1	betareg	8	8	0.00414731380431165	0.035574805245269	0.907192820300324	0.907079400795199	-0.000817076022867472	1575.92114161354	0.754387395393771	0.978493544867774
THOC5	betareg	8	8	0.0224273349340457	0.193146638090415	0.907560937068587	0.908205946659551	-0.0103282897622621	240.019093576043	0.754502831970123	0.978643274231615
TCTN1	betareg	8	8	-0.0117731320218644	0.102102090536025	0.908201431003133	0.90806248529376	0.00142788989657953	124.300201670496	0.754825858753277	0.979062262703672
TANC1	betareg	8	8	-0.0381231235434533	0.331825372240858	0.908533012474549	0.90643895018875	0.0124916415043078	131.543535476122	0.754825858753277	0.979062262703672
CTNND1	betareg	8	8	-0.0204593593674327	0.179010737130498	0.909006925368347	0.91221555144706	0.00112230544622908	1590.50275474722	0.754825858753277	0.979062262703672
CCDC14	betareg	8	8	-0.0152613645109469	0.133811647886906	0.90919729239335	0.910214117579786	0.00207163295190316	191.0725584007	0.754825858753277	0.979062262703672
CCNT2	betareg	8	8	-0.0215902091137937	0.190388268259858	0.909712692308494	0.905725653603642	0.00370581803141701	924.476136799285	0.754825858753277	0.979062262703672
ANGEL1	betareg	8	8	0.0198000612772514	0.174646601476984	0.909735515791804	0.908908362644181	-0.00673583127767574	215.42213375254	0.754825858753277	0.979062262703672
NEO1	betareg	8	8	-0.0192088187021141	0.169967687435383	0.910019033916904	0.910345995685194	0.00439505288301609	186.674375598795	0.754825858753277	0.979062262703672
TMPO	betareg	8	8	0.0213797625429688	0.18932939030236	0.9100910999272	0.91085503137973	-0.00781760250154423	110.187724121979	0.754825858753277	0.979062262703672
NFYA	betareg	8	8	0.0214132195565979	0.189873255501443	0.910207840115963	0.908342842108014	-0.00252992239470527	374.58255473782	0.754825858753277	0.979062262703672
FAM131A	betareg	8	8	0.0318237284417665	0.282296765051793	0.910243453235279	0.90966832552312	-0.0112740340347081	635.059981637806	0.754825858753277	0.979062262703672
ZNF557	betareg	8	8	0.0472669814130421	0.421878897698999	0.910792311555164	0.910551176053613	0.00522260613882123	186.254371902243	0.7549083624467	0.979169275800571
HUWE1	betareg	8	8	-0.0281145078077558	0.251566807854733	0.911015590997337	0.912627934004565	-0.00424214732091906	556.855334539643	0.7549083624467	0.979169275800571
MMP16	betareg	8	8	0.0179144524774838	0.16125612146497	0.911542470855168	0.911329663360393	-0.00359750382578123	441.75989426319	0.7549083624467	0.979169275800571
NR2C1	betareg	8	8	0.014769538038814	0.13296738145201	0.911555763050475	0.912611544660659	-0.00298506688122283	111.993548278043	0.7549083624467	0.979169275800571
LDB1	betareg	8	8	0.0100494561938003	0.0912822690190543	0.912336337663462	0.912400624303803	-0.00217784759481678	321.758424687224	0.7549083624467	0.979169275800571
ZMYM4	betareg	8	8	0.0122031782401918	0.110872603328292	0.912357931610637	0.91229588968812	-0.0020456840437187	346.659851910647	0.7549083624467	0.979169275800571
RINL	betareg	8	8	0.0225950704483235	0.206272998375791	0.91277448095545	0.912636184108362	-0.00555437376469687	84.4111889643735	0.7549083624467	0.979169275800571
CHD9	betareg	6	8	0.0389298661723013	0.356453199607048	0.91303234151385	0.910809665138393	-0.00427471262732708	589.793539421234	0.7549083624467	0.979169275800571
SSH1	betareg	8	8	0.0420287928617423	0.385640579583112	0.913214893075254	0.909958623945209	0.006059929143116	701.632548708713	0.7549083624467	0.979169275800571
CDKN2AIPNL	betareg	8	8	0.00628744991985129	0.0577180758665165	0.913254989569442	0.91330770774863	-0.0013184489154463	858.390940710604	0.7549083624467	0.979169275800571
CFAP298	betareg	8	8	0.0297107041095911	0.273096005138126	0.913367342835791	0.911001691883967	-0.00240954641675142	315.7095831292	0.7549083624467	0.979169275800571
OSBPL10	betareg	8	8	-0.0090195567734031	0.0829693788507155	0.913432934489835	0.913193681983595	0.0014354444964076	447.693581839501	0.7549083624467	0.979169275800571
SLC9B2	betareg	8	8	0.0175652216703156	0.161795633781447	0.913548117296193	0.913451521899708	-0.00168055340566706	344.642093011827	0.7549083624467	0.979169275800571
SNORC	betareg	8	8	0.0200779426337177	0.184955085338871	0.913554839793317	0.913244611642196	0.00316215207742118	118.094464767884	0.7549083624467	0.979169275800571
PSMD12	betareg	8	8	-0.00741064029781444	0.0686832631615209	0.914078294824358	0.914165637572774	0.00118432479339853	710.48300882613	0.754997930177111	0.979285451450602
SYT9	betareg	8	8	-0.00881546082357498	0.0817595487851834	0.914137058470996	0.914978014210395	3.96512309695368e-05	708.82110337652	0.754997930177111	0.979285451450602
PLXNC1	betareg	8	8	-0.0135998285972813	0.126677151934465	0.914504829485817	0.91398426743106	0.00106352495259453	830.504850126635	0.754997930177111	0.979285451450602
PHACTR2	betareg	8	8	-0.035360260383328	0.330656938441076	0.914837041847555	0.914872323145974	0.0117993605727409	197.64224796155	0.754997930177111	0.979285451450602
PURA	betareg	8	8	-0.0271316903434698	0.254096825652053	0.914965914492419	0.915828278826413	-0.0100223440380743	411.38138154836	0.754997930177111	0.979285451450602
C2CD2	betareg	8	8	0.0245283021483702	0.230096319596437	0.915106199702158	0.914554942951614	-0.00715233272766559	221.048593715755	0.754997930177111	0.979285451450602
SAMD4A	betareg	8	8	-0.0223994744939424	0.211101602469186	0.915497018470874	0.916353787097182	-0.000907089494354876	135.802189309285	0.754997930177111	0.979285451450602
NAA10	betareg	8	8	0.022364795788424	0.210779279698462	0.915498817077765	0.917181278225457	0.00250381258986267	935.679688340044	0.754997930177111	0.979285451450602
CLIC4	betareg	8	8	-0.00754319190826898	0.0716067514433052	0.916104509223228	0.916181634384776	0.0017369372818665	556.564795578897	0.755308134979519	0.979687808911235
NAV3	betareg	8	8	0.0181798849626291	0.174505452828593	0.917026928717617	0.91855894678461	0.00133614496044905	475.561286398225	0.755735774452076	0.980242487403986
TRDMT1	betareg	8	8	0.0255319954979484	0.246174187621867	0.917395394822432	0.91925270534727	-0.0059357190637162	80.0015751470339	0.755735774452076	0.980242487403986
CCAR1	betareg	8	8	-0.0236369678247824	0.228298893073976	0.917538227001506	0.916908373629462	-0.000133030876468297	64.8741839242255	0.755735774452076	0.980242487403986
SRP19	betareg	8	8	-0.027946563528728	0.269935344777452	0.917541878439298	0.917079187728115	0.00519546955814647	57.4643032658205	0.755735774452076	0.980242487403986
ARPIN	betareg	8	8	0.0206765718565957	0.201117802253272	0.918115147296094	0.91800407705084	-0.00518027082930443	141.356414633851	0.755912663326747	0.980471924723698
MLLT6	betareg	8	8	-0.0144311053504274	0.140594888014573	0.918246177033824	0.918882940244542	-0.0011430069278955	166.043991100388	0.755912663326747	0.980471924723698
FKBP9	betareg	8	8	-0.0131617586811448	0.129362226698213	0.918960316414072	0.919044143084741	0.00413107424855388	580.444575589006	0.755912663326747	0.980471924723698
GRIK3	betareg	8	8	0.0290265028069038	0.286175535793802	0.919209904338533	0.921525477061387	0.00784432388431631	733.844910136204	0.755912663326747	0.980471924723698
IGF1R	betareg	8	8	-0.0147407076491961	0.145412392511852	0.919255366904122	0.919314576689147	-0.000104069742524677	689.315594893353	0.755912663326747	0.980471924723698
PGRMC2	betareg	8	8	0.00772015405239361	0.076365891853303	0.919475627010405	0.919679329911874	-0.00043380759239247	717.244447946732	0.755912663326747	0.980471924723698
AP4M1	betareg	8	8	-0.01218815561888	0.121049704267225	0.919798773732592	0.918799999398214	0.00158971275063727	749.048964453266	0.755912663326747	0.980471924723698
FKBP15	betareg	8	8	-0.0174793558453618	0.173910452431709	0.919941195829645	0.91870171125474	0.0046699409055083	404.447915296463	0.755912663326747	0.980471924723698
KBTBD2	betareg	8	8	-0.00487317349747107	0.0488644539642703	0.920559958084978	0.920185089863041	0.00065452137564562	864.365132554524	0.755912663326747	0.980471924723698
LSM11	betareg	8	8	0.0173467803984198	0.174117377747686	0.920640510430307	0.919976400967256	-0.00472730675128557	1425.90593945298	0.755912663326747	0.980471924723698
CBL	betareg	8	8	-0.0219948890128819	0.221070247153349	0.92074703617127	0.920206414903748	0.00311412156977126	752.154413986733	0.755912663326747	0.980471924723698
RSRC1	betareg	8	8	-0.0190141954084328	0.191851298794857	0.921051705464015	0.920773952763436	0.00311636520139067	147.873218510945	0.755912663326747	0.980471924723698
ZBTB2	betareg	8	8	-0.0149992449024451	0.152051786434684	0.921419635851403	0.922464557342287	0.00371723345427602	177.272573291017	0.755912663326747	0.980471924723698
CDK6	betareg	8	8	-0.0261509862173358	0.265137690256651	0.921430684518139	0.923222733900826	0.00200862207376374	98.8079069412983	0.755912663326747	0.980471924723698
CNDP2	betareg	8	8	-0.0201096472286637	0.204286252666352	0.921584046450107	0.918219045889637	-0.00189125937915965	2382.63599616166	0.755912663326747	0.980471924723698
MXD1	betareg	8	8	0.0106850381219969	0.108722162205048	0.921711244224407	0.92177169338337	-0.00156747968833882	298.752599235805	0.755912663326747	0.980471924723698
CCDC93	betareg	8	8	0.0156027052417415	0.159440847540268	0.922044339888164	0.923268185126276	0.00561788866408164	722.36000884939	0.755912663326747	0.980471924723698
SPECC1L	betareg	8	8	-0.0101829577014708	0.10413103894335	0.922099174730475	0.922234330696825	0.00350981752794922	317.798313384585	0.755912663326747	0.980471924723698
PPP1R9A	betareg	8	8	0.0201390657822575	0.206001377451621	0.922121439981473	0.92327658830687	-0.00221930217573671	640.057322190226	0.755912663326747	0.980471924723698
TMEM242	betareg	8	8	-0.0129286963231022	0.133010126407686	0.922566899144523	0.924697573673498	-0.00204641329023311	1440.1916571426	0.755936629203071	0.980503010151986
NASP	betareg	8	8	0.0102818511819753	0.106465724566393	0.923064478951133	0.923068958562843	-0.00220086902572961	200.614009949299	0.755936629203071	0.980503010151986
RBPJ	betareg	8	8	0.0101681294934543	0.105398729545545	0.923144932905104	0.923349566354555	-0.00237944493338822	623.380275835732	0.755936629203071	0.980503010151986
PHF24	betareg	8	8	-0.0156422345099453	0.162336602631176	0.923237206123192	0.923044621450888	0.00448775774049216	2974.58140102105	0.755936629203071	0.980503010151986
CSTF1	betareg	8	8	0.0200206792153032	0.208265644249441	0.923416932931823	0.922747915205023	-0.0100019524112775	265.653222163464	0.755936629203071	0.980503010151986
PPP4R3B	betareg	8	8	0.0106645590598272	0.11110154933114	0.923529077040999	0.923183845876422	0.00108787716341632	496.282468437886	0.755936629203071	0.980503010151986
KAZN	betareg	8	8	-0.0192040676022977	0.202118862158978	0.92430391891823	0.924393376178152	0.0129142140967416	144.720003424297	0.756164641356509	0.980798757962266
CLCN5	betareg	8	8	0.0265521230182166	0.282813669324526	0.925200055354327	0.925332591844105	-0.0113428738654086	545.351139817031	0.756164641356509	0.980798757962266
TRAM2	betareg	8	8	0.0323423381357145	0.346269332150401	0.925583995276332	0.923905842937819	-0.021947927361173	68.0803972335522	0.756164641356509	0.980798757962266
SEC61A1	betareg	8	8	-0.00499836100034548	0.0535190746249584	0.925590548904968	0.926089240768062	0.00122623320038137	3264.65083264606	0.756164641356509	0.980798757962266
SMG9	betareg	8	8	0.0195993150573286	0.21094313844722	0.92597284651226	0.933193110267071	0.00141054122352364	300.991385419291	0.756164641356509	0.980798757962266
FXN	betareg	8	8	-0.0154549935707867	0.166619653567606	0.926097307105368	0.925849885854204	0.00136417527502588	303.966536833465	0.756164641356509	0.980798757962266
CALN1	betareg	8	8	-0.0250769745990761	0.270933998833702	0.926255105897204	0.926283539878767	0.0121921102831166	295.992045515584	0.756164641356509	0.980798757962266
ZFX	betareg	8	8	-0.0245679921645818	0.266335264312436	0.926503696712032	0.927131398359906	0.0293310659405716	184.512208672901	0.756164641356509	0.980798757962266
RHOBTB1	betareg	8	8	-0.0147106749110453	0.159579262584509	0.926551749646478	0.927826610609456	0.00154142709086043	237.807643605019	0.756164641356509	0.980798757962266
RASA2	betareg	8	8	0.0163937632520456	0.178287548402167	0.926736770875534	0.926772180560605	-0.000551446707493922	159.03915774813	0.756164641356509	0.980798757962266
NEXMIF	betareg	8	8	-0.0244841147248018	0.266363741984762	0.926761721652061	0.926395092197385	-0.00295832613509198	473.686127964146	0.756164641356509	0.980798757962266
FBXL4	betareg	8	8	0.0162497611160501	0.177308735580849	0.926978743542247	0.926733039309006	-0.00611726091759674	105.657741304173	0.756164641356509	0.980798757962266
CREBBP	betareg	8	8	0.0123683919586452	0.135053359280755	0.927030534437504	0.927177378753496	-0.00277018234633844	400.881513391648	0.756164641356509	0.980798757962266
EIF1AX	betareg	8	8	0.0124579736225623	0.136175649537564	0.927107549370823	0.928457867581769	-0.00120804986470834	886.679487863191	0.756164641356509	0.980798757962266
ZNF681	betareg	8	8	-0.0213529081671519	0.235334809651961	0.927703820420298	0.927435912907384	0.00754866143294224	122.689065594549	0.756164641356509	0.980798757962266
ARL3	betareg	8	8	-0.0184004937555753	0.203254333028916	0.927866528374358	0.926845949345778	-0.000384453674110252	1191.05694189747	0.756164641356509	0.980798757962266
FADS1	betareg	8	8	0.0160148165478549	0.178164470407548	0.928376357071745	0.927521355637287	-0.00472657438970324	949.395584268488	0.756164641356509	0.980798757962266
SRSF7	betareg	8	8	-0.00862728702028057	0.0961502517149987	0.928504048956408	0.928486323138473	0.00251176458308013	983.271127291619	0.756164641356509	0.980798757962266
CREM	betareg	8	8	-0.0320980630642341	0.358090837669837	0.928575959177864	0.928604683937205	-0.00379784833573024	422.1003067947	0.756164641356509	0.980798757962266
NUP133	betareg	8	8	-0.0248217879773188	0.280069182212535	0.929378075593538	0.92580244494846	0.00161553751302317	302.828849169307	0.756164641356509	0.980798757962266
GAREM1	betareg	8	8	-0.0198354692000371	0.224180225237003	0.929495169496881	0.930533513131488	0.00870598718793045	625.494449862943	0.756164641356509	0.980798757962266
SLC35E3	betareg	8	8	-0.00847574433165933	0.0958411113001614	0.929530648619979	0.929655430848966	0.0022275812455957	390.727779754186	0.756164641356509	0.980798757962266
TOMM20	betareg	8	8	0.00665687672506508	0.0753067796022686	0.929561321564064	0.929745512361317	-0.00122342978108492	2472.21164539225	0.756164641356509	0.980798757962266
ARL6	betareg	8	8	0.00973531222238372	0.110271662109223	0.929650315389047	0.930970612110648	-0.00270714469654201	453.350714039328	0.756164641356509	0.980798757962266
LGALS8	betareg	8	8	-0.00463616271434561	0.0527467704245889	0.929960351732313	0.929974272320222	0.00106288690297932	766.027925270635	0.756164641356509	0.980798757962266
SYNM	betareg	8	8	-0.0152170004848306	0.173312668819256	0.930034958290503	0.929711440762818	0.00281151250390774	503.43711321947	0.756164641356509	0.980798757962266
CMC2	betareg	8	8	0.0226420849896244	0.258084688462616	0.930090304058983	0.932558198321963	-0.00086851602775567	826.239131421512	0.756164641356509	0.980798757962266
FAM114A2	betareg	8	8	0.00880061251709824	0.100532223860043	0.930242120953902	0.930510531626783	-0.0020226896554482	143.96123674244	0.756164641356509	0.980798757962266
MPDZ	betareg	8	8	-0.0156380488558351	0.181311605034156	0.931268022441323	0.931999058203388	0.00773409983224088	81.6636728089149	0.756525344928994	0.981266615881741
PNPT1	betareg	8	8	0.0126449135558738	0.146619295612091	0.93127310992976	0.931345752545925	-0.00315735115911753	120.055174134344	0.756525344928994	0.981266615881741
ZNF71	betareg	8	8	0.0115421276178694	0.134802007530047	0.931766259747473	0.933424947286094	-0.00293734898601466	1137.93135946254	0.756525344928994	0.981266615881741
COL1A2	betareg	8	8	0.0178167091027954	0.208147838234236	0.931787247042469	0.931296635429698	0.00536939848739695	98.5830708126161	0.756525344928994	0.981266615881741
ZNF415	betareg	8	8	0.00491133878655264	0.0574273587104923	0.931845904745565	0.931750421342453	-0.000954700986704603	334.452970680366	0.756525344928994	0.981266615881741
NR2C2	betareg	8	8	0.0132513622050876	0.15563928120312	0.93214889608027	0.932695418843173	-0.00191241699337648	1148.49337890693	0.756525344928994	0.981266615881741
MBOAT2	betareg	8	8	-0.0187936355723071	0.221212435268559	0.932295250093828	0.931350788662619	0.00520384932841029	1075.32097168705	0.756525344928994	0.981266615881741
RNF217	betareg	8	8	0.0174001909655068	0.205677450077175	0.932579867990303	0.931310564175275	-0.00204542015161195	344.216871729084	0.756569725508649	0.981324180617015
IER5L	betareg	8	8	0.0188209366976962	0.226973484381983	0.933914116337988	0.937767003018011	0.000273738893841843	513.329568376702	0.757465403125463	0.982485937522931
TRIM24	betareg	8	8	0.0240747435627895	0.29221103439597	0.934338012602871	0.936578629978145	-0.00189059244478061	719.736897303515	0.757481884458044	0.982507314971229
NAIF1	betareg	8	8	0.0110937278629611	0.134787020099209	0.934403693697643	0.934783554558754	-0.0012898872642693	105.982429531847	0.757481884458044	0.982507314971229
PREP	betareg	8	8	-0.0171257752058075	0.208781543391	0.934625046575255	0.937581641038227	0.00166769625863617	978.301551750455	0.757481884458044	0.982507314971229
BRAF	betareg	8	8	-0.0107317634035871	0.131560509611483	0.934986405865533	0.935084884898354	0.00460227138942762	308.307480785615	0.757588155832422	0.982645156423072
SEPTIN9	betareg	8	8	-0.0028819866523402	0.0357544566699676	0.935756119250941	0.935864079348692	0.000570242587052433	582.202232392745	0.757696754179213	0.982786016121904
PPARGC1B	betareg	8	8	0.0189500671112437	0.235802846503108	0.935947733972087	0.935917106861054	-0.00453731261449788	142.886892910761	0.757696754179213	0.982786016121904
KLF12	betareg	8	8	0.0151528846899929	0.188956114197888	0.936084064581778	0.935391917698769	-0.00563091957560481	381.519680426445	0.757696754179213	0.982786016121904
ZNF512	betareg	8	8	0.00379192603172908	0.0475939512720643	0.936497782712743	0.936528769407198	-0.000825658131372899	1301.28371175396	0.757696754179213	0.982786016121904
TEX261	betareg	8	8	-0.00398306356723141	0.050210142202289	0.936771840140497	0.937109842343494	0.00114260604079931	1081.80956786319	0.757696754179213	0.982786016121904
CYP20A1	betareg	8	8	-0.0110444893884771	0.139275278857118	0.936794236021332	0.936925059348822	0.00484735093819049	239.85167235793	0.757696754179213	0.982786016121904
GSK3B	betareg	8	8	0.010728477164969	0.136639115935647	0.937416902817969	0.937149943925764	-0.00244175955994271	1388.45936488779	0.757696754179213	0.982786016121904
RAB3IP	betareg	8	8	-0.0120110135281505	0.153085429042057	0.937462507215295	0.937927661922736	0.000902316893824612	483.428990263516	0.757696754179213	0.982786016121904
UGDH	betareg	8	8	0.0101151572474841	0.129068831881584	0.937533533930869	0.937144971288756	-0.00223575825788883	194.458760179406	0.757696754179213	0.982786016121904
WDR13	betareg	8	8	0.0116031539495478	0.148279188960477	0.937627540541149	0.938193968503658	-0.00272380208982793	340.848437364557	0.757696754179213	0.982786016121904
ZNF543	betareg	8	8	0.0234118166075826	0.299342499800004	0.937660370581411	0.944420790022586	-2.21239026007881e-05	156.444760840903	0.757696754179213	0.982786016121904
TIMM50	betareg	8	8	0.01237864233275	0.159509687624132	0.938142798447476	0.93976907875721	-0.00279857192289745	523.441341077231	0.757696754179213	0.982786016121904
AGO2	betareg	8	8	0.0211965405872625	0.27381034824193	0.938294824708903	0.940723829407208	0.0146656879396065	515.294459208468	0.757696754179213	0.982786016121904
GRK5	betareg	8	8	-0.0145473529511191	0.188068969520509	0.938344192993618	0.938195686042688	0.00307293451093861	182.239415860573	0.757696754179213	0.982786016121904
LRP10	betareg	8	8	0.0141216165182629	0.184394911247522	0.938954847383853	0.938957998106778	-0.00281937822653085	159.531904582953	0.758003833857884	0.983184320077107
GPATCH2L	betareg	8	8	0.0242553567534828	0.320675082381834	0.939706768793573	0.942351972325455	0.0310355073976479	839.351450899372	0.758310486573502	0.983582070231179
ANKFY1	betareg	8	8	0.0135527732630683	0.179617103615686	0.939853742438261	0.939860268601817	0.00323010424957261	1006.21348535907	0.758310486573502	0.983582070231179
CFAP97	betareg	8	8	0.00899807210082613	0.119596217189251	0.940026069464147	0.939950024784106	0.000407016776130101	308.963457039019	0.758310486573502	0.983582070231179
SOCS5	betareg	8	8	-0.00613962605622982	0.0825466388494587	0.940709882196881	0.941395397438785	0.000774655854605011	623.371400300489	0.758469566083913	0.983788407552041
MAP3K3	betareg	8	8	-0.0160315182024865	0.215805087364101	0.940782000013144	0.940253762643472	0.0133647185227582	387.72180984106	0.758469566083913	0.983788407552041
TRIM71	betareg	8	8	0.0222755827979606	0.301617380012483	0.941126735764014	0.941152633664495	-0.00665335662743181	200.572548331397	0.758469566083913	0.983788407552041
UBE2Q2	betareg	8	8	0.00539861091198452	0.0731217211842688	0.941145283044748	0.941286702454698	-0.00129721528553982	629.446409385677	0.758469566083913	0.983788407552041
TIMP2	betareg	8	8	0.0127575599398101	0.173485994637234	0.941379167343543	0.941060286767343	0.00443533477747889	1606.45004581648	0.758472290104754	0.983791940798786
THAP6	betareg	8	8	-0.0133289092672114	0.183430465330086	0.942072984987826	0.941818687695413	0.00301299768456411	139.715656021395	0.758824577614695	0.984248882492827
TTBK2	betareg	8	8	0.0123131907475112	0.170235822234325	0.942339133011725	0.941228941726528	-0.00163231232347414	913.970381818995	0.758824577614695	0.984248882492827
CCSER2	betareg	8	8	-0.0123750877125917	0.17159571600843	0.94250824338055	0.940771301337999	0.00137000019334185	929.300940955111	0.758824577614695	0.984248882492827
AGPAT5	betareg	8	8	0.00379676532448336	0.0530886687734513	0.942985950369611	0.942549085996378	-0.000769165064946412	1406.16070461715	0.758924451241798	0.984378425616187
CHRDL1	betareg	8	8	-0.00810993782923619	0.113641756703718	0.943108007818177	0.943808132633853	0.00200203092447	176.728983603297	0.758924451241798	0.984378425616187
NECAB1	betareg	8	8	-0.00700937149658463	0.0990649424110294	0.943592493770507	0.94377177769578	-0.000202710968288805	627.917980024335	0.758924451241798	0.984378425616187
XKR6	betareg	8	8	0.00882152447715161	0.125615085494686	0.944013276780835	0.944692953352441	-0.0010109374566485	690.416562630449	0.758924451241798	0.984378425616187
ARHGAP35	betareg	8	8	-0.0112603373815653	0.161211655639838	0.944314515284999	0.945672409893294	0.00335967162778245	1502.71443499493	0.758924451241798	0.984378425616187
ALDH1L2	betareg	8	8	-0.014184976385197	0.203901214988339	0.944537598617507	0.945302754516808	0.00927038989825907	331.26787593154	0.758924451241798	0.984378425616187
ATXN3	betareg	8	8	-0.0107174785332438	0.154175408353925	0.944579822218846	0.944391224968045	0.00228649870923308	131.43740011296	0.758924451241798	0.984378425616187
UBA2	betareg	8	8	0.0204880145028982	0.296120974842766	0.94483998425094	0.943671267539944	0.003701450663481	543.369401123482	0.758924451241798	0.984378425616187
ACACA	betareg	8	8	-0.00811113837941608	0.117309715425686	0.944875843214628	0.944785771897693	0.0055192065682737	904.733444136619	0.758924451241798	0.984378425616187
TMEM268	betareg	8	8	-0.00613973155130622	0.0890287312222397	0.945018685188494	0.944980623204096	0.00149694618360691	755.563803459909	0.758924451241798	0.984378425616187
GOLPH3L	betareg	8	8	0.00593367226468888	0.0862775837084301	0.945169350556499	0.945141341486389	-0.00135216513852935	190.887285372482	0.758924451241798	0.984378425616187
KIF3A	betareg	8	8	0.0175975590558146	0.257740219466187	0.94556565749682	0.945938741012388	0.00523885697914162	1026.25076470398	0.758959209374704	0.98442350936081
ALDH6A1	betareg	8	8	0.0104529802134154	0.153688056465614	0.945774278681993	0.945587098795696	-0.00418031878676944	213.962000554552	0.758959209374704	0.98442350936081
BUB3	betareg	8	8	-0.00721510582225145	0.107086349449912	0.946281959121158	0.946844634345077	0.000238120469415831	1368.61594575298	0.758959209374704	0.98442350936081
GID4	betareg	8	8	-0.0104462656361794	0.155449602042397	0.946422216884436	0.945724208301498	-0.00146632648549867	243.482643587187	0.758959209374704	0.98442350936081
PGAP1	betareg	8	8	0.0112580139458573	0.168591459876367	0.94675931872934	0.94770411939326	-0.00530829801605567	1026.0437380157	0.758959209374704	0.98442350936081
HTT	betareg	8	8	-0.0064819627951706	0.0970901592010124	0.946770932890779	0.947334981167475	0.00112785215497246	457.471430842463	0.758959209374704	0.98442350936081
APEX2	betareg	8	8	-0.0251642305846845	0.377322213513917	0.946827203825241	0.951722213130767	-0.0115096721062443	215.202615239217	0.758959209374704	0.98442350936081
EXOC2	betareg	8	8	-0.00539307218242613	0.0817675678447874	0.947412754029629	0.94745731221172	0.00149208200894483	662.373517205557	0.759146278969275	0.984666151790742
CRISPLD1	betareg	8	8	0.0132073042233162	0.201368110012725	0.94770595139437	0.946363752737622	-0.000957947942860719	102.36933381269	0.759146278969275	0.984666151790742
KSR2	betareg	8	8	-0.00611605158928221	0.0938749201705966	0.948053717993805	0.948092738406499	0.00121334092678439	933.690237092892	0.759146278969275	0.984666151790742
MUC20	betareg	8	8	0.0178376946049512	0.275886772141374	0.948448013375501	0.94848719301491	-0.00196260693182401	50.6194601898444	0.759146278969275	0.984666151790742
ADPGK	betareg	8	8	-0.00335300296789519	0.0520296794706942	0.948616660622297	0.948635604445013	0.000661690749614148	614.538453227201	0.759146278969275	0.984666151790742
STS	betareg	8	8	-0.0114247726386809	0.17793572307355	0.948805163549235	0.948896529451038	0.000758271903847189	712.796254028485	0.759146278969275	0.984666151790742
VLDLR	betareg	8	8	-0.0078619238603445	0.122625022029612	0.948879823229161	0.949086033989734	-0.000211929482428569	238.194615346279	0.759146278969275	0.984666151790742
ACTR3	betareg	8	8	0.00762895874540998	0.119053021462899	0.948906251713993	0.949367330037849	0.000173377977152031	2041.05128629045	0.759146278969275	0.984666151790742
FBXO41	betareg	8	8	0.0118884104888075	0.186589995330585	0.949197890751721	0.948794135627336	-0.00426866122764876	1494.70845741776	0.759195012490849	0.984729362598042
BMPR1A	betareg	8	8	0.0143935129209184	0.227364873659067	0.949523005345608	0.949357741653475	-0.000859684052438487	196.48059196337	0.759270490505813	0.984827262895518
CARD8	betareg	8	8	0.00599067275056169	0.0952936595949756	0.949873697798029	0.949952462473464	-0.00079097180311382	105.709222095983	0.759366379791101	0.98495163804713
DCP2	betareg	8	8	-0.00771359062563244	0.123504654443707	0.950199804039617	0.950622837282194	0.00177655306110105	431.685441199891	0.759442572084841	0.985050464814449
TRPS1	betareg	8	8	-0.0219291001516248	0.358778909177951	0.9512624576147	0.95152503482467	0.0268884298769224	57.1247185587277	0.759939219494064	0.985694651457767
FOXP2	betareg	6	5	-0.0293087563458861	0.481879628606059	0.951501178233774	0.954152540431576	-0.024997973499553	59.403249094435	0.759939219494064	0.985694651457767
DRGX	betareg	8	8	0.00458144407346873	0.0753576725059873	0.951521686369611	0.951594673770542	-0.00113536064638733	441.887904423138	0.759939219494064	0.985694651457767
LMTK2	betareg	8	8	0.0107360636419917	0.17740988173814	0.95174499968544	0.951925309070101	0.000655408905191165	467.14906427986	0.759939219494064	0.985694651457767
SOD2	betareg	8	8	0.00582849966881367	0.0975076057426964	0.952334979726425	0.952265659968586	-0.000191225032924	1802.29969041822	0.760130408914506	0.985942637591804
MED7	betareg	8	8	0.00598601901984753	0.101180418465602	0.952823209224391	0.952847816310911	-0.00107657693060013	630.134875859526	0.760130408914506	0.985942637591804
ZNF776	betareg	8	8	-0.00591823757583787	0.101437895680716	0.953475052209557	0.954327199379179	-4.94467569386592e-05	1155.81533958462	0.760130408914506	0.985942637591804
NACC2	betareg	8	8	0.014440979645305	0.24909791834334	0.953770052002422	0.952352300937106	0.00788880068516089	344.637064743944	0.760130408914506	0.985942637591804
NTRK3	betareg	8	8	0.0143300333462607	0.247214883119507	0.953775790201067	0.952605784832673	0.00520325610710785	491.751941570209	0.760130408914506	0.985942637591804
SHISAL1	betareg	8	8	0.0087445506303162	0.151422863287305	0.953948395688827	0.954274547248351	-0.00259989483032467	509.610521243974	0.760130408914506	0.985942637591804
DGKI	betareg	8	8	0.0076175930710267	0.132595603434841	0.95418688076042	0.954164720057225	-0.000769907860407627	812.691933429368	0.760130408914506	0.985942637591804
CDC25A	betareg	8	8	-0.0062178549431497	0.109208360855244	0.954596412495295	0.954680035284089	0.000680196968271908	247.437206104441	0.760130408914506	0.985942637591804
ABLIM2	betareg	8	8	0.00693416171986321	0.122538099870099	0.95487355165359	0.954936524530311	-0.00118114165431248	202.705410114799	0.760130408914506	0.985942637591804
CCT5	betareg	8	8	0.00841329724583073	0.150703041440502	0.955479633248874	0.955136648216426	0.00141593362846654	1889.14106981264	0.760130408914506	0.985942637591804
USP22	betareg	8	8	-0.00845862753545626	0.15311295432994	0.955943786800803	0.956773237431672	0.00527383904467103	5332.68986769329	0.760130408914506	0.985942637591804
ERLIN2	betareg	8	8	-0.0123767009362749	0.224794235882931	0.956092327750466	0.956085616925369	0.0100851829064102	72.4986112016391	0.760130408914506	0.985942637591804
PLXNA4	betareg	8	8	0.0101533538791536	0.186262254147665	0.956527992947979	0.956289612116074	-0.00439343353748894	2224.6613742591	0.760130408914506	0.985942637591804
CHMP7	betareg	8	8	0.00376354877276252	0.0690619028565459	0.956540557029055	0.956478100722936	-0.000288145203292373	972.243541596801	0.760130408914506	0.985942637591804
NCAPH2	betareg	8	8	0.00484364808536745	0.0892463083210629	0.956717810747853	0.957318887724665	9.01831568035222e-05	1491.42681308147	0.760130408914506	0.985942637591804
TENM1	betareg	8	8	0.0092453430484634	0.170651857060556	0.956794437418929	0.956789403809691	0.00236382003919482	526.476117951183	0.760130408914506	0.985942637591804
NRIP1	betareg	8	8	-0.0149562941832201	0.277109827660317	0.956957120090671	0.955489080966687	0.0117044385833222	1215.00117656745	0.760130408914506	0.985942637591804
PCYOX1	betareg	8	8	0.00683698862013647	0.127110530496823	0.957104274593664	0.957711295557682	-0.00220289947686036	2869.95668823463	0.760130408914506	0.985942637591804
BCKDHB	betareg	8	8	-0.00462760877526136	0.086634987976934	0.95740124579503	0.957161759319551	0.00169192321694946	301.214136549945	0.760130408914506	0.985942637591804
NDUFAF7	betareg	8	8	0.00641838248388881	0.120296698267856	0.95744937584172	0.95734430767307	-0.00064346982831702	140.653465966167	0.760130408914506	0.985942637591804
G3BP1	betareg	8	8	-0.0114078580933972	0.21390132849253	0.957467114324112	0.959149646478506	-0.00056404570375763	1026.98117745457	0.760130408914506	0.985942637591804
ZNF107	betareg	8	7	-0.0157375744741376	0.295090084843188	0.957467842977888	0.959406891444569	0.00594048837131952	65.4876413708637	0.760130408914506	0.985942637591804
PMPCB	betareg	8	8	0.00844870076608916	0.158607549134707	0.957518407239992	0.958366814271285	0.0012982778307102	456.455382295073	0.760130408914506	0.985942637591804
RTP1	betareg	7	7	0.0169927240008371	0.319081514743013	0.957528639366923	0.956988767725115	0.000526544802292552	161.070992146289	0.760130408914506	0.985942637591804
CLN3	betareg	8	8	-0.0177437033102477	0.336270395918171	0.957918210596481	0.961103397661207	-0.00869512441078891	258.459194396865	0.760256253269017	0.986105866576407
EFR3B	betareg	8	8	0.00311865549511673	0.0595245171436498	0.958215719395954	0.958228033491362	-0.000788243101099179	4191.30769618316	0.760308988773926	0.986174268237746
DZIP1	betareg	8	8	0.0173098762278289	0.333734119396577	0.958634457378115	0.960390631360969	-0.0119059829542698	235.621466072074	0.76045786656724	0.986367373213548
LSM14A	betareg	8	8	-0.00368209954130871	0.0727429593450845	0.959629958445857	0.959605687502863	0.000580598293233689	353.527438027035	0.760824408486536	0.986842803879733
ZNF331	betareg	8	8	-0.00783536073027137	0.155524109713343	0.9598192864756	0.958856878372237	0.00174273172552635	693.548766055056	0.760824408486536	0.986842803879733
ZNF148	betareg	8	8	0.0106791981713951	0.212407859286943	0.959901771115622	0.960201590744212	0.00434013280376818	1055.06590302694	0.760824408486536	0.986842803879733
NDUFA9	betareg	8	8	0.00997593645467565	0.199606082506527	0.960139825394506	0.960590199247328	0.00455566481189026	1455.557609551	0.760824408486536	0.986842803879733
TIGD5	betareg	8	8	0.0107565567468443	0.21583657303388	0.960252615865167	0.960522514603681	-0.00288180779358935	143.711743305564	0.760824408486536	0.986842803879733
RALGAPB	betareg	8	8	0.00671241564198329	0.1361853039713	0.960689113191633	0.960357001709119	-0.00456653005069917	749.895261987222	0.760987014806072	0.987053715720243
HIPK2	betareg	8	8	-0.009173828797336	0.189111749507564	0.961309719845239	0.961309909720934	0.00218740923178819	1307.35948822217	0.761295345577407	0.987453642430681
SMUG1	betareg	8	8	-0.00660989419360901	0.137318696172127	0.961608311568541	0.961764313406591	0.00304035454259197	220.61819126121	0.761348574258588	0.987522683776356
ARSD	betareg	8	8	-0.0124265236622229	0.259764978920731	0.961845699505133	0.961687406366921	0.00263997530773912	228.28147429349	0.761353331195291	0.987528853858048
NMNAT1	betareg	8	8	0.0131094152872739	0.279052172444997	0.962530469355961	0.963323161998469	-0.00196433442790214	144.130287643538	0.761712127862013	0.987994238386542
ANO3	betareg	8	7	-0.0133618850464897	0.287886902248897	0.962980548457181	0.962332174494316	0.00611497398007532	74.0905771409525	0.761874353955712	0.988204657047382
RIC3	betareg	8	8	-0.00428004326621129	0.0927617879439999	0.963198541077111	0.963722085550236	0.000699048688944659	2088.64033910555	0.761874353955712	0.988204657047382
CNOT4	betareg	8	8	-0.00415538639620229	0.0918932780593177	0.963932192585569	0.964069564674145	-0.000202319724949444	211.568852803507	0.76227142202395	0.988719682277147
PSME3	betareg	8	8	0.00257847831221279	0.057973864648965	0.964524532556526	0.964477567576642	-0.000422732340264867	2198.42230084631	0.762433999567623	0.988930556793338
TBC1D5	betareg	8	8	-0.00811021054982079	0.182743132174916	0.964601196797251	0.965103587878346	0.00316124193181307	771.834237668746	0.762433999567623	0.988930556793338
MSH3	betareg	8	8	0.00674303381246509	0.153829268668892	0.965036301944994	0.964982427745815	0.000787242301745129	52.9941613040795	0.762594728699948	0.989139033789921
GPR26	betareg	8	8	-0.00896347708500855	0.209252811861986	0.965832557375499	0.965704950397761	0.00172924746344078	298.432672471905	0.762824443595779	0.989436990176923
UQCC1	betareg	8	8	0.00150016206509523	0.0353902199382733	0.96618846132293	0.966183387828135	-0.000314315093900695	910.213239662151	0.762824443595779	0.989436990176923
TMEM178B	betareg	8	8	-0.00975572544727663	0.231780537096458	0.966426667719588	0.966350904320221	-0.00494901461004768	1657.3817889015	0.762824443595779	0.989436990176923
MACF1	betareg	8	8	-0.00323222029543934	0.0776871252576021	0.966813100367643	0.96681482224281	0.000673359294037564	495.184461916186	0.762824443595779	0.989436990176923
RAP1GDS1	betareg	8	8	-0.00863312174216357	0.208102931664516	0.966909359535802	0.966691348048094	-0.00432732918347368	1922.68421922794	0.762824443595779	0.989436990176923
SSR3	betareg	8	8	-0.00260566009984445	0.0630395283769746	0.967029827521248	0.9670330852685	0.000597240304425033	833.225220765791	0.762824443595779	0.989436990176923
PDE12	betareg	8	8	0.00397394196592585	0.0977741488781411	0.967579629065616	0.967719765699521	-0.0026072062659526	336.597268156898	0.762824443595779	0.989436990176923
AP3D1	betareg	8	8	0.00442807024487771	0.109880939105468	0.967854908606959	0.967031465524123	-0.000331618659903402	592.547289313546	0.762824443595779	0.989436990176923
STK32A	betareg	8	8	0.00565339885221004	0.142659834103279	0.968389285355389	0.968842240437734	0.00119255365166224	697.360296933927	0.762824443595779	0.989436990176923
FGF9	betareg	8	8	0.00855307421976402	0.215868966355821	0.968394805236732	0.968934837887038	-0.00500762445983082	649.564167685364	0.762824443595779	0.989436990176923
MINDY2	betareg	8	8	-0.0045312618914295	0.115068793952201	0.968588445217556	0.96858101352774	-4.93924399038795e-05	535.201357680378	0.762824443595779	0.989436990176923
PSME3IP1	betareg	8	8	0.00245865291716712	0.0628527363243192	0.968796569081303	0.968702430521166	-4.37528496633546e-05	2064.06871089206	0.762824443595779	0.989436990176923
MMAA	betareg	8	8	-0.0110533933482129	0.284589587207628	0.969018139006068	0.968107276658041	0.00607993691629181	251.577859213764	0.762824443595779	0.989436990176923
HADH	betareg	8	8	-0.00276644277704168	0.0720040011594373	0.969352271903983	0.969320645114003	0.000491891178565407	211.065163442995	0.762824443595779	0.989436990176923
FECH	betareg	8	8	0.00541104398740021	0.142265522488042	0.969659917251919	0.968997141166736	0.00154119832929579	449.991643774735	0.762824443595779	0.989436990176923
NFASC	betareg	8	8	0.00689314070251625	0.183174847804415	0.969981507928902	0.969952551678061	-0.00432067729604713	1792.08529082097	0.762824443595779	0.989436990176923
GLO1	betareg	8	8	-0.00171252377747994	0.0458356230206757	0.970196140965432	0.970182692858494	0.000390803772528099	1713.20398363068	0.762824443595779	0.989436990176923
SPATA6	betareg	8	8	-0.0043188500865045	0.116130166118146	0.970333723351496	0.970214792034961	0.00164570712158808	67.0618138591072	0.762824443595779	0.989436990176923
GOLGA1	betareg	8	8	0.00404293219933957	0.108966208436313	0.970403180267396	0.970282586309034	-0.00183629420181947	285.51011746861	0.762824443595779	0.989436990176923
DYM	betareg	8	8	-0.00910786515936153	0.246120628663141	0.970480464115439	0.969871563706451	0.00475594490348878	593.646077874579	0.762824443595779	0.989436990176923
ZNF780B	betareg	8	8	0.0133684528279164	0.362582974179074	0.970588619171753	0.975621456874534	-0.00344457973207519	107.840760455887	0.762824443595779	0.989436990176923
SMAD3	betareg	8	8	-0.00986312906904523	0.268098486038045	0.970653084638863	0.97129608934482	-0.00397744113454978	55.6754341498198	0.762824443595779	0.989436990176923
OSBPL9	betareg	8	8	0.00868107076058816	0.236015626060227	0.970659015433641	0.972090463180718	-0.00242702563632463	656.195514700036	0.762824443595779	0.989436990176923
SYNCRIP	betareg	8	8	0.00491594899008249	0.135621397259983	0.971084938469439	0.970252084435117	-0.00227406214137781	421.604121650559	0.762867349886561	0.98949264265577
RAB11FIP3	betareg	8	8	0.00819185286430565	0.228422364271857	0.971391802410369	0.973902956188653	-0.00134379626208705	872.325467182163	0.762867349886561	0.98949264265577
ZBTB46	betareg	8	8	0.00671983469889704	0.187490094808892	0.971409131379493	0.970858215771319	-0.00582666263264873	292.349083010682	0.762867349886561	0.98949264265577
TPR	betareg	8	8	0.00581364859504425	0.169057782242408	0.972567329898133	0.972442484896745	0.000442269487397472	85.2527288291795	0.763594664578282	0.990436020998623
SOX11	betareg	8	8	-0.00591883307325159	0.175509731021375	0.973097500038006	0.972777000047248	0.00193761035660319	1256.98049965727	0.763828664115413	0.990739534866939
NLGN1	betareg	8	8	-0.00716806296658664	0.215945842123556	0.973520042754501	0.973558700334876	-0.000354050107697894	224.754937195887	0.763975305885624	0.990929739563407
CLSTN2	betareg	8	8	-0.00667863016630219	0.20364332240029	0.973837488249684	0.973636214926294	0.00236722966198269	1788.86011582338	0.763975305885624	0.990929739563407
TYSND1	betareg	8	8	-0.00287711544890885	0.0885284114506442	0.974073837802996	0.974092026455796	0.00178335209720584	159.156700174203	0.763975305885624	0.990929739563407
RHBDD1	betareg	8	8	0.00419062752348358	0.129707925970159	0.974226282817383	0.974290060367549	0.00069532169503158	162.342282751733	0.763975305885624	0.990929739563407
METTL14	betareg	8	8	0.0079705482413666	0.248817838232223	0.974445200784353	0.973205574846602	-5.03410664136322e-05	280.446540421238	0.763975305885624	0.990929739563407
PPAT	betareg	8	8	0.00461986987621523	0.147868016270977	0.975075588797993	0.975054168808645	-9.82591544488251e-05	258.86518576206	0.764152734189498	0.99115987656076
SLFN5	betareg	8	7	0.00665557036636409	0.213893433913746	0.97517679749549	0.975619254228015	0.00014940046179857	254.771857574821	0.764152734189498	0.99115987656076
PIK3R3	betareg	8	8	0.00300168622641321	0.0981368531714144	0.975599118661443	0.975665532672786	1.98845975886708e-05	1888.41279263658	0.764152734189498	0.99115987656076
ELAVL4	betareg	8	8	-0.00584984907947399	0.191264720729585	0.975600431450739	0.975443724858513	0.00208877401554665	247.403823600048	0.764152734189498	0.99115987656076
DDX51	betareg	8	8	-0.0071662355215692	0.239286909066256	0.976108287334068	0.975888111342001	0.00342128644402384	268.277094291463	0.764198146805558	0.991218779919885
TRPM3	betareg	8	8	0.010004060535765	0.337125691496982	0.976326591757637	0.976726224428985	0.00318096349425377	123.127669083807	0.764198146805558	0.991218779919885
ATAD1	betareg	8	8	-0.00157719197311674	0.0532138092688864	0.97635514310759	0.976356738648986	0.000278866868710932	2591.78916430423	0.764198146805558	0.991218779919885
RAB11FIP5	betareg	8	8	0.00438540336979615	0.156365786595479	0.977625623440991	0.977771320792242	0.00205739880385668	306.965518818122	0.764821750375396	0.99202763763857
SYNJ2BP	betareg	8	8	0.00752761364938983	0.269214048470197	0.977692902021642	0.977602029942033	0.00343646902524741	500.560001446502	0.764821750375396	0.99202763763857
ARID3A	betareg	8	8	0.00625620761158139	0.225322974399211	0.97784917327682	0.977347168990729	0.00200304637168533	166.396718343684	0.764821750375396	0.99202763763857
GABRG1	betareg	8	8	-0.00513621990518452	0.190820763574529	0.978526363189379	0.978256856007682	0.00264305455670748	139.985850293387	0.764878487573008	0.992101229776982
ZNF93	betareg	8	8	0.0044465388616696	0.166887488252601	0.978743733144342	0.978569547868427	-0.00383865533916583	126.510333767058	0.764878487573008	0.992101229776982
WBP1L	betareg	8	8	-0.00465204885117247	0.175571116815845	0.978861194586805	0.978775938885397	0.00263331251255139	597.842872466893	0.764878487573008	0.992101229776982
PRRG1	betareg	8	8	0.00412534799824281	0.156642682397002	0.978989308860602	0.979003091714652	0.00508402238353863	268.629872040704	0.764878487573008	0.992101229776982
APOOL	betareg	8	8	-0.00563265125919361	0.214844330980942	0.979083969030142	0.979353172382605	0.00442885758446173	264.588554306817	0.764878487573008	0.992101229776982
SP3	betareg	8	8	0.00753218222277676	0.297186186409328	0.979779785123639	0.979335293964565	0.00881421869834763	320.458774239853	0.765240390957648	0.992570643937264
PHF21B	betareg	8	8	0.00541507748221556	0.219980876647185	0.980361154677967	0.980123171990966	0.00255444849511734	87.8380252838708	0.765470474997344	0.992869079129838
ASAH2B	betareg	8	8	-0.00588801708373275	0.241501437319714	0.980548800925798	0.980361451847068	0.00978205529645159	240.706582791465	0.765470474997344	0.992869079129838
GGACT	betareg	8	8	-0.00430892372382464	0.178788159875631	0.980772267481583	0.981173429186354	0.00420783284551958	148.698080211397	0.765470474997344	0.992869079129838
IGFBP5	betareg	8	8	-0.00458798362268079	0.19512862728876	0.981241378676029	0.981362450034834	0.0104270815359322	789.779461968353	0.765654998654901	0.993108419300283
POLR2D	betareg	8	8	0.0027840489940793	0.120431531766151	0.981556724880663	0.981698530327609	-0.00089469003212311	1017.8392846669	0.76571948164127	0.993192058271852
RAD51D	betareg	8	8	0.00239299623302166	0.107121481740493	0.982177468747135	0.982182625854247	0.000251577504954886	248.185397072333	0.766018135360437	0.993579433164566
RAD1	betareg	8	8	-0.00377875504508399	0.174996519163864	0.982772365769311	0.982809684979356	0.00329072329578865	339.406216499231	0.766018135360437	0.993579433164566
NEDD4L	betareg	8	8	-0.00261058496624924	0.121249505600159	0.982822325681789	0.983017287649296	0.0035064279057731	1804.00359481689	0.766018135360437	0.993579433164566
MFSD8	betareg	8	8	-0.00387995437346026	0.185128951362139	0.983279065472963	0.983551823368107	0.00739540144631207	342.046805628718	0.766018135360437	0.993579433164566
ZMYM2	betareg	8	8	-0.00202086926459357	0.0992929738865537	0.983762103085832	0.983695193006831	0.000367192010222971	445.988501119089	0.766018135360437	0.993579433164566
ZNF12	betareg	8	8	-0.0050779878021376	0.255963690740763	0.984172042915267	0.984008490556887	0.00343373638013322	596.12037607093	0.766018135360437	0.993579433164566
ZNF526	betareg	7	8	-0.00615811311197638	0.31298878934246	0.984302484464298	0.986217786065076	-0.00158889960209226	230.478314028161	0.766018135360437	0.993579433164566
ALDH2	betareg	8	8	-0.00395896222908813	0.203535298225359	0.984481337169959	0.984205057446843	-0.00507637862846908	1357.18474385501	0.766018135360437	0.993579433164566
CLMN	betareg	8	8	-0.00358700247744719	0.18642718170951	0.984649034061566	0.984925116724944	0.00298970423180505	65.1706088854407	0.766018135360437	0.993579433164566
ZNF582	betareg	8	8	-0.00345600720416189	0.185264506949756	0.98511676675376	0.984887480476979	-0.00292111943568172	91.7921786201102	0.766018135360437	0.993579433164566
OARD1	betareg	8	8	-0.00522988577363592	0.281916333079611	0.98519913431408	0.985816991710877	-0.00585163897928053	378.254147595509	0.766018135360437	0.993579433164566
BTF3L4	betareg	8	8	-0.00190545206551485	0.102722847269668	0.985200530914777	0.985009771842631	-0.000633341087375762	2838.99231926152	0.766018135360437	0.993579433164566
ACAP2	betareg	8	8	-0.00447734001568255	0.242072680735104	0.985243288142569	0.985386141874827	-0.00120805685498275	98.2286282770194	0.766018135360437	0.993579433164566
SPRED3	betareg	8	8	0.00323650760595622	0.177977726614303	0.985491346704659	0.98549001407185	-0.00185782780247323	200.425212191722	0.766018135360437	0.993579433164566
JAZF1	betareg	8	8	-0.0013368816180827	0.0738400623147006	0.985555010424591	0.985523743574239	-0.000124997842963048	896.227374862911	0.766018135360437	0.993579433164566
LSAMP	betareg	8	8	-0.00230599894323149	0.129459001092849	0.985788368165633	0.986261191680942	0.000497945186021045	3086.85837829998	0.766018135360437	0.993579433164566
LIMD2	betareg	8	8	-0.00288607138261313	0.16327385286992	0.985897117959685	0.985838259108248	0.00215716266281352	522.900109911768	0.766018135360437	0.993579433164566
TPT1	betareg	8	8	-0.00401446389005632	0.241865334669176	0.986757375966298	0.986671235800079	-0.0041943771160003	2276.5005453249	0.766295308180297	0.993938945819074
ERBIN	betareg	8	8	0.0027838959362773	0.169250177121106	0.986876661109698	0.986541325586121	-0.000465398774074477	227.985936768383	0.766295308180297	0.993938945819074
ATP2B1	betareg	8	8	-0.00164024749202688	0.100493305475283	0.986977540075819	0.986938797112687	0.000522326705371438	1406.07703071068	0.766295308180297	0.993938945819074
AP4S1	betareg	8	8	-0.00316026235784033	0.196760859867893	0.987185377536798	0.987242788503722	0.000209323621335675	89.6391048417358	0.766295308180297	0.993938945819074
SP1	betareg	8	8	-0.0042784501386379	0.31378022845875	0.98912103687642	0.988697327012855	0.0163468388722747	150.878516835164	0.767441355384421	0.995425449700497
ZFHX3	betareg	8	8	0.000930584959145442	0.0682940441042018	0.98912824090436	0.989094730986951	-0.00011288916846721	768.909152879162	0.767441355384421	0.995425449700497
GUF1	betareg	8	8	0.00115633935295374	0.0874716144217757	0.989452596125876	0.989482575818658	0.000569976239370898	371.761490094926	0.767512040669616	0.995517133490155
RNF115	betareg	8	8	-0.00274178145341536	0.240875144076499	0.990918208432035	0.990841334124339	-0.00285604069339678	450.184934638137	0.768342604913603	0.996594433768901
LRCH3	betareg	8	8	0.00377982016388094	0.334729225460209	0.990990341357829	0.991074566945426	-0.00478071544363405	73.3941941391707	0.768342604913603	0.996594433768901
SGCD	betareg	8	8	0.00299442474677632	0.291417038911861	0.991801566442377	0.99174927688656	0.0060308865516096	287.031499775598	0.768681390643875	0.99703386270447
PCDHB14	betareg	8	8	-0.00272472091609405	0.268604869153822	0.991906418247461	0.992128101035517	0.000666238732420191	254.89447327785	0.768681390643875	0.99703386270447
ATAD2B	betareg	8	8	0.00193602893106613	0.200957919055689	0.992313297701487	0.992291996091582	0.00171589090958443	84.9274393422988	0.768681390643875	0.99703386270447
HECW2	betareg	8	8	-0.00211808188904132	0.231909331455626	0.992712835951059	0.992724157561699	0.00358115374072162	237.822756509776	0.768681390643875	0.99703386270447
SULF2	betareg	8	8	-0.00167044119569519	0.183710208655694	0.992745090848772	0.992762270014355	-0.00205828315948203	1204.73312397382	0.768681390643875	0.99703386270447
MTREX	betareg	8	8	0.000643993997984135	0.0740020114833954	0.993056588970232	0.993096552457733	-0.00048528622888884	547.93211545698	0.768681390643875	0.99703386270447
HEATR5A	betareg	8	8	-0.00194141791744863	0.223281923775895	0.993062546943932	0.993091337506983	0.00307656434039532	79.4994035081742	0.768681390643875	0.99703386270447
FAM20B	betareg	8	8	-0.00126233079827257	0.155718199275441	0.993532013419183	0.993565670236801	0.00034860180576006	764.793132693038	0.768849913990407	0.997252449345428
ZNF320	betareg	8	8	-0.00210806528930514	0.273607913864272	0.993852604324447	0.993853375542058	0.0131052977964044	236.261175895101	0.768849913990407	0.997252449345428
CNTN2	betareg	8	8	-0.00109256679942831	0.152223518461474	0.994273324482537	0.994296444021802	0.0035823523524649	1368.96912741281	0.768849913990407	0.997252449345428
LGALSL	betareg	8	8	0.000436030934618516	0.0638367651052122	0.994550167994687	0.994587995898265	-0.00028374812062866	860.933894968538	0.768849913990407	0.997252449345428
LMO3	betareg	8	8	0.000690614398343954	0.102312309956914	0.994614270934723	0.994665252025531	0.000438767197195225	648.251085196072	0.768849913990407	0.997252449345428
BOD1L1	betareg	8	8	-0.000860457724331824	0.129102689143958	0.994682211073919	0.994598618656294	-0.0025822168878977	252.763016742142	0.768849913990407	0.997252449345428
LIMS1	betareg	8	8	-0.00110377958955037	0.179513145800991	0.995094046512486	0.995134978845216	-0.00389136355342545	149.422046424538	0.768987605722537	0.997431045212609
EPHA6	betareg	8	8	0.00111759958193882	0.199405771046921	0.995528159598962	0.995611369555313	-0.004960634504586	323.442249823756	0.769005745816437	0.99745457419108
MIDEAS	betareg	8	8	0.00163815277824441	0.296042978636341	0.995584931127929	0.995550347174623	0.0115285288384982	275.079184373979	0.769005745816437	0.99745457419108
UTP15	betareg	8	8	0.000920104499999843	0.187318870225831	0.9960808314621	0.996071551348898	0.00977156100301164	170.024616102762	0.769208221866457	0.99771719987802
PPP1R8	betareg	8	8	0.000469171763401024	0.118677232497426	0.996845697161907	0.996844212606241	-0.00366844702155929	443.431538350883	0.769498043013718	0.998093118303346
TRANK1	betareg	8	8	-0.00114043145056269	0.295801056346713	0.996923843328763	0.996852390568225	-0.00370304663052351	74.5445185597065	0.769498043013718	0.998093118303346
MYLK	betareg	8	8	0.000885368429884446	0.332212254656408	0.997873585472272	0.997854382111439	0.00143784444811781	70.2829341338842	0.770050486986007	0.998809677015867
SASH1	betareg	8	8	-0.000369547582595425	0.190913453475617	0.998455550820877	0.99846571819609	-0.00542498446526717	123.508245548807	0.77030776180879	0.999143380567765
PDE7A	betareg	8	8	-0.000435823291720816	0.262477998175319	0.998675178421295	0.998599120493404	-8.95097877078718e-05	288.995981535627	0.77030776180879	0.999143380567765
PPP1R3B	betareg	8	8	-3.19446194959591e-05	0.289318827711825	0.999911903007328	0.999911089953478	-0.00731569829639306	106.128552349264	0.770953015244233	0.999980319685836
ADAM11	betareg	8	8	2.88313785136697e-06	0.116888945920624	0.999980319685836	0.999980387336596	0.001916443633775	639.715296230734	0.770953015244233	0.999980319685836
