microRNA	baseMean	log2FoldChange	lfcSE	stat	pvalue	padj	class
hsa-let-7f-5p	21832.3480688221	0.877688829640608	0.147593808130719	5.94665074881234	2.73684485659053e-09	9.90737838085773e-07	Down
hsa-miR-143-3p	1064.96011624948	-2.15706908392143	0.403467054815184	-5.34633263900448	8.97541938051741e-08	1.42089844211336e-05	Up
hsa-let-7e-5p	32731.1611180702	0.667932920008388	0.126694308536777	5.27200414700947	1.34942028123129e-07	1.42089844211336e-05	Down
hsa-miR-221-3p	7831.97683532466	0.599082999235487	0.114238365133655	5.24414892085144	1.57005352719708e-07	1.42089844211336e-05	Down
hsa-let-7g-5p	4438.59190386284	0.723132802663815	0.143250008444985	5.04804719045817	4.46348909613457e-07	3.23156610560143e-05	Down
hsa-miR-34a-5p	752.670688818539	0.903370908249959	0.18184420132844	4.96782906273885	6.77066037759583e-07	4.08496509448282e-05	Down
hsa-miR-7-5p	154969.082741759	0.792884470962749	0.161695775445397	4.90355712002196	9.41165578411979e-07	4.2587742423142e-05	Down
hsa-miR-3529-3p	154969.082741759	0.792884470962749	0.161695775445397	4.90355712002196	9.41165578411979e-07	4.2587742423142e-05	Down
hsa-miR-218-5p	2240.52031799491	0.913832825345437	0.204818077129157	4.46168052231631	8.13194000342938e-06	0.000327084697915715	Down
hsa-miR-148a-3p	795.155235032305	-0.823340428040949	0.200978879516887	-4.09665149900375	4.19169204905232e-05	0.00151739252175694	Up
hsa-miR-370-3p	731.577799993651	-1.5761818522915	0.402094918564327	-3.91992482252506	8.85765947779984e-05	0.00291497520996686	Up
hsa-miR-1-3p	2441.23054610273	0.986440046411051	0.257604890301713	3.82927531094503	0.00012852116464708	0.00386680624436709	Down
hsa-miR-92a-3p	2444.54701201826	-1.00941914587518	0.264926589868263	-3.81018434720773	0.000138863207670641	0.00386680624436709	Up
hsa-miR-335-5p	261.377927950929	0.981544322322852	0.261055585259478	3.75990546743997	0.000169977575152166	0.00439513444322029	Down
hsa-miR-9-3p	109.958613472653	1.02715333265132	0.276916443999432	3.70925365722747	0.000207871095169624	0.00501527805920738	Down
hsa-miR-3065-5p	201.90889006752	0.818715325139915	0.221795504402756	3.69130712249794	0.000223104547297762	0.00501527805920738	Down
hsa-miR-29a-3p	405.273942784761	0.682992824404373	0.185721664830612	3.67750754887588	0.000235524107752833	0.00501527805920738	Down
hsa-miR-8485	29.8810024158308	2.15379584588294	0.597255927135996	3.60615231766887	0.000310770764723466	0.00618099902823032	Down
hsa-miR-181d-5p	3396.49243498191	-0.361664089018803	0.100602544570815	-3.59497953617093	0.000324417076067337	0.00618099902823032	NO
hsa-miR-381-3p	1746.04717923969	-1.20069056500034	0.339732392441081	-3.53422455943341	0.000408973451746925	0.00729855448108243	Up
hsa-miR-9-5p	23034.3363213738	0.447651139765494	0.126991293261021	3.52505379124994	0.000423396806913621	0.00729855448108243	NO
hsa-let-7a-5p	38660.53776789	0.484853441522266	0.13951962918342	3.47516291693159	0.000510543184691768	0.00840075603901909	NO
hsa-miR-541-3p	37.8939043247172	-1.85158676464132	0.539017805586286	-3.43511243126257	0.000592308033085771	0.00932241339030649	Up
hsa-miR-769-5p	6680.34779217877	-0.475516953621121	0.140582269253492	-3.38248170374663	0.000718340627263081	0.0108349711278848	NO
hsa-miR-455-5p	5.880803813247	3.13533142756815	0.941567594902304	3.32990583420988	0.000868753590352915	NA	NO
hsa-miR-181a-5p	113060.513329679	-0.272955756908472	0.0822632575061418	-3.31807620052115	0.000906397534301823	0.0131246362966904	NO
hsa-miR-27b-3p	7573.86868839148	-0.388162094623327	0.117543426563588	-3.30228670348777	0.000958999932371993	0.0133522298276408	NO
hsa-miR-21-5p	10485.6336287157	0.64527299818264	0.197201224277212	3.27215513264543	0.00106730994875281	0.0143098593129081	NO
hsa-miR-3074-5p	1179.51205623742	-0.462627179161826	0.145672936237883	-3.17579360387408	0.00149427224717239	0.0193188054813002	NO
hsa-miR-21-3p	28.191672320571	-1.95545933951266	0.621417278570768	-3.14677336299713	0.00165082865894786	0.0206068956737629	NO
hsa-miR-149-5p	704.298057653746	-0.486272927442712	0.155034039707986	-3.13655587094698	0.00170944862669871	0.0206273467621644	NO
hsa-miR-103a-3p	33024.6905735028	0.35135857465758	0.113313817580062	3.10075666111353	0.00193026847063939	0.0212341305410823	NO
hsa-miR-103b	33024.6905735028	0.35135857465758	0.113313817580062	3.10075666111353	0.00193026847063939	0.0212341305410823	NO
hsa-miR-338-3p	146.05945975112	0.800699142058384	0.258296441891834	3.09992323623912	0.0019357080327506	0.0212341305410823	NO
hsa-miR-135a-5p	157.400250872353	0.830438694941267	0.270351960231281	3.07169474277473	0.00212847271219589	0.0226619741710269	NO
hsa-miR-410-3p	1435.73150781546	-1.09605131185478	0.35913851832853	-3.05189016470836	0.00227405294942277	0.0235202047911726	NO
hsa-miR-127-3p	18375.5938211614	-0.918488732588888	0.308915455062093	-2.97326895607819	0.00294646140788874	0.0296283063793257	NO
hsa-miR-139-5p	334.410222601556	0.535605254844039	0.187933275781471	2.84997562361889	0.00437225798782601	0.0416393000976806	NO
hsa-miR-345-5p	686.820419143715	-0.527833115955308	0.185780687780046	-2.84116246022424	0.00449494073759583	0.0416393000976806	NO
hsa-miR-181b-5p	9662.98038568057	-0.240140021250997	0.0847563910565036	-2.83329691434012	0.00460705716826968	0.0416393000976806	NO
hsa-miR-125b-1-3p	518.073443733244	-0.404902510582344	0.14292381675615	-2.8329953661479	0.00461140544665353	0.0416393000976806	NO
hsa-miR-20a-5p	909.652012837658	0.436653068407497	0.154522893709577	2.82581472508648	0.0047160533259804	0.0416393000976806	NO
hsa-miR-1275	137.078597827611	-0.735378373435633	0.262224653334005	-2.80438305127228	0.00504129726579179	0.043451181195634	NO
hsa-miR-548ag	2.49759691032982	5.69554691534339	2.05239908924512	2.77506794131263	0.00551901769152521	NA	NO
hsa-miR-3200-3p	103.785572768437	-0.771401342186518	0.278987769282048	-2.7650005739379	0.00569226956509972	0.0479209670364209	NO
hsa-miR-186-5p	1606.20952404742	-0.232352691303217	0.0845440256569878	-2.74830408769413	0.00599044226026636	0.0485727676966543	NO
hsa-miR-28-3p	1382.99922697041	-0.387521729439396	0.141137278750896	-2.7457078163124	0.00603805123300952	0.0485727676966543	NO
hsa-miR-10a-5p	340.995497712115	-0.74113830239035	0.272063520619929	-2.72413699823327	0.00644697577565333	0.0499887085042506	NO
hsa-miR-423-3p	1207.92639252579	-0.572004121823858	0.210146749107799	-2.72192705455765	0.00649024668425353	0.0499887085042506	NO
hsa-miR-411-5p	5007.62658802742	-0.7662572428205	0.284236644780497	-2.69584255546024	0.0070210844176237	0.0529506783162454	NO
hsa-miR-301b-3p	746.291921028542	0.423765504983729	0.157601913329219	2.68883477384258	0.00717018992537728	0.0529716072038077	NO
hsa-miR-374b-5p	229.008501788447	0.457086510999137	0.1723720388541	2.65174394894769	0.00800772427726881	0.056839140948457	NO
hsa-miR-374c-3p	229.008501788447	0.457086510999137	0.1723720388541	2.65174394894769	0.00800772427726881	0.056839140948457	NO
hsa-miR-6089	61.8340785085445	1.32528550937385	0.505273489883113	2.62290726885441	0.00871829981784667	0.0606927795011634	NO
hsa-miR-708-3p	284.041919437387	-0.355072513524727	0.136101212875315	-2.60888574042331	0.00908375674338242	0.0620437724736686	NO
hsa-miR-592	595.913994380992	0.606212056351116	0.233441613160698	2.59684658679002	0.00940839347558581	0.0630710821881864	NO
hsa-miR-106a-5p	13.974697076733	1.00947452496927	0.389423258033174	2.59222967335782	0.00953560883023748	NA	NO
hsa-miR-598-3p	1166.90059064104	0.386118317001574	0.149873885742526	2.57628815779756	0.00998673801033777	0.0657308938134958	NO
hsa-miR-504-5p	1314.40142670181	0.333086952129801	0.129649730596915	2.56912953537389	0.0101954338924464	0.0659061976618857	NO
hsa-miR-431-3p	74.2734972810836	-1.23271680599481	0.482831128782929	-2.55310134850277	0.0106768423681337	0.0678073146888493	NO
hsa-miR-1270	40.0852050169598	-1.12616440408348	0.443587316887162	-2.53876601338885	0.0111244196349173	0.0694317225489664	NO
hsa-miR-548l	4.63769253750615	3.07353230813881	1.21349310541328	2.53279750369249	0.0113156300912364	NA	NO
hsa-let-7d-3p	140.783596357088	0.860373460007502	0.340485753371504	2.52690002882073	0.011507425386632	0.0698374086707663	NO
hsa-miR-744-5p	3449.92190705858	-0.256815203990756	0.101715637047558	-2.52483503466316	0.0115752611056519	0.0698374086707663	NO
hsa-miR-146b-5p	896.369934096913	-0.283973731260841	0.113805944110525	-2.49524516034992	0.0125870131929561	0.0741468966735855	NO
hsa-miR-137-3p	881.192643923827	0.526970900881215	0.211906704175541	2.48680617695171	0.0128895602366976	0.0741468966735855	NO
hsa-miR-191-5p	15077.139121996	-0.27874555600812	0.112107760757863	-2.48640731135618	0.0129040179293809	0.0741468966735855	NO
hsa-miR-26b-5p	488.721026335948	0.461138434797313	0.186040581595145	2.47869809287538	0.0131862866622038	0.0745849339330902	NO
hsa-miR-6796-5p	3.47195399721548	-3.30485134225612	1.36657437715157	-2.41834721732792	0.0155911914616402	NA	NO
hsa-miR-4485-3p	65.0894564915434	1.53706335264491	0.644227181054048	2.38590267198918	0.0170372593317636	0.0948844288938216	NO
hsa-miR-3115	29.8837808454744	-0.936206898596333	0.394924523629161	-2.37059701938248	0.0177593822854779	0.0958122811926527	NO
hsa-miR-6871-5p	2.44355870082446	-4.56517133335616	1.92740985062649	-2.36855245492923	0.0178578478903591	NA	NO
hsa-miR-210-3p	171.280203018598	-0.614604399029314	0.259799444644266	-2.36568788617262	0.017996609076039	0.0958122811926527	NO
hsa-miR-133b	60.7845667759213	-1.00881975592926	0.426442970016085	-2.36566159336899	0.0179978870748629	0.0958122811926527	NO
hsa-miR-485-5p	103.174515694512	-0.985702952707626	0.420308384831433	-2.3451898374641	0.0190173939838612	0.0973553808027254	NO
hsa-miR-181a-2-3p	2991.6919496201	-0.381412080536315	0.162789245050527	-2.34298083032409	0.0191303659804943	0.0973553808027254	NO
hsa-miR-125a-3p	106.047721735875	-0.63639147173889	0.27162190455593	-2.34293133603976	0.0191329038989482	0.0973553808027254	NO
hsa-miR-301a-3p	1690.35877670144	0.322696183501172	0.137995286323871	2.33845801619493	0.0193635011541332	0.0973553808027254	NO
hsa-miR-665	10.0993063359018	-1.83335551235259	0.786146399097881	-2.33207900520362	0.0196965353040135	NA	NO
hsa-miR-127-5p	19.0382520169028	-1.53338075663117	0.661939667054454	-2.31649625026177	0.0205311889372382	NA	NO
hsa-miR-3168	33.5917266390898	-1.41939691628346	0.615857307702862	-2.30474965309381	0.0211805982859596	0.1050325558838	NO
hsa-miR-2681-3p	5.35754818364487	2.72249722595352	1.18133290343603	2.30459781322847	0.0211891085638047	NA	NO
hsa-miR-939-5p	2.95841227165135	-3.8021838894219	1.65049749010218	-2.30365929801355	0.0212417763327215	NA	NO
hsa-miR-23b-3p	485.779194915215	0.347010647807364	0.150928496727245	2.29917249115967	0.0214951464289347	0.105151932530735	NO
hsa-miR-425-5p	388.608392268748	0.360536089108144	0.158177139936225	2.27931854915007	0.0226481361718886	0.109315003922982	NO
hsa-miR-3943	69.0808809339568	-0.711860533393753	0.314214405064823	-2.26552481973859	0.0234804927086206	0.111841294217377	NO
hsa-miR-22-3p	13107.2495525387	-0.335780608494099	0.148909926047651	-2.25492428480993	0.0241380817077017	0.11348033218426	NO
hsa-miR-541-5p	7.66406800868299	-1.95459804418799	0.873752606952104	-2.23701540760625	0.0252853330468634	NA	NO
hsa-miR-422a	1.47193762056606	1.35602545922599	0.609994438034014	2.22301282548805	0.0262149351543879	NA	NO
hsa-miR-328-3p	936.79276131982	0.363868458335698	0.164520403675515	2.21169198595792	0.0269879546191924	0.125251789386508	NO
hsa-miR-29c-3p	40.6764285119929	0.861635586997279	0.397938061692402	2.16525049987128	0.0303685068961295	0.139156955650619	NO
hsa-miR-25-3p	3042.65250339738	-0.226627297327332	0.10588851282702	-2.14024440684657	0.0323350201433541	0.146315966148677	NO
hsa-miR-132-5p	511.837636376473	0.320322892807571	0.150029143840867	2.13507112422991	0.0327552008901044	0.146387441015034	NO
hsa-miR-654-5p	285.572242015042	-0.70296188003162	0.33009460540853	-2.1295770016042	0.0332065514534776	0.146594775928767	NO
hsa-miR-512-3p	1.15490333853171	5.6135799290898	2.6467660334132	2.12092034513934	0.0339285062321038	NA	NO
hsa-miR-629-5p	41.2899926813121	-1.01244229434612	0.478100621808164	-2.11763433922568	0.0342060476261633	0.14918782217676	NO
hsa-miR-19b-3p	931.452803780932	0.344016041354949	0.163471705535978	2.10443783055311	0.0353402723467284	0.152299745113282	NO
hsa-miR-1267	3.46230464925359	2.69568324269071	1.29806872129283	2.07668761943968	0.0378304000118394	NA	NO
hsa-miR-548ba	1.39338117734118	4.86808462277856	2.34590133960886	2.07514465360689	0.0379731303041248	NA	NO
hsa-miR-448	204.079413149386	0.595463498134396	0.288009441551866	2.06751381109554	0.0386857641691969	0.16475584269705	NO
hsa-miR-550a-5p	7.68196389494886	1.99694367992964	0.966171742378759	2.06686202083811	0.0387471573387833	NA	NO
hsa-miR-6126	1.71057531497819	5.02740565477131	2.44844015942715	2.05330958790823	0.0400425615711681	NA	NO
hsa-miR-302d-3p	67.3529166752516	1.07559650230315	0.526212422354796	2.0440347977531	0.0409501096025557	0.172371391582851	NO
hsa-miR-1251-5p	141.398864927733	-0.589384372250022	0.289679332890925	-2.03460967121167	0.0418901634796203	0.174301599765776	NO
hsa-miR-107	5451.96923795485	0.215480220497165	0.106530374436913	2.02271156593721	0.0431028937481021	0.175283850015365	NO
hsa-miR-766-3p	158.369643118746	-0.468759066307174	0.231859189059586	-2.02174029939657	0.0432031882462201	0.175283850015365	NO
hsa-miR-1307-3p	146.256688643724	-0.437659174035836	0.216864887489383	-2.01811911140877	0.0435788577386267	0.175283850015365	NO
hsa-miR-93-3p	4.23015284580036	-2.15771420911616	1.07177438660535	-2.01321680764394	0.0440918257989185	NA	NO
hsa-miR-3184-5p	164.475552552954	-0.490800195187221	0.245447538176477	-1.99961343606688	0.0455420219561354	0.181167164265066	NO
hsa-miR-130a-3p	1468.38598409761	-0.247025119416135	0.124264800117356	-1.98789294460574	0.046823531226036	0.184240416345924	NO
hsa-miR-323b-3p	2662.50513592002	-0.623633232445442	0.314589542576997	-1.98237114729522	0.0474377163880172	0.184497967005431	NO
hsa-miR-490-5p	382.176596984677	-0.342002359040767	0.172887309348441	-1.97818081806969	0.0479083118743385	0.184497967005431	NO
hsa-miR-409-5p	73.4573815320888	-0.8823886914183	0.453701127160165	-1.94486775234923	0.0517908971138594	0.197350576370706	NO
hsa-miR-374a-3p	101.130276514128	0.678515183914761	0.353547289840347	1.91916386693605	0.054963598794706	0.206458474485649	NO
hsa-miR-99b-5p	13854.497921083	-0.281548804778199	0.147006951260763	-1.91520742633989	0.055466055788263	0.206458474485649	NO
hsa-miR-136-3p	748.645656383279	-0.664763629196798	0.347702233141154	-1.91187621428629	0.0558920732032972	0.206458474485649	NO
hsa-miR-6820-3p	10.4010424161116	1.180781637822	0.618013786918172	1.91060727578613	0.0560550686595485	NA	NO
hsa-miR-130b-3p	362.409548857945	-0.224676986403773	0.118338434888962	-1.89859690652989	0.0576174954665484	0.210682155140308	NO
hsa-let-7c-5p	27162.437159639	0.367387564055028	0.19513332029519	1.8827515644138	0.0597340438341864	0.215316518245998	NO
hsa-miR-3609	8.95733373148805	-1.78420681354209	0.948781704769786	-1.88052404949674	0.0600366918936237	NA	NO
hsa-miR-28-5p	364.560426512851	0.439036882843162	0.233677800016655	1.87881297586622	0.0602700346439674	0.215316518245998	NO
hsa-miR-619-5p	113.714120507084	0.964194923062557	0.51399114048546	1.87589794281646	0.0606692951963861	0.215316518245998	NO
hsa-miR-382-5p	9220.27126932869	-0.604417939585919	0.323798107888984	-1.86665062228574	0.0619503933950188	0.217728567077639	NO
hsa-miR-432-5p	12004.2565218602	-0.678940107972616	0.365055517657993	-1.85982699926944	0.062910006179308	0.218975213816437	NO
hsa-miR-3679-5p	7.26865892640212	1.80637769507952	0.97432617051596	1.85397636822477	0.063742540970875	NA	NO
hsa-miR-5585-3p	152.628361704263	1.09499056520596	0.592971495597411	1.84661585478535	0.0648028346857903	0.221962519547076	NO
hsa-miR-576-3p	4.68443323538758	1.57036697686967	0.8521004333756	1.842936484199	0.0653382846378896	NA	NO
hsa-miR-100-3p	2.80700536528818	3.00453188919641	1.63059341884821	1.84260027942386	0.0653873931031401	NA	NO
hsa-miR-129-5p	7739.28807526777	0.270313412481365	0.146923300475788	1.83982670962331	0.0657936827630872	0.221962519547076	NO
hsa-miR-1290	214.691243038451	-0.645542296083656	0.350907235887545	-1.83963802983685	0.0658213971699534	0.221962519547076	NO
hsa-miR-216a-5p	67.4233611780191	-0.663736836718063	0.361330254412711	-1.83692571715831	0.0662208621853155	0.221962519547076	NO
hsa-miR-424-3p	3.52361741431875	-2.68274388705596	1.47110873918515	-1.82362038617345	0.0682094824019057	NA	NO
hsa-miR-2467-5p	11.4210119478515	-1.06873133959044	0.586703088276361	-1.8215880586724	0.0685175141754898	NA	NO
hsa-miR-421	1622.0909471614	-0.162567124355345	0.0893027306382831	-1.82040485429069	0.0686973737401147	0.228150910953408	NO
hsa-miR-184	58.6649495192903	-0.851980494647052	0.470574017855469	-1.81051325045474	0.0702162314136299	0.229951476049673	NO
hsa-miR-323a-5p	59.5530440493135	-0.811044939888095	0.448622929642943	-1.80785440577815	0.0706291635374263	0.229951476049673	NO
hsa-miR-874-5p	90.9581438818324	0.547131880609085	0.303195830027767	1.80454949053547	0.0711452080595673	0.229951476049673	NO
hsa-miR-361-5p	1222.70258137672	0.245300811020433	0.136861988075287	1.7923224298444	0.0730813323743007	0.232225830899905	NO
hsa-miR-1180-3p	1460.54326939273	-0.237564785915589	0.13256913875364	-1.79200670796443	0.073131891498865	0.232225830899905	NO
hsa-miR-124-3p	2624.10284966786	-0.171923114414551	0.0963841673750315	-1.78372775422333	0.0744679139808446	0.232277066947683	NO
hsa-miR-128-3p	5041.09852052022	0.189336236484324	0.10615207651199	1.78363196185746	0.074483488477143	0.232277066947683	NO
hsa-miR-328-5p	2.00100213748013	-3.32082062956168	1.86211377370608	-1.78336075724976	0.0745275969797951	NA	NO
hsa-miR-7851-3p	5.10497461817958	2.65699719133342	1.49215819084014	1.78064042247252	0.0749712117266944	NA	NO
hsa-miR-100-5p	378.829907076281	-0.447724676688695	0.251528138927593	-1.78001824606026	0.0750729746764609	0.232277066947683	NO
hsa-miR-4665-5p	6.1805391302742	-1.99473305632808	1.12601061513068	-1.77150466392058	0.0764768178013514	NA	NO
hsa-miR-128-1-5p	328.010155997907	-0.318861057839335	0.181051457758874	-1.76116260971506	0.0782108845158088	0.23812584828533	NO
hsa-miR-126-3p	195.963169691716	0.363131030695548	0.206235328330997	1.7607605526864	0.0782789390772217	0.23812584828533	NO
hsa-miR-130b-5p	57.565555161604	0.57132594858123	0.325426437703608	1.75562241535392	0.0791529022222484	0.238777921703783	NO
hsa-miR-4510	75.9105979546616	0.365891681069565	0.213519727114122	1.71362002946923	0.0865985325660019	0.258983246191055	NO
hsa-miR-532-5p	126.159121256612	-0.524145547206308	0.306533153486431	-1.70991470659799	0.0872816465063776	0.258983246191055	NO
hsa-miR-651-5p	8.49979007573078	1.33836688732118	0.784454088830562	1.70611244989031	0.0879871450101315	NA	NO
hsa-miR-7-1-3p	66.6718551398348	0.641652825599418	0.377344969702814	1.70044091512539	0.0890480212728398	0.262076290250146	NO
hsa-miR-627-5p	1.45617391407737	3.19860000430638	1.88955232410688	1.69278191638236	0.0904969860482772	NA	NO
hsa-miR-12135	46.402288143393	0.769360855839236	0.455274472153693	1.68988358209443	0.0910502291619166	0.264340358627343	NO
hsa-miR-378c	232.940323458315	-0.248629411169376	0.147231619043325	-1.68869576239743	0.0912777481448007	0.264340358627343	NO
hsa-miR-1343-5p	9.2879583545416	-1.91855946861988	1.14234192912851	-1.67949667231732	0.0930552868575717	NA	NO
hsa-miR-125b-2-3p	51.3187885012714	-0.642300266435706	0.385016693276648	-1.66824004686517	0.0952680840255278	0.273706717597151	NO
hsa-miR-373-3p	23.418792276025	-1.65314136883524	0.993986342379544	-1.66314294105664	0.0962838260275697	NA	NO
hsa-miR-409-3p	7356.24562158845	-0.531627548141878	0.322814220316031	-1.64685294105514	0.0995882765573348	0.283865796171301	NO
hsa-miR-30c-2-3p	50.7844136127019	-0.604478493028595	0.369139099549531	-1.63753580632952	0.101518563665926	0.287107187867698	NO
hsa-miR-503-5p	5.2994379725921	-1.86629079682743	1.14115677658965	-1.63543768491201	0.101957327884439	NA	NO
hsa-miR-1302	3.4404687519828	2.03943698128582	1.24972831859925	1.63190427145934	0.102699654069809	NA	NO
hsa-miR-1306-5p	21.496404993659	-0.9744625970529	0.598333421506528	-1.6286280559079	0.10339178126478	NA	NO
hsa-miR-30a-3p	359.197371140192	-0.333269471452257	0.204674415203901	-1.62829082042446	0.103463234989578	0.290338690435871	NO
hsa-miR-98-5p	1203.47613117988	0.249215573101352	0.153530602488953	1.62323060719627	0.104540117253307	0.291104018813055	NO
hsa-miR-501-3p	12.8595400719422	-1.57001326704847	0.970488098976031	-1.61775633179325	0.105715120670436	NA	NO
hsa-miR-2392	8.07196145177958	-1.47765685257166	0.913742345187638	-1.61714826980928	0.105846279564982	NA	NO
hsa-miR-148b-3p	7024.02191947327	-0.433797039953167	0.271643944245791	-1.59693248880474	0.110280756825242	0.304745297486546	NO
hsa-miR-6786-3p	2.36660053268552	-2.07062189103468	1.29755457384651	-1.59578790192729	0.11053615526648	NA	NO
hsa-miR-432-3p	3.65925963084226	-2.34295036577037	1.4711948960754	-1.59254927543624	0.11126134054066	NA	NO
hsa-let-7d-5p	1355.31579962993	0.313489284220596	0.196941820467011	1.59178626193875	0.111432738020716	0.30559584214772	NO
hsa-miR-12136	441.721321353373	0.342077645123242	0.215524510577439	1.58718673902443	0.112470357273687	0.306122325812591	NO
hsa-miR-6772-3p	9.41915561548257	1.19168657400364	0.75173759341849	1.58524275549997	0.112911189685112	NA	NO
hsa-miR-2277-5p	5.42543271163397	1.86978122987896	1.18078791123015	1.58350302547644	0.113306857627841	NA	NO
hsa-miR-4791	4.97556276522041	1.58581568337183	1.00611235489471	1.57618150264915	0.114983980151977	NA	NO
hsa-miR-1268b	128.580811790166	0.501030634147361	0.318125352291555	1.5749472041077	0.115268631568204	0.311397347967834	NO
hsa-miR-101-5p	2.72353652534432	2.03963583695473	1.3009271605082	1.56783246508433	0.116920236153321	NA	NO
hsa-miR-212-5p	570.50630493232	-0.255124568779378	0.162895662026925	-1.56618393396633	0.117305562798024	0.314552694317664	NO
hsa-miR-548e-5p	2.06053384009076	2.57733428472902	1.64803197712247	1.56388608989806	0.11784432175816	NA	NO
hsa-miR-1271-5p	32.6425084502364	-0.755294301413618	0.484207438665903	-1.55985687352226	0.118793707840614	0.316200898811046	NO
hsa-miR-296-3p	119.701344428631	-0.524642038655495	0.338304494495562	-1.55079831096473	0.120950025520089	0.318846018560925	NO
hsa-miR-4804-3p	3.01394410264707	-2.24027601310302	1.44469392191094	-1.55069248864821	0.120975395445382	NA	NO
hsa-let-7b-5p	8520.85120379563	0.315517818204925	0.203873791007844	1.54761343596532	0.12171539457366	0.318846018560925	NO
hsa-miR-423-5p	1629.89936088943	-0.156839798775783	0.101776260944016	-1.54102535621794	0.123310614913065	0.318846018560925	NO
hsa-miR-3184-3p	1629.89936088943	-0.156839798775783	0.101776260944016	-1.54102535621794	0.123310614913065	0.318846018560925	NO
hsa-miR-23b-5p	1.9132023820307	2.34691428140479	1.5282945654436	1.53564262706357	0.124626053433177	NA	NO
hsa-miR-6511a-3p	10.5972658667218	1.069935134252	0.702925586472048	1.5221172124662	0.127979713865934	NA	NO
hsa-miR-15a-5p	126.61554278474	-0.468544222021527	0.309767002100938	-1.51256983101399	0.130388962275292	0.334757477614578	NO
hsa-miR-655-3p	4.70127491093691	1.58742724600417	1.05437415810265	1.5055634983133	0.132179264725659	NA	NO
hsa-miR-339-3p	261.788631008887	-0.226370967763921	0.151608044238815	-1.4931329594051	0.135402386505796	0.345180731796466	NO
hsa-miR-598-5p	11.6640838962276	1.23053161381853	0.827294283801959	1.48741703878749	0.136904699467821	NA	NO
hsa-miR-10400-5p	50.2862948254015	-0.709730789978421	0.47812234412377	-1.48441251219729	0.137699517370792	0.347095288616621	NO
hsa-miR-1268a	110.253906936486	0.464354654935307	0.31311577811307	1.48301263428387	0.138071054035341	0.347095288616621	NO
hsa-miR-19a-3p	144.966575482004	0.424995970178084	0.287304444121563	1.47925303236264	0.139072700584634	0.347202190425085	NO
hsa-miR-660-5p	53.6887903685819	0.58159519966905	0.398843948701959	1.45820239109019	0.144784764932816	0.358986882915613	NO
hsa-miR-2110	13.9370341736073	-1.03619060387878	0.715336124223522	-1.44853666519853	0.147467019506056	NA	NO
hsa-let-7b-3p	33.6359278771506	0.653242095297351	0.452461789593536	1.44375085437421	0.148809070805163	0.366454990690265	NO
hsa-miR-199b-5p	1.51865857277855	-2.99565009762856	2.08145858834597	-1.43920715713544	0.150091838189234	NA	NO
hsa-miR-668-3p	78.1421550282642	-0.569365461595877	0.395665784777965	-1.43900605890243	0.150148806105945	0.367008416858609	NO
hsa-miR-4775	2.8474051576596	1.90766127078765	1.32745482901311	1.43708187208592	0.150694731493326	NA	NO
hsa-miR-5683	48.5955584294839	-0.75203834793094	0.523779373907402	-1.4357922159491	0.151061475447328	0.367008416858609	NO
hsa-miR-6794-5p	14.3014844901475	1.00184575068911	0.698511461444457	1.4342581417596	0.151498610618496	NA	NO
hsa-miR-889-5p	3.76593051294288	-1.97334844111754	1.37983239818972	-1.43013632938789	0.152677895112282	NA	NO
hsa-miR-124-5p	90.7822631224952	0.455490677436425	0.319935839318687	1.42369382063106	0.154535123284615	0.371121994809092	NO
hsa-miR-664a-5p	64.2512750451494	0.473159232531	0.332563762509776	1.42276244699719	0.154805030983903	0.371121994809092	NO
hsa-miR-455-3p	4.46261493660592	1.831973307755	1.28933040726487	1.4208718707265	0.155354011938365	NA	NO
hsa-miR-876-3p	204.894394132359	0.342476379616575	0.241314051148072	1.41921441369541	0.155836515015694	0.371136963392639	NO
hsa-miR-203b-5p	24.8144868484162	-0.644519252381629	0.454999711417252	-1.41652672783913	0.156621344360975	NA	NO
hsa-miR-1251-3p	2.88392581621172	-2.33600171908287	1.649246547538	-1.41640540195161	0.156656843228737	NA	NO
hsa-miR-451a	30.0581400546551	-0.917648379470082	0.648806307314205	-1.41436414708848	0.15725501132883	0.372067412425075	NO
hsa-miR-454-3p	213.620121532668	0.350838901096363	0.248857713053332	1.40979717603198	0.158599580725263	0.372812001445098	NO
hsa-miR-302a-5p	24.2485578918289	0.929174319315856	0.659908136271698	1.40803585869609	0.159120452132719	NA	NO
hsa-miR-374a-5p	115.689182904012	0.438305715709581	0.313085980863559	1.39995318378881	0.161527338272285	0.377244493255272	NO
hsa-miR-195-5p	10.5128112856977	-0.943037132605798	0.673920837283209	-1.39932923933245	0.161714275383107	NA	NO
hsa-miR-192-5p	7600.15073666347	0.101781104474481	0.0734890127991595	1.38498396695901	0.166057369931728	0.385338255867215	NO
hsa-miR-486-5p	17972.4353778759	0.183842260711103	0.133506374126285	1.37702983782036	0.16850302299534	0.388522893785434	NO
hsa-miR-574-3p	36.6246706713738	0.74430525619612	0.541997882701842	1.37326229483736	0.169670819779159	0.388739473164909	NO
hsa-miR-129-2-3p	138.550744486839	0.410131126464213	0.299835747060564	1.36785266761862	0.171358198038074	0.390136274778508	NO
hsa-miR-431-5p	226.062396627759	-0.484962926930808	0.358166669015836	-1.35401467775709	0.175731695020681	0.397592959984291	NO
hsa-miR-1912-5p	1.70630590958573	2.02833823159608	1.5012315088275	1.35111621336822	0.176658208551713	NA	NO
hsa-miR-502-3p	2.48976451014207	2.20674067617472	1.6460140593641	1.34065724628576	0.180031761598025	NA	NO
hsa-miR-9899	8.70146745251462	-1.25135944163747	0.936107587927788	-1.33676882633495	0.181298107793416	NA	NO
hsa-miR-4798-5p	1.04069846581656	2.59262460035471	1.94721979105164	1.3314493886458	0.183041187703367	NA	NO
hsa-miR-1469	48.2395594473712	0.904384620922769	0.685427042505229	1.31944695035266	0.187019734337277	0.418921749346646	NO
hsa-miR-6894-5p	4.10893071952728	2.78373352228729	2.11065783657231	1.31889379417748	0.187204621146788	NA	NO
hsa-miR-216b-5p	222.704796185747	0.326638348336945	0.24781172857027	1.31809075470907	0.187473269044632	0.418921749346646	NO
hsa-miR-217-3p	3.55924065072609	1.72552666002304	1.30911954248967	1.31808181301873	0.18747626198878	NA	NO
hsa-miR-3180-3p	49.872158193295	-0.430252361799212	0.328624745815928	-1.30925125778631	0.190449254470124	0.42296092097046	NO
hsa-miR-211-5p	0.650591723825326	1.43112921011954	1.09354480118218	1.30870651899439	0.190633782650311	NA	NO
hsa-miR-548b-3p	1.96972178074284	2.43241096960066	1.88148793660511	1.29281241844666	0.19607594427151	NA	NO
hsa-miR-30e-3p	926.477483745682	-0.174866780427288	0.135476284821049	-1.29075565260938	0.196788419977115	0.430070186387017	NO
hsa-miR-383-5p	1070.09402934991	-0.261264656719876	0.202556217393922	-1.28983775507508	0.197106996161772	0.430070186387017	NO
hsa-miR-323a-3p	3125.88296613412	-0.424572240332696	0.329521326302756	-1.28845147929093	0.197588848597276	0.430070186387017	NO
hsa-miR-2355-5p	4.6845908269774	-1.66210775119018	1.29035301724726	-1.28810312292367	0.197710068399874	NA	NO
hsa-miR-27a-3p	180.030049177721	0.235705224451287	0.183269009434278	1.2861161042932	0.198402544548707	0.430070186387017	NO
hsa-miR-4739	2.74454364040037	1.77062126625173	1.37727809924877	1.28559458486816	0.198584587597932	NA	NO
hsa-miR-597-3p	10.8066658203993	0.882657665716753	0.687246264837466	1.28433970597934	0.199023119583214	NA	NO
hsa-miR-1285-3p	25.2511072739806	-0.745850778051476	0.583490765564019	-1.27825635308986	0.201159052090079	NA	NO
hsa-miR-221-5p	0.908962366983313	-3.52468018707285	2.76235716030909	-1.27596830624121	0.20196672298058	NA	NO
hsa-miR-1252-5p	1.22610402937166	2.33879428575721	1.83580604124953	1.2739876834512	0.202667781189505	NA	NO
hsa-miR-532-3p	11.5574284503247	0.850591238439925	0.676501123140387	1.25733898931519	0.208630911369409	NA	NO
hsa-miR-205-5p	18.5399365657412	-1.60436489529247	1.27660727253218	-1.25674115275106	0.208847381202438	NA	NO
hsa-miR-30a-5p	3003.91849828356	0.135238771644917	0.108182196773823	1.25010191767192	0.211262319366071	0.452570966036821	NO
hsa-miR-194-5p	116.797659370339	0.324434504993649	0.259538272653225	1.25004494203108	0.211283130553102	0.452570966036821	NO
hsa-miR-548ay-5p	5.00771755443726	1.30212965616012	1.05382139946815	1.23562650826533	0.216597426595588	NA	NO
hsa-miR-142-5p	3.84793404138815	2.85179893016651	2.31320024517995	1.2328370343678	0.217636571112984	NA	NO
hsa-miR-200c-3p	19.6325777391	0.746480946028358	0.606174136692244	1.23146287649575	0.21814979300904	NA	NO
hsa-miR-320a-3p	7119.12872562315	-0.116715587785036	0.0953978363130988	-1.22346158252449	0.221155405921665	0.469081816497585	NO
hsa-miR-30d-5p	3206.07952892325	0.0989713244160578	0.0809693960687897	1.22233003111415	0.221582847019577	0.469081816497585	NO
hsa-miR-3173-5p	1.43975773180902	-2.44270442927876	2.00232052101409	-1.21993677018385	0.222488845378266	NA	NO
hsa-miR-301b-5p	1.87157123164904	2.56962875315883	2.10718560187295	1.21946009448567	0.222669613099799	NA	NO
hsa-miR-6788-3p	1.9012880974945	-2.19688517888082	1.80802471084926	-1.21507475296005	0.224337581819717	NA	NO
hsa-miR-766-5p	40.1242479480315	-0.42280632412507	0.351451590314327	-1.20302862692107	0.228965242846823	0.480918762971665	NO
hsa-miR-7977	283.827295049566	0.205104944688643	0.170849724577543	1.20049912398631	0.229945552656038	0.480918762971665	NO
hsa-miR-486-3p	218.072274357318	0.256632104837106	0.215182719602357	1.19262413502043	0.23301660928119	0.480918762971665	NO
hsa-miR-1260b	353.035507367551	-0.187906918722839	0.15775970872956	-1.19109575084827	0.233615997791592	0.480918762971665	NO
hsa-miR-4455	35.4326282337315	0.52400540905841	0.440521637854125	1.18951117046362	0.234238577979808	0.480918762971665	NO
hsa-miR-375-3p	948.390022259385	0.270178785373402	0.227574827705673	1.18720856826411	0.235145362005483	0.480918762971665	NO
hsa-miR-4446-3p	22.7611849962632	-0.692992333026283	0.584469122812053	-1.18567826079861	0.235749382815631	NA	NO
hsa-miR-181c-5p	3220.69450001501	-0.1038595923046	0.0879941380406939	-1.18030126343835	0.237880415832998	0.483779272649131	NO
hsa-let-7f-1-3p	0.921014343120817	3.0393665300728	2.59580048747694	1.1708783262565	0.241647688166048	NA	NO
hsa-miR-20b-5p	10.0600871666513	0.781802075167788	0.669084707509544	1.16846501854421	0.24261924173357	NA	NO
hsa-miR-326	7.00620549463073	-1.35205637235717	1.16467513856769	-1.16088712430139	0.245687805676971	NA	NO
hsa-miR-30c-5p	542.624644052393	0.183317218698912	0.158053691231287	1.15984142648498	0.24611337410192	0.497726488407236	NO
hsa-miR-770-5p	13.7912622021956	-0.874891030742736	0.757457601895156	-1.1550363063936	0.248075559094527	NA	NO
hsa-miR-1269a	64.8342042487865	-0.770675050349659	0.670830040218115	-1.14883801282823	0.250622781680667	0.503093979683025	NO
hsa-miR-18a-5p	114.648968403221	0.354443346040406	0.309125550345907	1.14659996769529	0.251546989841513	0.503093979683025	NO
hsa-miR-152-3p	108.187217532322	-0.253688698225652	0.223054982543124	-1.13733706072495	0.255397407471901	0.507988250026529	NO
hsa-miR-27a-5p	1.73063347120829	-2.08318104603301	1.83830331952614	-1.13320855372768	0.257126682944497	NA	NO
hsa-miR-203b-3p	4.87704559607612	-1.65476425339677	1.4603528435575	-1.13312632676201	0.257161207047621	NA	NO
hsa-miR-758-3p	139.120186891547	-0.407640841308847	0.360008119444271	-1.1323101321662	0.257504071834922	0.509379639367441	NO
hsa-miR-3620-5p	10.338090273284	0.983371761475157	0.870106915650834	1.13017348073783	0.258403131874997	NA	NO
hsa-miR-191-3p	16.7533972280858	-0.729461845130018	0.653300104557189	-1.11658002201676	0.264173937548283	NA	NO
hsa-miR-199a-3p	43.6321187905415	-0.551335948538167	0.495100711853274	-1.11358342926713	0.265457938573967	0.515753156902321	NO
hsa-miR-199b-3p	43.6321187905415	-0.551335948538167	0.495100711853274	-1.11358342926713	0.265457938573967	0.515753156902321	NO
hsa-miR-656-3p	25.8058992995348	0.74451530166739	0.668800751468153	1.11320942752087	0.265618494657545	NA	NO
hsa-miR-181a-3p	3322.92816154206	-0.0875117273836045	0.078757091819525	-1.11115996492279	0.266499500431744	0.515753156902321	NO
hsa-miR-3132	1.6239111139891	2.4746957096887	2.2274391243429	1.1110048677172	0.266566254058743	NA	NO
hsa-miR-6841-5p	0.662643974608752	3.44723175391463	3.10857653289862	1.10894221758157	0.267455109811419	NA	NO
hsa-miR-181c-3p	96.5885930596275	-0.314258192748317	0.283582115863397	-1.1081735242419	0.267786882641615	0.515753156902321	NO
hsa-miR-30c-1-3p	35.471631793434	-0.487825682327192	0.440264744334694	-1.10802804131948	0.267849705794575	0.515753156902321	NO
hsa-miR-10395-3p	70.4161066379827	0.349200878009081	0.319404332628544	1.09328785597655	0.274267433161882	0.522006562390405	NO
hsa-miR-219b-5p	14.6115297754321	-0.662766584106505	0.606466391795624	-1.09283316119824	0.274467058916808	NA	NO
hsa-miR-628-5p	92.9665225704099	0.357837928817092	0.32783571456704	1.0915160030373	0.275045894105442	0.522006562390405	NO
hsa-miR-6716-3p	2.02759787802788	-1.71222144979075	1.56907103815756	-1.09123258804221	0.275170551852531	NA	NO
hsa-miR-153-5p	1.28593253300261	2.07121421874796	1.8988357555561	1.09078113401197	0.275369199813067	NA	NO
hsa-miR-652-3p	51.9291757803365	0.391103076305685	0.35859365522472	1.09065810453504	0.275423351979468	0.522006562390405	NO
hsa-miR-190b-5p	11.4286351924597	0.788239272606263	0.722960086638265	1.09029431523882	0.27558351854523	NA	NO
hsa-miR-135a-3p	14.2296975001924	-0.756507079206879	0.697535722795937	-1.08454241766223	0.278124370298477	NA	NO
hsa-miR-539-3p	51.7717009494325	0.625994407056911	0.582164270848785	1.07528826209864	0.282245689763393	0.532150727574731	NO
hsa-miR-34c-5p	466.794484366993	0.227638401245938	0.213599597464957	1.06572486066264	0.286548036029643	0.537463155661818	NO
hsa-miR-1255b-5p	1.05852608449139	2.4519935731801	2.31056442268466	1.06120978454741	0.28859457371332	NA	NO
hsa-miR-382-3p	57.6875669319413	0.532710041523189	0.504318407674453	1.05629704055352	0.290832527630554	0.542687500011653	NO
hsa-miR-500a-3p	2.79484824630016	-1.4131732957441	1.34139999059147	-1.05350626633074	0.292109023843941	NA	NO
hsa-miR-1908-3p	61.5516120609334	-0.429349242876095	0.408288978252372	-1.05158176131491	0.292991479282077	0.543912387180062	NO
hsa-miR-6510-5p	4.31550210544699	-1.66051784212231	1.58408688483662	-1.04824922042933	0.294523798578227	NA	NO
hsa-miR-873-5p	455.583756363652	-0.156765788853108	0.149926369139582	-1.04561852429814	0.295737193205077	0.545473849354903	NO
hsa-miR-889-3p	1841.76690554261	0.35638982606766	0.341624698482775	1.04322031647729	0.296846266085403	0.545473849354903	NO
hsa-miR-342-5p	39.3765971592225	0.406363871563139	0.391172687874494	1.0388349804563	0.298881489674295	0.546439895263106	NO
hsa-miR-95-3p	3210.55937368439	-0.0795420837599416	0.0768090183752362	-1.03558261051265	0.30039690808888	0.5464506569255	NO
hsa-miR-6765-3p	4.62099964213775	-1.08858904316806	1.05551470951499	-1.03133479178918	0.302383848283253	NA	NO
hsa-miR-6866-5p	3.2286067979722	1.27690128439405	1.2428831936424	1.02737030392369	0.304246129199341	NA	NO
hsa-miR-134-3p	20.5532040061778	-0.64919758247031	0.63269833692433	-1.02607758639953	0.304855014257227	NA	NO
hsa-miR-485-3p	1366.18861962389	-0.355929595157264	0.348096525953328	-1.02250257793433	0.306543093148058	0.554027035342953	NO
hsa-miR-6743-5p	19.3382104804068	0.6692224069404	0.656220538257182	1.01981326082501	0.307817032830192	NA	NO
hsa-miR-5100	4.16887534109547	1.3358255984867	1.31255087773652	1.0177324331917	0.308805129553928	NA	NO
hsa-miR-126-5p	109.935350963807	0.276321855997295	0.271715980016351	1.01695106773134	0.30917670781674	0.554027035342953	NO
hsa-miR-15b-5p	54.8749450909428	-0.388608930603691	0.382693872027004	-1.0154563712906	0.309888333513339	0.554027035342953	NO
hsa-miR-154-3p	11.0537691734314	0.849055344245684	0.83620459179209	1.01536795250795	0.309930463600234	NA	NO
hsa-miR-708-5p	964.482819375109	0.142136112011273	0.14025057691608	1.01344404519862	0.310848110192377	0.554027035342953	NO
hsa-miR-6511b-3p	21.3231113908757	0.579614475047441	0.574378240011035	1.00911635342645	0.312918835976462	NA	NO
hsa-miR-4421	1.91641220660828	-1.67251106021291	1.65780428879982	-1.00887123498983	0.313036392105982	NA	NO
hsa-miR-1185-2-3p	5.57801648285108	1.10575041414439	1.10128924033372	1.00405086479308	0.315354097094194	NA	NO
hsa-miR-1296-5p	332.142708209126	0.171568632696698	0.171035821054472	1.00311520498421	0.315805279250413	0.554027035342953	NO
hsa-miR-132-3p	4590.88743271363	-0.127258533790577	0.126921924560247	-1.00265209680279	0.316028750220699	0.554027035342953	NO
hsa-miR-1304-3p	33.3646186917927	0.630945230675257	0.629772283589579	1.00186249397797	0.316410009196236	0.554027035342953	NO
hsa-miR-335-3p	373.137060707728	-0.170641148860449	0.17046317753248	-1.00104404558536	0.316805514685059	0.554027035342953	NO
hsa-miR-185-3p	10.622681572184	-0.771027055194411	0.771507853283661	-0.999376807264886	0.317612190632142	NA	NO
hsa-miR-504-3p	4.02798182217626	-1.12287959659478	1.12639117760704	-0.996882449825537	0.31882157135027	NA	NO
hsa-miR-885-3p	339.780554796315	-0.144498854641066	0.145781035303375	-0.991204749920721	0.321585611679137	0.559682651095421	NO
hsa-miR-96-5p	377.153939421664	-0.275445887495612	0.279417443023907	-0.985786300649974	0.324237989635682	0.560695148625803	NO
hsa-miR-369-5p	220.703345418243	-0.374258674315249	0.380461827861699	-0.983695726897721	0.325265141468007	0.560695148625803	NO
hsa-miR-548h-3p	8.89682297280223	0.795121151196449	0.811416197088313	0.979917770990601	0.327126710090675	NA	NO
hsa-miR-548z	8.89682297280223	0.795121151196449	0.811416197088313	0.979917770990601	0.327126710090675	NA	NO
hsa-miR-92b-3p	5757.00660066859	0.264754797138139	0.270239027999738	0.979705999898712	0.327231263592328	0.561410983035178	NO
hsa-miR-4507	4.98399201352342	1.27868266387974	1.30600004657777	0.979083168664801	0.327538887316183	NA	NO
hsa-miR-4497	3.72643550914474	-1.18175001623176	1.21294093988556	-0.974284878489845	0.329915110674458	NA	NO
hsa-miR-1912-3p	4.16392635085467	-1.37737884503621	1.42047989511328	-0.969657402244588	0.332217290170589	NA	NO
hsa-miR-92b-5p	6.90554942759536	0.991929225758072	1.02560251857929	0.967167306816036	0.333460402802705	NA	NO
hsa-let-7f-2-3p	15.9324097888544	0.645530600545169	0.668583684735381	0.965519523260074	0.334284662136948	NA	NO
hsa-miR-4749-5p	1.51214026432041	1.71063170932929	1.77524177863248	0.963604918450627	0.335244039997319	NA	NO
hsa-miR-760	43.8956438660942	-0.493840820530466	0.514409560086158	-0.960014857514997	0.337047737367859	0.574437853436571	NO
hsa-miR-1197	241.229409164414	-0.321790282266551	0.335852947419334	-0.958128504570708	0.337997963486159	0.574437853436571	NO
hsa-miR-767-5p	2660.32936983915	-0.0930286214376415	0.097495565687339	-0.954183103424184	0.339990965924922	0.575124904975802	NO
hsa-miR-4690-5p	2.61522395059043	1.84064795912695	1.92987171969588	0.953766999299314	0.340201597386026	NA	NO
hsa-miR-488-3p	112.116094236272	-0.240182485080526	0.253806775103049	-0.946320227200432	0.343985279546083	0.576687015543048	NO
hsa-miR-140-5p	67.9215952542281	0.285412569816576	0.301674578022838	0.946094204182395	0.344100539661045	0.576687015543048	NO
hsa-miR-1294	1.37565509878377	-1.80770264047687	1.91103470469465	-0.945928734855553	0.344184936136299	NA	NO
hsa-miR-374b-3p	21.9148251072522	0.487264215700256	0.517692548977071	0.941223157766246	0.346590511672071	NA	NO
hsa-miR-217-5p	445.630144711468	0.179726388720977	0.191095572178008	0.940505249140777	0.34695845841912	0.578410393036725	NO
hsa-miR-4785	18.3289271205105	0.703173247975571	0.747731757680538	0.940408429564116	0.347008099976138	NA	NO
hsa-miR-106b-3p	815.293301919841	-0.139182779703658	0.148473481170431	-0.937425179274221	0.348539894022923	0.578410393036725	NO
hsa-miR-106b-5p	148.151245990607	0.223514675916651	0.239504954340645	0.933236126709713	0.35069806572866	0.578410393036725	NO
hsa-miR-4492	38.5244229826036	0.475190860549136	0.510559165231386	0.930726334789778	0.351995143615302	0.578410393036725	NO
hsa-miR-331-5p	3.87539714481135	1.26966169665215	1.36609285913814	0.929410975366036	0.352676142057994	NA	NO
hsa-miR-92a-1-5p	62.9175164439092	-0.345839281182525	0.372447495993455	-0.928558481135829	0.353117947130156	0.578410393036725	NO
hsa-miR-33b-5p	10.5834616371465	0.745487919935462	0.818004576275733	0.911349326833317	0.362111344002874	NA	NO
hsa-miR-17-5p	940.68029015607	0.140121754669288	0.15424316465303	0.908447093811204	0.36364205397019	0.592965871789228	NO
hsa-let-7e-3p	16.0891666836931	0.60638181561054	0.66806268255714	0.907672036536297	0.364051522268929	NA	NO
hsa-miR-589-3p	0.867144718621165	2.1102428452545	2.35226937362828	0.897109348492491	0.369660570776371	NA	NO
hsa-miR-1298-5p	58.5834068709734	0.419349022177537	0.468588238430216	0.894920076488408	0.370829813735399	0.598692615225893	NO
hsa-miR-329-5p	21.0088264586904	-0.56062609455664	0.627752697293116	-0.893068396159941	0.371820546229793	NA	NO
hsa-miR-1292-5p	2.06269928949806	1.4269222645242	1.60156863129496	0.890952929922494	0.372954422771021	NA	NO
hsa-miR-138-1-3p	952.560720321941	-0.118404918712884	0.133005703723413	-0.89022436931809	0.373345421920294	0.598692615225893	NO
hsa-miR-10b-5p	167127.745151133	-0.194896340727701	0.218934891239337	-0.890202286279911	0.373357277262362	0.598692615225893	NO
hsa-miR-27b-5p	74.4991738232837	-0.302592873932169	0.340208025541284	-0.889434849312364	0.373769422765337	0.598692615225893	NO
hsa-miR-193b-3p	100.787125600143	0.23877378939629	0.270602687989656	0.882377744176057	0.377572566972759	0.602120128828806	NO
hsa-miR-194-3p	8.82151568179123	-0.702777839749076	0.797672839427618	-0.88103518762575	0.378298774942326	NA	NO
hsa-miR-6760-3p	3.74923566186948	1.5405115928333	1.74897637843402	0.880807546533376	0.378421994483482	NA	NO
hsa-miR-190a-5p	28.4429489189889	0.46324291843717	0.527054997033677	0.878927096876703	0.379440805512439	0.602445489453961	NO
hsa-miR-659-5p	8.8678433627413	0.755256724178071	0.860374404542055	0.877823329228472	0.380039602049522	NA	NO
hsa-miR-30b-3p	63.934275011161	0.309897197598814	0.354487731330686	0.874211348402701	0.382003166971738	0.603865268313402	NO
hsa-miR-371b-3p	9.81693155858056	-1.05603546525197	1.22528467236208	-0.861869481494586	0.388759344650671	NA	NO
hsa-miR-1226-5p	9.60713390204074	0.827613694590458	0.961504869813223	0.860748312955738	0.389376677834439	NA	NO
hsa-miR-6832-5p	1.3590291781199	2.06276262559083	2.40377461787587	0.858134789447779	0.390818039109508	NA	NO
hsa-miR-3613-3p	1.25278684461039	-1.54169837173475	1.80983288181352	-0.85184570753843	0.394299733751137	NA	NO
hsa-miR-6831-5p	1.15600191337658	-2.25341527827564	2.64585877545059	-0.851676324973877	0.394393764334551	NA	NO
hsa-miR-17-3p	14.4711800497658	-0.581570630179031	0.688701356142654	-0.844445309990892	0.39842061207616	NA	NO
hsa-miR-1179	6.10597402101016	0.889356410525501	1.05368748423728	0.844041923084312	0.398645979298418	NA	NO
hsa-miR-4456	2.40450790634461	-1.17010325450167	1.38651279664014	-0.843918106877283	0.398715169259361	NA	NO
hsa-miR-183-3p	6.85959834851156	-0.825708670755822	0.978443123833371	-0.8439005299775	0.398724992024902	NA	NO
hsa-miR-34b-3p	1.63047308909518	1.37350369257834	1.64595908583153	0.834470130151779	0.404016112520539	NA	NO
hsa-miR-5701	34.82287066409	0.416358004502056	0.500261404243865	0.832280885493001	0.405250417198213	0.637828917503274	NO
hsa-miR-548ab	16.9056050295146	0.484494528487337	0.58276059114466	0.831378332456715	0.405759935535194	NA	NO
hsa-miR-143-5p	1.25659360079627	1.84461553786503	2.22350087945824	0.829599643924799	0.406765178169583	NA	NO
hsa-miR-449c-5p	0.699339845802783	-2.6928142928096	3.27456533274384	-0.822342515473106	0.410881985974059	NA	NO
hsa-miR-145-5p	6.08372110799128	-0.87310157962808	1.06676199728444	-0.818459583159746	0.413094811284746	NA	NO
hsa-miR-320b	282.470415047894	-0.139950313625218	0.171088069786636	-0.818001592979279	0.413356277672962	0.647770443799187	NO
hsa-miR-372-3p	1.5123950675558	-1.90972744874207	2.33619675612757	-0.817451459828065	0.413670477963096	NA	NO
hsa-miR-641	15.4044618988166	0.576366914581353	0.70727210927044	0.814915372777646	0.415120753023432	NA	NO
hsa-miR-6516-3p	1.36919755544839	1.64019426339044	2.0186874403774	0.812505309432054	0.416501741234136	NA	NO
hsa-miR-937-3p	26.3734252825649	-0.422897462428838	0.521830523203359	-0.810411510298016	0.417703704641851	NA	NO
hsa-miR-505-5p	7.27119309573117	0.785971353698567	0.975288632533886	0.805885896215712	0.420308644179377	NA	NO
hsa-miR-935	36.6332769708445	-0.401300196594951	0.498117453840202	-0.80563367836472	0.420454100731494	0.655790772056795	NO
hsa-miR-6880-5p	12.3312177413021	-0.620042076300906	0.771731391805824	-0.803442859632844	0.421718810909722	NA	NO
hsa-miR-24-3p	3700.37540320778	-0.064389763223621	0.0802076968832392	-0.802787833658347	0.422097375384622	0.655790772056795	NO
hsa-miR-203a-3p	76.6234232258903	0.259660548547378	0.326403750094327	0.795519501452846	0.426311371599759	0.658547625133211	NO
hsa-miR-3613-5p	5.47742584639917	0.828358673114382	1.04414506082645	0.793336773013829	0.427581637454843	NA	NO
hsa-miR-139-3p	344.777227639609	-0.105386410415636	0.133321375995628	-0.790468967400183	0.429253938558593	0.658547625133211	NO
hsa-miR-1307-5p	93.0088778568202	-0.22196286994389	0.280844884742759	-0.790339728449027	0.429329390970823	0.658547625133211	NO
hsa-miR-616-5p	1.34054990234219	-1.850871200499	2.36911305071031	-0.781250687865683	0.434655066866505	NA	NO
hsa-miR-548e-3p	3.77307918623172	-1.0331477394219	1.32247939066309	-0.781220294785748	0.434672939293783	NA	NO
hsa-miR-1298-3p	4.25352583744627	-0.970362623186684	1.24891510645375	-0.776964437512487	0.437179752003164	NA	NO
hsa-miR-215-3p	2.58794683477494	1.08838707157085	1.40694715998143	0.773580630835642	0.439178829889517	NA	NO
hsa-miR-433-3p	789.634862963078	-0.287032748971372	0.372875881588908	-0.769780946271615	0.441429844017288	0.668759220518624	NO
hsa-miR-4677-3p	71.0271565069794	-0.292581097732215	0.380720512444135	-0.768493128604798	0.442194271420907	0.668759220518624	NO
hsa-miR-134-5p	2023.71348756461	-0.255609204424767	0.333633948389065	-0.766136676615083	0.443594981862157	0.668759220518624	NO
hsa-miR-1224-3p	1.01414264044102	1.54966386777865	2.02649910430673	0.764700001339892	0.44445020539898	NA	NO
hsa-miR-135a-2-3p	178.897203736009	0.156544003515588	0.204958861387002	0.763782558393522	0.444996832394335	0.668759220518624	NO
hsa-miR-16-5p	3430.25845166735	-0.0949558264981392	0.124385087956684	-0.763402012717203	0.445223679958531	0.668759220518624	NO
hsa-miR-181b-3p	13.5461457925725	0.4705047693257	0.622402413344458	0.755949461695462	0.449679497025802	NA	NO
hsa-miR-892a	1.21993085998665	-1.65367979515984	2.19044386209358	-0.754951918091745	0.450277832516537	NA	NO
hsa-miR-602	0.728899655246442	1.98507133087134	2.63702448997827	0.752769395360337	0.45158850066054	NA	NO
hsa-miR-3125	5.42139728398578	0.987242073085452	1.31302176474939	0.751885535784613	0.452119897201776	NA	NO
hsa-miR-153-3p	644.518089165188	0.119487239872008	0.158948278205477	0.75173661030504	0.452209469378661	0.675440476746931	NO
hsa-miR-508-3p	10.5335247201134	-0.582743266890922	0.776072281738774	-0.750887875527905	0.452720137716515	NA	NO
hsa-miR-876-5p	139.727096404903	-0.201979339253829	0.269394466611712	-0.749753110352295	0.453403413948907	0.675440476746931	NO
hsa-miR-519d-5p	2.12552618125763	1.40359215742987	1.88313160116617	0.745350009824414	0.456060156006312	NA	NO
hsa-miR-6500-3p	1.78956337118212	-1.27307148054932	1.71298842320997	-0.743187439739791	0.457368206637915	NA	NO
hsa-miR-18b-5p	10.7914504420189	-0.513030877477581	0.691073951090968	-0.742367552224594	0.457864673423823	NA	NO
hsa-miR-2682-3p	2.01921820337435	-1.36316980098553	1.85027389109675	-0.736739467353945	0.46128080082854	NA	NO
hsa-miR-1247-5p	79.946348558277	0.234751431223698	0.319244104845884	0.73533521108252	0.462135368953893	0.685627063775858	NO
hsa-miR-208b-3p	2.47486877505279	-1.032672794714	1.4048619269446	-0.735070667734538	0.462296457161668	NA	NO
hsa-miR-487b-5p	23.9809975115362	-0.458613923061379	0.625337379859693	-0.733386389222852	0.463322798229189	NA	NO
hsa-miR-548h-5p	1.09971553450466	1.43073346103943	1.95551782572645	0.73163918130377	0.464388826810501	NA	NO
hsa-miR-3174	3.51211638112941	-1.01337597854591	1.38598299502977	-0.73116047035205	0.464681142037497	NA	NO
hsa-miR-1972	10.8035651599282	0.776056124915122	1.06384054172291	0.729485382892334	0.465704805868718	NA	NO
hsa-miR-149-3p	19.8912290550526	0.440026077285263	0.60388916990855	0.728653698743924	0.46621352200686	NA	NO
hsa-miR-5002-5p	5.40660417614063	0.77371706337448	1.06203582343898	0.728522566093018	0.466293760047682	NA	NO
hsa-miR-1289	2.36004988309093	1.21798580520062	1.6792182569395	0.725329063191874	0.46825018006128	NA	NO
hsa-miR-148b-5p	2.33301928292285	-1.2507243750571	1.73454621083638	-0.721067197427972	0.470868171914559	NA	NO
hsa-miR-1910-5p	17.041446959835	0.429756760565115	0.5984680146673	0.718094785406411	0.472698845209506	NA	NO
hsa-miR-32-5p	7.90881341411856	0.594841676117361	0.831004448703271	0.715810459312911	0.474108393180336	NA	NO
hsa-miR-582-5p	58.4410161719647	0.280628515014851	0.39387937937061	0.712473233463693	0.476171780597149	0.702107019397883	NO
hsa-miR-138-5p	2043.67398394186	0.0697460595294503	0.0981042323415259	0.710938334308009	0.477122449646075	0.702107019397883	NO
hsa-miR-663a	27.4688549397835	0.40752356048456	0.574119298880254	0.709823831526622	0.477813388705966	NA	NO
hsa-miR-548k	25.0602998772311	0.381134578320316	0.537820728647923	0.708664724170236	0.478532560572173	NA	NO
hsa-miR-6754-3p	4.17926120662896	0.948976193035115	1.34401794798865	0.706074047936098	0.480142089781015	NA	NO
hsa-miR-218-2-3p	3.82341121259344	0.790961789639608	1.12056481949785	0.705859916246571	0.480275256937381	NA	NO
hsa-miR-6842-3p	0.945311852407377	1.49774652554914	2.13132319274711	0.702730834368984	0.482223508012525	NA	NO
hsa-miR-495-3p	36.1392100189669	0.476135795935961	0.682493488215117	0.697641522091543	0.48540140757653	0.710554141681461	NO
hsa-miR-493-3p	72.1127800106959	-0.323404149176347	0.465044770379227	-0.695425838059899	0.48678847275415	0.710554141681461	NO
hsa-miR-212-3p	351.851588551156	0.100985559292826	0.145933542844394	0.69199690026374	0.488939275610853	0.710827380606942	NO
hsa-miR-378d	1.47528378602222	1.18131647946503	1.71131723093506	0.690296607847257	0.49000768064338	NA	NO
hsa-miR-1224-5p	11.340243875314	-0.544948913427359	0.791514089156393	-0.688489214396895	0.491144760000678	NA	NO
hsa-miR-877-3p	0.878234631762448	1.76696463503256	2.5696917608993	0.687617348476917	0.491693780413268	NA	NO
hsa-miR-5187-5p	14.7662808116298	-0.451500914178295	0.658680100835089	-0.685463115715614	0.493051728000609	NA	NO
hsa-miR-574-5p	239.546469727259	0.152854765661334	0.223122308345274	0.685071639832609	0.493298715287805	0.714296539736742	NO
hsa-miR-6514-5p	10.5371099456884	-0.512476304038617	0.749481965029322	-0.683774030531298	0.494117867692472	NA	NO
hsa-miR-1277-5p	2.77505445306675	-1.10875903611465	1.62948162161416	-0.680436662437665	0.496228013499129	NA	NO
hsa-miR-330-5p	74.6482181077191	0.20611403893538	0.303540904800555	0.679032168896017	0.49711747943755	0.714604200148171	NO
hsa-miR-187-3p	21.7528417102995	0.369788174483895	0.544709394980554	0.678872400387175	0.497218714634488	NA	NO
hsa-miR-3960	564.006784670535	-0.195482840990043	0.288113354272469	-0.678492815731045	0.497459277451213	0.714604200148171	NO
hsa-miR-1843	50.4486865182017	-0.207091158545192	0.307866275401669	-0.672665943273595	0.501159838818605	0.71464552642759	NO
hsa-miR-1343-3p	4.92272420431865	0.812012125987167	1.21359932929989	0.669094079390773	0.503435466494394	NA	NO
hsa-miR-5010-5p	8.92661913992617	0.525365148791144	0.785708188202073	0.668651742058755	0.503717658001342	NA	NO
hsa-miR-3929	96.3273157230785	-0.160219752202176	0.240147852898895	-0.667171287471934	0.504662729111822	0.71464552642759	NO
hsa-miR-340-3p	57.2788352457985	0.235531792104754	0.353332311086036	0.666601340196714	0.505026812823738	0.71464552642759	NO
hsa-miR-154-5p	36.5940232733495	-0.395892365174091	0.594396091773118	-0.66604133279733	0.50538468167255	0.71464552642759	NO
hsa-miR-32-3p	6.04663465654789	0.619871489965494	0.934790085045182	0.663113034554205	0.507258163203654	NA	NO
hsa-miR-302a-3p	17.8049716359036	-0.502185308387213	0.75737714178108	-0.663058442992157	0.507293124674718	NA	NO
hsa-miR-548as-5p	1.4006828327551	1.53887601702903	2.32682504816189	0.661363009756446	0.50837954193089	NA	NO
hsa-miR-1260a	476.73688082314	-0.0932063791424516	0.14158778735033	-0.658293917058196	0.510349285970318	0.718857749109942	NO
hsa-miR-3167	0.798083480854815	-2.15104298348663	3.27660793114047	-0.656484702683953	0.511512306959958	NA	NO
hsa-miR-6858-5p	0.870610677550342	-1.97530505499267	3.01083503325611	-0.65606552108451	0.51178196762422	NA	NO
hsa-miR-361-3p	27.0168698255989	0.305816031142658	0.467589349446229	0.654026939460531	0.513094449688751	NA	NO
hsa-miR-3663-3p	1.23318902512315	1.64680006343296	2.5326621029317	0.650224939808076	0.515546933553365	NA	NO
hsa-miR-4634	6.4536903184446	-0.690573672068677	1.06270724334665	-0.649824941339384	0.515805306262274	NA	NO
hsa-miR-493-5p	360.596838999788	0.247163841640383	0.38065551819801	0.649311069521428	0.516137332235048	0.722008894703931	NO
hsa-miR-6131	305.43849838187	0.145330903682583	0.224057110760592	0.648633302416679	0.516575424663862	0.722008894703931	NO
hsa-miR-494-5p	6.06902164126685	0.693832601048184	1.07065793125399	0.6480432085676	0.51695700407446	NA	NO
hsa-miR-6862-3p	0.690897800062885	2.10381678451654	3.24659333762993	0.648007485302227	0.516980108920709	NA	NO
hsa-miR-496	87.6924382400837	-0.314519602761179	0.488003190185943	-0.644503169418499	0.519249203058904	0.722954659643551	NO
hsa-miR-144-5p	0.901995170691955	-1.91641627377703	2.98505972328352	-0.642002657041985	0.520871457806265	NA	NO
hsa-miR-3605-5p	20.4263698401444	-0.398686083263443	0.623368930394279	-0.639566818017822	0.522454260650272	NA	NO
hsa-miR-6088	10.5730198944185	-0.648969317755555	1.02181523618574	-0.635114152513569	0.525353967415148	NA	NO
hsa-miR-509-3p	3.94280452858281	0.73083410694639	1.15395225166278	0.633331323625654	0.526517302197457	NA	NO
hsa-miR-128-2-5p	31.8875640096639	0.357340560768973	0.567061094204143	0.630162365962512	0.528588359143461	0.732122687065064	NO
hsa-miR-346	89.9079745361112	0.142677198850056	0.227123928361512	0.628190961116865	0.529878850859246	0.732122687065064	NO
hsa-miR-6869-5p	0.421248640197056	-2.04366919284244	3.27605709672665	-0.623819772519967	0.532745952865847	NA	NO
hsa-miR-6724-5p	40.3737102556264	-0.243902182425814	0.396146704445846	-0.61568651130646	0.538101441498747	0.740656736967857	NO
hsa-miR-516b-5p	1.43876499005262	-1.37700058080465	2.24215577706439	-0.614141352215737	0.539121924341098	NA	NO
hsa-miR-365a-5p	9.72888195499148	0.479706085786392	0.790719396089974	0.606670442331995	0.544069641574922	NA	NO
hsa-miR-329-3p	29.1899672870526	-0.321763086347201	0.531587617593143	-0.605287022681303	0.544988302602833	0.740681287120766	NO
hsa-miR-376a-3p	75.108905876808	-0.286109555039796	0.474756688431921	-0.60264460093188	0.546745142948726	0.740681287120766	NO
hsa-miR-376c-3p	129.256869410267	0.263675097295155	0.438024688800152	0.601964008050369	0.5471980956466	0.740681287120766	NO
hsa-miR-584-3p	1.08099805108531	1.96522420875925	3.27165322533583	0.600682307507551	0.548051605304547	NA	NO
hsa-miR-1185-5p	5.0603902896305	0.675815299782205	1.12732227165045	0.599487224529666	0.548848026866092	NA	NO
hsa-miR-183-5p	4504.83874487692	-0.147315077339665	0.245875258846337	-0.599145591268018	0.54907580143186	0.740681287120766	NO
hsa-miR-339-5p	30.2672126367733	-0.263323839227355	0.440263820107801	-0.598104652712273	0.549770105944061	0.740681287120766	NO
hsa-miR-891a-5p	28.0130113901182	0.316635226178342	0.53052221163248	0.596836888702582	0.550616286659829	0.740681287120766	NO
hsa-miR-299-5p	31.4590804637003	0.36916691319549	0.621383212281063	0.594105064152439	0.552441843985102	0.740681287120766	NO
hsa-miR-425-3p	199.427331019755	0.100047652525605	0.169985330685737	0.588566390535016	0.556152185399206	0.742904395256504	NO
hsa-miR-3178	1.38130330028933	0.986588768141216	1.67932309967609	0.587491929534887	0.556873369098556	NA	NO
hsa-miR-30b-5p	1825.04596326695	0.0756436447063737	0.129397484030089	0.584583581924855	0.558827749823829	0.743733990574361	NO
hsa-miR-6508-3p	3.05568687029567	-0.977539564768975	1.68523791833313	-0.580060271689034	0.561873973698122	NA	NO
hsa-miR-6825-5p	1.40818871467683	1.34390666356512	2.33031602120039	0.576705756360399	0.564138243168928	NA	NO
hsa-miR-4786-5p	1.09769401088757	1.37978423410063	2.39453227904234	0.576222858291331	0.564464556705018	NA	NO
hsa-miR-488-5p	1.9429869161939	1.01887792093273	1.7690018713472	0.575962036804853	0.564640841987307	NA	NO
hsa-miR-452-5p	6.89834623666336	0.678564982757027	1.18151654694131	0.574316952660279	0.56575333937545	NA	NO
hsa-miR-338-5p	7.09289916754979	0.468901111971578	0.820251459596174	0.571655321652737	0.567555508462938	NA	NO
hsa-miR-324-5p	235.809984104666	0.089673544033251	0.156910866830166	0.571493522690879	0.567665149811907	0.752728147369635	NO
hsa-miR-548i	0.829184304235071	0.890230892821331	1.57285700354054	0.565996076450305	0.571396447715021	NA	NO
hsa-miR-320c	37.9355105570766	-0.315430731011947	0.559267813988314	-0.5640065870455	0.572749649271248	0.756698441737926	NO
hsa-miR-31-5p	4.81239813598962	0.653965738992818	1.16498709455619	0.561350200400244	0.574558825744042	NA	NO
hsa-miR-550a-3p	10.3420469410796	0.386408965294664	0.689095641516752	0.560747945588727	0.574969377186055	NA	NO
hsa-miR-550b-2-5p	10.3420469410796	0.386408965294664	0.689095641516752	0.560747945588727	0.574969377186055	NA	NO
hsa-miR-1269b	17.4425685844237	-0.704162887007489	1.25796957225294	-0.559761462072871	0.575642153275096	NA	NO
hsa-miR-509-3-5p	1.72826631275931	0.997306452257764	1.78575034071983	0.558480337097823	0.576516427747358	NA	NO
hsa-miR-1226-3p	10.0549911325972	-0.444490699947939	0.798443621051318	-0.556696413157731	0.57773486799679	NA	NO
hsa-miR-6882-5p	0.855265160722631	-1.47043157964087	2.65703500612024	-0.553410691335968	0.57998221963582	NA	NO
hsa-miR-29c-5p	1.99201996217783	0.931516959917827	1.68767051483375	0.551954277645	0.580979679526839	NA	NO
hsa-miR-4508	2.3405837297115	1.00198936259019	1.81906090128433	0.550827826535517	0.581751706835226	NA	NO
hsa-miR-377-5p	71.6318906063368	-0.252195739628455	0.459520879027647	-0.54882324424976	0.583126756944589	0.767606858232513	NO
hsa-miR-576-5p	1.89685348148886	0.968257248745192	1.76540341730253	0.548462317029302	0.583374497122142	NA	NO
hsa-miR-33a-5p	19.1332651303605	0.340229747023845	0.624791063201228	0.544549637571026	0.586063300439303	NA	NO
hsa-miR-136-5p	106.942261865857	-0.245502317749126	0.452271207420738	-0.542821019160614	0.587253039699775	0.768643853428864	NO
hsa-miR-380-3p	48.2065889040662	0.281502460543008	0.519854274725126	0.541502636853092	0.588161180662418	0.768643853428864	NO
hsa-miR-1287-5p	14.8224100512003	-0.40802420022749	0.760822901522425	-0.536293268001034	0.591755882502072	NA	NO
hsa-miR-342-3p	1004.80552453253	-0.0696462228124159	0.12990613568286	-0.536127277178372	0.591870589429685	0.770709184796927	NO
hsa-miR-6855-3p	0.781772497047543	1.39626089873225	2.61346867019162	0.534255839627062	0.593164540549246	NA	NO
hsa-miR-1908-5p	67.2851309442599	-0.180032811150341	0.341280984835703	-0.527520779503761	0.597831990288815	0.775681650482262	NO
hsa-miR-548c-5p	5.7617916363267	0.600040653157783	1.13893726948707	0.526842583198649	0.598302908840422	NA	NO
hsa-miR-548o-5p	5.7617916363267	0.600040653157783	1.13893726948707	0.526842583198649	0.598302908840422	NA	NO
hsa-miR-548am-5p	5.7617916363267	0.600040653157783	1.13893726948707	0.526842583198649	0.598302908840422	NA	NO
hsa-miR-676-3p	2.40903802062061	0.79239285599174	1.50542075130489	0.526359727209085	0.598638291686343	NA	NO
hsa-miR-337-5p	7.89365742704752	-0.484611786546977	0.923423099732966	-0.524799289390872	0.59972272558532	NA	NO
hsa-miR-182-5p	67607.2365441982	0.110081438212759	0.21348843779063	0.515631850380193	0.606111560624987	0.781077811479391	NO
hsa-miR-873-3p	956.59999676873	-0.0756274241481984	0.146748734481171	-0.515353160731358	0.606306256977097	0.781077811479391	NO
hsa-miR-219a-5p	0.356411705254369	1.66250913813768	3.27045103191866	0.508342464666821	0.611213194556725	NA	NO
hsa-miR-1468-5p	11.7238041797813	0.383292289498338	0.759250799623078	0.504829615837902	0.613678512784126	NA	NO
hsa-miR-1299	26.4133241321127	0.359882301036463	0.714861683938453	0.503429277470476	0.614662491743764	NA	NO
hsa-miR-197-5p	11.1460674284524	-0.385445408701786	0.768605873637934	-0.501486420962947	0.616028832111668	NA	NO
hsa-miR-941	652.564171815641	-0.0857949194121988	0.171161949086335	-0.501249955788499	0.616195220469107	0.791002375212115	NO
hsa-miR-9983-3p	5.50506590645897	0.497930290855892	0.995403378854243	0.50022965707534	0.616913378150874	NA	NO
hsa-miR-325	0.847291298563463	1.35529501087012	2.72997581840123	0.496449456341276	0.619577339263981	NA	NO
hsa-miR-4687-5p	1.3993930166302	-1.09155703846826	2.20017721051007	-0.496122327444344	0.619808107309524	NA	NO
hsa-miR-548w	0.699375304063936	1.17280978389473	2.36574372899297	0.495746757994774	0.62007309318221	NA	NO
hsa-miR-197-3p	486.753455320026	0.0827370474940507	0.168463775848502	0.491126635843989	0.623336883623103	0.797342586118599	NO
hsa-miR-4748	1.34762518296005	-0.98734288853918	2.02637447910406	-0.487246014357485	0.62608400023666	NA	NO
hsa-miR-296-5p	70.171051612451	0.147989214477262	0.303788962310695	0.487144803917888	0.626155717455739	0.798128062390766	NO
hsa-miR-376b-5p	3.74413623433199	-0.602253759616776	1.24402416439134	-0.484117412551579	0.628302544336133	NA	NO
hsa-miR-26a-2-3p	0.689602790758299	0.940030257760295	1.9639243641857	0.478648910774148	0.63218841666672	NA	NO
hsa-miR-29b-3p	15.8703876883123	0.359541216908981	0.753165593730916	0.477373395574194	0.633096255365355	NA	NO
hsa-miR-125b-5p	3609.63009286916	-0.0529462481542174	0.111267180546602	-0.47584784564611	0.634182780532783	0.80552339141357	NO
hsa-miR-6721-5p	12.5289244219994	-0.317781129942292	0.671024665392743	-0.473575929964211	0.63580234324305	NA	NO
hsa-miR-5585-5p	18.4875691046708	0.397572024342453	0.856491111091819	0.464186982437733	0.642513786875792	NA	NO
hsa-miR-589-5p	106.553201634054	-0.111404580797657	0.24002471841128	-0.464137950187142	0.642548913645398	0.812818940581274	NO
hsa-miR-4686	0.379045071385162	1.50956702687181	3.27066385983955	0.461547591425635	0.644405785171677	NA	NO
hsa-miR-125a-5p	24067.2385283074	-0.0511413165966294	0.110807823597501	-0.461531640422751	0.644417226372446	0.812818940581274	NO
hsa-miR-6770-3p	1.99816131467949	-0.861293247906047	1.86732570883061	-0.461244250980415	0.644623377074421	NA	NO
hsa-miR-33b-3p	2.25843249188906	0.724126905345032	1.56997414733012	0.461234923247922	0.644630068517919	NA	NO
hsa-miR-5584-5p	3.0460240631114	-0.681384553103588	1.48416639790544	-0.459102533290881	0.646160537580137	NA	NO
hsa-miR-25-5p	5.42767310644567	-0.580884484080206	1.26529934129575	-0.459088584907776	0.646170553620821	NA	NO
hsa-miR-1276	2.6532118374872	-0.782771443510607	1.70576564561963	-0.458897413909553	0.646307835958697	NA	NO
hsa-miR-6515-5p	3.12450926692074	0.562884986019389	1.23454468530764	0.455945412683967	0.648429232266149	NA	NO
hsa-miR-1273h-5p	13.4652613396186	0.436781752449546	0.969643357258024	0.4504560869521	0.65238161104582	NA	NO
hsa-miR-491-5p	10.8852547724199	0.32344395429559	0.721075417616242	0.448557732511313	0.653750730396874	NA	NO
hsa-miR-6868-3p	1.94455376906925	0.815032546424029	1.82751136130978	0.445979468953831	0.655612076538086	NA	NO
hsa-miR-26a-5p	28811.5392934482	-0.0346066945136449	0.0776998148324502	-0.445389665191222	0.656038179556758	0.824603545137314	NO
hsa-miR-376a-5p	7.6286601451727	0.374313195062661	0.840939664548177	0.445113021590881	0.656238078969109	NA	NO
hsa-miR-144-3p	0.279761565991807	-1.45761045634681	3.27880274692674	-0.444555701837522	0.656640866406033	NA	NO
hsa-miR-4454	23.6460771758388	-0.233085198824407	0.524321365511984	-0.444546444520349	0.656647557718936	NA	NO
hsa-miR-151a-3p	1443.20685266374	-0.0392085417422034	0.0889537444367585	-0.440774494547317	0.659376259961154	0.825931509017086	NO
hsa-miR-3192-5p	8.34500672546577	-0.466826366409016	1.05949982645248	-0.440610139571321	0.659495261016767	NA	NO
hsa-miR-548au-5p	3.05870189740732	-0.621781732489514	1.41853857537228	-0.438325572024952	0.661150291160791	NA	NO
hsa-miR-3934-5p	0.895735741731064	1.25021612971956	2.85559875280755	0.437812255132267	0.661522386396303	NA	NO
hsa-miR-22-5p	19.8544108031596	0.25465881573993	0.582676956740544	0.437049745650616	0.662075271732332	NA	NO
hsa-miR-23a-3p	101.209313085781	0.106751599452368	0.24535117395271	0.435097161886592	0.663491903405805	0.82822092769966	NO
hsa-miR-3164	0.714079790223353	-1.15457291809302	2.66426720393679	-0.433354776272813	0.664757049576178	NA	NO
hsa-miR-6837-3p	12.489700208964	-0.328595799353727	0.760227517975507	-0.432233497978054	0.665571715296742	NA	NO
hsa-miR-3615	1.66522704978048	-0.861382553534783	2.00333562823442	-0.429974159793653	0.667214438164312	NA	NO
hsa-miR-147b-5p	6.01475584119893	-0.418905951327314	0.979366738708541	-0.427731446015525	0.66884665278182	NA	NO
hsa-miR-98-3p	0.718654653305622	1.065056926321	2.49289094447879	0.427237673063824	0.66920622423493	NA	NO
hsa-miR-148a-5p	68.0704643440562	-0.150237611826141	0.35196462347679	-0.42685429672465	0.669485455856232	0.832830704535931	NO
hsa-miR-548b-5p	8.88671502747045	-0.445760184966933	1.053375282312	-0.423173196155275	0.672168901395171	NA	NO
hsa-miR-340-5p	2339.46030628676	0.0662823602964842	0.15674316490441	0.422872412566804	0.672388351639332	0.833577340046021	NO
hsa-miR-222-5p	10.0322463379152	0.387852896489587	0.917521854948746	0.422717883391729	0.672501106229875	NA	NO
hsa-miR-3059-5p	47.3372429900517	-0.196213452004677	0.467729260321199	-0.419502196355929	0.674849149879452	0.833622420336244	NO
hsa-miR-4787-3p	14.1690055787032	-0.263998096367188	0.633336435757785	-0.416837057623749	0.676797594839494	NA	NO
hsa-let-7i-5p	4058.33764121386	0.0749554489535752	0.181318708281746	0.413390596391764	0.67932046313763	0.833622420336244	NO
hsa-miR-219a-2-3p	135.922856322922	0.0941802578330427	0.228187849967342	0.412731255614712	0.679803522467004	0.833622420336244	NO
hsa-miR-185-5p	352.751325606928	0.0577068026422938	0.140668814949849	0.410231668354265	0.681636012208642	0.833622420336244	NO
hsa-miR-7847-3p	9.90114021225633	0.313459427512241	0.764153034501436	0.410205041869335	0.681655542672435	NA	NO
hsa-miR-9985	3.47622023917097	-0.15103854697457	0.368631132326998	-0.409728136690826	0.682005387610161	NA	NO
hsa-miR-3157-5p	1.08212369790694	-0.884817805188869	2.16664549382698	-0.408381439284745	0.682993657850512	NA	NO
hsa-miR-5689	2.68957658477242	0.71631245184608	1.76202485246151	0.40652800716483	0.68435468268744	NA	NO
hsa-miR-4433a-3p	2.45558242045881	-1.27999106415826	3.14958579772861	-0.406399808216482	0.684448860586221	NA	NO
hsa-miR-4433b-5p	2.45558242045881	-1.27999106415826	3.14958579772861	-0.406399808216482	0.684448860586221	NA	NO
hsa-miR-363-3p	8.1091179101697	0.388600817467285	0.956942756114252	0.406085750672519	0.684679595219419	NA	NO
hsa-miR-6803-3p	1.89622918652241	-0.740528824042076	1.83515188327477	-0.403524542459464	0.686562383716131	NA	NO
hsa-miR-192-3p	0.187910268146456	1.30745109216569	3.27493727997698	0.399229353233563	0.689724216603475	NA	NO
hsa-miR-6852-5p	1.59890377104119	-0.665676641519999	1.67252831125998	-0.398006202369466	0.690625613811049	NA	NO
hsa-miR-3139	2.23898297265222	-0.656850108071615	1.65175021477027	-0.397669152513457	0.690874078836918	NA	NO
hsa-miR-215-5p	398.971622640423	-0.103519057557864	0.261343642205217	-0.396103217527582	0.692028884785542	0.843003254982787	NO
hsa-miR-6516-5p	11.6472720403528	0.263167285893192	0.670451450651976	0.392522509478168	0.694672182941822	NA	NO
hsa-miR-122-5p	90.946505593267	0.164749495730017	0.420045358711628	0.3922183457409	0.694896889987292	0.843003254982787	NO
hsa-miR-370-5p	19.9533185422396	0.265096718504269	0.677471834002189	0.391302937183677	0.695573328054072	NA	NO
hsa-miR-548o-3p	9.45379579653861	-0.328268857386573	0.839952541878493	-0.390818339155714	0.695931518267121	NA	NO
hsa-miR-4298	1.03447250399811	0.750766394750912	1.92183387284494	0.390651036678593	0.69605519550633	NA	NO
hsa-miR-133a-3p	317.638089136446	0.0944956088160118	0.242091755076783	0.390329727611091	0.696292743756501	0.843003254982787	NO
hsa-miR-548n	5.78621204717849	-0.333253736865825	0.859494041165857	-0.387732457590729	0.698214033524241	NA	NO
hsa-miR-204-3p	7.68243322713992	-0.370894195685297	0.957112422882174	-0.387513720246589	0.698375929577758	NA	NO
hsa-miR-182-3p	6.84062896419969	-0.338807110227146	0.87878031025417	-0.385542445903405	0.699835565065267	NA	NO
hsa-miR-4804-5p	1.45180087098347	-0.611169917162578	1.59265589496047	-0.383742601962208	0.701169233755563	NA	NO
hsa-miR-654-3p	2728.5197584197	-0.128461446246451	0.336754703627003	-0.381468899655633	0.702855344189801	0.84811211532236	NO
hsa-miR-671-5p	9.48900949817379	0.324283013931731	0.853990153899423	0.37972687676903	0.704148167163901	NA	NO
hsa-miR-146b-3p	8.21795149728372	0.376426409381813	0.994954276157801	0.378335385255544	0.705181461912718	NA	NO
hsa-miR-193b-5p	39.5935625559591	-0.156046402216282	0.413618502150206	-0.377271329510335	0.705971976396773	0.849042709154923	NO
hsa-miR-1303	20.133062204857	0.203009404079387	0.538253363527806	0.377163280037543	0.706052266904438	NA	NO
hsa-miR-301a-5p	14.3359197040886	-0.240036495792311	0.638749159290921	-0.375791486064383	0.70707191781358	NA	NO
hsa-miR-3151-5p	1.94807856073855	-0.625672337075206	1.68246299175199	-0.371878811089734	0.709983081857495	NA	NO
hsa-miR-23c	1.05095309286847	0.223456758742268	0.60328409211675	0.370400548700402	0.711084065030899	NA	NO
hsa-miR-122b-3p	49.4595207472014	0.248120380075149	0.672397162599797	0.369008666121971	0.712121265298904	0.853458031880112	NO
hsa-miR-210-5p	30.2551617680671	0.189590405458792	0.517994135472301	0.366008787504757	0.714358518396889	0.853458031880112	NO
hsa-miR-6511b-5p	3.04351613070149	-0.477488138283292	1.30725605839063	-0.36525983966074	0.7149174537105	NA	NO
hsa-miR-135b-3p	18.1005300014795	-0.237202213850653	0.650621806723287	-0.364577718421812	0.715426649798815	NA	NO
hsa-miR-5699-3p	5.58249860735252	0.359850623528914	0.995221256970103	0.361578514334048	0.717667022893348	NA	NO
hsa-miR-874-3p	38.6231967187695	-0.170843602912612	0.472826988448682	-0.361323712661031	0.717857469272553	0.854817118015343	NO
hsa-miR-877-5p	6.2816703754883	0.323345126318234	0.895656524663212	0.361014649493922	0.718088495844856	NA	NO
hsa-miR-6823-5p	1.36292569621896	0.734397676029587	2.03932194002296	0.36011855784836	0.718758475382537	NA	NO
hsa-miR-628-3p	2.98322337177101	-0.48215909366355	1.33948494276717	-0.359958576814968	0.718878110931364	NA	NO
hsa-miR-1185-1-3p	17.3282011094257	-0.236877246048968	0.66096331982673	-0.35838183291482	0.720057585238789	NA	NO
hsa-miR-93-5p	3534.74607896884	0.0436719525112792	0.122106909857953	0.357653408493285	0.720602704279779	0.855272717866492	NO
hsa-miR-16-2-3p	1.00939067772239	-0.778482576798589	2.18607750608848	-0.356109321206784	0.721758696903181	NA	NO
hsa-miR-6739-5p	1.53162811826556	0.962975061965962	2.72087259814013	0.35392140838355	0.7233977825584	NA	NO
hsa-miR-5699-5p	6.53348969066368	0.323573530057052	0.918401778248055	0.352322412391559	0.724596481723331	NA	NO
hsa-miR-1243	56.0620971801911	0.116734713118842	0.332844138128792	0.350718849294175	0.725799283038629	0.855777835417808	NO
hsa-miR-146a-5p	279.041890278365	-0.0827791100952927	0.236072623977709	-0.350651035687684	0.725850163630074	0.855777835417808	NO
hsa-miR-3127-5p	10.782047037039	-0.247161586382853	0.714844661850331	-0.345755657939854	0.729526351931296	NA	NO
hsa-miR-34b-5p	0.876211208583445	0.807020764626855	2.33411342434303	0.345750449061404	0.729530266873725	NA	NO
hsa-miR-671-3p	83.7756625528649	-0.109327958726341	0.317166007483739	-0.344702635675566	0.730317936468817	0.855777835417808	NO
hsa-miR-548t-3p	13.365405971589	0.252824234244092	0.733833544617502	0.344525316536017	0.730451260222338	NA	NO
hsa-miR-548aa	13.365405971589	0.252824234244092	0.733833544617502	0.344525316536017	0.730451260222338	NA	NO
hsa-miR-4787-5p	46.6524034644378	0.168271487979928	0.488477931924894	0.344481248757417	0.730484395425698	0.855777835417808	NO
hsa-miR-487a-5p	115.407326465666	-0.142895973885479	0.42190432296593	-0.338692841260643	0.734841134111159	0.857730486087551	NO
hsa-miR-551b-5p	3.39042036562946	-0.459020642177189	1.36423410707529	-0.336467648621731	0.736518243559076	NA	NO
hsa-miR-369-3p	317.602420938536	-0.129952702715741	0.386793209523853	-0.335974622914693	0.736890003240962	0.857730486087551	NO
hsa-miR-4671-5p	0.994364213366721	-0.83373334919699	2.4902574804347	-0.334798050300988	0.737777431359738	NA	NO
hsa-miR-29b-2-5p	4.82090828242633	0.356591127002773	1.06892515731726	0.333597843180836	0.738683046006846	NA	NO
hsa-miR-3085-5p	5.92363813927528	0.365189206350042	1.09995497036333	0.332003778508691	0.739886405851662	NA	NO
hsa-miR-302b-3p	6.01154959010295	-0.363838245037639	1.10657843689646	-0.328795711994959	0.742310104384936	NA	NO
hsa-miR-3938	41.4255167375561	-0.147787141610592	0.45194843249933	-0.32700000925617	0.743667878212664	0.861087770080376	NO
hsa-miR-411-3p	285.152297474604	-0.106836287274576	0.328879761527221	-0.324849077907561	0.745295298320077	0.861087770080376	NO
hsa-miR-1199-5p	4.34558897851503	-0.467574957988545	1.4409023191387	-0.324501495887686	0.745558389927167	NA	NO
hsa-miR-3529-5p	3.02551532553569	-0.445929046795378	1.40411428045938	-0.317587430739245	0.750797909718389	NA	NO
hsa-miR-105-5p	636.056218938781	0.0349159421317491	0.110344814045024	0.316425764399786	0.75167936366681	0.861087770080376	NO
hsa-miR-331-3p	149.652042388222	-0.0856251056533875	0.271205318809748	-0.315720598803794	0.752214590242821	0.861087770080376	NO
hsa-miR-302c-3p	2.79500055173673	-0.398891427750458	1.26352235567834	-0.315697958138862	0.752231776672422	NA	NO
hsa-miR-337-3p	12.6288178003628	-0.265824833739083	0.844297001458074	-0.314847539763865	0.752877414431065	NA	NO
hsa-miR-6505-5p	6.94764199797802	-0.323610234555779	1.02969397550583	-0.314278069265003	0.753309853197526	NA	NO
hsa-miR-299-3p	52.2428765137315	0.137818086255253	0.440371642985192	0.312958584982928	0.754312127098178	0.861087770080376	NO
hsa-miR-744-3p	27.9349354096442	-0.152052365061294	0.486180132303137	-0.312749030572249	0.75447134175198	0.861087770080376	NO
hsa-miR-548d-5p	14.363247470196	-0.210256496054589	0.675917138443118	-0.311068449216846	0.75574858595241	NA	NO
hsa-miR-330-3p	133.657140763924	0.0645448830137496	0.208809594630233	0.309108798990045	0.757238766114699	0.861087770080376	NO
hsa-miR-365a-3p	64.0746967185002	-0.102358632664646	0.337943886518852	-0.302886475382165	0.761976378608861	0.861087770080376	NO
hsa-miR-365b-3p	64.0746967185002	-0.102358632664646	0.337943886518852	-0.302886475382165	0.761976378608861	0.861087770080376	NO
hsa-miR-224-5p	5.98194744667372	-0.348587766890117	1.15857729776134	-0.300875709858701	0.763509273302	NA	NO
hsa-miR-3180	0.638335203173625	-0.858486860070269	2.87263428993989	-0.2988500356891	0.765054471505123	NA	NO
hsa-miR-582-3p	28.435810666497	-0.151275993572704	0.507865544162519	-0.297866227216026	0.765805265315197	0.861087770080376	NO
hsa-miR-1249-3p	170.531086935616	0.0661678137736674	0.222271034857745	0.297689772380892	0.765939950181992	0.861087770080376	NO
hsa-miR-3177-3p	3.01925925533154	0.483451133294576	1.627620826541	0.297029335955354	0.766444112434512	NA	NO
hsa-miR-3912-3p	0.919892758246258	-0.541978341132087	1.83079355525581	-0.296034656434193	0.767203614919089	NA	NO
hsa-miR-1913	1.84928832772655	-0.501993061924935	1.74117983703836	-0.288306268684339	0.773112309074183	NA	NO
hsa-miR-548az-5p	4.34313192385889	0.275776985623535	0.964754065501375	0.285852110382366	0.774991394228748	NA	NO
hsa-miR-542-3p	2.13371661781748	-0.423180374241745	1.48337871070323	-0.285281412756103	0.775428551913825	NA	NO
hsa-miR-6511a-5p	2.67928337321166	-0.457205712554883	1.61897078157376	-0.282405166145398	0.777632854139635	NA	NO
hsa-miR-7156-5p	0.698153067417073	-0.793534885785814	2.81688440750017	-0.281706584648261	0.77816850507911	NA	NO
hsa-miR-377-3p	30.2182841169238	-0.158736484344977	0.571649446456754	-0.277681515006917	0.781256851649714	0.872844052730571	NO
hsa-miR-718	1.45832859800921	0.563563302186287	2.03080827006945	0.277506897372943	0.781390910382627	NA	NO
hsa-miR-484	546.392027952184	0.0397276578023354	0.144300367316135	0.275312243074889	0.783076359177889	0.872844052730571	NO
hsa-miR-487b-3p	1470.06682315133	-0.0971872006759996	0.353934783124147	-0.27459070232696	0.783630710324407	0.872844052730571	NO
hsa-miR-7-2-3p	1.85166106117746	-0.419166149675551	1.53374573085794	-0.273295723823192	0.784625902157167	NA	NO
hsa-miR-3074-3p	2.3972363918366	0.464941936540944	1.7082249286172	0.272178405051911	0.785484845520053	NA	NO
hsa-miR-379-5p	4392.50932323202	-0.0883224504313229	0.325973808567025	-0.270949530637405	0.786429849381807	0.87327486342397	NO
hsa-miR-636	1.49790394865031	0.470773498399762	1.73968152574329	0.270609011726224	0.786691764008809	NA	NO
hsa-miR-887-3p	3.79308801872521	-0.299241927316021	1.10866844218289	-0.269911107712993	0.787228641511892	NA	NO
hsa-miR-4447	11.5692778116441	-0.2019734264651	0.74959239191198	-0.269444338875862	0.787587769824511	NA	NO
hsa-miR-151a-5p	5492.28365339896	-0.0268671046868193	0.100491111501746	-0.267358020876825	0.789193517792582	0.873663771990565	NO
hsa-miR-4656	2.58620259761715	-0.445709363335383	1.67216812117747	-0.266545784296817	0.789818903514907	NA	NO
hsa-miR-4695-3p	2.59856439683134	0.232123705129677	0.8829035601232	0.262909467821475	0.792620358693911	NA	NO
hsa-miR-4750-5p	0.890548160240534	-0.723149039300923	2.75217570971505	-0.262755403569707	0.792739110771291	NA	NO
hsa-miR-885-5p	88.757294313048	-0.0720928242083514	0.274483252308544	-0.262649264033467	0.792820925476431	0.875003582385573	NO
hsa-miR-4483	11.6053553290486	-0.196278839061088	0.749208722241587	-0.261981518946861	0.793335690453645	NA	NO
hsa-miR-10b-3p	22.1283571819492	0.149396622770632	0.570396473887363	0.261917156942547	0.793385311912741	NA	NO
hsa-miR-378a-3p	1346.59066589473	0.0302825186013174	0.117057823018421	0.258697093628266	0.795868962197541	0.875697763876929	NO
hsa-miR-590-3p	3.39689330377792	-0.327067783414995	1.27522666196523	-0.256478156527058	0.797581645051535	NA	NO
hsa-miR-489-3p	4.44658638870672	-0.302297738558426	1.19550260590994	-0.252862467270271	0.800374493871477	NA	NO
hsa-miR-1322	0.805221108882443	0.806629613156212	3.27170310287959	0.246547314286023	0.805258582994589	NA	NO
hsa-miR-1286	19.5030578854826	0.16872022067921	0.685223008022977	0.246226730135647	0.805506724746349	NA	NO
hsa-miR-6764-5p	3.15465905921832	-0.322605390415989	1.3190296466293	-0.244577816154768	0.806783342602301	NA	NO
hsa-miR-323b-5p	1.01113372848152	-0.450868800966704	1.84904766896354	-0.243838386935385	0.80735598898378	NA	NO
hsa-miR-3117-3p	18.1503157780342	0.13142187866759	0.539166315942344	0.243750165360189	0.807424318537146	NA	NO
hsa-miR-1273h-3p	30.8076501547909	0.101428930294135	0.42069405902377	0.241099031751253	0.809478363197132	0.885695947582391	NO
hsa-miR-34c-3p	10.9096652548634	-0.177471594992045	0.736933977226458	-0.240824280704197	0.809691310086457	NA	NO
hsa-miR-378a-5p	8.67866685031192	-0.17910042750617	0.744055253200051	-0.240708504826611	0.809781046860431	NA	NO
hsa-miR-135b-5p	130.099714882624	0.0612277309485418	0.257126172095032	0.238123293516432	0.811785468675886	0.885695947582391	NO
hsa-miR-133a-5p	0.714116427420544	-0.635307106448633	2.67664822261671	-0.237351737550164	0.812383927827938	NA	NO
hsa-miR-3182	1.27422835517601	-0.433951998778479	1.83163474906825	-0.236920597296612	0.812718390510178	NA	NO
hsa-miR-494-3p	1.56505594316869	-0.386030399373015	1.63410518660946	-0.23623350720401	0.813251480209141	NA	NO
hsa-miR-1301-3p	69.6178031779569	-0.0811167790852971	0.343559453958936	-0.236106962421103	0.813349671420836	0.885695947582391	NO
hsa-miR-4472	3.80623294827166	-0.29728695158991	1.26538882749788	-0.234937234413355	0.814257449364123	NA	NO
hsa-miR-490-3p	134.006667049378	0.0550793236800746	0.235067828072259	0.234312471135538	0.814742404820266	0.885695947582391	NO
hsa-miR-548al	3.10874386470733	-0.306828251609687	1.30993169006503	-0.234232253434876	0.814804676769682	NA	NO
hsa-miR-219a-1-3p	3.05683247842109	0.283366736061218	1.22803052599588	0.230748935032719	0.817509854553233	NA	NO
hsa-miR-3180-5p	3.92070658358678	-0.279342141592185	1.21250218964407	-0.230384855366063	0.817792728336793	NA	NO
hsa-miR-3120-3p	11.6799152659653	-0.16220787381405	0.742802764601363	-0.218372738422832	0.827138704570057	NA	NO
hsa-let-7g-3p	0.804164338046159	0.581449182527139	2.67651201547505	0.217241386986241	0.828020232597912	NA	NO
hsa-miR-4286	4.85995703283415	-0.235823243549307	1.0924743704612	-0.215861579846265	0.829095645878788	NA	NO
hsa-miR-324-3p	77.3130092544995	0.0627992980900347	0.297161272077976	0.211330694780294	0.832629232783232	0.902430485830928	NO
hsa-miR-152-5p	4.02869729466119	0.279181199224489	1.32828932914555	0.210181014857718	0.833526396565195	NA	NO
hsa-miR-3196	1.52942875825562	0.39886485570509	1.92019841111554	0.207720646677012	0.835447095574255	NA	NO
hsa-miR-302c-5p	1.06910652117575	-0.515786680343	2.5114672061338	-0.205372651923658	0.837280985467661	NA	NO
hsa-miR-29b-1-5p	22.4621984808216	0.11479034381398	0.559060636970492	0.205327179599015	0.837316510168209	NA	NO
hsa-miR-454-5p	28.5214021803467	0.106077840171823	0.522583626437156	0.202987301563646	0.839144957484513	0.906777536147444	NO
hsa-miR-18a-3p	5.21511642800786	-0.216600243728457	1.07051131529679	-0.202333446301224	0.839656054298633	NA	NO
hsa-miR-642a-5p	22.8715596156097	-0.121034902335726	0.607435433701395	-0.199255584413643	0.842062820962439	NA	NO
hsa-miR-196a-5p	4.22624213957997	0.246796622500959	1.24164061451425	0.198766550977804	0.842445362330166	NA	NO
hsa-miR-3158-3p	12.4232228659607	0.14001504223952	0.711541714240371	0.196776997662038	0.844002052374415	NA	NO
hsa-miR-4771	12.8883406096344	-0.167155826071682	0.870646501966653	-0.19199046420574	0.847749674940224	NA	NO
hsa-miR-3085-3p	6.04558692216599	0.192306443079908	1.00516741120959	0.191317825205347	0.848276596532261	NA	NO
hsa-miR-1261	4.06866971684657	-0.221433154790595	1.162235601136	-0.19052346578797	0.848898956904234	NA	NO
hsa-miR-625-3p	67.9549173290465	-0.0609798861164918	0.327694232854611	-0.186087761097544	0.852375939511259	0.916317479707563	NO
hsa-miR-379-3p	38.9160028537036	0.0989180420979587	0.533981314859037	0.185246261143185	0.853035885805107	0.916317479707563	NO
hsa-miR-6803-5p	4.84028638916686	0.225966483039781	1.22337806960653	0.18470699177439	0.853458861899129	NA	NO
hsa-miR-138-2-3p	14.6371786860843	-0.11759307960432	0.638440523621688	-0.184187994423112	0.853865977418806	NA	NO
hsa-miR-320d	23.3151384499821	0.122643849843371	0.667951713022705	0.183611850156604	0.854317966098822	NA	NO
hsa-miR-214-5p	11.9929905708594	-0.132704964037791	0.743324481925272	-0.178528983323776	0.858307561401441	NA	NO
hsa-miR-6741-3p	6.45837805937701	0.201356624014298	1.14491414811779	0.175870500286265	0.860395681446772	NA	NO
hsa-miR-122b-5p	0.965880694305564	0.439476509911167	2.57330774925298	0.170782725089428	0.864394612888702	NA	NO
hsa-miR-150-5p	0.0048642703647161	-0.54594328347626	3.28284510136076	-0.166301871279264	0.867919393485522	NA	NO
hsa-miR-3928-3p	5.47230218481265	0.172174921690335	1.0578748840131	0.162755467865142	0.870710972143634	NA	NO
hsa-miR-33a-3p	0.997014767926699	-0.307245149587343	1.99835114996611	-0.153749329587322	0.877807387784576	NA	NO
hsa-miR-4800-3p	8.36145438523782	-0.124487270725667	0.81664368920336	-0.152437681661515	0.878841738675968	NA	NO
hsa-miR-376b-3p	23.7098318799692	-0.0946441505045068	0.629367113602573	-0.150379879181726	0.880464914834684	NA	NO
hsa-miR-7978	1.14108832149161	0.315710622329992	2.10817103271366	0.149755696967151	0.880957363783129	NA	NO
hsa-miR-216b-3p	1.69837474184662	-0.269155815489871	1.80456142138763	-0.14915303646628	0.881432876844383	NA	NO
hsa-miR-618	15.4107146668426	0.101901056837219	0.69709883037529	0.146178780392386	0.883780256404236	NA	NO
hsa-miR-6873-3p	13.6273079460034	0.0988471153864562	0.67635935336511	0.146145854115359	0.88380624864259	NA	NO
hsa-miR-4662a-5p	3.43971686957628	-0.183655727399539	1.28413398804682	-0.143019131265952	0.88627507194911	NA	NO
hsa-miR-597-5p	0.950604411249458	-0.2875206488245	2.01999517948199	-0.14233729453663	0.886813589625622	NA	NO
hsa-miR-6855-5p	1.87643608220721	0.214834187127129	1.53370212997345	0.140075561563475	0.88860028924964	NA	NO
hsa-miR-410-5p	23.9223241006795	0.0942324883983469	0.699785696706906	0.1346590661138	0.892881438837618	NA	NO
hsa-miR-765	2.02016242409335	-0.219913903202537	1.63732297180674	-0.134313087270661	0.893155004866949	NA	NO
hsa-miR-4440	6.57926862444927	-0.154306255980683	1.16862835710368	-0.132040485790636	0.894952269048399	NA	NO
hsa-miR-544a	0.394659113251217	0.421475778808138	3.267757312114	0.128980134860588	0.897373367603666	NA	NO
hsa-miR-12116	3.70871321987541	-0.206662836031461	1.67373963618883	-0.123473706162591	0.901731994388878	NA	NO
hsa-miR-5787	7.221913703072	0.107347698914753	0.884838252614406	0.121319007849826	0.903438365131547	NA	NO
hsa-miR-767-3p	0.811767209820805	-0.29209153078602	2.42436435169927	-0.120481696813141	0.904101577850222	NA	NO
hsa-miR-362-5p	5.56756594706715	0.125330553213882	1.06285279190877	0.117919013966931	0.906131827390571	NA	NO
hsa-miR-3190-3p	1.76081987081493	0.222792382588833	1.89064124340377	0.117839586630266	0.906194762455654	NA	NO
hsa-miR-412-5p	2091.2427140797	0.0459629927627896	0.392494913005725	0.117104684009291	0.906777097975288	0.971163637476492	NO
hsa-miR-3131	3.91126391283506	-0.147951789267319	1.27685965603269	-0.11587161405586	0.907754292832233	NA	NO
hsa-miR-4743-5p	2.35518081420569	0.170924183839789	1.47986247694624	0.115500045782969	0.908048784190707	NA	NO
hsa-miR-545-5p	2.218932927322	0.169018482743968	1.48085848386463	0.114135472488145	0.909130402968334	NA	NO
hsa-miR-30d-3p	23.1237343233057	-0.048705608555313	0.431358731741553	-0.112912072878809	0.910100264770928	NA	NO
hsa-miR-433-5p	35.1152017471807	0.0618809991960914	0.54861078623597	0.11279581216523	0.910192438563126	0.971925135088302	NO
hsa-miR-483-5p	3.54282992230277	-0.148687838934765	1.36368632480757	-0.109033753752533	0.913175718299959	NA	NO
hsa-miR-6755-5p	1.88105820444141	-0.198365240427869	1.86023151549591	-0.106634705828531	0.915078784281498	NA	NO
hsa-miR-3936	1.58309559780899	-0.22451591543954	2.1330576213515	-0.105255438574269	0.91617312136068	NA	NO
hsa-miR-3909	59.8496109200903	0.0351368250263033	0.334181914123929	0.105142808576029	0.916262491205005	0.971925135088302	NO
hsa-miR-105-3p	91.5634439485171	0.0304340425075746	0.292669293101437	0.103987822518252	0.917179012398567	0.971925135088302	NO
hsa-miR-30e-5p	580.174416428074	0.014752361352805	0.146904540541604	0.100421411744092	0.920009771574432	0.971925135088302	NO
hsa-miR-1538	6.89044960200895	-0.103349301377009	1.04501712648487	-0.0988972321675205	0.921219866544287	NA	NO
hsa-miR-137-5p	113.2923466	-0.0172261219389805	0.178336144608305	-0.0965935535772387	0.923049176056258	0.971925135088302	NO
hsa-miR-412-3p	0.83154354098283	-0.208340877021788	2.23312241259329	-0.0932957709111183	0.925668591754941	NA	NO
hsa-miR-3064-5p	3.92404952820187	-0.119568081724213	1.29289479741898	-0.0924809056103468	0.926315961315683	NA	NO
hsa-miR-505-3p	61.2465821761611	0.0378230941531886	0.410171885126773	0.0922127905999666	0.926528975915238	0.971925135088302	NO
hsa-miR-140-3p	104.365522089443	0.0202378681897462	0.22408693238778	0.0903125763474902	0.928038826512523	0.971925135088302	NO
hsa-miR-561-5p	1.6256303266225	0.155825791816453	1.73135881154598	0.0900020208273939	0.928285608959786	NA	NO
hsa-miR-3135b	183.37130057171	-0.0170413112173363	0.191286704255765	-0.0890877977308384	0.929012134833973	0.971925135088302	NO
hsa-miR-543	245.49296992014	-0.0384517203878912	0.448330011828269	-0.0857665544875901	0.931651994131605	0.971925135088302	NO
hsa-miR-95-5p	3.35941965365952	0.12182361116095	1.42861424753023	0.0852739718727832	0.932043583582552	NA	NO
hsa-miR-7706	52.4450721214682	-0.0269824622328322	0.334182600921263	-0.0807416728412785	0.935647394851573	0.973288382000774	NO
hsa-miR-3135a	9.11645486049781	-0.0724566953662879	0.921765788760241	-0.078606405498886	0.937345692455887	NA	NO
hsa-miR-1247-3p	14.4565922728104	-0.0543982268396218	0.714121986672344	-0.0761749783018247	0.939279889259519	NA	NO
hsa-miR-10527-5p	4.83397160573929	-0.0868712712208398	1.17047686868505	-0.0742186996983834	0.940836366678552	NA	NO
hsa-miR-664a-3p	27.7314308362193	0.0368530773131213	0.515657022378024	0.0714681963277999	0.943025135466879	0.976434880672603	NO
hsa-miR-888-5p	0.451487517817206	-0.222979246852209	3.14633175148112	-0.0708695917864488	0.943501544743092	NA	NO
hsa-miR-4488	20.578605348616	0.0441833232736471	0.628298678909409	0.0703221648505449	0.943937241176977	NA	NO
hsa-miR-99b-3p	317.932092460046	0.00897455663377398	0.129692935351643	0.0691985003611864	0.944831616786557	0.976434880672603	NO
hsa-miR-2355-3p	0.910692292243588	-0.13216243774212	1.9204864371275	-0.068817167977399	0.945135152414522	NA	NO
hsa-miR-1250-5p	22.201952495051	0.0341258205001798	0.507152210525317	0.0672891092495322	0.946351546798818	NA	NO
hsa-miR-155-5p	114.669580191521	-0.0251306586372327	0.37637225389594	-0.0667707525650411	0.946764207502994	0.976434880672603	NO
hsa-miR-625-5p	16.66526546733	0.0352476114160305	0.546491945524382	0.0644979522657172	0.94857373757383	NA	NO
hsa-miR-2682-5p	266.55586955687	-0.00896528575156869	0.149127761847135	-0.0601181539944163	0.95206153131684	0.978510709952103	NO
hsa-miR-449a	11.8059460819876	-0.0461021361669489	0.780025316108873	-0.0591033844861955	0.952869762926357	NA	NO
hsa-miR-424-5p	1.66929845384058	-0.117342387451396	2.01680097757801	-0.0581824328508179	0.953603313569605	NA	NO
hsa-miR-940	25.3558979914698	0.0287820171463483	0.50006601335479	0.057556435305928	0.954101951700742	NA	NO
hsa-miR-204-5p	646.433522660683	0.00718978544863343	0.129675351599665	0.055444503214688	0.955784341903722	0.978510709952103	NO
hsa-miR-4705	34.2399267586488	-0.0286659661043461	0.530247306245385	-0.0540615025606188	0.956886163875814	0.978510709952103	NO
hsa-miR-7845-5p	1.37844369073302	-0.0994852003686278	2.00675477318236	-0.0495751656844755	0.960460937203777	NA	NO
hsa-miR-3191-5p	0.828565259547476	-0.113648010973225	2.39660726251904	-0.047420373271243	0.962178191761986	NA	NO
hsa-miR-551b-3p	5.36626919789488	-0.0438022987718325	0.945611488385767	-0.0463216651974125	0.963053871511332	NA	NO
hsa-miR-3913-5p	6.33298805559899	0.0383012742088624	0.929332909557438	0.0412137284873535	0.967125509221892	NA	NO
hsa-miR-3913-3p	6.33298805559899	0.0383012742088624	0.929332909557438	0.0412137284873535	0.967125509221892	NA	NO
hsa-miR-216a-3p	4.6035297064485	0.0420234449928635	1.09726383522184	0.0382983961048596	0.969449769572628	NA	NO
hsa-miR-4516	5.08840120027221	-0.0422715897022384	1.22232288757263	-0.034582997775804	0.972412259199533	NA	NO
hsa-miR-769-3p	593.672798372587	0.00444220441574722	0.132200337622143	0.0336020655896053	0.973194475097587	0.990539657125297	NO
hsa-miR-487a-3p	100.662714895963	0.0151232439520277	0.466204018730145	0.0324391110853584	0.974121872753055	0.990539657125297	NO
hsa-miR-539-5p	21.6584517880237	-0.0213073364164792	0.714935440924158	-0.029803161511949	0.97622403736628	NA	NO
hsa-miR-4999-5p	2.74903575295525	-0.0460894923674834	1.55059622565312	-0.0297237227880329	0.976287392229542	NA	NO
hsa-miR-345-3p	3.61657972812511	0.0475160730376937	1.70879583026298	0.0278067585349744	0.977816275516925	NA	NO
hsa-miR-3065-3p	22.4526682929761	-0.013858359435838	0.509032582627138	-0.0272248966152903	0.97828035843595	NA	NO
hsa-miR-371a-5p	3.57857485594846	0.0347989522671771	1.47302157321487	0.0236241972961933	0.981152370884421	NA	NO
hsa-miR-7704	49.7915095014136	-0.00869670460120607	0.380036717030211	-0.0228838536159513	0.981742919971883	0.991002945509725	NO
hsa-miR-1229-3p	6.08375589035289	0.021180291094858	0.951739439062576	0.0222542958981711	0.98224510643282	NA	NO
hsa-miR-101-3p	192.521396430328	0.00456496545344254	0.220503021002714	0.0207025075333837	0.983482968727218	0.991002945509725	NO
hsa-miR-1246	54.4096616217081	0.00955467969765369	0.470899845723362	0.0202902587130316	0.983811826609721	0.991002945509725	NO
hsa-miR-151b	222.705237688114	0.00267241074039775	0.147327775716929	0.0181392186734187	0.985527791114644	0.991002945509725	NO
hsa-miR-7854-3p	2.06839147867945	-0.0261757078555116	1.44639072765063	-0.0180972591673266	0.985561264462123	NA	NO
hsa-miR-141-3p	7.79870192688991	0.0114933610742971	0.874895104681625	0.0131368446489131	0.98951861595159	NA	NO
hsa-miR-6758-5p	1.78419002681299	-0.0232928142142415	1.98745946065433	-0.0117198940030569	0.990649091588302	NA	NO
hsa-miR-193a-5p	19.9975558814709	0.00720074456748963	0.646228207640586	0.0111427271084002	0.991109574048441	NA	NO
hsa-miR-99a-5p	135.629697216557	0.00298462472015258	0.289519226373429	0.0103088998873703	0.991774833627352	0.994522132335461	NO
hsa-miR-200a-3p	3.46053450888286	0.0140160977840024	1.39250454911689	0.0100653874293562	0.991969118375992	NA	NO
hsa-miR-3605-3p	26.5013374593146	0.00415288324699089	0.496222977636972	0.00836898618997258	0.993322593077058	NA	NO
hsa-miR-4742-3p	7.68938537126936	0.00710360747501596	0.939449600822909	0.00756145669633961	0.993966887936027	NA	NO
hsa-miR-3161	0.964578767267201	-0.0192830476911129	2.95083733247011	-0.0065347714965268	0.994786043823375	NA	NO
hsa-miR-222-3p	26.3404778746193	0.0024174916806942	0.487529711541319	0.00495865507981315	0.99604358188305	NA	NO
hsa-miR-6734-5p	2.79357903334126	0.0071693123142598	1.47103772865118	0.00487364271807868	0.996111411114264	NA	NO
hsa-miR-129-1-3p	34.8921453839157	-0.000950913765167984	0.449163588594935	-0.00211707669391149	0.998310818453715	0.998310818453715	NO
hsa-let-7a-3p	1.25065704757247	0.454651514311477	1.79224706397627	0.253676807985831	NA	NA	NO
hsa-let-7c-3p	1.38871210899319	2.12006464843814	2.53425362020206	0.836563724931805	NA	NA	NO
hsa-miR-24-1-5p	1.09958846737996	1.73744127059003	2.43898889329015	0.712361288470755	NA	NA	NO
hsa-miR-24-2-5p	1.24572419886581	4.39877283784673	2.51681100940117	1.74775651465914	NA	NA	NO
hsa-miR-26b-3p	2.04379948279696	-0.645094036363279	1.63628514567543	-0.394243043804566	NA	NA	NO
hsa-miR-103a-2-5p	3.2284658463637	0.182863388529479	1.29956246387879	0.14071150376542	NA	NA	NO
hsa-miR-199a-5p	1.07768351763911	-1.93367759279736	2.2608195306988	-0.855299402071106	NA	NA	NO
hsa-miR-214-3p	3.49965562125526	-5.01231837592318	1.46718012202269	-3.41629381470427	NA	NA	NO
hsa-miR-130a-5p	0.72551353042398	0.621330613449854	3.20205807246847	0.194041019677969	NA	NA	NO
hsa-miR-206	4.50972593936131	0.0581562792063819	1.14675524247036	0.0507137679014232	NA	NA	NO
hsa-miR-181b-2-3p	1.15222169105081	-5.47150325234422	2.4127936017611	-2.26770464259793	NA	NA	NO
hsa-miR-181d-3p	1.65696586893961	-8.04656556260362	3.05397249671726	-2.63478651862548	NA	NA	NO
hsa-miR-551a	0.395519669953693	-1.67293796100428	3.27584814570762	-0.510688495495845	NA	NA	NO
hsa-miR-584-5p	1.67268317358119	-2.56902728247994	2.03617904299145	-1.26169026801575	NA	NA	NO
hsa-miR-656-5p	1.93165986946621	-1.66792172789503	1.94180296735268	-0.858955185432105	NA	NA	NO
hsa-miR-1264	0.592535837049862	6.12780507481148	3.27165423058836	1.872998991617	NA	NA	NO
hsa-miR-1228-5p	5.92425055423034	0.741669692564637	1.15207698308204	0.643767476875129	NA	NA	NO
hsa-miR-548j-5p	0.88084392301765	0.967621448162141	2.73127008737212	0.354275270188726	NA	NA	NO
hsa-miR-1304-5p	2.43731384850401	1.33674230320607	1.67986663334886	0.795743112381032	NA	NA	NO
hsa-miR-1305	1.30067452263379	-2.89021907330735	1.96144341298454	-1.47351641866108	NA	NA	NO
hsa-miR-1255a	1.35034689005572	0.109061907366417	2.04946458140837	0.053214829061096	NA	NA	NO
hsa-miR-548g-5p	0.559381789986224	0.00339808812837711	2.78740495897808	0.0012190866337638	NA	NA	NO
hsa-miR-3149	1.35261045885408	2.6489007438116	2.298998410745	1.15219772724994	NA	NA	NO
hsa-miR-3158-5p	1.17231810744147	24.3526512384682	2.47846436838348	9.82570157115134	NA	NA	NO
hsa-miR-3162-3p	1.51852083487698	2.7679222778854	2.055030898922	1.34690056453037	NA	NA	NO
hsa-miR-3188	0.804604530050128	-1.13883432502422	2.92545646205219	-0.389284318463359	NA	NA	NO
hsa-miR-548x-5p	0.559381789986224	0.00339808812837711	2.78740495897808	0.0012190866337638	NA	NA	NO
hsa-miR-3675-5p	3.80877162767144	-1.3031331126955	1.43163281748993	-0.910242554358504	NA	NA	NO
hsa-miR-3911	2.30266081731203	-0.517797708609241	2.16846430896179	-0.238785442061138	NA	NA	NO
hsa-miR-3925-5p	1.46958887639247	1.56589355410827	2.13595088215421	0.733113091312752	NA	NA	NO
hsa-miR-548aj-5p	0.559381789986224	0.00339808812837711	2.78740495897808	0.0012190866337638	NA	NA	NO
hsa-miR-4644	0.53810304176925	3.88866477097841	2.83075040690474	1.37372223333191	NA	NA	NO
hsa-miR-4645-3p	0.759926405481427	1.31090917698216	2.79366767384105	0.469243063252321	NA	NA	NO
hsa-miR-4650-5p	1.18700336139058	20.7867026385067	2.37844791914937	8.73960807430289	NA	NA	NO
hsa-miR-4660	0.597607064398036	3.03932259513592	3.27043935012043	0.929331588131728	NA	NA	NO
hsa-miR-219b-3p	1.67202197190497	3.19185520325442	1.69841459328069	1.87931451830555	NA	NA	NO
hsa-miR-4685-3p	0.424464316210694	-1.51276129674926	3.27421269476683	-0.462022915972169	NA	NA	NO
hsa-miR-4689	1.23975725941504	-2.92130363032078	2.07557634800484	-1.40746623612709	NA	NA	NO
hsa-miR-4701-5p	0.761751366328789	-1.73631069510473	3.27608907350161	-0.529994959278961	NA	NA	NO
hsa-miR-4763-5p	0.906865151805789	-0.564567321823453	3.18233481214551	-0.177406638568876	NA	NA	NO
hsa-miR-5088-5p	0.736971203773683	-0.0657703354106404	3.16935002878916	-0.0207519948296048	NA	NA	NO
hsa-miR-548aq-3p	0.559381789986224	0.00339808812837711	2.78740495897808	0.0012190866337638	NA	NA	NO
hsa-miR-664b-5p	2.6749447125423	0.6059890971425	1.3653615584187	0.44383049559732	NA	NA	NO
hsa-miR-548at-5p	2.04705020057753	-2.54200477116888	2.03438540704931	-1.24951976275519	NA	NA	NO
hsa-miR-5696	1.01258376542633	3.41607553647581	2.36456303365671	1.44469632987241	NA	NA	NO
hsa-miR-6751-5p	0.618265902576133	-1.15529870802471	3.27981190087558	-0.352245416182645	NA	NA	NO
hsa-miR-6756-5p	1.4120305729822	-2.12609735183486	2.0057504470585	-1.0600009362844	NA	NA	NO
hsa-miR-6797-3p	1.66888089196843	0.901744073503513	1.94260837290807	0.464192415763969	NA	NA	NO
hsa-miR-6826-5p	1.24557904056888	0.516609599402989	2.30758671194745	0.223874403821213	NA	NA	NO
hsa-miR-6833-5p	1.24644820314112	1.68699648453251	2.83189140573135	0.595713691958056	NA	NA	NO
hsa-miR-6859-5p	1.70699996453761	-3.23146048299121	2.08274921502499	-1.55153604652899	NA	NA	NO
hsa-miR-6861-5p	0.737330307117641	-0.588019394522317	3.153952651678	-0.186438878278491	NA	NA	NO
hsa-miR-6864-5p	3.0131006886801	-0.815673700217515	1.40955328802013	-0.578675320152823	NA	NA	NO
hsa-miR-11399	0.953552370293475	2.8883135296408	3.19769833685867	0.903247656712423	NA	NA	NO
