ID	beta	se	p_wald	padj_BH	dAPA	R_ctrl	R_kd	deltaR	p_lrt	phi	n_ref	n_comp	meanExpr
ZNF285	0.314545832136156	0.0329752423567145	1.44427373532573e-21	6.00817873895503e-18	lengthening	0.0655042097364646	0.0875960528336037	0.0220918430971391	4.0171216756606e-07	5301.7525522777	7	5	150.109986475365
NAV2	-0.411357022659439	0.0540917233579823	2.85333201740214e-14	5.93493059619645e-11	shortening	0.470280389335346	0.370429251577237	-0.0998511377581083	4.03124637330185e-06	509.792907814087	7	5	393.316688367351
KAT6A	-0.273740435499108	0.039016536782889	2.28292748547064e-12	3.16565944651929e-09	shortening	0.154535104538144	0.122044969028057	-0.0324901355100871	8.99024408905036e-06	1470.40440272299	7	5	486.360647671407
C3orf62	0.959907197795456	0.138364471563811	3.9902429527667e-12	4.14985267087737e-09	lengthening	0.0810219889016889	0.187150265427218	0.106128276525529	1.4238623908889e-05	170.100595054967	7	5	115.803800157366
SMIM12	0.253224375917035	0.0369789535626559	7.49957582437928e-12	6.23964708588356e-09	lengthening	0.0790337880515113	0.0995420306193143	0.020508242567803	1.32587424955038e-05	3866.24529062339	7	5	577.91835941589
ZNF112	-0.446543190525112	0.0677719009866201	4.4305692871312e-11	3.07186137241097e-08	shortening	0.10956732827355	0.0729852945392971	-0.0365820337342524	1.7412062712488e-05	662.633653916466	7	5	158.557411622784
CNPY2	0.422511523194596	0.0655435696645188	1.14636638221322e-10	6.81269164286716e-08	lengthening	0.0884163899424559	0.128911839235319	0.0404954492928631	3.00783676118632e-05	1137.50778519997	7	5	246.454187423799
ETNK1	1.03446485829106	0.163011562642067	2.21042647069315e-10	1.14942176476044e-07	lengthening	0.844418230277764	0.938540138456892	0.0941219081791282	2.09831194257356e-05	96.6877391057322	7	5	1206.8307762276
HAUS2	-0.358801758439273	0.0603915791354597	2.828486000955e-09	1.30738908488587e-06	shortening	0.273123828349202	0.207899643314772	-0.0652241850344296	4.3495694610516e-05	536.581347419891	7	5	242.506225279741
SYNJ2	-1.4620077457585	0.250274956476678	5.16998932271825e-09	1.98922123833924e-06	shortening	0.308644751566425	0.0937680931806522	-0.214876658385773	4.08401988292647e-05	42.2850369453743	7	4	39.5079970195957
FUBP1	0.279747811912132	0.0479124254847122	5.25996000522394e-09	1.98922123833924e-06	lengthening	0.341208437292415	0.406569351262754	0.0653609139703383	5.82937657056574e-05	808.829463196555	7	5	847.213943117077
CLCN7	0.664856451808357	0.114174175702901	5.77392934727436e-09	2.00162884038845e-06	lengthening	0.109770204044265	0.193373989026231	0.0836037849819656	7.16087210594995e-05	191.140314580084	7	5	136.5347226824
SMARCA5	-0.265766172043139	0.046326697750733	9.64922492443184e-09	3.08775197581819e-06	shortening	0.192917163072911	0.154866441682534	-0.0380507213903767	6.24082058226838e-05	1156.41199342056	7	5	912.553486203559
CD59	0.130870826778098	0.0228668743232199	1.04559458790037e-08	3.10690963261823e-06	lengthening	0.122751217722878	0.137553508667409	0.0148022909445312	7.59136801950383e-05	6527.98626438184	7	5	2538.17597297837
THY1	0.150545350775384	0.026390117506918	1.16609184461192e-08	3.2339613823904e-06	lengthening	0.0431482378475958	0.0498092733246051	0.00666103547700928	7.23542512269018e-05	10514.6958222372	7	5	2274.92769107383
EARS2	0.634364577287349	0.113452937387998	2.25202287603901e-08	5.85525947770143e-06	lengthening	0.099753206980369	0.172843814109292	0.0730906071289234	8.36465225936364e-05	222.810778682352	7	5	158.985348859999
TM2D1	2.37903210408598	0.432592870628412	3.80931563791225e-08	9.32161944336175e-06	lengthening	0.227699791458146	0.760912143144673	0.533212351686527	5.45829211569674e-05	10.3291729927768	7	5	65.0970379233309
USP49	0.65516175891434	0.121930892080879	7.73419843119816e-08	1.78745919298802e-05	lengthening	0.448113868662257	0.609894169985589	0.161780301323332	0.00011877693198017	103.759760424053	7	5	159.585399938043
EXOC8	-0.918165493938525	0.172794167330466	1.07458533360342e-07	2.35277630936328e-05	shortening	0.137670403369628	0.0599207904026751	-0.0777496129669532	0.000147578925382085	79.2076297722913	7	5	306.359072583071
ETV5	-0.228954967363435	0.0438222853901268	1.74509278158518e-07	3.62979298569718e-05	shortening	0.356712467407219	0.306057370420519	-0.0506550969866994	0.000157907052461235	843.256176067792	7	5	408.890605256349
MRPS11	0.275810952768685	0.053163969859484	2.1264452920644e-07	4.21238686427996e-05	lengthening	0.118261847096216	0.150180895493413	0.0319190483971962	0.000209466180675997	1362.99049082547	7	5	408.620576597559
ADD3	-0.236289035944333	0.0459725100930738	2.75046062189556e-07	5.1583635010133e-05	shortening	0.143627596543601	0.116936035931445	-0.0266915606121558	0.000182736299395196	1231.79102201771	7	5	865.566423984246
ANKH	0.421221900098039	0.0820619445556112	2.85197982027178e-07	5.1583635010133e-05	lengthening	0.116744112850628	0.167645251542368	0.0509011386917401	0.000186662909555418	369.362253346102	7	5	314.873837305103
CEP250	-0.194205481389188	0.0384992259494157	4.54947550554693e-07	7.88575754294802e-05	shortening	0.104864028200647	0.0879828752857933	-0.0168811529148536	0.000195428963464689	3279.29231717224	7	5	80.5998748456223
NRG1	-0.367366044666786	0.073462555276697	5.71150983379113e-07	9.50395236342844e-05	shortening	0.33223324130367	0.256265950292093	-0.0759672910115777	0.000224364211844384	296.236591072537	7	5	594.880454311333
PITPNM3	-1.13191259780982	0.227555779472336	6.55107458946719e-07	0.000104817193431475	NO	0.444146488716978	0.204848342022341	-0.239298146694637	0.00019805147328589	38.067131643464	7	5	104.259001453083
FBXO44	0.364599618637783	0.0740366877680095	8.4541580795673e-07	0.000130256657818518	NO	0.079704047475907	0.110880823713578	0.0311767762376708	0.000284445941682212	616.797415778933	7	5	488.614705865162
C3orf70	-0.420814165067172	0.0855990069582657	8.82806427415998e-07	0.000131159812073234	NO	0.390646949724301	0.296210745918344	-0.0944362038059571	0.000270260847577221	208.272399800515	7	5	420.871508080767
TIMM21	-0.253750062609589	0.0521608061448107	1.14592895198742e-06	0.000164381532423024	NO	0.0670576405516061	0.0528229176634723	-0.0142347228881338	0.00027328349218614	2228.15913056967	7	5	402.745043000035
IBA57	2.23647910368412	0.460506138952502	1.19438136455677e-06	0.000165445437170246	NO	0.156729124769849	0.634995880047519	0.47826675527767	0.000198740789413904	8.58402984676961	7	5	46.7074768427646
FBXO17	1.52268154793311	0.313936975374185	1.23288667122058e-06	0.000165445437170246	NO	0.20709959173193	0.544924451913133	0.337824860181203	0.00050387412720376	21.18110852856	7	3	16.8608889707414
PPM1E	-0.697491799558113	0.144864418800319	1.47354540729139e-06	0.000190188625072896	NO	0.335812042973519	0.201088451363449	-0.13472359161007	0.000335328290557599	77.3101249658721	7	5	982.154417451733
MARK4	-0.42959877197387	0.0893122103162792	1.50870784312634e-06	0.000190188625072896	NO	0.223305022864079	0.157611544728566	-0.0656934781355129	0.000338422344516863	257.41742433593	7	5	267.684350834982
FEM1C	-0.242925303911882	0.0506857640318844	1.64492639031171e-06	0.000201261581873433	NO	0.112062893264687	0.0900711941038428	-0.0219916991608444	0.000315810591180359	1258.78571875492	7	5	333.523664803753
DYRK2	-0.381115563784819	0.0799812014099412	1.8879347775415e-06	0.000224394533559218	NO	0.250303986287882	0.185713478422134	-0.0645905078657486	0.000370052704569521	256.120753692899	7	5	468.325446031335
TYRO3	0.254310014942355	0.0542428877546724	2.75407449614369e-06	0.000318248608443271	NO	0.0454228466793744	0.0578155524383795	0.0123927057590051	0.000446157554502239	2602.25869407052	7	5	151.748793260632
PNPO	-0.366594821612498	0.0795623483436885	4.07260976744384e-06	0.000441262955129536	NO	0.257278065158429	0.193604158778736	-0.0636739063796938	0.000466592146584688	295.756112173632	7	5	423.228792943722
CD2BP2	0.381682914606716	0.0828973496419288	4.13887959863467e-06	0.000441262955129536	NO	0.236607214085386	0.312235594068458	0.0756283799830722	0.000492640085156503	285.765632188428	7	5	353.26155297817
WDR13	0.215876124160478	0.0469229127343308	4.21164872899749e-06	0.000441262955129536	NO	0.138387287050356	0.166190037731449	0.0278027506810929	0.00047379157860182	1204.94346819933	7	5	158.152727495737
POM121C	-0.347570856831155	0.0755734358984673	4.24291303009169e-06	0.000441262955129536	NO	0.374551299409396	0.297274290361309	-0.0772770090480865	0.000468381935312526	266.14740966069	7	5	179.451752268566
PDCD10	0.277969579838202	0.060536741359274	4.39544783231346e-06	0.00044597714591278	NO	0.0745641130466265	0.0961602555320889	0.0215961424854624	0.000537752536289917	1583.03901519397	7	5	406.601130716418
MAP3K9	0.255136005706215	0.0565585276017017	6.45200976613104e-06	0.000639056205407265	NO	0.207304329040251	0.252350466099021	0.0450461370587693	0.00055705416113092	588.584450932035	7	5	666.730095752971
ING3	-0.577405585524411	0.129997326030221	8.92622270552326e-06	0.000863560150115739	NO	0.108636436083162	0.0640348299119929	-0.0446016061711693	0.000585825825534524	302.321470871567	7	5	150.043745999262
EEF1A1	-0.36486069385086	0.0823152123349322	9.31544981043148e-06	0.000880733436622613	NO	0.231744774355122	0.173167036059118	-0.0585777382960041	0.000522061229502903	666.384033557021	7	5	382.570276133548
TMTC4	-0.312231355996276	0.0708925819960894	1.06131817053207e-05	0.000981129686536317	NO	0.293472875057327	0.233114504193011	-0.0603583708643162	0.000655125551103186	334.560156623677	7	5	364.637241010565
SOCS6	0.362865685375866	0.0827429123177023	1.15741227551498e-05	0.00104670327524833	NO	0.176611455953983	0.235662210629639	0.0590507546756567	0.00072750746951085	283.496170139003	7	5	270.292140361275
SLC35B4	-0.267313551757246	0.061208244706742	1.25803325729624e-05	0.00111349326603241	NO	0.208645915791056	0.167922862429809	-0.0407230533612471	0.000704704860423947	637.630415297647	7	5	768.110337305188
CUX2	-0.736296371928688	0.169968526416064	1.47789714426903e-05	0.00128084419169983	NO	0.37352063014957	0.222105402876716	-0.151415227272854	0.000780690474534935	54.7631614356881	7	5	175.272249903719
DDA1	0.339415545400513	0.079437136632421	1.93071221130305e-05	0.0016309911375172	NO	0.112481345244896	0.151070874664553	0.0385895294196565	0.000995987177766472	630.680950330744	7	5	572.000279701433
DCUN1D1	-0.251007085687411	0.0587926405587399	1.96032588643895e-05	0.0016309911375172	NO	0.192740627967615	0.15665810143414	-0.0360825265334754	0.000877138911735972	675.800570200764	7	5	555.376752983938
PLCB1	-0.511031354398042	0.119909584828405	2.02781700856821e-05	0.00165406250110662	NO	0.354605258900248	0.247891720628193	-0.106713538272055	0.000892776060199874	110.728776561859	7	5	339.590095940452
HEXA	0.521243862832869	0.122983993182818	2.25212129002661e-05	0.00180169703202129	NO	0.0897953442557953	0.142473938033307	0.0526785937775118	0.00119067227126915	272.890661889238	7	5	102.091638028681
TMEM86A	0.909576449809012	0.214933150625844	2.31721364934208e-05	0.00181879410967227	NO	0.14913169382563	0.303253796960273	0.154122103134644	0.000847975844819503	46.3974731866678	7	5	100.143289347594
PRKAR2A	-0.420678792137562	0.10022151830246	2.69889912144e-05	0.002079151915776	NO	0.373863733298977	0.281637114955378	-0.0922266183435991	0.000930771164975119	168.372292466698	7	5	1484.0271416056
TRIM67	-0.510036012076628	0.121949373578577	2.8850044000958e-05	0.00218211241898155	NO	0.440140987340165	0.320684935723811	-0.119456051616355	0.000948833716609828	107.990824400298	7	5	447.994220545982
ADAMTS18	-1.15703732974439	0.278012436263278	3.15723106957457e-05	0.00233585258791803	NO	0.225831469575904	0.08401243944073	-0.141819030135174	0.000935503346477078	28.6339688582998	7	5	25.85717669566
HAP1	-0.665075656630832	0.159923734512283	3.20056724786846e-05	0.00233585258791803	NO	0.0571570657700884	0.0302315178390532	-0.0269255479310352	0.00116447185829951	226.013370124238	7	5	126.063487032436
ARFGEF2	-0.3867486428152	0.0932944033479603	3.39125450201694e-05	0.00243234805661904	NO	0.236595706035756	0.173907442378639	-0.0626882636571166	0.00103681731433265	196.386442207162	7	5	471.950636424176
PLEKHB2	-0.217353596891511	0.052544717337383	3.52573971672155e-05	0.00246517453986304	NO	0.31562633478253	0.270655650136417	-0.0449706846461131	0.00106492703675714	606.833170416563	7	5	2719.5033576432
AKR1C1	0.0651720170361915	0.0157625452764072	3.55554020172554e-05	0.00246517453986304	NO	0.0541226473131652	0.0575576238841231	0.0034349765709579	0.00114480964504755	31541.2600490788	7	5	101.123662922293
HCN4	1.75997396956711	0.427320644685135	3.81137949570205e-05	0.00259923585280665	NO	0.0562684562534462	0.257360352835882	0.201091896582436	0.00178607421578518	11.6502125532484	7	5	96.2769121983495
CCDC71L	0.63030380537093	0.154470917066502	4.49574221381548e-05	0.00297150218011942	NO	0.30223044909594	0.448583573696369	0.146353124600429	0.00133053244110199	71.763955744481	7	5	129.160806006646
SFMBT1	-1.18052700705177	0.289332190541696	4.50011147470008e-05	0.00297150218011942	NO	0.2241713877938	0.0815068217101933	-0.142664566083607	0.000887599444129405	26.7514263666585	7	5	39.7670698219567
EML5	0.531672778085408	0.130466389971361	4.59806540900964e-05	0.00298874251585627	NO	0.639363539126193	0.751060361539978	0.111696822413786	0.00120928180859371	100.982080248366	7	5	461.196435434902
ANTXR2	-0.425698253670083	0.10521033115067	5.206376590326e-05	0.00329939771151689	NO	0.156731160512803	0.108278033422949	-0.0484531270898542	0.00119331563092689	246.863979592347	7	5	373.832319639304
EIF1	0.227154523280003	0.0561583010671604	5.23462136923352e-05	0.00329939771151689	NO	0.0687091174883013	0.0847466076155818	0.0160374901272805	0.00144008412665022	1624.5792866823	7	5	4588.78435320581
PCYT2	0.577910888386643	0.143200756364439	5.44468742794582e-05	0.00338058204481412	NO	0.157562535146128	0.250008657215949	0.0924461220698209	0.00147657191124209	108.126766000006	7	5	269.935655702174
EDEM3	-0.699833316930244	0.174328812406056	5.95859984581973e-05	0.00364526108214854	NO	0.269119623808576	0.154605438676151	-0.114514185132425	0.00150814569877125	54.6577581713272	7	5	730.805071856679
LANCL2	-0.226450331801477	0.0566744981417068	6.45224062241424e-05	0.00389004652018018	NO	0.423463254308557	0.369346194958328	-0.0541170593502292	0.00143315391605278	464.561643155508	7	5	739.738290830466
TLE3	0.386926768860206	0.0969461153493193	6.57528711882368e-05	0.00390759920204379	NO	0.394975741639703	0.490121926609653	0.0951461849699503	0.00146465509738693	157.249088197958	7	5	185.763093138579
RGS16	0.25429727693642	0.0637809882196508	6.6903078085542e-05	0.00391995499768809	NO	0.244019144211008	0.293909380802732	0.0498902365917239	0.00146999153424495	491.985014131214	7	5	342.312255169098
MRPS18C	-0.247020867517154	0.0621149664005468	6.98390836587539e-05	0.00403514705583911	NO	0.129931940546277	0.104463848540076	-0.0254680920062001	0.00140723160868439	1116.11555692337	7	5	500.56379175256
EXOG	0.303061234245181	0.0764951741774051	7.43760323814134e-05	0.00419712387251012	NO	0.129167119284678	0.167244705952889	0.0380775866682111	0.00171561258369179	563.987059266042	7	5	293.813896949134
RPP30	0.506410650225741	0.127851653724338	7.46603765783051e-05	0.00419712387251012	NO	0.127159945116219	0.19467789254251	0.0675179474262912	0.00169901569377495	210.719157263466	7	5	95.9391310459262
DDX51	0.489270883344107	0.123875850159769	7.82533272987109e-05	0.00434045122083516	NO	0.221832796627317	0.317399918976504	0.0955671223491873	0.00154468374128456	116.508938723793	7	5	103.756027350844
UNC13A	-0.262905738075039	0.0666596759456043	8.01337773316551e-05	0.00435976563374695	NO	0.188458506053079	0.151489852618777	-0.0369686534343021	0.00162095090307152	392.165581994684	7	5	930.45096433654
TMEM233	-0.71526986533594	0.181433792227644	8.069758504772e-05	0.00435976563374695	NO	0.41074732207849	0.254235907532856	-0.156511414545635	0.00149234897122549	61.7592296508788	7	5	186.204071154226
ERBIN	-0.497752709751924	0.126880522026969	8.74519440352193e-05	0.00466410368187836	NO	0.305826713223544	0.211241912321135	-0.0945848009024088	0.0014720714934942	105.646739861574	7	5	295.864711405524
SLC12A2	0.423107944249368	0.108501124325772	9.63628869646022e-05	0.00507429885788285	NO	0.422916393353718	0.528044360006215	0.105127966652497	0.00170149491856286	126.624867793317	7	5	275.519911484281
HOOK3	-0.453481275829403	0.116788096187469	0.000103200656161653	0.00536643412040598	NO	0.3483554061624	0.253551939243634	-0.0948034669187659	0.00167279657053718	119.803922561276	7	5	554.024787064253
SETD5	-0.516502354261822	0.133228346884913	0.000105830479730448	0.00537184053664279	NO	0.163304050454476	0.10429858750719	-0.0590054629472854	0.00166075529018685	184.665062533424	7	5	254.76696425031
SDAD1	-0.195779953923339	0.0505018371364072	0.000105887241347286	0.00537184053664279	NO	0.349619419447631	0.306508719235829	-0.043110700211802	0.00176606761489927	644.748264149106	7	5	313.839900309827
GOLGA2	-0.366051604406385	0.09459665675102	0.000109012258259987	0.0054637469200186	NO	0.34373018513007	0.266438770310528	-0.077291414819542	0.0017450858950181	185.245690779921	7	5	201.773618871005
NPLOC4	-0.258828824386226	0.0671390359279459	0.000115674395780825	0.00566294678893831	NO	0.378103495666573	0.319420862877225	-0.0586826327893479	0.00188704952872671	334.679739740538	7	5	549.673079822663
GLRA3	-0.283553252691624	0.073553847888453	0.000115709249293211	0.00566294678893831	NO	0.454355120473893	0.385411222017995	-0.0689438984558985	0.00182847384865156	280.433335743893	7	5	575.488269963238
TXNDC17	0.253877532855872	0.0660280821329521	0.000120555736567806	0.00583153330374501	NO	0.209540632666886	0.2546774851451	0.0451368524782141	0.00202655248835806	451.906554430198	7	5	586.48655909188
CMPK1	-0.196966664537791	0.0516504897798368	0.000137039140379192	0.00651504956232975	NO	0.266060271671108	0.229405572025284	-0.0366546996458242	0.00193838070160351	669.106148132304	7	5	1586.88373845254
SRSF10	-0.243568875437991	0.06390942830067	0.000138317789280594	0.00651504956232975	NO	0.141505649189476	0.114415701042319	-0.0270899481471569	0.00179067590931224	952.223002937438	7	5	1176.03190828167
TMED10	-0.23542889040314	0.0618043966564352	0.000139384473809459	0.00651504956232975	NO	0.301419962962716	0.254268631205495	-0.0471513317572211	0.00195282394026703	557.830045582714	7	5	1979.40924281993
HDAC9	-0.619309666269386	0.163874108875976	0.000157345997643048	0.00727288166883423	NO	0.4234795233547	0.283368140240895	-0.140111383113805	0.00204975703888588	56.819782670515	7	5	83.6041516327665
HYPK	0.203950868357533	0.0542481587249993	0.000170191627214013	0.00778018867264059	NO	0.0523687342770199	0.0634646114400947	0.0110958771630748	0.00233447588016807	2152.80518198337	7	5	665.032035893433
HMCES	0.270477739335168	0.0720458769758784	0.000173866034277516	0.00786176850646161	NO	0.157778253244048	0.197122781052962	0.0393445278089142	0.00221184069887115	447.721706277523	7	5	355.40082735817
POU2F1	-0.291796776402891	0.0779016659038841	0.000179886805092587	0.0080465495611308	NO	0.163919968181762	0.127734182694315	-0.0361857854874474	0.00199457936908323	641.151783763031	7	5	192.708432112764
NSMF	-0.332653868466063	0.0892455927605473	0.00019346660728625	0.0085619264501149	NO	0.0641940095071915	0.0468798890429957	-0.0173141204641959	0.00217721865898877	818.114582840136	7	5	449.136369325243
SREK1IP1	0.239101303219948	0.0642127548871219	0.000196417905290962	0.00859886740323759	NO	0.200964955053646	0.24210506872871	0.0411401136750641	0.00249009452710141	659.274713051916	7	5	444.398266497382
CYP27C1	1.30836891780704	0.351617549409046	0.000198435401613175	0.00859886740323759	NO	0.171802025125004	0.434247879434179	0.262445854309175	0.00220097744834487	12.8030584591504	7	5	30.1636887628517
MAN1A2	-0.891724928706067	0.240539366907874	0.000209572424163121	0.008987848294006	NO	0.497894366619143	0.289020184552746	-0.208874182066397	0.00224491252194037	28.8338642595073	7	5	352.349614652455
GNL1	0.427401899324459	0.11568125887175	0.000220188857274662	0.00934679230880198	NO	0.199527970302143	0.276508894644478	0.0769809243423345	0.00255616191552368	173.057971216644	7	5	191.37495908994
CCDC93	-0.563940433278752	0.15336349957297	0.000235855321234716	0.00991068824582242	NO	0.492973428446009	0.35616495540235	-0.136808473043659	0.0025618276384508	65.6471579369463	7	5	281.356097933553
CRTC1	0.439072554850073	0.119866024790214	0.000249251688871346	0.010368870257048	NO	0.29742663385263	0.396394791984206	0.0989681581315758	0.0027299394033546	110.512070456638	7	5	98.1653013870867
MAP3K2	-0.270144592127045	0.0738910543874095	0.000256196259373045	0.0105522419702165	NO	0.128597171175301	0.101236175028644	-0.0273609961466566	0.00279413785193345	487.076877720112	7	5	719.126582760217
ZNF431	-0.188291502086981	0.0516623805199344	0.000267751766108162	0.0109200720295094	NO	0.0626153575142715	0.0524323468677035	-0.010183010646568	0.0027739082794459	2213.34459696308	7	5	243.802019416435
ADCY1	0.282725667340085	0.0780669997360172	0.000292812382163977	0.0118262088330305	NO	0.352604081899908	0.41948532864797	0.066881246748062	0.00288671074106621	245.961218730051	7	5	613.23870298556
HMGCS1	0.151841933983072	0.0421532114807548	0.000315603557168078	0.0126241422867231	NO	0.0635268650792885	0.0731814379032322	0.00965457282394375	0.00310691009023795	3245.61134994504	7	5	1649.91827235374
MIB1	-0.323384624803897	0.0898864128479814	0.00032103980517634	0.0127192913288912	NO	0.397989754740252	0.323609544744768	-0.0743802099954837	0.0030295827308274	185.596466734202	7	5	1009.38936455136
DGKE	-0.239004642116956	0.066753914270234	0.000343089719136632	0.0131679674393296	NO	0.193773106181446	0.159134503985623	-0.0346386021958224	0.00321361747562582	416.149864719904	7	5	257.424861549305
DCAF5	-0.197129750659229	0.0550692049833108	0.000344024326627136	0.0131679674393296	NO	0.147760337875503	0.124618152216557	-0.0231421856589456	0.00318952483098653	797.110330877306	7	5	800.059484581972
LYRM4	0.297983480778066	0.083275047937348	0.000345830374755785	0.0131679674393296	NO	0.188332306266802	0.238140822476972	0.0498085162101701	0.00366023193134901	337.991951557887	7	5	282.70883897811
ESYT2	-0.395999515249327	0.110699498328451	0.000347231228723393	0.0131679674393296	NO	0.41057915268384	0.319173811691288	-0.0914053409925518	0.00313666407824565	123.184773258762	7	5	342.790854062985
HDAC2	-0.107666349891644	0.0301195913724478	0.000350725522618327	0.0131679674393296	NO	0.0605456515387158	0.0547036560262487	-0.00584199551246706	0.00297219975743765	8313.96369516091	7	5	1506.8806567532
ENPP4	-0.468148967032217	0.130981612047987	0.000351356823501342	0.0131679674393296	NO	0.356746101534071	0.257756091622993	-0.0989900099110783	0.00307826762907758	90.4653186310781	7	5	336.619840947009
MGAT4C	0.355521756566707	0.099549522382926	0.000355206284502072	0.0131933762815055	NO	0.114339358905908	0.155560123258608	0.0412207643526995	0.00322435303060445	309.314134045388	7	5	448.047213548825
RNF149	-0.323215344821662	0.0906757088928025	0.000364523163623723	0.0134196138112804	NO	0.135878668814222	0.102186188158408	-0.0336924806558136	0.00328031861345479	431.266257857579	7	5	293.721931567232
TRPM7	-0.429856342678152	0.120678560567022	0.000368048402240275	0.0134305381870135	NO	0.103468828424842	0.0698419937289197	-0.0336268346959224	0.00338772786115899	291.096337317119	7	5	133.714856409288
CPNE4	-0.542477262971318	0.153947224097228	0.000425425713804107	0.0152699501652367	NO	0.207787905147479	0.132298326145405	-0.075489579002074	0.00281316319852303	133.044522665472	7	5	75.5493366000041
SMAD3	-1.53385171026944	0.435472273339536	0.000427865218427654	0.0152699501652367	NO	0.4210073779134	0.135580680079686	-0.285426697833715	0.00380042343978264	9.76981618276019	7	5	43.6784585342035
CPEB3	-0.495072305068129	0.140645247439924	0.000431534836083247	0.0152699501652367	NO	0.347278726475952	0.244882511680668	-0.102396214795285	0.00353460386705109	78.6610816893976	7	5	756.526060570613
NCAM2	0.255212692027816	0.072569838011715	0.000436803490441379	0.0152699501652367	NO	0.171621490299172	0.210990362060035	0.0393688717608631	0.00361393563568099	458.246695997736	7	5	1915.09560072809
POLR1F	-0.329637176627134	0.0937899975735292	0.000440366411832074	0.0152699501652367	NO	0.224467366627372	0.172293828373075	-0.0521735382542973	0.00318255902456965	302.351714088633	7	5	335.099909452896
SOS1	-0.260347646465205	0.0740768334551579	0.000440479331689521	0.0152699501652367	NO	0.315264379932254	0.261928552522208	-0.0533358274100457	0.00334160595499991	315.214226569256	7	5	442.459029145157
THAP6	-0.332322010661133	0.0948700562565133	0.000460191418691065	0.0158214570392961	NO	0.295863790274819	0.231582922867083	-0.0642808674077361	0.00375081545152864	192.082980129282	7	5	168.214308040749
SERF2	0.213224442729163	0.0609179026444555	0.000464920662759852	0.01585303243509	NO	0.127997963007926	0.153741406389294	0.0257434433813685	0.00425852049151923	1130.15061931215	7	5	2102.23023597407
PATL1	0.382441967424812	0.109639089842669	0.000486302529830206	0.0164473050739322	NO	0.314274036621975	0.401848052349396	0.0875740157274216	0.00394232607680477	128.514330701413	7	5	96.3717635959502
TRIB2	-0.275622272298338	0.0791618729286447	0.000498138636331228	0.0167117477994992	NO	0.346911038276318	0.28735454140123	-0.059556496875088	0.00374578226595316	247.513793606298	7	5	1559.70398845232
LIMD2	0.440734925274821	0.126856935269824	0.000512250110443273	0.0170476836755521	NO	0.0818361919491059	0.121647411955931	0.0398112200068252	0.00393423012384118	248.740549655769	7	5	292.441217676646
SLC19A1	0.734188936796397	0.211937396577944	0.000531853799484161	0.0175596175067786	NO	0.111421385035351	0.207162477169825	0.0957410921344738	0.00383888022697075	45.1350584756838	7	5	179.49365405811
NFASC	-0.315295060470931	0.0911846315015932	0.000544675535418243	0.017841340372755	NO	0.192901780161605	0.148481698754084	-0.0444200814075212	0.00398468267472602	207.144722763527	7	5	730.451059223976
ZFHX3	-0.137205403407606	0.0397206036823996	0.000551799397410021	0.0179334804158257	NO	0.294961526682066	0.267251406568279	-0.0277101201137874	0.00395836908006018	1046.35810181393	7	5	2588.46585274411
C11orf1	-0.185462513117711	0.053757095705564	0.000560565967496471	0.0180771660836071	NO	0.0626712270807365	0.0526204903511148	-0.0100507367296218	0.00373909551555134	2339.44294994293	7	5	157.498575801332
RNF216	-0.275100230900546	0.0800022880513006	0.000584612751514142	0.0186942990589318	NO	0.200454732527855	0.159956075385923	-0.0404986571419326	0.00396141976217141	308.203298941659	7	5	242.576781558288
CLSTN1	-0.363310876622194	0.105712821175933	0.000588690667480784	0.0186942990589318	NO	0.332477782237891	0.257250119568409	-0.0752276626694824	0.00426959607403271	137.819990285006	7	5	775.408235266713
KBTBD2	-0.300960424198591	0.0876999983026923	0.000599802099548266	0.0189028540463696	NO	0.169023876255726	0.130843471165155	-0.0381804050905704	0.00430509386674814	319.457563648572	7	5	640.023699966058
SUPT4H1	0.235499893985105	0.0689123810366676	0.000632266191575911	0.019776145541021	NO	0.215952049462783	0.25847423389314	0.0425221844303577	0.00437164349716162	437.218512614475	7	5	623.812476683381
MECP2	-0.273531034674975	0.0803420603862141	0.000662656975650933	0.0204840777943055	NO	0.266165361120498	0.216242876563335	-0.049922484557163	0.00454850390361923	277.605878092494	7	5	658.86969683684
SYT14	0.302811839081234	0.088996366697823	0.000667676838943919	0.0204840777943055	NO	0.088795282226391	0.116538890573112	0.0277436083467208	0.0044448463885438	457.862876741055	7	5	547.694351065924
VWA5A	-0.350505133337222	0.103038111034099	0.000669671774044602	0.0204840777943055	NO	0.187301188631794	0.139656276385281	-0.0476449122465127	0.00428267631224756	218.325572223008	7	5	371.0052649247
ZNF331	-0.32745052495919	0.0966655513581289	0.000705434381630594	0.0214204892524326	NO	0.176613571351998	0.133899432180153	-0.0427141391718451	0.00421623594265684	266.414467158874	7	5	344.602731544963
FICD	0.606225820085884	0.179718561070615	0.000743012093541647	0.0223980457183569	NO	0.137224044137375	0.225776629698928	0.0885525855615528	0.00499241095935508	64.3777270060122	7	5	86.1033430633341
SPOUT1	0.3541103893514	0.105113616272063	0.000754867073771556	0.0225917052294221	NO	0.20038697903374	0.263129258158228	0.0627422791244885	0.00481194327943389	197.941244097659	7	5	459.891058621672
C6orf120	-0.463058027216859	0.137651755865171	0.000768265573172955	0.0228260822165302	NO	0.275963070769665	0.193467700400766	-0.0824953703688981	0.00463691913454212	91.4220991929072	7	5	263.950771544682
COX15	-0.288226556314018	0.0857295114807467	0.000773672498204508	0.0228260822165302	NO	0.13126444561895	0.101738871494768	-0.0295255741241823	0.00454164460222529	447.605730530876	7	5	368.567358074064
CNDP2	0.240750028570229	0.0719838731764112	0.000824311752733066	0.0241488513476729	NO	0.0550188155037736	0.0689623019737732	0.0139434864699996	0.00490535542032952	1073.8659325096	7	5	624.984195599771
ATXN10	0.111159680787247	0.0333364154798249	0.00085458399697701	0.0247841993653443	NO	0.0891327747433792	0.0985793376086162	0.00944656286523697	0.00516528571355403	4330.33979163135	7	5	1517.97136259625
GAPVD1	-0.27178784425811	0.0815347189453643	0.000857914593415766	0.0247841993653443	NO	0.206027319447812	0.165090694139382	-0.0409366253084303	0.00496106614623524	285.712355616878	7	5	476.350675931234
DNAAF9	-0.361934246995715	0.108699567021751	0.000869473601423257	0.02494489780635	NO	0.326867305952727	0.25268890899617	-0.0741783969565571	0.00503013440929826	132.620191289757	7	5	548.168965318408
NCOA7	0.0968958245154093	0.0291539258202991	0.000888653413419341	0.025320535615236	NO	0.0482856480340529	0.0529384212925177	0.00465277325846477	0.00511957231213807	9575.35406936024	7	5	735.399352042552
ZC3H18	-0.65526422677293	0.197330387302643	0.000898095908671472	0.025404980429552	NO	0.305695568091123	0.186095201899784	-0.119600366191338	0.0046528332894472	44.4410148115334	7	5	90.0624664256673
FOXN3	-0.239699757541156	0.0722233450366078	0.000903831034512909	0.025404980429552	NO	0.136976018182613	0.111022763124385	-0.0259532550582288	0.00491998818148535	506.735300345159	7	5	407.397006787572
AAK1	0.0724911614896574	0.0218764573027913	0.000920831046640789	0.0257091084162797	NO	0.048702917546157	0.0521735227726129	0.00347060522645588	0.00542448030799561	15395.8260837908	7	5	694.067908714122
CERS6	-0.352246795947676	0.106463866446644	0.000937622858639429	0.0257995447483085	NO	0.203440852326969	0.152235674187171	-0.0512051781397982	0.00541942881720306	148.23735348596	7	5	1841.64278459588
SRGAP2B	1.56994095052519	0.474530518271769	0.000938277332629875	0.0257995447483085	NO	0.214031712230392	0.566883899467376	0.352852187236984	0.00434606602849146	6.86148321432781	7	5	23.2661369567049
CACNA1E	0.248458548787882	0.0751288510377129	0.000942675673495886	0.0257995447483085	NO	0.246838157902732	0.295860444904034	0.0490222870013025	0.00521683338902679	303.212114993964	7	5	601.570706404182
VKORC1L1	-0.243632632717245	0.0738268127150789	0.000966654607093992	0.0262828965066079	NO	0.141695885517634	0.114567911018994	-0.0271279744986403	0.00526680747638317	427.769719586013	7	5	994.715501373272
ARHGEF17	-0.570538629595271	0.17308633776335	0.000979791593114558	0.0264670975802374	NO	0.46387925771735	0.328434586974467	-0.135444670742884	0.00537227823245567	49.8419106765375	7	5	183.783464015564
LUZP1	-0.694041414326302	0.210805997832746	0.000993634562807207	0.0265471488610549	NO	0.15299309826729	0.0827650756705954	-0.0702280225966947	0.0054099672831609	44.766157418129	7	5	215.448566400046
AS3MT	1.09314923049832	0.332098946471047	0.00099606034382296	0.0265471488610549	NO	0.408551750274434	0.673309888279432	0.264758138004998	0.00489755553979708	13.8444596111489	7	5	42.9614712480963
DAAM1	-0.154609145668706	0.0470213396384578	0.00100879120650284	0.0265471488610549	NO	0.303988222065144	0.272299545228297	-0.0316886768368472	0.00548152759778741	718.950924948454	7	5	1906.44011548023
MARF1	-0.496698233654041	0.15109990275389	0.00101182678015843	0.0265471488610549	NO	0.413587786640089	0.300303840673306	-0.113283945966783	0.00519061062913253	69.1621081950424	7	5	241.027101179897
SVOP	0.172047804750821	0.052367917908071	0.00101849783833432	0.0265471488610549	NO	0.0876996682455622	0.102476727560822	0.0147770593152595	0.00550110408353127	1517.27184039704	7	5	601.289218276962
SULT4A1	-0.184120938965307	0.0560547426131128	0.00102104418696365	0.0265471488610549	NO	0.36305475755668	0.321638746236284	-0.0414160113203959	0.00551740151150675	500.833861754726	7	5	2007.36562974099
LCA5	-0.747417597005841	0.228747011464372	0.00108524093460169	0.0280410079996461	NO	0.194278443257472	0.10248959685958	-0.0917888463978913	0.005993381627936	43.2049942847607	7	5	76.3089798689807
VAMP2	-0.142133580867271	0.0435980042006918	0.00111375394456839	0.0286001012926204	NO	0.0892850501144411	0.0783825087504693	-0.0109025413639718	0.0057323768031694	2243.49980264864	7	5	3976.6282551088
FAM162A	0.243591936798707	0.0747792250819965	0.00112405614174047	0.0286875677892046	NO	0.119855612577976	0.148021186520732	0.0281655739427567	0.0060321408374158	722.911848556428	7	5	506.243411817935
ZNF514	0.259816072523831	0.0800575091944721	0.0011729896239345	0.0297538831437044	NO	0.0948936565985106	0.119678362038567	0.0247847054400564	0.00662328526499031	519.459569215614	7	5	120.483171740137
TBC1D12	0.374859616074861	0.115570444098728	0.00118046137347716	0.0297619352343333	NO	0.415801206109608	0.508705511863312	0.0929043057537041	0.00597538615463203	109.044601632427	7	5	251.363530180653
SHISA9	-0.541999465926848	0.167315314503805	0.00119785888593476	0.0300186323222204	NO	0.248474523908085	0.161276034119113	-0.0871984897889717	0.00578746960590841	62.5102167720582	7	5	186.917343800923
NT5DC3	-0.904695812501089	0.279955947773954	0.00123114365400279	0.030475018309559	NO	0.859547070180932	0.712352553451003	-0.147194516729929	0.00586135604331135	31.4224899352885	7	5	277.430154281997
NBN	0.365662710448753	0.113179981450476	0.00123441130661844	0.030475018309559	NO	0.411701762127482	0.502181959339372	0.0904801972118906	0.00615711906409468	113.895587607068	7	5	284.307007534672
EGR1	-0.791414007873862	0.24513484375205	0.00124448065949092	0.030475018309559	NO	0.250937000460697	0.131811591477048	-0.119125408983649	0.00411193183676403	30.1426800550241	7	5	263.289810914927
PANK2	-0.175923014324828	0.0544943607416179	0.00124537334438102	0.030475018309559	NO	0.100544070704051	0.0857148098469468	-0.0148292608571041	0.0060311268890535	1456.79254686085	7	5	411.695803534509
RGS8	1.09831424778277	0.340825963415718	0.00127073807066777	0.0307888871174559	NO	0.325320946813156	0.591190583941708	0.265869637128552	0.00573665461868532	14.7353823788701	7	5	76.195145218068
NHSL2	0.456938732564971	0.141818458874065	0.0012730020635102	0.0307888871174559	NO	0.460896984059698	0.574493024016257	0.113596039956559	0.00608506752306361	83.5835541926411	7	5	101.024727406439
RAB11FIP4	0.22629311994678	0.0703483015012983	0.00129650100614112	0.0311759779511391	NO	0.12303611747201	0.149605982375094	0.026569864903084	0.00657040313320637	529.873472325669	7	5	586.547895884999
ZEB1	-0.326686793288208	0.101727524912128	0.00132094363539276	0.0315532448854082	NO	0.234388053067157	0.180881869163248	-0.0535061839039087	0.00622205103198871	174.434783985765	7	5	562.225072190445
NUP133	-0.318964659690591	0.0993660069012488	0.0013273600612852	0.0315532448854082	NO	0.068042788512861	0.0503968822830701	-0.0176459062297909	0.00564398150552141	638.135015232453	7	5	245.432623412518
ZNF582	-0.705223601327115	0.220208177701281	0.00136225453157154	0.0317793961680928	NO	0.221436079842873	0.123192345598563	-0.0982437342443104	0.00571138955674979	50.1237927704693	7	5	51.9498808343641
DLG2	-0.41094304974182	0.128357530075557	0.0013669035287835	0.0317793961680928	NO	0.395573980730851	0.302613259350723	-0.0929607213801278	0.00630039390545479	93.3474076870655	7	5	200.408357055273
SERINC3	-0.157156558041025	0.0491110965169664	0.00137417401420005	0.0317793961680928	NO	0.179443275475928	0.157455917201171	-0.0219873582747567	0.00630233867216071	1102.57348536412	7	5	2230.3375908713
KLHL8	-0.277195283819643	0.08664592843627	0.00137822608973926	0.0317793961680928	NO	0.198464149206776	0.15800910945543	-0.0404550397513464	0.00647185051922902	250.475106119763	7	5	632.367148935415
ADAT1	-0.254924634655859	0.0796971690463393	0.00138064963229089	0.0317793961680928	NO	0.213849518925413	0.174106266222696	-0.0397432527027168	0.00633369469288665	327.944172352248	7	5	339.719309019745
FAM171B	-0.213812804002089	0.0668533479968215	0.00138270930442904	0.0317793961680928	NO	0.68424927754184	0.63634990256375	-0.0478993749780898	0.00649861138654876	498.713362168987	7	5	3163.50273489667
TAPBP	-0.237532656412646	0.0744764779571743	0.00142585823772521	0.0325910454337191	NO	0.331739330465299	0.281332518745557	-0.0504068117197418	0.00669724876183859	281.181832871731	7	5	522.831211319867
CA5B	-1.38024345063976	0.434679464936465	0.00149674845558651	0.0340244457663381	NO	0.307751471778592	0.100571021043134	-0.207180450735458	0.00584629017110932	9.08857910694598	7	5	24.815787750571
ZNF286A	0.293155469719595	0.0924892365454413	0.00152639915849353	0.0344976577789731	NO	0.500027098201137	0.572794992087238	0.0727678938861009	0.00688822377459551	176.895469812201	7	5	414.295676227704
POU6F1	-0.466382378985119	0.147209929328418	0.00153415064642068	0.0344976577789731	NO	0.201339660196834	0.136540609206247	-0.0647990509905863	0.00732656588431649	103.260461100149	7	5	94.3379605885468
FAM210A	-0.501141511013376	0.15834210694624	0.00155120849494563	0.0345597515364852	NO	0.269504784658601	0.182682487247189	-0.0868222974114118	0.00684589771100952	79.566133973381	7	5	360.535456375926
PTP4A3	-0.481995400464	0.152359061847031	0.00155857962437734	0.0345597515364852	NO	0.153092336475685	0.100421876254271	-0.0526704602214139	0.00568434141805245	180.542546845505	7	5	67.0940631792855
TIPARP	-0.883133590883028	0.279212712643928	0.00156183492520654	0.0345597515364852	NO	0.375847582199012	0.199352766037753	-0.17649481616126	0.00665692244293284	21.0628443552268	7	5	91.885083703794
FAM126B	-0.299365137035995	0.0947818287224523	0.00158602075023162	0.034909239793458	NO	0.199431865902325	0.155879218083632	-0.0435526478186923	0.00661922582444865	208.910361526312	7	5	610.061517706662
HCN1	-0.59405326805898	0.188298881303734	0.00160584902160187	0.0351596417361251	NO	0.143519254716383	0.0846783246653063	-0.0588409300510765	0.0082760301158736	66.7406401295181	7	5	499.669555838433
ABCB8	1.24435807317625	0.395178191989735	0.00163912571046842	0.0357003296102023	NO	0.302429220863308	0.600752463519508	0.2983232426562	0.0066924357722404	9.65896444935595	7	5	71.232509682774
OSBPL6	0.197833525597799	0.0628594785707749	0.00164822662496843	0.0357115768743161	NO	0.178064659978536	0.208881367707183	0.0308167077286468	0.00729418582379288	612.499252319246	7	5	291.93425406277
SV2C	-0.20088568775682	0.0639287152718816	0.00167603926799	0.035835482727094	NO	0.259515111307277	0.222808178184237	-0.0367069331230398	0.00740650882323164	412.075306139082	7	5	1500.21869367322
ELL2	-0.823309636821267	0.262042811547395	0.00167861201785143	0.035835482727094	NO	0.298707535370522	0.157523688428848	-0.141183846941674	0.00737702555630019	25.9304706146659	7	5	144.713671218792
GPATCH8	-0.228903832943743	0.0728602183772415	0.00167978825283253	0.035835482727094	NO	0.138582693504298	0.113445939711091	-0.0251367537932072	0.00687469560457379	415.09131448575	7	5	566.726522752613
RPS29	0.541068574343292	0.172349416768682	0.00169311567132608	0.0359355162893698	NO	0.112106471858187	0.178237543040312	0.066131071182125	0.00734829550909528	86.7131467935884	7	5	111.402911208356
VPS13A	0.64975721654637	0.207149403356049	0.00170884255212018	0.0360852031310658	NO	0.24100472569922	0.378146748126194	0.137142022426974	0.00761580503014487	38.7161798029756	7	5	195.470103408806
IAH1	0.327127834122675	0.104345491146469	0.00171827617497633	0.0360969983942421	NO	0.169372075742174	0.220465420463475	0.0510933447213001	0.00745605443073692	219.094362519891	7	5	412.946572915266
GATAD2A	-0.348303638923559	0.111213029167539	0.00173702676178386	0.0360969983942421	NO	0.192410891103526	0.143967113855026	-0.0484437772484994	0.0067459211957414	155.999302068808	7	5	247.616445317315
ZPR1	0.473264199873685	0.151144917192627	0.00174096555043748	0.0360969983942421	NO	0.191021354528128	0.274855967440693	0.0838346129125646	0.00904082457484297	95.2323436561137	7	5	565.155688144151
PSMD9	0.173182944434122	0.0553182608780643	0.00174410977818333	0.0360969983942421	NO	0.14314685418131	0.165727869012339	0.0225810148310283	0.00783991332329898	1155.14634724655	7	5	372.156468864193
ABCA1	-0.294478459608142	0.0942270389566261	0.0017768345425058	0.0365922361228917	NO	0.457115841371202	0.385459766495041	-0.0716560748761605	0.00728704810445276	170.625155666334	7	5	896.550982195547
ABHD2	-0.164671655415645	0.0528247272701541	0.00182502458511273	0.0373605331223332	NO	0.349561704897018	0.313106043383628	-0.0364556615133903	0.00763681822497285	541.028415243308	7	5	786.600009257269
MMAA	-0.271121350978279	0.0870043891571507	0.00183210306657595	0.0373605331223332	NO	0.13835005352003	0.109079001676519	-0.0292710518435117	0.0074228891037668	295.924691312268	7	5	163.694883645072
ZNF253	0.500352090667532	0.160663851776727	0.00184394915646708	0.0374186755653807	NO	0.0794550309089428	0.124616336988696	0.0451613060797534	0.00818687402846836	124.445389327833	7	5	127.670778526023
FUT9	-0.395131806425739	0.127191817448459	0.00189263830430771	0.0380582649432398	NO	0.409351018202875	0.318259785185421	-0.0910912330174545	0.00731393519728103	93.9806867603334	7	5	185.171453779063
TSPAN3	0.0569331250580557	0.0183276505981011	0.0018937646257814	0.0380582649432398	NO	0.0541568430573787	0.0571483035674256	0.00299146051004689	0.00806679237618771	22463.3543075686	7	5	3926.49278301642
LCMT2	0.123175345774909	0.0397038730848736	0.00191990244676931	0.0383980489353861	NO	0.0501032813219779	0.0563011885128099	0.00619790719083201	0.00824701873966516	4512.96557998039	7	5	202.20557908629
CYB5A	-0.0744948097057743	0.0240392580252307	0.00194252760028997	0.0386646641971593	NO	0.0454503441640985	0.0423256672904051	-0.00312467687369332	0.00777633748922311	15072.1015613656	7	5	241.188160671217
TIMP2	-0.425415975475094	0.137474691410368	0.00197142310167896	0.0390529528713547	NO	0.45040709439763	0.348771867752323	-0.101635226645307	0.00809804099820137	80.4051370222508	7	5	1085.59288530259
CEP104	-0.40599017890126	0.131467366932713	0.00201410753989261	0.0396091563082105	NO	0.38153532612653	0.291310700736482	-0.0902246253900474	0.00776147463787561	97.9840548317205	7	5	115.272252645353
XRN1	-0.685279517622214	0.222102047372113	0.00203260531691476	0.0396091563082105	NO	0.517036106109595	0.350439316643771	-0.166596789465824	0.00767964290264903	34.2976191783856	7	5	182.988858753304
CDC42EP3	-0.248569634639999	0.0805696598522983	0.00203448257840632	0.0396091563082105	NO	0.159963477135429	0.129310438488234	-0.0306530386471951	0.00758491596126153	395.991533117685	7	5	820.94676137884
GRK3	-0.61812500910371	0.200384259107902	0.00203758640623967	0.0396091563082105	NO	0.403758414720175	0.267380403472112	-0.136378011248063	0.00778286853297543	38.3554221636492	7	5	355.141969768676
TSPAN33	-0.292848863022385	0.0950158771720282	0.00205542663074692	0.0397701152739869	NO	0.0576519953176586	0.0436550943222502	-0.0139969009954084	0.00751034452367334	889.650807501622	7	5	111.88760284626
PLXNC1	-0.586172877812533	0.190368847622496	0.00207597107905012	0.0399816652261505	NO	0.291837857002383	0.186540525771627	-0.105297331230756	0.00826093563094864	45.073058468022	7	5	332.780605499442
CYFIP2	0.196484378731852	0.0638655683659876	0.00209424768952608	0.0401477898084263	NO	0.126701658174857	0.150082047905318	0.0233803897304608	0.00827535931401276	642.876340886262	7	5	1274.98745910561
KLHL26	-0.682459983500063	0.222525567179405	0.00216303164364916	0.0412762001723877	NO	0.228326301169808	0.130080631956457	-0.0982456692133505	0.00774498715710857	40.4898046282308	7	5	118.977342975903
RAB11A	0.118347432733217	0.0386083141241007	0.00217426006130361	0.0413010130366349	NO	0.129481176963858	0.143415564875264	0.0139343879114053	0.00862520835347723	2269.19736109106	7	5	2542.36048644996
GSK3B	-0.269110778218746	0.0879472422495953	0.00221402401970407	0.0418651814634951	NO	0.362471662151557	0.30284994812231	-0.0596217140292467	0.00843779972234032	196.510709933731	7	5	1518.65305793335
SLK	0.371241359433905	0.121836653007936	0.00231105664591339	0.043502242746605	NO	0.298031139250643	0.380966083874089	0.0829349446234467	0.00903371612731805	101.990291874297	7	5	324.109880683959
RASGEF1A	-0.688164800043733	0.226318532825692	0.00236035673642347	0.0442301082140614	NO	0.451552706537722	0.292646761759157	-0.158905944778565	0.00815592258490829	30.3798808098189	7	5	56.761354518268
PARD6B	-0.233263566778016	0.0768858734345934	0.00241419481618249	0.0450361006068123	NO	0.40056891642039	0.346070111993346	-0.0544988044270441	0.00864815344745641	257.75039295426	7	5	366.147114339562
IDH2	0.262227712066238	0.0865319491725109	0.00244217961376848	0.0453420024954853	NO	0.154314502486406	0.191711551012295	0.0373970485258889	0.00902346279613329	309.26833712189	7	5	212.248960766513
CILK1	-0.354586287321351	0.117091378152716	0.00245944464305651	0.0453420024954853	NO	0.213360687162465	0.159846313300649	-0.0535143738618158	0.00907897519641705	124.217560997986	7	5	204.238336164256
FAM117B	-0.377428319918361	0.124653708188598	0.00246329148172588	0.0453420024954853	NO	0.373219600913848	0.289902511381089	-0.0833170895327599	0.00894806879047069	99.819175473427	7	5	538.343920215344
GGA2	0.375303682363537	0.124019634492008	0.00247678392344891	0.04538952035924	NO	0.0475417914811321	0.0677274652361811	0.020185673755049	0.00932003503408558	431.918635719763	7	5	219.931523971148
ATAD2B	-0.512615276520543	0.169800831681052	0.00253676769849903	0.0460297841796996	NO	0.422462262364084	0.304642119426558	-0.117820142937526	0.00855795158684166	53.5073378359573	7	5	154.769855680579
LRP10	0.555567574531394	0.184127771333428	0.0025504252808	0.0460297841796996	NO	0.170863145337085	0.264257782348376	0.0933946370112911	0.00933471003605863	54.4029506682488	7	5	104.183956170932
MKRN2	-0.315772812211605	0.104664295437144	0.00255284719503623	0.0460297841796996	NO	0.368720667279803	0.298702959738741	-0.0700177075410629	0.0094718527304502	138.575530827456	7	5	491.631116903143
STRBP	0.151635609131078	0.0502664893672617	0.00255598080420928	0.0460297841796996	NO	0.126959458632359	0.144738503901127	0.0177790452687682	0.00996379861432376	1421.58644630153	7	5	611.24404157504
SPATA13	-0.743762386640874	0.246799166372386	0.00258138919821218	0.0460922592509546	NO	0.408609580312646	0.247222926695906	-0.16138665361674	0.00882833707200237	25.6366282718052	7	5	102.706341785646
DZIP1	0.258232174823473	0.085688702122088	0.00258160971285395	0.0460922592509546	NO	0.0529691802058992	0.0675221803516412	0.014553000145742	0.0107887773153516	879.339847343622	7	5	235.587373158121
GID8	0.312811183577359	0.104084899100917	0.00265278486632509	0.0471606198457794	NO	0.345438977539533	0.419132001135038	0.0736930235955048	0.00944203429644343	140.457084160748	7	5	419.701387887624
AMER2	0.267142633159823	0.0891651391167979	0.002735074373509	0.0483048395475285	NO	0.152596011720178	0.190426553020135	0.0378305412999571	0.009627738890293	241.115993663283	7	5	725.185416229991
RFK	-0.0910873198317693	0.0304104341476203	0.0027420618235435	0.0483048395475285	NO	0.359895235748043	0.339189940214507	-0.020705295533536	0.009550731035649	1739.00863182827	7	5	2818.85275039174
NOL4	-0.51835918608073	0.173201324669333	0.00276419008925267	0.0483048395475285	NO	0.213402165431475	0.139086522271484	-0.0743156431599911	0.00966953073751501	63.8798359431421	7	5	204.97849546456
N4BP1	-0.321706190867207	0.107498179027577	0.00276551840289086	0.0483048395475285	NO	0.171245280444508	0.130274542153691	-0.0409707382908172	0.0090410838076956	286.006525096189	7	5	137.010938977655
ZNF561	-0.181428128072492	0.060653967243829	0.00277883710895202	0.0483048395475285	NO	0.0931253713981791	0.0788928565693519	-0.0142325148288272	0.00999037418979039	1206.30817009626	7	5	251.408901269371
RINL	1.2324002461574	0.412129350323367	0.00278681766620357	0.0483048395475285	NO	0.154770532645121	0.385737726759028	0.230967194113907	0.0116639265375486	10.8124640974545	7	5	71.7505826836972
FGF14	-0.170712988490833	0.0573205029940489	0.00289929116902744	0.0499127043866767	NO	0.0946983364123724	0.0810411142969394	-0.013657222115433	0.0100116337780897	1182.63452733281	7	5	785.936482924616
POFUT1	-0.47116814738689	0.158228734435869	0.00290357559172494	0.0499127043866767	NO	0.266338312047052	0.184756393969935	-0.0815819180771168	0.00943974360851504	64.6421379486812	7	5	125.85966665218
CBFA2T2	-0.310481666625536	0.104325652452094	0.00291957057301357	0.0499811258589977	NO	0.345412545828066	0.278935629700934	-0.0664769161271321	0.0100307344319768	147.377641394975	7	5	301.491751644311
ACVR2B	-1.42391345853201	0.480062481847745	0.00301602137808102	0.0511431832682114	NO	0.684995125864033	0.343645632757311	-0.341349493106721	0.0122764384195987	6.85455845176892	7	5	321.370886563791
CEP43	0.258352449917237	0.0871262256813326	0.00302421144567336	0.0511431832682114	NO	0.0684267265070534	0.0868467290995148	0.0184200025924614	0.0101572671226602	528.60667143736	7	5	309.036294335507
PAPOLG	-0.255516195742049	0.0861700911433327	0.00302433247211058	0.0511431832682114	NO	0.152021236480536	0.121922253567882	-0.0300989829126539	0.0102366140379143	380.444340265411	7	5	226.018940059863
AGAP2	0.574364233185934	0.194033440891628	0.0030750912950687	0.0517910112853676	NO	0.414510947359182	0.557005098639616	0.142494151280435	0.0100744565482966	44.2969250008472	7	5	123.439047215244
RBM7	-0.149284560754033	0.0505181994067537	0.00312603226254509	0.0523652873531709	NO	0.0741296451067836	0.0645128332232887	-0.00961681188349495	0.0100427464523842	2217.53520622098	7	5	528.114506369053
LIMA1	0.625431037621387	0.211705978206091	0.00313436455551432	0.0523652873531709	NO	0.119694448066283	0.202636682309558	0.0829422342432758	0.0100758518637077	51.7321295920485	7	5	110.929181785014
EPG5	-0.331810208259217	0.112456178253463	0.00317184669604696	0.0527795290222214	NO	0.409905270636882	0.332662554987004	-0.0772427156498785	0.0100433584488719	117.821999324295	7	5	130.50980921077
YY1	0.320003562331205	0.108670931068216	0.00323265329555591	0.0535770426673808	NO	0.224900468724093	0.285502249023443	0.0606017802993497	0.0118858505347608	185.561458516523	7	5	925.346644006071
LIG4	-0.345106412592635	0.117551002954814	0.00332687118600661	0.0548318365394943	NO	0.109474824376153	0.0800827549697661	-0.0293920694063873	0.0108325479250461	202.994079140645	7	5	676.847494900481
PEG3	0.257899195320757	0.0878681587705483	0.00333472467415674	0.0548318365394943	NO	0.248287783640287	0.299460994467802	0.0511732108275153	0.010584142178136	223.510974459226	7	5	830.812713537561
DNAJC5	-0.222521246738147	0.07588890054869	0.00336572598935705	0.0551237012430131	NO	0.316991530225238	0.270881769056102	-0.0461097611691356	0.0109581895371533	267.520557315275	7	5	714.063642875652
THAP5	-0.647238513598157	0.221059517743092	0.00341267968358917	0.0556735195440429	NO	0.329628361978314	0.204711232878157	-0.124917129100157	0.0110508205226839	43.2002167414403	7	5	405.287684296144
SAYSD1	0.432279364804889	0.148084423984447	0.00350997032630325	0.0570370178024278	NO	0.119863807599353	0.173439951036398	0.0535761434370451	0.0110430224560697	125.54847395923	7	5	184.668066617673
METTL6	-0.560683331528368	0.192372245046789	0.00356173243022628	0.0573379725173308	NO	0.304391940933154	0.199862565318827	-0.104529375614328	0.0105416487017118	54.5896605240021	7	5	71.2378970392624
UVSSA	0.897352418395829	0.308029757512249	0.00357744916415003	0.0573379725173308	NO	0.290478602254893	0.501072918000929	0.210594315746036	0.0107707799434967	15.6923687692475	7	5	71.1252063162263
NUDT4	-0.460580313736588	0.158115213340476	0.00358042053507024	0.0573379725173308	NO	0.169018691348471	0.11373162474789	-0.0552870666005814	0.011357100525767	85.3889575159296	7	5	492.748470947747
SESN2	-0.243576550715252	0.0836267838424942	0.00358362328233317	0.0573379725173308	NO	0.306665361100845	0.257437094034054	-0.049228267066791	0.0107626360940892	228.821436105982	7	5	160.403748318154
WNT4	-0.672679954558969	0.231140839771831	0.00361128129723857	0.0575591195268677	NO	0.212275990220094	0.120899407603988	-0.0913765826161065	0.013708771180188	48.2501364955576	7	5	71.7608044119381
ACAA2	-0.495741050131178	0.170612513026447	0.00366485636978389	0.0581900858713778	NO	0.117670489854319	0.0751310332204107	-0.0425394566339085	0.0103112376252099	158.067449712176	7	5	84.8738531534324
IQCK	-0.268414232219639	0.092617860188257	0.00375451394609552	0.0593869886530698	NO	0.192336584303397	0.15403309484351	-0.0383034894598866	0.0113504453675941	360.379244294449	7	5	295.311526999623
ZFP36L1	-0.760981363379735	0.262819072470552	0.00378606711922038	0.0595274617457962	NO	0.346478470714815	0.198525411450447	-0.147953059264368	0.0105394793993459	22.8967623991729	7	5	63.2365608176377
AKT2	0.622347360946228	0.214989422220185	0.00379422769363638	0.0595274617457962	NO	0.159467391294353	0.261179144042087	0.101711752747733	0.0131800342406892	45.1302148669236	7	5	89.4725595948168
SUB1	-0.218188604589961	0.0753991159883838	0.00380632327509178	0.0595274617457962	NO	0.224595008186115	0.188884422289225	-0.03571058589689	0.0111751463948697	548.138037007658	7	5	2996.26875300825
RGS6	1.74504801294043	0.60363762997339	0.00384156554568476	0.0598165426187286	NO	0.155643204525402	0.513506488695813	0.357863284170412	0.0150576034246211	6.43124712146929	5	3	18.8535004987269
GSE1	0.142951256941876	0.049465705186438	0.00385356572639886	0.0598165426187286	NO	0.369741226766545	0.403626824433697	0.0338855976671523	0.0117195840474567	658.532473992953	7	5	603.589544656683
BACH1	-0.596226815054195	0.206492611458641	0.00388439768170822	0.0600709827357107	NO	0.412376313988841	0.278808959809461	-0.133567354179379	0.0113668288602359	36.6027075051477	7	5	482.399907770494
MAST4	-0.174543134459944	0.0604772761624216	0.00390055013012675	0.0600973649678788	NO	0.103504609146611	0.0883926819902343	-0.0151119271563764	0.0117820982504251	739.098375446287	7	5	214.658906859071
KCND2	-0.277478272336635	0.0962895766701373	0.00395528314284882	0.0607157855138416	NO	0.379249981465193	0.316433430485246	-0.0628165509799468	0.0118681253314927	164.431994795766	7	5	169.110533987097
TRIM13	0.152198736181117	0.0528782248188532	0.00399840495338114	0.0610408522778452	NO	0.069246439166195	0.0797224502436997	0.0104760110775047	0.0125177511311293	1684.05410656976	7	5	851.205432535382
HUNK	-0.551731972891602	0.191726438726509	0.00400580593073359	0.0610408522778452	NO	0.314819706347557	0.209256335380348	-0.105563370967209	0.0117781436819233	43.3107426285196	7	5	185.134926371943
PTPRG	0.210125550325788	0.0731746786425873	0.00408449996948034	0.0620128462519643	NO	0.381505912571969	0.432161979318905	0.0506560667469369	0.0120626447910301	273.664345745898	7	5	946.473391328435
IPO8	-0.650484785154538	0.226702750006612	0.00411343628543318	0.0620767975056448	NO	0.491267851637822	0.335053374206546	-0.156214477431276	0.0118103659600813	31.9059424934704	7	5	178.726449333467
GLCCI1	-0.320546020701202	0.111729947234647	0.00411855675758605	0.0620767975056448	NO	0.171750530917132	0.130809824475606	-0.0409407064415263	0.0117364032225311	186.988338525245	7	5	395.169048219411
LARS1	0.211614786354272	0.074049103643459	0.00426638955161081	0.0640728539158879	NO	0.055716344803099	0.0679548166968254	0.0122384718937264	0.0121339450325901	1022.26261183617	7	5	261.931327513838
KMT5A	-0.342831198242577	0.120147340084579	0.00432509913929055	0.0647209079836284	NO	0.385179511767648	0.307794176135215	-0.077385335632433	0.012577973774981	106.430984466861	7	5	149.661314119115
RBM27	0.613125272125957	0.215101338536113	0.00436640122761823	0.0648774707137637	NO	0.424348436591612	0.576440376945852	0.15209194035424	0.0123831518051072	33.7244937367173	7	5	179.632961741792
STARD3	-0.29278307080187	0.102717338688129	0.00436675283650332	0.0648774707137637	NO	0.0978066467341415	0.0748396401569764	-0.022967006577165	0.0116862640014089	345.595635129293	7	5	119.100951904886
SNX5	-0.391914828435192	0.13800621245464	0.00451369189639377	0.0668219156192103	NO	0.380343828138336	0.293176963143003	-0.0871668649953333	0.0125748456150579	88.6123936791638	7	5	187.609227231451
MAPK9	-0.273243743542391	0.0965267645224456	0.00464380935302623	0.0685044216616635	NO	0.248027580783237	0.200623274538275	-0.0474043062449619	0.0126044070113215	214.003307943921	7	5	986.618341795085
TNR	-0.541437521391439	0.191396421760398	0.0046711201054642	0.0686638149778484	NO	0.793474454684813	0.690949002311072	-0.102525452373741	0.0131657340724198	59.8505942177287	7	5	290.52683708695
COL1A1	-0.279517031242885	0.098984221031226	0.00474499301325753	0.0695041230110962	NO	0.0859968393028887	0.0664192512431086	-0.01957758805978	0.0118674746186312	515.356005408098	6	5	68.5955344714783
ZCCHC8	-0.254832538689186	0.0904801702148145	0.00485581630842293	0.0708778801510153	NO	0.0731562153010346	0.057648154346318	-0.0155080609547166	0.0122062177655468	640.58285321697	7	5	128.549516210497
FLRT3	-0.401549686190071	0.142637757648786	0.00487512778242682	0.0709109495625719	NO	0.123043125067185	0.0858437598622798	-0.0371993652049051	0.0129510261284545	124.878332014267	7	5	254.965313388981
RAPGEF1	-0.304794775834071	0.108443807594713	0.0049445521013516	0.0716701628627966	NO	0.290548303588745	0.231917160696924	-0.0586311428918209	0.0136253147608424	133.638538293707	7	5	333.549617467105
GABRB2	-0.665073036539032	0.23686981098037	0.00498877464115014	0.0720600781499465	NO	0.492511940450754	0.332915612421497	-0.159596328029257	0.0151925343602662	40.7652123838043	7	5	143.138994384803
SECISBP2L	-1.10244917938662	0.393092492819128	0.00503862243144912	0.0725282675253575	NO	0.336830157963494	0.14431529878246	-0.192514859181035	0.015405844918967	10.5250531304211	7	5	271.840262253601
GLT1D1	-0.306625643000799	0.109420356151453	0.00507440090127024	0.0727914060320145	NO	0.413279559183697	0.341402636021975	-0.071876923161722	0.0136682734093919	125.019557861557	7	5	339.777557862028
ADPRHL1	1.6417327616812	0.586315435146734	0.0051089231181425	0.0730347772215559	NO	0.143596034361563	0.464060739918905	0.320464705557341	0.0192946278764474	4.07972803945964	7	5	12.895454546853
LATS2	1.41758631117435	0.506721241436123	0.00514891851984155	0.0733544556251398	NO	0.628567067747863	0.874753762049648	0.246186694301786	0.00982881521942839	6.07991790422918	7	5	31.9790097311412
RIOX2	0.273484911421794	0.0978048784239542	0.00517026302773499	0.0734071474244968	NO	0.164435873737165	0.205527011897618	0.0410911381604524	0.0155335880450021	283.210329924495	7	5	252.736254078832
TENT4B	-0.185745683911958	0.0664918627717736	0.00521394160805857	0.0737755003045022	NO	0.244202415686582	0.211564309990263	-0.0326381056963191	0.0133849666288117	455.046880371814	7	5	514.113327379878
DBNL	0.333709047242676	0.119644729522097	0.00528439231186588	0.0744404159403359	NO	0.0848418785638577	0.114599307438312	0.029757428874454	0.0162368756216326	345.321893907819	7	5	478.0360756042
GTDC1	0.594720325332571	0.213282841457597	0.00529672190344698	0.0744404159403359	NO	0.117117444054159	0.193832893654655	0.0767154496004957	0.0135025059158982	47.5840718998505	7	5	144.868793427142
CLMN	-0.52254890641542	0.187588014191253	0.00534254766672392	0.0745055416757895	NO	0.283412827655902	0.189979371295036	-0.0934334563608655	0.0138063317977152	47.2552611412299	7	5	92.8591285103047
USP47	0.144139285078439	0.0517508760136659	0.0053485964594389	0.0745055416757895	NO	0.107585675407104	0.122227464345154	0.0146417889380493	0.0151979720227157	1212.99839631367	7	5	648.723289401533
LRRC27	-0.230211157614306	0.0826652568553227	0.00535508580794737	0.0745055416757895	NO	0.0739572909602714	0.0596564094913652	-0.0143008814689062	0.0127174842167214	1060.16371931715	7	5	37.681530661959
TLNRD1	-0.21238842336127	0.0763686102643613	0.00541757428973576	0.0749094057959736	NO	0.069962378703838	0.057342778046201	-0.012619600657637	0.0150988496402034	999.296678643669	7	5	267.646744362945
PLOD2	-1.04310340781954	0.375089838793893	0.00542012767898751	0.0749094057959736	NO	0.311077696176616	0.137265593722147	-0.173812102454468	0.0154526510102112	11.9170986086965	7	5	71.4468093696904
TRAF7	0.354296333379663	0.127532994026349	0.00546818485672484	0.0751075498269542	NO	0.463744989735871	0.552065907483405	0.0883209177475345	0.0144770906775095	96.9254991705073	7	5	209.454344130693
CLUAP1	-0.259482260543431	0.09340836262662	0.00547057394172287	0.0751075498269542	NO	0.0952824488935018	0.0751420781774773	-0.0201403707160245	0.0143624982014144	524.042732290735	7	5	262.313934920747
GPR158	-0.681067013660967	0.245595790077705	0.00555213534611114	0.075976588946784	NO	0.267931702212064	0.156275081166448	-0.111656621045617	0.0146558690086414	26.76849827122	7	5	184.493768313793
RND2	0.120846137748146	0.0436011154009902	0.00557764809855013	0.0760754625900608	NO	0.0836929285310436	0.0934388804913826	0.00974595196033895	0.0157625005017503	2362.58084852654	7	5	519.504094760912
HSDL2	0.462360766210725	0.167276976269996	0.00570900039973597	0.0776125544539269	NO	0.166508183736282	0.240814602904224	0.0743064191679416	0.0158334539736655	67.472454095809	7	5	135.684444207399
TRMT9B	0.41629168176928	0.150798028483463	0.00576968798938705	0.0779186573170092	NO	0.156957335615204	0.220156969917289	0.0631996343020848	0.0144688480922156	87.652916437254	7	5	528.421556154377
RBM12	-0.181749238949921	0.0658532651325526	0.00578168733237114	0.0779186573170092	NO	0.11569796090756	0.0983614370338144	-0.0173365238737452	0.0148925853851184	660.190741287722	7	5	502.706931156719
STX1B	-0.463014666497727	0.167784938004158	0.00578770795936439	0.0779186573170092	NO	0.503524907947001	0.38961881276515	-0.113906095181851	0.014592588700943	57.5124027436067	7	5	402.895433646257
USF3	0.210175519073348	0.0762281776375902	0.00583005815452481	0.0782356191058814	NO	0.0630150132970371	0.0766245263475345	0.0136095130504974	0.0151615075778931	623.144227628014	7	5	341.882851646272
ESYT3	1.06730253114525	0.387571887251245	0.00589044719630322	0.0787918338798116	NO	0.0547318976331887	0.144090954679077	0.0893590570458879	0.018394208797333	19.0308593619746	7	5	21.3225282714453
VPS26B	0.327747886289291	0.119213821739259	0.00597328990824557	0.0796438654432743	NO	0.375464836896227	0.454849595223447	0.07938475832722	0.0155683817846973	104.920365261224	7	5	1265.10460629308
XPNPEP3	-0.828934193754724	0.301960343557166	0.00604785110089457	0.0803803852387265	NO	0.434884556258423	0.25145192326595	-0.183432632992473	0.0144341339730448	20.3474023373924	7	5	96.6673275440316
ICA1	0.301748351345245	0.110042931192568	0.00610483784707461	0.0808793803943642	NO	0.197787140473427	0.25003338788297	0.0522462474095431	0.0165173732505819	176.428412874162	7	5	166.050247704006
SLC25A40	-0.578261897676532	0.211620483018346	0.00628476221181584	0.0829987644481075	NO	0.112523782844017	0.066392065943887	-0.0461317169001299	0.0170422001205101	81.6750050206963	7	5	218.066451774362
ASH2L	-0.202295140326775	0.0740811904905018	0.00631957449707658	0.0831943984425272	NO	0.0559665675877166	0.0461899537099574	-0.0097766138777592	0.016737217113449	1387.08005187349	7	5	233.988004805729
ARID1A	-0.152903473416352	0.0560685391598738	0.00638972631906669	0.0838525598969004	NO	0.154089776105263	0.135195532270627	-0.0188942438346362	0.0153661507184087	686.665639372829	7	5	828.774204404075
PTPDC1	-0.847986241770745	0.311157460174937	0.00642500797651169	0.0838598209219728	NO	0.368479297096687	0.199929916875096	-0.168549380221591	0.0158489748090931	17.1479568711433	7	5	85.4420336671901
SYNJ2BP	-0.286066434669802	0.104979394576197	0.00643059684473782	0.0838598209219728	NO	0.216608625618325	0.171987466158023	-0.0446211594603019	0.0165042066059286	191.506913584303	7	5	436.833513663515
RPRD2	-0.290469175027967	0.106776690460368	0.00652143193940001	0.0847786152122002	NO	0.0764943010737085	0.0583359572175017	-0.0181583438562068	0.0163295894182544	291.336273948247	7	5	520.705212550257
SYNRG	-0.803020666193054	0.29532621372383	0.00654603786663892	0.0848333879290277	NO	0.393622958003436	0.225284965773681	-0.168337992229755	0.0161745731505921	18.3163979024599	7	5	163.272603969896
KCTD10	-0.261510044837469	0.0964398590438584	0.00669515435018113	0.0864964040271848	NO	0.308061191121747	0.255268249819637	-0.0527929413021102	0.016999209723889	169.68376398608	7	5	544.252978063869
FOS	-0.803284456337902	0.296455703211391	0.00673588580289757	0.0867532041487736	NO	0.489787838045885	0.300663824562936	-0.189124013482949	0.0155984547033279	16.9227663875498	7	5	822.972406153632
GREB1L	-0.418200689306099	0.154502127951314	0.00679426813160789	0.0872350476157063	NO	0.413011890580357	0.316537760239017	-0.0964741303413396	0.0160985200850696	62.862320325884	7	5	196.002597104155
LPGAT1	-0.369354970069072	0.136567940069543	0.00683967526843827	0.0875478434360098	NO	0.340683617210016	0.263160836370792	-0.0775227808392237	0.0163476234230059	86.7418281547211	7	5	1505.73838579889
NCAPH2	-0.444184401137709	0.164389277769602	0.00689179965184812	0.087944437275117	NO	0.403197332046566	0.302305165009548	-0.100892167037018	0.0157212224804823	61.4064590674693	7	5	364.557062364261
CACNA1C	-0.403263649680528	0.149545555703381	0.00700526208278559	0.0889973261483817	NO	0.153809844591321	0.10829361770204	-0.0455162268892808	0.0169379012979568	121.548631999264	7	5	246.582147273345
RSPH4A	1.26082148633101	0.467658241010543	0.00701709686939163	0.0889973261483817	NO	0.545616888276312	0.809042080687568	0.263425192411256	0.0161206884161729	6.84454035003814	7	5	16.14213583873
NKAIN1	-0.272482826008664	0.101212479484839	0.00709853321235092	0.0897565293719752	NO	0.397843471231845	0.334713771757355	-0.0631296994744907	0.017469583019982	150.566145687152	7	5	862.54746961678
SIN3A	0.344766086213107	0.128114489874966	0.00712215390271597	0.0897823037433285	NO	0.150896823328708	0.200556748852823	0.049659925524115	0.0167736811231457	147.210330288351	7	5	170.700993189018
KCNJ3	-1.35797134314435	0.504852095892845	0.00714862921710849	0.0898437992240825	NO	0.39651638938783	0.144553626488723	-0.251962762899107	0.0189316043540298	5.86842088567076	7	5	147.552723176472
SPECC1	0.424283741882652	0.157882031985981	0.00720221753677924	0.0902446534728965	NO	0.0830856087597203	0.121654083564132	0.0385684748044115	0.0194926315303029	152.439229956287	7	5	70.8703880218922
PURB	-0.992973263796917	0.370283004848201	0.00732577895883935	0.09151723864496	NO	0.245627862777321	0.107643447378031	-0.137984415399289	0.0178063074967781	11.8058095192218	7	5	150.302245828866
ZNF225	0.341537008820244	0.127824763983419	0.00754195660914564	0.0939357469881612	NO	0.104056241474336	0.140467909924137	0.0364116684498003	0.0188073935680152	189.866077242845	7	5	110.682226598648
WIPI2	-0.156800403470171	0.0587712277466077	0.00763090196751639	0.0946085022152116	NO	0.239311736136819	0.21194234054614	-0.0273693955906785	0.0178238637571239	595.047007445651	7	5	473.72346264758
FBXO41	-0.290330321567053	0.108839260719233	0.00764145594815171	0.0946085022152116	NO	0.270619509153702	0.217241931524552	-0.05337757762915	0.0179929659666844	136.278926667108	7	5	544.207154046453
PDZD8	0.209579047200778	0.0786003611806826	0.00766711852847424	0.094644549194222	NO	0.380395905805674	0.430873275464899	0.0504773696592252	0.018322207255123	259.20390774994	7	5	1060.38290733044
UBXN2B	-0.212008150243672	0.0795829858281348	0.00772202278877746	0.095040280477261	NO	0.314373584403561	0.270564780674507	-0.0438088037290537	0.0177516610993824	257.59027529523	7	5	1206.53676458776
LBH	-0.185782419249114	0.0697728367203292	0.00775221446198964	0.095130419356569	NO	0.391191943191522	0.34794440469157	-0.043247538499952	0.0181527193895097	308.696197691727	7	5	1336.38619753644
CTDSP2	-0.298579389216442	0.112355190715181	0.00787320075793939	0.0963309269206701	NO	0.334819630834623	0.271891763767036	-0.0629278670675866	0.0171525170471597	129.72635417299	7	5	143.660306696423
NKAPD1	0.16903096002835	0.0636574657880154	0.00792331402379556	0.0966597839853065	NO	0.354976689092782	0.394555430710436	0.0395787416176547	0.0186773677934852	403.489278449649	7	5	1252.01266757727
KCNJ2	0.65371828213672	0.246478054831425	0.00799603312247195	0.0969491957608232	NO	0.68250422712563	0.805185129242114	0.122680902116484	0.0155106108862812	63.020453396643	7	5	52.6117500882082
MIA3	-0.21982234746102	0.0829012382034873	0.00801073105839335	0.0969491957608232	NO	0.267804628537784	0.226950349238433	-0.040854279299351	0.0183582459557069	282.755854041672	7	5	340.631962582474
HS6ST2	-0.500899951605019	0.188922249560421	0.00801695272637577	0.0969491957608232	NO	0.282360880344474	0.19252581994517	-0.0898350603993037	0.0187592272678344	46.5692662577972	7	5	504.467981325626
NEUROD2	-1.74772984281358	0.659899592781856	0.00808550068451801	0.0974443920866726	NO	0.340195762760273	0.0824018396193844	-0.257793923140889	0.0198793922199152	2.78814865031019	7	5	10.8709398307615
SCYL3	0.411844340037244	0.155549455523207	0.00810474991874729	0.0974443920866726	NO	0.2101672746419	0.286575807652884	0.0764085330109845	0.0190295960677326	77.5981754676441	7	5	162.586471779044
MAP2K4	-0.286112136858259	0.108120955756697	0.00813961892650901	0.0975021764624754	NO	0.304558339364358	0.247536097776061	-0.0570222415882972	0.0188333457856264	140.523250868016	7	5	2315.95086002764
TES	-0.167985986357388	0.0634981723552313	0.00815643206945708	0.0975021764624754	NO	0.347332447847369	0.310288369692805	-0.0370440781545643	0.0184757619104952	399.402677129077	7	5	644.158450406637
ZMAT3	-0.18817737203233	0.0712599481215166	0.00827307395664977	0.0986131451566277	NO	0.297795128981962	0.259994563983546	-0.0378005649984167	0.019345478645387	361.204181075652	7	5	809.83018676312
GTPBP4	-0.249380225100093	0.0944748837924814	0.00829927291154721	0.0986427866058182	NO	0.102976015717065	0.0821138457223423	-0.0208621699947225	0.0177201380285538	526.060545532215	7	5	418.290229576215
ANKS1A	-0.398211641817403	0.151030525685011	0.00837340647801153	0.0990151386273805	NO	0.216384902307493	0.15642517597727	-0.0599597263302227	0.0191865636446189	73.3058977642709	7	5	501.564213403951
NUDCD2	0.278827471673003	0.10575924757146	0.00837820403770143	0.0990151386273805	NO	0.16133768705595	0.202703701505153	0.0413660144492034	0.0222207833914437	354.609727760606	7	5	467.63484694591
GLS	-0.446729288141662	0.169549776762506	0.00841875500487089	0.0992125235701499	NO	0.435595719620179	0.330530752442694	-0.105064967177484	0.0189329237699462	52.2431460961756	7	5	1270.06552136327
ATP6V1B2	-0.167293616238102	0.063558189442863	0.0084850606481264	0.0997114471644233	NO	0.329733525431292	0.293865376816922	-0.0358681486143707	0.0194965693484182	409.392039562334	7	5	4522.12687413472
TMEM183A	-0.187967744048538	0.0714499198096943	0.0085193638767616	0.0998325457107839	NO	0.349357533226781	0.307926258087249	-0.0414312751395314	0.0197377461856284	317.249659038674	7	5	845.838058636047
DESI2	0.380234070798727	0.14459270598921	0.00854626249898161	0.0998664381903469	NO	0.199393768022259	0.267008510972949	0.0676147429506908	0.0188803999852907	92.262503190532	7	5	272.17612031399
TNFAIP8L1	-0.656899473555364	0.250364107156924	0.00869608154333512	0.101332490813093	NO	0.345938093003743	0.215203282799012	-0.130734810204731	0.0213032064350607	26.5030181295398	7	5	48.9817903414381
PRKG1	-0.271806649020755	0.103639583688537	0.00872580061606132	0.101394778108422	NO	0.299913106387315	0.24610064066208	-0.0538124657252355	0.0191445976998642	146.695641098119	7	5	499.727387502452
MAK16	-0.325041814652255	0.12411449112954	0.00882171908767846	0.10222382006892	NO	0.197547831505609	0.151005900401993	-0.0465419311036162	0.0196635799008483	143.15329975985	7	5	444.63239462421
ZDHHC22	-0.459994475547469	0.17578195481664	0.00887461185274708	0.102551070298411	NO	0.467876241331622	0.356940822762218	-0.110935418569404	0.019682838530018	47.6858758096603	7	5	240.281651941237
PWWP3A	-0.314180365551866	0.120264327211264	0.0089904973138148	0.103602406718752	NO	0.320127060648043	0.255903880752978	-0.0642231798950644	0.0205514186281543	111.451698758195	7	5	288.20221614782
SOCS4	-0.239655355563886	0.0918102866567962	0.00904543129736349	0.103947497781857	NO	0.229484171023243	0.189865939635396	-0.0396182313878474	0.0204874922571508	196.351916369857	7	5	690.742624089158
TSFM	0.253866278769314	0.0974993043079406	0.0092203188589627	0.105665362130261	NO	0.0942126056519527	0.118221141614564	0.0240085359626117	0.0214912809304225	399.934823532285	7	5	268.364230094277
POLR3D	0.490697306099779	0.188536915711941	0.00925039021950215	0.105718745365739	NO	0.109457057557785	0.167200153482721	0.0577430959249363	0.0208134704510129	76.9430743798528	7	5	171.554138564627
HOMEZ	-0.559774344048779	0.215233807462655	0.00930138918671452	0.105818612342872	NO	0.0973245151556787	0.058025996762473	-0.0392985183932057	0.0246437709053407	92.3308095972407	7	5	60.3026512750812
AP4B1	-0.369232737590053	0.141990673020335	0.00931147872700726	0.105818612342872	NO	0.0785425512677188	0.0556429571074314	-0.0228995941602874	0.0193194414797108	310.20734558152	7	5	106.852688121654
ERCC6	0.957667973447003	0.368433501058754	0.00934150006977527	0.105818612342872	NO	0.182789008792878	0.368211587450535	0.185422578657657	0.0222265658909557	13.0674668465681	7	5	89.6051066076958
FECH	-0.158651892452187	0.0610646610438096	0.00937420993710147	0.105818612342872	NO	0.179280413918748	0.157111061076235	-0.0221693528425131	0.020295319515096	663.653506692803	7	5	305.232719281571
POLR3H	0.137711673499182	0.0530138723205625	0.00938631441214418	0.105818612342872	NO	0.173649940750634	0.194306690239503	0.0206567494888691	0.0208205127968224	948.359900619839	7	5	963.231939871833
MTURN	-0.310871348248589	0.119722280984557	0.00941504113352552	0.105855597609368	NO	0.425331281099465	0.351649448143574	-0.0736818329558906	0.0203828737634877	108.313388261881	7	5	695.257668864768
ARSD	0.438512919559324	0.16903480793417	0.00948067140249218	0.106306180685627	NO	0.506897974308839	0.614461820129198	0.10756384582036	0.0201968397109064	58.3037079350843	7	5	163.60805270547
TEX261	-0.239174778336804	0.092260146930854	0.00953101660687239	0.106583411517713	NO	0.404633474522195	0.348561037256628	-0.0560724372655668	0.0210337707901101	174.039093214257	7	5	530.42766385806
PRKAR2B	-0.347276972468408	0.134316387023976	0.00972337698417619	0.108443024810115	NO	0.391980131905747	0.312969407189657	-0.0790107247160896	0.0210807628862171	83.704751487451	7	5	3250.80152956388
SLC17A5	-0.290876005054598	0.112631183965441	0.00980722897479757	0.109085755441599	NO	0.246776197010238	0.196746135614168	-0.0500300613960701	0.0210623400462079	138.025240159235	7	5	231.765639765728
PCDHB9	-0.605119395592348	0.234813552903559	0.00996559712903283	0.110551690818071	NO	0.0823763067820989	0.0467256746212588	-0.0356506321608401	0.0258582806180584	64.83568746433	7	5	38.4987047256997
SFRP1	0.305276514925165	0.11862308366968	0.0100675624559311	0.11138579738477	NO	0.334233682418893	0.405205451476089	0.0709717690571961	0.0212871741264118	106.897329400613	7	5	290.914893938878
ATM	-0.252602799417059	0.0982318174054132	0.0101259965136968	0.111527153430074	NO	0.359905278037197	0.303988124197376	-0.0559171538398208	0.0215172460563682	156.147964081356	7	5	142.076500858757
RIMKLA	-0.252181977625926	0.0980790593243045	0.0101343496597989	0.111527153430074	NO	0.136532967186518	0.109430491089189	-0.0271024760973287	0.0221802962672464	307.660565890946	7	5	589.84536372339
IREB2	-0.225187435660447	0.087619403782242	0.0101679861363227	0.111527153430074	NO	0.238983991383484	0.200456245587436	-0.038527745796048	0.0219527288223568	225.390690146242	7	5	828.316056785457
ADCYAP1R1	-0.518203638200405	0.201683002733525	0.0101875765152471	0.111527153430074	NO	0.364023716814615	0.254236064105466	-0.109787652709148	0.0213255659226542	39.3071474305609	7	5	207.873372803226
KBTBD11	-0.357294810920282	0.13911833399202	0.0102204614812652	0.111593490189143	NO	0.33085946687619	0.257004728018069	-0.073854738858121	0.0212525839147672	80.7355861346592	7	5	489.317934720994
AFAP1	-0.608068377847045	0.236986537397433	0.0102927744756996	0.112014179000534	NO	0.526514253385503	0.377091497599073	-0.14942275578643	0.0211383880555156	31.9788745640411	7	5	453.733123868863
RAB11FIP3	-0.576529465722309	0.224753862509845	0.0103128438839434	0.112014179000534	NO	0.0669425177505775	0.0387478321002726	-0.0281946856503049	0.0260203034828205	118.492026712443	7	5	164.652590988582
BRD3OS	0.0753498942733962	0.0293847196306731	0.0103397750846694	0.112014230083918	NO	0.135442864323263	0.14451099904283	0.00906813471956716	0.022455560685115	3772.18379743567	7	5	1017.38365339692
MSANTD4	-0.299410037629079	0.116806335808714	0.010368150404518	0.112029884890376	NO	0.251473765004452	0.199379402186994	-0.0520943628174585	0.0217785215521263	138.013675043022	7	5	1017.02197766706
CAMK2A	-0.529019845026634	0.206543468464378	0.0104281178061162	0.112385932832755	NO	0.251635246393545	0.165352525205818	-0.086282721187727	0.024295204512349	40.9339483015583	7	5	55.2105792640047
SCN1A	-0.693769056675779	0.271007108786071	0.0104682323756951	0.112526735614707	NO	0.210570752362371	0.117610260688567	-0.0929604916738039	0.0253373615418681	26.4909118493162	7	5	223.092463378208
GPALPP1	0.464484222746035	0.181557983032881	0.010517791696866	0.112529277956814	NO	0.252924845905894	0.350102390107723	0.0971775442018291	0.0260178327443417	63.8195830018667	7	5	77.7414579879595
UBXN4	-0.280711562611739	0.109768799807374	0.0105488721096161	0.112529277956814	NO	0.400085221989699	0.334963224665386	-0.0651219973243125	0.0221860997772315	124.278160329575	7	5	1065.48432227247
ZNF507	-0.999050628687789	0.390670211925327	0.0105496198084513	0.112529277956814	NO	0.450911164038443	0.232180333565593	-0.21873083047285	0.0228958898704083	12.210089857249	7	5	172.779457044699
OTULIN	0.588688807014305	0.230312794272671	0.0105870825902428	0.112640060295166	NO	0.247467909517593	0.372040274750721	0.124572365233128	0.0218883451618963	32.0483917143606	7	5	86.5403454625646
DNM3	-0.26685091468526	0.104450174431101	0.010624412540748	0.112748867779366	NO	0.493396948798466	0.427204813970829	-0.0661921348276365	0.0224602650543431	158.606559446227	7	5	2104.73161783572
DMAC2L	0.267035009903495	0.104638387983163	0.0107112853663732	0.112879054957363	NO	0.190877286304748	0.23554074040921	0.0446634541044626	0.0226117911193142	193.884536255746	7	5	147.670664144616
PTP4A2	-0.115165673161243	0.0451288903533029	0.0107128693751827	0.112879054957363	NO	0.247453409474516	0.226635712851977	-0.0208176966225395	0.0224696550579001	1011.74418190365	7	5	2012.61964443073
ROBO2	0.308334231418321	0.120832066014199	0.0107180833433073	0.112879054957363	NO	0.220772966414	0.278315371122464	0.0575424047084638	0.0216681567603665	149.298118523408	7	5	244.870300035453
TANC1	-1.22940545518819	0.482444253854393	0.0108253991996251	0.113721365329395	NO	0.267908596207158	0.0966804665860679	-0.17122812962109	0.0232180464268506	6.53099269620848	7	5	74.5037541708437
DCAF8	-0.341815012247874	0.134275631734873	0.0109083215328921	0.114025636811195	NO	0.421036739477015	0.340664601125231	-0.0803721383517845	0.0229094196005149	88.8086491781195	7	5	431.51720339728
UTP23	-0.325785138016871	0.128042153513397	0.0109478667132159	0.114025636811195	NO	0.220920780350853	0.169934196616698	-0.0509865837341552	0.0205293525237164	162.505047615397	7	5	209.50006215881
NLGN3	-0.28765807849266	0.113098093374653	0.0109767285228684	0.114025636811195	NO	0.172938216685265	0.135567555575624	-0.0373706611096411	0.0235761938790929	157.123379561109	7	5	389.466315691632
MTPAP	-0.218668090436247	0.0860388270599312	0.0110376436226244	0.114025636811195	NO	0.132780819788249	0.109558374445664	-0.0232224453425852	0.0222175276756286	481.414370774968	7	5	562.920612101198
GATC	-0.209953534413389	0.082615402414934	0.0110429593654115	0.114025636811195	NO	0.125079219736584	0.103851924043399	-0.0212272956931847	0.0233366120087513	587.943880911626	7	5	1967.13221803404
ZNF623	-0.322263084869726	0.126810429647632	0.0110441759138508	0.114025636811195	NO	0.178163252751561	0.135743259334451	-0.0424199934171098	0.0223232937499473	154.336112731802	7	5	280.305020602542
METTL2A	-0.274033883781667	0.107835016751875	0.0110462335660845	0.114025636811195	NO	0.168983752633155	0.133903069155568	-0.0350806834775879	0.0208544278930854	269.173548880529	7	5	171.097262974069
PLEKHD1	0.793191392092631	0.31239819238619	0.0111157229856869	0.114458929753607	NO	0.30938303378061	0.497546554901081	0.188163521120471	0.0223388240723856	15.2261673283902	7	5	227.265557872866
KRR1	0.236640660744586	0.0932839991956195	0.0111878341717134	0.114917012726736	NO	0.0979017777358101	0.120880536652869	0.0229787589170586	0.0230183938563767	370.880626025807	7	5	322.600729750437
TBC1D22A	0.742554556417936	0.293149893082196	0.0113084484777845	0.115869816915231	NO	0.208096852383024	0.35574488463335	0.147648032250326	0.0244615689806109	21.0962566667273	7	5	60.2245650487862
VWC2	0.625837964183939	0.247836668305801	0.0115631386620418	0.118188346029714	NO	0.109616954334942	0.187121769905413	0.0775048155704712	0.0253855304301148	40.8221045452724	6	4	19.2933548496876
USP51	-0.445624548724077	0.176727495360232	0.011684408156591	0.119126662227091	NO	0.259340464300348	0.183168869108571	-0.076171595191777	0.0210064908181707	74.5852822433321	7	5	62.9368775762734
THOC5	0.237421621721642	0.094188818298394	0.0117122127045385	0.119126662227091	NO	0.117375238706374	0.144290470664155	0.0269152319577813	0.02404707581745	503.062086705447	7	5	91.8335122081421
PPIF	-0.259136031349772	0.102925235904465	0.0118120089492073	0.119593710599587	NO	0.161119557912809	0.12908676941763	-0.0320327884951791	0.0234402965873726	310.12662171304	7	5	277.639709428027
ARID1B	-0.332493494134879	0.132067463675842	0.0118156286193342	0.119593710599587	NO	0.240109625727787	0.18473782667494	-0.0553717990528468	0.0236797544550715	96.8909455003125	7	5	1127.88636289929
THUMPD1	-0.152733629734116	0.0607410262157167	0.0119199525475904	0.120257747410626	NO	0.288812654598023	0.258478565462588	-0.0303340891354342	0.0237596974357341	497.156722335645	7	5	640.588139149306
EPHA7	-0.353736680418643	0.140710033136342	0.0119390504039876	0.120257747410626	NO	0.39824981710272	0.317236805218712	-0.0810130118840076	0.0237048272042439	78.2379411711395	7	5	410.130734656403
NUBPL	0.42794709434064	0.170412086008487	0.012030497798309	0.120886161451607	NO	0.174959107363434	0.2454675395238	0.0705084321603664	0.0255297707568083	68.4511155675311	7	5	219.897206438134
CC2D1B	0.446370522097376	0.177880166026514	0.0120940237690134	0.120982212526625	NO	0.128677710340305	0.187501000699727	0.058823290359422	0.0243382214048432	76.9720327145437	7	5	63.2819852530934
PJA2	-0.304733211537402	0.121443149271139	0.0120982212526625	0.120982212526625	NO	0.452355955846089	0.378507171941882	-0.0738487839042072	0.0244029589591734	102.372028666343	7	5	6393.67235697039
SIKE1	-0.275017279189432	0.109667399682244	0.012150617900184	0.121214797277615	NO	0.298849919988987	0.244567750997549	-0.0542821689914384	0.023809983585625	146.642066066941	7	5	937.847340857103
NETO2	-0.226567091728787	0.090415870912812	0.0122163232418039	0.121578719344269	NO	0.15553471189757	0.128039893590332	-0.0274948183072376	0.0244993398553369	297.817926885874	7	5	729.348983559382
ACBD5	-0.313017280565982	0.125085116530492	0.0123342531202093	0.122315065060905	NO	0.36568463126347	0.29654764751593	-0.0691369837475401	0.0249170878121825	96.6308164202453	7	5	879.155811383252
ZFP1	-0.394963209368292	0.157858498515333	0.0123491171455721	0.122315065060905	NO	0.539011037920209	0.440631077093656	-0.0983799608265528	0.0245875055097494	58.1480497051389	7	5	325.340249564644
MRAS	-0.251534905604897	0.100732662479997	0.0125229857552651	0.123742567082904	NO	0.35330272204453	0.298157333334538	-0.0551453887099925	0.0243949538544626	150.144263943831	7	5	594.622946813623
DSCAM	0.629252823551739	0.25211064034155	0.0125624140635026	0.123838015412727	NO	0.0920701257774778	0.159847418029402	0.0677772922519242	0.0270348100219175	46.2307988331715	7	5	154.437844270062
KCTD12	-0.765061326940554	0.30679068683819	0.0126399155394356	0.12430744360296	NO	0.41150409638423	0.245490000121529	-0.166014096262701	0.0247610608380087	15.8758207621022	7	5	285.077388034334
VIRMA	-0.316394584369781	0.127289242594858	0.0129320561791369	0.126504640282534	NO	0.104130955830681	0.0780933163260613	-0.0260376395046195	0.0246711915010751	180.598349356049	7	5	94.3114797599724
PTPRD	-0.421035413912618	0.169403102312204	0.012940391391655	0.126504640282534	NO	0.297509569982845	0.217512640910247	-0.0799969290725988	0.0276456849201538	61.8204615529983	7	5	235.03469199578
ZNF169	0.895090568053874	0.360314799666668	0.0129846359771518	0.126504640282534	NO	0.284916050513873	0.493721629420208	0.208805578906335	0.0245899690005224	11.1680011179227	7	5	33.6223850610381
PTPRO	0.221570632468837	0.0891926209352423	0.012984971490539	0.126504640282534	NO	0.651879176075265	0.700332196564588	0.0484530204893237	0.0250669754064236	254.053059747308	7	5	691.444571256165
INTS7	-0.366500941298467	0.147636505192939	0.0130480644459472	0.126524120336683	NO	0.192657142976176	0.141931763181316	-0.0507253797948601	0.0245762728724794	105.954258944829	7	5	158.384831800362
MCFD2	0.117437037982774	0.0473070150127919	0.0130484402323905	0.126524120336683	NO	0.361883169886125	0.389417134642456	0.0275339647563313	0.0256134408380751	683.700185256438	7	5	1418.79859587203
HINT3	-0.199927722885961	0.0805629912214931	0.0130782143617244	0.126524120336683	NO	0.398641716010697	0.351818446303717	-0.0468232697069797	0.0257182855012243	232.998920837957	7	5	848.532685581147
MTUS2	-0.520088947265982	0.209825682729586	0.0131872683959575	0.127283147394857	NO	0.201346795900001	0.13033647735494	-0.0710103185450616	0.0241250090840087	52.9305705208334	7	5	64.5604098338546
B3GALNT2	0.685339335084387	0.276693407786861	0.0132532472562766	0.127623862467848	NO	0.443731245357254	0.612849731634176	0.169118486276922	0.0251968987453373	21.4190704163051	7	5	206.336021330887
DESI1	0.402678354811912	0.162669005140203	0.0133069845051728	0.12784539386032	NO	0.294094201969962	0.383929299119166	0.0898350971492032	0.0259530944447534	62.3964364017735	7	5	327.110771010476
LGALS8	0.243697570151423	0.0985329920123918	0.0133887221359388	0.12822961863743	NO	0.25419401838302	0.303080789732123	0.0488867713491025	0.0273258551847936	166.135025392675	7	5	964.209173919167
PTGES3L	0.368604547517552	0.149067988925166	0.0134086259873274	0.12822961863743	NO	0.156544251934537	0.211557248212158	0.0550129962776212	0.0262864300170465	99.2081581485065	7	5	171.239981620455
FAM126A	0.323292779725232	0.130847454500132	0.0134825915266876	0.128641240254634	NO	0.13942524466175	0.182906396683146	0.0434811520213963	0.026527166183719	123.889983409005	7	5	243.970903139877
FAM102B	-0.678838159530632	0.274862223514275	0.0135211379574723	0.128713807558546	NO	0.511913647121154	0.347244259996508	-0.164669387124646	0.027196403416549	22.8400744571219	7	5	1194.29025168541
SET	-0.120516495384747	0.0488572919801109	0.0136362889828476	0.129513612257183	NO	0.349206480899003	0.322338529677712	-0.0268679512212912	0.0262301843119004	708.127945755737	7	5	3342.29942387215
RIMS2	0.28217901391305	0.114497914858407	0.0137208232607175	0.130014841845081	NO	0.277048873065271	0.336938197115274	0.0598893240500032	0.027054870381253	136.237885517393	7	5	366.457631142259
AP2B1	-0.176346427789958	0.071646937870243	0.0138424756498517	0.130014841845081	NO	0.363107779373117	0.323387558802671	-0.0397202205704458	0.0267431667066035	292.600026252871	7	5	1824.48927438646
WAPL	-0.94626364844022	0.38455490637074	0.0138676923678742	0.130014841845081	NO	0.436730232651932	0.231349534022269	-0.205380698629663	0.0258384339626989	10.2148620676339	7	5	188.798052819588
RPRD1A	-0.177221628221933	0.072027390974671	0.0138753059165397	0.130014841845081	NO	0.283207445487216	0.248649412000277	-0.0345580334869391	0.0262833857922488	345.393970146919	7	5	1297.01148092626
PLEKHG1	-0.875530848554311	0.355917944491371	0.0138966706737889	0.130014841845081	NO	0.279884507095647	0.139366041945766	-0.140518465149881	0.0251605437105882	12.6009368919635	7	5	85.6813192006664
S100PBP	-0.287687474539121	0.116952667539679	0.0138990276446218	0.130014841845081	NO	0.363707018138434	0.300062985630837	-0.0636440325075974	0.025948049727413	112.498098668525	7	5	421.179002567698
PCDH7	-0.185376680238758	0.0753799456840627	0.0139235094628247	0.130014841845081	NO	0.291604587588827	0.254836712052751	-0.0367678755360767	0.0266257712193197	302.949657158547	7	5	586.814871131587
TANGO2	0.461968001096817	0.187893997748034	0.013945549402643	0.130014841845081	NO	0.0867032619622788	0.130948151377681	0.0442448894154022	0.0267303739814649	71.1184873128937	7	5	205.704955089776
FAM189A1	0.464620734494375	0.189082561240773	0.014001014347855	0.130014841845081	NO	0.310741446375388	0.417745675332648	0.10700422895726	0.0262761954892193	42.9219891375106	7	5	107.515688104428
NSD2	-0.591604936160646	0.240771465624243	0.0140054999880451	0.130014841845081	NO	0.301962646812348	0.193165033046651	-0.108797613765697	0.0277499671948622	33.5939634541672	7	5	98.9100283108184
LZTFL1	-0.415442356844718	0.169192652761271	0.0140712357077376	0.130014841845081	NO	0.389385548786531	0.296225266590539	-0.0931602821959919	0.0259861719201139	54.3755187417412	7	5	172.518666525072
NUCKS1	-0.209122126941335	0.0851773630595193	0.0140830761389446	0.130014841845081	NO	0.225765088224079	0.191312796173399	-0.0344522920506801	0.0269348264379572	236.552718065999	7	5	2237.44254871722
MARCKS	-0.0701040077596042	0.0285747351780839	0.0141530058420965	0.130014841845081	NO	0.19428849829817	0.183548947209749	-0.0107395510884208	0.027115783007677	3026.67996112655	7	5	4594.54153996247
IGLON5	0.367854768446408	0.14994210810692	0.0141547519892029	0.130014841845081	NO	0.442185616059075	0.533837760472502	0.0916521444134278	0.0273606872470097	66.2556608380802	7	5	274.322087979313
KANTR	-0.289937329780443	0.118185817782983	0.0141578661913033	0.130014841845081	NO	0.276746894814501	0.22259746724685	-0.0541494275676506	0.0268540003584118	124.292248796142	7	5	204.834792306979
GABRQ	-0.687257758737939	0.280379258182854	0.0142391934100493	0.13027751214532	NO	0.371219410345516	0.228950484234522	-0.142268926110994	0.0282188136268091	19.5032844523698	7	5	97.2185080660839
YES1	-0.545454348118095	0.222600243542165	0.0142707010784883	0.13027751214532	NO	0.357847063883659	0.244128780440766	-0.113718283442893	0.0274114567454179	31.4807429402064	7	5	183.110313370523
CECR2	1.01597815075313	0.414662765037063	0.0142804196005447	0.13027751214532	NO	0.684282237041779	0.856865958138276	0.172583721096497	0.0309547251611306	10.6297831136438	7	5	31.502973054822
RPGRIP1L	0.607280957308621	0.248138780543824	0.0143913407150407	0.130776008766916	NO	0.275425117325337	0.410962380843562	0.135537263518225	0.025648304821954	30.5287462637803	7	5	89.8484724106122
IGFBP5	-0.188091703556815	0.0768606267522331	0.0143979355805884	0.130776008766916	NO	0.455853572747116	0.409716266970555	-0.0461373057765614	0.0275186154883686	290.401772118541	7	5	1387.03011537028
ZNF302	-0.184473356659402	0.0754944930887677	0.0145442012337826	0.131644611354013	NO	0.426031486046258	0.381653785021489	-0.0443777010247691	0.0276188745239301	271.329663586718	7	5	721.595963118811
DISP2	0.413862253088994	0.169392127848898	0.0145568560631841	0.131644611354013	NO	0.0813122877221054	0.118075015541086	0.0367627278189803	0.0288772094605028	93.8758880589909	7	5	474.36442704592
VPS33A	-0.227308796013804	0.0930752813206205	0.0145979074109978	0.131729489869307	NO	0.16213453921116	0.13357182621969	-0.0285627129914702	0.0274351334015453	339.929764057656	7	5	451.374969877689
GBP2	1.49940562634218	0.614159004762875	0.0146305826638526	0.131738579830361	NO	0.315455039261883	0.673633995497635	0.358178956235752	0.0335620932395838	3.33502074204605	7	5	132.552846693851
SESN3	-0.333944557769804	0.136994253693006	0.0147829257472832	0.132822831768246	NO	0.556844592176434	0.473629770555036	-0.0832148216213982	0.0279295925243377	88.8030420579186	7	5	854.389631526303
CAMSAP2	-0.193200865754411	0.0793651160506776	0.014919395153977	0.133760094483932	NO	0.411668524268808	0.365801092646016	-0.0458674316227925	0.0279269174195425	238.480189095809	7	5	1677.78821845633
TBC1D14	-0.260743965184473	0.107224266957085	0.0150255508453217	0.134177916223128	NO	0.405945799313942	0.344908698879203	-0.061037100434739	0.0283189075420281	129.907316010912	7	5	558.250993246603
AP1S2	-0.119064990998877	0.0489702692487728	0.0150417200929627	0.134177916223128	NO	0.420730100620265	0.392016939071947	-0.0287131615483185	0.0283692467644467	656.5470831935	7	5	2790.85873649404
ATP9A	-0.216624891981675	0.089114267433515	0.0150627612683175	0.134177916223128	NO	0.413111389287749	0.361757855135585	-0.0513535341521635	0.0281500237073504	199.676640312439	7	5	3334.19846742322
CCDC127	0.145281173270598	0.0597872536278797	0.0151001140550725	0.134223236045088	NO	0.0995365665810311	0.113336597313564	0.0138000307325329	0.0297803899510293	1257.2198131827	7	5	403.157674802626
NEPRO	0.21667711601171	0.0893004981806074	0.015250211259121	0.135268398375146	NO	0.215362536781651	0.254221664154075	0.0388591273724243	0.0300676979095911	313.575505378538	7	5	340.915703108036
CGN	1.20149181688614	0.495642166314691	0.0153458980023661	0.135640588668122	NO	0.370240300183482	0.661571619237764	0.291331319054281	0.0268538772465924	5.37239883435908	7	5	36.0772303577356
TMEM106B	-0.113115795133836	0.0466910490807715	0.0154080130505991	0.135640588668122	NO	0.0487080731974841	0.0437264015676631	-0.00498167162982101	0.0299837157343417	3150.93818177056	7	5	868.296730687937
ANK1	-0.354968173737191	0.146641979678292	0.0154929993924754	0.135640588668122	NO	0.208086448026325	0.155583039144513	-0.0525034088818123	0.0251705106643223	98.1173329054842	7	5	198.674866649491
MLEC	-0.31967242071332	0.132076881086429	0.015505529213392	0.135640588668122	NO	0.35195556255212	0.282898997112436	-0.0690565654396834	0.0286568246008222	95.4028437838297	7	5	754.473423074348
ARL15	-0.449830701284227	0.185868068067263	0.015513624838523	0.135640588668122	NO	0.401739887899026	0.299841760261491	-0.101898127637536	0.0283634169468658	59.851275855334	7	5	300.228069932678
UMPS	0.398494683024576	0.164690208562555	0.0155349280187272	0.135640588668122	NO	0.103102318465508	0.146199525688488	0.0430972072229806	0.0396594210130939	181.548805606522	7	5	100.216911210285
PKNOX1	0.514044717276795	0.21248567091024	0.0155548096496945	0.135640588668122	NO	0.347114070379994	0.470607863329848	0.123493792949854	0.0279640698336344	36.120653091463	7	5	114.645026394119
EIF3A	-0.217529581290289	0.0899813545543365	0.0156276978436637	0.135640588668122	NO	0.146351230684832	0.12120801789988	-0.0251432127849515	0.0299346619663937	355.413355970811	7	5	719.421350388389
GAREM2	-0.235617700305604	0.0974751750826557	0.0156401090397942	0.135640588668122	NO	0.251137094466156	0.209461460249166	-0.0416756342169905	0.0305252094458781	176.296821141756	7	5	574.587576491245
HAS3	-0.50223372549871	0.207849043818554	0.0156774629197866	0.135640588668122	NO	0.273392283954667	0.185470808623564	-0.0879214753311021	0.0273799785634322	36.9388649701291	7	5	99.4123160562827
GNA12	-0.251838437543264	0.104233998401901	0.0156883003604926	0.135640588668122	NO	0.276908589095784	0.229402756202082	-0.0475058328937018	0.0286061759823446	158.016296285708	7	5	625.345352284864
NAPG	-0.356065350967545	0.147387731093291	0.0156989069822633	0.135640588668122	NO	0.403395191306703	0.321387311153031	-0.0820078801536718	0.0291117438156932	68.6412943469618	7	5	1058.0803285513
ZKSCAN1	-0.324577968168138	0.134376122714725	0.0157160489754892	0.135640588668122	NO	0.231596390080212	0.178888392063539	-0.0527079980166727	0.029339975314858	92.3154021975279	7	5	1692.28225358768
CCDC43	-0.275860439239003	0.114468316737594	0.0159556546027343	0.137423443369306	NO	0.276602584095627	0.224917217925569	-0.0516853661700576	0.0302588761910581	141.802615935843	7	5	619.020401609512
FANCA	0.35783072065518	0.148560825345159	0.0160117369472657	0.13749522845282	NO	0.321230415200872	0.403646929129775	0.0824165139289034	0.0299163642655061	83.5778308194478	7	5	33.739464480785
CTDSPL	-0.48313137301736	0.20062648205414	0.0160351877258768	0.13749522845282	NO	0.304856219790616	0.212920597699496	-0.0919356220911201	0.0280766184452627	55.2586958096539	7	5	90.6941651166219
SYP	0.257217175160406	0.10686897913963	0.0160909534798048	0.13749522845282	NO	0.0481819415636671	0.0614465317748685	0.0132645902112014	0.0291099402627926	363.592566721416	7	5	346.744293929854
PACSIN2	-0.134290193049326	0.0557978498458278	0.0160961962155104	0.13749522845282	NO	0.400046783198336	0.36828985617683	-0.031756927021506	0.0299728710264255	497.484033918485	7	5	462.77943443472
SRC	0.213886965074653	0.0889112951419829	0.0161449614961093	0.137629179966834	NO	0.0416081166409823	0.0510246229213944	0.00941650628041206	0.0295106202747775	988.247186535402	7	5	168.673507008283
MTMR3	-0.204624568251704	0.0851319996349464	0.0162338512547958	0.137721080088036	NO	0.258291484944466	0.221061325818128	-0.0372301591263376	0.0302406614453998	233.921468610931	7	5	337.0223861637
VPS4A	-0.0516693631579782	0.0214984235449713	0.0162433014878359	0.137721080088036	NO	0.0553426043963739	0.0527025826483146	-0.00264002174805933	0.0297529436082253	16574.7532050593	7	5	636.15099434834
GOLGA1	-0.232228537903474	0.096650560710707	0.0162716617064983	0.137721080088036	NO	0.333480346712453	0.283998311766018	-0.0494820349464349	0.0299795203251518	168.614356097996	7	5	214.204137206074
TSPAN9	0.840778912216405	0.349983107966299	0.0162904965986207	0.137721080088036	NO	0.305139801748946	0.504459451364522	0.199319649615576	0.0291208945654001	13.1178492760281	7	5	55.1939653105979
PABIR1	-0.0802980866801506	0.0334345361849823	0.016321272231587	0.137721080088036	NO	0.0750790846387043	0.069689787650969	-0.00538929698773528	0.0296140547045065	5850.79466582941	7	5	422.665616539748
LAMTOR3	-0.173314603207654	0.0722527763800864	0.0164522266810053	0.138447488629487	NO	0.313683662442123	0.277625980277519	-0.0360576821646043	0.0303164441346029	377.041322162113	7	5	1299.02124304309
CLMP	0.977309545657651	0.407510595520696	0.0164739199210567	0.138447488629487	NO	0.27242171443439	0.49873481013174	0.226313095697351	0.0322616913091546	8.92933225214266	7	5	57.9209607820626
NDST1	-0.332595345405465	0.138733472006226	0.0165132779466485	0.138498460197697	NO	0.381940657258178	0.307056951819538	-0.0748837054386402	0.0299241297598562	84.5914884859633	7	5	212.415191535969
ADCY5	-0.247795020118993	0.103411055421503	0.0165654149642964	0.138656189640791	NO	0.236667679655923	0.194844826715144	-0.0418228529407788	0.029984159506589	166.832963237558	7	5	254.388800614185
CEP89	0.744600555440651	0.310920695050181	0.0166283138514443	0.1386737550627	NO	0.228188160190147	0.383677104639625	0.155488944449478	0.035760039682471	18.6991752382658	7	5	64.6211882506173
RPL35A	0.15740812993536	0.0657320086101079	0.0166341836000691	0.1386737550627	NO	0.0770926192708726	0.0890643426156823	0.0119717233448097	0.032651315296445	1388.64245741337	7	5	568.813373410664
GGACT	0.997756676887455	0.416887203678047	0.0166953404595289	0.138806698002398	NO	0.470122695480956	0.706429358622844	0.236306663141888	0.0290882402743141	8.09304472218768	7	5	80.9783149193301
SRRM4	0.245615063218931	0.102644268259672	0.0167168643507696	0.138806698002398	NO	0.375096064702875	0.434183956799183	0.0590878920963079	0.0302817612220939	143.520036081388	7	5	724.04380873972
HNRNPR	0.197169524252277	0.0825022130194545	0.0168543594502519	0.139669592257068	NO	0.0747633486372546	0.0895980828319541	0.0148347341946994	0.0317896256099914	686.865321166344	7	5	1158.46914617609
TIMM13	0.237426762995386	0.0994185410784754	0.0169332554642953	0.139886799047247	NO	0.074571445245894	0.0927027062843011	0.0181312610384071	0.0309916754255894	554.61902915001	7	5	613.683367793214
EPHA3	-0.385846634459107	0.161588299013568	0.0169478237307242	0.139886799047247	NO	0.36165531381693	0.278074387305083	-0.083580926511847	0.0301759375057629	58.2457615268006	7	5	286.883587844162
PHF2	-0.507842646447398	0.212832408364529	0.0170274159155287	0.140265445957622	NO	0.588015276839006	0.462054106678364	-0.125961170160642	0.030730918417613	36.3652754821592	7	5	196.35554907364
CLIP3	-0.230465518178611	0.0967092267207678	0.0171686103774089	0.140778898340763	NO	0.296145788090473	0.250455410178203	-0.0456903779122705	0.0313472879752635	168.30100650638	7	5	1492.32885685842
MED12L	1.0910281600591	0.457964308189274	0.0172028559289619	0.140778898340763	NO	0.837027647596518	0.938618734255227	0.101591086658709	0.0580956800439841	13.7715908023883	7	5	131.274538529977
ZNF529	-0.0954123838687442	0.0400500616639582	0.0172035659047217	0.140778898340763	NO	0.0466883261840168	0.0426206789742142	-0.00406764720980259	0.031591640863244	5359.3830736848	7	5	218.885089954072
CSTF1	0.35676552779953	0.149783974304239	0.0172251103979443	0.140778898340763	NO	0.208883350076476	0.273904123195975	0.0650207731194988	0.0302689852789866	97.6275408710183	7	5	235.768314024752
CIAO1	-0.199240543514577	0.0838361373404412	0.017475522013126	0.142452780346495	NO	0.28412750008867	0.245396062151576	-0.0387314379370937	0.0310596682471468	235.090742878762	7	5	1044.18751357293
SERPINB1	0.339363554973319	0.142825905214734	0.0174984064319853	0.142452780346495	NO	0.186221390828871	0.243168033438948	0.0569466426100768	0.0297162782404866	104.966397704937	7	5	127.572835437268
SIM1	-0.483695050686488	0.20381932014564	0.0176368112561047	0.14309275572754	NO	0.342116058116384	0.242766137605061	-0.0993499205113226	0.0377827180012383	60.6972335822778	5	3	151.48743898978
EPB41L1	-0.143327239320259	0.0603999993138921	0.0176458133865933	0.14309275572754	NO	0.356051970861018	0.323908236575023	-0.0321437342859948	0.0311894142432658	411.583651558595	7	5	1681.53175647371
DTWD2	0.760971907403799	0.321641324903959	0.0179861966450826	0.145569217983548	NO	0.167326182153677	0.300750838746605	0.133424656592928	0.0379960023919779	22.5997547786492	7	3	28.8874155234707
EPS8	0.961740721150497	0.406950888688206	0.0181137587883474	0.146316964193253	NO	0.246160528304173	0.460717413217463	0.21455688491329	0.0301771478546968	8.51664416847387	7	5	88.6270832324893
AP1M1	0.119408146026651	0.0505710534943557	0.0182161226866033	0.146858663519903	NO	0.0532108318088235	0.059557610153987	0.00634677834516353	0.0319248678258219	2381.82370483206	7	5	653.919340390269
ZNF382	0.282443332002898	0.119677666122837	0.0182732721743274	0.147034453085497	NO	0.131645230004614	0.167416838735775	0.0357716087311603	0.0359661829101568	192.475578184859	7	5	248.962391113334
INVS	1.28350432652211	0.544858366046899	0.0184895339551554	0.148487376937155	NO	0.281675186933503	0.585971674687196	0.304296487753693	0.0292073307277186	4.25628816303382	7	5	63.4405930144188
CELF5	-0.278933339975683	0.118674023837536	0.0187524331557126	0.150308520092032	NO	0.61959120597848	0.55203098927842	-0.0675602167000607	0.0328131819965387	148.768305868992	7	5	847.105807370416
KPNA6	-0.138314415917759	0.0589043327312679	0.0188684635241456	0.150783679259657	NO	0.369448274011656	0.337848040377696	-0.0316002336339603	0.0332625845418562	438.300985961753	7	5	1420.03537561006
CSGALNACT1	-0.378139722598124	0.161060688762114	0.0188842059842022	0.150783679259657	NO	0.332459535907815	0.254411353820247	-0.078048182087568	0.0333117543930962	60.715179413684	7	5	218.937689710106
PPARGC1A	-0.832354056881538	0.354772115187566	0.0189676888658179	0.151160125827208	NO	0.456087622814052	0.267281873419178	-0.188805749394874	0.0325317572663852	12.0285868637456	7	5	188.62533164717
AMDHD2	1.26786128968161	0.540754300070235	0.0190466747025915	0.151499362835145	NO	0.282914860004977	0.583659107782815	0.300744247777838	0.0306036587082048	4.94103730310849	7	5	53.4271139002817
TRAK2	-0.195406573802162	0.0835067925255128	0.0192833198808546	0.153088951725869	NO	0.210417839135614	0.179783466909448	-0.0306343722261661	0.0330718049192392	238.757025083664	7	5	517.461923784293
PSENEN	0.213715369338728	0.0913970254782258	0.0193707241882379	0.153489928805847	NO	0.0689249982861612	0.0839687685347754	0.0150437702486141	0.0370622322603884	678.804148878161	7	5	515.527693024911
NFYA	-0.340314625576668	0.145723581647363	0.0195254811540473	0.15421292261594	NO	0.200994533007246	0.151819042455441	-0.0491754905518044	0.0332929748634752	116.457597737871	7	5	245.405981623246
ZNF268	-0.0740170946248035	0.0316970693718406	0.0195361082256252	0.15421292261594	NO	0.0511340246580024	0.0476597778879712	-0.00347424677003117	0.0342721795939047	7033.83917937367	7	5	302.456896205391
JKAMP	-0.195272887886187	0.0836749612062237	0.0196110410052519	0.15438308475738	NO	0.120929091201812	0.101658228514338	-0.019270862687474	0.033764956445705	551.785071085808	7	5	1083.87819419042
SPART	-0.233570677678103	0.10012303676424	0.01965672659655	0.15438308475738	NO	0.0873399901054883	0.0704285032859094	-0.0169114868195788	0.0316026214568714	530.822891641239	7	5	189.097995340952
CHM	-0.467464703795149	0.200434764182477	0.0196873530228852	0.15438308475738	NO	0.390764790671834	0.286680044558733	-0.104084746113101	0.03421659532797	40.4338894783182	7	5	416.445535725763
BRMS1L	-0.354518452457444	0.152030064681315	0.0197061100976367	0.15438308475738	NO	0.327881647108078	0.254965898452013	-0.0729157486560654	0.033553929913259	70.9062034767166	7	5	368.6270342533
TMEM47	-0.283028266173852	0.121553931931977	0.0198899610669449	0.155530522628742	NO	0.263410765441223	0.212262031950099	-0.0511487334911247	0.0340654667986729	115.754036030455	7	5	612.402483843337
CNIH1	-0.116865602608596	0.0502296851864279	0.0199852737899051	0.155982624701699	NO	0.205484440937289	0.187060004727968	-0.0184244362093212	0.034010887591522	1276.11498754965	7	5	2193.5181950829
AMFR	-0.396124708795351	0.170318762808476	0.0200300592758486	0.156039413085262	NO	0.408417073230111	0.317206890002986	-0.0912101832271258	0.034126335065197	53.1991036178323	7	5	642.048887052418
SLC44A1	-0.167517348824749	0.0721196169248539	0.0201914621608975	0.156810339766222	NO	0.105530742636074	0.0907306965985446	-0.014800046037529	0.0335073951468779	843.200804633158	7	5	193.362472639389
PSME3IP1	0.213320096765414	0.091858304337948	0.0202182188776135	0.156810339766222	NO	0.139508525310246	0.167136642076663	0.0276281167664166	0.0370472065733495	318.810387226643	7	5	858.246024685986
FKBP9	-0.675554810300473	0.29095794231202	0.0202421039553993	0.156810339766222	NO	0.354096788960133	0.218123704603769	-0.135973084356364	0.035632440601541	17.9330059673468	7	5	247.246358611347
RER1	-0.155706109526712	0.0670981646031846	0.0203099649022041	0.157043594782842	NO	0.21301915290284	0.188080987895882	-0.0249381650069579	0.0351913280668559	556.197791428356	7	5	677.831295056895
LANCL1	-0.254396000539386	0.10973780005883	0.0204375469617538	0.157702015757423	NO	0.368274922441806	0.311306028748997	-0.0569688936928094	0.0350462706934761	124.747659158394	7	5	1690.56705252758
NOL9	-0.469070380706774	0.20239466545586	0.0204709347377423	0.157702015757423	NO	0.441501505025088	0.330894782682826	-0.110606722342262	0.0352812524451969	36.0340417606004	7	5	206.9241797062
ERC1	-0.157335811084563	0.0679097108719765	0.0205125482508862	0.157730500413469	NO	0.291892602181153	0.26046643772149	-0.0314261644596636	0.0346075166028403	337.489016497033	7	5	795.592993796968
RTL10	0.3081671712314	0.133121058147496	0.0206162533622585	0.157855266519996	NO	0.310011471863612	0.379446432246904	0.0694349603832916	0.0348500023173244	88.5007099127769	7	5	229.338165229276
RPS6KL1	0.379571143259029	0.163996990407438	0.0206402748503063	0.157855266519996	NO	0.110636795247387	0.153854778368222	0.0432179831208343	0.0388573301413116	110.386912287615	7	5	136.8988225043
TBC1D30	-0.321871908620333	0.139070100499158	0.0206426117756917	0.157855266519996	NO	0.18550801329296	0.141688218141351	-0.0438197951516091	0.0347154973324958	104.930697898091	7	5	317.284820995256
TRPM3	1.51716218144852	0.655798968715058	0.0206975709724061	0.157985128890292	NO	0.126414325444479	0.397503236891829	0.271088911447351	0.0315180079780554	3.26338214508554	6	5	25.5308234121956
DERL2	0.166988467179468	0.0724756896251721	0.0212191752568434	0.161669906718807	NO	0.383967923154397	0.42415207407367	0.0401841509192732	0.0361782369640561	299.691977438171	7	5	825.563194954051
SCUBE3	1.52229887420582	0.661866430816151	0.0214476993314631	0.163112302045497	NO	0.334507468469544	0.697290954858455	0.362783486388911	0.0344995343705162	2.57060168702284	7	5	99.5820336029059
ALDH3A2	-0.210550788432991	0.0916096364241821	0.0215420130526415	0.163307822094684	NO	0.221660618302591	0.187465130065726	-0.0341954882368647	0.0361796791284835	249.320937137498	7	5	404.893721116829
THUMPD3	-0.381721812463687	0.166144902519889	0.0215889259384061	0.163307822094684	NO	0.1690151671272	0.121922967121187	-0.0470922000060133	0.0359346709927823	91.2544413933206	7	5	151.071042916728
ZNF654	-0.279065037758268	0.121465501171674	0.0215911784019414	0.163307822094684	NO	0.401032848277181	0.336210315493439	-0.0648225327837418	0.0372034081324963	102.023783303755	7	5	240.816430535497
RUNDC3B	-0.125227971676619	0.0545353370335834	0.0216603295837087	0.163333840169277	NO	0.186201733875636	0.167966269367977	-0.0182354645076585	0.0360781935607302	826.725508875239	7	5	1048.88804417635
ATL1	0.136391974642575	0.0594029315060719	0.0216731441763079	0.163333840169277	NO	0.0783608458833549	0.0887950117969751	0.0104341659136203	0.0371213445884784	1458.12826501292	7	5	1250.90263675494
ZIK1	-0.413235016297383	0.180551358605934	0.0220944957158531	0.166015107960717	NO	0.233014567650887	0.167339425091161	-0.0656751425597259	0.0358876044932933	57.4891292913986	7	5	180.845803329919
NF1	-0.349257230208101	0.152614409732063	0.0221087427428455	0.166015107960717	NO	0.396724076270546	0.316827291778387	-0.0798967844921596	0.0352697624116475	63.9451164732946	7	5	445.584427439489
ZNF516	-0.281670274378104	0.123163842696352	0.0221983983935354	0.166387995165959	NO	0.221390356847354	0.176643946541729	-0.0447464103056246	0.0346089635400895	111.628425449048	7	5	169.502461220391
KCTD18	0.433649923096301	0.189759509737292	0.0222975541927754	0.166830621298463	NO	0.251126229223872	0.340972193667845	0.0898459644439733	0.0361773738887391	42.1597991588035	7	5	87.3061363095278
COG5	0.280701642985793	0.123015745344357	0.0224990788998611	0.167165931794197	NO	0.470713686635301	0.540764852372982	0.0700511657376806	0.0374566069233891	97.3644160036174	7	5	344.749225580512
TAF1	0.426574776576806	0.186984290121982	0.0225283240634917	0.167165931794197	NO	0.516609809665232	0.620821956777505	0.104212147112273	0.036201399921884	41.9106233765584	7	5	114.121098276571
FBXO42	-0.0853494989180783	0.0374169107267724	0.0225460343643459	0.167165931794197	NO	0.171115548542997	0.159347475015682	-0.0117680735273149	0.0385123364538604	1806.2596747998	7	5	672.778690488577
SHC4	-0.213143880867028	0.0934721455291413	0.0225903156019374	0.167165931794197	NO	0.248642173834152	0.210982871815563	-0.0376593020185891	0.0376415956329982	204.789085745025	7	5	383.632815807045
DCP2	-0.272829382953777	0.119654532943578	0.0225992397443697	0.167165931794197	NO	0.505531697930273	0.43765079722466	-0.0678809007056121	0.0375590783033281	105.024595420642	7	5	718.651190921447
RCOR3	-0.410030115704918	0.179853734769255	0.0226196944905417	0.167165931794197	NO	0.355144009269748	0.267658745167434	-0.0874852641023143	0.0381511265906492	48.0172759153451	7	5	617.448045558245
ZNF121	-0.217068523978285	0.0952167346324333	0.0226236585577243	0.167165931794197	NO	0.479468556735951	0.425743159062949	-0.0537253976730019	0.0374539482220226	162.419543100729	7	5	415.779351010257
PCNX1	0.367917876404212	0.161482243646687	0.0227039609130387	0.167461839358583	NO	0.462487290524108	0.554182541591497	0.0916952510673888	0.0375422892770687	56.2962957120138	7	5	416.762496813589
VAPA	0.0928106008873845	0.0408062218769489	0.0229405786682289	0.168861311908959	NO	0.0906784403891864	0.0986274928039177	0.00794905241473128	0.0394991575885015	3153.2593128644	7	5	3939.89872607776
SENP1	-0.457568386977886	0.201230496335359	0.0229748804183824	0.168861311908959	NO	0.345685949951436	0.25056051262485	-0.0951254373265868	0.0366557798894587	37.4218749764217	7	5	128.081332588509
SKIL	-0.241383219885402	0.106206231606697	0.023039542586173	0.169001298783988	NO	0.357860293031225	0.304481677023879	-0.0533786160073457	0.0386940788149049	135.290404031745	7	5	1567.8044505552
CHIC1	-0.439787694915545	0.193562095383416	0.0230819505170825	0.169001298783988	NO	0.550104521231605	0.440608050734798	-0.109496470496806	0.0380431690587873	41.9037356645342	7	5	184.881947340895
SMIM10	0.799517968689299	0.351975605635505	0.0231158026461753	0.169001298783988	NO	0.192549436354543	0.346601628724855	0.154052192370312	0.035974892465448	12.5697180971624	7	5	37.7289092354288
TMEM170A	0.254282534162246	0.112183917508857	0.0234111477584696	0.170860306447778	NO	0.276966341278628	0.330643232964714	0.0536768916860863	0.0378601479804946	134.205161525587	7	5	348.649121339104
NKX6-1	0.774920567150335	0.342331671058428	0.0235953838982702	0.171816985947123	NO	0.451442609985909	0.641085104785717	0.189642494799808	0.0410996764520201	27.8406107184052	5	3	58.1327152828596
ARHGAP24	0.602214112251339	0.266092466601454	0.0236248355677294	0.171816985947123	NO	0.128613746154312	0.212309934952587	0.0836961887982741	0.039631084768961	31.6267372624719	7	5	94.4623933560035
ULK1	0.400999474803453	0.177470115036798	0.0238502872927127	0.173153918215855	NO	0.456294328875965	0.55619396425874	0.0998996353827746	0.0389534747801426	46.8150686552497	7	5	134.341055605813
LUC7L3	-0.224921283802159	0.0997792640230777	0.0241843029357612	0.175272996886353	NO	0.128891143127098	0.105673191294224	-0.0232179518328746	0.0375266946666058	317.958509304345	7	5	1578.06073521177
WDR76	1.49718273294022	0.66576436538698	0.0245240925778167	0.17720941488648	NO	0.0997297550227901	0.331136754011965	0.231406998989175	0.0617289988399687	5.82455044580403	7	3	11.6815029149726
MOB1A	-0.299645412126759	0.133257474951877	0.024536688215051	0.17720941488648	NO	0.301322381074506	0.242200284085267	-0.0591220969892383	0.0393484053616758	101.511015814479	7	5	324.706691903405
DNMT3A	0.382827460220175	0.170611110300612	0.0248414051086492	0.179099211875183	NO	0.20478171989557	0.274114865025035	0.069333145129465	0.0397881888224288	85.9438201943472	7	5	178.042116956616
GRIN2B	-0.678117530499382	0.302578910951653	0.0250179003306606	0.179896974344078	NO	0.194630613387362	0.109260692813513	-0.0853699205738483	0.0372960018635543	22.9596074630323	7	5	154.456775303891
TKT	-0.0540157487223222	0.0241054834421546	0.0250385452272167	0.179896974344078	NO	0.0459521694126004	0.0436413253145222	-0.0023108440980782	0.0395671021146437	14591.7443675326	7	5	280.087805005984
TIGAR	-0.302176565929462	0.134905377864534	0.0250964481546885	0.180002110902594	NO	0.0974502714201944	0.0739144588492861	-0.0235358125709082	0.0458407959842008	300.534187295219	7	5	299.770056300052
WDR43	-0.43958642856357	0.196325575485269	0.0251514539222337	0.180086141680709	NO	0.306706078700974	0.221809823016428	-0.0848962556845459	0.0412822724137799	42.8806723771616	7	5	172.056651854187
KCTD2	-0.224344198058196	0.100349469638049	0.0253760744536377	0.181382250390263	NO	0.315067330451925	0.268768757337346	-0.0462985731145794	0.0405063529534562	154.52272057072	7	5	564.02823526864
TOMM20	-0.144908390093895	0.064887584538122	0.0255342993165022	0.182200146066294	NO	0.395726413744416	0.361649419210849	-0.0340769945335662	0.0410376835858939	360.827347226012	7	5	1964.97624435764
FAM104A	-0.217786568011177	0.0975977443825245	0.0256499248652561	0.182493358763026	NO	0.403425160044332	0.352287282815055	-0.0511378772292768	0.0413258021028223	166.488404801203	7	5	436.604649091003
RHEB	-0.0906424146957867	0.0406378641640008	0.0257148244394431	0.182493358763026	NO	0.0774193736816287	0.0711881291960218	-0.00623124448560687	0.0426719560957213	3589.55968401683	7	5	1277.73318199234
PAPOLA	-0.307724292740959	0.137989446016623	0.0257436769415488	0.182493358763026	NO	0.39251714605062	0.322027883792713	-0.070489262257907	0.0420052898291267	78.5334492952898	7	5	674.431210156564
METTL16	0.374179943922641	0.167797576188421	0.0257508657677635	0.182493358763026	NO	0.201587059360241	0.268504254568206	0.0669171952079646	0.0428698124004816	62.8889896717833	7	5	95.3732044258247
CYRIA	-0.244644913966509	0.109846043704417	0.0259364611921238	0.182926917892106	NO	0.380742339520533	0.324965784539782	-0.055776554980751	0.0412211712629854	124.017795882797	7	5	1015.59484504379
ZNF555	0.247385680561467	0.111078059729772	0.0259383452973805	0.182926917892106	NO	0.0719446059184705	0.090313812367131	0.0183692064486605	0.0410204991858823	368.72642560767	7	5	112.434803373508
MELTF	1.43218893097277	0.64308803833103	0.0259439619125823	0.182926917892106	NO	0.446989167925703	0.77194838486403	0.324959216938327	0.0380434656726396	2.80437378586018	7	5	15.1468815797688
PLAAT3	0.166067258682737	0.0746407082052619	0.026088719396797	0.183636332809942	NO	0.279490884694257	0.314121395662498	0.034630510968241	0.0418465900765529	342.997500087035	7	5	425.430515674439
EHD3	-0.576744871792534	0.259505258336809	0.0262509816655289	0.184355641605856	NO	0.0805750899269507	0.0469178140694385	-0.0336572758575122	0.0446175021382219	71.3922376935068	7	5	391.473263884786
RYBP	-0.277943322827839	0.125083868924183	0.0262795421808348	0.184355641605856	NO	0.479856061424365	0.411307536786915	-0.0685485246374495	0.041491221275655	102.897721893978	7	5	764.975500578118
AMIGO1	0.16340715101142	0.0735858493289363	0.0263758419994927	0.184719701545269	NO	0.188005685484804	0.214229990157263	0.0262243046724588	0.0423155098827255	346.087280529934	7	5	304.425784249277
PSMC2	0.24832179662449	0.111959778417111	0.0265578726349583	0.185577031457937	NO	0.0962998474254929	0.120181864945715	0.0238820175202217	0.042570555134868	297.312539953557	7	5	589.259534513729
FAM227A	0.397579585642215	0.17929007389341	0.026587478545416	0.185577031457937	NO	0.0621809627405654	0.0898123304025487	0.0276313676619833	0.0405617531710708	142.1961256298	7	5	68.8021897228087
PITPNM2	0.673389352336896	0.304196354502041	0.0268517125336987	0.187107410620078	NO	0.276415293727708	0.428267348478887	0.151852054751179	0.041325344348015	15.3913924275644	7	5	188.399267723846
RNF144A	-0.332316790191769	0.15051279500812	0.0272514347400818	0.189097914341912	NO	0.520032232051075	0.437295625064594	-0.0827366069864812	0.0428088767776026	69.0916454758658	7	5	384.361992105274
PPFIBP1	0.57274128210358	0.259465440767072	0.0272868613152961	0.189097914341912	NO	0.366111691753621	0.50595146108859	0.139839769334969	0.0427381514500809	21.2164008689058	7	5	164.208480707246
SLC25A33	-0.101071035784029	0.0458073568356328	0.0273534339020599	0.189097914341912	NO	0.0503999687502436	0.0457767491917082	-0.0046232195585354	0.0440742984936231	3702.06583743582	7	5	403.404675408973
URI1	-0.173517386217886	0.0786477917959057	0.0273658812526486	0.189097914341912	NO	0.0691959820668278	0.0588216131103928	-0.0103743689564349	0.0445349009156786	1018.45661966111	7	5	294.691345665557
FBXL4	0.398772586370171	0.180757235154012	0.0273754303548999	0.189097914341912	NO	0.112335661792247	0.158646997858233	0.0463113360659858	0.0416072623452087	94.4157286695212	7	5	114.733512413883
ATE1	-0.258539524090901	0.117218137753528	0.0274101063336953	0.189097914341912	NO	0.355583637871905	0.298777922094565	-0.05680571577734	0.042539792107277	110.495265988597	7	5	753.476706785431
KCNAB3	-1.4279954709929	0.647880780077986	0.0275171554915479	0.189522130537813	NO	0.633000326250765	0.292580191005981	-0.340420135244784	0.0425623462001206	3.6427037617207	6	4	12.8006133599167
ACTR8	0.146047984643726	0.0662882737229074	0.0275788911444381	0.189633367208037	NO	0.228344185256181	0.255091981265456	0.0267477960092745	0.0430833418151467	423.65415315932	7	5	169.128620068378
MEF2A	-0.279322436264553	0.126824561427485	0.0276348277045344	0.189704427806705	NO	0.325449612066218	0.267339867848174	-0.0581097442180433	0.0430036061622184	95.2241131658185	7	5	459.454891641818
KCNQ3	-0.387138515700817	0.176110428796778	0.027929772504218	0.191299023602539	NO	0.477590905656711	0.38299977611414	-0.0945911295425717	0.0444023337371236	47.2680567751304	7	5	535.58922145045
ITSN1	-0.25347898942574	0.115429092478855	0.0280939882732247	0.191299023602539	NO	0.527656003337343	0.46437498019652	-0.0632810231408226	0.0438396948497325	130.413899033383	7	5	345.713042939893
UCK1	-0.286896269630821	0.130654983191617	0.0281040379617616	0.191299023602539	NO	0.254662277065085	0.204111052698379	-0.0505512243667056	0.0447392836634324	115.818639041552	7	5	285.305192883922
DPP8	-0.249899518361868	0.113810601292763	0.0281099110840083	0.191299023602539	NO	0.170603076517822	0.138088395833113	-0.0325146806847096	0.0437261756103333	200.581637453971	7	5	385.777289830885
CTC1	0.402561286164842	0.183336954721605	0.0281101672891624	0.191299023602539	NO	0.0800329754596585	0.115134178933347	0.0351012034736881	0.0427373667658754	87.7200031636317	7	5	45.7673644548424
RABGAP1L	-0.255319400136521	0.116347050222827	0.0282020773511226	0.191299023602539	NO	0.442350058761623	0.380612506100784	-0.0617375526608381	0.0446611887783063	130.617786848528	7	5	1323.63633510187
ANKFY1	-0.286899846427158	0.1307464186087	0.0282122119921976	0.191299023602539	NO	0.351574135031745	0.289250505326836	-0.0623236297049095	0.0430748343671493	89.2889728996492	7	5	487.468415409281
NKAP	-0.497866904069697	0.226921427388494	0.0282350001182594	0.191299023602539	NO	0.131197935856756	0.0840711605755635	-0.0471267752811923	0.0413722126709109	73.0773518350545	7	5	121.739299960611
TRAF3	0.420371716623656	0.191911044589311	0.0284915534126312	0.192635180101977	NO	0.223495635386324	0.304695139932186	0.0811995045458615	0.0478284696887348	42.2213629806836	7	5	251.228399705554
HNRNPUL2	0.614914260847646	0.280783806869125	0.0285248247458697	0.192635180101977	NO	0.1737684785177	0.280045296327949	0.106276817810249	0.0424939930123101	20.7312083463337	7	5	297.923682921685
MTHFD2	0.117737874000626	0.0537914929855956	0.0286126583467384	0.192707954483789	NO	0.115200661721176	0.127755943171887	0.0125552814507104	0.0475348035491528	1271.85795298491	7	5	947.513469437494
SLC4A8	-0.30032116638627	0.137222675902413	0.0286282490074474	0.192707954483789	NO	0.373775737351035	0.306533956898476	-0.0672417804525587	0.0436692740452111	80.0040300300225	7	5	293.11974468852
GK	0.646385417945647	0.295532551952535	0.0287287613807469	0.192810239057646	NO	0.21522028270575	0.343585700492654	0.128365417786904	0.0431905439804381	18.9133312210313	7	5	47.0942793934813
DCC	-0.769291786941956	0.351814327819774	0.0287687099663253	0.192810239057646	NO	0.205720173466195	0.107147907106158	-0.0985722663600371	0.0506515195966653	13.6123818852351	7	5	54.9317565729657
PTP4A1	-0.229481160067996	0.104955914852501	0.0287824900131727	0.192810239057646	NO	0.232145629095657	0.19376700134921	-0.0383786277464475	0.0453462270032073	171.084033855043	7	5	2520.74429076635
MEX3B	-0.445766520718278	0.203962105169209	0.0288495703622444	0.19294889502723	NO	0.268875634653021	0.190602328398392	-0.0782733062546289	0.0455674286009964	38.5696229401054	7	5	253.548017858873
MAP4K2	1.03042589650467	0.471926785943666	0.0290030994814759	0.193664356088186	NO	0.223746450138998	0.44681698420897	0.223070534069972	0.0466848713007234	6.12560539876656	7	5	63.3961533995658
CCDC169	1.2578624361334	0.576258275730995	0.0290497909791035	0.193665273194023	NO	0.332162393827905	0.63632327747945	0.304160883651545	0.0470451121904844	4.30082460074346	7	4	33.7972343745544
NDUFC2	0.119501824475909	0.054810459808442	0.0292371516985617	0.194602481705627	NO	0.0743419094911823	0.0829953273336757	0.00865341784249345	0.0494646787690603	1839.10787828206	7	5	1504.24201155914
SEMA3E	0.158053549871013	0.0725176700009237	0.0292932265880653	0.194664253364779	NO	0.240549331370151	0.270592881423363	0.0300435500532117	0.045520438075198	384.991780182932	7	5	503.307099112964
KIF2A	-0.126116387307365	0.0579164828980657	0.029439105163739	0.194780727365704	NO	0.269332839921092	0.245246665583552	-0.0240861743375396	0.0453812404119273	507.915872959296	7	5	2112.48135292682
CBR4	-0.419443681034656	0.192682500624288	0.0294906843948025	0.194780727365704	NO	0.326330746798971	0.241536967972617	-0.0847937788263534	0.044648137629447	56.3490332977765	7	5	263.876709947267
NEGR1	0.237162171463219	0.108966363798806	0.029520031960138	0.194780727365704	NO	0.217601521897514	0.260660872449743	0.0430593505522293	0.0449317696719545	135.433951324984	7	5	1040.81178078175
MBD5	0.303220026651477	0.139345524198432	0.0295530251092879	0.194780727365704	NO	0.253843662214695	0.315399245635473	0.0615555834207781	0.0466371068191765	101.034047100546	7	5	103.130131267643
ENDOD1	-0.219142782783397	0.100709891108625	0.0295567011867208	0.194780727365704	NO	0.224451509486715	0.188612117146775	-0.0358393923399402	0.0451542462101778	188.274141322507	7	5	1045.89130242834
KIAA0930	0.0828100762640991	0.0380646185111321	0.0295916874267127	0.194780727365704	NO	0.179499591518407	0.192020988703482	0.0125213971850744	0.0456122814316547	1402.33348492369	7	5	943.310354938795
ANKRD44	-0.201332048419533	0.0925957298445276	0.0296816778844647	0.195064423379737	NO	0.322049574081649	0.279750262273492	-0.042299311808157	0.046899829769951	193.223907186495	7	5	297.67787527993
SGSM1	-0.418613522023147	0.192638973293566	0.0297767882604858	0.195380818870065	NO	0.29385396324179	0.214948194128497	-0.0789057691132926	0.0458761358585247	42.1605951101747	7	5	151.297012917139
CABLES1	0.823727325307076	0.379435499918524	0.0299365806511803	0.196119961431354	NO	0.195806642204872	0.356867832130679	0.161061189925807	0.0487240651779753	11.9520804144704	7	5	46.472014013847
MTAP	-1.03373247576804	0.476397106595694	0.0300146777541233	0.196322420530114	NO	0.390370104962439	0.185504578492748	-0.204865526469691	0.0472704636231332	7.61901126704574	6	5	37.6534510406316
USP46	-0.352276078970702	0.162602023215707	0.0302735652282271	0.197704915776177	NO	0.0847181965358811	0.0611011155668756	-0.0236170809690054	0.0494865903718873	130.077355737876	7	5	429.83591976185
NAV1	-0.133338614109047	0.0616430245318776	0.0305352508782929	0.19910132234122	NO	0.326690560104265	0.29806479437958	-0.0286257657246848	0.0467264281988426	403.516917589421	7	5	1664.84819092299
TTC17	0.160532897651743	0.0742368854112616	0.0305841867699	0.199108320755531	NO	0.266690796211349	0.29923473782506	0.0325439416137114	0.0490349035011095	340.198768886637	7	5	384.281045291746
OGFRL1	0.200455032348255	0.0927595359080591	0.0306939443565518	0.199510638317586	NO	0.116635040937856	0.138926643753855	0.0222916028159992	0.0467208227133143	365.8795208014	7	5	321.424011924203
MTR	-0.494829027456749	0.22909498933898	0.0307781270819146	0.199745723339727	NO	0.178114058728611	0.116705342140906	-0.0614087165877049	0.0469858563054436	40.5722393599107	7	5	172.633656810568
M6PR	0.231519677525974	0.107312489062952	0.0309718173018799	0.200610238204165	NO	0.141093247585922	0.171544604172829	0.0304513565869071	0.0465172743503026	183.528184921564	7	5	493.736818249342
GAB2	-0.231262214412428	0.107220479201001	0.0310146469521269	0.200610238204165	NO	0.400103965201108	0.34608473092274	-0.0540192342783675	0.0477588293138837	142.902705024961	7	5	439.213869409993
RPL27A	0.0636308034127176	0.0295209098615252	0.0311267478470339	0.200610238204165	NO	0.0520667017986137	0.0552982653807161	0.00323156358210243	0.0482061759730578	8591.30352671368	7	5	896.074548343554
DNAJB5	-0.130505461896721	0.0605520897583468	0.0311415393552802	0.200610238204165	NO	0.276900340475465	0.251543931641538	-0.0253564088339272	0.0474580920265647	499.124501032238	7	5	464.212598313375
PGAP6	0.36565451437952	0.169667831285025	0.0311524552595891	0.200610238204165	NO	0.0848310686250479	0.117866340890323	0.0330352722652748	0.0469707275307063	99.1432565113755	7	5	137.072424980774
TENM3	0.289978414698769	0.134607185105774	0.0312200556581685	0.200641570689508	NO	0.310420057665538	0.375620785681428	0.0652007280158895	0.0482565640244046	83.8602160573083	7	5	289.50015886441
TRMT1L	-0.152326744043925	0.0707330595937336	0.0312759633356955	0.200641570689508	NO	0.148636391431445	0.130373199008994	-0.018263192422451	0.0465671409505196	487.751332564381	7	5	230.062329888516
C5orf49	0.365633180082211	0.16980825182095	0.0313020142734353	0.200641570689508	NO	0.127472247040136	0.173953562335626	0.0464813152954899	0.0456788193815186	108.971055936009	7	5	78.8756893217298
MEX3D	-0.562940392070055	0.261563579684785	0.031380625694043	0.200836004441875	NO	0.783124266871244	0.672833011885816	-0.110291254985428	0.0494175799273654	23.4010175224051	7	5	172.945784950598
OR2L2	-0.714646574228477	0.332281093943355	0.0314975985282221	0.201238059787572	NO	0.124687677517722	0.0651669629472684	-0.0595207145704541	0.0524481873333106	25.3082395902963	7	5	25.9203088685422
MOB1B	-0.252634368001208	0.117493978909793	0.0315401959090136	0.201238059787572	NO	0.335177608757613	0.28140687625474	-0.0537707325028723	0.0476566245276457	112.243043543597	7	5	284.680658149402
STAG1	-0.385086902982504	0.179273962448026	0.0317109055481901	0.201699654181419	NO	0.346553844112695	0.26516205229901	-0.0813917918136848	0.049155063326039	47.7004391640561	7	5	188.349737553103
RIC8B	-0.353748028572944	0.16474116236772	0.0317697291072202	0.201699654181419	NO	0.269091865410783	0.205383118759076	-0.0637087466517073	0.0512386516283357	60.7781798490745	7	5	311.704360432882
SLC25A36	-0.184301241633039	0.0858342506417429	0.0317792738527394	0.201699654181419	NO	0.244965353388901	0.212495530075352	-0.0324698233135487	0.0479701885575991	261.502483274539	7	5	927.86795367257
ALDH5A1	-0.405408993529834	0.188840383852835	0.0318064839286084	0.201699654181419	NO	0.217794247201707	0.156569696686343	-0.0612245505153637	0.0482731972776447	49.4477558578974	7	5	373.015111211613
TPT1	-0.0682157565696614	0.0317871468192119	0.0318716246389187	0.201805111868953	NO	0.0517314298200575	0.0484855989429694	-0.00324583087708807	0.0486993111919328	7828.74299893002	7	5	2241.62790498462
PPP6R2	0.27031652342333	0.126107233277737	0.0320693655121003	0.20238982029379	NO	0.258267712139042	0.313313156570866	0.0550454444318236	0.0493658532088776	115.018176940128	7	5	189.21631162017
HIGD1A	-0.0672239630069349	0.0313724771913352	0.0321316736515337	0.20238982029379	NO	0.174557654423376	0.165082399582414	-0.00947525484096165	0.0489840310540387	2615.07805212265	7	5	2346.11038650951
ZFP37	0.178857895018319	0.0834847368424251	0.0321611202884274	0.20238982029379	NO	0.0504306301037157	0.0597176847901278	0.00928705468641206	0.049986823871445	983.242456451964	7	5	231.032546370257
CCDC184	-0.149674951077387	0.0698799985724836	0.032202702257723	0.20238982029379	NO	0.28933130845966	0.259549976518286	-0.0297813319413736	0.0481905137358732	349.623153856637	7	5	1442.92570759931
TANGO6	-0.615113480514345	0.287203304716927	0.0322147815510125	0.20238982029379	NO	0.238502936536512	0.144795505657624	-0.0937074308788874	0.050802007060714	29.4619869895361	7	5	44.2942795820841
UBTD2	-0.308908152734133	0.144296419302638	0.0322910766920009	0.20238982029379	NO	0.361346521868645	0.293502650636679	-0.0678438712319656	0.0471937800572675	74.3963458110586	7	5	576.720241063913
CCDC14	-0.174676173652871	0.0816500928626708	0.0324092683970415	0.20238982029379	NO	0.208250856524352	0.180912506450503	-0.0273383500738484	0.0464370944358645	298.599724695417	7	5	230.617502897697
SCFD2	-0.285305000486093	0.133366128861927	0.0324145106855008	0.20238982029379	NO	0.200780854869677	0.158861157116017	-0.0419196977536596	0.0456176566983445	156.236231236541	7	5	114.209198142123
INPP5K	-0.427194135764812	0.199719284589717	0.0324378638570523	0.20238982029379	NO	0.37540135096458	0.281646774029626	-0.0937545769349539	0.0510697591800253	38.8516927249833	7	5	138.198955118565
SH3RF1	-0.25306189143478	0.118334702875024	0.0324740401843769	0.20238982029379	NO	0.297013917388122	0.247010583571837	-0.0500033338162847	0.0480294265048171	112.429220047662	7	5	251.486905211734
RAB40B	-0.398419591729389	0.186359323919214	0.0325239920569164	0.20238982029379	NO	0.103040672328446	0.0716040734366783	-0.0314365988917674	0.0529461559596379	123.864019643714	7	5	153.21182821657
RAB11FIP5	-0.23944384726377	0.112014346645666	0.0325477860039773	0.20238982029379	NO	0.375205972564655	0.320954067571602	-0.054251904993053	0.0485571698064577	119.929602547391	7	5	224.592879755054
NUTF2	0.14679020711268	0.0687443197799665	0.032735965414659	0.203256143470122	NO	0.209269371973042	0.234594929800665	0.0253255578276225	0.0523677842084457	536.846972661602	7	5	1601.45521699072
ANAPC16	-0.154944865166278	0.0725909850013113	0.0328025408807633	0.203365976250336	NO	0.0574819639100409	0.0496407173882003	-0.00784124652184062	0.0512890782103528	1299.74118456091	7	5	587.308178623129
VPS26A	-0.130659907824701	0.0613130494017227	0.0330867242915911	0.204822578947945	NO	0.355818441397027	0.326464407101983	-0.0293540342950437	0.0493336659048472	419.099176761585	7	5	1414.04577444431
AKAP13	-0.496299250901909	0.232959834841563	0.0331380306269742	0.20483537504935	NO	0.575457156225764	0.452110402238626	-0.123346753987137	0.0501462451350723	28.8341610899613	7	5	192.920609299347
TMEM200C	0.183471636265455	0.0862499858443338	0.0334028274731117	0.206133074828915	NO	0.0964767225485571	0.113696333757772	0.0172196112092149	0.0520795418624472	460.426157980857	7	5	407.337752159007
CDK16	0.443793530545828	0.20867949905834	0.0334470734397878	0.206133074828915	NO	0.315338831528908	0.417879872940936	0.102541041412028	0.0502814215081997	37.2900563210836	7	5	675.771135037543
SMCHD1	-0.199297070610509	0.0937872237894206	0.0335873068130901	0.206387669070557	NO	0.251888426704488	0.216214746431363	-0.0356736802731253	0.0475636861761665	202.273816525986	7	5	290.349342723992
PICALM	-0.301651909706228	0.141954637029693	0.0335876086444152	0.206387669070557	NO	0.402718141824673	0.332743164341723	-0.0699749774829501	0.0505713509931482	73.5366180410249	7	5	908.700662041754
RICTOR	-0.210685835243119	0.0993319786652587	0.0339195078674933	0.208099751593141	NO	0.279012483631166	0.238657994142975	-0.0403544894881908	0.0507094028543353	165.962355121695	7	5	469.946128473692
PDZD2	-1.01665660218747	0.479448312764112	0.0339662815701304	0.208099751593141	NO	0.502746537111771	0.267828025956642	-0.234918511155129	0.0510443959174917	5.76965887067807	7	5	73.7998828070244
WTIP	0.449779043269684	0.212206380365384	0.0340452023883785	0.208144313489502	NO	0.133976686985746	0.195216047513111	0.0612393605273653	0.0486524848671088	53.6431981855554	7	5	49.0854817012438
COMMD9	-0.104829676512355	0.0494666427704426	0.0340736243957574	0.208144313489502	NO	0.0732517304860866	0.0664459653329935	-0.00680576515309309	0.0500626599184766	2478.80199194616	7	5	903.204975439227
TRNAU1AP	0.231702561903865	0.109371903160533	0.0341341488222043	0.208208297801129	NO	0.129598265481113	0.158049505593006	0.0284512401118928	0.0511863630941712	269.730150593059	7	5	109.196091989672
CACNB4	0.250330216730168	0.11822752785762	0.0342293218046242	0.208483131342953	NO	0.248488582347296	0.298100555679179	0.0496119733318833	0.0514238599936705	156.031025437909	7	5	125.169006811925
TBCE	-0.0884160342771117	0.0418023422055671	0.0344216285118307	0.209347916095344	NO	0.079844522859625	0.0735852515683783	-0.00625927129124666	0.0516698493289426	3574.20376962409	7	5	157.183049446636
WDFY3	-0.177656170890722	0.0841285577808953	0.0347102554028144	0.210692041772799	NO	0.354781961161151	0.315238508386962	-0.0395434527741886	0.0508389982745538	216.375232574537	7	5	666.867416137273
ST8SIA3	0.240121938382811	0.113743555843478	0.0347652907312677	0.210692041772799	NO	0.188957420289123	0.228521780128515	0.039564359839392	0.051382674830024	137.627636845436	7	5	773.375620536652
RC3H1	-0.322709129933367	0.152889019368376	0.0347945751677676	0.210692041772799	NO	0.313416233353967	0.24844829729769	-0.0649679360562771	0.052636576975638	66.804626455305	7	5	698.628786445387
ACO1	-0.309488024189866	0.146785909411149	0.0349936885775973	0.211361247052323	NO	0.0917964540876486	0.0690494737561475	-0.022746980331501	0.0523131996462151	191.840060603427	7	5	166.510956685161
LDAF1	0.517302753307516	0.245462267392639	0.0350774279439275	0.211361247052323	NO	0.275636192710116	0.389620155437514	0.113983962727399	0.0512967211904208	25.7056345414916	7	5	121.641277215863
PANX1	-0.27943707034045	0.132600025849989	0.0350856807245662	0.211361247052323	NO	0.381388915504637	0.317974855069408	-0.0634140604352291	0.0509206282560985	90.1735579397952	7	5	264.720211402177
MINDY2	-0.274104928597043	0.130085920575469	0.0351083225272008	0.211361247052323	NO	0.391235640869933	0.328224551104176	-0.063011089765757	0.0522060605818022	88.4238892298603	7	5	894.518042276153
XPO7	-0.243209936093761	0.115587571093591	0.0353681194728557	0.21261759683104	NO	0.424013583568217	0.365973802290975	-0.0580397812772412	0.0522754899982078	111.672824142399	7	5	360.341249524324
BSDC1	-0.0407625047583247	0.0193791712755989	0.0354292144773232	0.212677535679169	NO	0.0445485886895897	0.0428454285204982	-0.00170316016909151	0.0523847302296527	22967.4759946127	7	5	685.475719639908
KRBOX5	-0.090114012347833	0.0428823794111384	0.0356038630573608	0.213112671659599	NO	0.0590526026402313	0.0542398748702232	-0.0048127277700081	0.053038999221773	3395.27329495833	7	5	391.148933008457
WSB1	-0.0784242133767958	0.0373196377458145	0.0356041602892839	0.213112671659599	NO	0.0463353036443535	0.0429905812044571	-0.00334472243989636	0.0514076131316952	5803.52685331308	7	5	1571.18335885919
DNAJC24	-0.311426355437903	0.148243749082119	0.0356609628530868	0.213145984869025	NO	0.497224435331076	0.420059601343119	-0.0771648339879564	0.0527600795715567	79.1773921369741	7	5	257.030243643534
ZNF726	-1.56879484510918	0.747042761901113	0.0357282470477072	0.213241761432514	NO	0.686166157984884	0.312912357354348	-0.373253800630536	0.0455139907277144	1.61486461716073	7	5	13.1583234514945
ISCA1	-0.131545016521964	0.0626909264360133	0.0358777434332427	0.213569536853135	NO	0.381460511477184	0.350942546258099	-0.0305179652190853	0.0518730238897816	394.23209540763	7	5	959.334241187282
BCL9L	-0.476158216186336	0.226965008927324	0.0359107396939093	0.213569536853135	NO	0.349684251075395	0.250380192654989	-0.0993040584204063	0.0555872254252964	30.6037096199513	7	5	120.143494785507
ZNF737	-0.255507037595607	0.121810280084409	0.0359420962102324	0.213569536853135	NO	0.156202723600402	0.125399273422966	-0.0308034501774366	0.0516234622128223	148.21528764125	7	5	143.059478017393
RNF2	-0.172811780628633	0.0824068072244676	0.0359885205129922	0.213569536853135	NO	0.263328421294971	0.231199248095781	-0.0321291731991898	0.054145413177193	273.195171117458	7	5	726.204521006815
LPL	-0.637354531867816	0.304378228984961	0.0362639254539081	0.214897336023159	NO	0.418994759980829	0.276026903686978	-0.14296785629385	0.0504745542660314	16.0046246821242	7	5	140.659741226238
MTPN	-0.135643962656976	0.0648360453464118	0.0364289198288179	0.215136622254827	NO	0.41362325348672	0.381154482698829	-0.0324687707878915	0.0530790539977358	378.617872016236	7	5	1049.79882518186
TIPRL	-0.162474746755724	0.0776713740131886	0.0364543749711532	0.215136622254827	NO	0.223980119799646	0.19700876342309	-0.0269713563765556	0.0516859901589999	326.540883360721	7	5	831.970673115896
ZFYVE9	0.404869326018149	0.193553830852334	0.0364594516080897	0.215136622254827	NO	0.0903490937455075	0.129598815371745	0.0392497216262377	0.0537563784911995	81.1078756704023	7	5	62.0064732708935
MTMR6	-0.0931031805975303	0.044557179298481	0.0366608117547885	0.215762701520437	NO	0.061876316851137	0.0566873081820405	-0.00518900866909647	0.0539192898597368	2797.08457927756	7	5	1167.45119408885
ZNF33B	0.249241638514232	0.119287736735016	0.0366703428676162	0.215762701520437	NO	0.181421909447252	0.22140423448875	0.0399823250414986	0.0545927586741466	118.36004982797	7	5	439.222335884841
SASH1	-1.02019454221762	0.488399899943219	0.0367211520856897	0.215762701520437	NO	0.361414000981389	0.169464560340147	-0.191949440641243	0.0542909454905934	5.8221746328876	7	5	80.4897391288892
SORD	0.345173005060184	0.16540353024533	0.0369013415617035	0.216339056209942	NO	0.0466776168917764	0.0646752398354313	0.0179976229436548	0.0575022761687378	196.924436852053	7	5	57.798985922154
RTN4RL1	0.313136719270223	0.150069476360182	0.0369232523819854	0.216339056209942	NO	0.213562341091504	0.270823608149014	0.0572612670575103	0.051552350991807	83.7947477169505	7	5	184.265252318282
ZNF563	0.810734140103283	0.388906918606017	0.0371012383187484	0.21707616231504	NO	0.0792037927412506	0.162127834947002	0.0829240422057516	0.0643008779686306	21.3276402666973	7	5	18.7556049038915
AXIN2	-0.728329101047083	0.349636922463527	0.0372419978693477	0.217593695416413	NO	0.396534706182482	0.240808130021289	-0.155726576161193	0.0588133647410123	14.0926896899407	7	5	45.0834490504231
QKI	-0.138636733570017	0.0666540257058403	0.0375305419934742	0.218972026217185	NO	0.354920841384273	0.323854272692858	-0.0310665686914152	0.0534320151602287	387.221257699346	7	5	327.253835785797
HEG1	0.525010062662395	0.252593443283002	0.0376653012779126	0.219450494840499	NO	0.177375006069094	0.267131702135895	0.0897566960668014	0.0530869997716017	24.4409124526155	7	5	84.519348897359
PHF21B	-0.926584978453465	0.44614681629485	0.0378143787315353	0.22001093080166	NO	0.504512467501591	0.287299793224483	-0.217212674277109	0.0526934214794488	6.96533090326859	7	5	100.655103383197
SNX4	-0.16370892878677	0.0789118149296645	0.0380254117300484	0.220929766476259	NO	0.406381760171662	0.367570797807117	-0.0388109623645454	0.0553001471742306	239.894650486909	7	5	1481.43104869334
TGFBRAP1	-0.406648818477317	0.196254455024565	0.0382608854607991	0.221987843119839	NO	0.298567007169773	0.220839682109921	-0.0777273250598512	0.0562493068519609	40.6891570915274	7	5	218.630616761664
NCOA4	-0.181773859332856	0.0877764591041192	0.0383707084173176	0.222314967988915	NO	0.375381680968723	0.333817035632876	-0.0415646453358472	0.0555209688559695	199.570012325416	7	5	1649.18991474638
TMEM68	-0.321364639858294	0.155531070699904	0.0388057506368293	0.224522840958567	NO	0.266663021994366	0.208666173756567	-0.0579968482377984	0.0572701953938368	71.154151887814	7	5	194.429088979216
CYP51A1	-0.180341357236019	0.0873198354894317	0.0388949473728255	0.224683017479698	NO	0.315705086677922	0.27809679385879	-0.0376082928191324	0.0564786839047581	203.833731983651	7	5	1855.62214745643
SHH	-0.645309909988894	0.312618221738659	0.0389977338470778	0.224683017479698	NO	0.523397103167769	0.365480962888777	-0.157916140278991	0.0590790608809633	21.7492992155701	7	4	23.8314378869798
ZNF518B	-0.370459992247312	0.179553958881258	0.0390913747203017	0.224683017479698	NO	0.191439232929321	0.140499751729502	-0.0509394811998189	0.0537308256627038	59.8496471416782	7	5	441.554861527451
MBTPS2	-0.496250203358614	0.24054457202794	0.0391099616571242	0.224683017479698	NO	0.398773338421187	0.287649154587717	-0.11112418383347	0.0560185944254985	25.5478053339559	7	5	808.072209354384
ZZEF1	-0.581263326594762	0.281797638028239	0.0391413630451011	0.224683017479698	NO	0.534765138459263	0.391269746247764	-0.143495392211499	0.056006613141116	18.0527110718202	7	5	148.931473454987
IGDCC3	-0.338898354475007	0.16431212505132	0.0391574970367262	0.224683017479698	NO	0.16826158520808	0.125989202892134	-0.0422723823159467	0.0545132191516538	72.3655269656588	7	5	53.681620617219
OTUD7B	0.968744623839211	0.469844155838822	0.0392227384157514	0.224747371638465	NO	0.360659843364552	0.597784723631089	0.237124880266537	0.0544963312008785	6.30838649403512	7	5	33.322292246133
RELCH	-0.16333976114169	0.0792470048828563	0.0392889762166151	0.224817250427949	NO	0.219903688639294	0.193166085160039	-0.026737603479255	0.0585478048246069	317.941558956485	7	5	399.712402034654
CORO2A	0.380898509271611	0.184903186816592	0.0393996036076225	0.225140592043557	NO	0.303239778888949	0.389118520651046	0.0858787417620965	0.0551409336564467	43.8830427180446	7	5	286.888029645087
CDC42SE2	-0.251908969411645	0.122369566194104	0.0395333715828439	0.225257983344506	NO	0.477554207363002	0.415383830708176	-0.0621703766548262	0.0566797772024159	96.9949801017956	7	5	569.530351131347
DGCR2	0.0987277203255983	0.0479618473098445	0.0395456450765481	0.225257983344506	NO	0.339126014251441	0.3615913940947	0.0224653798432587	0.0565370650338249	677.999967378044	7	5	678.642725622463
SENP2	0.276340498612238	0.134290183275566	0.0396106522935881	0.225257983344506	NO	0.282513937886147	0.341709550875792	0.0591956129896449	0.0612509385999519	101.340575509731	7	5	522.589982892862
PKN2	-0.528116376181338	0.256701167832269	0.0396554811374742	0.225257983344506	NO	0.501956551354994	0.372784393901715	-0.129172157453279	0.0550082269340765	21.8756836217653	7	5	130.258476648429
LYSMD3	-0.584553277433467	0.284231333346716	0.0397236624172127	0.225257983344506	NO	0.426356862861815	0.292911759511629	-0.133445103350186	0.056341879424232	18.1920002970059	7	5	326.631270752237
GABRB3	-0.15380784523742	0.0747951128498234	0.0397450384074201	0.225257983344506	NO	0.203910536711798	0.180075203485281	-0.0238353332265167	0.05689832748697	351.341575566682	7	5	3055.3279289788
SCN2B	0.192058602119873	0.093544759207609	0.0400609551169281	0.226633946189065	NO	0.308907241043912	0.351335412524631	0.042428171480719	0.0572425574414228	189.131792227935	7	5	357.121496546867
BLACAT1	-0.436860678692618	0.212817224773386	0.0400967750949884	0.226633946189065	NO	0.470971199192028	0.365143952753817	-0.105827246438211	0.0563963428157342	32.4788746439031	7	5	84.6688120839474
RCCD1	0.217527333586931	0.1061303426588	0.0404011032928952	0.227532407563314	NO	0.132342916015442	0.159376729754976	0.0270338137395343	0.0596319001930846	189.018449718053	7	5	126.683226094915
HOMER1	0.114477520126743	0.0558543598146213	0.0404062357878078	0.227532407563314	NO	0.169695494566677	0.186440127851443	0.0167446332847652	0.0572301867181163	762.362678332378	7	5	372.851254409055
TBC1D1	-0.723961335350568	0.353249621124868	0.0404198195166559	0.227532407563314	NO	0.290641169003466	0.165724981157116	-0.124916187846349	0.0684663731952907	15.6301865811194	7	5	67.3826831037872
MTX3	-0.3782757276602	0.184672408137247	0.0405246563797734	0.227814284513321	NO	0.268680583775253	0.201072799913471	-0.0676077838617819	0.0578931060140472	48.8775163243335	7	5	193.882666320353
NFKBIE	-0.421334194780666	0.2060279394458	0.0408514805458759	0.229341645169829	NO	0.178215172802365	0.124572863235553	-0.0536423095668115	0.0562938368237689	104.665168554059	7	5	67.6595850278915
PTPRT	0.699117023936769	0.342485272143295	0.041220484004793	0.230835663430085	NO	0.360212594329068	0.531128558237867	0.170915963908798	0.0628504758095547	17.0559337635171	5	4	94.6703995183329
SLC38A2	-0.301182768913635	0.147550092355557	0.0412285812328252	0.230835663430085	NO	0.469138871436105	0.395372453473395	-0.0737664179627102	0.0581013382602949	68.6050397695321	7	5	2356.07120628694
UCHL5	-0.175202075443069	0.0859472078049518	0.0415014748151376	0.231925354585274	NO	0.11970107832716	0.102434181921345	-0.0172668964058148	0.0615219238743996	492.763719156892	7	5	646.18730251873
MYO9A	0.210863261996916	0.103458052155953	0.0415347089341417	0.231925354585274	NO	0.349417042652847	0.398734844238699	0.0493178015858523	0.0594090566371279	150.640418281459	7	5	543.009890350425
ALG12	0.472399823338394	0.231907205168301	0.0416479478320614	0.231941889715134	NO	0.0656318223444637	0.101250195317707	0.035618372973243	0.0596011514732625	68.8400866022224	7	5	53.1299286792357
TIMM50	-0.305507666842226	0.150044496876043	0.0417389319010087	0.231941889715134	NO	0.114058740930037	0.086633968273668	-0.0274247726563688	0.0622933836861753	177.82608345822	7	5	203.161460775783
NAIF1	-0.54521699530413	0.267814569117233	0.041770406626606	0.231941889715134	NO	0.414107368754438	0.290650206928467	-0.123457161825971	0.0564328776074639	21.0438962248078	7	5	43.2202167204228
BLOC1S5	-0.221326251985644	0.108736664349369	0.0418072709415145	0.231941889715134	NO	0.26522670013347	0.224383190195102	-0.0408435099383682	0.0581683949334343	156.8006928787	7	5	230.920448287237
HSPH1	-0.0741095369123214	0.0364113388997542	0.041816446463065	0.231941889715134	NO	0.0658061237692968	0.0613941760940673	-0.00441194767522953	0.0580580559145327	4675.69941839504	7	5	1930.07172715516
ERLIN2	0.675378636036987	0.332480288825146	0.0422210876941424	0.233874467120682	NO	0.321593426183496	0.482237467336063	0.160644041152567	0.0583366269095181	13.5379208476684	7	5	96.5022154080558
BHLHE41	-0.969794035936761	0.477599250051864	0.042299627017477	0.233997936692426	NO	0.279708160581248	0.128341423529208	-0.151366737052039	0.0612112601250701	6.36458091474331	7	5	78.5526029332103
ZNF708	-0.190255642461767	0.0937999365863125	0.0425283003031101	0.234950503666585	NO	0.0930800928996827	0.0782150804420347	-0.014865012457648	0.0606302010361017	300.72911004322	7	5	202.361888641833
ME2	-0.142746991801888	0.0704651478718374	0.0427871822215965	0.236067212257084	NO	0.0866740649043047	0.0760206225891479	-0.0106534423151568	0.0598874454806262	892.351094934631	7	5	550.062913092527
KIF3C	-0.118636370693117	0.0585958976222681	0.0429029890109907	0.236359847132607	NO	0.398686068392995	0.370615036800863	-0.0280710315921319	0.0604506319198652	433.825751716772	7	5	1817.73647740876
ARMC8	0.173811111342072	0.0858836582980373	0.0429910174673783	0.236359847132607	NO	0.183044047949766	0.210477886949901	0.0274338390001343	0.0615304846979965	292.310552080714	7	5	308.881529001866
NAT8L	0.559326378300779	0.276400786252632	0.0430106741056211	0.236359847132607	NO	0.368820289397045	0.505511091369174	0.136690801972129	0.0589682108685896	18.6390063380617	7	5	123.633834255543
MAP1LC3B	-0.0729561608710728	0.0361047087826239	0.0433126205411786	0.237493544726573	NO	0.436695484788914	0.418839201471912	-0.0178562833170017	0.0608700421072192	1169.11152635893	7	5	6946.10532370299
WDR26	0.190168375637179	0.0941192852168801	0.0433311539537184	0.237493544726573	NO	0.436856608695056	0.48406517394104	0.0472085652459838	0.0610289578038735	165.840738114985	7	5	688.198366350666
GNS	-0.365620451335343	0.181055595790252	0.0434475078828512	0.237586094898128	NO	0.348141539268532	0.270351729089607	-0.0777898101789249	0.0609590607391433	46.0603915386462	7	5	826.072328301202
VHL	0.480222147058482	0.237864700538544	0.0434988803161057	0.237586094898128	NO	0.191023103434864	0.276247190029675	0.0852240865948107	0.06048571681728	30.1677796461973	7	5	410.370377314569
ACAP2	-0.47508290633769	0.235353179152662	0.0435292623395762	0.237586094898128	NO	0.426019718649105	0.315788949144242	-0.110230769504863	0.0597538220627427	26.8481495750273	7	5	202.797103641358
TPPP	0.279066524973607	0.138404700890393	0.0437677643011824	0.237586094898128	NO	0.273148803314633	0.33189237381001	0.0587435704953767	0.0601115868676593	78.8480076719182	7	5	599.900497903745
COA7	-0.253723737753756	0.125847006038686	0.0437865387043899	0.237586094898128	NO	0.170022039035193	0.137146548204741	-0.0328754908304526	0.0582369330560014	156.389125387085	7	5	417.116996710883
CNTNAP4	0.203963244212867	0.101171521580614	0.043798470204381	0.237586094898128	NO	0.149012509961226	0.176767417342575	0.0277549073813487	0.0636071174157707	348.62145776757	6	5	223.860555190561
BEND6	-0.680575616638363	0.337631518070142	0.0438277096070596	0.237586094898128	NO	0.173628688479897	0.0961546209642386	-0.0774740675156586	0.0691369925098559	21.1301406489238	7	5	56.0526453506751
YTHDF1	-0.237852366030865	0.118037036396201	0.0438977809550246	0.237586094898128	NO	0.412493260470651	0.356286122205061	-0.0562071382655899	0.0608223110716536	105.673201222379	7	5	539.559785224386
HTT	-0.313749960004341	0.155754829354646	0.0439692841881954	0.237586094898128	NO	0.370495869386398	0.300726635816967	-0.0697692335694314	0.0615302313541478	66.4499383658535	7	5	191.103250475879
RND3	-0.143027985264464	0.0710036347328002	0.0439701201136875	0.237586094898128	NO	0.293670742021266	0.264900755086322	-0.0287699869349439	0.0610168141843957	322.385689304924	7	5	1726.7126665273
ASB1	0.429251058886533	0.213137987623518	0.0440138922189538	0.237586094898128	NO	0.345077194348666	0.447321675673219	0.102244481324552	0.0606001662770237	34.7035743173345	7	5	258.598347803093
BCL9	-0.299814623978837	0.148932388432892	0.0441049345441612	0.237586094898128	NO	0.279546128083858	0.223301616156856	-0.0562445119270023	0.0589594227165394	70.5989273925945	7	5	198.611115288246
GABRA3	0.259579564881032	0.128964506088961	0.044135831410544	0.237586094898128	NO	0.0923751761032579	0.116562467554284	0.0241872914510264	0.0616185080911775	155.019377923721	7	5	192.150395234858
PPARA	1.16605080821794	0.579575973662622	0.0442301325333516	0.237586094898128	NO	0.289843430540697	0.567069883103037	0.27722645256234	0.0572498418463908	3.57638740108021	7	5	50.5879745775703
HACD2	-0.23251230194569	0.115571574894366	0.0442360899200773	0.237586094898128	NO	0.320867873656445	0.272435935227149	-0.0484319384292961	0.0607422700750473	117.541580612438	7	5	516.6465043608
ERBB4	-0.946965777150996	0.470829045928385	0.0442966221610271	0.237586094898128	NO	0.273650986317719	0.127511503025216	-0.146139483292503	0.0512648586392175	18.9961322524361	5	3	13.0525167679264
XRCC5	-0.0737464363617497	0.0366704004984026	0.0443189446252277	0.237586094898128	NO	0.346437254755445	0.329934070932894	-0.0165031838225514	0.0622422827678304	1178.57844681518	7	5	1292.69824779653
PAFAH2	0.707166052950826	0.351875806951688	0.0444625756552066	0.237775191522911	NO	0.184132956938544	0.314012359846948	0.129879402908404	0.0598730500135805	12.525022771253	7	5	56.3042767197254
ANO3	-0.90504598720403	0.450350664082317	0.0444685334146213	0.237775191522911	NO	0.294588354592288	0.14451953866241	-0.150068815929877	0.0622409085271318	10.4841801933414	7	4	22.085317931761
BRWD1	-0.219086004896439	0.109290980469995	0.0450045486814417	0.240332378067776	NO	0.51068221892306	0.456026248012907	-0.0546559709101532	0.0626997313991784	123.764330298806	7	5	213.065857517967
SYT13	-0.339913216378451	0.169668218657234	0.0451344301847218	0.240404423932192	NO	0.483264548559655	0.399660465095212	-0.0836040834644436	0.0622705201824975	59.7963793766289	7	5	835.914073484872
C10orf88	-0.207273607135523	0.10350778460091	0.0452317424526617	0.240404423932192	NO	0.112874646852065	0.0937246441316439	-0.0191500027204207	0.0656846672805158	367.086700152159	7	5	480.368773641351
ZNF107	-0.451195272812331	0.225338028554038	0.0452520284809262	0.240404423932192	NO	0.17738324250665	0.120747227181957	-0.0566360153246929	0.059316018253534	35.4946342571924	7	5	54.0240763818048
AFF2	0.31491175286722	0.157277631687744	0.0452560634311601	0.240404423932192	NO	0.272964589581297	0.339679823984087	0.0667152344027906	0.0615167452559703	60.6127173454558	7	5	189.736881883761
PCDH11X	1.01323461972436	0.506163507139433	0.0453069875872209	0.240404423932192	NO	0.467777950616076	0.707685094897583	0.239907144281507	0.0632928326684114	5.35072047142831	7	5	84.8900361931109
ZNF106	-0.147929860474423	0.0739343238182776	0.0454109358288311	0.240649035729856	NO	0.385273931979852	0.350884850576851	-0.0343890814030016	0.0618069577147723	276.82496992098	7	5	422.006346981049
MPRIP	-0.37995100181907	0.190109625061273	0.0456528436024576	0.241486519096856	NO	0.134489306398225	0.0960603428201147	-0.0384289635781099	0.0650918369617156	82.8888648153717	7	5	336.069613992899
ZNF765	-0.803404922586667	0.402045915220906	0.0456850698387563	0.241486519096856	NO	0.30885969448178	0.166746855739364	-0.142112838742416	0.0674368273504639	11.1308807301456	7	5	60.4230150452026
FAM118A	-0.460106378506937	0.23044654951736	0.0458701636183229	0.241911919166608	NO	0.375191823972253	0.274857852524541	-0.100333971447712	0.0629091100350062	28.0955124784045	7	5	138.405168353752
FRRS1L	-0.145585683318604	0.0729250344641801	0.0458931681914283	0.241911919166608	NO	0.585872255973685	0.550166043939174	-0.0357062120345116	0.0636037600418504	313.218855080002	7	5	1062.65502670128
BCKDHB	1.02089177210541	0.511483139167423	0.0459400038801972	0.241911919166608	NO	0.250491416400442	0.481233483831146	0.230742067430704	0.0592441266715295	4.86470742988612	7	5	224.207940396573
ZNF248	-0.29371322100357	0.14744919659386	0.0463752092021217	0.243862104407803	NO	0.143992123899539	0.111428281405476	-0.0325638424940635	0.0645380824211107	119.252280920015	7	5	722.717892524705
NR2C2	-0.277024897731291	0.139131680913866	0.0464700462591845	0.243862104407803	NO	0.311306369097214	0.255204618642068	-0.0561017504551452	0.0633078900501594	92.8340610022043	7	5	516.503108743571
PLA2R1	-0.970797802614844	0.487604934889933	0.0464862136527374	0.243862104407803	NO	0.413126902641097	0.210510401351567	-0.20261650128953	0.0665170428137267	5.75381310107476	7	5	40.2416394430686
FARSB	0.0941885202839907	0.047363037191594	0.0467398102465143	0.244162775743802	NO	0.0543840149929819	0.0594361022886885	0.00505208729570653	0.0689118484185115	3222.98664120931	7	5	396.77625628691
ZNF562	0.254075553213024	0.127771708483661	0.0467551125196761	0.244162775743802	NO	0.091192478871895	0.11454992251044	0.0233574436385449	0.0630825529541446	181.03590089839	7	5	442.911656025423
CLDN1	0.389129108001897	0.195708694324334	0.0467776673913597	0.244162775743802	NO	0.160403282472223	0.219925356654189	0.0595220741819658	0.0650611278762323	51.840565012223	7	5	62.8139039255235
DENND6B	0.368821761463037	0.18549584702112	0.0467783010259158	0.244162775743802	NO	0.148812213048153	0.201792956475256	0.0529807434271028	0.0759301692169196	83.8919180123471	7	5	86.94820264912
SLF2	-0.582523872973403	0.293059839304163	0.0468415445746801	0.24418649803342	NO	0.474165787882582	0.334933991185246	-0.139231796697336	0.0617921091588596	16.6747053713133	7	5	241.595537488588
VLDLR	-0.229553921064628	0.115518620709408	0.0469047277098081	0.244209846399001	NO	0.180867579189038	0.149308549775561	-0.0315590294134766	0.0601267953462076	175.377886147112	7	5	216.78042283034
NSF	-0.298856914232945	0.150504418994379	0.0470664313552683	0.244745443047395	NO	0.354875802600854	0.28976371608503	-0.0651120865158236	0.0646389443771224	66.7332206131973	7	5	3021.60253471455
TM9SF3	-0.245990016866112	0.123934381825048	0.0471621871949527	0.244933607748264	NO	0.310039977320498	0.260008875281774	-0.0500311020387242	0.0662940055210818	109.177243415226	7	5	2222.58111887393
CEP57L1	0.248374539084131	0.125168701950482	0.0472203734168529	0.244933607748264	NO	0.132070625003849	0.163228634554701	0.0311580095508519	0.0662823122046556	157.189203847677	7	5	146.498435494838
LRRC55	-0.536513628942944	0.270755677370697	0.0475305727988647	0.246235595072574	NO	0.15303774778472	0.0955666117563351	-0.0574711360283847	0.0677125926229011	30.5747934074907	7	4	112.628597390986
TRPS1	0.95183837292425	0.480583506909945	0.0476373915668895	0.246482026017737	NO	0.305365799067303	0.532445193604533	0.22707939453723	0.0608361537779714	5.95260878789337	7	5	61.6804260476599
PRELID3B	0.19885410660747	0.100445848445804	0.0477356138770323	0.246683420780689	NO	0.255399137493996	0.29501160509771	0.0396124676037141	0.0675409850170004	161.786742837574	7	5	737.538735447426
SKA2	-0.132438769315699	0.0669278817232033	0.0478353698400847	0.246892231432695	NO	0.270432474762886	0.245109388122704	-0.0253230866401821	0.0649308387660576	409.705732781892	7	5	738.314407965723
ASF1A	-0.178812266388555	0.0903945192107846	0.047913848231553	0.2469908409458	NO	0.190458188115557	0.16439993720871	-0.0260582509068478	0.0656359590081014	320.897901277318	7	5	676.72260832251
PABPC5	-0.172134809741839	0.0870792736352559	0.0480687848365054	0.247323165236411	NO	0.111180612344571	0.0952742017636632	-0.0159064105809073	0.0627975735243673	479.124080346625	7	5	191.17338721689
NBPF9	0.45546079145591	0.230437059263928	0.0480972213164079	0.247323165236411	NO	0.0478915855730568	0.0734898094413014	0.0255982238682446	0.0684824152659173	83.4125143501545	7	5	28.6027653874704
ZNF566	-0.217411788406982	0.110086340433079	0.0482771521302774	0.247941917113523	NO	0.143846306678121	0.119085769399365	-0.0247605372787558	0.0653225608395575	193.274558076243	7	5	270.032037019147
NBEAL1	-1.01853370707654	0.515905740028333	0.0483518252387411	0.247945515789636	NO	0.478389631199826	0.248798785010156	-0.22959084618967	0.0809032383041242	5.61876874929137	7	5	34.786300239785
ZSWIM7	-0.155274150765348	0.0786650173414483	0.0483970574089385	0.247945515789636	NO	0.158119665020358	0.13852921339847	-0.0195904516218874	0.0633278904134411	615.014610873088	7	5	364.034973570097
LMAN1	-0.306344751782917	0.155320241648673	0.0485704930949558	0.248527984348113	NO	0.390873165336053	0.320823884437831	-0.0700492808982219	0.0652634099653394	63.8823432099125	7	5	572.31122074121
TM7SF3	-0.177746434196359	0.0901588041839677	0.0486688020765502	0.248725081865416	NO	0.0959018008929141	0.0815583503525103	-0.0143434505404038	0.0664642190414589	514.19141776742	7	5	353.616425445699
INTU	0.479203731046434	0.24355080545132	0.0491173108245445	0.250709218441847	NO	0.233998833694617	0.330336430399754	0.0963375967051369	0.0685723420713811	26.3276287416969	7	5	112.779164944836
ZNF419	-0.28267104351097	0.143734279122864	0.0492267666821711	0.250715332830368	NO	0.0928992437293985	0.0716637430011721	-0.0212355007282264	0.0688041525361346	211.417206623596	7	5	167.129465231918
SCML1	0.226869976400133	0.115366457924579	0.0492390449332717	0.250715332830368	NO	0.258467943920114	0.304263533231047	0.0457955893109326	0.0698937446195358	134.527223123664	7	5	186.642837716168
RBM19	0.413783764358129	0.210520293340925	0.0493530301133602	0.250737809142103	NO	0.397727774317162	0.49971050159829	0.101982727281128	0.0671872287297734	32.8692197043803	7	5	46.02703003479
PLEKHA1	-0.186520905685471	0.0949006113412674	0.0493640061748515	0.250737809142103	NO	0.32048505623025	0.281291473846636	-0.0391935823836141	0.0669978034142502	183.288399728261	7	5	957.256880795431
RAB3C	-0.171004014307854	0.087086792011952	0.049575978313064	0.251507402173593	NO	0.204460283092816	0.178044747672883	-0.0264155354199338	0.0660380244268717	222.3689872907	7	5	2425.29519033668
DNAJC21	-0.228662213357387	0.11662969509046	0.0499276711927167	0.252523818514453	NO	0.167662496905627	0.13812547182551	-0.029537025080117	0.0623564557620583	201.418449015198	7	5	215.599678020639
AREL1	-0.294250945942349	0.150128160950281	0.0499959845600601	0.252523818514453	NO	0.336508704047832	0.274254545562881	-0.0622541584849511	0.0660281570525255	67.1046142157172	7	5	482.650585446809
SAP30BP	-0.224865339207905	0.114730265050513	0.0500018830516968	0.252523818514453	NO	0.221664722544005	0.185298049109565	-0.0363666734344396	0.0676203580503841	201.45448833301	7	5	452.241298877491
NUDT9	-0.187523425765243	0.0956849683565557	0.0500191409749782	0.252523818514453	NO	0.062722778398987	0.0525615130996523	-0.0101612652993347	0.0694876921617492	766.512725972985	7	5	281.33500168284
GNG4	0.078094979550923	0.039867231590576	0.050127262138221	0.252762921812121	NO	0.255698319114867	0.270842329647431	0.0151440105325641	0.069305122736227	1318.1542284551	7	5	1840.56558933694
NUFIP1	0.298453299845341	0.152451015127921	0.0502652656632674	0.253151943292001	NO	0.278566509123899	0.342284534854122	0.0637180257302232	0.0679316894229652	74.9080535760247	7	5	120.88722535299
NCOR1	0.236514791324371	0.12097683740004	0.0505781198048249	0.254013139737423	NO	0.148375386615162	0.180807586553802	0.0324321999386403	0.0696680179549398	179.789331967405	7	5	390.395807030028
WDR37	-0.377849882455379	0.193303266541622	0.050618497832637	0.254013139737423	NO	0.448162850752726	0.357565525427596	-0.0905973253251301	0.0685717865669453	41.2021460769169	7	5	510.72380513858
GOLIM4	0.992648389755867	0.507911580695829	0.0506571888453654	0.254013139737423	NO	0.85823327906194	0.942314945843137	0.0840816667811968	0.115237426750306	7.13567713524873	7	5	92.5897121497768
NSFL1C	0.117628182417271	0.0601932646601509	0.0506805062456878	0.254013139737423	NO	0.145141012156634	0.160353181958353	0.0152121698017192	0.0678112749790368	821.465455312334	7	5	813.760054773189
MAP4	-0.264609666160927	0.135445792330207	0.0507461234794508	0.254018776828233	NO	0.321587399944267	0.266765423154181	-0.0548219767900853	0.0695590735362807	85.6297596062408	7	5	356.132903336468
ZEB2	0.403366457200607	0.206593874735196	0.0508835118588084	0.254018776828233	NO	0.0605798066347477	0.0880295689603552	0.0274497623256076	0.0667522558030581	94.3475216299518	7	5	113.887985142347
MACROD2	0.742400987747416	0.380363907496692	0.0509598581158778	0.254018776828233	NO	0.365365612764892	0.547419669165786	0.182054056400895	0.0672510084583537	9.60283188910781	7	5	203.761169779949
DUT	-0.0958937499461742	0.0491450739221695	0.0510287062065745	0.254018776828233	NO	0.0824289624444902	0.0754604682075509	-0.00696849423693933	0.0671949050892583	2416.0718466473	7	5	1031.44859636942
DCLRE1B	-0.57775685489264	0.296167921456983	0.0510838660799739	0.254018776828233	NO	0.238471860251871	0.149461268779805	-0.0890105914720657	0.0686646369324563	19.6368912926093	7	5	118.883579676991
ZBTB44	0.16275541598668	0.0834393793267003	0.0511066980113235	0.254018776828233	NO	0.445783247895729	0.486261558752534	0.0404783108568043	0.0692907684333327	212.50628956269	7	5	475.945510970584
GPN2	0.692179300806855	0.354861310826871	0.0511090663954882	0.254018776828233	NO	0.225062336055307	0.367205083906375	0.142142747851068	0.0658991410718975	13.1109338826019	7	5	104.263465488324
RNF180	-0.64553535446376	0.331224109473137	0.0513027929140239	0.254677349072004	NO	0.326022385628554	0.202334639293542	-0.123687746335012	0.072627268384137	14.0267454268462	7	5	162.735209112647
PTBP3	0.499563582198564	0.256418030207949	0.0513863837357796	0.254788267390754	NO	0.228121871227915	0.327528846944406	0.0994069757164903	0.0781823608240787	32.0204271765108	7	5	143.899292151103
COX11	0.150534771987388	0.0773372824231934	0.0515981966689691	0.255476715546877	NO	0.701901397205663	0.732413701091368	0.0305123038857048	0.066705182296123	299.854734830379	7	5	520.238519540183
COX18	-0.40503399878784	0.208164888691362	0.0516864131823625	0.255476715546877	NO	0.196718409659206	0.14040068340833	-0.0563177262508755	0.0666286837977153	63.9067584707814	7	5	170.607822050764
NLE1	0.160139640676519	0.0823603019813166	0.0518497657031618	0.255476715546877	NO	0.241394325811469	0.271918487748834	0.0305241619373649	0.0720323100773373	278.673505383737	7	5	180.00066434555
HIF1AN	0.190141430807242	0.0978406425330589	0.0519704064123248	0.255476715546877	NO	0.0948873125114528	0.112522694629871	0.0176353821184179	0.0722412746287481	410.482977760323	7	5	336.099371915211
ZNF142	0.347893148396355	0.179055967667929	0.052024659035409	0.255476715546877	NO	0.121375498519636	0.163614656593051	0.0422391580734153	0.0801353471219106	100.29244055531	7	5	98.2321935361291
DYNLL2	0.187851390296754	0.0967005442310682	0.0520633651821209	0.255476715546877	NO	0.0711855576371254	0.0846510664571358	0.0134655088200104	0.0705744823321775	529.981772861852	7	5	1229.48296955164
ANXA11	-0.812443784113377	0.418309810637734	0.0521121785933679	0.255476715546877	NO	0.13126958680012	0.0628422791449074	-0.0684273076552123	0.123781151887685	24.8287084459966	6	4	21.3445310081616
RAB9B	-0.291707320256842	0.150208006348362	0.0521343827637702	0.255476715546877	NO	0.301786652836847	0.244066678795004	-0.057719974041843	0.0685906434158855	74.9701886288173	7	5	515.686749503016
LRCH3	-0.351511249386758	0.181037948100251	0.0521802099009538	0.255476715546877	NO	0.448045979217136	0.363528917723686	-0.0845170614934495	0.0714572775873808	45.7027221517789	7	5	105.181966798181
SH3BGRL2	-0.32831202481475	0.16910336015349	0.0521991993319496	0.255476715546877	NO	0.599086000475873	0.518328333329063	-0.0807576671468101	0.0702767675046691	51.6260873897712	7	5	1141.09535338386
GALNT16	0.579030356072415	0.298316484823409	0.0522590665699157	0.255476715546877	NO	0.530962649578524	0.668861352698997	0.137898703120473	0.0719055408596574	18.9246656988565	7	5	212.825064124056
ZNF793	0.322426305079527	0.166126812015479	0.0522771447071776	0.255476715546877	NO	0.339636249950915	0.415204917824261	0.075568667873346	0.0698265771563623	60.767096680614	7	5	116.751378267737
TRIM71	-0.425724884525893	0.219393595995893	0.0523235965495047	0.255476715546877	NO	0.0710220016200874	0.047569731516119	-0.0234522701039684	0.0740556399771855	77.1535616134926	7	5	81.405587527923
WDPCP	-0.151835691891431	0.0783107819747328	0.0525152007192247	0.256111647118376	NO	0.231544008939277	0.205633574366139	-0.0259104345731375	0.0703840793188791	306.844039351007	7	5	568.182156728241
FRYL	-0.424320972776413	0.218915658068504	0.0525884410998671	0.256168518706613	NO	0.338699220096727	0.250975326833262	-0.087723893263465	0.0683957258974026	33.906835340675	7	5	266.822428338509
ZNF585A	-0.19538076526275	0.100828349819299	0.0526529674178915	0.256182859015706	NO	0.11330417337704	0.095107634121364	-0.0181965392556764	0.0696754024536325	293.369672288685	7	5	314.00953949609
CDYL2	-0.425571545316775	0.219714213498334	0.052753625941903	0.256372761586818	NO	0.400621383213248	0.303973284690406	-0.0966480985228425	0.0687812645207948	31.3473201641222	7	5	233.165948467908
RNF168	-0.214545204647673	0.110806699544389	0.0528418039972	0.256501639006245	NO	0.359453098122788	0.311678493920297	-0.0477746042024907	0.0702410495263853	127.207037777564	7	5	411.621006502541
LRRFIP2	-0.112909133947297	0.0584419758889159	0.0533611183186754	0.258464581632344	NO	0.319638636682864	0.295599391428139	-0.0240392452547257	0.0708373088483138	472.537937180689	7	5	413.596250573564
CLINT1	-0.190880963640353	0.0988042051850967	0.0533704508707172	0.258464581632344	NO	0.265786692440819	0.230234692724617	-0.0355519997162022	0.0726652968704514	173.405596891097	7	5	528.460288625796
TIMP3	0.349728299794524	0.181222817306518	0.0536285409155391	0.259412476986794	NO	0.289674443129151	0.366505587367453	0.0768311442383012	0.0709869888391433	45.5286098962129	7	5	223.120791638355
DHX33	0.355359312856995	0.184234658390527	0.0537506377886699	0.259465718687261	NO	0.436067354582902	0.524535579260113	0.0884682246772103	0.071447657569161	42.6032052065515	7	5	154.233858444147
RSU1	-0.196902927226945	0.102115615704567	0.0538258746271767	0.259465718687261	NO	0.128437335524052	0.107960059401669	-0.0204772761223832	0.0692796937967306	357.434962755375	7	5	688.877614595539
IRGQ	-0.105663917595492	0.0547984309186509	0.0538266623142083	0.259465718687261	NO	0.0489425773237485	0.0442521299130859	-0.00469044741066253	0.0718398649300162	2111.39277825779	7	5	2099.09819138336
CUL4A	-0.193484378332131	0.100376567907227	0.0539067516179779	0.259551026308782	NO	0.0620705046696482	0.0517159301396429	-0.0103545745300054	0.0690349542729982	623.792462161769	7	5	507.775581798875
GLO1	-0.154075741263131	0.0799737806065246	0.0540322192110913	0.259566084005265	NO	0.334060708756321	0.300703202684147	-0.0333575060721741	0.0715776192649341	256.964363440739	7	5	1527.18789804433
ZNF423	0.114149713466653	0.0592505814851008	0.0540346703722498	0.259566084005265	NO	0.0495287126096559	0.0551872043966283	0.00565849178697245	0.0735866481431799	1965.3896649713	7	5	163.272528246381
ZNF512	-0.224152896955109	0.11642221224681	0.0541862407312003	0.259993957833672	NO	0.319992094231488	0.273296546923686	-0.0466955473078016	0.0718459370419559	116.95529944306	7	5	1107.50441534563
MMACHC	0.122526452491114	0.0636920035586194	0.054387973907607	0.260661257437379	NO	0.0441263935243203	0.0495929752164611	0.00546658169214078	0.0708745910859645	1922.98893758579	7	5	1264.73452136385
KPNA4	0.103406094965188	0.0537704709203577	0.0544672533806588	0.260740821707181	NO	0.083550043613174	0.0918164032583108	0.00826635964513683	0.0718364410516782	1693.64296964608	7	5	801.239794767078
ATF6	-0.238121834286994	0.123917273481049	0.0546536681655678	0.261049631510649	NO	0.211519261739284	0.174521720318283	-0.0369975414210014	0.0721796859856713	130.094019532972	7	5	408.520901793741
ANKRD29	0.844692273977104	0.439579681643267	0.0546572665975422	0.261049631510649	NO	0.308803138373248	0.509741661622859	0.200938523249611	0.0812690009445334	7.83247276844592	7	5	99.2929533360907
ETV6	0.187933071111227	0.0979238992910581	0.0549622268749565	0.26220511903649	NO	0.277228258390616	0.316410063804656	0.0391818054140403	0.0728952902175824	176.163183371065	7	5	297.639320369471
PRTFDC1	0.934151926571428	0.487236625482768	0.0552068285882276	0.263070340122596	NO	0.276079705499936	0.492540614181319	0.216460908681383	0.0754505637462797	5.64186499266237	7	5	92.4367767406016
MAPK8	-0.0988737613715975	0.0516816724874387	0.0557314039019926	0.26526617875548	NO	0.253669597022758	0.235410274632036	-0.0182593223907213	0.0718786229159432	691.815340798371	7	5	845.667822976032
HS6ST3	-0.258321035064823	0.135276826160059	0.0561881568252069	0.267134551306127	NO	0.287337656473795	0.23745729001841	-0.0498803664553855	0.0742676385523848	86.2431447725806	7	5	704.863286346571
KLHL14	-0.712192532696954	0.373317919594989	0.0564251737904964	0.26795516320601	NO	0.374263965758047	0.226854256324869	-0.147409709433178	0.0884007490419443	12.2120112060453	6	5	118.115836523562
PTGER4	-0.260213506214531	0.136676247794743	0.0569274046225865	0.27003193070691	NO	0.272659015868227	0.224194665459242	-0.0484643504089854	0.0742591873833956	86.7790704824712	7	5	312.096930053941
MDM2	-0.269974551614224	0.141870275775754	0.0570447607476709	0.270280415387598	NO	0.373345212428881	0.312626877537578	-0.0607183348913035	0.0744764373156438	76.0217193265016	7	5	562.28061562904
VCPIP1	0.218467280327736	0.114921373407892	0.057300018662641	0.271011983710565	NO	0.070648554343401	0.0864081399311529	0.0157595855877519	0.0747305215577665	338.036159069232	7	5	544.213525859119
UBE2A	-0.0890675626203028	0.046858168919472	0.0573294580926195	0.271011983710565	NO	0.314317141057926	0.295445708650859	-0.0188714324070668	0.0750699776912214	765.590139117514	7	5	1352.90414757542
TRDMT1	0.592455878960361	0.311873323843056	0.0574766578129404	0.271399428492432	NO	0.165494933304413	0.263968652147174	0.0984737188427615	0.07533226113512	16.269692945935	7	5	72.3195747668863
AASDHPPT	-0.174262861592759	0.0917844448493018	0.0576157772738371	0.271747883740547	NO	0.28716897937674	0.252856254197285	-0.0343127251794553	0.0751600878450709	200.700244235315	7	5	4770.39276283241
SLITRK4	-0.287764495097305	0.151719934763191	0.0578698983239346	0.272109102988508	NO	0.103120071909631	0.0793806194152626	-0.0237394524943683	0.0828548161431568	145.626297843697	7	5	703.737058239397
UBXN2A	-0.28593497671892	0.150764121742046	0.0578844798027901	0.272109102988508	NO	0.166228217088565	0.130274593786689	-0.0359536233018761	0.0765459392434578	117.998881945777	7	5	171.516961391694
PAIP2B	0.890773048503539	0.469683086850424	0.0578885952271225	0.272109102988508	NO	0.403338394951502	0.622271032661394	0.218932637709892	0.073763400720038	6.26220064287478	7	5	65.8359687253679
ETF1	-0.348123692924317	0.183665691834181	0.058036732598988	0.272274720801876	NO	0.271248643298721	0.208099340613136	-0.063149302685585	0.072653743580424	50.9547750494293	7	5	535.379102273502
DLC1	-0.4900730513145	0.258689366420402	0.058165827445875	0.272274720801876	NO	0.284568769671884	0.195921381281619	-0.0886473883902657	0.0765068054316715	24.621591274396	7	5	161.559077145742
NLGN4Y	1.0697549243688	0.564684889030972	0.0581682088535196	0.272274720801876	NO	0.256094240559622	0.500846516416429	0.244752275856807	0.0765659950122897	4.45352338977114	7	4	276.757278877668
RSBN1	-0.261527844343278	0.138077434117235	0.0582161817259997	0.272274720801876	NO	0.248890273653684	0.203255950324404	-0.0456343233292796	0.0724030620602644	98.4375426192927	7	5	469.283159374145
MPZL1	-0.20311915205746	0.107272471454782	0.0582929844382163	0.272274720801876	NO	0.146154874466114	0.122582126464355	-0.0235727480017598	0.0779249324486897	225.817419814762	7	5	2284.65170708539
ATP8B2	0.391282947373731	0.206665974189034	0.058316532748671	0.272274720801876	NO	0.464209844825635	0.56165390575511	0.0974440609294742	0.0760624767282842	35.9934255151222	7	5	148.396756659191
ZNF655	-0.253195767027402	0.133852461642176	0.0585438470526281	0.272908242682992	NO	0.274307548065609	0.226869629401524	-0.0474379186640853	0.0781947539033023	88.9653954883845	7	5	395.068639424697
HNRNPU	0.0717998934968286	0.0379631168526563	0.0585834280567097	0.272908242682992	NO	0.0674505001100218	0.0721094726093464	0.00465897249932462	0.0767913257847167	4194.21528141324	7	5	1689.60586921601
GNAZ	-0.225350530514491	0.119311751477268	0.0589248186441137	0.27390326589937	NO	0.336177500378979	0.287875219489677	-0.0483022808893012	0.0766428552338287	106.875107797505	7	5	990.459145799552
USP38	-0.304827581638964	0.161393324242127	0.0589287074471	0.27390326589937	NO	0.180976540657087	0.14008635762628	-0.0408901830308072	0.0712970057777225	117.645946709621	7	5	164.795007714308
CNOT9	-0.405035767286358	0.214864318730802	0.0594194541292792	0.275876037028796	NO	0.682874675312701	0.589519298812942	-0.0933553764997597	0.0765482314143039	31.484042059054	7	5	318.814097472486
BCLAF1	-0.105098894096918	0.055791634089335	0.0595953957131011	0.276384443886846	NO	0.0582189822011766	0.0527169841476086	-0.00550199805356803	0.0774712847114247	2097.47951460816	7	5	1289.85918823967
PBX2	-0.57124499874531	0.303417910767302	0.0597409915937256	0.276751141458684	NO	0.372564893512864	0.251152691572444	-0.12141220194042	0.0763039196911335	23.3535521395902	7	5	70.4794865869076
TRIP11	0.769438527510576	0.408832593373322	0.0598308393733112	0.276752439196205	NO	0.26708219697666	0.440276846902841	0.17319464992618	0.074590665175944	9.03775186021276	7	5	129.79154111545
FAM241A	-0.406670831487083	0.216215131418109	0.0599906891776953	0.276752439196205	NO	0.0600843637541194	0.0408276465694401	-0.0192567171846793	0.0785277040194728	126.601237182541	7	5	189.761928484407
ZNF629	0.24193754449639	0.128634841344371	0.0599979295857889	0.276752439196205	NO	0.197190877202338	0.238302747508718	0.0411118703063805	0.0780681973466514	106.727852635178	7	5	261.809226313793
SCN7A	-0.355334570885247	0.188933445277645	0.0600073798449464	0.276752439196205	NO	0.557070557755196	0.468528373776341	-0.0885421839788553	0.0777937067279877	42.7215540110046	7	5	687.95576879345
UBE2W	-0.166628068166882	0.0886611433685931	0.0601924889397085	0.277298730885036	NO	0.322072033932548	0.286816957128774	-0.035255076803774	0.0776525910448249	244.676260438665	7	5	1629.45980267104
SPRYD4	0.162735387448704	0.0866606654905713	0.0604022300056472	0.277760699557253	NO	0.0998326082737326	0.115438871500423	0.01560626322669	0.0770925628728204	552.824306569576	7	5	417.502726724454
EMB	-0.229180304965606	0.12205568054575	0.0604263060334889	0.277760699557253	NO	0.356727324246924	0.306023263591762	-0.0507040606551627	0.0784839544140859	103.375733024945	7	5	359.543593406737
RNFT2	-0.115682885227515	0.0616431457996296	0.060565466385294	0.277899402778594	NO	0.13729240290253	0.124156373542988	-0.0131360293595426	0.0790888266109746	706.169575409208	7	5	511.690675145661
CRIPT	0.15316297218909	0.0816420517428808	0.0606511036253157	0.277899402778594	NO	0.276713294758724	0.308389191559152	0.0316758968004274	0.0827304480376873	386.049180234046	7	5	419.901754898003
SEC22A	-0.229252312466795	0.122203488467705	0.0606568888757123	0.277899402778594	NO	0.220991407614796	0.184049256879226	-0.0369421507355707	0.0782908042719219	143.475347545861	7	5	269.727938779746
FOSL2	0.921524432119961	0.491814419821692	0.0609684901956297	0.279019713106512	NO	0.257679473862702	0.465917876014946	0.208238402152244	0.0758729001369552	5.5686800175087	7	5	128.549445770775
SALL1	1.1846766090605	0.632496561750743	0.0610660819506988	0.279159231774623	NO	0.236548091207752	0.503244456202456	0.266696364994704	0.0739305956977508	3.39687883210869	7	4	21.026672232081
RNF187	-0.0457137534996295	0.0244647750511939	0.061684889411517	0.281678529036126	NO	0.0459492055792394	0.0439862963995438	-0.00196290917969565	0.0795461419859158	13956.1332634073	7	5	1378.08801132327
SYK	-0.757412498916538	0.405571767071077	0.0618293118335603	0.282028439942556	NO	0.296994953843011	0.165334352451579	-0.131660601391432	0.0832021790042309	10.2206350802548	7	5	43.0480740612334
NCBP1	-0.136716941114261	0.0732803904769296	0.0620877117513023	0.28238503288328	NO	0.307868554460609	0.279524813599135	-0.028343740861474	0.0805145566569247	370.092116727182	7	5	387.017019913791
CAMSAP1	-0.146376636869863	0.0784626902281136	0.0621033420834514	0.28238503288328	NO	0.199314046401789	0.176977091832347	-0.0223369545694421	0.0826053563735137	306.882158381135	7	5	684.540385288344
METAP2	-0.0720708841279733	0.0386460424705142	0.0621958594992776	0.28238503288328	NO	0.153917001260586	0.144763725405197	-0.00915327585538878	0.0808203155772394	2168.40446144134	7	5	784.943804911873
SIRPA	-0.44962696834681	0.241138272898537	0.0622371760107436	0.28238503288328	NO	0.080247049238527	0.0527188888826829	-0.0275281603558441	0.0882803783578078	79.7003448022752	7	5	76.3126066934573
NCALD	-0.226747159074361	0.121610698314473	0.0622468930658577	0.28238503288328	NO	0.25622412604515	0.215441056845375	-0.040783069199775	0.0815258802154945	120.170117816104	7	5	1452.51205176975
GAN	0.89346806235207	0.479351901675473	0.0623345612154865	0.282474700061464	NO	0.483996847259184	0.69623514991008	0.212238302650896	0.0837499011359988	6.1712167086672	7	5	575.41493439882
TUSC2	0.165957208602135	0.0891066231899303	0.0625387730400147	0.283091725621829	NO	0.31330559200089	0.350065088545114	0.0367594965442245	0.0830240615756081	215.695105596133	7	5	644.871355846002
SEC61A1	-0.232829910829007	0.125085994240476	0.062693530646251	0.283483790748266	NO	0.341345247792031	0.291081971106915	-0.0502632766851161	0.0812522486914291	101.113050595335	7	5	1015.31045185566
SPOPL	-0.275734837116727	0.148310023701555	0.0630018128652601	0.284568448989666	NO	0.304129347268674	0.249094860631539	-0.0550344866371356	0.0818310443162668	73.7948696755588	7	5	191.299476020743
TMEM178B	-0.135071454595137	0.0727029173216588	0.0631896548397247	0.285107336370124	NO	0.458736889903618	0.425435225728733	-0.0333016641748848	0.0809843206938995	293.459656353454	7	5	799.43048673571
KDM4C	-0.81010014340985	0.436282995096804	0.0633363913502022	0.285459792000911	NO	0.370239882206835	0.207298327385009	-0.162941554821826	0.0814349168378371	7.37460990700083	7	5	129.323974418611
CCP110	-0.157887920796227	0.0851005658635446	0.0635519878860784	0.286121503902691	NO	0.295249245179142	0.263489063381971	-0.0317601817971709	0.0825244524665344	216.468736362404	7	5	892.254140999529
NIPAL1	0.901343216043448	0.486656600639223	0.0640095392832858	0.287869928019966	NO	0.268268886062962	0.474502108566615	0.206233222503654	0.0800413426091365	5.35668173476068	7	5	39.4163248729686
PIKFYVE	-0.384526173646544	0.207698989751719	0.0641173836569202	0.287964699491179	NO	0.415070644694423	0.325728525696588	-0.089342118997835	0.0809115537795952	34.6438168355277	7	5	288.420225584294
GAS7	-0.417998100743357	0.225854934640309	0.064207387797451	0.287964699491179	NO	0.260432762699013	0.188204613270302	-0.0722281494287105	0.0942644540411252	50.3786113873343	6	4	72.5026581852164
FAM13C	0.221057902523718	0.119457020001617	0.064238279117263	0.287964699491179	NO	0.452849454968969	0.507972739134058	0.0551232841650893	0.0825071320638245	103.577649973688	7	5	1052.43117875796
SPIN1	-0.202124497518717	0.10933635567785	0.0645085745634375	0.288723322396323	NO	0.385474046316723	0.338832395073784	-0.0466416512429387	0.0828631309423072	124.711276765644	7	5	3510.43820789967
MXI1	-0.178626057347659	0.096638863161329	0.0645463196703318	0.288723322396323	NO	0.272600850106502	0.238650426331616	-0.0339504237748857	0.0851294520043187	182.930301705592	7	5	598.895032768655
MOSMO	0.239999061308894	0.129898478063771	0.0646617529744634	0.288928992882672	NO	0.261115592686377	0.309987179739343	0.0488715870529659	0.0845346067205171	105.552385600596	7	5	337.396435300149
NACC2	0.984528010033805	0.534587944925141	0.0655252339189731	0.292171066089528	NO	0.299624838162268	0.533809087103907	0.234184248941639	0.0815375631677128	4.52125030231592	7	5	170.062970187229
PITPNC1	-0.196090482283843	0.106478855454434	0.0655350254632081	0.292171066089528	NO	0.383678236268591	0.338484440798964	-0.0451937954696278	0.0833219831470499	133.081504674101	7	5	2317.36850286214
ST6GAL2	-0.480562008072149	0.261068511808051	0.0656581216433085	0.292171066089528	NO	0.452180818449848	0.337954024419161	-0.114226794030687	0.083613450648359	21.3867224662847	7	5	316.006506239818
ST6GALNAC3	-0.294888352245405	0.160223757838964	0.0656980446929047	0.292171066089528	NO	0.103202351918402	0.0789261975256942	-0.024276154392708	0.0807841171550172	162.784550310071	7	5	218.021692967193
U2SURP	0.193887136132924	0.105388378509957	0.0658065285815764	0.292171066089528	NO	0.201041507423356	0.233991143069624	0.0329496356462683	0.0861280847389991	195.066920200466	7	5	621.979762534908
BCR	-0.288073310277408	0.156585043433544	0.0658087232994923	0.292171066089528	NO	0.114767916041164	0.0885869860868809	-0.0261809299542829	0.0879207903613457	158.882089428302	7	5	190.234817181321
SMARCC1	-0.149058285312771	0.0810606032517176	0.0659372607367801	0.292429642500006	NO	0.224070537393606	0.1992227933534	-0.0248477440402053	0.0835010300320089	252.898644082743	7	5	388.938582863456
ATCAY	-0.182489139910512	0.0993298598042069	0.066179898078674	0.292718961103411	NO	0.330013243846001	0.290983074027335	-0.0390301698186659	0.0841767289091674	154.224274360413	7	5	1510.92861072573
IVD	-0.274689767253964	0.149522279872492	0.0661927780263322	0.292718961103411	NO	0.342433532782269	0.283501641494143	-0.0589318912881258	0.0848436127353505	72.0447716593273	7	5	212.538720301202
EIF4E2	0.256676516989316	0.139727825631133	0.0662135919226707	0.292718961103411	NO	0.364448741776021	0.425696753798752	0.0612480120227319	0.0849491655429853	86.8203243163857	7	5	447.74238830706
ZNF703	-0.211826200589635	0.115379888134365	0.0663721092908212	0.293108253343754	NO	0.300387728837793	0.257829896714367	-0.0425578321234258	0.0869717540086777	123.319645844962	7	5	211.113499433924
TMOD2	-0.208945972268896	0.113916671147235	0.0666242931417859	0.293909925206606	NO	0.397963655065482	0.3491214732943	-0.0488421817711817	0.0846737109667765	121.377358262525	7	5	3352.54167004067
RRP8	0.501189130630889	0.273533996599796	0.0669106628509674	0.294651619277201	NO	0.262732135018473	0.370370630967319	0.107638495948846	0.09644320880739	29.0624959442166	7	5	170.457701799913
CPT1A	0.650967359645482	0.355308954559197	0.0669340817829218	0.294651619277201	NO	0.724704380208375	0.834641393926599	0.109937013718224	0.0853535923740777	18.3462244036113	7	5	94.3954676996547
LETM1	-0.622684431662922	0.34069599462713	0.0675970730276058	0.296977461708537	NO	0.340068571906835	0.216586086464247	-0.123482485442588	0.0918156235082064	14.1298386367405	7	5	246.854900685991
DERL1	-0.230633934289943	0.12619295099553	0.0676052058264385	0.296977461708537	NO	0.367944606114261	0.316116109085454	-0.0518284970288077	0.0864779136780772	96.9949400044801	7	5	584.755814522781
ALDH7A1	0.22830450852408	0.125121650108308	0.0680523066208015	0.298409995363103	NO	0.0948832954958888	0.116385624466784	0.0215023289708952	0.0909804223354	198.135498746982	7	5	465.147236581616
ATP6V1C1	-0.16939255224145	0.0928426884393953	0.0680747801922079	0.298409995363103	NO	0.322027961630189	0.286210567010665	-0.0358173946195248	0.0872563524400047	204.530009880396	7	5	1667.75692145882
LYNX1	0.702920963755742	0.385405701506831	0.0681752330806402	0.298535757489961	NO	0.318593702471904	0.485673634369962	0.167079931898058	0.0842735807979586	9.34552383074792	7	5	251.417758665074
ZNF334	0.13204476296424	0.0724480817452081	0.0683621354385816	0.299039414747108	NO	0.0764184562900515	0.0862749757256788	0.00985651943562724	0.0881302950043996	826.686568769689	7	5	136.550034936218
SLC41A2	-0.244256734518917	0.134181483259391	0.0687063210409618	0.300229302027732	NO	0.849512542064838	0.815556305503285	-0.0339562365615537	0.0880045195786139	123.420764027582	7	5	787.380117803801
ZNF714	-0.197085568700991	0.108320971850626	0.0688414302616232	0.300489995113085	NO	0.0751693171085391	0.0625643133440548	-0.0126050037644843	0.083000186900929	446.315160919087	7	5	220.73480649761
KLF7	-0.139243781687339	0.0765493611421322	0.0689104459946835	0.300489995113085	NO	0.180228491196165	0.160563141012483	-0.0196653501836823	0.086781892710973	342.14087203307	7	5	1430.796410905
RAB3D	-0.274867033865414	0.15116689771539	0.0690180262835304	0.30064396789475	NO	0.337285382757329	0.278828095999647	-0.0584572867576828	0.0868171918766288	66.6638674991471	7	5	765.044315236865
PTDSS1	0.036429764592819	0.0200632534087423	0.069409401819864	0.302032543483927	NO	0.0517792396500725	0.0535973599443186	0.00181812029424611	0.0885888166825288	17565.7091979472	7	5	844.050655639597
CCSER1	-0.955614507147037	0.526516724544667	0.0695278054868544	0.302063435242471	NO	0.349887393043383	0.171483638122039	-0.178403754921344	0.0888631965852242	5.53654329608253	7	5	92.9432754851659
PRKCE	-0.115009529487178	0.0633806943557966	0.0695880194224877	0.302063435242471	NO	0.499030980584823	0.470313553929185	-0.0287174266556384	0.0879716666547194	423.498935801814	7	5	654.713245411142
MSMO1	-0.146979903809605	0.0810215545741803	0.0696647982555315	0.302063435242471	NO	0.253430333173214	0.226640337756275	-0.0267899954169396	0.0876262489322333	277.51973281051	7	5	2121.73036132644
TTLL11	0.474595861108665	0.261656844014767	0.0697069465944163	0.302063435242471	NO	0.138044433142784	0.204723062960179	0.0666786298173957	0.0871030042456079	24.9927833968429	7	5	134.52609037616
CFLAR	-0.886028346559736	0.488756807092377	0.0698595151206683	0.302409555569178	NO	0.385549135560068	0.205529109925583	-0.180020025634485	0.0911762451895397	5.67673137660895	7	5	129.172255099907
NPTX1	0.321700868284749	0.177530430632171	0.0699725086225001	0.302583821070271	NO	0.410699097943449	0.490157464202072	0.0794583662586232	0.0871779179150487	51.6812347490192	7	5	753.543017000865
ZBTB5	-0.710369723686145	0.392190121712698	0.070096099800256	0.302803504848458	NO	0.225000249272407	0.124866539147503	-0.100133710124905	0.0926321890101622	11.0343168976883	7	5	236.414259421617
L3MBTL3	0.31075555182455	0.171893215163132	0.0706312959965995	0.304124591542689	NO	0.136025477848163	0.176834133778872	0.0408086559307094	0.0890830734338667	75.5117640610371	7	5	115.588296332539
MRPL42	-0.136946240378311	0.0757531190865574	0.0706381441237976	0.304124591542689	NO	0.0965920439963699	0.0852842089280882	-0.0113078350682817	0.0900504235026238	723.029196020267	7	5	1265.97375646072
GNG12	0.216732951914382	0.119903108348238	0.070673853121231	0.304124591542689	NO	0.306621625261487	0.354520244184879	0.0478986189233917	0.0883496769827342	106.400006362768	7	5	363.570387633282
ZNF81	-0.281611387375371	0.155822712340723	0.0707225175186262	0.304124591542689	NO	0.235692999769966	0.188765628435881	-0.046927371334085	0.0861235332949361	68.4994627385761	7	5	117.318479820828
NTMT1	0.112232916626949	0.0621112216848529	0.0707674530320487	0.304124591542689	NO	0.112112949026023	0.123780717757959	0.0116677687319363	0.0935955998304009	1037.63311280368	7	5	613.996835627779
C2orf69	-0.276482443462149	0.15313911476376	0.0710069183416003	0.304450206774232	NO	0.137695095665838	0.108027490198532	-0.0296676054673063	0.0887817398251186	115.996022918883	7	5	621.285576911763
PHC1	-0.200410978696009	0.111042373288899	0.0711035831251268	0.304450206774232	NO	0.668368022802703	0.622553827137005	-0.0458141956656981	0.0893228523602266	120.246952889603	7	5	481.172375361191
NIPA1	-0.172667447542592	0.0956906886092652	0.0711634352944412	0.304450206774232	NO	0.316030031341657	0.279943030388962	-0.0360870009526957	0.0900062137203167	167.427804338143	7	5	1849.42430039976
SNX29	0.300469426995491	0.166564199655025	0.0712429681379116	0.304450206774232	NO	0.268906153114265	0.331876536464562	0.062970383350297	0.0907951833386982	56.075279017046	7	5	87.3438865465452
ALDH2	-0.0331714526398963	0.0183918395170714	0.0712946256110132	0.304450206774232	NO	0.053493217052023	0.051838352651272	-0.00165486440075106	0.0892094550526788	21105.2628855656	7	5	531.950505660558
FGF12	0.169107717383657	0.0937661731698199	0.0713090158054372	0.304450206774232	NO	0.264740059851016	0.298936363891304	0.0341963040402876	0.0887863327592432	204.825567955244	7	5	875.681449324204
RDH10	-0.290297059226789	0.161041590222629	0.0714476524402901	0.304450206774232	NO	0.221110322280894	0.175157816112607	-0.0459525061682863	0.090568441874273	91.7685435548105	7	5	136.14459127046
NOVA2	-0.104080486063464	0.0577553083806262	0.0715306410773635	0.304450206774232	NO	0.0943966576965797	0.0858670212016241	-0.00852963649495565	0.0878918565396854	1235.35026993304	7	5	522.647234938182
CCNH	0.150719810626543	0.0836590705106776	0.0716090591373346	0.304450206774232	NO	0.0741464225558398	0.0851804826403472	0.0110340600845074	0.0958637511550695	806.878782179079	7	5	231.630514508398
MYH10	-0.395123871895606	0.21932924147621	0.0716224966119021	0.304450206774232	NO	0.400366060996982	0.310225782895738	-0.0901402781012438	0.0899355930576764	31.0453230014327	7	5	612.976183343448
WWC1	-0.306726126161387	0.170276012393465	0.0716482577961473	0.304450206774232	NO	0.348876167839587	0.282780910245775	-0.0660952575938116	0.0913048151141955	58.0648583249361	7	5	59.1423947409843
CHL1	-0.577003485980414	0.320737601171265	0.0720203864404858	0.305510220094666	NO	0.375328273654852	0.252291369965057	-0.123036903689795	0.0922229521076852	14.3190497411862	7	5	303.115861005802
GNPDA1	-0.145508752944155	0.0809099852227524	0.0721131818229175	0.305510220094666	NO	0.320489403939622	0.289660728738773	-0.0308286752008482	0.0896856241666244	259.581600759331	7	5	305.236475800492
BTNL9	0.692092196978677	0.384843681645974	0.0721180375319619	0.305510220094666	NO	0.348000013334562	0.516057020050623	0.168057006716061	0.0889582250678603	9.39354062413969	7	5	142.856786769032
AP5M1	-0.143616853330971	0.0799422741458612	0.07241392395313	0.306451600859635	NO	0.0971565003185303	0.0852671336206175	-0.0118893666979128	0.089714839920916	618.842498882392	7	5	812.494644655073
DHODH	-0.600591475659465	0.334785668103245	0.0728198498649292	0.307856275851733	NO	0.147211829177185	0.08649279924281	-0.060719029934375	0.102303226687258	21.9627917550177	7	5	43.0318461960185
RAB31	0.246476094435927	0.137527976370946	0.0731027333643666	0.3083536654333	NO	0.2562785280282	0.305991761830747	0.0497132338025463	0.0931054649183519	104.552143360582	7	5	479.03830304886
CREM	-0.192315616310694	0.107337858018003	0.0731834593104878	0.3083536654333	NO	0.0671356586884276	0.0560483583775695	-0.0110873003108581	0.0880247160195634	550.270414859035	7	5	735.966413671303
ARFIP2	0.187612022443618	0.104716980914967	0.073195410759638	0.3083536654333	NO	0.0666732996967041	0.0793407070239597	0.0126674073272555	0.0932716962762723	473.373347266055	7	5	256.787224474086
OLA1	-0.116557335036438	0.0650896269648927	0.0733381442867083	0.3083536654333	NO	0.122877254758048	0.110856866473863	-0.0120203882841846	0.0944598838249461	1124.04805924718	7	5	1137.22100219282
EVI5	-0.220545321713509	0.123169544040501	0.0733601979189448	0.3083536654333	NO	0.350035412613254	0.301655083384489	-0.048380329228765	0.0903224001245104	103.394276848846	7	5	203.03858124687
NCBP3	-0.281398223674493	0.157188546053762	0.0734224924882062	0.3083536654333	NO	0.143226046574658	0.112032293119954	-0.0311937534547033	0.0935212605632368	122.598813635478	7	5	341.320802480783
BMS1	-0.182052753607858	0.101706316477202	0.0734563659722115	0.3083536654333	NO	0.0871629910479331	0.0737249277889336	-0.0134380632589995	0.0916776076554358	389.073509044102	7	5	212.867728529202
TTL	-0.148090651467045	0.08280535910646	0.0737084839118166	0.309100093823747	NO	0.0603534617734088	0.0524819778777128	-0.00787148389569608	0.0929143900123668	732.388595357103	7	5	1579.44399748604
CCDC25	-0.248389536089208	0.139073010079737	0.0740932740490183	0.310400825824689	NO	0.293299230291152	0.244566681024729	-0.0487325492664233	0.0939090808163324	94.5977403530477	7	5	424.0471636928
RALGPS1	0.755755415299159	0.423370643428558	0.0742464464586669	0.310685664093112	NO	0.484969425053128	0.66721484421759	0.182245419164462	0.093851377585223	8.43134068725352	7	5	388.881562715619
PHACTR2	-0.301164706088271	0.168748458738702	0.0743106335991938	0.310685664093112	NO	0.375838160481043	0.308228187667922	-0.0676099728131207	0.0943723095176842	58.1735996097946	7	5	203.951724183557
MRPS14	0.219228928851169	0.122896714664805	0.0744485391500022	0.310849331312869	NO	0.272515537428422	0.318067277203955	0.0455517397755323	0.092722358129023	130.995343697576	7	5	502.792385729368
TMEM170B	-0.27404916063309	0.153655035179932	0.0744992267593583	0.310849331312869	NO	0.422128711436475	0.357073205552148	-0.0650555058843267	0.0926466775083523	62.7161982112337	7	5	816.564591185499
EMC8	-0.201686999296452	0.113155088510563	0.0746849334709399	0.311201115327352	NO	0.225601560463058	0.19232034258348	-0.0332812178795777	0.0928320295550109	178.206178223132	7	5	351.078376204662
EMC10	-0.0834990149620892	0.0468728183232227	0.0748479069934964	0.311201115327352	NO	0.0721222626909716	0.0667302305795929	-0.0053920321113787	0.0908602660702055	2874.63798894091	7	5	517.905074315124
PRKAB2	-0.169688511144108	0.0952680581813924	0.0748848476416437	0.311201115327352	NO	0.394341109515927	0.354620764446767	-0.0397203450691597	0.0930603217650312	164.072463309491	7	5	531.705661477112
KIF21B	-0.12254557403534	0.0688067275756495	0.0749105698223474	0.311201115327352	NO	0.360472269458798	0.332730640681938	-0.0277416287768597	0.0928770621604832	328.858099576668	7	5	727.135128938978
GK5	0.481566159762698	0.270432814221123	0.0749575763360592	0.311201115327352	NO	0.167029923616986	0.245037174361634	0.0780072507446481	0.1062067699608	27.179897327829	7	5	142.749269209406
SLC30A9	0.0456133740183132	0.0256416630332025	0.0752598694953555	0.312144623230986	NO	0.0445014358026606	0.0464817663687588	0.00198033056609821	0.0928105776232129	12437.9864660723	7	5	1118.50196921493
ANAPC10	-0.195707437739342	0.110123179214944	0.0755405316702559	0.312996625247276	NO	0.149027594943917	0.125872621760177	-0.0231549731837402	0.0937029261038928	303.790143256741	7	5	209.62221217466
NRCAM	-0.286129931459382	0.161207062951598	0.0759107990559014	0.314217834898059	NO	0.323124746241579	0.26394220860594	-0.0591825376356394	0.0945265823618305	58.5341951936443	7	5	2228.48110108727
RASL10B	-0.171234590912026	0.096668112696504	0.0764998882599476	0.316341486243918	NO	0.312329694978042	0.276781148021908	-0.0355485469561337	0.0948252056590534	168.127064055023	7	5	422.563610140353
SP4	-0.186106734347499	0.105170773172395	0.0767992926983721	0.31690599019181	NO	0.383544571440974	0.340596550835506	-0.0429480206054683	0.0953411973792052	134.868443817179	7	5	212.401984621698
GRIN3A	-0.529118809606141	0.299055395655189	0.0768437687480153	0.31690599019181	NO	0.458221296000374	0.332561113736358	-0.125660182264016	0.0946689990425059	16.7659575978302	7	5	468.447337123883
RRP7A	0.284813887132307	0.160986980669377	0.076864938486427	0.31690599019181	NO	0.193917421693669	0.2423313960531	0.0484139743594307	0.0982921262811404	76.7989191284766	7	5	316.977434134597
HDDC3	-0.385881779267091	0.21828389579072	0.0770947216516032	0.317538655515514	NO	0.11622718173265	0.0820710182581017	-0.0341561634745486	0.0868154665479923	96.3258451638031	7	5	133.637774630808
AGK	0.275244841326803	0.155958140328543	0.0775866965008709	0.319079196257333	NO	0.10866190825755	0.13832911419053	0.0296672059329801	0.0967260472737859	161.038321249575	7	5	391.481522277774
SCAMP2	-0.445549744024159	0.252540125455205	0.0776860146177696	0.319079196257333	NO	0.16379575561214	0.111471043509372	-0.0523247121027677	0.100719944565033	42.2929823858439	7	5	69.1016680514077
EEF1AKMT2	0.201052609100086	0.113962688178213	0.0776988523578553	0.319079196257333	NO	0.148176232278853	0.175386204203399	0.0272099719245459	0.106114550811337	232.754226445767	7	5	239.229400766
WDR5B	-0.363289779123099	0.206254974210852	0.0781770660980822	0.319742690316375	NO	0.152743247116782	0.111398484612223	-0.0413447625045593	0.0989201870463036	91.718824269647	7	5	118.946825677754
YOD1	-0.453074822816218	0.257250651129224	0.0782012853501036	0.319742690316375	NO	0.406496486357125	0.303318979187397	-0.103177507169728	0.0953176958179557	22.9415846895018	7	5	267.349603624021
CBX6	-0.123929150332833	0.0704046872325682	0.0783671136597811	0.319742690316375	NO	0.324141885728802	0.297604549440703	-0.0265373362880988	0.0977027627811009	336.361582642696	7	5	863.344788768674
GPR180	-0.18954276109833	0.107689296076422	0.0783926929178091	0.319742690316375	NO	0.198723107096837	0.17025276984042	-0.0284703372564168	0.0954945912075342	194.42960858151	7	5	231.304540086122
HDLBP	0.128718671332735	0.0731336752907086	0.0783999178157251	0.319742690316375	NO	0.207543824645743	0.229510718196447	0.0219668935507045	0.097852715697495	407.529402827671	7	5	551.193295768092
PHKA2	-0.383662884546333	0.217987694601924	0.0784042737961691	0.319742690316375	NO	0.158818841013984	0.1139810893604	-0.0448377516535839	0.088363667611138	86.122807109618	7	5	66.7697274253829
C9orf72	-0.35577192998217	0.202232134952691	0.0785392136349063	0.319742690316375	NO	0.394308509543878	0.313241321618738	-0.0810671879251401	0.0969125447504313	36.4129443296395	7	5	778.309572153119
MORC2	-0.322627249062965	0.183398899181924	0.0785510383796764	0.319742690316375	NO	0.67100549556078	0.596308946059812	-0.0746965495009683	0.095410018223921	49.0031163887194	7	5	276.648722165863
WBP1L	-0.191219204856081	0.108699822143625	0.0785521705536863	0.319742690316375	NO	0.327603163274543	0.286945634782422	-0.0406575284921211	0.0977263054203184	130.060416532461	7	5	437.368292963235
PHF24	-0.211519385298578	0.120274255329425	0.0786382944100765	0.319780356545375	NO	0.33341627658029	0.288169013464311	-0.0452472631159789	0.0974637989622698	105.003272647252	7	5	657.864275423356
HERPUD1	0.0636415406300727	0.0362190530465588	0.0788958605420889	0.320514433452236	NO	0.0427220627048685	0.0454018871425237	0.00267982443765515	0.0963525219908373	6483.4761535415	7	5	893.538482865641
FER	-0.284450547092658	0.161933240144239	0.0789874692765346	0.320573533844277	NO	0.364046234391065	0.301051538149301	-0.0629946962417631	0.0931201774405165	59.6608266056432	7	5	284.074222804538
CAVIN1	-0.87897318816857	0.501072902707698	0.0793992849427222	0.321930823939302	NO	0.42767201418995	0.236795550553921	-0.190876463636029	0.101467468770353	7.19910745734686	7	4	27.4429137584228
ZNF264	-0.865459948671708	0.493649652476319	0.0795699848516237	0.32194735350595	NO	0.365900057468813	0.195398462443081	-0.170501595025731	0.101889702855224	5.59618045770574	7	5	178.035423646434
EXOC5	-0.0913816453497206	0.0521337984672325	0.0796313257581935	0.32194735350595	NO	0.0654951819846606	0.0601193104749996	-0.00537587150966103	0.0983519203705927	1979.61384355902	7	5	987.680617675662
SYS1	0.326995262669897	0.18660997560395	0.0797235231816131	0.32194735350595	NO	0.222556196360787	0.284176833880317	0.0616206375195307	0.099834265648336	46.5479565186166	7	5	83.8082342048945
TMEM33	-0.25894546387948	0.147776499014198	0.0797260685431564	0.32194735350595	NO	0.540737214141778	0.476109553572465	-0.064627660569313	0.0981657278444256	70.0126902344041	7	5	1156.75548944605
MEGF11	0.897962617591449	0.512563828054115	0.0797903176597678	0.32194735350595	NO	0.297898585125801	0.510158069233366	0.212259484107566	0.0947712209444811	4.83749426452963	7	5	46.2739280005833
DUSP28	0.420059813552643	0.240019267068148	0.080099554445731	0.32288192489752	NO	0.242967161936649	0.328181695288258	0.0852145333516083	0.0970336998785236	29.8923714213142	7	5	163.19691870925
NF2	-0.159703229840355	0.0912938668028573	0.080233747458007	0.323109767110657	NO	0.353853848594271	0.318245835658335	-0.0356080129359359	0.0991146248990306	184.505197810197	7	5	820.513561206444
PHIP	0.0814751299896908	0.0466650723559462	0.0808187210002591	0.325020609042292	NO	0.0814037282128462	0.0877077190482076	0.00630399083536141	0.0987091164811117	2338.0145130838	7	5	584.013183091129
OARD1	0.336084073593809	0.19252198663494	0.0808645024900895	0.325020609042292	NO	0.101115078368456	0.136012478876487	0.0348974005080308	0.113659834153735	107.736142309895	7	5	217.676356862891
WAC	-0.105735584318237	0.060602901503723	0.0810322120572403	0.325292806582558	NO	0.0706204422883411	0.0639879747824957	-0.00663246750584538	0.102135221447166	1711.95185149518	7	5	668.01858860841
ZDBF2	-0.14336278610524	0.0821843800700525	0.0810886154870464	0.325292806582558	NO	0.0990102999048423	0.0869360820062279	-0.0120742178986144	0.0965588279260356	384.995125951734	7	5	447.246408144465
ZNF461	0.4645476234196	0.266425033345409	0.0812230113457117	0.325518041616725	NO	0.0757627182774533	0.115391458600686	0.0396287403232329	0.107233206739994	41.7966552892262	7	5	91.1491968384374
LRRC8B	-0.23029167136039	0.132110045288197	0.0813020686629401	0.325521275878567	NO	0.216546265066084	0.180021849856499	-0.0365244152095852	0.103322746049409	133.48901774103	7	5	257.738396980087
ALKBH8	-0.458480300752646	0.263509626120391	0.0818766438369289	0.327506575347716	NO	0.20215685757985	0.138077719094532	-0.0640791384853179	0.0968947360671005	26.4321965276393	7	5	175.925084624754
SPPL3	-0.190836062767844	0.109728183786258	0.082004708663978	0.327523832850232	NO	0.0724756711808059	0.0606479695368296	-0.0118277016439763	0.098595129711224	467.008996767386	7	5	828.123614969916
STT3B	-0.213769118979438	0.122927933197701	0.0820384215937361	0.327523832850232	NO	0.333450262418246	0.287739088791639	-0.0457111736266071	0.100358247263873	102.092812336542	7	5	740.39113378068
CLVS1	0.219386320065098	0.126200041569291	0.0821401225801913	0.327615445765672	NO	0.407699058167667	0.461551247008634	0.0538521888409672	0.101562556423931	91.3881975538612	7	5	317.053381840698
UBL3	-0.199673685290531	0.114910866893732	0.0822743183692816	0.327750987250644	NO	0.407955025417479	0.360752551733816	-0.0472024736836623	0.100448701500654	111.6532588197	7	5	1520.19008696516
WWC3	-0.851400589219236	0.490067056041815	0.0823316782877218	0.327750987250644	NO	0.293452362685264	0.150577871831378	-0.142874490853886	0.111686356035321	6.09767469856296	7	5	62.9021486212138
UBE2I	-0.179121611140132	0.103132376507914	0.082420254028283	0.32778992041841	NO	0.1505154779113	0.129016198831384	-0.0214992790799162	0.0995674422302335	338.124792591271	7	5	765.811320727499
YWHAZ	-0.102991561942602	0.0593688281758481	0.0827806568598062	0.328598454662247	NO	0.166934302367747	0.153098390607426	-0.0138359117603204	0.101170714684619	775.573005601383	7	5	14678.8130666322
DBT	0.534440101044811	0.308117034203949	0.0828230164645369	0.328598454662247	NO	0.244960853020449	0.356352436586352	0.111391583565904	0.0974117786699434	15.1817025663928	7	5	233.486910136314
AFAP1L2	-0.580086829532756	0.334474218318934	0.0828605237838215	0.328598454662247	NO	0.412417606764507	0.282100364676849	-0.130317242087658	0.103438200781828	13.3364325173216	7	5	89.5685490441262
COG3	0.443603964624993	0.255914294383127	0.0830231215537847	0.32888325249028	NO	0.447874736279026	0.558319005497929	0.110444269218904	0.100673385579613	22.3731736430415	7	5	322.012128361446
SLC35E1	-0.132688094669003	0.0765698592013678	0.0831130132517919	0.32888325249028	NO	0.22294694338442	0.200806248174268	-0.0221406952101517	0.0985021629537956	316.474724110931	7	5	390.94416222571
CDC37L1	0.185834241027881	0.107258388905476	0.0831695148124457	0.32888325249028	NO	0.145858861388284	0.17056578303609	0.0247069216478059	0.105786164783883	244.612006636677	7	5	576.870535186841
BAZ2B	-0.214674897333029	0.123994704750964	0.0833941526126316	0.329154272885121	NO	0.355725634718676	0.30818041730447	-0.047545217414206	0.100499957358951	100.229084420457	7	5	511.236145997532
COMMD2	0.127194927161594	0.0734684047128466	0.0834005084229865	0.329154272885121	NO	0.279983736536816	0.306327032730108	0.0263432961932918	0.10214813684188	365.158037173224	7	5	924.311456947809
TMEM248	-0.122280340705899	0.0706868002932849	0.0836500522612952	0.329154272885121	NO	0.389053069824389	0.360412396337615	-0.0286406734867737	0.101629874100064	296.920356144715	7	5	1107.97751973134
TRAF4	-0.136428468601983	0.0788681657835958	0.0836607674821413	0.329154272885121	NO	0.0565409336908124	0.0496884870617021	-0.00685244662911032	0.102901103390143	1006.89079125298	7	5	183.404429083709
KLF13	-0.355079055149536	0.205288033403174	0.0836905557156006	0.329154272885121	NO	0.153841762782244	0.113059779980976	-0.0407819828012682	0.101688823856167	54.4704764112339	7	5	171.597798783943
SLC30A8	-0.854765788600013	0.494216159430908	0.0837127934404947	0.329154272885121	NO	0.340937218599602	0.180363567220229	-0.160573651379373	0.111051138807455	6.03677690872395	7	5	156.715264356094
CLCN4	-0.13552555805597	0.07838452513083	0.0838120311908988	0.329233285886817	NO	0.345651176094799	0.315671482138762	-0.0299796939560376	0.101971594362936	245.209925823842	7	5	981.237857865672
TTC30B	-0.26595826554364	0.154064338534779	0.0842969592027283	0.330825802154103	NO	0.0947528249813723	0.0742686853577822	-0.0204841396235901	0.105293365165492	165.012355259259	7	5	91.6209674841008
NTRK3	0.287888357105935	0.166889276362048	0.0845227694692407	0.330998421286839	NO	0.118545110913646	0.152078413415992	0.0335333025023462	0.100559067077348	110.747353874914	7	5	275.867241938067
BCAR1	0.114774746137466	0.0665700899547589	0.0846863919901325	0.330998421286839	NO	0.0490833187457031	0.0547261785729886	0.0056428598272855	0.103602043779395	1771.85186108172	7	5	163.600282169403
FOXRED2	-0.455967402877476	0.264489072095971	0.0847158684584377	0.330998421286839	NO	0.273242867833833	0.192445316264273	-0.0807975515695595	0.106736929233382	24.8378983451864	7	5	119.059109662673
SEMA3C	-0.225179672810299	0.130632004135402	0.0847491746677535	0.330998421286839	NO	0.310234803092292	0.264209811894821	-0.0460249911974718	0.103480096989057	92.9382884292023	7	5	1304.84050880252
LSAMP	-0.126543851359821	0.0734126211068837	0.084755824131491	0.330998421286839	NO	0.33636593395526	0.308727500888578	-0.0276384330666813	0.102641651888785	294.952902681175	7	5	1710.93706598971
AATK	-0.254699859420311	0.147790183238113	0.0848183454547524	0.330998421286839	NO	0.0839006242097137	0.0662859885058229	-0.0176146357038908	0.106425642246412	156.797521228356	7	5	220.95163164471
ATP5MC3	0.178072750195157	0.103403171518855	0.0850476418910708	0.331582183942694	NO	0.112078841547112	0.131061276305478	0.0189824347583664	0.110141970121055	391.206213949076	7	5	1662.25250738111
RCHY1	-0.0709891711799871	0.0412466093696315	0.085234298933639	0.331998767381965	NO	0.170864992985807	0.161041595588475	-0.00982339739733168	0.101343218561313	1972.16027968012	7	5	886.354059913724
PSD3	-0.16475715577302	0.0957747468883357	0.0853857796040304	0.332034580718131	NO	0.217568719383674	0.190826533335749	-0.0267421860479248	0.101940129093085	193.027264120679	7	5	1114.41760972906
CHD6	-0.205028579881367	0.119212286099558	0.0854576832761976	0.332034580718131	NO	0.321935795785819	0.278901227438107	-0.0430345683477122	0.102601774594993	107.04621174388	7	5	305.6604321982
MCUR1	0.346622899481189	0.201557489560718	0.0854829413339226	0.332034580718131	NO	0.37427238095049	0.458270186772819	0.0839978058223297	0.105329430054725	37.8252656241933	7	5	197.893719469057
IL17RA	0.413688822532708	0.240718754169603	0.0856951257415569	0.33254824914634	NO	0.14259625849937	0.200976427063047	0.0583801685636771	0.100422951011994	32.2529581609119	7	5	133.411723010715
ZNF283	0.376821832613357	0.219661122224358	0.0862592851621641	0.334159923428912	NO	0.0701447984197818	0.0990660284286121	0.0289212300088303	0.101100881993237	77.752552709622	7	5	91.328314654784
RAC1	0.0918595532855954	0.0535497922796808	0.0862710956160219	0.334159923428912	NO	0.404713404736685	0.427023847876594	0.0223104431399095	0.105989717907948	623.177515885461	7	5	1728.0798329624
ZFR	-0.163279801246905	0.0952200496697518	0.0863887200663854	0.334304256256896	NO	0.314395844605818	0.28030940371551	-0.0340864408903082	0.104999309459631	173.454441780507	7	5	1331.33570656794
C2CD5	-0.225642915569522	0.131690115156488	0.0866318954397083	0.334933722146084	NO	0.324988118482374	0.277562538622937	-0.0474255798594373	0.105187686388657	88.4566726208396	7	5	406.28434187068
SSR3	0.126132433919931	0.0736972537017993	0.0869898918012612	0.336005524506264	NO	0.23908003982219	0.262774541626416	0.0236945018042266	0.106486787585651	375.462481719723	7	5	483.341670889748
TAF3	0.408071225305038	0.23869138494872	0.0873364285774369	0.337031115846139	NO	0.294282976383181	0.385420983634256	0.0911380072510756	0.106038879190305	29.6026851058347	7	5	69.8406913889164
FXR1	-0.201116308241448	0.117687148346982	0.0874683089268244	0.337154266299168	NO	0.196176080996028	0.166382692877747	-0.0297933881182807	0.106154034379658	186.485039280236	7	5	524.652813400288
ZNF805	-0.426062005296884	0.249367449269204	0.0875304345199763	0.337154266299168	NO	0.576421079288669	0.470543295117556	-0.105877784171113	0.106085584143052	24.3340946292345	7	5	388.487635759451
FBXL20	-0.510034333573615	0.298694496518619	0.0877207766073652	0.337393666963362	NO	0.37364531425424	0.263735223713037	-0.109910090541203	0.109666690374738	17.8275074623287	7	5	460.673318907207
STMN4	0.0984621696240941	0.0576691829779157	0.0877547951092207	0.337393666963362	NO	0.0636298980591367	0.0697545917174584	0.0061246936583217	0.107233076128087	1608.17029255051	7	5	3346.34514520541
DKK3	0.0294000092821041	0.0172256433086217	0.0878669904812157	0.337513093630524	NO	0.0445044129902891	0.0457714891072753	0.00126707611698618	0.107293044892433	27970.4850950836	7	5	2642.35293027482
GNPNAT1	-0.300438432352736	0.176105808974992	0.0880060473421533	0.337735384634094	NO	0.219373076732736	0.172250330315532	-0.0471227464172046	0.110070140615106	60.6954892003432	7	5	144.073852825392
NSD1	-0.11830538774736	0.0693852536555673	0.088184935675322	0.33810998378741	NO	0.109300209650001	0.098303841053222	-0.0109963685967795	0.104138349486572	746.723090217333	7	5	210.560615990103
EXTL2	-0.17818514832335	0.104539686467872	0.088292621594034	0.3382111471742	NO	0.167267790819549	0.143895981816775	-0.0233718090027746	0.10455671318586	215.661419289081	7	5	572.340210521663
SRGAP3	-0.20222441324189	0.118730190340095	0.0885256787017044	0.338324584817373	NO	0.390300665625109	0.343378823965336	-0.0469218416597731	0.107171050030245	110.276618242141	7	5	715.095953325615
COX19	0.245340164254266	0.144053898052328	0.088546796564783	0.338324584817373	NO	0.195864151503801	0.237396455801939	0.0415323042981378	0.105734099883944	113.231641138166	7	5	314.594549782482
RBMS3	-0.207752931958362	0.12199161870807	0.088566219438971	0.338324584817373	NO	0.185034341130957	0.155728834814493	-0.0293055063164636	0.108362305515466	147.867619675576	7	5	1325.00440277441
KDM5B	-0.161824758845155	0.0951811712416907	0.0890977938841638	0.340042956475341	NO	0.123277111785949	0.106825914742536	-0.0164511970434127	0.107357420228417	361.767148726009	7	5	750.969265032233
UTP11	-0.125529980556746	0.0738825775648847	0.0893103058953296	0.34045271795981	NO	0.138935709287407	0.124587399066024	-0.0143483102213832	0.106969241599978	663.944642064015	7	5	462.608944084737
HNRNPC	0.153226946672818	0.0902397377437993	0.0895080295832298	0.34045271795981	NO	0.104981873914445	0.120274920951343	0.015293047036898	0.112851153168231	478.313475628227	7	5	1403.91290826432
NAA40	0.309153168471388	0.182089987093511	0.08954469848043	0.34045271795981	NO	0.369296324039173	0.443718624186422	0.0744223001472489	0.107710725360175	43.6229545110491	7	5	336.096296329056
CHAF1B	-0.146082844710861	0.0860592051327655	0.0896080011390042	0.34045271795981	NO	0.046605334896959	0.0405277381238896	-0.00607759677306938	0.107005743654465	1053.12304771371	7	5	21.2167845343718
KIF3B	-0.159147249157923	0.0937642420145813	0.0896375365295877	0.34045271795981	NO	0.265760546042471	0.23588268346017	-0.0298778625823017	0.108631776859153	181.874281732671	7	5	1107.19365132018
SAMD14	0.301126930585768	0.17744637323586	0.0896961968471039	0.34045271795981	NO	0.330092208821836	0.399717792497671	0.0696255836758343	0.108299865997416	46.9707519312738	7	5	322.149898889668
CABLES2	0.169496421043717	0.0999373327057882	0.0898807546641826	0.340643980463691	NO	0.458325205820861	0.50060239944428	0.042277193623419	0.108745696135893	190.587507278293	7	5	772.730007934809
ZSWIM6	-0.22263869719227	0.131293848844183	0.0899373434651149	0.340643980463691	NO	0.191219423512058	0.159126096253724	-0.0320933272583341	0.113938505396877	98.7157272707159	7	5	413.702734270083
CASP2	-0.295330796349802	0.174204968150196	0.0900173125163186	0.340643980463691	NO	0.505556935723698	0.432145683710673	-0.0734112520130243	0.107731456772586	52.106241692254	7	5	190.633399568237
ZDHHC14	0.254083147836368	0.149908771115692	0.0900908845921712	0.340643980463691	NO	0.11596707300253	0.144660992943236	0.0286939199407056	0.113272363940162	136.207926198861	7	5	282.401532573338
DZANK1	-0.464597221671895	0.274181292859129	0.0901723746388074	0.340643980463691	NO	0.544901711676627	0.429349613412106	-0.115552098264522	0.107984200465383	18.7091611510662	7	5	68.887538548856
METTL2B	0.452041624889445	0.266825956560744	0.0902379005939875	0.340643980463691	NO	0.165399547556679	0.237479617915274	0.0720800703585947	0.112389160370029	28.2348756765541	7	5	170.396782578422
ZNF585B	0.519842427555837	0.307090385925921	0.0904936529060532	0.341299724468886	NO	0.187210914104761	0.279208045578172	0.0919971314734111	0.106393923675659	16.0262367230265	7	5	154.588512241285
BPTF	-0.110552966365237	0.0653618421395866	0.0907605883235756	0.341996419769995	NO	0.10315087009713	0.0933629223719545	-0.00978794772517508	0.108872973881007	871.966960195546	7	5	309.013750484378
ARID5B	-0.245256240291303	0.145119915010086	0.0910232300047484	0.34210090906184	NO	0.276723168490316	0.230404132065571	-0.0463190364247454	0.109969216162573	80.5940693506487	7	5	653.899782298739
CREBL2	-0.174011555257992	0.102968465399909	0.0910375260125064	0.34210090906184	NO	0.23552468551739	0.205643941904279	-0.0298807436131108	0.107253246224411	190.565620095551	7	5	661.292664373411
SEMA4D	0.355509780409658	0.210409709382967	0.0911031089291829	0.34210090906184	NO	0.152646729643197	0.20448719021504	0.0518404605718433	0.10564512866219	59.7861177379949	7	5	84.37258799757
NECTIN1	0.312238473943783	0.184807520450882	0.0911172613558939	0.34210090906184	NO	0.300067144116848	0.369412114630806	0.0693449705139582	0.110238024345257	46.4403866653745	7	5	212.404855979755
RCBTB2	-0.219932728734932	0.130420434157447	0.0917310189367741	0.344094714857512	NO	0.368332545635319	0.318796174408129	-0.0495363712271901	0.111383574797547	91.6988366303912	7	5	238.491737834081
BNIP2	0.290037880760752	0.172145057828296	0.092018322424312	0.344562427547833	NO	0.276961553133929	0.338598547285374	0.0616369941514446	0.109210363528985	56.9085936663653	7	5	245.141235560049
SRP19	-0.445497860452758	0.264417086345549	0.0920213598571256	0.344562427547833	NO	0.233804444225347	0.163494980036402	-0.0703094641889455	0.114907188493899	26.2859743629366	7	5	88.2860678921098
EEF2K	0.302399662207552	0.179697281148977	0.0924083434211217	0.345700277546642	NO	0.147876101563725	0.190162059139204	0.0422859575754793	0.110356136632728	67.894974325982	7	5	179.704519740613
PGGT1B	-0.304757693152365	0.181240835347228	0.0926645209463198	0.345890253443115	NO	0.081449192504171	0.061365665919846	-0.0200835265843249	0.110920392958145	102.245385531815	7	5	270.459181752857
NICN1	-0.237237376341977	0.141097306692671	0.092690246492757	0.345890253443115	NO	0.437752569316359	0.380476656199595	-0.0572759131167644	0.109504304581639	73.7556678591731	7	5	290.593676541329
ZYG11B	-0.355786560017401	0.211616498743301	0.0927085655262196	0.345890253443115	NO	0.379605089280784	0.300060178093375	-0.079544911187409	0.112091276045116	33.8220749539596	7	5	1254.15993822358
PROSER1	-0.617022116930407	0.367208657171377	0.0928982142163105	0.346287250125315	NO	0.4564493297021	0.311810768726068	-0.144638560976032	0.109473425027725	10.7711505109474	7	5	158.495680172438
TRAM1	-0.165479043151069	0.098728692634038	0.0937188419734035	0.348857635001889	NO	0.238213359292843	0.209493888474519	-0.0287194708183245	0.111585583396581	192.410994129791	7	5	498.730710578744
AP5Z1	0.185719747074972	0.110817143255856	0.0937554894067577	0.348857635001889	NO	0.0575796555904381	0.0685255335739912	0.0109458779835531	0.112031978770516	458.491962636004	7	5	66.4943246626118
GLRB	0.0821018541318023	0.0490518626741472	0.0941745360820332	0.350103726632045	NO	0.081386370285983	0.0877392959618419	0.00635292567585896	0.112959063170058	1912.6516655185	7	5	366.266455155059
BCORL1	-0.756172630010216	0.452198737002671	0.0944823177003738	0.350693404721196	NO	0.379700973647063	0.223221573874055	-0.156479399773008	0.119047834606598	6.64184040489665	7	5	64.1006743552382
RAD1	-0.162274622617853	0.0970518032074678	0.0945161795606711	0.350693404721196	NO	0.181206617345467	0.158361728014209	-0.0228448893312578	0.109516415198967	245.506641007603	7	5	370.729733972996
PCYOX1	-0.193634951863275	0.115845210900482	0.0946235007253471	0.350693404721196	NO	0.205256053936383	0.175462584971411	-0.0297934689649724	0.112044478409947	130.308424699555	7	5	1423.80408048018
MTG2	-0.30666265426195	0.183491903054458	0.0946703590148806	0.350693404721196	NO	0.164123700944021	0.126250811248938	-0.0378728896950826	0.119307431360634	55.9522668713571	7	5	79.4030324800313
WDR17	-0.342844772471063	0.205245476771357	0.094837621658059	0.351000450264703	NO	0.43942596248891	0.357475790850734	-0.0819501716381764	0.113360298736924	36.0372249238422	7	5	207.280929701236
TYSND1	0.735019597322375	0.440144629686721	0.0949292237590947	0.351027174078075	NO	0.214047710299053	0.362234802896526	0.148187092597473	0.109260625720373	7.46542279998791	7	5	59.6909363909513
SPRY4	-0.37149911661349	0.22258478486009	0.0951128295306587	0.351393757413446	NO	0.359645804726655	0.279206527862586	-0.0804392768640689	0.114461059853858	30.3979430354298	7	5	465.816604315138
SV2B	0.654436376035961	0.392738916223871	0.0956458100831827	0.353006181701816	NO	0.0762635392804424	0.137075483159068	0.0608119438786258	0.123517581654577	17.8651898815854	7	5	291.863111004511
SLC35F6	0.256964285730393	0.15424285633328	0.095718983884531	0.353006181701816	NO	0.504769107159308	0.568575428149798	0.0638063209904903	0.114142863988899	63.3726230987182	7	5	388.881322303874
NBPF12	0.79603652467741	0.478588160257004	0.096252048518933	0.354177865447148	NO	0.174209341544482	0.318636042936889	0.144426701392407	0.112385416536734	5.7538495667285	7	5	25.5280418721787
SLCO5A1	-0.209701118759936	0.126076600334873	0.0962557163364028	0.354177865447148	NO	0.305934633262555	0.263298232194331	-0.0426364010682242	0.115631531364198	98.2653151934535	7	5	378.123667411701
DOT1L	-0.642625840550794	0.386406512953125	0.0962959581502158	0.354177865447148	NO	0.492702511915528	0.338089909822414	-0.154612602093114	0.111370273533983	9.22563415325301	7	5	79.8582130104503
GIT2	-0.262761897700891	0.158035509123022	0.0963772460784066	0.354177865447148	NO	0.383415514239446	0.323477103797417	-0.0599384104420299	0.114578214124256	63.9966491584532	7	5	503.609801808828
ZNF324	-0.236528071473072	0.142337534785319	0.0965647813094382	0.354553830756631	NO	0.086643249940218	0.0696644289458191	-0.0169788209943989	0.122816909520895	196.300188298122	7	5	176.617110104827
MARK1	-0.148516286649982	0.0894177137138735	0.0967281275693471	0.354840397432525	NO	0.200332830215199	0.177594348875714	-0.0227384813394851	0.115139978072293	236.300317583747	7	5	970.709591025814
AMOTL1	0.425299741006633	0.256700456789354	0.0975611585396244	0.357278873039688	NO	0.577919776057424	0.676895128408741	0.0989753523513168	0.113293715486416	33.0697353491964	7	5	197.338977407976
GLG1	0.0571569948111887	0.0344989112980205	0.0975646153300686	0.357278873039688	NO	0.106243175893597	0.111793965284004	0.00555078939040679	0.115991312572754	2916.35033293876	7	5	952.441009924271
CLTC	-0.0410996576827194	0.0248199494501996	0.0977395958384124	0.357315647119288	NO	0.0470965688470642	0.0452860350452023	-0.00181053380186185	0.115577477949277	13037.4960030273	7	5	3171.25237020675
ERMP1	-0.565893410126627	0.341789347271866	0.0977868627405619	0.357315647119288	NO	0.357037764106322	0.239734100820154	-0.117303663286168	0.116226863124903	12.3488685632649	7	5	107.936074966185
NDUFS1	0.108532930310649	0.065582250229792	0.0979421102426173	0.357315647119288	NO	0.0887746305487124	0.0979549834181029	0.00918035286939049	0.121418090690746	1066.2310652148	7	5	345.143379327176
UBASH3B	-0.179436819478854	0.108441641992644	0.0979882969857499	0.357315647119288	NO	0.386105710904856	0.344535193045955	-0.0415705178589004	0.116213670020187	126.959657912817	7	5	797.928081970719
PWWP2A	-0.402810929046516	0.243464483531571	0.0980268463432304	0.357315647119288	NO	0.498837452805632	0.399521051415078	-0.0993164013905549	0.114870376653859	25.6971711068481	7	5	194.514544844876
CLHC1	0.883710243673673	0.534227110237511	0.098090016588997	0.357315647119288	NO	0.222283015901797	0.408854937137142	0.186571921235346	0.113681415402599	4.6566156699008	7	5	36.182956876403
RPP14	-0.250666547316124	0.151787412150529	0.0986504520396352	0.359042765078637	NO	0.0820464334759264	0.0650383749230293	-0.0170080585528971	0.117618570464369	174.743494584038	7	5	386.950963805267
SPSB1	-0.23959475636387	0.145310107058805	0.0991781058592126	0.36009268338164	NO	0.377857373484942	0.32338752538806	-0.0544698480968818	0.113665735407096	78.0820171437856	7	5	157.687209555881
ABI2	0.0996544276572199	0.0604406585457666	0.09918905627756	0.36009268338164	NO	0.17495813988655	0.189811885987719	0.0148537461011687	0.118248145911173	546.224533459955	7	5	2649.13291802921
KCNJ12	-0.859289862822245	0.521176175977358	0.0991986094123459	0.36009268338164	NO	0.254116104971577	0.126080404013619	-0.128035700957958	0.150034702819446	6.36807041221588	7	4	46.3860103787203
TMEM132C	1.21777777263802	0.739091890627493	0.0994208971137733	0.360129974540804	NO	0.196218861694421	0.452068003657406	0.255849141962985	0.117498460476128	3.46813687621061	5	3	12.1712582871118
LRRC3	-0.301997820248331	0.183320800641118	0.0994813085916711	0.360129974540804	NO	0.320747163864846	0.258776377581647	-0.0619707862831993	0.114718257468934	59.6257843860746	7	5	85.8896889965783
SLC16A7	-0.500342930662259	0.303769281427112	0.099534416830894	0.360129974540804	NO	0.267676034714213	0.181415225254585	-0.0862608094596279	0.121467270120601	20.022007364943	7	5	140.535703677476
DYRK1A	-0.11499302270935	0.069835283377594	0.0996336783563373	0.360129974540804	NO	0.0502418968974119	0.0450299967170698	-0.00521190018034209	0.114220492626093	1711.84868490966	7	5	451.73739376897
FBXO3	-0.117218016445144	0.0711882151151173	0.0996417309366504	0.360129974540804	NO	0.18974885505567	0.172378841616131	-0.0173700134395385	0.119110815887737	391.754267901591	7	5	1224.25779662208
ANKRD46	-0.140142071804659	0.0852168133214857	0.100065644646092	0.361348161221998	NO	0.364024673385055	0.332238011684965	-0.0317866617000907	0.117653866555741	209.168750266646	7	5	2201.29165330362
MRPL19	0.127988619731128	0.0778467054552223	0.100153289515611	0.36135098385511	NO	0.184422923286076	0.204455620636071	0.020032697349995	0.116337881634734	485.315164553805	7	5	556.768209673009
ZNF557	-0.367327074629357	0.223592843626835	0.100416220003015	0.361952237996239	NO	0.301697314091501	0.230311085159706	-0.0713862289317948	0.120115327374341	33.9142951640093	7	5	146.526573518481
TIAL1	-0.124218146200197	0.0756361073669817	0.100525198705187	0.361952237996239	NO	0.124595282312373	0.111666179373943	-0.0129291029384296	0.116760118002537	611.663141762589	7	5	607.933276954842
SPAG9	-0.143572645727829	0.0874353405712708	0.100580958443186	0.361952237996239	NO	0.356924104806491	0.324687530049811	-0.0322365747566791	0.117196663498064	197.910022017016	7	5	1114.12546121111
LANCL3	0.754894242786115	0.460089134956197	0.100847969541502	0.362045047310292	NO	0.295155662222827	0.471137160577445	0.175981498354618	0.116075498513032	6.02725019778476	7	5	205.611275765587
NUP50	-0.264938019346787	0.161483477420318	0.100869893889386	0.362045047310292	NO	0.358627903310768	0.300217484988508	-0.0584104183222598	0.118662458578377	58.2537890726131	7	5	559.574918567164
MTF2	0.100259205139893	0.0611155626343027	0.100904224144536	0.362045047310292	NO	0.320387484919176	0.342599240792768	0.0222117558735924	0.121545008898084	446.587929282823	7	5	485.139902659282
YIPF4	-0.19500748532796	0.118889463012296	0.100954868961524	0.362045047310292	NO	0.119583824095879	0.10052682479039	-0.0190569993054889	0.122619933153771	250.460983940921	7	5	960.869245825661
E2F3	-0.220055113979413	0.134213734473633	0.101091037335539	0.362205422705141	NO	0.385683795174273	0.33502438493706	-0.0506594102372129	0.117994949521719	83.9264256114207	7	5	330.953499394971
RNF121	0.315254353403657	0.19236128404506	0.101241186004072	0.362205422705141	NO	0.318141732134307	0.390057510428568	0.0719157782942609	0.125418080475734	45.3179667717598	7	5	101.505083321948
SETD6	-0.233635661123941	0.142567538395874	0.10126079485723	0.362205422705141	NO	0.417764696507456	0.362254572953861	-0.0555101235535955	0.116743187720949	75.1054558318774	7	5	396.475903847112
SPON1	-0.936069696704973	0.571686081861041	0.101550239782514	0.362928692006237	NO	0.367683784427078	0.185694005985905	-0.181989778441173	0.128691905180034	4.93177766686126	6	4	422.354553589998
RHOBTB3	-0.140569617911072	0.0858868570207194	0.101696579015131	0.363139715624847	NO	0.310359638047292	0.281100741807276	-0.0292588962400169	0.121571293972737	206.618567112873	7	5	329.687901371064
MCU	0.416411837004895	0.254689308862965	0.102053313743569	0.364101016443609	NO	0.348866930810654	0.448282721756694	0.0994157909460404	0.120392830740785	22.3359176541498	7	5	352.624907844381
RIPK1	0.401329343496545	0.245672423674173	0.102343832405277	0.364824629653773	NO	0.300842849171774	0.391274477203026	0.0904316280312525	0.120211471984584	24.1947206584051	7	5	116.855735960387
DLGAP4	-0.146857609536368	0.0900477399640677	0.10291435034609	0.366544261506622	NO	0.272573479890586	0.244444976420888	-0.0281285034696984	0.119490861222154	221.402634542293	7	5	596.579647589328
PITPNB	-0.203801633091468	0.125051100285544	0.10315501742218	0.367087144975422	NO	0.383751835390094	0.336829490051988	-0.0469223453381063	0.121074265895444	95.5116909120163	7	5	1704.86107743851
CRIM1	-0.715347757459584	0.439353181598825	0.103485906848092	0.367862689223084	NO	0.606997095393342	0.430296693614269	-0.176700401779074	0.132324868913905	7.9589086938423	7	5	395.377269104616
TLN2	0.172484378378666	0.105956284881868	0.103549809875056	0.367862689223084	NO	0.273451815321571	0.309022109986524	0.0355702946649528	0.121197785482545	149.95097597195	7	5	499.06411458745
FGFBP3	-0.431128233698233	0.264964985467677	0.103712891113753	0.368127668117074	NO	0.206866990533942	0.144916285465328	-0.0619507050686142	0.123211403973669	26.8594289104292	7	5	154.454597490567
URM1	0.145433162346503	0.0894292037582452	0.103899052224574	0.368474047105052	NO	0.0726763387481645	0.0831076265444063	0.0104312877962418	0.126344331258836	636.283098910428	7	5	530.01608761314
C3orf80	-0.788175274441999	0.485228842073504	0.104303855106696	0.369594580275855	NO	0.471813934972047	0.288836990404103	-0.182976944567944	0.122463062731165	5.4455997677475	7	5	111.596991575698
MGAT5	-0.13320114060022	0.0820909449110123	0.104673967569453	0.370478822288892	NO	0.485501365604772	0.452342131918453	-0.0331592336863191	0.122962953274974	224.19816139923	7	5	331.49737261479
ARL5B	-0.212730130005447	0.131168847178904	0.104845372369423	0.370478822288892	NO	0.450407668440489	0.3984916637396	-0.0519160047008892	0.122713501440672	87.9149308583779	7	5	707.973548457896
CYB5D1	0.231398673944398	0.142692967007807	0.104877373447357	0.370478822288892	NO	0.349718650310905	0.403987557090383	0.054268906779478	0.121773833071128	73.0222780725414	7	5	207.652716405021
FBXL22	0.811723111372031	0.50084273368564	0.105078869295274	0.370478822288892	NO	0.251912708030853	0.431259583455418	0.179346875424565	0.135224926899568	6.99690072639995	6	5	12.1701472615365
NLN	-0.130541448780967	0.080577680281409	0.105217330774691	0.370478822288892	NO	0.201763602032397	0.181554709509651	-0.020208892522746	0.11984757942702	317.898955124825	7	5	633.797139198497
PMPCB	0.157824516010351	0.0974222441978949	0.105231217628434	0.370478822288892	NO	0.124776809489684	0.14305705610337	0.0182802466136861	0.12443137782127	442.721250156053	7	5	333.313354089798
TCP11L1	0.592411835482388	0.365700700379597	0.105245963497149	0.370478822288892	NO	0.263417451993213	0.392725639867614	0.129308187874401	0.129160795033601	11.5771381422171	7	5	81.4038158362728
ZMYND11	-0.235528326826139	0.145416455632298	0.105300736110829	0.370478822288892	NO	0.346512184510035	0.295267987103602	-0.0512441974064326	0.123291272849485	71.5235573283398	7	5	1281.61616884516
DDX21	-0.0972102113454481	0.0600274479733289	0.105354915088404	0.370478822288892	NO	0.218255694604892	0.20212419186711	-0.0161315027377817	0.122539700760015	505.968920485936	7	5	785.991263013711
MPDZ	-0.265498388876277	0.164094803028195	0.105671794399312	0.371279277619204	NO	0.244741991199097	0.199032338865071	-0.0457096523340255	0.124842720268398	67.6843013296424	7	5	157.370820481726
GRID1	0.307844662953286	0.190471649813953	0.106046105836639	0.372269657062377	NO	0.109261173784186	0.14301566237366	0.0337544885894743	0.133654192031583	108.080559450156	7	5	37.6401163250816
SYT16	-0.252102129187496	0.156020908580342	0.10613264742211	0.372269657062377	NO	0.30290190311984	0.252444095545834	-0.0504578075740066	0.128614966744437	62.8692645277055	7	5	467.610416483068
KSR1	-0.33114030305223	0.20523041723455	0.106634839235513	0.373716033041057	NO	0.322154120170342	0.254447659773444	-0.0677064603968985	0.124511441164154	36.7637011203139	7	5	178.435034432697
DRP2	-0.719527144160142	0.446631449049449	0.107177829127021	0.375004642566517	NO	0.348692287797038	0.206800613412519	-0.141891674384519	0.124933713723742	8.5831969906672	7	5	48.0733810427623
TOX4	-0.186029462938872	0.115477709880702	0.107189401021641	0.375004642566517	NO	0.294113744786522	0.257019661477517	-0.0370940833090053	0.12641658341499	119.390342195011	7	5	701.105715255016
ZMIZ2	0.270811915348295	0.168146382252966	0.107272962657249	0.375004642566517	NO	0.116360170964142	0.147223290120469	0.0308631191563274	0.12240663753746	98.9973368065248	7	5	237.840115734348
NIPSNAP3B	-0.317343847403904	0.19749672785358	0.108091465148545	0.377263250444147	NO	0.203008385361305	0.156442344024948	-0.0465660413363572	0.134109357617665	65.3833000257655	7	5	161.158699912003
DPP10	0.32422832572156	0.20178636620988	0.108100431377265	0.377263250444147	NO	0.141828740145669	0.18603915766202	0.0442104175163506	0.122288426986905	62.7255954702352	7	5	166.665324871417
KHK	-0.188293628679757	0.117396236107323	0.108732706139782	0.379033488275446	NO	0.250591859420992	0.216912257576563	-0.0336796018444288	0.12304312348813	148.79564194076	7	5	130.876443412357
NUDT16	0.204588282306896	0.127578934518198	0.10879757787227	0.379033488275446	NO	0.2897825468061	0.333621188920972	0.0438386421148717	0.125369166811235	100.2671868297	7	5	309.066142775057
NKTR	-0.205572273011777	0.128222778603821	0.108881014059894	0.379033488275446	NO	0.464990836471141	0.414391948806903	-0.0505988876642386	0.127789646183579	92.250645206523	7	5	391.061752240154
ATP8A2	-0.114544947202605	0.0714731234672801	0.109016442542936	0.379187626236301	NO	0.351991516261858	0.326327708313834	-0.0256638079480234	0.126711359203746	300.365847306579	7	5	1790.66439157736
PLPP5	-0.307980283851455	0.192300441951528	0.109253416136384	0.379694411969388	NO	0.379996120239481	0.310550916922392	-0.069445203317089	0.128114241651886	40.6334298484021	7	5	241.909745602582
GNPTAB	-0.286302518134953	0.178818521338848	0.109359498570434	0.379745838107684	NO	0.271069183903195	0.218315957096092	-0.0527532268071025	0.127965866905453	50.5027871762283	7	5	378.906969237075
GNA13	-0.219567007213088	0.137207870562702	0.109542952502866	0.380065623362736	NO	0.350830802915026	0.302598101321498	-0.0482327015935282	0.127873808497426	80.2309160320481	7	5	909.683911065977
RNF138	-0.15668440583182	0.0980548403585224	0.11005938565136	0.381497199876812	NO	0.174925599537464	0.153449643163375	-0.021475956374089	0.130886365147429	249.304243177517	7	5	373.779620231726
POLR1B	-0.173809559560481	0.108824771229149	0.11023211899085	0.381497199876812	NO	0.142248869936778	0.122330314334876	-0.0199185556019022	0.134309376819455	237.236015182072	7	5	296.277984684857
DNLZ	0.123799600890069	0.0775190638263373	0.110260945551275	0.381497199876812	NO	0.0845425797271867	0.0946300177016431	0.0100874379744564	0.134549449112641	822.232490431005	7	5	156.59356314773
GABRG3	0.811446999902512	0.508191897116824	0.11032513656163	0.381497199876812	NO	0.257202296518473	0.438041631051906	0.180839334533433	0.123554684564077	4.98233792345275	7	5	110.221385075034
SHMT1	-0.329990654982489	0.206717714747948	0.110414093425885	0.381497199876812	NO	0.483846563729769	0.402603968130931	-0.0812425955988379	0.127251649814744	33.6399684983876	7	5	39.2803406550948
GABBR1	-0.191447893674623	0.120037537207751	0.110734551976156	0.381801288754965	NO	0.357363811949451	0.314692362239746	-0.0426714497097052	0.12842398156677	105.76021394275	7	5	1140.57630987221
CYLD	0.157681429219438	0.0988669805688898	0.110738033898498	0.381801288754965	NO	0.265637465850312	0.297508830451385	0.0318713646010734	0.129142703448053	166.614533652193	7	5	528.880871752463
FKBP7	0.165972526743715	0.104120194224873	0.110925414785813	0.381801288754965	NO	0.143247338677752	0.164846064870051	0.0215987261922994	0.133030712334893	304.738940400118	7	5	182.973085481896
PGAP2	-0.279229806126755	0.175180058368505	0.11094524965139	0.381801288754965	NO	0.398384909018895	0.33371525669473	-0.0646696523241659	0.128721055898733	48.0422630534194	7	5	123.105495520687
LATS1	-0.176028925735987	0.110480752498065	0.11109302282619	0.381801288754965	NO	0.250583888155593	0.218995528358554	-0.031588359797039	0.126996756717859	132.292267031909	7	5	353.909728953574
FBXL17	-0.462613930343987	0.290428637020982	0.111190232702785	0.381801288754965	NO	0.643569907438322	0.53202574572776	-0.111544161710563	0.141042215808503	23.9638522502142	7	5	127.082758281172
KLF12	-0.126549631816211	0.0794624221261859	0.111256229779329	0.381801288754965	NO	0.194282103309454	0.17523478345086	-0.0190473198585939	0.124342890734677	264.155569571221	7	5	305.134433633144
EFCAB11	0.90529334845978	0.568644892423263	0.111380484668072	0.381801288754965	NO	0.224284073526104	0.416883643860415	0.192599570334311	0.143462798062986	3.98251020907048	7	5	25.1951716733998
EEF2KMT	-0.16626935701739	0.104445063998098	0.11140016217909	0.381801288754965	NO	0.281716070419401	0.249321437151002	-0.0323946332683985	0.129360730986468	191.641940604625	7	5	149.335217459776
EPB41L4A	0.237853380676329	0.149484031890001	0.111573017690521	0.381801288754965	NO	0.652836510491608	0.704617565720473	0.0517810552288654	0.127337262621891	70.7083932925545	7	5	352.311878196915
PRICKLE2	-0.170215530283777	0.106991912297927	0.11162767102863	0.381801288754965	NO	0.422838641455474	0.381934156861838	-0.0409044845936359	0.12963051237	140.500021021871	7	5	2057.84390200102
POU6F2	-0.27615805466555	0.173598542681474	0.111657844112091	0.381801288754965	NO	0.16213762296042	0.128021514995601	-0.0341161079648187	0.131969850300252	74.5542137154823	7	5	95.3521571851571
PSMA5	0.14048234398797	0.0883192641571257	0.111695232792018	0.381801288754965	NO	0.179775509168425	0.201429014730496	0.021653505562071	0.135142463358105	440.532447545168	7	5	740.624741604776
UBE2R2	-0.120033988549078	0.0755879212552088	0.112285233458923	0.38350293201077	NO	0.137963790908095	0.124298429285948	-0.0136653616221468	0.12942694315205	594.273207357691	7	5	929.569566658385
CTTNBP2NL	-0.336174434269876	0.211814795246051	0.112486606005183	0.383875538130894	NO	0.21654101415872	0.164913643541964	-0.0516273706167565	0.13452182517157	44.215934590924	7	5	655.141104337062
SALL3	-0.878589227493159	0.553889674009561	0.112690088434871	0.384254727777922	NO	0.454923768264177	0.257426994856842	-0.197496773407335	0.126945829135032	3.91257785288325	7	5	22.8189216642914
MAEA	-0.204416096680766	0.128969889175347	0.112968408956802	0.384888272940457	NO	0.4139215212836	0.365355671849962	-0.048565849433638	0.130593017162251	90.0122599618896	7	5	608.406861625193
APLP2	-0.122575164124055	0.0773793145066963	0.113175104552487	0.38527695166804	NO	0.373856407888429	0.345634749645199	-0.0282216582432299	0.13105940369063	250.037090730259	7	5	3224.71199635452
AGO1	-0.20379264344741	0.128691806352014	0.113291322855799	0.385357238822669	NO	0.0615022215882698	0.0507384753328449	-0.010763746255425	0.132996786038001	321.574822216509	7	5	330.858397284316
GMPS	-0.511952838325411	0.323632350256793	0.113673231011006	0.386340392978582	NO	0.369708722774121	0.260105664490862	-0.109603058283259	0.133844032790157	14.3834360048842	7	5	152.027641462492
GNAI1	-0.173901957653896	0.109999224953213	0.113892208459759	0.386591704794507	NO	0.213181499555564	0.185464330665796	-0.0277171688897678	0.129384219332063	172.395066420673	7	5	1907.73423027118
TTC28	-0.24531284769086	0.155186697516374	0.113933036076458	0.386591704794507	NO	0.143196631602595	0.115648154657315	-0.0275484769452796	0.129775930453596	115.751503789602	7	5	267.520278263709
TBC1D25	0.128484701615756	0.0813656659228883	0.114312618425293	0.387563563691296	NO	0.0747720138072999	0.0841607799356226	0.00938876612832278	0.133865129929987	645.470901315507	7	5	238.049600560509
RHBDD1	0.411555660781822	0.260860266415512	0.114637702018994	0.387959359332025	NO	0.252920237342758	0.338151619400247	0.0852313820574893	0.12935942900154	22.4835544082367	7	5	108.601797660746
NUDCD3	-0.0822728753512254	0.0521592560216217	0.114717337622591	0.387959359332025	NO	0.0572039879779429	0.0529251638990264	-0.00427882407891646	0.131057487086174	2480.22955128593	7	5	1263.47683900249
TFDP2	-0.305278856413912	0.193583682655915	0.11479862874582	0.387959359332025	NO	0.148036730035024	0.113511716008736	-0.0345250140262886	0.131629306796396	72.8704083919585	7	5	126.973445921098
HAUS6	0.476318889356408	0.302083156705738	0.114845995469967	0.387959359332025	NO	0.257201053955028	0.357955616718789	0.10075456276376	0.133978705543802	16.8039604899169	7	5	131.626296630071
ARL8B	-0.131134828999388	0.0831815594056227	0.114913108677008	0.387959359332025	NO	0.346611704023039	0.317539751203921	-0.0290719528191175	0.132153468311743	222.427524820926	7	5	1510.7146294262
MLH3	0.736964431179209	0.467569532135912	0.114988915878939	0.387959359332025	NO	0.170378085608529	0.30027563848527	0.129897552876741	0.134325856629557	7.44465534383298	7	5	54.7526192617848
RNF40	-0.191596129888322	0.121638803267159	0.115227955190458	0.38845080518015	NO	0.0721716530681343	0.0603472211125735	-0.0118244319555608	0.140016616056367	330.3736150051	7	5	291.209849858983
WNT5B	0.27751443110808	0.176278725338508	0.115419638508744	0.388470529612224	NO	0.229695187139728	0.28241400243564	0.0527188152959122	0.138293154851284	65.4985576833222	7	5	101.822509637296
SLC16A10	0.707297518326712	0.449281002167822	0.115420971210939	0.388470529612224	NO	0.166987412351141	0.289084858132184	0.122097445781043	0.147513477501235	8.17461205787482	7	5	44.6720769295011
DCAF16	0.182257215046783	0.115800819243044	0.115513953156327	0.388470529612224	NO	0.146500994674984	0.170787700787521	0.0242867061125367	0.133071746520888	156.442462406509	7	5	196.305618515794
EEPD1	-0.56113242587347	0.35680727070361	0.115800226410097	0.388931422708174	NO	0.153393397484177	0.0936923134541854	-0.0597010840299919	0.148802646638909	28.3909036152676	7	4	14.8114790466184
AGA	0.557957440197962	0.354825162982732	0.115837988638324	0.388931422708174	NO	0.292952703828913	0.419913389856321	0.126960686027408	0.133587405538637	14.1735561796895	6	5	29.1348044146095
USB1	-0.148983508407467	0.0947867217062821	0.11600247483821	0.389011289204148	NO	0.266323528790285	0.238242387389997	-0.0280811414002886	0.13410484597563	176.268473792732	7	5	979.348666412273
PPM1F	-0.232831952689515	0.148161713793847	0.116073103431305	0.389011289204148	NO	0.306026691042197	0.258919293696292	-0.0471073973459054	0.135610202413018	70.5937123211869	7	5	104.078864981536
LSM11	-0.152507759794611	0.0970661373105324	0.116142312786431	0.389011289204148	NO	0.349980062259447	0.316125613897912	-0.0338544483615355	0.132582291407081	161.223668237717	7	5	645.117598187632
SLC31A1	0.257210804215148	0.163868444978712	0.116504088823516	0.389832495212758	NO	0.226709832464116	0.274925825456573	0.0482159929924566	0.131599853158928	72.7319815206821	7	5	249.084860938426
OXA1L	0.0931857166234317	0.0593799243990162	0.116574909626123	0.389832495212758	NO	0.0548944784888081	0.0599344524643165	0.00503997397550845	0.138137000699929	2095.63963897963	7	5	245.448225495916
ATP11A	-0.473259976050493	0.301683109144173	0.11671037664198	0.389972021550712	NO	0.441950884266829	0.330370858642797	-0.111580025624032	0.136382748921833	18.6580695568033	7	5	256.070041037952
YTHDF3	-0.175595454911246	0.112073833235442	0.117165259067359	0.391177750979305	NO	0.259384966016366	0.227099318175811	-0.0322856478405543	0.136034263366724	127.240442042027	7	5	1106.97689380259
CNNM1	-0.271468353979786	0.173371728166273	0.117391526393746	0.391502666347669	NO	0.164676028630126	0.130640448362457	-0.0340355802676682	0.134544093833681	74.1920277725256	7	5	160.534736757929
IQGAP1	-0.308692521644707	0.197176599617316	0.117450799904301	0.391502666347669	NO	0.249271064847697	0.196045444659761	-0.053225620187936	0.132990458441707	49.5039032107008	7	5	124.393503372695
TTBK2	-0.158949979796851	0.101652440161122	0.1178971467384	0.392163128146678	NO	0.267630681723716	0.237646347930379	-0.0299843337933378	0.136399088267339	168.476009388538	7	5	776.274514979655
ZNF559	0.267976747934499	0.171386972000348	0.117916911753	0.392163128146678	NO	0.0636424541993864	0.0816047874717575	0.0179623332723711	0.131419430702439	157.631862283363	7	5	105.089261336735
MXD1	-0.251860759766381	0.161152600175717	0.11808288980725	0.392163128146678	NO	0.401947275236575	0.343165610816483	-0.0587816644200923	0.135323829123859	56.6389847516675	7	5	482.329010939193
TMEM18	0.317375871477791	0.203090535309973	0.118115884128313	0.392163128146678	NO	0.130295642899766	0.170657949480063	0.0403623065802967	0.139918738027763	72.5169251923264	7	5	165.314928670115
TIGD5	0.551272312967089	0.352809473625462	0.11816523500133	0.392163128146678	NO	0.121455945208806	0.193497542118768	0.072041596909962	0.152410376300943	18.8255504799154	7	5	63.6444981518709
KLHL42	-0.333773463870189	0.213682986942134	0.118287285194247	0.392163128146678	NO	0.230591627283367	0.176717492482455	-0.0538741348009117	0.13668984034588	35.3105306364775	7	5	1738.10978089876
ACSL6	-0.133493531587859	0.0854680484348132	0.118308828323096	0.392163128146678	NO	0.28445767768307	0.258084214170923	-0.026373463512147	0.13574700915959	233.634719932916	7	5	486.356208485013
RBMXL1	-0.227860829564057	0.145937350766063	0.118438692629705	0.392281020174818	NO	0.204213226210912	0.169661604322207	-0.034551621888705	0.137635051358278	102.470391248596	7	5	281.152504391083
KICS2	-0.501404932537342	0.321262801941601	0.11858714670488	0.392460246851472	NO	0.377260598730415	0.268431151155194	-0.108829447575221	0.146304282568458	17.5840078591998	7	5	64.8528110563927
TMTC2	-0.399482846285625	0.25617351713832	0.118896322244253	0.393170668152696	NO	0.338835827295801	0.255789455003647	-0.0830463722921542	0.143103209043066	27.2774889580885	7	5	72.9735261509818
GUCY1A2	-0.209814442367129	0.13459470766426	0.119029279584424	0.393252046378611	NO	0.28886234471602	0.247734781279436	-0.0411275634365838	0.134854911755428	87.1795094126897	7	5	141.840928795976
TMEM161B	-0.23904522091738	0.153387245723577	0.119128360370027	0.393252046378611	NO	0.209392641157883	0.172553727722049	-0.036838913435834	0.141431512021875	100.486889784696	7	5	189.832094727166
MCTP1	0.79646999460893	0.511173334023061	0.119204526558516	0.393252046378611	NO	0.361263889931315	0.556405697209869	0.195141807278554	0.135468011281625	4.88011502225572	7	5	65.1728666735512
WDR89	-0.275369436536121	0.176841131561925	0.119433173581815	0.393694137955903	NO	0.126707273149214	0.0992343626907382	-0.0274729104584757	0.133082425974946	108.856180896329	7	5	217.392772149001
MRPL50	0.153763791823637	0.0988367406437077	0.119771083825997	0.39449541466045	NO	0.166055245354877	0.188454656820118	0.0223994114652414	0.144016201517571	351.613731761884	7	5	647.677057774267
GTF2A1	-0.142548122228682	0.0916949424424085	0.120043534683059	0.395002418119704	NO	0.502488455647692	0.466899926423702	-0.0355885292239901	0.137916895993319	177.306114216938	7	5	685.00204937585
ELAPOR1	-0.702631553211779	0.452059081013672	0.120114918009958	0.395002418119704	NO	0.300502542659705	0.175442214716602	-0.125060327943103	0.151310339501068	7.1533504264027	7	5	86.0750518353513
ATL3	-0.641050573225702	0.412874740890328	0.120506422243396	0.395976869298995	NO	0.852047821931775	0.752073733708151	-0.0999740882236247	0.138726749507489	10.239344946511	7	5	179.808432273258
SEMA6D	-0.296207134229057	0.190908009109863	0.120765152885344	0.396513840570665	NO	0.412716992716635	0.343225773870194	-0.0694912188464404	0.13864922028729	41.1368131472822	7	5	1336.52271816287
TMOD3	-0.193818839841112	0.125117557731776	0.121359159881624	0.397167797149015	NO	0.0736948397915076	0.0615089985064685	-0.0121858412850391	0.142907491598217	292.208219889543	7	5	787.712811464139
GNG7	0.672273080874151	0.433991113351717	0.121370173622754	0.397167797149015	NO	0.243063234265886	0.386112003487395	0.143048769221509	0.133779617722774	8.00709995525747	7	5	113.497716295619
AKAP6	0.279853825851258	0.180687249550665	0.121422600932886	0.397167797149015	NO	0.0984084243853028	0.126178188120092	0.0277697637347889	0.136627851598664	85.7974302403599	7	5	242.018017849957
JAZF1	-0.200445992581806	0.129438377202867	0.121482139938782	0.397167797149015	NO	0.377888563159568	0.332041544861825	-0.0458470182977424	0.139006666533431	89.2470241774396	7	5	567.461135075257
RMI1	-0.267458629683166	0.172731649201631	0.121524706170936	0.397167797149015	NO	0.0860871265879641	0.067242862269857	-0.0188442643181071	0.139685485890249	126.226576171686	7	5	367.028888404683
ING1	0.157255589898951	0.101563093163133	0.121537164848725	0.397167797149015	NO	0.128403490044122	0.147054368282813	0.0186508782386912	0.139685373442798	277.653322581474	7	5	249.252052544243
FIGNL1	-0.464031903619602	0.299816803910777	0.121690174684687	0.397355672439793	NO	0.640793902811067	0.528663454944158	-0.112130447866909	0.138213385691943	19.3227218327896	7	5	167.993284370714
PAPPA2	-1.04514853883882	0.67582578051009	0.121989584397899	0.397817934254934	NO	0.658935470997542	0.404537344042901	-0.254398126954641	0.15824712661952	2.80436646290982	6	5	23.0454815094216
GDF11	0.294277299645235	0.19030595679174	0.122023000987811	0.397817934254934	NO	0.292672440485047	0.357056565082931	0.0643841245978832	0.137275796308718	43.6886003988269	7	5	143.120868892984
C11orf87	-0.267079991918807	0.172825587682956	0.122256074234298	0.398265676440627	NO	0.259893746425599	0.211884911463462	-0.0480088349621372	0.141507869197854	67.7836599198216	7	5	714.124588261586
RGMB	-0.124194957057738	0.0804039047102275	0.122433757476922	0.39842910352832	NO	0.347833457278685	0.320217786432083	-0.0276156708466023	0.140366118230345	232.695306928429	7	5	2366.30893235279
KNDC1	0.387290700718955	0.250775227539728	0.122497794089596	0.39842910352832	NO	0.174468857009951	0.23739948094821	0.0629306239382592	0.139109859406191	30.7463475750736	7	5	78.8247471160107
DPH3	-0.092625544428829	0.0600169391058338	0.122752337256467	0.398945096083517	NO	0.214655804289476	0.199453770807127	-0.0152020334823489	0.141360385798106	559.616030917275	7	5	1818.42989115182
MYORG	0.565788794824526	0.366776182932961	0.122927954003767	0.399203972408797	NO	0.279707104800699	0.406096475930112	0.126389371129413	0.140102779153605	10.376357180093	7	5	114.795300479564
DCUN1D2	-0.162219853728146	0.105225872848826	0.123162395696685	0.399653327689711	NO	0.32613658246854	0.291536972346086	-0.0345996101224539	0.139618051317095	138.457886119411	7	5	285.584302326908
DHCR24	-0.143959337916312	0.09352847758245	0.123754681183735	0.401262255435959	NO	0.278574225559808	0.25058320220616	-0.0279910233536472	0.140954907099531	180.542928781072	7	5	2011.91465321854
SORCS3	-0.251788170340005	0.163640470203279	0.123885643960675	0.401374048969165	NO	0.365962728904198	0.309733732813093	-0.0562289960911052	0.141308436513239	55.4759621196736	7	5	131.15824952468
SYNPO	0.851247941171498	0.553591461168959	0.124126247240897	0.401573898646738	NO	0.249922133775835	0.438370071472672	0.188447937696837	0.137361589192808	3.8728781182624	7	5	59.9217995019125
C22orf39	-0.109813722699672	0.071417764841383	0.12414039270666	0.401573898646738	NO	0.0769035836374958	0.0694612332948477	-0.00744235034264817	0.144971532784576	995.131348806417	7	5	505.380878184146
MRPS25	0.163417187005413	0.10634151655601	0.124361772223352	0.401977445570432	NO	0.18673025681912	0.212824966321373	0.0260947095022527	0.139890564909405	221.079225305656	7	5	264.523943217088
PDPR	-0.206388447298894	0.13434831910562	0.124484665058932	0.402062272240028	NO	0.221854321171533	0.188271440152338	-0.0335828810191943	0.144035523579446	92.0949242802898	7	5	212.746623793304
LPCAT2	-0.64055901924945	0.417376092647957	0.124850511756755	0.402693856372369	NO	0.37231343465901	0.238147289943939	-0.134166144715071	0.132495696658842	13.7698393858584	7	3	57.281453503429
ZNF175	0.147043617448078	0.0958167490122181	0.124873816038547	0.402693856372369	NO	0.0648440642515008	0.0743519423567519	0.00950787810525104	0.141256445181816	610.267716585579	7	5	131.295056654958
TLCD4	-0.799817186950072	0.521527113012794	0.125126574876897	0.403196399293485	NO	0.357272746137704	0.199881018922312	-0.157391727215393	0.14318047897396	4.68561780798461	7	5	89.1963554095437
CLIC4	-0.161836246792644	0.105606329652995	0.125411831226093	0.403802800232621	NO	0.373836248055131	0.336790398757409	-0.0370458492977223	0.143001453531551	133.535035518582	7	5	398.922570017967
CENPP	-0.784510199385646	0.512439673085886	0.125786244965848	0.404568294758125	NO	0.278974784491973	0.15006862653103	-0.128906157960942	0.156025124337996	5.48739341894608	7	5	174.175533539121
PIRT	0.874619662063256	0.571386214417217	0.125844080148321	0.404568294758125	NO	0.261853030286212	0.459652943714202	0.197799913427991	0.141315297324873	4.27827139492127	7	4	324.22558383423
ARL10	-0.304374855089436	0.199086993219302	0.12630075515264	0.405507774582544	NO	0.340870928078169	0.276119948803877	-0.0647509792742923	0.14429554342292	38.424904574494	7	5	422.44231479066
KDM5C	0.172681317914517	0.112968409145213	0.126368449966008	0.405507774582544	NO	0.129668968518137	0.150433191081377	0.0207642225632401	0.147029074534037	223.417416495642	7	5	242.950453389526
TMCC3	-0.390994852523476	0.255860573613354	0.126473827983927	0.405507774582544	NO	0.328538201589386	0.248654941230414	-0.0798832603589723	0.140451937447346	22.8025596879842	7	5	182.318842928436
DNAJC30	-0.182985507875385	0.119787737285667	0.126616526699283	0.405507774582544	NO	0.06734582783322	0.0567230634703085	-0.0106227643629115	0.140690484082624	382.688233887149	7	5	206.519723491339
DUSP8	-0.129292813257363	0.0846722382844931	0.126765988113402	0.405507774582544	NO	0.105745385255998	0.0941274273825951	-0.0116179578734032	0.143084578997288	426.268134498808	7	5	414.064095486554
FAM204A	-0.0767809697548488	0.0502865271699327	0.126793439642446	0.405507774582544	NO	0.0820021253762993	0.0764046221704717	-0.00559750320582757	0.143942239484908	1969.85708705112	7	5	854.456080230914
EIF4EBP2	-0.137519304867026	0.0900721558801272	0.126818657387474	0.405507774582544	NO	0.4124251918842	0.379547796113851	-0.0328773957703488	0.1457266767944	182.746378130896	7	5	977.106454553739
ZBTB39	0.601871567878459	0.394335283340523	0.126936667977289	0.405573378483505	NO	0.113181128484863	0.188960348584085	0.0757792200992215	0.142279905278235	12.087114879061	7	5	155.633306789785
GOLGA3	-0.116371039445823	0.0763055990355042	0.127242751770064	0.406232150774743	NO	0.4686388637288	0.439798351172668	-0.0288405125561324	0.144188413118366	256.527318703126	7	5	504.553578478108
ZKSCAN2	-0.151298487514737	0.0992327427946164	0.12733815495439	0.406232150774743	NO	0.194738293406313	0.172101058574462	-0.0226372348318511	0.144442354525149	177.045407408516	7	5	328.59381801521
GABRG2	0.0812333649244829	0.0533260786538521	0.127675464047117	0.406996115276635	NO	0.0467785894700615	0.0505371241245488	0.00375853465448731	0.145910793413971	2579.43362887876	7	5	1027.22966836872
METAP1	-0.215111877610164	0.141260935954149	0.127809238353916	0.407110590775107	NO	0.309068379051582	0.265107233075582	-0.0439611459760003	0.144679171659279	79.4606861467655	7	5	476.272538245536
SNN	0.138127007504928	0.090809784806	0.128245123167514	0.408186467006013	NO	0.389115570617226	0.422405969562025	0.0332903989447983	0.145342026955842	177.187682348995	7	5	1730.54753912734
C8orf33	-0.149215726313791	0.0981713465252121	0.12852306082605	0.408758358590496	NO	0.343416480095622	0.310598725880751	-0.0328177542148716	0.146977992479026	170.810448286009	7	5	841.735523172452
SETX	-0.21344163566628	0.140493265768131	0.128704520193119	0.409022768528172	NO	0.253313357586501	0.215098873894185	-0.0382144836923153	0.147259133833069	89.0885094379091	7	5	405.097370193173
SLC2A4RG	0.631473927805133	0.415820542135711	0.128857849227233	0.409197444874267	NO	0.51844729046602	0.669361048181164	0.150913757715144	0.146820121669554	8.50990580301836	7	5	80.3227766284126
FUNDC2	0.0814899215205147	0.0537101564288528	0.129212097710886	0.409854766839951	NO	0.0841609491699973	0.0906586087562713	0.00649765958627406	0.148474283300145	1815.76228452862	7	5	699.862379424513
RRAGD	-0.162236380372885	0.106944198312795	0.129261888003369	0.409854766839951	NO	0.323618534958205	0.289168030242329	-0.034450504715876	0.147847629754219	185.210235248498	7	5	182.677753503831
ZNF322	0.227620749956226	0.150151218748285	0.129533663391981	0.410403685994396	NO	0.190027866883056	0.227548052981338	0.037520186098282	0.141776905121899	99.6791324033324	7	5	82.8219634578501
TTC19	-0.0887755003628979	0.0586200797941486	0.12991900777254	0.411311318366642	NO	0.0467907083315835	0.0429867482685913	-0.00380396006299219	0.148567039544745	2174.84678391259	7	5	1536.95825482657
ZNF101	-0.491621141233292	0.32480233012682	0.130127059895837	0.411585072660503	NO	0.14635454659523	0.0949100259853075	-0.0514445206099226	0.147627692350258	18.7372705134908	7	5	53.544903393668
OXCT1	-0.167600451265162	0.110751602323749	0.13020335471664	0.411585072660503	NO	0.438011423855839	0.39727387977595	-0.0407375440798894	0.147957006804256	119.274065085428	7	5	1162.38575400755
UBTF	0.135933192162915	0.0898559051117767	0.130332790675185	0.411609830177541	NO	0.196662231110033	0.219025493959347	0.0223632628493133	0.148321046111101	264.329899664687	7	5	317.060482058403
RNF170	0.153384149100512	0.101411631028968	0.130409076003365	0.411609830177541	NO	0.166976735428539	0.189413910918347	0.0224371754898084	0.149748906791565	221.756671852278	7	5	535.536325584005
ASAP1	-0.176481846107062	0.116836507374956	0.130915230944342	0.412894132470402	NO	0.415115968685091	0.37300715839322	-0.0421088102918711	0.148006259663506	109.990239521139	7	5	825.945246647926
HNRNPA0	0.131572658079399	0.0871574247124583	0.131146078735876	0.413308854197911	NO	0.053102866480489	0.0601212853143746	0.00701841883388554	0.146902756976227	807.485243323956	7	5	1119.6690859822
ARPC5	0.000920208100569032	0.000610076170800785	0.131465094940527	0.413852352945522	NO	0.0417552523931006	0.0417920870606191	3.68346675184705e-05	0.148898956563227	24416508.0643068	7	5	3963.37173418805
ZFY	0.703810390431779	0.466672992742584	0.13151750254663	0.413852352945522	NO	0.297116624638903	0.460766854048813	0.16365022940991	0.152952261019591	6.82479981967203	6	5	114.998103905892
SPTB	-1.00468838253265	0.6667611699476	0.131857064505109	0.414512659604446	NO	0.411257531904694	0.203678923377612	-0.207578608527082	0.142774050284951	2.90194246405473	7	4	38.4948022998227
NXPH3	-0.620913298658459	0.412188123210436	0.131968809341902	0.414512659604446	NO	0.1932353073612	0.114048674399952	-0.079186632961248	0.179211126344561	19.9905902791758	6	3	26.6785317158374
SHOX2	-0.189601031341867	0.125909236395116	0.132104445158001	0.414512659604446	NO	0.327471189884165	0.287154174044473	-0.0403170158396917	0.15090154115925	98.8632527708418	7	5	740.967417422685
VMA21	-0.349824252394547	0.232375934314153	0.13221516468352	0.414512659604446	NO	0.47504016213542	0.389421001491478	-0.0856191606439425	0.149332569360292	27.215294095054	7	5	960.944192287518
MTERF1	-0.0906200388715459	0.0602099641180188	0.132306814542634	0.414512659604446	NO	0.0759474729839723	0.0698271841995931	-0.0061202887843791	0.148670034945817	1538.68380316464	7	5	334.529700377311
ARRDC3	-0.156908633523663	0.104258529619156	0.132325195181419	0.414512659604446	NO	0.446448859388254	0.408072835081447	-0.0383760243068071	0.149922129864263	136.175221589423	7	5	647.25460100128
PPP1R2	-0.0767617462912814	0.0510221227466654	0.132457904647485	0.414616165036523	NO	0.320591998312118	0.304107423586299	-0.0164845747258193	0.149537607067687	685.714452481181	7	5	1536.30844896463
BUB3	-0.00483327377539537	0.00321595271200268	0.132863353841027	0.415572595472687	NO	0.043143959382572	0.0429448694769235	-0.0001990899056485	0.1503070651241	866517.092148212	7	5	940.169820414739
PTCD1	0.129896817407114	0.0865387702474251	0.133349215675815	0.416778916011562	NO	0.248259977593058	0.273285384078363	0.0250254064853055	0.149773040635026	245.603011083647	7	5	792.965762843907
KLF10	-0.192324913680307	0.128403856199167	0.134181946285018	0.419066739148406	NO	0.268252168147438	0.23221725844586	-0.0360349097015781	0.15302719363017	98.620876748014	7	5	813.558890694865
ZDHHC24	-0.314158777016094	0.209842867796542	0.134363496063217	0.419318937451601	NO	0.229390606345684	0.178592281982512	-0.0507983243631724	0.158929744538709	54.1106048871462	7	5	154.384809442582
SCAMP5	-0.180685241007759	0.120735152959405	0.134512441965056	0.419448077431985	NO	0.391806430080613	0.349688089258519	-0.0421183408220943	0.15224749296062	107.714403290328	7	5	1378.4951733795
AK1	-0.146742176933047	0.0980778341735828	0.134606534464351	0.419448077431985	NO	0.132870000985799	0.116854554220284	-0.0160154467655151	0.153387216338403	324.055109575385	7	5	545.345084349428
RPP25	0.250195042124485	0.167353727035741	0.1349125392861	0.42008694867528	NO	0.165384391300466	0.202861684515216	0.0374772932147494	0.149083809038197	111.029939754479	7	5	261.098671696174
RBFA	0.395594508624384	0.264819592663877	0.135220989656823	0.420732473427362	NO	0.0727471327030606	0.104364652839067	0.0316175201360063	0.154966833590939	58.7314516592463	7	5	93.8319756835602
ALG10B	-0.306017973180958	0.204946376597813	0.135395001450543	0.42095904785819	NO	0.537279654917315	0.460924319424939	-0.0763553354923763	0.152301419967398	34.0873496975972	7	5	111.512557692125
ARIH2	0.0767529906210817	0.0514454697003747	0.135717746735248	0.421647368497859	NO	0.269068442608547	0.284428207929202	0.015359765320655	0.153950817396508	642.078589116498	7	5	509.435381433693
KIF3A	-0.140590732570705	0.0943386189842005	0.136151254507743	0.422678521456875	NO	0.439944891796907	0.405650290950948	-0.0342946008459586	0.154380719382468	165.011259042166	7	5	1215.55406661169
SYAP1	0.122236704646319	0.0820561452856322	0.136310620244829	0.422773656369176	NO	0.0789544685892802	0.088313642446021	0.00935917385674079	0.156836144505912	595.37636798109	7	5	881.857466733477
C12orf73	-0.0801497876247349	0.0538138974329725	0.136385155492172	0.422773656369176	NO	0.074409754866254	0.0690744513143303	-0.00533530355192373	0.1487682635377	2336.80154200006	7	5	580.062283502624
NEU1	0.0811528629352565	0.0545188919885846	0.136611869486026	0.423161114714718	NO	0.0563771849592866	0.0608531022032631	0.0044759172439765	0.160853603967042	2266.85561959791	7	5	270.665052055689
MLLT10	0.396370937884587	0.26638425730186	0.136759642480195	0.423303655295843	NO	0.458494318524485	0.557239288264254	0.0987449697397684	0.153502117639122	20.3561535149137	7	5	111.500823337019
FKBP15	-0.385408375094726	0.259125822301882	0.13692485718881	0.423499930041228	NO	0.358663419533571	0.275563028307642	-0.0831003912259295	0.158558308361033	23.5973428084475	7	5	206.310203959525
ANKLE2	-0.251047155600013	0.169077605310647	0.13759567220459	0.424543486050363	NO	0.271448030170966	0.224725864058912	-0.0467221661120542	0.155124576394739	60.6048640191969	7	5	465.209240702509
RAB3IP	-0.429764895015196	0.289482685346005	0.137650822345069	0.424543486050363	NO	0.197027206129322	0.137674108199794	-0.0593530979295274	0.161237657336364	25.2411086496493	7	5	381.993989844213
ELP3	-0.173062165082442	0.116573881006248	0.137657588743099	0.424543486050363	NO	0.297124117569388	0.262291451247819	-0.0348326663215694	0.150405838788768	120.134938696994	7	5	308.353609219541
PCDH17	-0.131813592017802	0.0888139630301036	0.137768089413807	0.424543486050363	NO	0.138257045998449	0.123287940345868	-0.0149691056525815	0.154810559903324	328.658092747491	7	5	1598.39352602378
TMEM167A	0.126118244262472	0.0849774832746738	0.137772525521151	0.424543486050363	NO	0.253142623076121	0.277719303165467	0.0245766800893455	0.158539627385924	336.571705998476	7	5	1561.44986101949
LYPLA1	-0.10652577042195	0.0718169479079054	0.137995862819472	0.424843341174019	NO	0.331919655206364	0.308734716694441	-0.0231849385119232	0.154004775559367	313.953397155555	7	5	947.40155792579
TAF8	0.467037374179241	0.314927167281134	0.138074085881556	0.424843341174019	NO	0.521007736419674	0.634394894633747	0.113387158214073	0.156026276068677	20.2775442338105	7	5	51.1012515139141
SRRD	0.14293156741927	0.0964332511181471	0.13829204459065	0.425199486694089	NO	0.187467114521997	0.2102164212457	0.022749306723703	0.157710055067359	273.830206150738	7	5	466.430499787271
USP9Y	0.461111104843911	0.311289435609617	0.138528305177313	0.425611336438422	NO	0.289862882346504	0.392947567928788	0.103084685582284	0.156058411975161	16.6090994925589	7	4	240.516268013619
PPAN	-0.463797709438894	0.313298447969166	0.138774458343166	0.426052949599683	NO	0.209999396217903	0.143228896929521	-0.0667704992883817	0.189782768975288	25.0625573586105	7	5	55.8360042666414
F7	-0.585288055056237	0.395750901399522	0.139158906557136	0.426918179408321	NO	0.125036135133668	0.0737223603373143	-0.0513137747963533	0.140928390644153	43.6398628685101	5	4	15.5314133960809
SNX30	-0.190430406309878	0.128919205996962	0.139640835721277	0.428080970228822	NO	0.431128047981993	0.385165353222097	-0.0459626947598956	0.157426385050189	110.547683111487	7	5	661.353338321218
VSIG10	-0.526073123250602	0.356507060697864	0.140042787935844	0.428946518459576	NO	0.185036397300715	0.118296251614926	-0.0667401456857896	0.151766915183472	18.2354155737907	7	5	76.2347315557088
SNX22	-0.411534645561449	0.278988500662936	0.140186905105005	0.428946518459576	NO	0.908467913275872	0.86801667516625	-0.040451238109622	0.179750654538626	64.1597176186613	7	5	1473.54834745496
P4HA2	0.688203700635722	0.466696418306434	0.140312528261274	0.428946518459576	NO	0.173103804807703	0.29409371259025	0.120989907782548	0.156771598594624	6.4688822273495	7	5	127.293100862253
MAPKAPK5	-0.0958218132485798	0.0649916660531443	0.14038178787764	0.428946518459576	NO	0.0996310005981536	0.091359012601457	-0.00827198799669666	0.156181219441544	1087.81286188392	7	5	406.717380346398
DOC2B	0.259613915098539	0.176109825962541	0.140438739937967	0.428946518459576	NO	0.0519278772919235	0.0663002728694711	0.0143723955775476	0.162976476437701	155.475253802619	7	5	528.371064521267
RNF111	-0.202447221549067	0.13747879213167	0.140866868685454	0.429938498702486	NO	0.0910444940344527	0.0756205179940985	-0.0154239760403541	0.164185994083459	192.039794699505	7	5	460.70931127898
SEL1L	-0.202783262375202	0.137785791927921	0.141094236651025	0.430316733481132	NO	0.448790307416531	0.399309550923498	-0.0494807564930327	0.157586698661006	80.9857138364485	7	5	1188.06820336399
HP1BP3	-0.199421523202189	0.135550926081795	0.141239030228351	0.430442758791166	NO	0.253969090353575	0.218065416921447	-0.0359036734321281	0.160683362903501	93.9148885170894	7	5	1114.86040819343
MAGI2	-0.247622112031516	0.168416458233379	0.141481495980711	0.430866049253116	NO	0.464092584722927	0.403356389098967	-0.0607361956239607	0.157245132882338	51.7486171901592	7	5	306.432309714944
ARID3A	-0.418633645196815	0.284915684720638	0.141744747816375	0.431345704970676	NO	0.665549832967903	0.566968182385668	-0.0985816505822351	0.156008213405447	21.1577057455384	7	5	277.8643532998
RALGAPB	-0.149688785980537	0.101901899470974	0.141846376057665	0.431345704970676	NO	0.219101125883504	0.194567373700298	-0.024533752183206	0.15932398418535	160.074876109925	7	5	615.140717840065
USPL1	-0.153439363234743	0.104483892879258	0.141956073886288	0.431363964475498	NO	0.0720123027344856	0.0624080322485608	-0.00960427048592487	0.165060110906105	513.694594857002	7	5	485.909946258106
TMEM59	-0.059134941198592	0.0402889886706972	0.142166895884137	0.431689260494899	NO	0.076116748450837	0.0720610459397717	-0.00405570251106535	0.159733782778144	3498.08747791608	7	5	1992.5593582868
TMEM120B	0.166632857083549	0.113601474183062	0.142425164753295	0.432158049142019	NO	0.38865617767131	0.428902194808017	0.0402460171367068	0.160634931677593	115.888785025575	7	5	234.720543076311
SP3	-0.166056358423012	0.11328358324855	0.142690075082614	0.43241099819926	NO	0.0783755512561148	0.0671896844245024	-0.0111858668316124	0.151530863253084	404.717839607782	7	5	414.104805070053
CAB39	-0.149287910356727	0.101855435420883	0.14273431918963	0.43241099819926	NO	0.376207336754703	0.341871439572027	-0.0343358971826758	0.159950440126661	143.450570448831	7	5	1934.35093324163
AP4M1	0.137434548696861	0.0937883772979461	0.142820363347544	0.43241099819926	NO	0.235063610045003	0.260667525163314	0.0256039151183106	0.161746181942633	258.836891336325	7	5	342.459502464359
RANGAP1	-0.191858584550674	0.131009480935075	0.143067387368216	0.432455842405891	NO	0.415907819150267	0.370177887396524	-0.0457299317537437	0.161346329624982	85.3358184878124	7	5	351.227609154349
METTL9	-0.121058344259904	0.0826641994717005	0.143068533510498	0.432455842405891	NO	0.230538261667566	0.209766621575233	-0.0207716400923333	0.160221295899726	339.130940013917	7	5	1617.06090536406
OGT	-0.167087943909981	0.11414169781285	0.143231059725381	0.432455842405891	NO	0.393090597526946	0.354017205173445	-0.0390733923535004	0.161329082228321	113.56830023135	7	5	1001.69978268337
PPP2CA	-0.0772837707539179	0.0527986705423414	0.143263734844055	0.432455842405891	NO	0.0734492354034366	0.0683600319556803	-0.0050892034477563	0.160295997517704	2121.96735507441	7	5	4241.73243774788
ANKRD6	0.207069473695874	0.141596597199313	0.143634318044416	0.432455842405891	NO	0.295419337316603	0.340259611359592	0.0448402740429894	0.159789280627376	76.2429009309042	7	5	535.747962103685
PCSK1	-0.158406270219042	0.108365267113529	0.143801278620749	0.432455842405891	NO	0.309513028165324	0.27671741174067	-0.0327956164246536	0.161370997669628	133.742367307205	7	5	3379.52024467096
LGI2	-0.16916860337017	0.11573005474252	0.14380926627739	0.432455842405891	NO	0.168916099676246	0.146477856899897	-0.0224382427763495	0.161862971626115	177.174873815928	7	5	1363.21842344059
ZBTB20	0.144227136973156	0.0986859894585922	0.143885046627702	0.432455842405891	NO	0.141025904174858	0.159417569622909	0.0183916654480505	0.160459578856015	322.879600736072	7	5	1210.32004946806
ELAVL4	-0.295377880625988	0.20215160014152	0.143968757077742	0.432455842405891	NO	0.29654761347012	0.23881808166837	-0.0577295318017509	0.165439052311105	45.1192584149315	7	5	215.538522713663
TIMM10B	-0.126315159551524	0.0864600785240837	0.144025012097906	0.432455842405891	NO	0.322991569595729	0.29600963564529	-0.0269819339504399	0.160692787561455	239.480858999385	7	5	601.649675177042
SLC66A2	-0.287640549588241	0.196924353998099	0.144107345582179	0.432455842405891	NO	0.32277948424132	0.263342399199178	-0.0594370850421421	0.162279935379125	39.7555368816754	7	5	314.116280607022
PIP5K1A	0.372133461277149	0.254823509854405	0.144191806338081	0.432455842405891	NO	0.436828863140106	0.529488590108305	0.0926597269681993	0.162903556750194	25.5975742579679	7	5	174.390586116448
MGAT4A	-0.216094860440357	0.148001744069889	0.144267208552596	0.432455842405891	NO	0.181152606869416	0.151272825713048	-0.0298797811563682	0.161892347628204	83.8948097455328	7	5	442.551859655345
VPS53	-0.123349024110772	0.0844857342660814	0.144290555110427	0.432455842405891	NO	0.184397835281743	0.166563604293079	-0.0178342309886638	0.15751584348685	288.178527496842	7	5	615.475049704688
SMG1	-0.132035943347809	0.0904627333262629	0.144410564193729	0.432503921559331	NO	0.508704511933506	0.475715527922678	-0.0329889840108273	0.161319188498966	192.61303436765	7	5	538.195476858788
ZNF780A	-0.300436105872646	0.205983151041152	0.144689831631362	0.433028560853573	NO	0.337168124366142	0.273611497473866	-0.0635566268922761	0.158537461534418	36.0771960866159	7	5	114.489775137782
PSME3	0.104195895041542	0.0714654090829125	0.144843132573512	0.433175723584336	NO	0.28568394408163	0.307412622293915	0.021728678212285	0.159691805556532	367.876476227094	7	5	1063.79759542977
FRY	-0.143262417801647	0.0983341388846626	0.145145640102974	0.433664890255378	NO	0.0725693306474923	0.0634983079390403	-0.00907102270845198	0.160217944243826	536.726107782884	7	5	565.772629216839
PTPMT1	0.149046348240834	0.102321870735729	0.145215190414842	0.433664890255378	NO	0.278811272925669	0.309743357104881	0.0309320841792116	0.161268776413891	173.662515026029	7	5	712.203406478606
PARP11	-0.426478460109704	0.293146552130054	0.145716272411304	0.43484913431207	NO	0.318990534122462	0.234173520047784	-0.0848170140746784	0.154391677352398	18.0018925296328	7	5	86.1324551153311
MCPH1	-0.303564945977868	0.208921415838844	0.146220924970583	0.436042328227689	NO	0.209202677843802	0.163378369410672	-0.0458243084331303	0.15640650663535	52.0325686041225	7	5	77.2743672627676
LARP1	-0.0847576256679948	0.0584313138215815	0.146904809020431	0.437767912267188	NO	0.261630490376651	0.245590677863573	-0.0160398125130775	0.162410023536249	481.829849738875	7	5	1844.75290222572
NBL1	0.327023560770123	0.225664337975031	0.147293117132636	0.438073447503209	NO	0.317570166672993	0.392232564345776	0.0746623976727829	0.165894210238887	29.9558395339984	7	5	655.185154147623
STXBP4	-0.156608604117751	0.108069579703151	0.147296801269199	0.438073447503209	NO	0.0955004314037591	0.0828028724346307	-0.0126975589691284	0.156595017124765	595.398408043225	7	5	48.9768315728874
SLU7	-0.192596989490655	0.132925577215973	0.147363156418789	0.438073447503209	NO	0.262190752740026	0.226670113057684	-0.0355206396823415	0.163027045055488	108.139051466806	7	5	297.63194233902
SLC39A10	-0.307792373885739	0.212464855849185	0.14742856406358	0.438073447503209	NO	0.465685892560009	0.390487166613478	-0.0751987259465305	0.163805763821288	34.1069053709143	7	5	990.216624045244
POGLUT1	0.206027806876262	0.142277771243286	0.147598192694108	0.438264440833327	NO	0.236801332825353	0.276024277529436	0.0392229447040832	0.161998200187644	90.7974428666635	7	5	248.997739522332
ZNF639	0.0254663119100002	0.0176098450401081	0.148137769596138	0.439552868416501	NO	0.0484319724502265	0.0496192097566242	0.00118723730639765	0.164998358333389	25372.7290731216	7	5	455.303409176908
ZNF682	-0.283927748248262	0.196404312512305	0.148281319101562	0.439665208455094	NO	0.196068907178531	0.1551226802657	-0.0409462269128309	0.161614784893412	50.7357146789509	7	5	77.3238468034982
ZNF776	0.300537608625394	0.208166369978717	0.148812809691137	0.440926843529296	NO	0.607189539243721	0.67613180323526	0.0689422639915389	0.166842252020489	39.7356958714754	7	5	490.798141428736
PIGM	0.145596857097495	0.100975864870127	0.149331263697393	0.442148083260609	NO	0.0691814779117877	0.0791658950801052	0.00998441716831741	0.164122462792108	422.08129628804	7	5	457.637456066486
NUP107	0.127800130960714	0.0886953218520432	0.149615988924606	0.442388826054759	NO	0.0493892512712933	0.0557469376715211	0.00635768640022783	0.168301179564146	823.874502901516	7	5	63.727804211774
GPC6	0.722468461560242	0.5014905406462	0.14968577734264	0.442388826054759	NO	0.267957727053596	0.429831032464841	0.161873305411244	0.156567292306775	6.39630459630744	7	4	48.0377939587315
GRIN2A	0.534103371743765	0.370781487400706	0.149731602664688	0.442388826054759	NO	0.159723404520462	0.244865990033202	0.0851425855127399	0.164315940594755	11.3477646651872	7	5	95.4318891063233
REXO4	-0.32689844437324	0.227086781987264	0.15000015575321	0.442867741613451	NO	0.347806915924687	0.277761694144591	-0.0700452217800958	0.166229571823395	29.9865323210115	7	5	90.1141813568691
SUSD5	0.260681747114788	0.181199529775388	0.150251208548034	0.443294345787106	NO	0.281169857671603	0.336711316745295	0.0555414590736923	0.166354182138723	45.0156429757508	7	5	186.099731470147
NBEA	-0.135079130385764	0.0939624627563198	0.150551527139548	0.44333616101342	NO	0.363906153691012	0.333248439961055	-0.0306577137299567	0.169902736914624	170.224224963618	7	5	978.987968047019
ZNF430	-0.254012676190813	0.176706000582321	0.150579507350036	0.44333616101342	NO	0.125676419387134	0.100312902356751	-0.0253635170303831	0.166776602325838	88.3353277293161	7	5	160.453532931778
SEMA3A	-0.148148373404209	0.10306204135576	0.150585095074991	0.44333616101342	NO	0.204917426213135	0.181831592462522	-0.023085833750613	0.168044820817396	175.943262233651	7	5	425.768582317261
VSTM2A	-0.209547637479824	0.1458764463217	0.150867674970684	0.443770913916967	NO	0.33175551639215	0.287040061955258	-0.0447154544368921	0.168088387455616	73.9346312606131	7	5	621.176437258728
TRUB2	0.136451597357328	0.0950089287719242	0.150946116152045	0.443770913916967	NO	0.0527106510845996	0.0599548882252141	0.00724423714061454	0.173712465740252	727.277636192219	7	5	255.214775792581
SCAI	-0.387991527206158	0.270247830871563	0.151091184140299	0.443883704818959	NO	0.495328387446666	0.39970881622682	-0.0956195712198455	0.166531109247719	20.8479925520329	7	5	245.573202854424
ZMYM4	-0.103078283977352	0.0718345188783076	0.151303960093516	0.444126389471676	NO	0.299538831935738	0.27836763555451	-0.0211711963812284	0.166847566121517	305.921072210522	7	5	437.40046980538
RWDD2B	-0.133735602859735	0.0932558267093073	0.151551616498833	0.444126389471676	NO	0.104275438599807	0.0924288577806419	-0.0118465808191651	0.166283157695425	565.756221281009	7	5	278.964667231349
TPM3	-0.0761638105065182	0.0531163679097036	0.151599455541218	0.444126389471676	NO	0.0492995559866992	0.0458499096536563	-0.00344964633304291	0.165513433390474	2805.05647287181	7	5	1945.94697637225
CETN3	0.292132441326583	0.203732802061303	0.151600834867736	0.444126389471676	NO	0.127990350889862	0.164281121549836	0.0362907706599735	0.185338237202494	85.837407005285	7	5	156.80057398094
CDH11	-0.291671385256641	0.203611899099557	0.152004514546451	0.444782609830291	NO	0.281491604343578	0.226400953576105	-0.0550906507674724	0.172094726644227	40.5612833201715	7	5	105.64034538878
STK16	0.221893716504027	0.154913955070103	0.152038670956412	0.444782609830291	NO	0.274692616639958	0.321028530132577	0.0463359134926183	0.173439419348432	78.3213942728692	7	5	191.646599441617
WRN	0.651394495003457	0.455491428556768	0.152690712394832	0.44635981912619	NO	0.131975737710211	0.22579537019442	0.0938196324842093	0.168386310210062	7.70765275131394	7	5	33.8851585004751
AGO3	0.167007231035584	0.116809723340807	0.152792399623965	0.44635981912619	NO	0.214439205406179	0.243909403542566	0.0294701981363872	0.173812480942586	137.598033012043	7	5	282.445133145547
TSEN34	0.157706694677216	0.110402348115827	0.153155965798676	0.447107942261399	NO	0.0565212211102884	0.0655435010436239	0.00902227993333551	0.171993248484527	554.461491268186	7	5	278.77609071318
STXBP5L	-0.427179934626786	0.299153062695827	0.153302095016762	0.447203005064856	NO	0.416317039820339	0.317542018413266	-0.0987750214070728	0.165395854842166	16.0599740352466	7	5	109.668407441851
CMTM6	-0.239535154809509	0.167834350166933	0.153518871760126	0.447203005064856	NO	0.145706247481625	0.118342815663361	-0.0273634318182644	0.163113970037856	87.2205274194434	7	5	307.396992269249
GORAB	-0.363332324645136	0.254628201135878	0.153604934407061	0.447203005064856	NO	0.18824376783316	0.138859546656619	-0.0493842211765415	0.175474199864245	29.8260472088224	7	5	136.869914738875
DGKD	0.373043191336869	0.261442349879856	0.153618532268673	0.447203005064856	NO	0.435857595153985	0.528731327557246	0.0928737324032603	0.170188188311392	21.5382942552836	7	5	376.385426899378
STX6	-0.203983178705951	0.143234316978432	0.15441108469723	0.448805525248433	NO	0.386879996582829	0.33974533351436	-0.0471346630684684	0.171470836754763	74.1397234631959	7	5	574.968643543872
TBC1D16	0.517760835456212	0.363611472787575	0.154463909191812	0.448805525248433	NO	0.320116864126109	0.441402021909409	0.1212851577833	0.168894300099898	10.5912104711138	7	5	292.285717310885
CCN3	0.615796383706177	0.43248974657316	0.154492671191288	0.448805525248433	NO	0.258890476281821	0.392707156086144	0.133816679804323	0.180323999972208	8.13162898312726	7	5	67.5491234054995
HUS1	-0.313232246383535	0.220305437919596	0.15508171670778	0.450202331824398	NO	0.356827773433991	0.288559282149717	-0.0682684912842734	0.177191770919912	37.5161076176862	7	5	103.876118649049
AP3M2	-0.176576391869594	0.124289240131869	0.15540710849483	0.450799887446467	NO	0.346003306134288	0.307202553566138	-0.0388007525681497	0.172036354826554	101.057248346657	7	5	501.143545069831
MAPRE1	-0.0956400880325688	0.0673353296802304	0.155504288097519	0.450799887446467	NO	0.384653352474473	0.3622796802478	-0.0223736722266734	0.172173969525829	330.280513600987	7	5	2029.26731205581
HIVEP2	-0.15778014336953	0.111174281550317	0.15583651354475	0.451189160988533	NO	0.323375689811069	0.289856404084846	-0.0335192857262235	0.173464113580091	134.50666780092	7	5	314.338964561242
KCNS2	-0.471189140133927	0.33202224199947	0.155855486620318	0.451189160988533	NO	0.209639374983633	0.142059389040717	-0.0675799859429158	0.177948359208747	18.6313385607034	7	5	68.121229972847
CLASP1	-0.263496828374944	0.185831747905305	0.156210545802198	0.451902552529308	NO	0.319782478351177	0.265364822554179	-0.0544176557969982	0.172838046103118	44.1728962043549	7	5	1141.08961106804
GOLT1B	-0.119347115645872	0.0842724255571514	0.156715196451466	0.452594824177532	NO	0.401447376095615	0.373136360260162	-0.0283110158354535	0.172956229048438	221.002236909368	7	5	1023.97709526787
EIF1AD	-0.62126683949183	0.43878756072254	0.156813105492034	0.452594824177532	NO	0.347262914319266	0.222292036007867	-0.124970878311399	0.195226554784487	8.42674257246573	7	5	156.28346453664
ZC3H12C	-0.400935715920516	0.283286763685285	0.156980597144206	0.452594824177532	NO	0.344415137028297	0.26026036416516	-0.0841547728631368	0.167675167275309	18.2467138524428	7	5	130.473170334136
EHD1	-0.161929883792615	0.114443650241973	0.157088688517392	0.452594824177532	NO	0.330049317401948	0.295276796810314	-0.0347725205916342	0.169455127292718	120.306569529682	7	5	284.740482949308
DHX36	0.157209802125432	0.111152608157074	0.157256230322513	0.452594824177532	NO	0.10702733717399	0.123006554488322	0.0159792173143314	0.174576727117801	363.687853843573	7	5	418.066457751092
USP2	0.983554436663128	0.695568556913176	0.157353250372379	0.452594824177532	NO	0.45412024588839	0.68987131105129	0.235751065162901	0.167492277749988	1.85406911283879	7	5	21.0089684364692
CMC2	-0.0125492296837602	0.00887769682957131	0.157488731776142	0.452594824177532	NO	0.0431852838096127	0.0426697080783298	-0.000515575731282934	0.173305909371254	111950.697242761	7	5	501.385698831428
BLOC1S6	-0.170804310371924	0.120846190134196	0.157537403368787	0.452594824177532	NO	0.381886144090377	0.342459158831591	-0.0394269852587859	0.173550559801958	106.605619594847	7	5	1296.35530329727
TCF7L2	-0.402357828298789	0.284772795866048	0.157682707535883	0.452594824177532	NO	0.372223694664817	0.283930705969415	-0.0882929886954014	0.181245493944301	18.7265786588665	7	5	74.3385449230483
RC3H2	-0.273871849478315	0.193841802484415	0.157696102719516	0.452594824177532	NO	0.299692952355971	0.2455233510926	-0.0541696012633709	0.181848917590748	51.2073041110308	7	5	594.688634831665
BAG5	-0.239525416983142	0.169574400736522	0.157800056210651	0.452594824177532	NO	0.223977095077449	0.185100833512785	-0.0388762615646639	0.174737613088447	68.2925007051411	7	5	697.681422220466
GSTCD	0.33511508848723	0.237275283013146	0.157847746415134	0.452594824177532	NO	0.404751911291769	0.487355478758548	0.0826035674667789	0.174020399892278	26.7941180106583	7	5	85.3234810207863
PCGF3	-0.176733504602854	0.125179453590998	0.157996736911628	0.452594824177532	NO	0.73750284284702	0.701886241097607	-0.0356166017494134	0.172430301944431	121.733767989897	7	5	815.903601646008
FRMPD4	0.198581645110952	0.140679591539567	0.158071262018698	0.452594824177532	NO	0.112830015571323	0.134287184242935	0.0214571686716115	0.174166916673176	120.665253359704	7	5	412.708471570543
WDR82	-0.160348601260666	0.113612125267161	0.158135917469973	0.452594824177532	NO	0.580985249985302	0.541521816343103	-0.039463433642199	0.173745009998332	132.031197513905	7	5	1113.80297441815
ZDHHC21	-0.0626578332355486	0.0444009197920932	0.158190594796666	0.452594824177532	NO	0.184444168641421	0.175204602127438	-0.00923956651398303	0.173980577583805	1026.3942553108	7	5	593.132992685171
KCNH8	-0.398589694458864	0.28262817929907	0.158451981984561	0.452673755649567	NO	0.173284645162019	0.123346478298664	-0.0499381668633549	0.198829932535927	27.8741802395065	7	5	81.8354784352845
KIFBP	-0.100665101084446	0.0713866227689502	0.158498477013666	0.452673755649567	NO	0.606045570516685	0.581772720109042	-0.0242728504076433	0.175250774687665	302.678762306631	7	5	1046.7024790404
ACOX1	-0.265671626756479	0.188441573816166	0.158588251711106	0.452673755649567	NO	0.323713082973587	0.26846363418415	-0.0552494487894367	0.174273630090601	45.6586036840296	7	5	250.6271229083
OTUD4	-0.162940923209123	0.115592515003685	0.158653446090642	0.452673755649567	NO	0.132029730652289	0.114449961341059	-0.0175797693112306	0.172727023859147	188.651397532204	7	5	286.9218802036
RAP2A	-0.214858381293841	0.152565139970685	0.159040519960978	0.453175258719545	NO	0.447930844934562	0.395585603010034	-0.0523452419245284	0.174611879628833	66.0083846053554	7	5	994.049353724008
MPLKIP	-0.066811873536362	0.0474420562072208	0.159047085992917	0.453175258719545	NO	0.054552935992547	0.0512077855805454	-0.00334515041200161	0.179214891448262	3390.10508751754	7	5	572.175722692052
NPTXR	0.263867828149375	0.187638361472527	0.159647714836427	0.454575286597904	NO	0.192244346014494	0.236561459745757	0.044317113731263	0.174905764382854	46.4088091017226	7	5	490.683534285062
MKRN1	-0.186010823063142	0.132340508667008	0.159858642862165	0.454864537829415	NO	0.332034646479133	0.292141113727395	-0.0398935327517375	0.174868489387117	86.553766302053	7	5	1078.49759065522
STN1	0.211734336283984	0.15071452338376	0.160059891906347	0.45511945928938	NO	0.198852352486982	0.234737989140541	0.0358856366535591	0.180428094768696	114.022337672753	7	5	216.550606506638
P2RY1	-0.713853140251916	0.508257789499995	0.160167040480686	0.45511945928938	NO	0.34173254126115	0.202710972564839	-0.139021568696311	0.17434443501893	5.10624053589553	7	5	94.4946116011053
PID1	-0.162452569072231	0.115727638267776	0.160393573204574	0.455452057700361	NO	0.293193531055823	0.260691696313201	-0.0325018347426214	0.174691018177358	122.487602763064	7	5	460.680123587856
CYP2R1	-0.176513440946378	0.125810412617558	0.160613444710766	0.455765300134234	NO	0.0869234683665127	0.0738975572793377	-0.0130259110871749	0.176855344233854	314.709283617485	7	5	79.3259866079152
CANT1	-0.256663699816919	0.183108593172214	0.161004222896978	0.456490103134698	NO	0.326676746954623	0.272908036663348	-0.0537687102912746	0.178464821438609	44.9816090643173	7	5	192.40502743365
HPCAL4	-0.268866408482673	0.191852758338683	0.161088334471571	0.456490103134698	NO	0.327579878060711	0.271303775562131	-0.0562761024985802	0.178281989012348	40.8398071088801	7	5	1012.60566409422
PRKAA2	-0.270566893626967	0.193163731739819	0.161300001226941	0.456778764536471	NO	0.385197771968694	0.323417434288985	-0.0617803376797083	0.17872667505879	42.5647310687859	7	5	481.430137869791
RIC3	-0.261223346527357	0.186583373430822	0.161502688058461	0.457041620628027	NO	0.177446867337279	0.142465053525222	-0.0349818138120571	0.178848127349444	67.927044362315	7	5	987.24665470285
C1orf74	-0.224385899228615	0.16035779073827	0.161728193884377	0.457368651637666	NO	0.102012293653112	0.0832147268174586	-0.0187975668356533	0.193777108237882	194.130254585415	7	5	95.8719837847561
BCL7A	-0.21485754999673	0.153863661029026	0.162589510236437	0.459492094146452	NO	0.204083777232437	0.171388158982074	-0.0326956182503624	0.178806084267044	76.0421653993723	7	5	338.362066454355
RAD18	-0.277713976429083	0.199051689787729	0.162959991573081	0.460141107231448	NO	0.198848702387381	0.158261649493979	-0.0405870528934014	0.177786379869266	59.7365159434092	7	5	69.1978255805066
GGCX	0.243322378388222	0.174453685021984	0.163085878946059	0.460141107231448	NO	0.461754593423785	0.52249513964691	0.0607405462231246	0.179631458806848	50.9469489545172	7	5	503.794977802207
ADSL	0.132565818113295	0.0950597919054357	0.163150993549612	0.460141107231448	NO	0.0547662231099679	0.0620478644863111	0.00728164137634321	0.178884324886594	671.795141278694	7	5	251.440419123664
NUP93	0.138567352107515	0.0994071183388545	0.163336351071896	0.460351775378785	NO	0.161611263717286	0.181276833690796	0.0196655699735092	0.183696167691544	325.416761139551	7	5	393.063207145308
MTUS1	-0.549676234225096	0.394465016044087	0.163476892361794	0.460435932447572	NO	0.479912985614588	0.347495219017515	-0.132417766597073	0.179501868519198	9.16240214793009	7	5	88.0973142254148
CARD8	0.596022108560311	0.429134161013273	0.164864810162839	0.463674121779839	NO	0.279270827187955	0.412883132223795	0.133612305035839	0.176723619666458	7.19552076328094	7	5	98.5094614928313
NXPE3	-0.27243280311937	0.196152011063043	0.164867385662101	0.463674121779839	NO	0.178728939330622	0.142165945622935	-0.0365629937076864	0.18659238361838	49.4932579445711	7	5	300.424486099305
RPUSD4	0.242429519094772	0.174588281779319	0.164960985633212	0.463674121779839	NO	0.369811253046067	0.427857692121801	0.0580464390757335	0.184052343362807	52.9074446986028	7	5	196.434488587147
CXADR	-0.066842512367505	0.0481695945790642	0.165243809818885	0.464155468498692	NO	0.336292374069277	0.321540059176201	-0.014752314893076	0.181959883770301	739.188066396298	7	5	5745.68186392221
CFAP97	-0.153545082541613	0.110785617830027	0.165757332733357	0.465283741005915	NO	0.366785989784927	0.331906464202902	-0.034879525582025	0.180183735713939	121.373058686359	7	5	561.981057957049
ALG2	-0.113143205784879	0.0817220462956874	0.166209029977884	0.466057817929163	NO	0.160553541717011	0.145883602347437	-0.0146699393695739	0.187104257799001	499.482752762361	7	5	306.765789978747
ITGAV	-0.163772848504742	0.118304699633807	0.166257163895884	0.466057817929163	NO	0.225878711850284	0.198530650537987	-0.0273480613122963	0.176661177866845	121.558303308226	7	5	723.248642280719
GCFC2	-0.331852243221011	0.239795416334978	0.166389885750602	0.466115774223908	NO	0.317516297242222	0.250290839743292	-0.0672254574989299	0.178513301191853	26.6166671837755	7	5	131.532815115185
NR5A2	-0.59691567940456	0.431661128179589	0.166715774814279	0.466167026141621	NO	0.344849166712259	0.224666871743358	-0.120182294968901	0.206272082282242	9.88676019170022	7	5	47.9053648690612
ZBTB8A	-0.327569613129443	0.236896604632267	0.166740456283573	0.466167026141621	NO	0.260689474800017	0.202626681523188	-0.058062793276829	0.197250208522458	35.2854738219287	7	5	123.59295097233
MFSD4A	0.318636052818282	0.230487738172055	0.16683586376138	0.466167026141621	NO	0.33960317780849	0.414249123003372	0.0746459451948814	0.180667850069589	27.6275580378912	7	5	215.832095707633
PEG10	-0.230831541558694	0.166981788121974	0.166856418731941	0.466167026141621	NO	0.29728867686959	0.251416077849959	-0.0458725990196308	0.182765819111927	55.9234835969581	7	5	4068.05466137241
SLC4A7	0.267745257080628	0.193799098539226	0.167106566371016	0.46655256114324	NO	0.61190469053568	0.673282878341945	0.0613781878062648	0.178507309714566	39.2056669864406	7	5	237.352646904088
ATF7	0.369518211548136	0.267632892516028	0.167374121268501	0.466675347312108	NO	0.261271915273921	0.338530427908664	0.0772585126347427	0.181029059950168	21.6116493328981	7	5	178.108469442348
SRPRB	0.114310537600673	0.0827924458236008	0.167374908218669	0.466675347312108	NO	0.141692827734262	0.156172097584818	0.0144792698505558	0.188033106172286	489.692222434207	7	5	975.221286911695
GZF1	0.287169115515428	0.208246526529513	0.167898965494796	0.467822971505929	NO	0.066532072830206	0.0867441286330069	0.0202120558028009	0.181170849952394	84.8204705107215	7	5	223.887632046089
TACC1	-0.304120421429845	0.220718536043889	0.168244866854437	0.468330672471006	NO	0.324043006851677	0.261270870188482	-0.062772136663195	0.186388792314745	32.3890713046917	7	5	488.828083140517
ZFP91	-0.219575017968144	0.159381858475467	0.168306335419268	0.468330672471006	NO	0.254177131989344	0.214833623822931	-0.0393435081664133	0.181547446797937	64.4225796437204	7	5	890.736904581007
ZNF276	-0.342523436334993	0.248902407657194	0.168779690175634	0.469263158013582	NO	0.202953832092257	0.153104383319975	-0.0498494487722827	0.185018254455819	31.4779531671238	7	5	74.5835148933833
ZFX	-0.395351023617496	0.287349692347523	0.168867054698638	0.469263158013582	NO	0.389452315961036	0.300489921769769	-0.0889623941912671	0.186168790923845	17.5381939651498	7	5	273.701392921413
ATRX	-0.11626908442171	0.0845339517573615	0.169003484053047	0.469328767463736	NO	0.0578182625561739	0.0518006247953911	-0.00601763776078288	0.180118746348243	967.441497446143	7	5	1240.41918263489
PRRG4	0.836095871901841	0.608109888627123	0.169159601063472	0.469448926233518	NO	0.158571863659284	0.303054016021114	0.14448215236183	0.176241469133473	4.92268406530543	7	3	12.9791643115473
RAD54L2	0.200117196892805	0.145702467567868	0.169607925836687	0.470379314320411	NO	0.146026630236051	0.172788256048229	0.0267616258121776	0.183454115345029	117.966191052842	7	5	619.481550234673
AKR1C2	0.137764680323586	0.100345906211379	0.169784100648864	0.470554202997519	NO	0.0547912521687975	0.0623793839864299	0.0075881318176324	0.190010004355474	685.474271154826	7	5	51.8728837942912
BRAP	-0.1509766735299	0.110099740146629	0.17029022985541	0.471642713847206	NO	0.176936911614291	0.15601055934279	-0.0209263522715009	0.192743304218434	206.148840727928	7	5	240.320360200177
POLI	0.164402386946697	0.119945597911028	0.170486810344426	0.471873008005863	NO	0.13594360555759	0.156435112735274	0.020491507177684	0.18651661133585	208.950274591787	7	5	221.31514165094
HECW1	0.330438449867739	0.241264140031263	0.170807807646418	0.472297280056706	NO	0.260040450722733	0.328424410115104	0.0683839593923712	0.188523787367685	28.9112322732067	7	5	336.288789442753
GUCY1A1	0.805756962511309	0.588732119029588	0.171114683931206	0.472297280056706	NO	0.166052202000105	0.308293040370431	0.142240838370327	0.182090036520389	3.50880214397119	7	5	69.4234828734408
SSH2	0.331384154220399	0.242149898083189	0.171153014333816	0.472297280056706	NO	0.182846881170089	0.237616215415932	0.0547693342458429	0.18335943129287	27.143142124012	7	5	414.310801575762
NAB1	0.104670267220958	0.0765315442531678	0.17141388009739	0.472297280056706	NO	0.431513555148435	0.457351812927948	0.0258382577795134	0.18671548762877	249.108223180745	7	5	287.20113241777
SLC36A1	-0.294254662061723	0.215154280526315	0.171423243781136	0.472297280056706	NO	0.331607296695799	0.269890320128721	-0.0617169765670778	0.188307693892091	34.7180441368816	7	5	357.506227661517
PLCL1	-0.203364878355415	0.148723218940707	0.171498385122705	0.472297280056706	NO	0.266476838386667	0.228652302248917	-0.0378245361377502	0.186604491546336	75.2530735556247	7	5	285.883480375682
IPCEF1	-0.399673024506641	0.292312722867187	0.171537895971149	0.472297280056706	NO	0.262283485815225	0.192506245639211	-0.0697772401760142	0.182769206101617	21.8390235510288	7	5	41.7918291602185
TLK2	-0.163998427558835	0.119948045647587	0.171548363020597	0.472297280056706	NO	0.079139920748827	0.0679832715580961	-0.011156649190731	0.194681745995786	306.490978647109	7	5	368.325927989259
EAF1	-0.23887323347574	0.174891757271455	0.171990847566348	0.473142026600038	NO	0.398920981787656	0.343251826725383	-0.0556691550622729	0.186449438854912	48.7621505951481	7	5	665.033195243839
ELP1	-0.151435748812729	0.110952268857184	0.172292990228689	0.473142026600038	NO	0.0669413460709081	0.0580806545873991	-0.00886069148350901	0.187872261530464	454.231914745894	7	5	474.151407590364
PPM1H	0.202885192444732	0.148666060522778	0.172346049095761	0.473142026600038	NO	0.377549193844721	0.426271815292532	0.048722621447811	0.188147757006569	66.7910844140845	7	5	784.224566620988
PRKAA1	-0.244489543960909	0.179185320315381	0.172425745901219	0.473142026600038	NO	0.480583208511409	0.420140711092426	-0.060442497418983	0.18753822357081	45.7594511983166	7	5	599.323276993645
B3GAT2	-0.0907183034474579	0.0664964882497862	0.172486675826612	0.473142026600038	NO	0.0581757438676632	0.0533998671251593	-0.00477587674250389	0.18983420159499	1062.40109614741	7	5	1786.70593484064
C2CD2	-0.49624509619222	0.363790665584662	0.172537609219293	0.473142026600038	NO	0.318237867115083	0.221296521448425	-0.0969413456666573	0.186764401152976	10.8933483290614	7	5	95.4417620521759
SH3BP5	0.0984565835330359	0.0722038559511571	0.172696084664912	0.473148660976725	NO	0.0479812684642051	0.0526841739848483	0.00470290552064313	0.194581150827713	1423.65104459315	7	5	592.364633333063
USP40	-0.326589644530829	0.239546741292255	0.172767503851838	0.473148660976725	NO	0.404587607609447	0.328941672649497	-0.0756459349599501	0.188298887875455	25.6940660970639	7	5	66.2132887289997
TNFAIP1	-0.189340520056344	0.138934330938657	0.172943704492687	0.473319612295775	NO	0.388376032606371	0.344459366653025	-0.0439166659533459	0.190987117241102	77.5670358726332	7	5	727.520315099297
MPV17L	-0.325497660962283	0.238998150978263	0.173221417933725	0.473559479836356	NO	0.259979606186345	0.202365950077233	-0.0576136561091116	0.186873993317848	29.2037747272656	7	5	105.04481603967
TRIM24	-0.11820923494373	0.0868127051366219	0.173305767290705	0.473559479836356	NO	0.0774117289476754	0.0693798968227684	-0.00803183212490699	0.19106600984697	805.405112800109	7	5	521.24903161679
GNA11	-0.132331577165336	0.0971993003919933	0.173372857642012	0.473559479836356	NO	0.225826340230785	0.20353235950746	-0.0222939807233245	0.18277605892781	301.185318871329	7	5	422.889167145524
GABPA	-0.261323867703145	0.192366538625076	0.174315096811097	0.475820736702208	NO	0.428226281840876	0.365768031094539	-0.0624582507463369	0.189197517932146	39.6164280786009	7	5	193.179325340997
GARRE1	-0.175432357334973	0.129197588468214	0.174507817472839	0.475944124108371	NO	0.385104145638969	0.344484813850904	-0.0406193317880654	0.18955383998107	93.2912286823344	7	5	199.538532295306
GOLGB1	0.16769770524346	0.123568755316068	0.174742889124948	0.475944124108371	NO	0.243951395589108	0.276190187706834	0.0322387921177258	0.185819670199556	119.267201624439	7	5	240.548696344246
MARCHF5	-0.105883635658306	0.0780253025591805	0.174767771986195	0.475944124108371	NO	0.1834621479993	0.168128622551255	-0.0153335254480448	0.188401675095465	483.631155340833	7	5	700.413622121194
USP35	0.233646385289675	0.172193284693515	0.174817937893652	0.475944124108371	NO	0.292441397616397	0.343009869735586	0.050568472119189	0.190389186797544	51.7326645814293	7	5	161.305908967767
AGO2	0.374011309378121	0.276056613934534	0.175469963187987	0.47740683248007	NO	0.668830276832957	0.745908905132835	0.0770786282998779	0.185752643588763	24.3673244611128	7	5	525.31185621724
ATF2	-0.270067143011518	0.199461684062116	0.175742739300815	0.477537130329299	NO	0.398548854815816	0.335908226454207	-0.0626406283616098	0.191080301489174	36.7485673863889	7	5	1217.2816493494
THAP2	0.168201318049326	0.124263478055001	0.175868460343932	0.477537130329299	NO	0.303339552796069	0.340011269688127	0.0366717168920588	0.191587213198261	103.015628643511	7	5	266.480536530966
KLHDC2	0.1074833091516	0.0794405955135034	0.176054892753218	0.477537130329299	NO	0.12179905640355	0.133771047474	0.0119719910704496	0.199485268623141	526.267023125774	7	5	690.908019254397
SATB2	0.602460973038046	0.445384960057896	0.176159572264254	0.477537130329299	NO	0.341951936971741	0.486966251481007	0.145014314509266	0.190675975038366	7.40691709822771	7	5	94.2523387944681
NPHP3	0.428476871062191	0.316839966017559	0.176265048587748	0.477537130329299	NO	0.21099133279329	0.291010085059876	0.0800187522665861	0.188901101282483	16.2933987347167	7	5	64.0014419985438
CADM3	0.123629503946945	0.0914858176543231	0.176582837505659	0.477537130329299	NO	0.310354237468453	0.337415222940166	0.0270609854717136	0.192331459526764	228.576844130243	7	5	290.765673399937
TAF10	0.117729115350018	0.0871768907900793	0.176867698613965	0.477537130329299	NO	0.24992000043388	0.272631951535296	0.0227119511014161	0.19289351579478	267.017734347996	7	5	1505.7886047229
STAMBP	-0.128389516430555	0.0950774930799122	0.176898265946483	0.477537130329299	NO	0.0795146621186898	0.0706104938047512	-0.00890416831393863	0.184253281929876	735.939233758049	7	5	254.832177094748
MRE11	0.152253762996519	0.112751609392073	0.176904800992508	0.477537130329299	NO	0.351508333283124	0.386947400340889	0.0354390670577645	0.193759229919061	120.29012025827	7	5	66.9544447534847
TDP1	0.247293501472095	0.183205864663513	0.177076247585795	0.477537130329299	NO	0.22202460094525	0.267643173743236	0.0456185727979866	0.195427547144426	53.7698921781611	7	5	121.068499338689
CHMP7	-0.199298787861156	0.14766170696332	0.17711270617351	0.477537130329299	NO	0.360809842176584	0.316230451671393	-0.044579390505191	0.193028919827965	71.4114006318356	7	5	476.060129780822
ARSA	0.396756360364921	0.293992780493255	0.177162114730249	0.477537130329299	NO	0.117023391500487	0.164630784185659	0.0476073926851722	0.209287910807547	23.8612107731535	7	5	40.397411020561
OXSR1	-0.232378585703315	0.172195849202554	0.17717588497157	0.477537130329299	NO	0.31094929238982	0.263459688261454	-0.0474896041283654	0.193000443669392	51.489203097255	7	5	537.891910419002
ZSCAN30	0.583093191834218	0.432105012792983	0.177200580770597	0.477537130329299	NO	0.179006014662971	0.280899699264184	0.101893684601213	0.185943622209832	8.0807057855453	7	5	111.712930324509
STYX	-0.261343317755813	0.193789113305726	0.177466609120798	0.477537130329299	NO	0.351441932133454	0.294412205437758	-0.0570297266956963	0.192794498214165	40.0221322568023	7	5	365.382040633796
C2orf49	-0.24618104835559	0.182614780998165	0.177629634184535	0.477537130329299	NO	0.26721282357823	0.221837380924365	-0.0453754426538652	0.191288248918664	69.4580544294257	7	5	312.256772254686
KCNT1	-0.578397517727148	0.429171545267181	0.177752623288565	0.477537130329299	NO	0.119297699114713	0.0706009145839077	-0.0486967845308054	0.19710185240849	16.7340215671515	7	5	41.3989927776184
FLVCR1	-0.1465813447844	0.108770691589035	0.177781269485388	0.477537130329299	NO	0.281953099554833	0.253245806369631	-0.0287072931852023	0.193236976147909	134.766712589687	7	5	525.826202395452
AIFM2	-0.429970104325434	0.319075247118208	0.177802904198881	0.477537130329299	NO	0.289152196825603	0.20924617513972	-0.0799060216858831	0.203020621615257	17.0501404649212	7	5	43.7917870821858
RANBP2	-0.139723671315482	0.103715139081802	0.177920062671335	0.477537130329299	NO	0.189977929870137	0.169401166454573	-0.0205767634155641	0.199030571245638	199.424966401212	7	5	522.625856534325
XKR4	-0.0784926225951978	0.058265228106858	0.177928498079426	0.477537130329299	NO	0.14959328218707	0.139879977427233	-0.00971330475983792	0.195125631600792	742.058045888263	7	5	1596.08814522961
PLAGL2	-0.76652762725375	0.569179314305289	0.178069035316425	0.477606181119489	NO	0.237916679431864	0.126677214699622	-0.111239464732242	0.21053304305354	4.07041118083086	7	5	106.102045620267
NME6	0.131567717118956	0.0977594123452256	0.178356796294298	0.478069763263067	NO	0.211343572362405	0.234104535661245	0.0227609632988395	0.194081984734956	218.650795893811	7	5	325.486419207408
UNC5D	0.320028034277903	0.23803538946198	0.178801075060768	0.47895201046542	NO	0.388553473309341	0.46670716670903	0.0781536933996888	0.192535615281462	25.8064313218462	7	5	237.216882257317
ESF1	-0.262943926179634	0.195673158639806	0.179015820859016	0.479169988311646	NO	0.185326659016794	0.148854830991883	-0.0364718280249116	0.181314507789657	68.1048509446797	7	5	109.304021733341
RHOU	-0.239462837506307	0.178239167458598	0.179112820150147	0.479169988311646	NO	0.309580019079378	0.260851741384918	-0.0487282776944598	0.194084647338738	50.1587562159106	7	5	1238.57759927074
RFT1	0.72719053997596	0.541615799409837	0.179391261394781	0.479269180546219	NO	0.182891847150296	0.31654704653929	0.133655199388993	0.202167376680246	4.60987067478523	7	5	61.3757960873802
PDE12	-0.242485171574175	0.18070517692642	0.179633994497158	0.479269180546219	NO	0.164203012674216	0.133568641755818	-0.0306343709183974	0.198318269496663	64.8124175827664	7	5	469.932345363801
HMGB3	-0.159889268025011	0.119164479320711	0.179676176605595	0.479269180546219	NO	0.229440296379993	0.202399632537596	-0.0270406638423969	0.201081762635975	163.231027402738	7	5	751.926641485731
FBXO22	0.0711798783254094	0.0530605108548393	0.179763043220224	0.479269180546219	NO	0.0663533672464506	0.0709014690234138	0.00454810177696316	0.19737635756797	1926.75521200272	7	5	844.592497562387
CPPED1	-0.0894778100001241	0.0667030006905457	0.179778918509814	0.479269180546219	NO	0.13039443457573	0.120579532297148	-0.00981490227858248	0.193777788412189	767.874363153277	7	5	190.061535321052
SRSF1	-0.166119679564721	0.123854901833962	0.179841151642463	0.479269180546219	NO	0.080671610499185	0.0691785682595022	-0.0114930422396828	0.205789176898197	325.239149284969	7	5	1151.08104613664
KCTD7	0.107305163204666	0.080040496612723	0.180038695512912	0.479323602825929	NO	0.182217040392329	0.198755088556988	0.0165380481646594	0.194551583489582	308.44120761791	7	5	487.218356113129
ATG13	-0.127780046872486	0.0953432621822933	0.180176899159185	0.479323602825929	NO	0.290002710942373	0.264414092612211	-0.0255886183301618	0.195783082720288	187.01320691366	7	5	376.304521986472
PARVB	-0.400460536869736	0.29882500684827	0.180207239139364	0.479323602825929	NO	0.412654395554106	0.320067086095748	-0.0925873094583587	0.202082929140918	16.4279160447114	7	5	153.309934459256
COL3A1	0.981035751779655	0.732312712988788	0.180362257809051	0.479429388169747	NO	0.17703627542114	0.364584280665111	0.187548005243971	0.188427663269609	3.4169746510399	5	4	18.1443198831627
STC1	-0.152867927627633	0.11414543241122	0.180493128304125	0.479450182074839	NO	0.281299336086505	0.251450059993713	-0.0298492760927914	0.191441898664121	139.791609528004	7	5	680.613654545255
PLEKHO1	0.0389454724202207	0.0290874868817433	0.180600585411364	0.479450182074839	NO	0.0500792772932764	0.0519647656534118	0.00188548836013536	0.198753988930716	9476.38690988605	7	5	393.513828630938
RBPJ	-0.0814239005591518	0.0608398724071997	0.180788489538822	0.479642931429527	NO	0.170617494672149	0.159402409041679	-0.0112150856304703	0.194599051196001	771.32399139233	7	5	890.319179253623
KLHL3	-0.308271549477305	0.230644689467343	0.181364769038119	0.480522486546596	NO	0.412979408259304	0.34075450159145	-0.0722249066678547	0.196940357731705	27.3009357416149	7	5	131.556772893956
GM2A	-0.324429525480166	0.242744897673983	0.181384595628891	0.480522486546596	NO	0.112553159861381	0.0839882330385598	-0.0285649268228213	0.209596860067467	66.2049947335036	7	5	59.8365070508684
MLX	0.145159260954253	0.108631557737259	0.181466544799207	0.480522486546596	NO	0.243207641974482	0.270909295253852	0.02770165327937	0.193866810555679	148.857961726519	7	5	434.176995244256
DNAJB12	0.119102937160501	0.0892352545183739	0.181972194461523	0.48112827439523	NO	0.201078765300075	0.220894246898391	0.0198154815983161	0.200735987947801	286.651203116789	7	5	213.945770962929
TRIM45	0.914173573182543	0.685055309335903	0.182055698266156	0.48112827439523	NO	0.480698777826071	0.697818308357699	0.217119530531627	0.194434257650887	2.53052534631456	7	4	20.4731422144114
FOXK1	-0.225158857618798	0.168766430196778	0.182156401431295	0.48112827439523	NO	0.491546583615815	0.435615509291888	-0.0559310743239263	0.199119144502756	58.6103998133263	7	5	370.633872059449
CPNE3	-0.158416457602509	0.118765764934718	0.182250972705919	0.48112827439523	NO	0.40770263235896	0.370076833886935	-0.0376257984720251	0.197875095346737	104.143259888775	7	5	826.007503933526
POU2F2	-0.180760329120867	0.135524111077906	0.18227359626127	0.48112827439523	NO	0.26554687630282	0.2318142576811	-0.0337326186217199	0.195475751687647	102.583409514369	7	5	250.211774809382
RRP1	-0.244585245023899	0.183678742188375	0.182994113761801	0.482723851140832	NO	0.117829244469754	0.0946843973681856	-0.0231448471015681	0.200678226167739	118.686988705711	7	5	138.197561312791
FAM184B	-0.564111791150306	0.423880879108897	0.183246195962422	0.482799219978601	NO	0.215268609166912	0.134986927422003	-0.0802816817449092	0.211928299277954	10.2099331855204	7	5	63.609068812055
ABCE1	-0.149107239544816	0.11205021042784	0.183281795608189	0.482799219978601	NO	0.341342894956039	0.308653302285115	-0.032689592670924	0.195291212927187	128.785507374026	7	5	787.605758906102
SLC10A7	-0.323412921467927	0.243085811349629	0.183370857588026	0.482799219978601	NO	0.353326772717558	0.283358933659617	-0.0699678390579414	0.198123040623918	25.0086337269227	7	5	63.656370576499
VPS50	-0.207937065786378	0.156576340038035	0.184170329585251	0.484428501757089	NO	0.0688484540441701	0.0566550260853505	-0.0121934279588196	0.20056374128849	238.11585398255	7	5	244.471258883116
MEIS2	-0.197927453970637	0.149089946386746	0.184319948302446	0.484428501757089	NO	0.240477074542371	0.206198652762417	-0.0342784217799537	0.190765931209193	74.311100055675	7	5	144.243977020183
INSIG2	-0.171633335393963	0.129289375046718	0.184339018817661	0.484428501757089	NO	0.294572602466576	0.26020339213467	-0.0343692103319051	0.200572976333524	101.750350569653	7	5	878.33006889994
RANBP3	-0.185454238487417	0.139749030785608	0.184491463718522	0.484523036028441	NO	0.293966187103356	0.256993764017452	-0.0369724230859034	0.20128157857958	79.219905713258	7	5	93.0488220474134
SEMA4B	-0.171610879590895	0.12943082151374	0.184876525744517	0.484782591769886	NO	0.235387508581158	0.205911752138243	-0.0294757564429153	0.198703914152722	100.478740537005	7	5	140.613629535164
TRERF1	0.353146003252134	0.266353485695539	0.18488785227353	0.484782591769886	NO	0.317092027724263	0.397948098245171	0.0808560705209072	0.207630031656266	20.3795726647186	7	5	114.908370446523
SLC25A4	0.0384780156914719	0.0290318041552869	0.185046938668851	0.484782591769886	NO	0.055514325286648	0.0575666711758941	0.0020523458892461	0.204531383768159	8739.32134857331	7	5	2364.25970991068
FAM131A	0.096718756249654	0.0729762334803545	0.185056431666005	0.484782591769886	NO	0.0544593690964713	0.0596598054160514	0.00520043631958013	0.198211219250393	1027.80625192714	7	5	258.437857539058
FYTTD1	-0.0492341517442367	0.037168658889362	0.185298979568968	0.485027929686835	NO	0.0524483326987526	0.0500547439896765	-0.00239358870907611	0.198435496354655	5365.64441540778	7	5	1860.08342959221
FAM169A	-0.143070859892151	0.108030128803632	0.18538327120242	0.485027929686835	NO	0.302282753998488	0.272986651901422	-0.029296102097066	0.198546613230857	132.654842626682	7	5	941.733090725691
ZNF148	-0.127642766956116	0.0964296710923012	0.185606794018193	0.48507742517714	NO	0.16960609951616	0.152378808355088	-0.0172272911610716	0.20248840874851	258.44034705643	7	5	838.884402510224
ZSCAN25	-0.180040477943275	0.136067288047911	0.185778057462031	0.48507742517714	NO	0.239524840146142	0.20827961539224	-0.031245224753902	0.203923068523583	89.9961656134995	7	5	136.25633544876
TK2	0.278489027349907	0.210506724774794	0.185853339756883	0.48507742517714	NO	0.416712454888488	0.485555313904759	0.0688428590162705	0.200823228432788	34.9310394900867	7	5	129.132690260533
NTNG1	-0.200992196220719	0.151933014166918	0.185868609551048	0.48507742517714	NO	0.063351593572758	0.052421145200508	-0.01093044837225	0.191073307907041	316.56542169075	7	5	94.5813640959358
RAB5B	-0.225134116782618	0.170341453810746	0.186280160087641	0.485806413909844	NO	0.212883750034025	0.177589665051472	-0.0352940849825535	0.204958034761831	60.7403487875148	7	5	1881.30813802157
ST3GAL2	0.213827689208087	0.161823998297827	0.186381499182719	0.485806413909844	NO	0.198184871149924	0.234360645792505	0.036175774642581	0.201522742034993	65.2451337860968	7	5	221.349931869107
EPN1	0.0564091695059434	0.0427078055096989	0.18656259330677	0.485973943742118	NO	0.0431662730076257	0.0455571150149515	0.00239084200732586	0.200448654419262	4626.75393549439	7	5	213.493665667633
SECISBP2	-0.229939624973031	0.17413767728754	0.186685721783713	0.485990364593394	NO	0.409473330929316	0.355240432721121	-0.0542328982081952	0.196419517203547	48.5775949580206	7	5	112.447283097762
RBL2	-0.163856370353005	0.124155067157139	0.186911182159473	0.486272994236028	NO	0.36206460312125	0.325135319912715	-0.0369292832085347	0.202238627124566	96.5977691315908	7	5	197.894249456167
EPN2	-0.184266989935868	0.139783262044957	0.187425467672152	0.487037635710406	NO	0.186892339867638	0.160488513549646	-0.0264038263179915	0.202104189432842	106.395828730939	7	5	292.172333469319
NCAPD3	-0.34624292637042	0.262804402098946	0.18767346895508	0.487037635710406	NO	0.581066777153874	0.495227950952598	-0.085838826201276	0.202195133352315	20.6752396745611	7	5	268.149501480706
GABRG1	-0.315129686399017	0.239228085741783	0.187745747999102	0.487037635710406	NO	0.309750242053668	0.246676519370418	-0.0630737226832499	0.2010359042109	27.5085139157484	7	5	125.454153637272
LTN1	-0.196374144888542	0.149084975638231	0.187772908924045	0.487037635710406	NO	0.254220414293398	0.218812059461717	-0.0354083548316814	0.202422818316232	75.7766031597053	7	5	349.678270466657
PDP1	-0.203045010094952	0.154208260173634	0.187941391377431	0.487037635710406	NO	0.238523944677106	0.203617877608174	-0.0349060670689315	0.204561273326243	70.1976596563597	7	5	1908.6391171366
ARFGEF3	-0.120194799015737	0.0913035965261246	0.188029738777789	0.487037635710406	NO	0.324569396346161	0.298794311908384	-0.0257750844377768	0.203205755471257	196.693119320027	7	5	945.974266466623
MARCHF1	-0.234913202426849	0.178456256235332	0.188052254392717	0.487037635710406	NO	0.281550976005322	0.236548842967501	-0.0450021330378212	0.203515249771129	49.944047921692	7	5	761.746434488895
GOLGA7B	0.234088009543602	0.177865402867616	0.188141702064092	0.487037635710406	NO	0.134205965066719	0.163805243858481	0.0295992787917624	0.205036260115229	69.7198477438665	7	5	400.771371295758
TDRP	-0.121886832711039	0.0926483411480479	0.188313135898811	0.487178262026775	NO	0.185540772652736	0.167822827042771	-0.0177179456099651	0.208797260674221	238.870391570384	7	5	363.016466347757
ATXN7L1	-0.355673166639577	0.270548225674514	0.188631358597555	0.487698229810957	NO	0.362266533207937	0.284710724576921	-0.0775558086310157	0.210905010523248	20.5461577651714	7	5	84.032092254375
SH3PXD2B	-0.237901957868733	0.181174969531719	0.189147198274984	0.488728164486915	NO	0.243199475866098	0.202116283864258	-0.0410831920018399	0.206970807497126	48.752454845941	7	5	296.927327203136
RAB8A	0.0870508497013254	0.0663135587081634	0.189278764921969	0.488764532635251	NO	0.0639654833393175	0.0693796449712946	0.00541416163197717	0.208848112780643	1475.2480177782	7	5	448.553213680386
KAT6B	-0.234061487269216	0.178495165613705	0.189754959053725	0.489690216912838	NO	0.109604892695204	0.0887620571563142	-0.0208428355388902	0.207163266566998	78.6552346079716	7	5	314.68650340204
SEL1L3	0.63280781160911	0.482736944761348	0.189899984979596	0.489760655620038	NO	0.331021288223904	0.482316943252969	0.151295655029065	0.20185469951101	5.3450530414057	7	5	121.078075264227
BCDIN3D	0.218137213921255	0.166518170163574	0.190199063763155	0.490228070170213	NO	0.0908876645088562	0.110592113421118	0.0197044489122621	0.211567433423134	135.000092969882	7	5	181.446398307785
INTS2	-0.527372181310816	0.402863771377998	0.190514588319121	0.490573658174346	NO	0.439989341274162	0.316786902734094	-0.123202438540068	0.203002788514856	8.74236918106881	7	5	102.029108409668
SZRD1	-0.220652107720733	0.168578570973005	0.190568997983111	0.490573658174346	NO	0.264697183962077	0.224027538785639	-0.0406696451764383	0.201867732289702	70.4213315345165	7	5	227.396500485652
DCUN1D3	-0.687305549459955	0.525360210650291	0.190786557089587	0.490829979896527	NO	0.273393027532135	0.159121268958395	-0.11427175857374	0.210510319311733	4.65172688774563	7	5	199.340463784333
MOCS1	0.319345549626277	0.244299743001829	0.191149068508263	0.491458668105299	NO	0.0893708139760508	0.118993507676108	0.0296226937000574	0.20435583975096	58.8555300201649	7	5	66.5578659129963
RNF38	-0.249415143575012	0.1911176025693	0.191880960226055	0.49303569767782	NO	0.333809127585797	0.280815105818294	-0.0529940217675033	0.204788324822521	41.307879479051	7	5	652.973397010632
MXD4	0.165619784113408	0.126985941297005	0.192152731734202	0.493429237045852	NO	0.262787316772463	0.296105719817286	0.0333184030448232	0.208430461998779	117.010947131081	7	5	192.408346310217
HCFC1	0.350239349300134	0.268841338564349	0.192652128742882	0.494406450074268	NO	0.382520644100387	0.467888343296917	0.0853676991965296	0.208461551433171	23.2529696084192	7	5	179.822834013772
VASH2	-0.111461575377023	0.0856369676808818	0.193067145830411	0.494874808299919	NO	0.360541067402177	0.335262569220191	-0.0252784981819859	0.207068549824502	204.011368573864	7	5	433.50522524877
LPIN2	-0.331210620826174	0.254482020196077	0.193084311177565	0.494874808299919	NO	0.523132339120947	0.440627650410997	-0.0825046887099503	0.207629668620515	22.5302873730039	7	5	204.69184916888
DCTN4	-0.199715901261705	0.153486456290876	0.193191511701699	0.494874808299919	NO	0.350192445962649	0.306207637474166	-0.0439848084884836	0.207874549420649	63.358560599529	7	5	1064.13513843248
MFSD14B	-0.146020394207045	0.112263472398153	0.193363310676671	0.494977319237693	NO	0.326342434345632	0.295088891198123	-0.0312535431475091	0.210431236934923	122.496328417372	7	5	240.347575102638
ACOT13	0.11230249552721	0.0863669475420804	0.193499938714943	0.494977319237693	NO	0.0879389126986701	0.0973728559684697	0.0094339432697996	0.218463454996884	634.524635712407	7	5	222.126642641653
ZNF496	0.263739746931991	0.202871044085554	0.193588485192242	0.494977319237693	NO	0.0860163554642574	0.109141979057377	0.0231256235931196	0.208130408589102	93.1424834254375	7	5	222.13021037021
LAMC1	0.387086705391678	0.298253893876979	0.19434131668933	0.496596976306888	NO	0.306335863566152	0.394074015798729	0.0877381522325767	0.215857263357031	16.1173789649084	7	5	120.341270853615
ERCC4	-0.370773385288366	0.286942593881144	0.196304584710527	0.501005413487425	NO	0.539047853315821	0.446638174113459	-0.0924096792023615	0.21144751188137	18.6568569349973	7	5	108.828436348761
ELAC2	0.1244151080354	0.096342758841508	0.196571956229617	0.501005413487425	NO	0.17870603521659	0.197701280461798	0.0189952452452079	0.216306087388796	244.616534004165	7	5	295.433933276744
SDC3	-0.0531005956109846	0.0411195578252876	0.196575136573832	0.501005413487425	NO	0.331698218715325	0.320034151680094	-0.0116640670352314	0.210228018759449	896.621231305102	7	5	1845.20876453151
RNF166	0.2384502613086	0.18466674336665	0.196618262005224	0.501005413487425	NO	0.291545402612808	0.343115751192154	0.0515703485793463	0.215898991400028	48.3088741927846	7	5	63.7328722490538
PTEN	-0.0643838891205519	0.0498674363349771	0.19666871159254	0.501005413487425	NO	0.0862721127785532	0.081330128731766	-0.00494198404678728	0.21016742674742	1878.78426865281	7	5	2739.46034433111
LAPTM4B	-0.118766636418515	0.0920402079602816	0.196919533702234	0.501337368544244	NO	0.394772168524272	0.366778352233875	-0.0279938162903979	0.212008335348072	178.461577524872	7	5	2021.70556160174
TRIM52	-0.160454566153715	0.124389156556562	0.197071442198228	0.501417247427907	NO	0.275443535324338	0.24459844427424	-0.0308450910500978	0.210746879614885	109.362069830006	7	5	228.176592231013
COX7B	0.0658955608657985	0.0511074656770634	0.197275415787131	0.501629419116421	NO	0.0984084176108893	0.104411640373352	0.0060032227624624	0.217794931398165	1852.65905054041	7	5	1853.38733307181
DMXL2	0.102867402356795	0.079822302846666	0.197500656740754	0.501895376934353	NO	0.312679215158418	0.335200657743757	0.0225214425853396	0.214118573848297	235.055220992329	7	5	512.028551063082
VCL	-0.327027043021155	0.25404880650134	0.198003438619324	0.502865875858601	NO	0.409005625698373	0.332898486412516	-0.076107139285857	0.213362395553626	22.5874593249271	7	5	345.057251836463
SKIDA1	0.346867959586392	0.269610778716656	0.198250906181469	0.502965264721475	NO	0.258428734444407	0.330199400336464	0.0717706658920566	0.20992269538517	22.3322060080861	7	5	39.2536220453693
LRRC28	0.284385214034634	0.221061178077343	0.198284383207504	0.502965264721475	NO	0.299296148231948	0.362098739209719	0.0628025909777708	0.212334842806588	31.9750114522858	7	5	111.190448499338
RBBP5	-0.227568181619238	0.177013084959351	0.198582381930229	0.503414204040069	NO	0.34542979534111	0.295929425494341	-0.0495003698467696	0.212284873647953	48.1437523931215	7	5	349.334724932127
KCMF1	0.115928737646279	0.09028623981584	0.199137282793362	0.504180626438949	NO	0.0740154461288222	0.0823637986620623	0.00834835253324015	0.21039554270402	547.121174412293	7	5	771.188835417515
AGPAT5	-0.15159168157764	0.118072865629321	0.199183084129714	0.504180626438949	NO	0.201274723917793	0.178002761256327	-0.0232719626614659	0.214209209476341	142.759271846636	7	5	910.20174578136
NCBP2	-0.072286891588226	0.0563115295717062	0.199248305256161	0.504180626438949	NO	0.38023041343383	0.363349132774604	-0.0168812806592267	0.214713332981009	487.327386244891	7	5	1330.98507123059
SYNM	-0.204723877748499	0.159598900422494	0.199583215715624	0.504721080472338	NO	0.301079140976578	0.259823092419112	-0.0412560485574663	0.215849002317734	60.479510674358	7	5	260.101147600496
TENT5A	-0.291807696170451	0.227696045225279	0.199994646460675	0.505161742374035	NO	0.354699722822143	0.291057852978568	-0.0636418698435754	0.217701630985467	31.7778713149699	7	5	251.075336149499
ACACA	0.213132403544366	0.16630822165715	0.200000334060105	0.505161742374035	NO	0.410932306001854	0.463320956103526	0.0523886501016716	0.214261265353947	52.2250268288775	7	5	380.579905819865
FBXO25	-0.138697048932493	0.108261131510085	0.200146497982184	0.505224169663765	NO	0.268210150024416	0.241876393543574	-0.0263337564808419	0.211141568157592	179.431006368455	7	5	312.968315987147
RTCA	-0.0898512690996782	0.0701589943798039	0.200305846176656	0.505319781743415	NO	0.154901834784848	0.143500837411744	-0.0114009973731048	0.216976532736187	595.916525019509	7	5	546.486135825536
TIGD1	0.049176349384073	0.0384141280982595	0.200487779787146	0.505472220554259	NO	0.0469751115236844	0.0492263603860608	0.00225124886237642	0.214041366577236	5561.98869559096	7	5	304.939585687201
LIG3	0.220030502759748	0.172142076307342	0.201181986119599	0.506915240616312	NO	0.276607354703497	0.322714986259955	0.046107631556458	0.223475498692687	56.6171314243222	7	5	147.204540642936
AR	-0.897545499394844	0.702471218758241	0.201356217856727	0.507047134554471	NO	0.426876614732108	0.232874360418908	-0.1940022543132	0.230254094878328	1.70491061149675	7	5	22.9714404174846
ZNF214	-0.246371406201401	0.193172837648728	0.202169952980321	0.508788266423554	NO	0.0936710316862312	0.0747451583712585	-0.0189258733149726	0.206876156343639	139.363348737193	7	5	72.0525097188605
TMED2	0.0500413163845386	0.0392970452446464	0.202871995039636	0.510012768003663	NO	0.0449078258703475	0.0471037030308325	0.00219587716048499	0.216723382458765	5316.68521690547	7	5	2721.69465380814
KIN	0.250730726131391	0.196946802027217	0.202986607994835	0.510012768003663	NO	0.20472315175047	0.2485611436543	0.0438379919038299	0.235238517598708	77.9895238078123	7	5	137.763242553557
DNAJC16	-0.197341536209384	0.155022997656965	0.203024313416843	0.510012768003663	NO	0.399052989675513	0.352799990457452	-0.0462529992180609	0.219445748343883	67.4505635085412	7	5	398.808788830322
EXTL3	-0.298543542894089	0.234655872045401	0.203280357395299	0.510347789236236	NO	0.329151260128912	0.26686834947241	-0.062282910656502	0.220218718508956	28.5746904268674	7	5	361.283747501608
LSM14A	-0.125434632023512	0.0986548263191777	0.203568773501354	0.510657312848241	NO	0.256178051725775	0.233015144973456	-0.0231629067523193	0.221057529022291	191.086175321731	7	5	545.902652751737
ZNF74	-0.174088963232627	0.136945993717196	0.203649154330585	0.510657312848241	NO	0.139007929386284	0.119450584580846	-0.0195573448054384	0.216806109895055	154.300591013156	7	5	203.370879860724
GTPBP3	-0.212528229516544	0.167233777332165	0.203783754096625	0.510686998218047	NO	0.370976742976833	0.322882336211795	-0.0480944067650378	0.220163853343769	54.3743600587107	7	5	139.922418261747
SEMA4F	-0.231239349169034	0.182010651577786	0.203916721385411	0.510712559279536	NO	0.305235236559281	0.258509497132785	-0.0467257394264957	0.22027271420227	46.2855433425095	7	5	744.531917392498
FBXO32	0.826630045523636	0.650903748450174	0.204094324871735	0.510849814360059	NO	0.590262523699391	0.767041536679696	0.176779012980305	0.208573553833356	2.35746420642888	7	5	26.0077705851226
SERPINB9	-0.12897340703716	0.101611022049588	0.204339220550396	0.511155236013017	NO	0.232558169597542	0.210336926707966	-0.0222212428895763	0.218241957043007	173.001822849956	7	5	539.744649782219
TRIM36	-0.148081650337037	0.116705974276246	0.204496784622882	0.511241961557205	NO	0.241618195892215	0.215529727509898	-0.0260884683823164	0.220651528762662	131.697740600853	7	5	1091.75041826784
MRPS23	0.134232796975015	0.105846043312231	0.204730433443305	0.511518680555044	NO	0.211169234078313	0.234394911128227	0.0232256770499137	0.229961539845547	295.683844382157	7	5	530.49765250167
CDK6	-0.565500500769273	0.446244366019412	0.205068052995867	0.511546228314129	NO	0.498156632564921	0.360573928269544	-0.137582704295377	0.218769346409584	7.14126599870472	7	5	92.4068913269648
SPTLC2	0.421953084360143	0.333011652070871	0.205125955739434	0.511546228314129	NO	0.36360424469564	0.465604035781886	0.101999791086246	0.219814203983283	15.1256772277029	7	5	446.348954397165
ACOT9	-0.389409083681131	0.307418371953574	0.205259983037316	0.511546228314129	NO	0.220199630053244	0.160580866188316	-0.0596187638649281	0.23417100829915	25.2817917058354	7	5	81.0563527142899
AGFG1	0.102702303653379	0.0810819703002823	0.205281233464783	0.511546228314129	NO	0.150434719341853	0.164036875579799	0.0136021562379459	0.219302877615618	426.652004649932	7	5	713.318966293412
PRUNE1	-0.158299233842156	0.125042812835574	0.20552730457677	0.511546228314129	NO	0.280970228647495	0.250123584206144	-0.0308466444413513	0.21807117184082	110.25148185041	7	5	416.780690966559
CHRNA7	0.925763466909231	0.73130537522895	0.205546931646476	0.511546228314129	NO	0.477880651764472	0.697881140396783	0.220000488632311	0.236544851399045	1.94339177545908	6	5	13.2116784104356
KDM2A	0.151521011097259	0.119708385065255	0.205602234072409	0.511546228314129	NO	0.408053606820815	0.44509813000208	0.0370445231812652	0.220285913446015	109.462561684101	7	5	300.434870075728
SERTAD4	0.168831146183394	0.133538811591614	0.206127671510091	0.512546989528976	NO	0.0838480335002993	0.0977617634578833	0.013913729957584	0.221673547419716	218.06273735504	7	5	295.549463085344
HLTF	-0.13239544897661	0.104890338991142	0.206867009298604	0.514078111518634	NO	0.440179800368231	0.407857895657003	-0.0323219047112273	0.220107822471601	134.12493295021	7	5	620.739613502403
MYO5A	0.109130097678278	0.0865255227406113	0.207219696320933	0.514574929835661	NO	0.311512134331737	0.335384887638333	0.0238727533065953	0.221018351100989	235.392208069303	7	5	384.167530226324
SIK2	0.298333810084481	0.236587950548081	0.207314322693406	0.514574929835661	NO	0.332953438953951	0.402147920369895	0.0691944814159445	0.219206400439728	26.7511689428174	7	5	173.864111977641
FRMD5	0.191031446631632	0.151641531654742	0.207757117815667	0.515066187259032	NO	0.222429887694383	0.25720810198166	0.0347782142872773	0.223955643391437	74.4045141787821	7	5	234.916231713661
ZNF395	0.454222585217754	0.36056590090619	0.207759870726119	0.515066187259032	NO	0.434948804168256	0.547985502699851	0.113036698531595	0.221994929320945	12.0265806718896	7	5	74.6648954727792
PKD2	0.407854366173193	0.324207212488176	0.208389867872744	0.516144436884095	NO	0.246493020445633	0.329698229157123	0.0832052087114908	0.220806421073642	13.7963904716035	7	5	140.515150492801
UBE2H	-0.114566308074343	0.0910804441649433	0.208442945664731	0.516144436884095	NO	0.318000231485222	0.293687081288502	-0.0243131501967204	0.224233857074915	186.862791880203	7	5	1670.47759432427
SIRT5	0.260544054328628	0.207279448441981	0.208764488476059	0.51663311841785	NO	0.321425323584316	0.380674751110744	0.059249427526428	0.224376322677005	37.4969420277375	7	5	88.4000744444045
HS2ST1	-0.125431948329422	0.0999368029625531	0.209437859002132	0.51790907038002	NO	0.258856242032702	0.235528341108272	-0.0233279009244303	0.218317418600471	161.368653806533	7	5	498.077205197421
CRPPA	-0.525193207170758	0.418526864212395	0.20952907823307	0.51790907038002	NO	0.334702525945688	0.229314611801804	-0.105387914143884	0.22989839405456	8.48762921146677	7	5	36.1240623876113
GPR12	0.624696009581115	0.498363768639261	0.210025969781309	0.518579242600679	NO	0.207447652626928	0.328344209352685	0.120896556725757	0.217070486299752	5.20698286781357	7	5	121.012821398557
SMIM10L1	0.0531271335754565	0.0423854260174975	0.210049524947631	0.518579242600679	NO	0.0869556880152634	0.0912672836952567	0.00431159567999335	0.227691455801102	2723.95448974412	7	5	1038.4838088831
PXMP4	0.688165873698775	0.549569526756447	0.210500368535424	0.519213433878239	NO	0.17191445778364	0.29235917196474	0.1204447141811	0.229964644079395	4.42659111571736	7	5	104.236410384402
SLITRK3	-0.117923839022382	0.0942012586409388	0.210632290331143	0.519213433878239	NO	0.103714672297068	0.0932536921674465	-0.0104609801296214	0.227428433749614	302.697403289719	7	5	397.328222886818
SLC35E3	-0.112810977024492	0.0901265330448148	0.210680835669824	0.519213433878239	NO	0.127612945148653	0.115572515172971	-0.0120404299756815	0.223259334500828	398.319290860025	7	5	327.886914077778
SFT2D2	-0.216102373329794	0.172794531315639	0.211068763649425	0.519861490101604	NO	0.240887525699774	0.203603581283234	-0.0372839444165406	0.222696806929969	54.8768250044443	7	5	414.668845335317
LARP4	-0.0857233913158644	0.0685923084941956	0.211390066939509	0.520344780158792	NO	0.337787301527597	0.318886486614735	-0.0189008149128614	0.224150247690745	327.490318934502	7	5	410.812394380944
RPS6KA3	-0.173369735919936	0.138879108924789	0.211902910272741	0.521298702977294	NO	0.140320439430824	0.120680602286809	-0.0196398371440155	0.231270524791491	144.175677261308	7	5	1096.27282727154
FAF2	-0.0885510480101777	0.0709590667665547	0.212061339312	0.521380125022411	NO	0.370663598776717	0.350254191229681	-0.0204094075470355	0.226485533249918	300.744234064781	7	5	837.147310078812
SELENOI	-0.164841298078033	0.132200185926272	0.212431708373137	0.521982224945216	NO	0.360106200020654	0.323060009421239	-0.0370461905994148	0.22610553231396	85.4187749874882	7	5	732.008885303284
SCRT1	0.546950827691735	0.438851440953422	0.212645684013051	0.522199554601116	NO	0.328427724389448	0.458010624124692	0.129582899735244	0.222327062959382	6.76911652181888	7	5	25.9203074417984
EDC3	-0.262195034645224	0.210608419325156	0.213153476037058	0.52313773469862	NO	0.24647208902795	0.201055203852407	-0.045416885175543	0.231972421775019	41.6712595164301	7	5	307.087922553698
HIPK1	-0.169727468414536	0.13642069361098	0.213445272307853	0.523545007547565	NO	0.486547748691727	0.444344221710397	-0.0422035269813303	0.227766419910403	79.4477753532869	7	5	411.85744546773
SAMD9	0.424066389297722	0.340960493471869	0.213595069298936	0.523603705529508	NO	0.124699298950338	0.178785751539729	0.054086452589391	0.237225619262499	22.4100314721733	7	5	53.7323334188217
BDNF	0.106704786304465	0.0858174142821373	0.213722987972893	0.523608733785179	NO	0.135353220624171	0.148333932311141	0.0129807116869698	0.227799222230557	394.197014018824	7	5	492.773756707692
OSBPL2	-0.258782571877959	0.208438000703984	0.214409064826274	0.524980405931312	NO	0.218778095239939	0.177762066636502	-0.0410160286034373	0.23282054125971	43.7657159978589	7	5	354.004830241761
RABEP1	-0.104084354550892	0.0839814861231788	0.215207536045237	0.526625499969522	NO	0.277735756369456	0.257346669633407	-0.020389086736049	0.228620237517444	230.924347133709	7	5	1574.18604883379
ZNF502	-0.156203392209995	0.126145322863429	0.215611781517285	0.527117158859048	NO	0.0820147724087626	0.0709962769279039	-0.0110184954808587	0.23929552708072	194.870153529671	7	5	166.464611589355
SPRED2	-0.230387322479879	0.186074417214935	0.215661876052428	0.527117158859048	NO	0.482310852952659	0.425270647922476	-0.0570402050301831	0.229529688894518	42.0050546048765	7	5	762.038615155246
LSM4	0.0782056099331927	0.0632281008106857	0.216131421152927	0.527670205765115	NO	0.0551532858785971	0.0593733531916023	0.00422006731300524	0.229333478592073	1606.36691454846	7	5	809.096434881086
SULF1	-0.629540429405985	0.509029984221907	0.216181663379203	0.527670205765115	NO	0.357619328457242	0.228773016962723	-0.12884631149452	0.245360379088761	5.04535507764855	7	5	40.182649563947
NDUFA9	0.0701655384294448	0.0567574473098141	0.216371253438388	0.527670205765115	NO	0.066682878181257	0.0711847474083679	0.00450186922711089	0.23454853267049	1932.36389281229	7	5	855.732179313783
VWA1	0.241568581185198	0.195417018747148	0.216395521883482	0.527670205765115	NO	0.0762423696714105	0.0950941191130204	0.0188517494416099	0.225654883938979	117.032850110353	7	5	213.770314733135
PDE4D	-0.213731712636183	0.172983531917457	0.216621773991167	0.527912466199914	NO	0.0989535921980599	0.0814626824448342	-0.0174909097532256	0.231364342382632	119.699315096394	7	5	395.8514629193
IRF5	-0.380175415737575	0.307977491992867	0.217044215015396	0.528632280131175	NO	0.362765604582936	0.280182594402137	-0.0825830101807988	0.231518758887516	21.3021771005921	6	4	32.821186335452
MEF2D	0.25335056309783	0.205410970548163	0.217432606723291	0.529268369788702	NO	0.26873520345279	0.32132298216999	0.0525877787171996	0.228485221901377	39.8809697312419	7	5	194.546292300953
TCEANC	0.738032031837291	0.599621923681387	0.2183868397986	0.530366010372087	NO	0.206915306378609	0.353066193624868	0.146150887246258	0.236545106476907	3.24211563652717	7	5	46.0694075368168
HSPA5	-0.0436696298861377	0.0354825360205233	0.218421667195807	0.530366010372087	NO	0.0586726181018223	0.0563067114015408	-0.00236590670028152	0.23413574157482	5603.02414771516	7	5	2415.98313432354
DDX3X	-0.19492296258934	0.158389296229587	0.218451019912382	0.530366010372087	NO	0.355036221479377	0.311761426737868	-0.0432747947415086	0.231932920798299	59.217746092501	7	5	1884.09988244198
PLCXD2	-0.121485760160614	0.0987336217149103	0.218532523819568	0.530366010372087	NO	0.39581093149993	0.367156194134788	-0.0286547373651415	0.233257044278436	163.537502379871	7	5	584.034584456796
PDE3B	-0.627479533640451	0.510067022904345	0.21862582958163	0.530366010372087	NO	0.370427888483274	0.239056144121314	-0.131371744361959	0.252071501930483	5.27125246385299	7	5	89.8718598975399
GRAMD1B	0.363487513754256	0.295487111962985	0.218648487449069	0.530366010372087	NO	0.359901129573293	0.44712202281134	0.0872208932380472	0.231140835241781	16.9782182147003	7	5	200.19402169588
RBM24	0.62826707396909	0.511040134158585	0.218926025898686	0.530729759754389	NO	0.281961353396406	0.423972623536899	0.142011270140493	0.231965478337388	4.83757335351937	7	5	51.2323578028776
SERTAD2	0.364758294573529	0.296824936776887	0.219121770750465	0.530768769964778	NO	0.211198429074398	0.278290255911172	0.0670918268367743	0.231917241305185	17.3077768003689	7	5	96.4772735539393
INCENP	0.392150070438143	0.319167512812617	0.219197294903723	0.530768769964778	NO	0.930490089820329	0.951955570247476	0.0214654804271469	0.227017919282779	49.4023255087613	7	5	129.868149940986
SLITRK5	0.050018077712943	0.0407938868600879	0.220154653625635	0.532525936685571	NO	0.0819627095329636	0.0858058679934025	0.00384315846043888	0.233313360884924	1971.66505869168	7	5	831.254458351102
NDRG1	-0.147215460683514	0.120084262903787	0.220223262325269	0.532525936685571	NO	0.598153182533396	0.56231444281406	-0.0358387397193364	0.235898171845125	108.353013185285	7	5	176.266130838107
ERGIC2	-0.1031161807163	0.084127564516393	0.22030700409516	0.532525936685571	NO	0.194593624829916	0.178939397402042	-0.0156542274278742	0.228244593645892	328.487296935154	7	5	579.729522294286
RAB6B	-0.116420800823166	0.0950346291924375	0.22056182013356	0.53283227163508	NO	0.399361828674139	0.371789921008938	-0.0275719076652008	0.233207275397458	166.094407754449	7	5	1751.36926332893
PAWR	0.27116036385487	0.221440025285428	0.220751658825617	0.532981370118727	NO	0.154104063203084	0.192848282653565	0.0387442194504805	0.226418649655747	40.4879391397441	7	5	116.096055955461
SHROOM2	-0.284221821689811	0.232257839308832	0.221052577828785	0.533398331651825	NO	0.310854314602749	0.253439758909258	-0.0574145556934909	0.235918207617458	28.4049524250131	7	5	317.930545988742
H3-3A	0.0547493098872226	0.0447653513613216	0.221318853072738	0.5335016729109	NO	0.0435731210776483	0.0459126496718712	0.00233952859422291	0.233107324332785	3874.29589126159	7	5	176.379083531708
AHCYL2	-0.319393795946182	0.261168557539172	0.221351896020243	0.5335016729109	NO	0.509758088932376	0.430366381544026	-0.0793917073883505	0.235036796424792	20.4784698222053	7	5	489.435277974999
KDM4A	0.177994676583521	0.145795668934048	0.222142729838755	0.534752159912143	NO	0.279302426131662	0.316494300868338	0.0371918747366755	0.236603386615678	83.6446937002857	7	5	122.545671013356
IFRD1	-0.076254087904497	0.0624716322642908	0.222230147761067	0.534752159912143	NO	0.0552208740539016	0.0513748864918375	-0.00384598756206413	0.231369886938628	1890.1764415194	7	5	772.126562740489
CTIF	0.141858478600516	0.116232216401175	0.222284977471013	0.534752159912143	NO	0.294097605309977	0.324381824414383	0.030284219104406	0.235392560047871	110.924844203157	7	5	474.031006009302
RRM2B	-0.22577427495789	0.185028886089309	0.222384912655771	0.534752159912143	NO	0.238521341779822	0.199954680631252	-0.0385666611485704	0.236094022854523	48.3394432728238	7	5	679.57835558863
NIPSNAP2	-0.107087018780225	0.0878293451453278	0.222744612070716	0.535307675455908	NO	0.287731485526257	0.266292663392275	-0.0214388221339821	0.232779559756691	214.06982195987	7	5	736.910558027703
POP1	0.618564266118913	0.507497591411539	0.222900511542165	0.535373053126678	NO	0.244168379752654	0.374866259068	0.130697879315345	0.231517437766047	4.92355216967972	7	5	54.1950928334434
NUP98	-0.367093030495358	0.301641775477299	0.223610535594076	0.536768510139272	NO	0.380332250926243	0.298336633813503	-0.0819956171127402	0.233465879853489	15.7618498021117	7	5	103.924020981696
CACNG2	-0.0991166018323402	0.0814731641463786	0.223773495229806	0.536849907817759	NO	0.162404205481414	0.149368333609395	-0.0130358718720194	0.236450442027645	477.821272638508	7	5	489.035376191676
SPRED1	0.111639113560333	0.0918930253890339	0.224411385983947	0.538057415850149	NO	0.176495304431452	0.193311321133849	0.0168160167023971	0.238898022767572	221.006442151196	7	5	687.411253252686
MAN2A1	-0.197768900458423	0.162860705074719	0.224616436085571	0.538057415850149	NO	0.349971711145527	0.306415201655502	-0.0435565094900244	0.238916794672622	67.7430029205271	7	5	242.528443066852
FOXJ2	-0.368331612251069	0.303510049887079	0.224910809385321	0.538057415850149	NO	0.388273296611247	0.305146770397628	-0.0831265262136191	0.241402501068821	16.6581446431662	7	5	172.885534443061
SLIT2	-0.544954300579776	0.449121203911127	0.224984897567094	0.538057415850149	NO	0.396458125420564	0.275838416966612	-0.120619708453952	0.258475589663271	7.27123291097517	7	5	144.081301225626
ZNF429	-0.192003780598107	0.158261626378626	0.225051491213455	0.538057415850149	NO	0.157614987416944	0.133763380827092	-0.0238516065898521	0.239359126462978	92.711634760162	7	5	251.315541837723
ADPGK	-0.113212303702631	0.093339444189367	0.225164402138173	0.538057415850149	NO	0.168002472751787	0.152766842891354	-0.0152356298604329	0.240050635315178	273.483902477192	7	5	404.635308731979
DPY19L2	-0.332720589629016	0.274326604433198	0.225182202162286	0.538057415850149	NO	0.313372786658442	0.246546142637613	-0.0668266440208291	0.233965691991601	20.8100597236522	7	5	106.492296547634
ZFPM1	0.104297553392614	0.0860238879078156	0.225349553128957	0.538148186576614	NO	0.0698124653521123	0.0768968491457883	0.00708438379367607	0.243819627203514	778.84453099614	7	5	38.9769428401336
SUZ12	0.124801504802948	0.102986621979913	0.225580336922284	0.538224684727651	NO	0.298929166864516	0.32572144087232	0.026792274007804	0.240031952780308	146.102253977083	7	5	529.385478022768
GRB10	-0.126635693555272	0.10451371746924	0.225640348597362	0.538224684727651	NO	0.443915395863044	0.412916383049629	-0.0309990128134151	0.239361996451472	137.71603831427	7	5	603.764814481857
C11orf54	-0.653711757488136	0.539806681387322	0.225891239706301	0.538514359414449	NO	0.250016239690711	0.147765214090835	-0.102251025599876	0.252531817855461	4.76191358401158	7	5	92.0339900375579
STRN	0.195242275473553	0.161271159566745	0.226031127293939	0.53853922654226	NO	0.181514694485345	0.212340201476213	0.0308255069908682	0.236700929957772	68.1867072398918	7	5	177.27397058768
SUGP2	0.118868424774778	0.0982198866906716	0.22619154270298	0.538612946562333	NO	0.159005973743615	0.1755526391974	0.0165466654537848	0.248118031512319	261.861253811853	7	5	386.689517679213
ZFP30	-0.281256952450875	0.232503883289569	0.226398974874864	0.538798475674733	NO	0.216221610071477	0.172347668342953	-0.0438739417285244	0.240221028125777	30.5795103346929	7	5	246.102753381947
NRIP1	-0.0445534762202094	0.03684425980413	0.226571451937059	0.538900651834285	NO	0.0858033499114442	0.0823724064751565	-0.00343094343628768	0.237380466376419	2492.58388883903	7	5	1141.96205023918
TTC7A	0.394941492707332	0.326838015271579	0.226904691369373	0.53938486634091	NO	0.086317236065604	0.122979506487124	0.0366622704215199	0.234076012391964	26.0175566168757	7	5	42.8636237722466
BORCS5	-0.271717529742948	0.224931726349657	0.22704725497214	0.539415522949231	NO	0.255877291299726	0.207637456398138	-0.0482398349015877	0.244677859754081	46.8481782037924	7	5	176.201948105048
CYP20A1	-0.175077166754605	0.145067156691942	0.227482299391601	0.53984314515765	NO	0.19075784258137	0.165181345836978	-0.0255764967443914	0.24133992008594	121.592626280345	7	5	199.656965002363
TMEM8B	0.245663764876356	0.203562779103516	0.227501222625173	0.53984314515765	NO	0.193348961740496	0.234561556632501	0.0412125948920055	0.245771944842896	59.7104288176578	7	5	191.231151427067
SDK1	0.741204527157663	0.614331911113956	0.227616556876567	0.53984314515765	NO	0.304242843046986	0.47852073962006	0.174277896573074	0.239338098826198	2.76437237482463	7	5	77.3569548245536
SDK2	-0.367007205391511	0.30457885244437	0.228216372047089	0.54095732633384	NO	0.612584430825998	0.522779628209918	-0.08980480261608	0.251410898312737	17.6837137646942	7	5	219.629318907165
CXXC4	0.0953002633068698	0.0791365577913511	0.228492655293997	0.541303784751155	NO	0.41398469129394	0.437277980323118	0.0232932890291778	0.242059952425258	255.491533843423	7	5	752.134609982933
MAPK1IP1L	0.131257162346072	0.109057058580336	0.228758095824688	0.541624176796074	NO	0.249379571735867	0.274747610864171	0.0253680391283048	0.243216704940577	151.078205156554	7	5	1433.37313264613
EIF2S1	0.122568268940715	0.101877569433979	0.228940036538793	0.541738256340651	NO	0.234188954267992	0.256881829118147	0.0226928748501554	0.24370312562514	212.419119957775	7	5	1185.94393153473
HDAC11	0.141417325147872	0.117576717054299	0.229066729063271	0.541738256340651	NO	0.279499695121778	0.308844416537423	0.0293447214156447	0.241737978769868	114.03144874467	7	5	165.807064251253
SNX18	-0.198025790984642	0.164783276235016	0.229466308995352	0.542302121777983	NO	0.127936246875406	0.107421294971655	-0.0205149519037505	0.236664818856182	106.502740033001	7	5	122.199272341573
ZKSCAN3	0.485917954435739	0.404433535069266	0.229565874146882	0.542302121777983	NO	0.232837291957481	0.330385710377681	0.0975484184202002	0.246350224928132	9.81939908906377	7	5	101.6292850981
FBXO21	-0.0791311661777753	0.0659972390881774	0.230525138140429	0.543705673009344	NO	0.13453725393122	0.125586967447387	-0.00895028648383345	0.242342434003672	580.164232285059	7	5	1127.65853221542
IGF1R	-0.172719662473734	0.144055673860284	0.230536287616754	0.543705673009344	NO	0.231234604032017	0.20196263547808	-0.0292719685539368	0.245032196969095	78.7342133028767	7	5	556.445244892665
TMEM251	-0.0660957329661628	0.0551285736597868	0.230552117112616	0.543705673009344	NO	0.0728692735999688	0.0685280295765338	-0.00434124402343504	0.244836600134094	2262.95861203146	7	5	339.45712734258
STK39	-0.12770652704019	0.106576432371725	0.230814896313907	0.544016979414081	NO	0.385082040446585	0.355319151204039	-0.0297628892425458	0.244163695585213	129.854923663209	7	5	713.608117895372
NUDT21	-0.195796237669644	0.163451292431624	0.23096087003878	0.544052785595314	NO	0.293612943661015	0.254700618523253	-0.0389123251377625	0.243841940981939	57.1440237090831	7	5	1880.90697472188
ZHX3	0.36876963727144	0.307981338255973	0.231159813215664	0.54416164738454	NO	0.295504321421076	0.377533830405969	0.0820295089848928	0.240655234148082	15.9686018484173	7	5	167.275388778605
PLPPR4	0.168014296637258	0.140351432661475	0.23126870013843	0.54416164738454	NO	0.265061753425318	0.299053442832325	0.0339916894070066	0.244014194581294	76.6916628422898	7	5	1153.39972188814
TLE4	-0.219810391342441	0.183699148626202	0.23147101284027	0.544329798425961	NO	0.395010363857826	0.343866738476242	-0.0511436253815842	0.242928251408327	44.5390071938674	7	5	228.259600533427
SPECC1L	0.239326150420273	0.200091128859777	0.231663093052365	0.544473710224766	NO	0.410841618248841	0.469746722498723	0.0589051042498815	0.247032167847307	38.8996723996494	7	5	296.553598921888
DCX	0.0523449168743434	0.0438399606004363	0.232477933099216	0.545359710386618	NO	0.129954796437728	0.135988755470787	0.00603395903305987	0.242114600375745	2339.10138882623	7	5	2522.74761272096
TRIM2	-0.0638800463688353	0.0535052479155237	0.232516130550987	0.545359710386618	NO	0.308449803708113	0.294992883241813	-0.0134569204662996	0.245631399277465	585.525568231198	7	5	2642.48886018983
ATG12	0.0874749976576417	0.0732814358288119	0.232600959624204	0.545359710386618	NO	0.322474408163329	0.341875260985914	0.0194008528225852	0.246715645553497	315.933684643656	7	5	1013.05549268783
MTRF1	0.329780911750386	0.276499547285261	0.23298702492821	0.545359710386618	NO	0.182642037562579	0.237077733350375	0.0544356957877957	0.245391099686134	28.6133446883748	7	5	33.4424104281637
ADIPOR2	-0.246213301120777	0.206463890164867	0.233055548032175	0.545359710386618	NO	0.449570538697802	0.38968907930444	-0.0598814593933616	0.246399140613763	33.9037961473415	7	5	155.53279860693
PLXNA2	0.420257916001478	0.352453585880988	0.233113046870239	0.545359710386618	NO	0.406949792994045	0.510915433845826	0.103965640851781	0.244218128037689	11.1748947643789	7	5	146.874374119615
SPATA6	-0.512199462544233	0.429734393166801	0.233301334853998	0.545359710386618	NO	0.29787939102486	0.202681897241194	-0.0951974937836657	0.258013871275263	8.149605038644	7	5	59.5575151940529
RETREG2	0.0701482563280281	0.0588627987181714	0.23336917518635	0.545359710386618	NO	0.0534306611485893	0.0570916503767033	0.00366098922811397	0.256201145610926	2114.00318991946	7	5	1018.91726234001
CCDC152	0.176145102384732	0.147810524999796	0.233380756354466	0.545359710386618	NO	0.218762607391289	0.250349941530995	0.0315873341397054	0.265319515105096	95.5651945498934	7	5	196.328127943878
TENM1	-0.276306185991492	0.231904028553083	0.233469984668972	0.545359710386618	NO	0.447433972749201	0.380518005638127	-0.0669159671110743	0.247069788564156	29.397650375762	7	5	491.897876004449
LMBRD2	0.325975890203715	0.273598961420261	0.233482126009271	0.545359710386618	NO	0.38892130467818	0.468573273550471	0.0796519688722914	0.245254425508595	19.8393366668792	7	5	571.63093518205
CNTN3	0.705827597653685	0.592610256594826	0.233634518826839	0.545409426666471	NO	0.326625694253235	0.495585388977651	0.168959694724416	0.245162730406142	5.67248230709551	7	3	38.9438002671981
TIMM22	-0.116243362671195	0.097641020726887	0.233842980413431	0.545521159991964	NO	0.199193667599645	0.18129698033474	-0.017896687264905	0.250337319687251	246.160894868958	7	5	745.625536722081
LRRC47	-0.0791958204119624	0.0665366339485187	0.233944651304246	0.545521159991964	NO	0.0613900857131672	0.0569821347173141	-0.00440795099585315	0.249068149842999	1467.26898816258	7	5	511.694726042785
TMEM117	-0.18398530952742	0.154648212617253	0.234163483911661	0.54572554233754	NO	0.524818015565455	0.478854719638182	-0.0459632959272729	0.247323864734089	62.9097707470847	7	5	216.896434615128
MTMR2	-0.132935754265809	0.111802640998306	0.234431170129473	0.546043486975703	NO	0.162944404278187	0.145614823194281	-0.0173295810839064	0.246228747954648	231.933322420313	7	5	969.712279723254
PUS7L	-0.140245138504781	0.118055735477829	0.234850347279769	0.546713735133654	NO	0.12489632804697	0.110356627995148	-0.0145397000518227	0.24811127154983	173.13208364528	7	5	223.570493827046
NHEJ1	-0.162063617621785	0.136476984813192	0.235038549750219	0.546827015427437	NO	0.111487066363348	0.0964153622968496	-0.0150717040664985	0.25364047925484	187.01600399011	7	5	131.797005392916
RANBP6	-0.156468720227745	0.131800135037107	0.235161906394155	0.546827015427437	NO	0.419903731417475	0.382337771381562	-0.0375659600359125	0.247505744790231	84.8137629937386	7	5	1979.68220908066
CDKN2AIP	-0.200497457862402	0.169564438255649	0.237036577523888	0.550878303072276	NO	0.548306264779714	0.498333050446056	-0.0499732143336575	0.250550159834191	53.0275548758628	7	5	393.337342460755
TTC21B	-0.323736851218201	0.274262353764892	0.237844685909787	0.551960314308254	NO	0.0803165186672362	0.0594241766253035	-0.0208923420419327	0.261733719125256	62.6218160712024	7	5	78.8399250873245
FMNL3	-0.2375490976737	0.201286211516084	0.237938239660395	0.551960314308254	NO	0.0971018664896406	0.0781755231199589	-0.0189263433696817	0.242684017964974	100.683044552512	7	5	236.988252857694
DNASE1L1	0.432826926055781	0.36680196600431	0.23799955763542	0.551960314308254	NO	0.371515603026141	0.476793332362509	0.105277729336368	0.249236084429391	10.2088984386958	7	5	118.175921254271
CHORDC1	0.107669546157938	0.0912667890011376	0.238110333174008	0.551960314308254	NO	0.217780595828901	0.236678322457446	0.0188977266285445	0.250435447931486	229.454573750413	7	5	614.977323224518
CREBBP	-0.199450307394276	0.169085243054315	0.238165568313297	0.551960314308254	NO	0.139864010649763	0.117546695319221	-0.0223173153305423	0.247628237073047	109.28986835816	7	5	256.214646923239
PNMA8B	0.374024715914878	0.317191808166749	0.238328416551208	0.552030185330191	NO	0.0892305142362978	0.12465785088129	0.0354273366449923	0.272207166675609	30.4091799517166	7	5	103.927751373766
SLC24A2	0.325552837264968	0.276267369746575	0.238638088208161	0.552439870309377	NO	0.447804265114509	0.528969142177762	0.0811648770632524	0.251024490509335	18.627910236616	7	5	232.050072097745
FOXJ3	-0.249590275887968	0.211917073144461	0.238886985675823	0.552708487436832	NO	0.385782613580744	0.3285688316248	-0.0572137819559443	0.252330384378418	32.6751977578203	7	5	396.392555107586
CELF2	-0.064758621192433	0.0550646221726788	0.239575823175158	0.553416677038409	NO	0.198554274131257	0.188449982940909	-0.0101042911903474	0.252449368949748	686.49324141649	7	5	1568.24798561944
MTRF1L	-0.135399811027661	0.115135665775068	0.239593945639231	0.553416677038409	NO	0.0783666400420254	0.0691288334351863	-0.00923780660683908	0.250806670950685	268.674811502323	7	5	257.70815520567
NOM1	-0.493415053026685	0.419657540137947	0.239692220000802	0.553416677038409	NO	0.337749914937607	0.23744247138143	-0.100307443556177	0.259995410140847	8.12791390278205	7	5	37.2753114694297
LDLRAD4	-0.221409753377894	0.188336175196567	0.239751049621076	0.553416677038409	NO	0.347027136080977	0.29869029776769	-0.0483368383132868	0.25438287752981	44.1743441958581	7	5	402.091216405007
CNNM2	0.214036005137581	0.182106167912553	0.239860163120467	0.553416677038409	NO	0.420651558163682	0.473509016190857	0.0528574580271746	0.251643822581374	43.6371706022314	7	5	944.335459026255
RIOK2	0.305122508025024	0.259676827052501	0.239991270523387	0.553416677038409	NO	0.213727867430657	0.269437783846135	0.0557099164154778	0.255807431245932	31.0490884297065	7	5	165.414273759206
GPR155	0.119793993422696	0.102083113677351	0.240597478801603	0.554507208761589	NO	0.238009426259889	0.260411685955587	0.022402259695698	0.251725325624028	160.820342102769	7	5	647.17251147049
C12orf4	-0.15583352749494	0.132939786947629	0.24111221154535	0.555054408644282	NO	0.357371996235328	0.322430983874625	-0.0349410123607033	0.252576478458794	89.5726064011094	7	5	355.314987735892
WSB2	-0.142346257871972	0.121437617409452	0.241126411054135	0.555054408644282	NO	0.27123257460876	0.244027468845274	-0.0272051057634868	0.255957843951313	117.838660216363	7	5	2775.10280676396
SLC29A4	0.117758836636911	0.100502455452364	0.241317085122587	0.555054408644282	NO	0.12306420531708	0.136346909522321	0.0132827042052414	0.265302863305623	217.614672824107	7	5	380.152276147168
RNF152	0.331470713943029	0.282927968770876	0.241368611835939	0.555054408644282	NO	0.402086545480139	0.483678812599912	0.0815922671197735	0.254805915071447	18.2604464355558	7	5	228.780929239035
ATP2B3	0.498469682670415	0.425686059027684	0.241606985142755	0.555295612261801	NO	0.351994459916384	0.472075555845286	0.120081095928903	0.253125026995449	7.41808138254098	7	5	66.2824142943263
TADA2B	-0.171495366788969	0.146518407856661	0.241811973597544	0.555459862046264	NO	0.15602322984384	0.134747882771268	-0.0212753470725723	0.257551345155649	105.783893613348	7	5	298.798409446174
RALYL	-0.121354789893908	0.103753649429233	0.242144432054343	0.555740644466129	NO	0.367455468801811	0.339728739964469	-0.0277267288373427	0.254996059211616	140.222016869845	7	5	623.290136463136
PAK3	-0.0640062132306634	0.0547354840743821	0.242253265369951	0.555740644466129	NO	0.315274043815935	0.301622686535267	-0.013651357280668	0.253775397353944	544.004696527098	7	5	2777.43374541963
MTREX	-0.11872594045126	0.101547165483694	0.24233498294749	0.555740644466129	NO	0.326000996686784	0.300471393897143	-0.0255296027896408	0.256509509942718	181.479128064153	7	5	417.088632668268
KALRN	-0.13684152195077	0.1171344967011	0.242708876751051	0.555864506986094	NO	0.555177411458332	0.521179987057889	-0.033997424400443	0.255927182594674	124.104703182254	7	5	494.436887894941
PTPN18	0.310193667770188	0.26558168542086	0.242815484206737	0.555864506986094	NO	0.41620117278676	0.492951954379831	0.0767507815930704	0.254489309626229	20.3688346101972	7	5	279.688804543113
PIGK	-0.0800259711866785	0.0685454514237711	0.243013474110025	0.555864506986094	NO	0.237686393978066	0.223491906233959	-0.0141944877441072	0.256116061889086	452.830117086144	7	5	532.461489321665
DUSP3	-0.0560441932244642	0.0480084118983555	0.243055823105031	0.555864506986094	NO	0.345033497771903	0.332480636039712	-0.0125528617321911	0.255585040726492	655.877134007564	7	5	1103.73834681444
MID2	0.13712884191797	0.117472046085817	0.24307644626192	0.555864506986094	NO	0.196476047763466	0.219028359053118	0.0225523112896517	0.250652621126125	126.66029585905	7	5	391.320164119189
SH3BGRL	0.0701574367442084	0.0601274717498718	0.243286426293712	0.555864506986094	NO	0.328316525680771	0.343970104535784	0.0156535788550128	0.257911032718266	437.910635510208	7	5	1565.81013156906
AFF3	-0.0992432893329152	0.0850619468120365	0.243324343082134	0.555864506986094	NO	0.048640145832565	0.0442480783417039	-0.00439206749086115	0.262606409047283	970.379672003772	7	5	739.313822216407
ZBED3	0.187310129263288	0.16064266587531	0.243612480202357	0.556112864196809	NO	0.259416401117354	0.296985563717669	0.0375691626003147	0.263022742182095	88.5803779391843	7	5	96.3250984971637
CDH4	0.131322282793263	0.112685628288036	0.243862676892158	0.556112864196809	NO	0.205458896449941	0.22772596784188	0.0222670713919388	0.255021485913561	148.802598317361	7	5	308.900207877388
PCSK2	0.193628611539467	0.166186196299867	0.243966159136258	0.556112864196809	NO	0.215993139967493	0.250576024919263	0.0345828849517705	0.262361255435528	60.206256057603	7	5	164.629319858556
FKBP14	-0.209889767346096	0.180143326522248	0.243967782970956	0.556112864196809	NO	0.250296010430897	0.213002032780071	-0.0372939776508258	0.259846525019865	55.5323949623578	7	5	143.423035152904
HECW2	0.218585566255626	0.187692198753054	0.244182601774103	0.556297712694561	NO	0.206249804181818	0.244328125524748	0.0380783213429302	0.256426623057463	51.875416693593	7	5	242.761925664334
NOVA1	-0.189143050165546	0.162587443956716	0.244695141981367	0.557051549955827	NO	0.105826578491739	0.0892163480546759	-0.0166102304370635	0.257265182264895	140.763863494037	7	5	605.07167374918
DLD	0.0705377295058976	0.0606698351537376	0.244971899134349	0.557051549955827	NO	0.107537214609706	0.114496706706275	0.00695949209656832	0.26579592267402	1258.71750483475	7	5	1129.61738375792
PVR	0.236644365510617	0.203591291293461	0.245093268378217	0.557051549955827	NO	0.0886098606188919	0.109673200251253	0.0210633396323606	0.266188123742538	69.3318804669823	7	5	392.796536950214
UPF3A	0.234876441414461	0.202091809993039	0.245143504414307	0.557051549955827	NO	0.366873049684395	0.422924693186094	0.0560516435016986	0.257298626505078	35.5428437805692	7	5	155.656949770458
PDLIM5	-0.405861403562095	0.349278472496778	0.245235675986532	0.557051549955827	NO	0.256402058954637	0.186849134445912	-0.0695529245087247	0.262005536004779	13.3544072647513	7	5	75.7502990281263
SLC48A1	0.107279549213507	0.0923523472504905	0.245384505474674	0.557051549955827	NO	0.141698700063694	0.155254108043179	0.013555407979485	0.260829440500883	344.749918899541	7	5	429.858976071798
UTP15	-0.258555898648542	0.2226109250524	0.245450839199286	0.557051549955827	NO	0.229086920620391	0.186634255363941	-0.0424526652564506	0.254809425996885	38.1240638997984	7	5	156.456273611108
STIMATE	0.14784336069181	0.127402782752852	0.24586946792586	0.55769737544797	NO	0.382841593663946	0.418323095601742	0.035481501937796	0.260868729981498	92.995756225927	7	5	226.284801365149
UBE3A	0.145228995572506	0.125204514545072	0.246075606364534	0.557860775191533	NO	0.0739755407213119	0.0845604905915244	0.0105849498702125	0.254700832628044	292.68572264861	7	5	1153.63727180311
MED29	-0.118140927467192	0.101901116206909	0.24630607802877	0.55807913104558	NO	0.160394697315127	0.145115648826095	-0.0152790484890317	0.263564219408487	276.468825187677	7	5	559.091520607917
NEURL1	-0.241587981857785	0.208532059479967	0.24665302848234	0.558347914711681	NO	0.288969939540267	0.241957011962848	-0.0470129275774183	0.25938044023292	51.4467469347861	7	5	124.794604516229
NFATC3	-0.176901189560022	0.152710061522073	0.246695886263382	0.558347914711681	NO	0.132392654760773	0.113360218284299	-0.0190324364764734	0.251266122543303	97.1272698799612	7	5	84.2592065741024
FZD5	0.668685846372253	0.577404101294553	0.246827359412207	0.558347914711681	NO	0.438979025279586	0.604291576197989	0.165312550918403	0.257459598844651	3.3398381114631	7	5	85.3873033263247
ADCYAP1	-0.204228303272563	0.176705551711269	0.24778143439053	0.560088167356064	NO	0.295170630625241	0.254523498498056	-0.0406471321271848	0.263229818050176	60.5137371627172	7	5	1169.69589667177
ZNF415	-0.225541351813798	0.195181231567989	0.247865941370797	0.560088167356064	NO	0.63246352299642	0.578656013181632	-0.0538075098147877	0.26000877476605	39.9066777350665	7	5	195.265403100964
ONECUT2	-0.0777000630748792	0.0672945724376266	0.248243614287525	0.560637044210698	NO	0.222914023902685	0.209744712658957	-0.0131693112437287	0.26193388264716	479.876427860085	7	5	3286.15629533305
SMURF2	-0.144999500260718	0.125663922378906	0.248554546508776	0.561034679043141	NO	0.389612854068561	0.355731494158689	-0.0338813599098725	0.259040934534468	97.0782752759544	7	5	215.015777612632
MEGF9	-0.123535483290342	0.10725757991403	0.249417819595712	0.562677944424167	NO	0.33939348810646	0.312268804497874	-0.0271246836085863	0.259927081852108	131.644223856017	7	5	444.508540668711
BEND4	0.388089226963381	0.337169454145753	0.249723468541386	0.562940613463962	NO	0.443930109018898	0.540625836345099	0.0966957273262012	0.265676820056348	17.9253940585745	7	5	103.608706342457
LRP12	-0.140165246301337	0.121795617528885	0.249804897224633	0.562940613463962	NO	0.190107557242829	0.169457534922236	-0.0206500223205933	0.266903017567715	124.231458080705	7	5	566.706685672786
TBX3	-0.281347914609403	0.244883192203932	0.250594497791984	0.564414245162239	NO	0.493182919938552	0.423452123572728	-0.0697307963658234	0.262560121751587	23.6424748502814	7	5	186.811961197881
CLOCK	-0.107784088986651	0.0940800303997632	0.251934270769619	0.567124765368839	NO	0.292224222675186	0.270440258488663	-0.021783964186523	0.260490568405969	175.207352792135	7	5	417.436975155077
ZNF223	0.164246569388353	0.143430696297759	0.252155956309097	0.567151672215022	NO	0.0662745564968781	0.0771916839509512	0.0109171274540731	0.258214273774176	285.873837335758	7	5	105.089550657851
CPEB1	-0.174053799978351	0.152015172501135	0.252218892691776	0.567151672215022	NO	0.281177893325765	0.247371560112625	-0.03380633321314	0.265317154961398	74.6575802612829	7	5	220.35798385213
KCNMB4	-0.185545058363274	0.162144686561102	0.252491845143909	0.567238297906949	NO	0.220245654893136	0.190035357316693	-0.0302102975764433	0.258795972510208	87.0930890677529	7	5	247.57243592475
TBL1XR1	-0.0557267863604056	0.048712419654195	0.252625524667995	0.567238297906949	NO	0.379767925724396	0.36673251414922	-0.0130354115751766	0.264610190016636	629.232448262858	7	5	1395.08038936009
TYW3	0.282220472413817	0.246718496402997	0.252666482216725	0.567238297906949	NO	0.237056632586758	0.291798685627957	0.0547420530411986	0.262888120010008	31.0239427288494	7	5	95.7036121339207
KIAA0513	-0.162518935973997	0.142125959092363	0.252837180859329	0.567299576903373	NO	0.718454419296574	0.684447953723803	-0.0340064655727711	0.265376329840313	87.9806513186287	7	5	733.325648679151
AP3B1	0.21012323920796	0.183808034782123	0.252969352168041	0.567299576903373	NO	0.0463699243440853	0.0565989244343446	0.0102290000902592	0.264724173157886	201.442569235802	7	5	126.968888545396
GPR107	-0.190229261503587	0.166452350185617	0.25310288815689	0.567299576903373	NO	0.333962241963397	0.293064297848628	-0.0408979441147693	0.262386436426946	54.7857419449417	7	5	441.518394553391
CSNK1G2	0.209815184277464	0.183675740015954	0.253323942495145	0.567323067574281	NO	0.324021754621441	0.371558866841757	0.047537112220316	0.267984593624744	44.2207232661482	7	5	215.884179725764
PTPN3	0.262242215702023	0.229601319190684	0.253386120084859	0.567323067574281	NO	0.194458631366689	0.238839421651977	0.044380790285288	0.270956037959912	34.8919843574559	7	5	186.693467168837
DTWD1	0.268359494849217	0.235194616281414	0.253865609935137	0.568090875379327	NO	0.29048938812465	0.348724868619484	0.0582354804948341	0.26346464408253	26.9003507466447	7	5	127.978231377753
CPLX1	0.185677039840877	0.162838466404866	0.254180938142239	0.568490700361136	NO	0.426907847469194	0.472826472637165	0.0459186251679707	0.268649937755567	57.1027730269484	7	5	127.161576000656
PPP1R14C	-0.0346824723276243	0.0304474865298406	0.254665003011319	0.569267282389621	NO	0.315527568040553	0.308085556860921	-0.0074420111796315	0.265908773317326	1814.95554694214	7	5	2726.08861996146
CAB39L	0.242565769947815	0.21327771115624	0.255403040926332	0.570479600254146	NO	0.306542431172178	0.360367810787653	0.0538253796154747	0.266674620189009	32.5800370721664	7	5	281.33525564257
PPIA	-0.0711494732672518	0.0626258039393451	0.255912727731181	0.570479600254146	NO	0.182407122429087	0.172035011746358	-0.010372110682729	0.269570039249879	789.020995069153	7	5	2439.70754468123
NCEH1	-0.346413317091914	0.30491859546319	0.255921164280874	0.570479600254146	NO	0.343965944829063	0.270500770869419	-0.0734651739596436	0.274198208803773	15.6393852295151	7	5	285.0718644107
EIF3L	-0.052635718448091	0.0463349647381135	0.255963803798978	0.570479600254146	NO	0.047938018493521	0.0455920882365659	-0.00234593025695514	0.27062319849184	3771.16680011597	7	5	408.002488325844
ST8SIA5	0.702715902108097	0.618672423885735	0.256021492279633	0.570479600254146	NO	0.246788060149093	0.398168832791258	0.151380772642165	0.279996339892524	2.88475993042951	7	5	47.5489392918399
NECAB1	-0.196676053645276	0.173204759246226	0.256160926845535	0.570479600254146	NO	0.384569741703801	0.339197487313751	-0.04537225439005	0.267881439061814	49.0394003797053	7	5	862.075657131983
KDM7A	-0.404541346764012	0.356413465115254	0.25636113664339	0.570479600254146	NO	0.490765157481309	0.391387199938665	-0.0993779575426444	0.268180768169563	10.8774738070096	7	5	90.1107294371052
NNT	-0.149673502969427	0.131894025352076	0.256458608331141	0.570479600254146	NO	0.205538901426671	0.182171782903485	-0.0233671185231853	0.265316848996653	115.032285736406	7	5	587.321498609426
MYO9B	0.190015233985493	0.167486909020255	0.256581530414605	0.570479600254146	NO	0.405633623054102	0.45213939755695	0.0465057745028479	0.272159419216871	51.9462433781071	7	5	41.7290987908868
SMAP2	-0.0688041492775184	0.0606541692662291	0.256640212079267	0.570479600254146	NO	0.308589035239262	0.294105317225183	-0.0144837180140788	0.267825035446933	440.983671644615	7	5	1043.01200440105
PALS1	0.485711685880291	0.428246297857626	0.256715820114366	0.570479600254146	NO	0.350797768410732	0.467589835069617	0.116792066658884	0.270994842316275	7.14427974427014	7	5	117.080797482069
PIK3C3	0.15572967793636	0.137397321165892	0.257035456298945	0.57088132541385	NO	0.112401079226139	0.128900349511554	0.0164992702854156	0.272898197626957	130.716384009518	7	5	282.092870640673
SLC13A3	-0.728103895935717	0.642575284899294	0.257171058611912	0.57088132541385	NO	0.220660222747935	0.120264590703271	-0.100395632044664	0.279044894277273	2.51569411012118	7	5	16.2265960435461
NRG3	-0.235887432662317	0.208349409711214	0.257561998707985	0.571444221133449	NO	0.229586943644787	0.190535800085651	-0.0390511435591361	0.264700749339358	41.0543980030054	7	5	352.563516164608
ZNF385D	0.254040140664197	0.224650359689062	0.258128947109508	0.572387235201926	NO	0.347757484370469	0.407364553366229	0.0596070689957598	0.270685741525898	32.7464579824772	7	5	215.162723428585
CWC25	0.221664184386235	0.196074844761883	0.258262221267792	0.572387235201926	NO	0.14391466535325	0.173433611614662	0.0295189462614114	0.270773482900257	58.319224984947	7	5	101.443090897758
AMER3	-0.235845188282771	0.208901297197298	0.258906671020432	0.573509984794994	NO	0.383769378853496	0.329725979448442	-0.0540433994050539	0.270005116593758	34.2192478114363	7	5	308.978423836423
GALNT13	-0.093352182767962	0.0828021078274583	0.259567854276393	0.57448325932068	NO	0.334430128729379	0.313982081058257	-0.0204480476711222	0.271617569571551	232.10011488265	7	5	538.684542192461
CBX3	-0.0481492492281588	0.0427126001580294	0.259622242193	0.57448325932068	NO	0.281074224189725	0.271447964113461	-0.00962626007626455	0.271441790336997	953.40867051014	7	5	3658.02265049412
SLC7A11	0.548133886264666	0.486637924858636	0.260009350976916	0.574935474396338	NO	0.298893786185996	0.424473126196872	0.125579340010876	0.264256916153674	5.4466748505004	7	5	40.7113479606273
USP22	-0.133624202970125	0.118669199333703	0.260155944133461	0.574935474396338	NO	0.510450316741003	0.477061900479305	-0.0333884162616983	0.272183925619512	124.084844554822	7	5	2446.38965760295
PPM1A	0.2162202762241	0.192055615777164	0.260241225550073	0.574935474396338	NO	0.121249156655764	0.146235937790137	0.0249867811343728	0.274587872141281	58.6541659449333	7	5	773.072215339116
KRBOX4	0.231379622998011	0.20560332416404	0.260432669446051	0.57501880723298	NO	0.263928367896982	0.311252535629989	0.0473241677330068	0.274645971935146	37.3943712538188	7	5	178.778720319259
ASPH	0.297113928244344	0.264082635208424	0.260555397027444	0.57501880723298	NO	0.641841638361404	0.706921739663855	0.0650801013024512	0.271958131120816	28.9843215728452	7	5	235.355115546149
NOL4L	-0.0772985074269121	0.0687264529074196	0.260704673606087	0.575043182503352	NO	0.451836528058136	0.432771681697099	-0.0190648463610371	0.27303575879942	309.831182823744	7	5	3750.39899486515
ARL6	0.514909019420944	0.458015168633815	0.260920441619495	0.575214116129889	NO	0.33735516889731	0.460036965011478	0.122681796114168	0.270854783496041	6.01487446904445	7	5	323.159788339971
HSPA4L	0.177530010987175	0.158002621385411	0.261187415035124	0.575497694145187	NO	0.127561761956434	0.148658552286344	0.0210967903299104	0.282170810746469	113.020366234947	7	5	470.37474054194
POLD3	-0.189479154273544	0.168701843871809	0.261369569314243	0.575594181232002	NO	0.331992520672965	0.291385177599828	-0.0406073430731372	0.274484173472034	53.7373112356082	7	5	129.026084974052
TET1	-0.290758032965439	0.259237511780071	0.262037080884288	0.576317451090507	NO	0.213954016608388	0.169100981334249	-0.0448530352741396	0.280529052326441	27.7316300415106	7	5	44.7223491679763
MTHFSD	0.272821307526308	0.243268960119796	0.262083540374695	0.576317451090507	NO	0.152742212141909	0.191478447039396	0.0387362348974866	0.289238436535709	35.7626453200279	7	5	51.1128604610428
MGA	-0.171279005462099	0.152758717574899	0.262186216232195	0.576317451090507	NO	0.167596528233344	0.145041031741224	-0.0225554964921202	0.271357082200754	114.622452790659	7	5	202.075325146321
CBLB	-0.177377081470706	0.158219273544105	0.262252147815945	0.576317451090507	NO	0.201773578732194	0.174707718981739	-0.0270658597504559	0.278915125443201	94.092478464494	7	5	224.10492255456
BLZF1	-0.174138971186425	0.155376621035292	0.26239258493937	0.576321622675702	NO	0.165845122321628	0.143133581331118	-0.0227115409905093	0.274231290185549	92.1710641552278	7	5	298.641430432124
USP31	0.19404322609793	0.173609507070323	0.263695437968356	0.57877493849426	NO	0.20141367117542	0.234434420042179	0.0330207488667582	0.272736020779931	60.6435495296674	7	5	594.431505479852
SETBP1	-0.0872131802516047	0.0780442924528706	0.263787808506038	0.57877493849426	NO	0.370049235462578	0.349959148687527	-0.0200900867750511	0.274697714463879	247.095513664577	7	5	336.641409740417
C2orf88	-0.132319392594423	0.118576877847944	0.264466910858942	0.579959066511966	NO	0.177989938928824	0.159447459495532	-0.0185424794332927	0.28233614066788	193.983020469951	7	5	126.819551312445
POU3F1	0.22900852379323	0.205747489145267	0.265684282165556	0.581614782980844	NO	0.163825720517971	0.19765345384502	0.0338277333270493	0.276335406501997	51.8758995844661	7	5	73.8583899864798
KCNK12	0.0900901605697401	0.0809426412053273	0.265703118704442	0.581614782980844	NO	0.0550684967207881	0.0599487437337618	0.00488024701297365	0.282563385460253	1107.65921824828	7	5	174.277270837768
PRKCI	-0.109263593831048	0.0981873983316033	0.265791461141271	0.581614782980844	NO	0.349129869159543	0.324727541795001	-0.0244023273645414	0.276969014693084	158.853440564917	7	5	926.259872263417
DPYSL5	0.17356848349573	0.155978485541792	0.265806385300977	0.581614782980844	NO	0.388817905435514	0.430768757197073	0.0419508517615591	0.277724757908508	61.0476583601112	7	5	1226.34279295147
GCLM	-0.182551038534807	0.164090052148686	0.265920989718646	0.581614782980844	NO	0.201310387602117	0.173549737841935	-0.0277606497601828	0.288443279373334	86.6614673686971	7	5	273.889527153896
RASSF2	-0.330131618953715	0.297199631152402	0.266651160019954	0.582905320905417	NO	0.49900705075822	0.417242533836579	-0.0817645169216414	0.278684196050737	15.8000301693665	7	5	240.041001293086
IRS4	-0.84539599089202	0.762053391386016	0.267272398092468	0.583956500033964	NO	0.547398860876774	0.34181204526288	-0.205586815613894	0.337211120465482	2.14786154505351	5	5	10.052461905116
TOP3A	-0.219725521869301	0.198126406341768	0.267422915650618	0.583978650449644	NO	0.155805842539885	0.129037327010859	-0.0267685155290258	0.276847362680333	58.4769088854819	7	5	55.2928142338131
FAM131B	-0.150484444197095	0.135810478262545	0.267841355616537	0.584325615550122	NO	0.280630626848968	0.251275698101879	-0.0293549287470891	0.281836213631112	84.0509250550826	7	5	1146.81477905441
TYW5	-0.157017878786767	0.141713157138048	0.267862728089924	0.584325615550122	NO	0.212442541311887	0.187355988833551	-0.0250865524783357	0.284429930970949	97.0444585311669	7	5	251.807693807831
PIAS2	-0.181909665979341	0.164295648728196	0.268203458758733	0.584675851290682	NO	0.0910429359207098	0.0770673672221955	-0.0139755686985143	0.285090217943246	147.237157979129	7	5	338.745422011679
PTBP1	-0.40302075897132	0.364073672793654	0.268304375027383	0.584675851290682	NO	0.379452699562428	0.290101191146823	-0.0893515084156047	0.278513634652166	10.4029804423656	7	5	106.676204740691
OTUB2	0.292876884300899	0.264939770720811	0.268965932120694	0.585536218497477	NO	0.334107506600115	0.402084172901674	0.067976666301559	0.278245055316177	20.4059175760522	7	5	126.301612386332
HNRNPH3	-0.101690243140963	0.0919929916636571	0.268980700372279	0.585536218497477	NO	0.294723482351592	0.27403566544724	-0.0206878169043521	0.281365190821384	206.63898133097	7	5	989.252376651998
LMO3	-0.331366388980039	0.300264387945732	0.269774480938604	0.586951850347474	NO	0.33226849555251	0.263218056213483	-0.0690504393390272	0.289293300219018	20.2862208203615	7	4	296.310491775449
PSMB2	0.0918895483795991	0.0832889270922166	0.269913194642961	0.586951850347474	NO	0.106253501458015	0.115300643808715	0.00904714235070068	0.28302301307755	504.806437753376	7	5	946.363636504323
BRSK2	0.0993803953552268	0.0901173614565456	0.270118996859989	0.587092490562985	NO	0.162255184122222	0.176221081922558	0.0139658978003364	0.287023017958034	281.708431933521	7	5	232.709576514881
LRP6	-0.147154547775869	0.133517327845179	0.270401593002623	0.587353260783943	NO	0.25643133876127	0.229390721717006	-0.0270406170442638	0.283588897774773	99.5865076469381	7	5	243.10922667622
RNF115	0.166949394081028	0.151515602530038	0.270521357611066	0.587353260783943	NO	0.154519041307316	0.177607908367356	0.0230888670600404	0.285829566273076	112.251929810589	7	5	423.392664564582
NECTIN3	-0.172319495893479	0.156480853384539	0.270801890988801	0.587460788429364	NO	0.2988859687136	0.264068614758658	-0.0348173539549423	0.283371584002923	68.7131532440406	7	5	173.048188213234
GNAO1	-0.124040101145204	0.11265111917517	0.2708533154345	0.587460788429364	NO	0.479597558351102	0.448756748219728	-0.0308408101313742	0.282682129247899	120.811285321188	7	5	2270.95016481426
UBE2V2	-0.0653005181266741	0.0593435070826094	0.271165782996361	0.587832025672153	NO	0.0605388513616481	0.0569298075467842	-0.00360904381486386	0.280253914687927	1708.89851510136	7	5	4197.32099403101
AKAP8	0.12927200959392	0.117705633721877	0.272088672546994	0.588908342327236	NO	0.233734845873665	0.257678659723184	0.0239438138495188	0.285809180772996	119.266437891786	7	5	188.155511684708
SAMD8	-0.135439533418865	0.12332473232851	0.272101900809351	0.588908342327236	NO	0.2771172653573	0.250819611449935	-0.0262976539073653	0.282152522580751	101.548529589685	7	5	1040.87472567107
SCRN3	0.217004460336953	0.19760031686109	0.272117624992153	0.588908342327236	NO	0.223474257177727	0.263369366796862	0.0398951096191352	0.291621706878748	57.9033850250414	7	5	208.434647606278
CAPN5	-0.167942688439537	0.152960942054236	0.272228543820979	0.588908342327236	NO	0.31089655932446	0.276103260422204	-0.0347932989022559	0.280507791285608	71.1850251290504	7	5	248.745581593604
SUV39H2	0.211772126182822	0.193031022331517	0.272602680955384	0.589411202065694	NO	0.164099052049261	0.195247345550463	0.0311482935012022	0.281739218298173	60.0035700773826	7	5	57.5920842203287
MAN2A2	-0.17124469398202	0.156303102555009	0.273256621264243	0.590203140815772	NO	0.1022697531845	0.0875837867246466	-0.0146859664598538	0.282337294245909	128.822688348184	7	5	293.573530849796
SEPTIN9	-0.138544090614901	0.126469454995362	0.273308715462459	0.590203140815772	NO	0.422748216247497	0.389349862346038	-0.0333983539014593	0.285970079594918	93.6330022774113	7	5	563.9739889643
TXLNG	-0.170507404746043	0.155674910133686	0.273394579892306	0.590203140815772	NO	0.442660122090207	0.401100833800635	-0.0415592882895718	0.285056255796649	60.8688883734795	7	5	268.791566605241
ZNF549	-0.558255286983309	0.509921033003047	0.273609645935075	0.590361061768626	NO	0.426693285503811	0.298675982961006	-0.128017302542805	0.286269235177302	4.74334722784857	7	5	46.8967009226509
RANBP17	0.340997076125899	0.311690821956686	0.273944682691314	0.590777542766131	NO	0.121088958018823	0.162307127024403	0.0412181690055804	0.283430721864203	20.3665842595453	7	5	70.3662282646648
UHRF1BP1	-0.179748781314365	0.164387247267184	0.274197483227936	0.591016336905811	NO	0.323863363643952	0.285809903444234	-0.0380534601997185	0.28338068304198	55.6421120918902	7	5	218.246872309279
FHDC1	-0.268095616201403	0.245362099809126	0.27454621562493	0.591207707862283	NO	0.345443188611806	0.287567859313583	-0.0578753292982235	0.283653726212781	25.3916141192808	7	5	91.8388737061384
DDX52	0.177674652258712	0.162616728262435	0.274570502786041	0.591207707862283	NO	0.169262193884727	0.195731299387577	0.0264691055028503	0.283811542951804	79.9621452620006	7	5	340.830219031379
UBE2N	-0.0661781609398675	0.0605895783337278	0.274729076289408	0.591243123312952	NO	0.0713499901784467	0.0670875495419894	-0.00426244063645738	0.286674030589059	1685.65914814229	7	5	3715.62467391488
CHD7	-0.368415026824181	0.337716913678374	0.275317348821853	0.59218818114449	NO	0.285519129856561	0.216587930283512	-0.0689311995730489	0.281030087645645	15.738032358187	7	5	71.4874127017111
RAB3GAP2	-0.0635619697479682	0.0582864630941412	0.275488559189242	0.59218818114449	NO	0.241977355502323	0.230510466997463	-0.0114668885048603	0.28373343709226	541.294881983213	7	5	1002.52920818144
SGPL1	-0.138534079632941	0.127099692828825	0.275729036956409	0.59218818114449	NO	0.168573391455094	0.150037636469802	-0.0185357549852913	0.290656907451473	138.740860556476	7	5	747.473451545974
MBLAC2	0.101755531891955	0.0933748883908069	0.275822117634326	0.59218818114449	NO	0.264282547561866	0.284535932754896	0.0202533851930291	0.288039988785142	198.222647813592	7	5	516.07425665439
TAB3	-0.2545020442568	0.233569252712871	0.275879974773563	0.59218818114449	NO	0.362490047404021	0.305960065122539	-0.0565299822814814	0.285556385645373	28.5171926425621	7	5	423.978583320365
MAGI1	0.139002676462634	0.127735377441509	0.276503235616001	0.593219938196268	NO	0.26665650855125	0.29470315389581	0.0280466453445604	0.289516731033347	100.431214770372	7	5	268.432507246314
EPHA6	0.332156864980151	0.305413204106291	0.276786966735953	0.593522567846167	NO	0.542236306306624	0.622813102198981	0.0805767958923572	0.291516948278786	16.1172634670526	7	5	463.675351699015
PLD5	0.62577391704208	0.575969266932696	0.277270655484114	0.594253439883522	NO	0.250149187261775	0.384132839109234	0.133983651847459	0.297679045219598	3.49860057589428	7	5	198.223844099355
BRWD3	-0.236926461485675	0.218268992770806	0.277709451255264	0.594887393008186	NO	0.356527499791874	0.304196297011176	-0.0523312027806975	0.288339221127286	31.8239863186899	7	5	100.386806929803
ZNHIT6	0.252762560439955	0.232973207090584	0.277947072227229	0.595089974506058	NO	0.219461379955664	0.265798426473664	0.0463370465180007	0.291567075030858	31.959623646957	7	5	194.153503268773
ZC2HC1C	0.529751815702073	0.488676139622395	0.278340410583782	0.595440880804267	NO	0.108123236069483	0.170752361862303	0.0626291257928201	0.313527825206319	7.87053945392815	7	5	34.3254836836641
PAG1	-0.0989006635925308	0.0912489229876033	0.278428792430122	0.595440880804267	NO	0.237192525516656	0.219765374150169	-0.0174271513664875	0.292049998443887	234.312561558009	7	5	754.165279493409
AGAP1	0.0632982746075364	0.0584145766798559	0.278540373568535	0.595440880804267	NO	0.392868658400134	0.40806471939036	0.0151960609902259	0.289891653875134	432.714005088126	7	5	723.010617756771
CUL4B	-0.123821657064022	0.11437834829878	0.279002867948327	0.595669793122551	NO	0.320316637372915	0.293978572569794	-0.0263380648031209	0.287862640806383	116.69789619141	7	5	493.943943466235
PTGER3	-0.247341097544464	0.228545734474933	0.279146361790988	0.595669793122551	NO	0.282498074583732	0.235152002510522	-0.0473460720732101	0.302033038609124	30.3513208146224	7	5	216.853719269746
NHLH1	-0.452028084277497	0.417693031205133	0.279162938989752	0.595669793122551	NO	0.309837216159477	0.22219706579932	-0.0876401503601572	0.289597425424004	8.8952302884785	7	5	101.825821472758
KIF1C	-0.187388806340072	0.173175797268417	0.279220215526196	0.595669793122551	NO	0.0867359141129558	0.0729964988417225	-0.0137394152712332	0.284952816342167	105.033436418538	7	5	102.655287279531
MDGA2	0.167248403577151	0.15474605838036	0.279789355606139	0.59657802117967	NO	0.152883558557604	0.175822177668016	0.022938619110412	0.293845239578125	101.262130581866	7	5	155.356345194163
SNAP29	0.0658894271878685	0.061048540409228	0.280455928940211	0.597323527786829	NO	0.206971551848331	0.217995118118445	0.011023566270114	0.291716752319309	645.668541979594	7	5	468.100726256212
CIT	-0.18026050779217	0.167023555941233	0.280475401702161	0.597323527786829	NO	0.421310359207449	0.378091426626853	-0.0432189325805958	0.29034054635648	52.0348463854517	7	5	225.092388736624
EPM2AIP1	0.04673841401677	0.0433147984228773	0.280569753196025	0.597323527786829	NO	0.0465746611767798	0.048694643618249	0.00211998244146918	0.295654752632885	4365.7716303294	7	5	1658.57714984129
FPGT	-0.400062218036805	0.370969582458794	0.280844921552721	0.597603515938271	NO	0.306753699235262	0.228746550514435	-0.0780071487208264	0.291223104071818	11.5038637520538	7	5	89.5945741943524
SEMA6A	-0.158898783259688	0.14742994354767	0.281126682706283	0.597897239293527	NO	0.156871994903411	0.136981834171291	-0.01989016073212	0.292380861290241	97.4239527201696	7	5	213.237047159701
HECTD4	-0.184775271631628	0.171527768869488	0.28137645003682	0.598115739232637	NO	0.495351889118998	0.449332445504838	-0.0460194436141602	0.292470695691216	50.4162967256983	7	5	550.644395125196
SGMS1	0.154266367976473	0.143248039190539	0.281516975340746	0.598115739232637	NO	0.282275026298038	0.314548769824252	0.0322737435262139	0.289346918914881	74.5436591006996	7	5	116.018321818867
SARM1	-0.135798060418519	0.12638926974852	0.282624199227624	0.600161648181171	NO	0.153814541423574	0.136958004006952	-0.0168565374166213	0.296828241431168	141.166926781107	7	5	506.823992714734
TOB2	-0.180673181746522	0.168251378809354	0.282899404634591	0.600439552693825	NO	0.133313658271573	0.113785327499589	-0.0195283307719841	0.292302015840733	94.750434017316	7	5	231.162010005604
LIFR	-0.0578868294437114	0.0540153583675511	0.28386669676622	0.602065807366345	NO	0.219057441521638	0.209315814536927	-0.00974162698471057	0.293948620592017	855.67061088037	7	5	1420.84172426337
EDNRA	0.334195966335922	0.311902181654416	0.283955075493454	0.602065807366345	NO	0.349808619373632	0.429060679596484	0.0792520602228524	0.292716120415357	14.1868739868906	7	5	247.084843296421
HEY1	-0.0763705231997999	0.0714195637085485	0.284924521874039	0.602906184934454	NO	0.219101948030031	0.206315743152941	-0.0127862048770902	0.29766277004985	394.705749934458	7	5	477.508706388715
TMEM245	-0.151185939509148	0.14139372840323	0.284954818490766	0.602906184934454	NO	0.336168368266076	0.303306366287107	-0.0328620019789695	0.295815925391974	75.3962307395319	7	5	1130.8320301551
ABCB1	0.543890721632934	0.508802147024865	0.285086295813657	0.602906184934454	NO	0.195436403400534	0.295010019900715	0.099573616500181	0.303002852949109	5.53557932852856	7	5	61.6411557985251
APH1B	-0.586294097614067	0.548517548164515	0.285128131798689	0.602906184934454	NO	0.421815186422173	0.288717620463558	-0.133097565958615	0.305324055731541	4.04461214733539	7	5	185.191570597453
UNKL	0.198032075481013	0.18538157292443	0.285412109950373	0.602906184934454	NO	0.476984079547581	0.526451104085007	0.0494670245374262	0.297073408666754	44.6478528583106	7	5	256.579551888525
CDC73	-0.177118893884563	0.165834548505427	0.285499850353119	0.602906184934454	NO	0.334186404216705	0.295997748739201	-0.0381886554775042	0.296756191837514	60.5105259381357	7	5	282.85353572987
SYT11	-0.114271636428404	0.107005483671209	0.285563597118229	0.602906184934454	NO	0.269447102960127	0.247553871243199	-0.0218932317169276	0.297814035072139	145.184873480154	7	5	4660.15364840218
MDH2	-0.0832692369538959	0.0779861731316037	0.285636187090396	0.602906184934454	NO	0.127114146969556	0.118158170453109	-0.0089559765164469	0.298226977368538	589.603301439961	7	5	1051.31723132417
DDX3Y	-0.41461345031378	0.388386379631031	0.285733342848471	0.602906184934454	NO	0.468043276804964	0.367579517131027	-0.100463759673937	0.296340006792431	10.1234337730391	7	5	231.380010857332
KPNA5	-0.1799662219837	0.16860573362971	0.285800720358352	0.602906184934454	NO	0.198620045630063	0.171517881752607	-0.027102163877456	0.30075620817675	70.1666033245112	7	5	1008.05609998825
MIEF1	0.0834177880051293	0.0781984177051543	0.286086903016468	0.603204012442224	NO	0.115100935388497	0.123873852343328	0.00877291695483122	0.294933748207695	449.256974673183	7	5	570.539181582497
CDKL1	0.203720078439271	0.191132275944912	0.286487333427612	0.603742303474603	NO	0.328102476390799	0.374476518803655	0.0463740424128553	0.297475766959541	41.8553308167638	7	5	125.967119686528
ZBTB33	-0.205686268112446	0.193374554648584	0.287479260863722	0.605525936806624	NO	0.23561559462737	0.200598898703316	-0.0350166959240541	0.298191186524566	42.6582448666693	7	5	714.491119491195
GRB2	0.0507654245557477	0.0477776829954326	0.287993218021311	0.605869562380515	NO	0.271557829906855	0.281715568011372	0.0101577381045171	0.2989646897952	853.488676527065	7	5	2253.89640790755
TSR1	-0.0709468735823823	0.0668127711485057	0.288292013005863	0.605869562380515	NO	0.175466844710539	0.165437504709858	-0.0100293400006808	0.301975365949614	567.327791929741	7	5	447.198226806247
TFB1M	0.277727866670211	0.26155862620699	0.288317953255085	0.605869562380515	NO	0.226602080985662	0.278910908508445	0.0523088275227835	0.296944327090423	27.8503840679963	7	5	155.283290026268
TP53BP1	0.123746823007227	0.116588858291036	0.288510460349077	0.605869562380515	NO	0.495412244356253	0.526324457826344	0.0309122134700915	0.299099452409214	120.73675240742	7	5	1935.72336417234
SNRNP48	-0.415870148788893	0.391864249140621	0.288571415742909	0.605869562380515	NO	0.399433199448072	0.304979350660202	-0.0944538487878703	0.297820997106369	8.98919936366712	7	5	80.4678106305445
SSH1	-0.270210231574603	0.254671046657278	0.288682315259046	0.605869562380515	NO	0.0679503838915934	0.0527090810069312	-0.0152413028846623	0.298354768798232	75.3207647935989	7	5	266.031588444423
STXBP5	0.152823525218102	0.144042446268836	0.288707286555955	0.605869562380515	NO	0.353722668252902	0.389386442074607	0.0356637738217048	0.297525178936473	70.4273244615285	7	5	399.58857681779
SPARC	-0.250361808140489	0.236025347081864	0.288807534182827	0.605869562380515	NO	0.334626348215725	0.281365966098508	-0.0532603821172169	0.301063790407176	26.9270343214604	7	5	675.88459952798
ENTPD4	-0.125542765533831	0.118454654994749	0.289218225558888	0.606425311655733	NO	0.256305973850355	0.233115794074568	-0.0231901797757865	0.298324525423285	110.998889831849	7	5	965.555373998732
WDFY1	-0.323905036688784	0.306049363608554	0.289899341370564	0.607192827606762	NO	0.536216969082802	0.455422922513146	-0.0807940465696557	0.300157133429068	15.1439799122615	7	5	555.166579541226
TMEM181	-0.261555429285194	0.247213735841618	0.290049362655584	0.607192827606762	NO	0.488623527877578	0.423830281228963	-0.0647932466486149	0.301106110291182	25.9728574225675	7	5	931.556973458424
NDUFB5	0.100491490527385	0.0949934271982859	0.290110904265716	0.607192827606762	NO	0.181069780508661	0.196451035865841	0.01538125535718	0.306923796727108	369.487806967061	7	5	1412.17400924006
KIAA1191	-0.0903400609532668	0.0854075284855517	0.290168110885155	0.607192827606762	NO	0.390629053521471	0.369349412143899	-0.0212796413775715	0.300358286646302	203.614718557083	7	5	1509.55516514695
CAMK1D	-0.209607797214104	0.198321386666437	0.290552801238989	0.607692133310305	NO	0.40398049599369	0.354683605874443	-0.0492968901192475	0.300320164280409	39.8455859758467	7	5	370.866724133413
TASOR	0.336311062269776	0.318333023984363	0.290750997391784	0.607801079974784	NO	0.606948266169284	0.683696817792138	0.0767485516228541	0.29334232294489	14.6073046962317	7	5	287.209905714261
SEMA5A	-0.697339388998108	0.660452672566501	0.29103644985736	0.608092230741647	NO	0.473358244215562	0.309168942523689	-0.164189301691873	0.290635096194735	2.74070594125836	7	4	36.912995246738
CCNT2	-0.0870255143452321	0.0824820399886911	0.291386722297643	0.608518456203912	NO	0.0660213061049456	0.0608535295396324	-0.0051677765653132	0.308283986093387	775.617796656575	7	5	779.507004937048
AGGF1	-0.166169805970308	0.157582734209795	0.291657508212366	0.608624070154604	NO	0.268918792260414	0.237527161632131	-0.0313916306282828	0.304994788529657	79.4121120512619	7	5	209.003816036501
SATB1	-0.155798717293171	0.147787428821737	0.29178761290492	0.608624070154604	NO	0.120304843701476	0.104766992217425	-0.0155378514840503	0.312060638958521	142.317832857525	7	5	268.460947104106
ILF3	-0.0723408295950016	0.0686336087596317	0.291876206720778	0.608624070154604	NO	0.261711879628778	0.247977023538917	-0.0137348560898605	0.303546173267084	407.170302219103	7	5	392.475967673783
CEP162	-0.387228921047405	0.367671099873006	0.292252181670283	0.609102743360911	NO	0.285475359613051	0.21337664086842	-0.0720987187446317	0.30272337166019	11.2776009022147	7	5	40.4109660989637
MLYCD	0.0839057929186754	0.0798548247501625	0.293382999433731	0.611028691770848	NO	0.0542865496754075	0.0587588646778512	0.00447231500244372	0.309249560489578	1114.5449176043	7	5	116.364541024533
L2HGDH	0.628421661570845	0.598189328975512	0.293470030326479	0.611028691770848	NO	0.263745932354662	0.401752736664225	0.138006804309563	0.305247545500823	3.04335874045501	7	5	40.7644437425478
ROCK2	-0.0776196934681514	0.0739250988425972	0.293728438923418	0.611258300486623	NO	0.239394564576578	0.225548233927438	-0.0138463306491403	0.304848408944363	326.015335844308	7	5	380.926398525064
ZNF346	0.0951171038924609	0.0906504546300217	0.294052339677768	0.611258300486623	NO	0.0790780899169341	0.0862882040723652	0.0072101141554311	0.309741021629533	575.604180480544	7	5	262.629830039051
FHIP2B	-0.180111015900579	0.17167969593069	0.294127145416667	0.611258300486623	NO	0.087636321811575	0.0742645934997924	-0.0133717283117826	0.307667719385673	159.51012320087	7	5	104.666776521399
CYCS	0.0354322658730917	0.0337930501078877	0.294404856998638	0.611258300486623	NO	0.0615557281073081	0.0636346084323435	0.00207888032503543	0.308611246564625	5660.57435465977	7	5	3667.8945972458
SORT1	-0.26503881410325	0.252915583945605	0.294669062457866	0.611258300486623	NO	0.506375664620979	0.440401001729826	-0.0659746628911524	0.305109823107318	21.9814862271458	7	5	880.080461428115
ZNF180	0.254995959481328	0.24335491451314	0.294714325928788	0.611258300486623	NO	0.137759052246367	0.170932528416958	0.0331734761705911	0.336359700532858	48.7978160432175	7	5	121.632905409828
CASTOR2	-0.134316915010342	0.128200003020446	0.294770477893274	0.611258300486623	NO	0.306300491161151	0.278525145814609	-0.0277753453465427	0.304743126284534	94.2337436460823	7	5	1467.91036935263
TIFA	0.36032975412362	0.343954945977311	0.294819516659417	0.611258300486623	NO	0.143840615445659	0.194125846338705	0.0502852308930462	0.312254373604193	21.0127536702284	7	5	53.8604920480736
EFNA5	-0.0784650842677319	0.074912231329236	0.294902742566503	0.611258300486623	NO	0.243501778628707	0.229340115328231	-0.0141616633004764	0.304108671887735	347.581316146629	7	5	869.522152140885
WDR41	-0.112639428195497	0.107578576578786	0.295079606566475	0.611320300456442	NO	0.144000910757233	0.130665299826224	-0.0133356109310092	0.305870229903227	339.337778864938	7	5	486.037688501455
ATF7IP	0.0948703686906733	0.0907132718211304	0.295641015989281	0.612178509962872	NO	0.263754585776718	0.282585206218823	0.0188306204421056	0.304309071111591	192.47821279022	7	5	627.379064797055
HEBP2	0.020960906425398	0.0200532550967134	0.295901874646098	0.612413830113318	NO	0.0464872842708414	0.0474252842709376	0.000938000000096174	0.308069038474826	21265.1972387715	7	5	475.187098631733
ATP2B2	-0.154857686068451	0.148258723999856	0.296249600249428	0.612828611157443	NO	0.126089571543428	0.109990020933075	-0.0160995506103527	0.312858056866133	156.830507632499	7	5	274.440761599179
ZNF10	-0.179888528859851	0.172320013416422	0.296521812160537	0.61308684820469	NO	0.201573718427599	0.174167281408977	-0.0274064370186228	0.30598435123275	61.8574064306718	7	5	373.359623478541
EGFR	0.469909973338035	0.450505517140817	0.296914657128514	0.613417170700245	NO	0.26392999811148	0.364535718754374	0.100605720642894	0.303429164332114	8.70964517475482	7	5	62.9117707454606
MAPRE2	-0.143415806654616	0.137524518360115	0.297023284821627	0.613417170700245	NO	0.374050916644136	0.341123190042775	-0.032927726601361	0.307914053733723	77.9625491130564	7	5	4635.44451442493
EFR3B	-0.103182915820174	0.0989676780345669	0.297137265820451	0.613417170700245	NO	0.417026248850115	0.392175698946881	-0.0248505499032342	0.307715269925055	153.492751317484	7	5	2201.08421409951
JAG2	0.128692984403525	0.123469884802459	0.29727139810858	0.613417170700245	NO	0.0727042250065106	0.081871974722631	0.00916774971612046	0.316904997170142	363.942011023859	7	5	158.962251443907
NKIRAS2	0.0744052006219732	0.0714098712180032	0.29743690419351	0.613454398336639	NO	0.213436539799175	0.226193913113951	0.0127573733147758	0.307369331422475	409.2304538747	7	5	1071.22220889981
RNASEH2B	-0.602258264729534	0.579889805587578	0.299003071674994	0.616378978279471	NO	0.383225170419846	0.2538582511108	-0.129366919309046	0.319278682914806	3.61160154090467	7	5	23.5831496309776
OAZ2	-0.0619737028223028	0.0597134030378756	0.299338744575827	0.616545269979501	NO	0.297038290277509	0.284262561117132	-0.0127757291603764	0.311321101800634	513.002762983555	7	5	1196.08493018463
RBSN	-0.312987349981545	0.301623809699216	0.299421598895004	0.616545269979501	NO	0.224198997289467	0.174458973030562	-0.0497400242589049	0.313628673715445	17.0203925629736	7	5	350.146848608627
RBM33	-0.126525494381734	0.121958710558099	0.299528363131868	0.616545269979501	NO	0.327152680405007	0.299932993689739	-0.0272196867152684	0.307783692620197	111.006120926285	7	5	218.082630562479
C16orf87	0.0838590660890274	0.080859080862347	0.299688602095836	0.616570022116063	NO	0.0791402852919299	0.0854714253992224	0.00633114010729245	0.311756001790393	768.774484803351	7	5	614.63684838296
ZNF326	-0.163745855450271	0.157984430394287	0.299983716624046	0.616872101411779	NO	0.14661731191262	0.127290810567305	-0.0193265013453148	0.311878880510193	127.30736779271	7	5	376.884691090957
GPR83	0.167647552080165	0.16193571461576	0.300541784231141	0.61747424124135	NO	0.515749863702401	0.557412623520132	0.0416627598177312	0.310428795275808	64.2335784774774	7	5	684.0364400405
BLOC1S2	0.0437854616855542	0.042296435113896	0.300573398681186	0.61747424124135	NO	0.0735183240440306	0.0765569568987096	0.00303863285467897	0.309680879435944	3466.63965366868	7	5	1695.79702765038
GNB5	-0.0842610008960292	0.0814602169580429	0.300957508287912	0.617841158333225	NO	0.0751120034286163	0.069463926555292	-0.00564807687332429	0.31821577843128	681.781548753421	7	5	962.434629803537
GPRIN3	-0.111874062105657	0.108177222004564	0.301054862434735	0.617841158333225	NO	0.131495971666472	0.119237567054288	-0.012258404612184	0.312051437903632	207.671764612197	7	5	415.31109275769
INPP4A	-0.176912651022599	0.17111714151372	0.301197564687447	0.617841158333225	NO	0.236640485493413	0.206181220227204	-0.0304592652662096	0.312987829533554	55.0503874900248	7	5	683.438468804272
NTNG2	0.0856320211589582	0.0829173175358126	0.30172564185294	0.618599091621735	NO	0.103826459113716	0.112068807962643	0.00824234884892658	0.324054496695022	717.373070468774	7	5	111.600342919331
ZNF711	-0.14220162825417	0.137733101377675	0.301864460575029	0.618599091621735	NO	0.190200320824755	0.169255806572059	-0.0209445142526961	0.309709154193901	99.448373120315	7	5	1130.75794743565
RAB33B	-0.227982838983003	0.221404437487137	0.303145151088449	0.620772620898653	NO	0.386476102744225	0.334003705721217	-0.0524723970230078	0.31387445688953	29.6306302891004	7	5	528.106915862991
CRK	0.0376641320512334	0.0365977886653035	0.303415383525795	0.620772620898653	NO	0.150235630761238	0.155107623498616	0.00487199273737787	0.31391395558701	1753.66452130348	7	5	1113.34667517687
RNF11	-0.126392829389483	0.122866510130163	0.303620477050745	0.620772620898653	NO	0.339154527195374	0.31142686088201	-0.0277276663133636	0.31467194343278	99.8424704903346	7	5	3710.01941729021
MON1B	0.131192866196504	0.127533972907524	0.303625578379169	0.620772620898653	NO	0.214978146205563	0.237944431360248	0.0229662851546847	0.311486772144844	100.621254129488	7	5	488.644114729035
VTI1B	0.0530016781423964	0.0515283556328391	0.303671222002105	0.620772620898653	NO	0.15070280606456	0.1576128797449	0.00691007368033986	0.31386130261001	1178.00663398942	7	5	2193.41186440092
FAM172A	-0.134307398623842	0.130640876048601	0.303918942025606	0.620973869757624	NO	0.483908634311489	0.450489008787907	-0.0334196255235816	0.314191748515093	85.0425663633963	7	5	495.710939129486
CDH6	-0.11205412253505	0.10907286623997	0.304263828103725	0.621373355381195	NO	0.154422153613853	0.140350214525822	-0.0140719390880312	0.315973627207749	212.670657995599	7	5	270.909492856434
SEPTIN7	-0.0462542300567437	0.0450381880840006	0.304420350179468	0.621387957186744	NO	0.0737638071167185	0.0706652343517821	-0.00309857276493647	0.314374417770878	3094.00452785291	7	5	3083.45265786283
OGFOD3	0.65568948717885	0.638735381549668	0.304635593510992	0.621417945405339	NO	0.248558430263918	0.389211935039246	0.140653504775328	0.303884355972421	2.43595955819136	7	5	35.1892983227215
SPPL2A	0.510117016287792	0.497145620098509	0.304848341542921	0.621417945405339	NO	0.225855572646027	0.327008683203306	0.101153110557279	0.323549479728267	5.75205631253791	7	5	100.841369864276
ADAM10	-0.0601874842446048	0.0586644000706093	0.304909182634477	0.621417945405339	NO	0.054532623038772	0.0515113447960684	-0.00302127824270356	0.311195605113555	2023.43754792554	7	5	514.453574993485
AQR	-0.118194731431711	0.115233128682207	0.305032558778294	0.621417945405339	NO	0.245335674051985	0.224115798304255	-0.02121987574773	0.311282010573335	136.763531777984	7	5	407.86119968476
RBM12B	-0.11195322933467	0.109200887351981	0.305266756291921	0.621590654025645	NO	0.255679037170684	0.234961825794695	-0.0207172113759886	0.31718170205259	137.95386832785	7	5	698.374642423128
MTMR12	-0.222755717543857	0.217403757769061	0.305543654484421	0.621850099146376	NO	0.200745571721733	0.167368004858567	-0.0333775668631661	0.317502649399001	35.4908831830533	7	5	162.579477860645
IKZF5	-0.130946322934618	0.127964044086838	0.306163376744862	0.622806673476101	NO	0.207441305726777	0.186735312502935	-0.0207059932238423	0.321697785044953	113.943295720478	7	5	472.889466018713
SNX2	0.0958882085336234	0.0937795506758533	0.30655128412433	0.62329097847371	NO	0.067752810425754	0.074066172517754	0.00631336209200005	0.322895806365005	615.602261073497	7	5	422.533494116214
SUPT7L	-0.0996214914861556	0.0974729772242568	0.306760950049252	0.623412580461597	NO	0.162458640031906	0.149355021628015	-0.0131036184038909	0.312202245559176	332.959180197152	7	5	539.053149414018
SLC7A6OS	-0.121236807817257	0.118878238557459	0.30780424938132	0.625163991708991	NO	0.326226604670388	0.300159509379986	-0.026067095290402	0.318443031860716	135.020476111535	7	5	426.070323708074
UQCC1	-0.0986635844981033	0.0967679757786161	0.307923321877818	0.625163991708991	NO	0.346645786701507	0.324650846394272	-0.021994940307235	0.322427264849886	165.959256848471	7	5	446.160078350124
ZNF791	-0.143471838568085	0.140866105305415	0.308441377627863	0.625910307771663	NO	0.104724559621669	0.0920155555159759	-0.0127090041056929	0.334080806173338	174.489773935699	7	5	511.809041823737
PPP2R2D	0.107830667981298	0.105906190740267	0.308596448006666	0.625919660510839	NO	0.11024196759062	0.121271810512518	0.0110298429218984	0.325792668994604	361.966076265753	7	5	330.640776522026
RPS23	-0.084939427391213	0.0835149977443605	0.309126802390137	0.626583141738457	NO	0.309448917739786	0.291597843508297	-0.0178510742314896	0.319974827659813	310.695150031617	7	5	1399.20806135423
MCMBP	-0.121504918079466	0.119496571997364	0.309245382078641	0.626583141738457	NO	0.282796755606236	0.258815194526425	-0.0239815610798108	0.319390051634324	108.199309588211	7	5	434.542865822396
ARHGAP12	-0.103421560787874	0.10176271877995	0.309486035461383	0.626583141738457	NO	0.275549131255302	0.255389856261179	-0.0201592749941229	0.31873041632077	156.483715843348	7	5	299.461015330538
MEX3A	-0.147624916012979	0.145269082551292	0.309526047180897	0.626583141738457	NO	0.28048736240073	0.25168036126491	-0.0288070011358196	0.322906980999097	86.7478792199728	7	5	574.775235916511
ABT1	0.125547148673446	0.123624678387194	0.30984331453946	0.626857181116098	NO	0.106142205240869	0.118655965585959	0.0125137603450905	0.318342725434461	295.040713654405	7	5	277.333849508686
ZNF24	-0.117849013887417	0.116073083345111	0.309962793643225	0.626857181116098	NO	0.277122601928722	0.254144546545806	-0.0229780553829154	0.324102401980879	146.999058555019	7	5	834.367213151461
KCNAB1	-0.402566433919714	0.397181446903317	0.310793706089599	0.628232175574699	NO	0.490495783523141	0.391600898236678	-0.0988948852864632	0.320217651231841	8.64519629275817	7	5	284.100400670127
STIM2	-0.152768585049979	0.150796017488906	0.311021457439512	0.628238144820206	NO	0.0996249970816234	0.0867351404826065	-0.0128898565990169	0.324999215737228	140.729622294392	7	5	319.501261239027
ACVR1	-0.149777746560413	0.147867399492389	0.311098696713852	0.628238144820206	NO	0.373987556061731	0.339634042142804	-0.0343535139189269	0.325239185281938	67.5666228369522	7	5	185.765126982123
CALD1	-0.159239789355176	0.157366502345508	0.311583968210406	0.628746982962881	NO	0.405248930036363	0.367517592624597	-0.0377313374117665	0.321029046574633	60.1180669049119	7	5	253.714995780443
RAP2B	0.135029417761885	0.133459965412225	0.311652951651312	0.628746982962881	NO	0.131721257705274	0.147946906554175	0.0162256488489008	0.326534495250942	188.937834211255	7	5	172.489418968759
ANTXR1	0.288971052462728	0.285864617108137	0.312080183140533	0.629209698907599	NO	0.232711824782997	0.288210621975654	0.0554987971926568	0.325199726827789	19.2157363905055	7	5	38.0638915784947
ZNF12	-0.0969769165830807	0.0959551617184054	0.312184812150309	0.629209698907599	NO	0.135596596038149	0.124626192481586	-0.0109704035565626	0.326317630963722	293.629524286472	7	5	399.74874837704
VCAN	-0.18043649727337	0.178684822059585	0.312589607734023	0.629660951747828	NO	0.353499364991928	0.313430677452156	-0.0400686875397723	0.326435376378285	47.0886913085337	7	5	324.21333279607
RNF13	-0.0935938780688712	0.0927307768094351	0.312827134942782	0.629660951747828	NO	0.181067822285375	0.167601315433738	-0.0134665068516371	0.321349850899143	264.121994050225	7	5	463.00508854749
TMED4	0.0930229217175457	0.0922068554967583	0.313046392615381	0.629660951747828	NO	0.268182260109533	0.286827620536176	0.018645360426643	0.322889204080497	245.096554360231	7	5	450.230523477252
ARHGAP26	-0.239783736678118	0.23769480921096	0.313076185160215	0.629660951747828	NO	0.312522727182462	0.26344577202775	-0.049076955154712	0.33391195248049	30.026152603655	7	5	192.67438956536
HEMK1	0.626776189222261	0.621745140897803	0.313410385357546	0.629660951747828	NO	0.142923679272165	0.237861449510899	0.0949377702387342	0.321936659087291	2.88781117171439	7	5	55.1310810762623
PEX26	-0.233638126459161	0.231801733605446	0.313491785886104	0.629660951747828	NO	0.23549138414481	0.196045311830565	-0.0394460723142449	0.325868552723293	32.1167008697657	7	5	171.489386921377
THG1L	-0.255750704649978	0.253826658258291	0.313656058018348	0.629660951747828	NO	0.255312505910561	0.209784139261208	-0.0455283666493531	0.322825403293326	26.7991917136406	7	5	60.2348764734706
ZFYVE16	-0.145803659378486	0.14484847919898	0.314129755309663	0.629660951747828	NO	0.160077012236463	0.141430543957336	-0.0186464682791273	0.330257907480405	150.517141620682	7	5	379.388021207386
STAT3	-0.0844423787893066	0.0839021289606588	0.314204418044702	0.629660951747828	NO	0.177424159872349	0.165433957306956	-0.011990202565393	0.321920174817591	332.353439779177	7	5	1463.53979940048
PDPK1	0.142817104909715	0.141911621525167	0.314232515022831	0.629660951747828	NO	0.284693000178661	0.314646859784404	0.0299538596057434	0.32538066796294	82.8655971475687	7	5	518.463685677312
SF3B3	-0.057781093538125	0.0574241051187845	0.314311340651169	0.629660951747828	NO	0.0917163143770557	0.0870151076333279	-0.00470120674372781	0.322380224422783	1065.25388998821	7	5	365.821721077259
ZNF398	-0.221809041349785	0.220465039764736	0.314369290768573	0.629660951747828	NO	0.235626739586143	0.198035770635921	-0.0375909689502217	0.325892535726892	34.5410926224008	7	5	263.019972178523
YPEL2	-0.490602081023143	0.487636546102571	0.314376393456788	0.629660951747828	NO	0.480668875404383	0.361706490300869	-0.118962385103515	0.321659897324633	5.75081379905112	7	5	130.406109213962
CNOT6L	-0.147500636025016	0.146792522706772	0.314981650498896	0.63006184586285	NO	0.388576972406236	0.354161046565508	-0.0344159258407283	0.322877625902056	72.3966204140496	7	5	227.005206304152
KIAA1549	-0.0992462114396444	0.0988041472716865	0.315150126974208	0.63006184586285	NO	0.406173002687161	0.382475285226908	-0.0236977174602533	0.324263448622674	150.309464469712	7	5	685.972990586561
PTPRN2	0.0644619589389731	0.0641789033649676	0.315180832159049	0.63006184586285	NO	0.373451313902737	0.388653220063291	0.0152019061605538	0.32360388192908	361.835374990129	7	5	801.42167224023
GLUL	0.0889060517665038	0.0885159441349904	0.315182380105911	0.63006184586285	NO	0.240835475263493	0.257462663236302	0.0166271879728088	0.327702799825473	237.758096802215	7	5	972.552463353569
UBQLN4	-0.214422005802423	0.213599669228768	0.315450969883693	0.630085178226015	NO	0.244323716891667	0.206928339135059	-0.0373953777566085	0.336884492953103	37.3534881673934	7	5	184.833992006134
RNF213	-0.361895658742456	0.36054201637524	0.31549697746269	0.630085178226015	NO	0.161894422619046	0.118564435630696	-0.0433299869883501	0.316577707557278	22.9293124239489	7	5	65.2737274331566
TAFA5	-0.098673643413579	0.0984094309047774	0.316012951950592	0.630812802358188	NO	0.364121030370791	0.341594739729163	-0.0225262906416278	0.329445017696678	169.261203293428	7	5	664.88705760507
KIF26B	0.155472866405028	0.155141461904637	0.3162778433868	0.630967396539278	NO	0.32704892878	0.362139532706364	0.0350906039263647	0.324752403479202	63.6948975364635	7	5	448.711798677034
LRRC8A	0.0993640706619208	0.0991760170588096	0.316393747399263	0.630967396539278	NO	0.298435244362342	0.319646642657767	0.0212113982954251	0.324400740979591	159.445469727041	7	5	588.428640552942
ISY1	0.146120292455463	0.145891655602943	0.316552684201618	0.630981871719565	NO	0.0657166427892844	0.0752778574781583	0.00956121468887397	0.337994031371253	262.041112422025	7	5	125.330517469418
FZD3	-0.0877580302081554	0.0878157739683977	0.31762883093069	0.632823724459612	NO	0.123418997279981	0.11423417536965	-0.0091848219103311	0.3229336728242	375.412688045552	7	5	807.578017613038
PAICS	-0.137000501920196	0.137244110149217	0.318170266058689	0.633318881000035	NO	0.248993542064409	0.224264093018511	-0.024729449045898	0.331545858760745	105.280428022205	7	5	388.438548840159
MGLL	0.110430770727963	0.110637392861935	0.318215142216875	0.633318881000035	NO	0.195093976215338	0.213020568252514	0.0179265920371758	0.334579584555459	231.67486686297	7	5	129.432708794943
GLTP	0.111872998549927	0.112168608564172	0.318587571457221	0.633318881000035	NO	0.285575227411619	0.308935804573189	0.02336057716157	0.323975517230286	143.151755395079	7	5	249.789277826961
HDAC4	-0.419981460681141	0.421185867558147	0.318696346796639	0.633318881000035	NO	0.626805854632893	0.524619227449607	-0.102186627183286	0.351870223591932	10.4813907921861	7	5	194.359897047195
EIF4E3	-0.0672425170604947	0.0674361140396721	0.318701811125271	0.633318881000035	NO	0.102610815221448	0.0965823611615018	-0.0060284540599464	0.328290030038375	765.056504875167	7	5	744.207886849645
OPCML	0.247178138753785	0.247935374367524	0.318790802118768	0.633318881000035	NO	0.323736889760852	0.380017732516655	0.0562808427558028	0.330919964006343	25.0029280074379	7	5	165.743321820871
NADK	0.0783529990882908	0.078674613533654	0.319292858699205	0.634013504624674	NO	0.169482626059391	0.180798722864	0.0113160968046093	0.327279556637121	361.78408980039	7	5	145.823566060209
NEU3	-0.393431888924566	0.395270615293828	0.319566950761052	0.634255016777661	NO	0.320261241613567	0.241219836825386	-0.0790414047881815	0.324663645804593	8.89967234053143	7	5	144.690393812436
FGD4	-0.0986237292258341	0.0991584321792167	0.319927154741012	0.63458653307717	NO	0.194934619933356	0.179920972046796	-0.0150136478865602	0.332915306575333	183.820551329572	7	5	500.455519608408
ANKRD28	0.107217199988053	0.107824784730818	0.320045165495028	0.63458653307717	NO	0.187869723631103	0.204778008543832	0.0169082849127295	0.324963325608771	171.318823027763	7	5	731.428000983076
PCDH10	0.181587800688131	0.182672107848744	0.320191618492543	0.63458653307717	NO	0.214507932662654	0.246684146966475	0.0321762143038205	0.327065767709848	55.3162089545656	7	5	409.227987086126
ZNF75D	-0.232071323643624	0.233588519277763	0.320463994702201	0.634657335457458	NO	0.289955171156473	0.244590777269209	-0.0453643938872637	0.325059031570405	30.982834560629	7	5	104.557616296029
CREB5	0.163560485857309	0.164653079073466	0.320532466777913	0.634657335457458	NO	0.198214983800384	0.225494706912361	0.0272797231119766	0.331455287595309	75.1626255423682	7	5	202.76662854225
KLHL28	0.146325634270596	0.147496804490799	0.321168408291567	0.635360450970848	NO	0.308804510249783	0.340876959769066	0.0320724495192838	0.334414759001654	107.860507538312	7	5	450.681430864509
NCKAP1	0.0150918923206469	0.0152134599777906	0.32119303567108	0.635360450970848	NO	0.0464889732591368	0.0471625603419997	0.000673587082862928	0.330115809912837	35970.6117735294	7	5	1342.30126988176
USP7	0.1178480948069	0.118861864999465	0.321455635250025	0.635577681863166	NO	0.113897889729199	0.126343625261215	0.0124457355320156	0.338057670485415	241.314157551951	7	5	418.397298360367
SPTSSB	0.148459137855451	0.149829050062382	0.321755493804842	0.635839910525086	NO	0.277695033679461	0.308430996005549	0.0307359623260878	0.334219694293809	76.9715876101004	7	5	173.794203039636
RAPH1	0.122180301303086	0.123343012347255	0.321893954703325	0.635839910525086	NO	0.363109666842352	0.391809530056092	0.0286998632137403	0.331916250780769	96.6943946624023	7	5	651.017458976142
RBFOX2	-0.0271125732069369	0.0273900639301183	0.322238188881941	0.635869503839742	NO	0.375494075433723	0.369158000457135	-0.00633607497658861	0.332158120266064	2036.75618268432	7	5	2344.27851311105
ANKIB1	-0.0460874642604593	0.0465765910976801	0.32241933243265	0.635869503839742	NO	0.224806905759742	0.216877275125597	-0.00792963063414409	0.330159601584441	905.39655693035	7	5	760.582582466302
NFX1	-0.207036631226502	0.20923831795992	0.322429518143017	0.635869503839742	NO	0.369489022138854	0.322687987631945	-0.0468010345069097	0.333560658777127	36.8279734909939	7	5	134.370538913005
UBA2	-0.0269677619958508	0.0272604882911898	0.322535027870376	0.635869503839742	NO	0.0436869097561672	0.0425740033746782	-0.00111290638148898	0.330833205346975	11046.6532981902	7	5	534.493111795324
TAOK1	-0.08487479614584	0.0858604707984538	0.322898024163313	0.635869503839742	NO	0.238370782042208	0.223305332006767	-0.0150654500354401	0.329718970163591	239.49813370506	7	5	1272.86763584251
BICD1	0.115520979106403	0.116939318114047	0.323215754457506	0.635869503839742	NO	0.388248053062853	0.416013183210669	0.0277651301478157	0.332942752052413	119.07279639716	7	5	981.03407698604
TECPR2	0.23491197278933	0.237830021265747	0.323284638625407	0.635869503839742	NO	0.25808717300173	0.305546681812306	0.0474595088105765	0.330602089192821	27.2474104993519	7	5	130.627225518392
RAB21	0.0584321070667748	0.0591681923605394	0.323368457469724	0.635869503839742	NO	0.118795666949025	0.125050064799441	0.00625439785041546	0.336768978742725	944.709179538689	7	5	1204.07960920545
ZNF592	0.160591472781333	0.162624773056965	0.323399061137908	0.635869503839742	NO	0.142304171256402	0.163052210084704	0.0207480388283028	0.336480879921268	97.3710490938948	7	5	146.236514548108
USP8	-0.0923853313423131	0.093562478121981	0.323437468780022	0.635869503839742	NO	0.0644253367194677	0.0590759065436842	-0.00534943017578356	0.34011634929453	608.595835166594	7	5	301.100199408884
GPAT4	-0.0672296274203182	0.0681623120052943	0.323977721701115	0.636630761585565	NO	0.103567822063349	0.0974903853797591	-0.00607743668359012	0.337691837090282	696.693816331729	7	5	345.751009732425
BRD4	0.137624100158757	0.139602226177035	0.324216409668801	0.636798991606332	NO	0.229649505190019	0.254896179303024	0.025246674113005	0.336013888576262	108.385998371843	7	5	200.641147913755
LIMS1	-0.233889137389845	0.237459066454445	0.324640708867143	0.637331452990711	NO	0.335282298811111	0.285308747062027	-0.0499735517490836	0.330667836511149	28.4821676672702	7	5	204.448794688116
SSX2IP	0.258699250123385	0.26292776433024	0.325156038138879	0.637970339472637	NO	0.30526158261927	0.36269939121854	0.0574378085992697	0.333468024931137	21.0349871277103	7	5	323.093548756543
VSTM4	0.508794824256114	0.517236098104457	0.325272858178236	0.637970339472637	NO	0.289283907928296	0.40370053842087	0.114416630492574	0.331119494509951	4.66023257414837	7	5	107.299266697316
METTL14	-0.106803264956599	0.108683382626308	0.325754635777708	0.638614177584952	NO	0.0555133233243147	0.0501720962469778	-0.00534122707733693	0.345875382054564	488.734942216716	7	5	214.228022702506
SYT7	-0.107895736602147	0.109909982784771	0.326260638980915	0.63917573330408	NO	0.306385302046948	0.283946532315143	-0.0224387697318051	0.335465988070675	126.483466584036	7	5	564.519033668676
RABIF	0.0739932505072351	0.075420329295689	0.326554117101022	0.63917573330408	NO	0.213816827244349	0.226518197805048	0.0127013705606984	0.335998448074591	451.916099199829	7	5	569.437326228132
GRIP2	-0.377947909021836	0.385316786341987	0.326653995281372	0.63917573330408	NO	0.295894576525417	0.223588948154215	-0.0723056283712014	0.352978992805229	10.0722293707597	7	5	88.3119919872264
WNK1	-0.0862728456348691	0.0879552188959368	0.32665567524146	0.63917573330408	NO	0.470833032866786	0.449405422300861	-0.021427610565925	0.33622843790933	194.299238575692	7	5	487.67113794925
ALDH6A1	-0.243999612916654	0.249106481740087	0.327333357260852	0.6400944236758	NO	0.195924127399388	0.160304288285428	-0.0356198391139601	0.333037908005595	32.1946211351297	7	5	130.67123950733
SORCS1	-0.322999457699681	0.329827655559945	0.327432916726467	0.6400944236758	NO	0.322764179811636	0.256527284229163	-0.0662368955824733	0.341883387515307	15.8409205983639	7	5	208.089005147861
SSBP2	-0.0965442625643929	0.0987524488410826	0.328252814971598	0.641096027338064	NO	0.113955029813893	0.104564313972528	-0.0093907158413646	0.342057816412359	353.066364696471	7	5	521.832153515875
CCR10	0.196387027666539	0.201011763653196	0.328572761556741	0.641096027338064	NO	0.0520881895114205	0.0626827092373804	0.0105945197259599	0.337248422516776	159.028398255668	7	5	37.7488989879319
FBXW2	0.101157695564174	0.103554702124266	0.32864205659817	0.641096027338064	NO	0.166562841722611	0.181082896655713	0.0145200549331024	0.336883812655946	240.836793123617	7	5	665.820732577822
AGPAT3	0.505892754963482	0.517932841070003	0.328691163907844	0.641096027338064	NO	0.242150989263661	0.346370885642875	0.104219896379214	0.334115565441221	5.09896744522852	7	5	270.704906223775
CTCF	0.168345253503769	0.172360604187529	0.328715823632714	0.641096027338064	NO	0.309621064322544	0.346706883405919	0.0370858190833743	0.336227941790837	49.4876223504719	7	5	261.546384600364
SOD2	-0.170733296103925	0.175205146214208	0.329820006256941	0.642147909612408	NO	0.423686836662512	0.3826323975311	-0.0410544391314123	0.338654075749542	47.7166831162829	7	5	480.023839610501
ARHGAP23	0.370190257238091	0.379926628659428	0.329871359674162	0.642147909612408	NO	0.387531052823831	0.47813595088936	0.0906048980655295	0.338963362784754	9.61229075845106	7	5	198.198187025382
DLGAP2	0.527260176486988	0.54121052552146	0.329945428347359	0.642147909612408	NO	0.288511577296496	0.407245587901478	0.118734010604982	0.335271744533815	3.94781715199519	7	5	106.020088858604
RAB12	-0.272188842011226	0.279409414003893	0.329978226262132	0.642147909612408	NO	0.556592023019527	0.488790225675692	-0.0678017973438351	0.346493272688297	21.0609687064551	7	4	94.026349378974
C1orf109	-0.172398006454916	0.176989187877428	0.330026978545992	0.642147909612408	NO	0.307416442438279	0.271975328370071	-0.0354411140682082	0.330184842461154	49.4967032907546	7	5	219.313459475254
NHLRC2	-0.194435255490559	0.199761396837302	0.330385598282987	0.642466473448841	NO	0.303189899949819	0.263745964068691	-0.0394439358811275	0.334753891487117	38.1199395092339	7	5	151.451662936609
CRTAP	-0.139933458904994	0.143800528740918	0.330499580091471	0.642466473448841	NO	0.0933988486652655	0.0822050662087405	-0.0111937824565249	0.344692204537352	162.938449034019	7	5	183.511460185166
PDHA1	-0.0606126422008592	0.0623205756128297	0.330754932116605	0.642662549091582	NO	0.159443228314942	0.151486534518045	-0.00795669379689626	0.338067694384651	720.105811345459	7	5	617.006345350618
MYO18A	-0.148466526116051	0.152731117465561	0.331011853714569	0.642861489940526	NO	0.0661164512348277	0.0575189867424037	-0.00859746449242398	0.348185194158225	238.018794570954	7	5	296.573375093894
MICALL1	0.200722059679432	0.206897043052069	0.331969577304072	0.644420644696659	NO	0.110306147305828	0.131598824995439	0.0212926776896102	0.334628535492035	77.0880899497458	7	5	167.2493953919
ZNF260	-0.169874157502023	0.175206155887967	0.332262224708359	0.644650284678508	NO	0.225568286630716	0.197280192061352	-0.0282880945693639	0.34018495499826	56.1233428794382	7	5	435.333410522402
PLXDC2	-0.192275137278978	0.198365873850783	0.332397803037356	0.644650284678508	NO	0.173958913933682	0.148034521730015	-0.0259243922036671	0.339656678917386	52.4333446917642	7	5	286.301940452508
TMEM268	0.0821862511179759	0.0848627995948524	0.332814544128454	0.645157736987124	NO	0.257805327600785	0.273841157031948	0.0160358294311631	0.344139351373215	225.338180117251	7	5	405.668387818588
MGMT	0.0501822443272698	0.0518539145735942	0.333163281996753	0.645450405403019	NO	0.057627716385592	0.0604142252440322	0.00278650885844023	0.342518486607763	2864.15380456356	7	5	38.1116565532101
VTA1	0.0740199375392565	0.0765034982099182	0.333275834328289	0.645450405403019	NO	0.0559772622706483	0.0600197755112028	0.00404251324055453	0.346138596085703	1121.06195011161	7	5	1638.44293131937
CACNB2	-0.186510803531453	0.193055005928544	0.333993205563336	0.646538732035122	NO	0.0910418839293695	0.0767398330773133	-0.0143020508520562	0.349079285724781	102.786354750297	7	5	214.665080342756
DCHS2	0.468432611860918	0.485268421745818	0.33439147175731	0.647008615121121	NO	0.190034218076941	0.272622957343588	0.0825887392666464	0.340710348183266	6.37632254423116	7	5	80.7674153979981
ZNF512B	0.316818830315654	0.32860582901293	0.33498061276741	0.64710205724043	NO	0.443408854197067	0.522355124808392	0.0789462706113248	0.344736067362745	15.7141350954518	7	5	122.877559777011
RAP1GDS1	-0.0674106777763634	0.0699212210550946	0.33499845581855	0.64710205724043	NO	0.224730220965039	0.213203742525874	-0.0115264784391647	0.346753226217666	511.394767655316	7	5	987.253386950624
CCNF	-0.200968321671891	0.20845414422868	0.33500136913131	0.64710205724043	NO	0.279687140472889	0.24104070191249	-0.0386464385603991	0.348884641097059	36.7567703620086	7	5	126.062537784133
NLGN1	0.226169372035204	0.23468954640307	0.335198371197414	0.64710205724043	NO	0.105174810444895	0.1284386185322	0.0232638080873049	0.342898169894496	36.8998645659138	7	5	214.430470987798
TNFRSF10B	0.285849680441493	0.296629870781757	0.33521753205604	0.64710205724043	NO	0.345918116705107	0.413096115084364	0.0671779983792568	0.343411528161795	15.7622688510802	7	5	343.338257603815
SMIM13	0.107031455559421	0.111128431059515	0.335480799351112	0.647309891141292	NO	0.497186622681607	0.523926169331161	0.0267395466495537	0.34470995762076	124.718094442426	7	5	830.519765994153
KIF1B	-0.0775704515400816	0.0805949498842568	0.335812132188685	0.6473349484141	NO	0.311459684890834	0.295072386877838	-0.0163872980129957	0.343888567328632	234.559496765437	7	5	2766.54079535605
VPS36	-0.142877352242895	0.148540777924598	0.336113441460914	0.6473349484141	NO	0.425485244444817	0.390985199482868	-0.0345000449619486	0.345161140032335	65.9130298508247	7	5	791.586573498838
ACE	-0.625816333045088	0.650623242724155	0.336113863976191	0.6473349484141	NO	0.341748396465262	0.217324120033762	-0.1244242764315	0.345510209415381	2.93874790663343	7	4	12.1462125684877
CBLL1	-0.0843358734763105	0.0876793149603201	0.336116223215013	0.6473349484141	NO	0.210596633200924	0.196918116792135	-0.0136785164087885	0.341673991789226	283.580919118512	7	5	503.716946103316
AHR	0.247964685630844	0.257908180607467	0.336328165321192	0.647443390900582	NO	0.312291726754708	0.367847486993231	0.0555557602385236	0.35000708208646	21.6934788230981	7	5	135.139431504596
ZNF660	-0.242667632397439	0.252539400240211	0.336597427640052	0.647462358969563	NO	0.260204691885459	0.216263961597853	-0.0439407302876057	0.349754852910958	29.6827129359483	7	5	82.4035830062287
NMNAT1	0.20718033275057	0.215734391663189	0.336879537252903	0.647462358969563	NO	0.128472530135793	0.153507496368056	0.0250349662322639	0.342983950228604	56.7078822916425	7	5	55.7159048941831
SPIN4	-0.223440033417199	0.232688061297085	0.336926547954798	0.647462358969563	NO	0.25679911090832	0.216511569981286	-0.040287540927034	0.345325600843822	29.3826900021028	7	5	385.951800246316
FHL1	0.0944417406662772	0.0983893681852151	0.337116871902938	0.647462358969563	NO	0.320195914620615	0.341092408831988	0.0208964942113726	0.348495389995583	180.106688545649	7	5	1385.51287218472
ZNF92	0.120323998266355	0.125355657092468	0.337125209277351	0.647462358969563	NO	0.191512557219418	0.210836966279375	0.0193244090599565	0.356134528420978	128.720662993325	7	5	292.662010420466
MBTD1	-0.290701958102296	0.303106831849897	0.337521340338543	0.647462358969563	NO	0.583808819496282	0.511929456632113	-0.0718793628641696	0.346903093641201	17.4693351141563	7	5	129.541103912119
CAMK4	-0.156458263405444	0.16317822437592	0.33765030174189	0.647462358969563	NO	0.268319257444658	0.238735429920349	-0.0295838275243087	0.345659064035081	64.1064361740485	7	5	607.450640309068
CEND1	-0.0658172284845389	0.0686535890156302	0.337716998530207	0.647462358969563	NO	0.209378857101861	0.198691794298216	-0.0106870628036457	0.346125607623398	457.64642126399	7	5	681.828491822425
SEC62	-0.0459760271983402	0.0479732712033307	0.337877443786967	0.647462358969563	NO	0.0607556547430557	0.0581844379789997	-0.00257121676405601	0.348461735971872	2247.06939481539	7	5	1996.9708909966
NAA25	-0.126869401782007	0.132386824816798	0.337899670814029	0.647462358969563	NO	0.42271000272133	0.392091829050705	-0.0306181736706248	0.347043837297727	85.0388898939353	7	5	336.783871392335
LHFPL3	-0.50864228645876	0.53107638436338	0.338185153101943	0.647462358969563	NO	0.411099834997237	0.295657539502494	-0.115442295494743	0.351246196945393	4.53362808902472	7	5	139.449983843757
DYNLT3	-0.0628435571813058	0.0656181161549032	0.338205698567514	0.647462358969563	NO	0.361523088902675	0.347147114712838	-0.014375974189837	0.348383476630338	357.601416287028	7	5	1432.69060409731
CCDC85C	0.208139642617401	0.217584733442405	0.338773629112795	0.647996016577352	NO	0.136987323212165	0.163501666216962	0.0265143430047976	0.344816618957052	38.2746668821511	7	5	134.42218806919
TGOLN2	-0.0924188360489705	0.0966171493386003	0.338795994244169	0.647996016577352	NO	0.181852933115213	0.168504610239071	-0.0133483228761422	0.347543818742943	183.777135919673	7	5	1279.23431064127
TRIP12	-0.102270611321382	0.107025861452861	0.339289954415939	0.648218031142679	NO	0.151001698486089	0.13835306817023	-0.0126486303158591	0.343272494683941	253.477084885721	7	5	557.848708045366
ZNF681	-0.240762214274922	0.252004570569261	0.339381376535321	0.648218031142679	NO	0.146810429672299	0.119139749666467	-0.0276706800058323	0.346439208256158	35.9653903176686	7	5	154.58303841303
PAQR8	-0.223187977431769	0.233670741043129	0.339507539686139	0.648218031142679	NO	0.188485036731794	0.15668909001014	-0.0317959467216547	0.35080063743948	38.5620983660544	7	5	366.525092020794
CD164	-0.0986825121270395	0.103323414955066	0.339535358139399	0.648218031142679	NO	0.215034334889516	0.19884564232195	-0.0161886925675654	0.350732670500976	181.347547572154	7	5	1003.15000730811
IMPG2	-0.617460526456026	0.646911640588381	0.339843619188506	0.648365442897518	NO	0.862454020709252	0.771775349341792	-0.0906786713674607	0.370418988248163	2.37101124376583	7	5	36.9505339692652
HIC2	0.131435420506255	0.137795178559041	0.340161451653445	0.648365442897518	NO	0.256817420267307	0.282693303560382	0.0258758832930742	0.349496160256657	90.2870466371715	7	5	205.516360012339
PAN3	-0.0784486773869637	0.0822478661351431	0.340180810327418	0.648365442897518	NO	0.447480044278283	0.428173708180307	-0.0193063360979763	0.349150087328644	220.137710541761	7	5	496.40830369983
TMPO	-0.174503488611972	0.182975424314708	0.340236000443577	0.648365442897518	NO	0.403533429686648	0.362329574277029	-0.0412038554096197	0.35068043417434	43.813079166481	7	5	145.364435429749
DDX55	-0.193247372952984	0.202960853576566	0.341025421031412	0.649320788838059	NO	0.287225765278833	0.249338471928969	-0.0378872933498647	0.34755607128648	41.4068573178617	7	5	95.9528157663026
EFHD2	0.14345771850577	0.150676062155417	0.341049500868067	0.649320788838059	NO	0.234081176592322	0.260773817599304	0.026692641006982	0.347901016910954	83.5766221821755	7	5	133.626282543158
ZNF597	0.143784652776704	0.151176187228936	0.341550320615809	0.649805737681438	NO	0.134581846721286	0.15222499601654	0.0176431492952545	0.363153899783507	124.556602651924	7	5	95.3676777712921
USP25	-0.161020475432491	0.169397029809382	0.341832474682281	0.649805737681438	NO	0.184965027204945	0.161910018169465	-0.0230550090354797	0.35489171964383	80.8600525249578	7	5	127.628302756649
ARHGAP32	-0.113182698286121	0.119071687513926	0.341836674874406	0.649805737681438	NO	0.0735404329795497	0.0661915982912878	-0.00734883468826189	0.350386371549947	258.783312229833	7	5	327.547841728865
ZNF440	-0.282416054450657	0.297240985271937	0.342048804320615	0.649805737681438	NO	0.151329338151912	0.118508701390182	-0.0328206367617305	0.360117220693184	24.6805089151248	7	5	97.3853739741848
EYA3	0.323325509966973	0.340323591479598	0.342085232096719	0.649805737681438	NO	0.50434472630173	0.58436172989246	0.0800170035907301	0.352984465398821	14.4086568027095	7	5	174.531341153298
CCDC50	-0.0913016251893978	0.0962274183995332	0.342716787957114	0.65070827836677	NO	0.373572633607858	0.352464889421969	-0.0211077441858891	0.352390782013142	161.916565835523	7	5	1472.76101176039
CTXN2	0.156217009065299	0.164755900053274	0.343041658631303	0.651027965285684	NO	0.0710126434446458	0.082034480095336	0.0110218366506902	0.360784540064446	191.650070680057	7	5	120.13951886747
MFHAS1	-0.188189050725692	0.19880145174894	0.343833422018866	0.652233030368665	NO	0.481340653714574	0.434660513615545	-0.0466801400990294	0.351475611288966	36.0443523374765	7	5	256.82356157273
SYN3	-0.539717600775913	0.570485284051291	0.344114146258641	0.652468025722855	NO	0.225524132127006	0.145110471113397	-0.0804136610136088	0.35997555497199	4.72981279308487	7	4	82.8595737424127
SLC22A23	-0.143923441083496	0.152182792424231	0.344287628373851	0.652499559924929	NO	0.337961845239709	0.30654673464467	-0.0314151105950392	0.35592588280485	65.6718957214949	7	5	371.430454203488
DNAJC3	0.218391339797657	0.2313213957182	0.345116759917287	0.653241507679569	NO	0.629498800185398	0.678842744028475	0.0493439438430777	0.351978371426477	36.0472526177514	7	5	344.764095249346
ZFAND5	-0.11750281648486	0.124524757466033	0.345368938779153	0.653241507679569	NO	0.21080124506454	0.191916457071152	-0.0188847879933877	0.351988797444329	132.394705409088	7	5	2697.52147934147
ELK4	0.361742665154639	0.383528316998875	0.345580271417087	0.653241507679569	NO	0.331610990676785	0.416012293380945	0.0844013027041596	0.363009001627938	9.367776730058	7	5	129.803072674786
SLC25A3	-0.037267874740666	0.0395124572619789	0.345582172006846	0.653241507679569	NO	0.061399081098033	0.0592861440603144	-0.00211293703771852	0.356303185841093	3651.66879662101	7	5	1325.6755375313
IL13RA1	-0.111617874990701	0.118343160620389	0.345593280642905	0.653241507679569	NO	0.327260771409361	0.303176219471898	-0.0240845519374633	0.354416520638293	109.651998390546	7	5	625.738742083722
LNPK	-0.0558803074983507	0.0592582366722031	0.345682712839121	0.653241507679569	NO	0.115693270270206	0.110097867136963	-0.00559540313324353	0.357793738160289	787.717341414599	7	5	1209.17974299174
SPATA5	0.423039988725686	0.448784115842188	0.345867204975936	0.653241507679569	NO	0.313136387201443	0.410364945144572	0.0972285579431287	0.361335528177949	6.75458198838344	7	5	28.4367440114205
ZNF792	0.242936346797392	0.257789866973371	0.345997463995378	0.653241507679569	NO	0.192196462800405	0.23274702399116	0.0405505611907547	0.354061817892616	27.502516505211	7	5	55.050422210459
ZKSCAN5	-0.158384211099761	0.168101154623183	0.34609237570331	0.653241507679569	NO	0.124949261985917	0.108635196105841	-0.016314065880076	0.349995262638355	98.2822814586924	7	5	236.057041741382
STC2	-0.394948984444323	0.419505276181377	0.346467289294247	0.653652572999576	NO	0.22299246339658	0.162021817897517	-0.0609706454990623	0.341713207194607	10.9768061636948	7	4	21.7206692938165
RBX1	-0.053623426260418	0.056983095535474	0.346683875197887	0.653764696656034	NO	0.0546201872084888	0.051916464168477	-0.00270372304001189	0.358156366813774	2262.96596469685	7	5	1146.57181281755
FBRSL1	-0.0742420251858588	0.0789359069165489	0.34694293277817	0.653866866920745	NO	0.161237055043085	0.151447301204244	-0.00978975383884118	0.361793830769704	458.831791322778	7	5	243.587944498725
KATNBL1	-0.0705661919834151	0.075044709548189	0.347052413981011	0.653866866920745	NO	0.258697251682918	0.245396563051162	-0.0133006886317554	0.358456628754885	350.086826487465	7	5	338.088970053053
SNCA	0.0676494656377652	0.0720389495353694	0.347695879782659	0.654295443957144	NO	0.262132427266706	0.27542596557621	0.0132935383095046	0.358400253945024	420.65017600777	7	5	1746.38370282185
GET4	0.157449046984566	0.167723507005408	0.34786338755567	0.654295443957144	NO	0.380077399634428	0.417809854366791	0.0377324547323633	0.35576535226465	53.3082816832669	7	5	253.141671998991
LRRC4	0.104490915268	0.11133204147048	0.347960783549888	0.654295443957144	NO	0.0845871661859243	0.0930372290432325	0.00845006285730814	0.355871021593144	373.905072134494	7	5	103.977924868542
USP14	-0.0486455343224224	0.0518552185965139	0.348191498185808	0.654295443957144	NO	0.212565082903866	0.20453657765418	-0.00802850524968546	0.354978179173136	747.805053282231	7	5	1639.88839623583
TMEM67	-0.329373411982138	0.351140921741803	0.348239686733418	0.654295443957144	NO	0.251160956692249	0.194379010252282	-0.0567819464399669	0.351771893088133	14.9246952561483	7	5	47.4582507254628
SGCD	-0.302025980623012	0.322033528858222	0.348310591778767	0.654295443957144	NO	0.219724094371628	0.17231607393452	-0.0474080204371083	0.353950005862536	14.961532736986	7	5	130.811570055521
MINAR1	-0.357814782823181	0.38157365583866	0.34838086739545	0.654295443957144	NO	0.432810454549715	0.347916878782685	-0.0848935757670301	0.364015070279727	10.5815822925964	7	5	262.234909983211
CCND2	-0.205296344840974	0.219044630857122	0.348637571903381	0.65448208443956	NO	0.49972482171705	0.448583134797039	-0.0511416869200105	0.35685761475121	33.0030089023334	7	5	440.525852880957
SRGAP2	-0.144545626994433	0.154329651527515	0.348962766965012	0.654797072879769	NO	0.378486601664573	0.345128454728905	-0.0333581469356679	0.360144613451933	66.1627264906546	7	5	299.400018179942
FSTL3	0.176980669414944	0.18909691021505	0.349311413024253	0.655155761127544	NO	0.312093992452424	0.351291490469688	0.0391974980172641	0.360641045099921	47.2483599354427	7	5	95.6603460973502
CCAR1	0.108634498858106	0.116140818777209	0.349598267621418	0.65539828449982	NO	0.0900043058895703	0.0993070490619192	0.00930274317234893	0.366489687707079	304.612579378329	7	5	260.676346586149
FTO	-0.0452554108110526	0.0484074196499083	0.349847139170719	0.655569413941528	NO	0.0620285783927435	0.0594471772192519	-0.00258140117349161	0.354888225335421	3280.68479203032	7	5	1502.05671142529
LAMP2	-0.430721678196563	0.461295269341486	0.350447160674853	0.656193838424508	NO	0.114030733010396	0.0772054948124849	-0.0368252381979107	0.383614235997386	14.1007083185515	7	5	36.263294806072
CREB1	-0.0885325642037042	0.0948292114105707	0.350510197682233	0.656193838424508	NO	0.196899541481971	0.183274396231152	-0.0136251452508195	0.355754515999302	222.023781417023	7	5	605.649077838955
ELAVL3	0.0721366215357204	0.0772901506798308	0.350653582408097	0.656193838424508	NO	0.345839005415044	0.362335084240191	0.0164960788251463	0.360334705095196	253.963376572877	7	5	1201.23340042165
PKP4	-0.131769267530182	0.141311975558765	0.351093355777785	0.656721384908087	NO	0.0927419825851227	0.0822339034194322	-0.0105080791656905	0.347605025556087	256.055954442066	7	5	87.0766905215251
TMEM132B	-0.0824835040588757	0.0885482135731036	0.351590061612791	0.65715423023967	NO	0.227902342023938	0.213714770976546	-0.0141875710473917	0.360869550031854	214.016645832994	7	5	1077.64776182273
ZNF254	-0.097841091276698	0.105062848406829	0.351717792851357	0.65715423023967	NO	0.158007818227958	0.145422076246834	-0.0125857419811247	0.359779570175779	202.493585715205	7	5	461.977157128573
ENTR1	-0.104545282522907	0.112280737687264	0.351798670851862	0.65715423023967	NO	0.321846552263967	0.299465586727995	-0.0223809655359722	0.360046564301046	124.723486252832	7	5	126.038340800792
KDM5A	-0.223322824665504	0.240072348183353	0.352251313095002	0.657602833711501	NO	0.142365337379298	0.11721162128096	-0.0251537160983377	0.369486534692947	56.339923317787	7	5	143.387755361035
STX7	0.0459769043245813	0.0494358781006179	0.352354979890129	0.657602833711501	NO	0.0499214603766769	0.0521477909153323	0.00222633053865545	0.360657715937069	2772.12758254021	7	5	1807.12564458113
TRIO	-0.160123215833549	0.17236474659134	0.352900011896526	0.658114738061177	NO	0.270818929726715	0.240380446737434	-0.030438482989281	0.360217988068347	53.6992609909632	7	5	337.019252684944
CPSF2	-0.085003625845835	0.0915385148845255	0.353090979638683	0.658114738061177	NO	0.111632582300864	0.103476861194421	-0.0081557211064433	0.364370520497053	466.522968341177	7	5	176.924107290322
CELSR2	0.294587199344501	0.317263941349725	0.353135799062741	0.658114738061177	NO	0.364676405085941	0.435231738465596	0.0705553333796544	0.359960324661409	14.6074177909878	7	5	273.706130722199
C3orf14	-0.0469587047088996	0.0505947089937012	0.353337705397192	0.658114738061177	NO	0.0905946006643692	0.0867994630246223	-0.00379513763974695	0.360256886645204	1540.72776350559	7	5	1360.4491481759
SPOCK2	-0.0899354232866255	0.0969157286711431	0.353420270391507	0.658114738061177	NO	0.345956820429493	0.325898474582673	-0.0200583458468198	0.361137125610123	176.565884738233	7	5	1848.07818635946
KHNYN	-0.176864840314122	0.19072542512942	0.353756768974077	0.658446603549065	NO	0.632917719314548	0.590948925184267	-0.0419687941302815	0.367076522164417	54.5386045836292	7	5	456.458102995422
COMMD8	0.137872808681803	0.148796190806887	0.354140334713042	0.658606028162362	NO	0.319816085579566	0.350522267280543	0.0307061817009763	0.369771520211944	70.2665375507289	7	5	277.992309707536
CHRNB2	-0.126286283313458	0.136301810384693	0.354176075218158	0.658606028162362	NO	0.173924246612333	0.156519930028667	-0.017404316583666	0.366505267516972	100.455858489053	7	5	439.240158012618
SMTNL2	-0.219227694128351	0.236731694930243	0.354414930045162	0.658606028162362	NO	0.312351749486529	0.267297950516832	-0.0450537989696967	0.367728588374913	34.9019694621716	7	4	35.3353980725033
AVL9	-0.260775791291627	0.2816327158566	0.354475696407579	0.658606028162362	NO	0.45174130076326	0.388311960853058	-0.0634293399102016	0.365586262885539	19.8929087508319	7	5	446.75896273042
ZFAND3	-0.0988561120370923	0.106969009528016	0.355404808098385	0.659400106624395	NO	0.443455683221337	0.419212974100068	-0.0242427091212697	0.363749541300567	133.951201387919	7	5	508.076167025994
DHFR	-0.399183009948753	0.432062467927677	0.355537785547921	0.659400106624395	NO	0.559998118973391	0.460574866181437	-0.0994232527919536	0.364825612969997	7.29785541785334	7	5	44.427615339356
IP6K1	-0.190900754115452	0.206634408566218	0.355560498022773	0.659400106624395	NO	0.266450221052159	0.230833857516522	-0.0356163635356364	0.369682155610862	37.7227006494684	7	5	479.511389379531
LRP8	0.0972767815864689	0.105336297909307	0.355753077176987	0.659400106624395	NO	0.0974221350188702	0.106317113135144	0.00889497811627411	0.36903325435497	370.648727659072	7	5	468.79049415699
ABCA5	-0.140083795664764	0.151766573990668	0.355996052929826	0.659400106624395	NO	0.147733560344304	0.13095141994251	-0.0167821404017945	0.37014439308464	121.355359164637	7	5	152.933155178751
LRRK1	0.501029931962888	0.542885918488354	0.356058823543706	0.659400106624395	NO	0.525968711635655	0.64679901118926	0.120830299553606	0.371414685640364	3.89219436161481	7	5	44.0923270895393
COPZ1	-0.0935441556740133	0.101469869049913	0.356585451457147	0.659400106624395	NO	0.282774885312492	0.264194004591907	-0.0185808807205852	0.364884947105241	174.169849427351	7	5	1170.66029482826
PPP2R1A	0.0100279024905119	0.0108783374648696	0.356620869308385	0.659400106624395	NO	0.0426569364421552	0.0430683324206536	0.000411395978498375	0.365465820243466	75141.9311844555	7	5	1294.02379645221
KLHL36	0.328694951528668	0.356596428098634	0.35665578352311	0.659400106624395	NO	0.234245113001541	0.298217776954762	0.0639726639532211	0.368683228788772	11.2440806260964	7	5	208.010192625414
PGBD5	0.120333646605054	0.13057517674302	0.356754987003292	0.659400106624395	NO	0.103163881714729	0.114840800389259	0.0116769186745304	0.371511867253688	197.644680468179	7	5	315.567537203085
FBXO33	-0.135453017510562	0.147027925658252	0.356907348157051	0.659400106624395	NO	0.16347783058717	0.145787656674594	-0.0176901739125763	0.360072406361041	101.07788516584	7	5	221.436573853492
N4BP3	0.344726943981695	0.374414393357378	0.357202038152226	0.659400106624395	NO	0.38016993975318	0.464037199196537	0.083867259443357	0.366621416944325	9.90155911772586	7	5	75.8978156168589
ATG7	0.290552714057753	0.315654207641866	0.357323090118856	0.659400106624395	NO	0.496300977328469	0.568505531867734	0.0722045545392655	0.364902490783367	13.8812867830915	7	5	296.36266504791
MYO6	-0.191170976298405	0.207725847546185	0.357413798910053	0.659400106624395	NO	0.223291363651572	0.191892652897841	-0.0313987107537305	0.365290940285987	49.9027091314165	7	5	224.747817264089
C14orf28	0.357912143363537	0.389055675699162	0.357598385409732	0.659400106624395	NO	0.248502275991169	0.321103751134628	0.072601475143459	0.363311621190947	9.0456527822651	7	5	65.3293932676902
POMT2	-0.209086329083009	0.227341907066538	0.357729605172599	0.659400106624395	NO	0.362298886002573	0.315509384940734	-0.0467895010618392	0.360918412965438	35.0991471449776	7	5	87.1627947706782
SMC2	0.319827519504569	0.348053106510306	0.358145595581863	0.659400106624395	NO	0.294537432798175	0.365024928865737	0.0704874960675621	0.367599584919216	12.2220906205841	7	5	182.898905962923
LDB2	0.201490471429101	0.219282400537894	0.35816726597458	0.659400106624395	NO	0.324082011776342	0.36968120908852	0.0455991973121776	0.370119674799729	31.4678254118278	7	5	90.8693973709602
ZNF414	0.0359847715418914	0.039166628740766	0.3582205882833	0.659400106624395	NO	0.045370287349714	0.0469546014746389	0.00158431412492489	0.372492023645394	5691.30640365862	7	5	13.5663960718138
OSBPL10	-0.401506895191697	0.437184230721122	0.358413204415959	0.659400106624395	NO	0.390770344966187	0.300360420818987	-0.0904099241472003	0.370512443814034	6.92666911326656	7	5	195.332414371585
SYNE3	0.458279464662394	0.499118848293455	0.35852618910963	0.659400106624395	NO	0.667779520084618	0.760685002180321	0.0929054820957032	0.389517399177621	6.49540495935998	7	5	26.3780393169896
SPAST	-0.168861029671338	0.183931826022039	0.358585811088527	0.659400106624395	NO	0.339023869962698	0.302270698414677	-0.0367531715480214	0.366965890652034	43.7170647208419	7	5	948.485080853698
STK40	0.0923189784457056	0.100615886886506	0.358860379529081	0.659400106624395	NO	0.322382330016009	0.342871005123542	0.0204886751075337	0.368259483556213	148.559871365946	7	5	351.110352341603
ARF3	-0.0614901353387826	0.0670178711957504	0.358871013447637	0.659400106624395	NO	0.267390358711049	0.255518433652737	-0.0118719250583117	0.364422350059355	474.387847093996	7	5	1538.4523063007
STARD13	0.259952775974205	0.283380895266714	0.35897162831638	0.659400106624395	NO	0.400642669321479	0.464351772425839	0.0637091031043593	0.366767432678133	18.1667773570591	7	5	163.374915592775
DUSP18	0.129782128130367	0.141499906563437	0.359043719816899	0.659400106624395	NO	0.133368340081111	0.149094957232999	0.0157266171518879	0.373886234969303	113.989178399112	7	5	333.400575422507
NPR3	0.4375501725651	0.4772236569856	0.359212832646093	0.659400106624395	NO	0.495121545086154	0.603013122769201	0.107891577683047	0.367631117531061	5.75016654525677	7	5	61.2074601874464
DDX17	-0.0601650191091257	0.0656816655255778	0.359661995976147	0.659400106624395	NO	0.591645037942783	0.577032936844209	-0.0146121010985747	0.368125109968877	357.935070977309	7	5	1835.66298806152
ZNF25	-0.190150041352394	0.207587182474039	0.359666434539326	0.659400106624395	NO	0.19349727337599	0.165536968363705	-0.027960305012285	0.369390499478689	44.6830688359144	7	5	1007.31379170118
ZNF436	0.125325580141607	0.136919624386529	0.360022476073186	0.659400106624395	NO	0.101811894401992	0.113857813440811	0.0120459190388183	0.366664382551859	153.07658555188	7	5	565.339657089982
FBXL18	0.206767214605642	0.225911701563509	0.360056847265111	0.659400106624395	NO	0.313658500052236	0.359783649898158	0.0461251498459225	0.370698302189357	29.9351409208863	7	5	170.145712744123
RTF1	-0.160481492287649	0.175442568972451	0.360336649903753	0.659400106624395	NO	0.35839952663381	0.322392399098175	-0.0360071275356353	0.374382535515857	48.3082889055788	7	5	527.295265319865
TBC1D5	-0.108332594293464	0.118463906680934	0.360465919657512	0.659400106624395	NO	0.364511024300225	0.339803380490213	-0.0247076438100118	0.369096508919933	106.95855006543	7	5	324.623321763622
UBE2J1	-0.0737693532610219	0.0806873928761296	0.360579608978941	0.659400106624395	NO	0.301234383917226	0.285937736399817	-0.0152966475174087	0.370039868316732	251.221548648001	7	5	1516.35793868173
TMEM199	0.0806372346324551	0.0882000142733533	0.360583283565442	0.659400106624395	NO	0.114453299306511	0.122883713802541	0.00843041449602955	0.364578848154281	476.423899449167	7	5	568.706959807702
SCO1	0.0723472661826319	0.0791401229717686	0.360629251416991	0.659400106624395	NO	0.0628004914656417	0.0671957094805784	0.0043952180149367	0.369525206884014	870.200631432627	7	5	263.213429054219
VEZF1	-0.109316545057466	0.119624448828478	0.360805587095418	0.659400106624395	NO	0.32139079905508	0.298028406808459	-0.0233623922466202	0.366249492204334	112.292243235127	7	5	468.621635963267
QSER1	-0.125500602340737	0.137369135212325	0.360926452592247	0.659400106624395	NO	0.32572039713589	0.298781681562919	-0.0269387155729711	0.369193768972203	81.0863787001513	7	5	239.380980612859
KIAA1958	-0.232642393822095	0.254872307521703	0.361358158012735	0.659899006730895	NO	0.15015732066787	0.122818088085429	-0.0273392325824405	0.382285984150855	33.9242158941178	7	5	106.307771007416
SAP30L	0.290326510043223	0.318260891839441	0.361648685339697	0.660139767886415	NO	0.201549385429712	0.252313357175764	0.0507639717460527	0.366229662977956	18.5933856031118	7	5	140.034081680848
LRCH2	-0.161805559313743	0.177489594559546	0.361961387538675	0.660260496244337	NO	0.289448613272546	0.257334480328779	-0.0321141329437674	0.375917073269339	49.6864827542741	7	5	384.473245894939
ADAM11	-0.223798060478155	0.245527358547338	0.362032257676282	0.660260496244337	NO	0.355533514105959	0.306060632253316	-0.0494728818526423	0.367875967518171	24.0094978476243	7	5	190.399089810462
RILPL1	0.0804305575883714	0.08836980701387	0.362738768032839	0.661247995454441	NO	0.17933354480266	0.19147741447778	0.0121438696751201	0.374663733866484	330.222220350535	7	5	122.163819639633
SLIT1	0.257822891372219	0.28336266701255	0.362891628274637	0.661247995454441	NO	0.400333482669774	0.463501809960811	0.0631683272910373	0.375583714446216	20.9061832467855	7	5	213.700700356464
DLG3	-0.113726827745529	0.125068300374039	0.363182414296956	0.661460024759932	NO	0.22040443917141	0.201485150122514	-0.0189192890488961	0.37687389314157	133.168425593951	7	5	305.373201418955
POLR1D	0.114904144125231	0.126400843367506	0.36332599917703	0.661460024759932	NO	0.335207257095715	0.361277860424842	0.0260706033291276	0.37133518666418	96.5057478157654	7	5	516.271776128386
TTC39B	-0.377229210542066	0.415325632964243	0.363733810678676	0.661912796335649	NO	0.463142343391321	0.37170068372151	-0.091441659669811	0.371078399536132	8.45254754497465	7	5	43.4081389609634
BCL10	-0.158022748392575	0.174154926580906	0.364211797727828	0.662258905966739	NO	0.256918351313872	0.227924071857398	-0.0289942794564741	0.367012078272861	52.244598516185	7	5	259.220149428116
KIAA1549L	0.228740161357346	0.252158314741693	0.364338497086673	0.662258905966739	NO	0.352900008378084	0.406711690080547	0.0538116817024632	0.37306422933889	22.2273274613602	7	5	266.410183598658
YPEL1	-0.176898895427461	0.195035255574394	0.364401595134102	0.662258905966739	NO	0.412763369578584	0.37064464442336	-0.0421187251552235	0.370259984634754	38.0537215810463	7	5	268.043149783142
SNX9	0.168186223422786	0.185585429776238	0.364805175559681	0.662702851671734	NO	0.292570438306384	0.328550911185371	0.0359804728789879	0.374234936995509	46.8365687373795	7	5	270.773422379587
ADAM23	-0.180306949968947	0.199254116260387	0.365513314466661	0.663295833176142	NO	0.277384822951105	0.242728560602439	-0.0346562623486654	0.376949765431942	40.5774360981454	7	5	383.397611402004
SMNDC1	0.0783667570235736	0.0866153546055827	0.365588577763461	0.663295833176142	NO	0.0676774513911754	0.0727928665456834	0.00511541515450806	0.372777727764743	844.737166284213	7	5	315.635153573167
DENND4A	-0.153936000958749	0.170168450677827	0.365672288615855	0.663295833176142	NO	0.339240056561903	0.305632360916651	-0.0336076956452512	0.368589329531248	53.9046943039467	7	5	200.038952245508
SNPH	-0.12150482768777	0.134344638636999	0.365769384929344	0.663295833176142	NO	0.289271583004305	0.264943800006248	-0.0243277829980567	0.375914423570061	85.2733565478157	7	5	356.689642340028
RIOK3	-0.119074592694092	0.131707053196336	0.365949439828001	0.663333189405004	NO	0.350763558855359	0.324151227302281	-0.0266123315530781	0.373670419568738	86.5621935397763	7	5	1013.84363755371
CAMKK2	0.154741743080663	0.171306634558544	0.366365271526245	0.663797704507482	NO	0.323558068428051	0.358305521467451	0.0347474530394001	0.37087617824307	50.6879133714204	7	5	250.442620719199
RPL14	0.0572537743859307	0.0634272338915954	0.36670178976649	0.664118173891422	NO	0.0581244671571484	0.0613393380694356	0.00321487091228723	0.377044855268654	1621.49288236169	7	5	969.331734805146
PDE4A	-0.150275849418859	0.166542537317401	0.366883118825715	0.664157430076142	NO	0.126818374678097	0.111089192305999	-0.0157291823720978	0.379406118909654	119.348888727695	7	5	192.285467233474
SNIP1	0.217561558941013	0.241255621097228	0.367169198434507	0.664386196384319	NO	0.109133042011022	0.132151767868164	0.0230187258571416	0.406001356869379	58.3963431534127	7	5	121.492364359278
TTPAL	0.0903933248951731	0.100364431270923	0.36777391180801	0.664803848375991	NO	0.207740194210523	0.223010528268726	0.0152703340582028	0.373251149416371	173.756765613188	7	5	450.788468561312
CHRM2	0.153417891709941	0.170369034079908	0.367852425287548	0.664803848375991	NO	0.255321661016616	0.28556745615422	0.0302457951376044	0.374281006403952	52.5451444236188	7	5	878.016109742208
TAB2	0.107109871098969	0.118951148147175	0.367879437250368	0.664803848375991	NO	0.385062266946389	0.41071604152293	0.0256537745765411	0.375630042108281	103.465394451721	7	5	381.587342211871
EIF1AX	-0.0609864056121505	0.06777180875846	0.36818481867171	0.665066802290192	NO	0.603230521034765	0.588545925671732	-0.0146845953630325	0.377595577968699	326.929798792658	7	5	1405.3557595674
IDH3A	-0.0204441038013021	0.0227511994111459	0.368868662606414	0.665334401229443	NO	0.0496539938880396	0.0486981019263213	-0.000955891961718303	0.375904474907784	14939.9778122888	7	5	1492.606410165
NREP	-0.0702609425824242	0.0781935309955445	0.368891411149004	0.665334401229443	NO	0.172626672466825	0.162821110313548	-0.00980556215327705	0.376416390970839	357.227172433067	7	5	3845.85897057569
PAPPA	-0.240212927230297	0.2673529352913	0.368926390466254	0.665334401229443	NO	0.260037541977088	0.216532934603508	-0.0435046073735797	0.375144697072904	23.2489614033366	7	5	97.8777027738524
CARNMT1	0.16590056303558	0.184778816029109	0.369274460704962	0.665334401229443	NO	0.379919946028006	0.419704280932178	0.0397843349041717	0.377091852845762	42.9531851890487	7	5	130.218500658343
C5orf24	-0.109819056497422	0.122332467167486	0.369340275306703	0.665334401229443	NO	0.216493652798768	0.198445734516857	-0.0180479182819109	0.375177256435234	115.103022865762	7	5	1554.89817514288
PIP4K2B	-0.0936066096446962	0.104321048397147	0.369562267740871	0.665334401229443	NO	0.28337854772139	0.264760486517125	-0.018618061204265	0.376421890432536	148.05785094512	7	5	1437.53711675183
CHURC1	-0.0457191063933212	0.0509527063597473	0.369566782409491	0.665334401229443	NO	0.253648482579985	0.245091226668851	-0.00855725591113379	0.378159565444319	750.521647168359	7	5	1019.57858060642
CISD2	0.0669611893548784	0.0746335531748972	0.369612452221453	0.665334401229443	NO	0.081481165786394	0.0866351874643049	0.00515402167791089	0.38258630344145	884.239195066523	7	5	1342.05744739904
SLC35A5	0.119600310615741	0.133397128591835	0.369946623356192	0.665399828816625	NO	0.0614551238575421	0.0687261798746442	0.00727105601710216	0.384088525904899	347.406913911648	7	5	570.100956516247
ZNF710	-0.298596559294284	0.333087008492938	0.370011334378342	0.665399828816625	NO	0.460870303378902	0.388069074150033	-0.0728012292288695	0.376671702704935	12.3595559792384	7	5	96.226471145203
ONECUT3	0.221454280168786	0.247157825424531	0.370250886293299	0.665399828816625	NO	0.584566445197134	0.637146871327411	0.0525804261302766	0.378494929536074	30.3952853935394	7	5	1254.11084350789
FAM8A1	-0.145151889524328	0.162012011286435	0.370288606661175	0.665399828816625	NO	0.351547792356553	0.319212210148159	-0.0323355822083939	0.377624315273048	57.1014875501967	7	5	1312.27088436357
TSN	-0.0755238903741332	0.0844024502350405	0.370890349536543	0.66619337395165	NO	0.25068700126388	0.236769042304322	-0.0139179589595578	0.377253715743182	261.887562832668	7	5	1102.93990701999
BBS5	0.195925165057339	0.219227748347075	0.37147918744773	0.666963064213448	NO	0.296071377490325	0.338462978236912	0.0423916007465863	0.378215919539606	31.7391415588615	7	5	91.2470893770164
PML	-0.196859748317045	0.220545546894782	0.372069492573508	0.667554483936799	NO	0.0753967623291457	0.062769490336586	-0.0126272719925597	0.386627640229855	127.09544958584	7	5	55.7251752334284
EYA1	-0.348650579023403	0.390648613937339	0.372129530829192	0.667554483936799	NO	0.477778292243358	0.392313942433884	-0.085464349809474	0.379937472379027	9.01920368880385	7	5	182.18705543375
WDR33	-0.263975324212797	0.295902279810894	0.37233770407582	0.66764002110147	NO	0.377361270406007	0.317618310916251	-0.059742959489756	0.383617870419408	16.8229183008951	7	5	174.969872276468
HCFC2	-0.143781685174915	0.161396318051289	0.373003745536	0.668546135902525	NO	0.202710536267378	0.180462011774089	-0.0222485244932889	0.380549618728782	85.6643644660668	7	5	318.961750494912
SMIM14	-0.0810202329760314	0.09103236472928	0.373457460904308	0.66907107552193	NO	0.103869121956059	0.0965661138582184	-0.00730300809784092	0.383671725829027	435.919368942565	7	5	1175.81978379012
TMEM169	-0.0853646118065201	0.0960079863164754	0.37392744734593	0.669624701230765	NO	0.261654503769698	0.24550125913232	-0.0161532446373775	0.38465857826444	170.673337879802	7	5	576.846632059044
DNAL1	0.206656705007109	0.232662543573363	0.37441969371763	0.670217696155483	NO	0.100544218194876	0.120836172719017	0.0202919545241409	0.396642032822447	71.0161714053963	7	5	156.251498491734
MTG1	0.160994415741035	0.181368864005039	0.374722096318227	0.670257231729088	NO	0.633734747177117	0.670239194903213	0.0365044477260961	0.385057241454827	49.861291455953	7	5	327.966890967313
DCP1A	0.0925832968033959	0.104309216227034	0.3747640194716	0.670257231729088	NO	0.125531716897675	0.136052133850352	0.0105204169526764	0.384598726203762	286.54148887933	7	5	325.743565592664
ZC3H7B	0.238517735804592	0.268882003738236	0.375040059732991	0.670363538370748	NO	0.572953606538943	0.630049651832823	0.0570960452938797	0.383915708508482	23.4264606884992	7	5	138.646985402603
KDM5D	0.270167743251075	0.304628596775626	0.375145749357476	0.670363538370748	NO	0.0930813206832309	0.118531395702818	0.0254500750195868	0.372992335234722	39.3107203147889	6	5	95.7665710852523
WDR73	0.160087407584923	0.180692064897062	0.375634710805218	0.670949075547319	NO	0.137621342286889	0.157745263881477	0.0201239215945881	0.385138038504839	68.6923390602174	7	5	305.693037794329
NEK9	0.163003570005927	0.184135089697959	0.376027720571092	0.671103165985578	NO	0.268742407956406	0.301954302273845	0.0332118943174395	0.382412559405241	46.3677947051096	7	5	147.918865501358
ARPIN	0.492145537620409	0.555965014300208	0.376043624978938	0.671103165985578	NO	0.283656063387153	0.393111353205814	0.109455289818661	0.434871046224551	4.48279917631775	7	5	48.203998471551
ATXN1	0.204622936944523	0.231488678220931	0.376726656279874	0.671766783260749	NO	0.434575060132114	0.485357703564127	0.0507826434320133	0.384529996568675	26.254902002937	7	5	304.064222139142
HDGFL3	0.0317643882726679	0.035935745645735	0.376738438785415	0.671766783260749	NO	0.0460312474382894	0.0474463844095542	0.00141513697126482	0.385277961473667	6225.2240418586	7	5	2194.19752464342
SLC30A7	0.186315045454353	0.210911604593921	0.377031115447786	0.672000617079173	NO	0.197563321054829	0.228768368890842	0.0312050478360134	0.387293292484131	38.0869298643604	7	5	635.731758542257
C1orf115	0.227168123290758	0.257623816757386	0.377894541736101	0.673251089345688	NO	0.267372793027976	0.314142117523528	0.046769324495552	0.382132510225754	22.5836678717077	7	5	127.56855959556
LINGO1	-0.0853266589414853	0.0968159912226116	0.378140231263387	0.673400411838909	NO	0.0988682676929505	0.0915221258261293	-0.00734614186682116	0.385239892639092	344.325711233104	7	5	990.702749257317
STAM2	-0.210258885967819	0.238971665823121	0.378941331825835	0.674483829399904	NO	0.435152067235754	0.38435121600702	-0.0508008512287335	0.388630019001234	26.4511409809174	7	5	460.454449471849
NDUFA10	0.117226756064843	0.133277210948378	0.379091810196064	0.674483829399904	NO	0.179566581701894	0.197489434236758	0.0179228525348642	0.390268922190602	134.966130103308	7	5	629.58854671848
CSRNP3	-0.0989532077873576	0.112535490491482	0.379235018501532	0.674483829399904	NO	0.475390223549862	0.450791822641581	-0.0245984009082811	0.386592565357766	126.286137024697	7	5	1438.94649170263
TSPYL4	-0.143233986513497	0.16306890684516	0.379745784448594	0.674898846820915	NO	0.281657327655772	0.253602632540446	-0.0280546951153254	0.388207480925031	57.7131894818559	7	5	2422.9880008588
PCCB	0.146712623589174	0.167045756321682	0.379792836636481	0.674898846820915	NO	0.576685334106712	0.61203957291504	0.035354238808328	0.391084268494976	56.8497360042836	7	5	165.050520978129
ZNF138	0.144422516458778	0.164592188854781	0.380238635680432	0.675402529645857	NO	0.157811558374296	0.177967406400579	0.0201558480262828	0.385809940311311	88.6869384288265	7	5	165.252335292811
KRT222	-0.0947543542867244	0.108031459118139	0.380432518281442	0.675458504503116	NO	0.135010587761652	0.124322549961584	-0.0106880378000682	0.39367784369256	273.057859036632	7	5	424.784237644642
UGGT1	0.111117227430387	0.126795205655127	0.380838724041151	0.675891250858016	NO	0.206561334794022	0.225366574099427	0.0188052393054051	0.385692103024623	98.1371545179081	7	5	193.775968166375
JAM2	-0.448473817012526	0.512699607770596	0.381720738168614	0.677167706090163	NO	0.325722328309442	0.23575945647974	-0.0899628718297019	0.405856914047154	5.04599022632272	7	5	70.9426906933236
TMED8	-0.15251758524104	0.174479641562481	0.382048409799148	0.677294510670696	NO	0.440876652052265	0.403687798064695	-0.0371888539875705	0.389121952683105	56.9995853488074	7	5	817.078359692474
WDR45B	-0.101322600722655	0.11592964846589	0.382117840515414	0.677294510670696	NO	0.421142986579212	0.396658973996365	-0.0244840125828472	0.389821920242593	108.765327749823	7	5	731.455400987871
SLC12A6	-0.154350486182357	0.176717128429977	0.382427373983896	0.677429406769583	NO	0.547682226068955	0.509238893472428	-0.0384433325965271	0.390301025301773	63.4759933104149	7	5	677.86295222177
SH3BP2	0.339151177314785	0.388372230988464	0.382519633774459	0.677429406769583	NO	0.205518550290812	0.26639273416913	0.0608741838783181	0.384798803456932	10.6935782253656	7	5	178.619043573046
C7orf31	-0.199978139034166	0.229492890230214	0.383540460566356	0.677840762707696	NO	0.0854815496931633	0.0710893365669615	-0.0143922131262017	0.415532728291765	69.3443428332757	7	5	62.5556572727615
BBX	0.14068772138614	0.161567200459755	0.383880254946348	0.677840762707696	NO	0.250910807435012	0.278267275114375	0.0273564676793636	0.385879020260263	69.2734103620497	7	5	245.333466589004
DMXL1	0.143330602243609	0.164646787997705	0.384008728889068	0.677840762707696	NO	0.328757263900398	0.361125949386781	0.0323686854863836	0.393221843681768	54.1670143356707	7	5	214.25809939802
CPEB4	-0.029141236570771	0.0334908688131271	0.384232189083939	0.677840762707696	NO	0.0451822419357604	0.043941596722841	-0.00124064521291939	0.392093688586169	7639.65572358588	7	5	1341.4886144824
ELOA	-0.160956072170534	0.185092510669601	0.384520145684835	0.677840762707696	NO	0.390361698113703	0.352801341738053	-0.03756035637565	0.395403678161668	42.4714128296803	7	5	397.294463712826
PIGX	-0.133773967965512	0.153849558160846	0.384567392758329	0.677840762707696	NO	0.146149663378223	0.130233169632281	-0.0159164937459416	0.391126225131351	110.616077159598	7	5	526.391631663984
ZBTB26	-0.241994647087645	0.278312118795833	0.384569268858025	0.677840762707696	NO	0.313032002322439	0.263476507134057	-0.0495554951883819	0.394211445673373	19.280616575867	7	5	164.253055652494
TMEM168	-0.248282277030303	0.285594119659073	0.384653752080774	0.677840762707696	NO	0.0963688324574377	0.0768085466874301	-0.0195602857700076	0.400303896620347	47.8849012255293	7	5	156.901182805011
MPI	-0.155474515915426	0.178848261596562	0.384677797625865	0.677840762707696	NO	0.0660595394695919	0.0570905981271534	-0.0089689413424385	0.381249584503643	185.066215172104	7	5	111.979736185471
ZNF576	-0.192188235029731	0.221084238156705	0.384683788077382	0.677840762707696	NO	0.168309634524209	0.143091960463484	-0.0252176740607253	0.400595366778711	59.1750128423609	7	5	179.726169156597
SGTB	-0.177803106046604	0.204549190393095	0.38471382040523	0.677840762707696	NO	0.566753723005333	0.522688263054212	-0.0440654599511211	0.39307775738389	37.7985902017154	7	5	634.620230221149
FGF18	-0.211040706307523	0.242839797241999	0.384818025226109	0.677840762707696	NO	0.119488056482919	0.0990051406105649	-0.0204829158723541	0.38771801149442	46.0546465466536	7	5	98.1113025135628
CRKL	0.187355720198479	0.215609665719149	0.38487016382586	0.677840762707696	NO	0.435224690069722	0.481705714306621	0.046481024236899	0.392078160472698	33.4887421282794	7	5	738.158271316666
SMIM15	-0.0736858544968383	0.0848330542082085	0.385066834164881	0.677900139706265	NO	0.067108523773696	0.0626399822046737	-0.00446854156902234	0.394953991183803	830.403095377643	7	5	844.871125887288
ICE2	0.208314268539418	0.239956011448391	0.385320303665598	0.678056793540173	NO	0.157428337841406	0.187068180355275	0.0296398425138691	0.39306900322595	40.7858934535157	7	5	87.0538054033078
KNOP1	-0.118648737595684	0.136717260205774	0.385481806904449	0.678056793540173	NO	0.120784469984144	0.108740522697437	-0.0120439472867072	0.404683617734312	226.309741188715	7	5	154.703054811868
FAM161A	-0.112676646319923	0.129899288580196	0.385714434494214	0.678084149951764	NO	0.336117474426559	0.311456002407746	-0.0246614720188132	0.393027879388891	93.2074232079251	7	5	124.449733657603
ST8SIA1	0.0739683754641927	0.0852940065755305	0.385823361282651	0.678084149951764	NO	0.357339547149112	0.374499490970748	0.0171599438216359	0.395718923521195	221.340633069484	7	5	864.043756560337
ELFN2	-0.16877888617406	0.195025985695232	0.386809720917451	0.679353748192663	NO	0.080431244243349	0.0687993170629446	-0.0116319271804044	0.402570023090505	78.1167564685207	7	5	56.4118803923697
FBXO31	0.13365858202837	0.154464438593068	0.386872362852985	0.679353748192663	NO	0.212402813484769	0.235620189618315	0.0232173761335463	0.392123294330336	71.5060415655373	7	5	288.95760790586
SFT2D3	-0.166225024453206	0.192613892126105	0.388139649068464	0.681097112203492	NO	0.227326047352337	0.19945615417128	-0.0278698931810564	0.387998912180023	58.6814565127302	7	5	106.4082656754
DIRAS2	0.0845160946316839	0.097944284174183	0.388192608902519	0.681097112203492	NO	0.375882947654015	0.395908140782929	0.0200251931289138	0.395644867963413	152.717982642735	7	5	714.088838929961
LRCH4	0.292737963014916	0.33937381503718	0.38836697575821	0.681115775360098	NO	0.108269068325397	0.139937763685046	0.0316686953596482	0.390779648689439	20.7183909677121	7	5	48.766108791117
GGPS1	-0.102818722999894	0.119336384277316	0.388914616549067	0.681578998606492	NO	0.0916967040192381	0.0834850628995857	-0.00821164111965243	0.398676905546931	330.437203907507	7	5	742.733107161418
TNRC6B	-0.0961558184844754	0.111625896458364	0.389011505776148	0.681578998606492	NO	0.181484662399352	0.16763573135305	-0.0138489310463018	0.397912581291395	179.983166536114	7	5	1325.30505714
PPCS	-0.0369805596135919	0.0429402558066496	0.389122625406351	0.681578998606492	NO	0.0453616951621015	0.0437869439767756	-0.00157475118532586	0.39748718161837	4574.41814958827	7	5	889.436087257125
HADH	-0.131894010429854	0.153405419536612	0.389913564861177	0.682676948578491	NO	0.384410902821461	0.353712123612235	-0.0306987792092258	0.397690473109833	67.1363034368284	7	5	117.946320039464
SLC6A1	-0.421516368130294	0.490670966582926	0.390306776078499	0.683077908492451	NO	0.350733332522981	0.261664787398673	-0.0890685451243079	0.382837893737458	6.71401117259452	6	5	47.0108543501416
ARRB1	-0.157453604776789	0.183383730807601	0.390560234416088	0.683182759074125	NO	0.538725220155248	0.499439531074631	-0.0392856890806175	0.397532511936054	47.6795268031953	7	5	734.238787510057
JAK2	0.135987104786447	0.158458066475774	0.390787638075257	0.683182759074125	NO	0.179688364404786	0.200612092295497	0.0209237278907109	0.404880667500067	80.0030173777489	7	5	112.385075149869
SULF2	-0.154575319320826	0.180145130098365	0.390859366970293	0.683182759074125	NO	0.071543464438542	0.0619315180213489	-0.00961194641719304	0.390391742294741	170.166281054354	7	5	352.7269501848
C19orf47	-0.364924004431678	0.42604653550895	0.391701616671329	0.68411957215366	NO	0.0812849927174342	0.0578703050399143	-0.0234146876775199	0.403859034529283	19.2444270822375	7	5	52.6389453693703
MYLIP	0.355733643969149	0.415336683877048	0.391724235786062	0.68411957215366	NO	0.35951040362449	0.444787046832819	0.085276643208329	0.398110237169135	7.9601807902512	7	5	62.4256311488886
SMIM19	-0.0867180291518868	0.101415481329298	0.392508610958801	0.684923979717061	NO	0.0955962847284021	0.0883572512515761	-0.00723903347682597	0.407566967458732	451.575181159092	7	5	337.919769152828
PMAIP1	0.0872169234161879	0.10203531737772	0.392677430230345	0.684923979717061	NO	0.312231214846	0.331259994668855	0.0190287798228559	0.39770343487155	160.844208197523	7	5	1340.39415163467
TUBGCP2	-0.103335953805951	0.120893357872035	0.392678772025286	0.684923979717061	NO	0.0717939836742979	0.0652051291117468	-0.00658885456255111	0.409862406660553	380.744208391122	7	5	98.5240678514027
ZBTB6	0.141845135481421	0.166008083102466	0.392857273936933	0.684948138967998	NO	0.248845087551414	0.276290702943515	0.0274456153921012	0.406570553347498	62.214293297913	7	5	238.02486870452
CLN3	0.0992239285635143	0.116185001657084	0.393095751323929	0.68507680163701	NO	0.0491486670831463	0.0539986950586008	0.00485002797545449	0.40263845266451	530.586401189711	7	5	82.7095264197075
ZNF570	-0.193936211580871	0.227210535400397	0.393352764626147	0.68523024848085	NO	0.135592080810217	0.114423737414857	-0.0211683433953604	0.401340889810112	45.6424569043875	7	5	209.145602040449
ALKBH1	-0.119016950357013	0.139484415361354	0.393513236447296	0.68523024848085	NO	0.0924444837974528	0.0829317892642741	-0.00951269453317874	0.405304140256735	210.166634433896	7	5	216.967933389031
SRPK1	-0.120156974002344	0.140874833278637	0.393695752270649	0.685261225709582	NO	0.382755882119792	0.354795862487384	-0.0279600196324079	0.400765440300351	75.6225723093939	7	5	871.691800498149
KCNA1	0.213187366304326	0.250766231331453	0.395245121643974	0.687603680725644	NO	0.128015344427663	0.153756842917295	0.0257414984896321	0.399490104510842	27.1704194415502	7	5	190.797780067182
FAM76B	0.118515571580673	0.139484408922972	0.395509164698379	0.687603680725644	NO	0.375632062437413	0.403810187373025	0.0281781249356116	0.401026052529907	76.506989315876	7	5	301.328406232171
ZDHHC5	-0.122224245722245	0.143862206418372	0.395551705910966	0.687603680725644	NO	0.294112416120953	0.269390291094335	-0.0247221250266181	0.403664618828452	81.4058515959104	7	5	239.773693291038
CYB561D1	0.163949000681533	0.19303537702805	0.395702695109902	0.687603680725644	NO	0.316943649375561	0.353450945610383	0.0365072962348221	0.400701921064927	40.6728182607072	7	5	150.43069193819
ARL3	-0.0688210129900441	0.0810978825107126	0.396094641799295	0.68799737364721	NO	0.119217809879176	0.112178513323842	-0.00703929655533364	0.403536179552955	571.2291633404	7	5	757.341378610369
ZNF618	0.136220769713383	0.161093936115291	0.397776835459727	0.690630899629576	NO	0.0654590358491109	0.0743020018434614	0.00884296599435054	0.403274424984468	157.254814599356	7	5	250.856736802227
RCAN3	-0.100607830869111	0.119273362535195	0.398945352502377	0.691973998140077	NO	0.647714378882984	0.624431257741462	-0.0232831211415219	0.40535568218637	111.711896153666	7	5	806.434385550463
MOB3A	-0.173920894280956	0.206227009817338	0.399034501089492	0.691973998140077	NO	0.340034106933606	0.302153684382105	-0.0378804225515018	0.407319919498351	35.5107245562239	7	5	308.320076765571
PELI2	-0.176601869926914	0.209412610817189	0.399049428254338	0.691973998140077	NO	0.416079989486624	0.373907811883794	-0.0421721776028296	0.407891080116093	35.5681042310408	7	5	759.636541194239
DGKI	0.0631915215259571	0.074987516380299	0.399399667872492	0.692292757645653	NO	0.194276781584287	0.204359799797133	0.0100830182128466	0.404414448556849	335.75104744523	7	5	523.127660355717
PDP2	0.168324579527257	0.199870846626233	0.399694627497856	0.692515472882582	NO	0.165955118919647	0.190580098123711	0.0246249792040642	0.407030803900553	44.7700736925161	7	5	180.016870026477
PRRG1	-0.180437450723628	0.214637535950643	0.400537757117622	0.693530703228065	NO	0.342326385633148	0.302930522450288	-0.0393958631828595	0.403346858416355	32.4476491389208	7	5	102.425591987851
POU5F2	0.428450321375768	0.5097474483673	0.400619755534544	0.693530703228065	NO	0.330877644804309	0.431491620760094	0.100613975955784	0.403210095212759	4.90748342440142	7	5	34.4225522512147
RARA	-0.265307736905837	0.315971580155848	0.401100751686252	0.693530703228065	NO	0.211308199795294	0.170460711941439	-0.0408474878538551	0.403709726761427	30.401062575933	7	5	30.6579573823698
SLC23A2	-0.114951715207778	0.136904973656532	0.401106892496362	0.693530703228065	NO	0.338182617312289	0.312951784125632	-0.0252308331866568	0.40649761741173	82.4210250961736	7	5	563.250206713879
ZNF790	0.234339809993915	0.279097880557476	0.401114151915078	0.693530703228065	NO	0.129754460968981	0.158585344713729	0.0288308837447485	0.405030376699149	29.2988931405034	7	5	102.565739333127
UNC5B	0.384899600436548	0.458858549455288	0.401570482345796	0.69397788222098	NO	0.203169638046726	0.272554413466501	0.069384775419775	0.413178445710773	7.36372649080847	7	5	40.8972124746584
NAA30	-0.114035074479341	0.135986323627142	0.401706427977913	0.69397788222098	NO	0.219471542557186	0.200562297916948	-0.0189092446402375	0.407553533931732	97.1992706115519	7	5	930.539324621409
ERO1A	0.0994690820661749	0.118802307031521	0.402443304226564	0.694962285422377	NO	0.367853222132741	0.391272009750181	0.02341878761744	0.408500330043586	104.667449338983	7	5	776.075781214078
TM2D2	-0.102875084348563	0.122937472875983	0.402700392197246	0.695055832936709	NO	0.169075931280692	0.15511082675245	-0.0139651045282425	0.408790507721237	178.652074793523	7	5	870.5900599283
BTF3L4	-0.0599971936358773	0.0717176712604018	0.402831637790963	0.695055832936709	NO	0.119084150381346	0.112932687802413	-0.00615146257893318	0.41208424385975	856.869856710374	7	5	1671.52965995107
PPM1L	0.257059907370901	0.307495344703877	0.403166247668811	0.695344772098778	NO	0.381903240784433	0.444129831035697	0.0622265902512642	0.409367682024786	17.2772901425769	7	5	300.387651001241
PPP6C	-0.0900076243949666	0.107780102155553	0.403658998200833	0.695876502033561	NO	0.196208773891786	0.182400479637402	-0.0138082942543839	0.414619317572658	192.98018187653	7	5	803.162926276766
CTDSPL2	-0.139269115742432	0.166869259250757	0.403942854247886	0.695876502033561	NO	0.176571065600927	0.157224892236681	-0.0193461733642459	0.413748214052766	70.9954657850714	7	5	309.790315215971
CASKIN1	0.112083838227534	0.134351665360331	0.404136089369751	0.695876502033561	NO	0.560327059056128	0.587726163548623	0.0273991044924951	0.408984429429064	82.3171635860096	7	5	204.968882786312
STAU1	-0.133740613578109	0.160313600059474	0.404143660796414	0.695876502033561	NO	0.401100036033092	0.36943898380107	-0.0316610522320211	0.411300203299864	57.2076903435005	7	5	1029.42149249316
ZBTB37	0.111977907148194	0.134410617147471	0.404786563040008	0.6966951188442	NO	0.577414963118827	0.604475496113143	0.0270605329943165	0.413366966329549	96.1008802034584	7	5	199.702212450215
AK2	0.0760467156354984	0.0913563129225594	0.40517257386981	0.696778916845789	NO	0.0610054126025761	0.0655098601328724	0.00450444753029623	0.416501552802591	670.919897243067	7	5	550.674702467979
ABHD5	0.106965345584504	0.128520184889736	0.405248431197727	0.696778916845789	NO	0.26694735452039	0.288393194689875	0.0214458401694856	0.410960395812898	103.918726846312	7	5	411.101433020102
FADS1	-0.0981273800317451	0.117924158946012	0.405339639792581	0.696778916845789	NO	0.256168553119996	0.237921967894632	-0.0182465852253632	0.412065962011792	118.399178025591	7	5	602.754503535011
DCTD	0.102837485057945	0.123667843384727	0.405656191846923	0.696778916845789	NO	0.324543227719537	0.347480395573054	0.0229371678535166	0.411047622678949	104.595479920711	7	5	405.876789726008
CCDC125	-0.240684344186765	0.289446614222157	0.405672725144351	0.696778916845789	NO	0.251249793904711	0.20872266180263	-0.0425271321020804	0.422535125645879	18.7788601413408	7	5	66.8610260723817
SHOC2	-0.120445261262017	0.144932320770608	0.405948283491932	0.696964448752141	NO	0.291984366955277	0.267721984769968	-0.0242623821853098	0.412990626483503	75.7386074106753	7	5	1311.35158889759
GIGYF1	-0.295887270534189	0.356326276967996	0.406322293634665	0.697043581895212	NO	0.731652234834071	0.669767629518921	-0.0618846053151499	0.417307061722165	13.110031826525	7	5	70.4794363035364
ZNF543	0.223373098044461	0.269132318890902	0.406552915012234	0.697043581895212	NO	0.139100425070502	0.168064286413438	0.0289638613429366	0.410941594421037	32.1521647044926	7	5	33.4879547109188
TPP2	-0.151428286038705	0.182502657409713	0.406690352326035	0.697043581895212	NO	0.3121460255005	0.280590637111252	-0.031555388389248	0.409263141614163	48.072600447397	7	5	134.790841115239
ABCF2	-0.0796088054834214	0.0959591370190646	0.406758461586958	0.697043581895212	NO	0.192769488338557	0.180683591069664	-0.0120858972688934	0.413246460971679	235.614738342967	7	5	248.23294548473
SLAIN2	-0.144307339959141	0.173973007475993	0.406832167509994	0.697043581895212	NO	0.205626038781239	0.183052400622666	-0.0225736381585727	0.414201595835899	56.0864277775983	7	5	421.074392297967
GCA	-0.0675502467313526	0.0815061884913191	0.407232047125351	0.697047999737429	NO	0.123244579041627	0.116129204462973	-0.00711537457865391	0.414328287838407	428.133177825631	7	5	292.542900342467
PCDH19	0.299055619647012	0.360858153126395	0.407254630012174	0.697047999737429	NO	0.374993588924031	0.44724771057286	0.0722541216488292	0.413308279088157	10.6372700818366	7	5	266.941692554572
KCNB1	0.084562729276321	0.10205639134948	0.40733742484656	0.697047999737429	NO	0.151335738861659	0.162519481407101	0.0111837425454419	0.419880589248257	260.574072602111	7	5	459.580995113021
ZNF568	-0.203367956433767	0.245726939239719	0.407887059124774	0.697701548502902	NO	0.106859489829353	0.0889440266796165	-0.017915463149737	0.427301930897704	47.9205272118061	7	5	35.9669332434584
DNAJB1	-0.069009121654808	0.0835431228465318	0.408787101986597	0.698716848170289	NO	0.162172733123722	0.153013441513646	-0.00915929161007589	0.418782342073165	353.567502147116	7	5	1272.62372206243
LHX9	-0.350167410455029	0.423942752833803	0.408816540491943	0.698716848170289	NO	0.515422642960393	0.428381596594711	-0.087041046365682	0.415491831418838	7.39485977112442	7	5	810.105465954915
PTGFR	0.170676541678341	0.206853459127208	0.409310010057547	0.699145028190246	NO	0.223622177581886	0.254642223710509	0.0310200461286228	0.416145416347418	37.7609396146908	7	5	189.560523066491
CNOT7	-0.0892392666954732	0.108216382888757	0.409577533605706	0.699145028190246	NO	0.271511072640809	0.254224141747957	-0.0172869308928522	0.419839758549033	168.193769179863	7	5	1661.38684225948
PURA	0.067630173201079	0.082030107663753	0.409680792377066	0.699145028190246	NO	0.102814280123432	0.109222415638273	0.00640813551484119	0.42314752129303	610.903537216057	7	5	494.873406337276
IGF2BP1	0.280576412818709	0.340517906026918	0.409956814818394	0.699145028190246	NO	0.239808060052677	0.294598093594022	0.0547900335413447	0.411943626490334	12.9161976583195	7	5	103.174976509475
HEATR5A	0.288987554981168	0.350898484008711	0.410187020943454	0.699145028190246	NO	0.286239957298038	0.348706723849438	0.0624667665513998	0.410085072631883	11.1560388189531	7	5	107.853451136809
FAN1	0.192547081047041	0.233972095992579	0.410537048140363	0.699145028190246	NO	0.0562397834979366	0.0673767917516886	0.0111370082537519	0.421065418471249	89.057964648317	7	5	102.116799008128
ZNF843	-0.485531473074534	0.59009148982075	0.410617693082104	0.699145028190246	NO	0.778864577157227	0.68428410112069	-0.0945804760365372	0.458281700836897	3.56341618838036	7	5	34.7538281733925
ZNF200	0.185117530159383	0.225035309091373	0.410726689397203	0.699145028190246	NO	0.150010951592236	0.175173285705064	0.0251623341128283	0.417347077788835	42.7219643334296	7	5	198.44549078695
WNK3	0.113860977853858	0.13841914874943	0.410746241040163	0.699145028190246	NO	0.35401996873604	0.380469882564946	0.0264499138289063	0.41899700046332	80.856576470566	7	5	629.116150321057
ALDH1B1	-0.082560050180242	0.100372011634457	0.410769315043119	0.699145028190246	NO	0.135105207900863	0.12574521096035	-0.00935999694051284	0.424345832478628	302.889950435422	7	5	251.96587254756
TMEM108	0.250839125470639	0.305204431835434	0.411149473064484	0.699145028190246	NO	0.17886335776102	0.218705129082063	0.0398417713210432	0.417233321684012	21.6177063933233	7	5	112.995934563095
ABHD10	0.0479205302966838	0.0583075559639311	0.411157729217753	0.699145028190246	NO	0.245339779138896	0.254320049585512	0.00898027044661581	0.416788318313412	538.276126391899	7	5	1272.7030731744
RHBDL3	-0.53132656022841	0.646624524467992	0.411251895187868	0.699145028190246	NO	0.375862334321721	0.261444432318099	-0.114417902003622	0.421567140776913	2.30707777069774	7	5	26.3216468389844
EIF2A	-0.038995091330449	0.0474969004416507	0.411644636427777	0.699526833145241	NO	0.0769545782185499	0.0742299492445229	-0.00272462897402705	0.419645350638014	2347.52537683338	7	5	282.649261261731
RELN	-0.273112545321938	0.332898831415468	0.41198410277917	0.699817830772294	NO	0.370427222382535	0.30927797206705	-0.0611492503154845	0.41728218870007	12.6786650738831	7	5	122.270045131596
LRRC57	-0.182682315676124	0.222919427883324	0.412501599716716	0.700126767375775	NO	0.333940030004501	0.294609541214148	-0.0393304887903525	0.422652847112978	32.9807290163438	7	5	173.152569160119
ACTN2	-0.449210309600049	0.548259635871512	0.412593227300317	0.700126767375775	NO	0.298479937429678	0.213533384092595	-0.0849465533370824	0.462603324601038	4.30267416389058	7	5	39.6972927864622
JMJD6	-0.238340352131652	0.290978326676091	0.412729352599982	0.700126767375775	NO	0.410025999004419	0.353840929529074	-0.0561850694753454	0.42211325811199	17.3245073044734	7	5	156.682217767694
TGFBR1	-0.0765306755913792	0.0934574210224679	0.412853278088104	0.700126767375775	NO	0.192305125752714	0.180697097525933	-0.0116080282267805	0.416764763096045	196.734097615865	7	5	1344.23306602553
ZNF641	-0.210111835120146	0.256687764139191	0.413043057661049	0.700126767375775	NO	0.258417426871883	0.220230757432256	-0.0381866694396275	0.42202771931044	25.8551177210461	7	5	328.381257368978
PPTC7	-0.178312366022937	0.217901134059954	0.413175772573925	0.700126767375775	NO	0.260283561521748	0.227442737367387	-0.0328408241543602	0.42073772544625	33.3592238936531	7	5	311.343426862513
KREMEN1	-0.34114900506356	0.417285594800029	0.413618065856156	0.700590860733554	NO	0.327408952586294	0.257103790801559	-0.0703051617847354	0.414522368193232	7.72557267329421	7	5	49.7613294044794
PDE11A	-0.55259594435425	0.676420071786195	0.413961592867885	0.700887353003826	NO	0.518063532254197	0.382178841816161	-0.135884690438037	0.441339676301167	2.78665966614576	6	4	14.6782491533974
LIN7C	-0.118698810603028	0.145475132607021	0.414535117857554	0.701236039424781	NO	0.259789664618483	0.237622081130826	-0.0221675834876577	0.423354098740534	78.8899042401148	7	5	4478.38610395552
MTMR7	0.16778334623165	0.20566566631976	0.414610929576437	0.701236039424781	NO	0.244453774335881	0.276751797866227	0.032298023530346	0.418838551379453	36.8258862821821	7	5	825.392759604144
PDE4DIP	0.109370915476332	0.134082709406352	0.414673234852154	0.701236039424781	NO	0.207890580694507	0.226476172159601	0.0185855914650938	0.422376883314286	97.1825384931619	7	5	318.910332402699
GABPB2	-0.320552172508564	0.393263514631013	0.415010586468511	0.701521348926862	NO	0.629528369780648	0.552219357015485	-0.0773090127651627	0.421527559627092	12.113041560785	7	5	65.9008652374927
RAB3B	-0.0535572315829253	0.0657548522419868	0.415359404499173	0.701679359527764	NO	0.16049372898207	0.1534081989274	-0.00708553005467003	0.421308159945892	518.697121164071	7	5	5897.79511670667
TRAPPC6B	0.0325421088684741	0.0399653613098375	0.415497255274875	0.701679359527764	NO	0.448283939078926	0.456345286215405	0.00806134713647899	0.421798261868712	942.287315842952	7	5	1176.27623357223
CACNA1D	0.205279194788228	0.252166886876146	0.415610082181829	0.701679359527764	NO	0.268612868324721	0.310797721160984	0.0421848528362636	0.420815365214063	25.4066198916917	7	5	35.9182012655044
MZT1	0.061031955473546	0.0750737660545352	0.416241094323615	0.702053743963528	NO	0.30778756560157	0.320940911611768	0.0131533460101984	0.42172843305254	285.179998791933	7	5	614.399798935473
ADGRG2	0.347150921650723	0.427115344651192	0.416344054175587	0.702053743963528	NO	0.331554782642052	0.412410231545872	0.08085544890382	0.423291598280534	7.32810018972395	7	5	154.902996698522
SHB	-0.163737345806918	0.201495121802108	0.41644057237204	0.702053743963528	NO	0.114338199213798	0.0987748771658688	-0.0155633220479289	0.423189175805087	89.1862266629593	7	5	60.9411822870692
ZNF20	-0.168540942955357	0.207468128974281	0.416579191860331	0.702053743963528	NO	0.0716076037842938	0.0611805323359689	-0.0104270714483249	0.422397672330923	125.640119639469	7	5	121.167592382629
LEPR	0.332901568373366	0.409882707379798	0.416684111222813	0.702053743963528	NO	0.201688254896266	0.260595757754122	0.0589075028578558	0.422010589297069	8.74300810442173	7	5	77.8931173937122
SBF1	0.141778138417401	0.174623398722726	0.416844410478345	0.702053743963528	NO	0.267567956143719	0.296250132901164	0.0286821767574446	0.424728922587736	53.5906887081167	7	5	264.842040256783
SERINC5	0.395641317537605	0.487798788784376	0.417322701800168	0.702188322853902	NO	0.716747190393799	0.78985052962594	0.0731033392321413	0.460709060560287	7.15823724158767	7	5	183.38217922632
CBX5	-0.0598133777442294	0.0738153822027565	0.417761753902673	0.702188322853902	NO	0.571222820196366	0.556514617199907	-0.0147082029964585	0.423863365280016	272.458549935823	7	5	5114.51484773194
CDHR3	-0.306008242365735	0.377656716717091	0.417778418495026	0.702188322853902	NO	0.157100022906859	0.120683461141818	-0.0364165617650409	0.442124406352982	14.9129459981653	7	5	68.311324622488
GLIPR2	-0.262195670604859	0.323697169638608	0.417938465547869	0.702188322853902	NO	0.197850047342365	0.159496139567051	-0.0383539077753132	0.432928265818087	21.2328562302914	7	5	64.229353794224
SLC38A7	0.100740570338889	0.124408346199514	0.41807966065177	0.702188322853902	NO	0.170133379970557	0.184832786687391	0.0146994067168341	0.424817219443369	149.922277524705	7	5	260.62905004474
CLEC2D	0.300002683774814	0.3706061394134	0.418232235546499	0.702188322853902	NO	0.255411195749463	0.316488913681009	0.061077717931546	0.433171011705776	13.4325900701897	7	5	63.2259977892996
ZNF251	-0.0837468015729963	0.103472724167753	0.418307450049185	0.702188322853902	NO	0.0890333011835302	0.0824706063215703	-0.00656269486195984	0.421480050548266	367.101586619979	7	5	270.452167670696
FHIP2A	-0.113968549118245	0.140818543320429	0.418325854982074	0.702188322853902	NO	0.435985776545482	0.408193499441863	-0.0277922771036195	0.42375019035342	73.2115333535889	7	5	635.762072769155
RNF7	-0.0336612271110138	0.0416112262680604	0.418546317599523	0.702188322853902	NO	0.0590079715943608	0.0571664079252848	-0.00184156366907594	0.424122857616266	3891.31938455351	7	5	1955.46063979832
FAHD2A	-0.39446109341226	0.487692750007677	0.418612269393672	0.702188322853902	NO	0.417277915107025	0.325541761743566	-0.0917361533634592	0.420785206075548	5.78712074556982	7	5	59.5316636658424
ENTPD7	-0.113014227221752	0.140085138086017	0.419808301216418	0.703270819354172	NO	0.362993973772232	0.337287157702691	-0.0257068160695413	0.430557458436478	75.5130518114689	7	5	232.63307137616
RPS6KC1	0.0585913726923851	0.072636038910627	0.419872030924754	0.703270819354172	NO	0.0755556225632164	0.0797511909060072	0.00419556834279076	0.428361586274317	1069.80999510346	7	5	281.54346390333
LRRC59	0.072940744905924	0.090444777687042	0.419973523971449	0.703270819354172	NO	0.329523394024921	0.345834347024241	0.0163109529993198	0.425886635166418	190.260014252831	7	5	666.402928797788
PEDS1	0.110850708017804	0.137485005447507	0.420084363970793	0.703270819354172	NO	0.14950783443505	0.164157248752327	0.0146494143172771	0.432538026780975	139.415179197744	7	5	299.1385534659
CCDC92	0.033878204674304	0.0420226904952422	0.420134239111226	0.703270819354172	NO	0.0683583916798478	0.0705477489346916	0.00218935725484386	0.429132860924401	3391.64158390123	7	5	1022.74358165883
GPR26	-0.239263357899769	0.296871381968356	0.420271936758286	0.703270819354172	NO	0.185485481475174	0.152015612037589	-0.0334698694375854	0.431566609831317	28.05028461659	7	5	93.3950704672587
HDX	0.161456018535299	0.200443973716398	0.420535817402646	0.70331382825228	NO	0.185286096296408	0.210904837965083	0.0256187416686754	0.427222291991581	51.4486726162365	7	5	173.85946341756
MLLT6	-0.164290537226632	0.204009516968354	0.420641850093038	0.70331382825228	NO	0.51737837290656	0.476330446447733	-0.0410479264588269	0.426925062269758	35.7183181110185	7	5	149.848015721969
EP400	-0.102305878887972	0.127191747912497	0.421198516418159	0.70331382825228	NO	0.305970928035114	0.284687048886287	-0.0212838791488268	0.431960018920567	95.1377181144081	7	5	232.355354135759
SNX1	0.0721461451968286	0.0897176776910875	0.42131244499903	0.70331382825228	NO	0.0754847348074084	0.0806763348348521	0.00519160002744369	0.439382429840316	613.85801698782	7	5	250.8660819715
ETV3	-0.283017751771023	0.351967428221263	0.421338005962526	0.70331382825228	NO	0.594842647595428	0.525229466166944	-0.0696131814284842	0.431871819033212	12.4637638313621	7	5	144.360780053522
EFCAB14	-0.144765167854299	0.180110281738753	0.421536467934757	0.70331382825228	NO	0.316128260477078	0.28569453063845	-0.030433729838628	0.429340463013622	46.2818165054258	7	5	139.506861802615
SURF6	0.116918509782134	0.145504302158173	0.42166275493862	0.70331382825228	NO	0.103803735203485	0.115195200504237	0.0113914653007521	0.437041289321566	180.789620374272	7	5	319.812097071862
PRORP	0.0981416273231875	0.122200800942728	0.421906702808486	0.70331382825228	NO	0.106386600588569	0.116083588335002	0.00969698774643293	0.434588940036946	270.030726803904	7	5	142.649440309721
PGPEP1	-0.112916566558796	0.14060272846071	0.421923040449399	0.70331382825228	NO	0.405757116201771	0.378845834158293	-0.0269112820434778	0.425788682595486	77.2481280167069	7	5	169.724716083811
TMBIM4	0.0918156072988671	0.114389160952641	0.422171261525548	0.70331382825228	NO	0.0748902163471798	0.0815048909895618	0.00661467464238204	0.441889408183389	436.941690813013	7	5	425.63467016904
ITFG1	0.099558430810925	0.124101394701043	0.422417274289266	0.70331382825228	NO	0.173274095869267	0.188002795436151	0.0147286995668848	0.435494995706467	142.197000659743	7	5	1507.8799425444
NR1D2	0.181138656688655	0.225840395131228	0.422515410401831	0.70331382825228	NO	0.356761520673782	0.399317580110124	0.0425560594363419	0.429688776674493	30.5383998004553	7	5	282.937823950471
ME1	-0.0883980544242289	0.110222565505398	0.422555283727661	0.70331382825228	NO	0.274437422255568	0.257190586114717	-0.0172468361408509	0.426678095361267	143.151606856823	7	5	457.472377602009
ATMIN	-0.0607240839330734	0.0757407199442879	0.422705517983568	0.70331382825228	NO	0.123067741111678	0.116662841046514	-0.00640490006516388	0.428608424198513	558.360411715946	7	5	1291.98296118086
ABCC4	-0.334172272764892	0.416925843713785	0.422833626071863	0.70331382825228	NO	0.378670393363867	0.303778755951891	-0.0748916374119764	0.452316903560121	9.58453782593985	7	5	89.6628024888871
JRK	0.0702980533332901	0.0878319669133948	0.423496576014369	0.704134994492317	NO	0.0610483268116647	0.0652044475113487	0.00415612069968407	0.425297627369117	681.864586315062	7	5	143.08882919687
SLC9A6	-0.178507054448702	0.22360111352379	0.424680109377263	0.705820717143194	NO	0.346228079499912	0.307003063437677	-0.0392250160622349	0.431885054585664	29.3465497955124	7	5	1499.28899847246
PRTG	-0.175385031989524	0.219920021217969	0.425163830813421	0.70634246652709	NO	0.197748260531157	0.171389327814397	-0.0263589327167601	0.429352282340172	35.998903968318	7	5	94.6647017610623
COL5A2	-0.525383105735018	0.659781842115657	0.42585872058542	0.707214482089959	NO	0.562661315650428	0.432069365390588	-0.13059195025984	0.43120878957428	2.12332825268498	7	5	24.156052746095
RFC1	-0.121252716448883	0.152468601538696	0.426460230295413	0.707930789317206	NO	0.322955030492731	0.297030783025078	-0.025924247467653	0.428798960576579	66.2203094470323	7	5	155.886300228298
ZNF829	0.304564033514396	0.383327089677592	0.42688822501819	0.708358602343706	NO	0.276556394277275	0.341403991997629	0.0648475977203536	0.442373744901885	10.9743369141536	7	5	64.2178326204689
AMD1	-0.0499171817191235	0.0628694086140589	0.42720588318829	0.708603059833847	NO	0.203049934146519	0.195091916285553	-0.00795801786096581	0.430298155820352	509.45493591272	7	5	889.029026273091
JOSD1	0.0852409504883644	0.107438064287736	0.427547031896472	0.708886270501923	NO	0.350229473795258	0.369866462145304	0.0196369883500455	0.432462831112315	129.773277584379	7	5	313.22206637766
PPP2R5E	-0.0562489719083737	0.071007978815101	0.42827320653639	0.709429597085021	NO	0.110991986971689	0.105561992295973	-0.00542999467571624	0.437203507501393	619.666552707819	7	5	1525.41140635029
KLF3	0.20640708697724	0.260569617465735	0.428280234367663	0.709429597085021	NO	0.392543084238345	0.442695926619757	0.0501528423814124	0.433775284294984	20.9482683196245	7	5	256.431351344868
ZNF827	0.0888306974690366	0.112252087937922	0.428739738721802	0.709429597085021	NO	0.271217630811248	0.289127999287291	0.0179103684760425	0.432337337415882	137.56004210816	7	5	412.48880126679
PIK3CA	0.0866995200740244	0.109605570237337	0.428935930825789	0.709429597085021	NO	0.156715564681562	0.168517266422241	0.0118017017406782	0.434709944926592	218.112252502039	7	5	464.260705056252
ZNF134	0.140484549134965	0.177607232262264	0.428953097858206	0.709429597085021	NO	0.170533581669466	0.191333929799566	0.0208003481300992	0.433706556055692	62.7902332743697	7	5	516.824357389623
USP3	0.0906259753709268	0.114579053422178	0.428974834493784	0.709429597085021	NO	0.244529365981006	0.261655932128304	0.0171265661472974	0.43544270554342	134.644735497639	7	5	400.533390786274
TMEM237	0.0808840573809557	0.102283028122247	0.429068477467767	0.709429597085021	NO	0.257313734462912	0.273071680676183	0.015757946213271	0.437775914768643	181.238762520784	7	5	551.830979990264
NT5DC1	0.140177372259276	0.177388309958029	0.42939409052355	0.709685902494226	NO	0.148477709265994	0.167087152447452	0.0186094431814582	0.434980302880894	82.2877823248737	7	5	128.769823558179
ADGRL1	-0.0461042693326129	0.0583800764554318	0.429687752949796	0.709889218535009	NO	0.354993326823063	0.344508642688508	-0.0104846841345554	0.433237507136555	490.461341374605	7	5	1090.09442474282
SLC5A3	-0.121610791422626	0.154329895704953	0.430701126673791	0.711280939643894	NO	0.315383982504684	0.289733642238543	-0.0256503402661417	0.434933772224366	65.3500886257031	7	5	518.887388461449
KIRREL1	-0.28405326423373	0.360823039665894	0.431143114007114	0.711728315186347	NO	0.198026148103031	0.156734285772646	-0.041291862330385	0.436782935032006	12.6200323426008	7	5	75.7932194588012
TMEM260	-0.136533886479047	0.173718219214083	0.431896604607543	0.712689359447592	NO	0.29130812648649	0.263943238192865	-0.0273648882936254	0.436556624855397	58.7492516789226	7	5	220.153170986027
CMIP	-0.108493845054141	0.138150129092458	0.432258395946944	0.7130035397063	NO	0.622879185743056	0.597075202083456	-0.0258039836595995	0.438596598043368	140.343261443837	7	5	551.212639730135
KBTBD6	-0.0613535992143383	0.0782185631553121	0.432813250696285	0.713635799800455	NO	0.146445504354096	0.138941482226151	-0.00750402212794485	0.438257569498964	420.495277107352	7	5	1165.87106932351
EEA1	-0.0903405971481917	0.115400942743658	0.433720448357706	0.714602703360857	NO	0.365733463948571	0.345041982623868	-0.020691481324703	0.441039712175955	111.069054704818	7	5	446.521420871089
PHACTR4	-0.13523655884814	0.17275953581772	0.43374322740052	0.714602703360857	NO	0.251997144727584	0.227369303613751	-0.0246278411138339	0.440421085629006	61.9681323619678	7	5	230.280563409794
AMMECR1	-0.299796419810155	0.383124559267309	0.433918558665212	0.714608552671132	NO	0.199638383470467	0.15599263600076	-0.0436457474697076	0.45100407097907	11.867785451007	7	5	75.8292987359352
HOXB3	0.244078173189071	0.312468624477214	0.434726873588853	0.715656428227	NO	0.237927432650977	0.284958324561632	0.047030891910655	0.452763090188027	15.6003903185321	7	5	52.0399005296111
SPRYD7	-0.0608385654975888	0.0779595084350827	0.435163279073968	0.715842464745988	NO	0.112119220533906	0.10620423925011	-0.00591498128379557	0.440304876346081	736.470174618832	7	5	466.500076389871
CYB5R3	-0.0265634377471672	0.0340423826748264	0.435211433829432	0.715842464745988	NO	0.0454099498219486	0.0442722856731224	-0.00113766414882627	0.438849081786412	7380.9588938219	7	5	1094.30253025249
PDSS2	-0.302147330987279	0.387339045989285	0.435356114376767	0.715842464745988	NO	0.371838800802154	0.304389081605731	-0.0674497191964235	0.447825290594676	9.22110588539523	7	5	153.46775129374
ATG2B	0.167030089274627	0.214411658845452	0.435970354411066	0.716569211517201	NO	0.252059420053121	0.284829831377487	0.032770411324366	0.43605393956268	33.9903264437763	7	5	251.05823129007
ZNF615	-0.246455151425597	0.31685567794852	0.436677986423298	0.716800678871722	NO	0.170279949667217	0.138226401116628	-0.0320535485505896	0.44347135653526	18.8047291921562	7	5	180.807172117048
PARP8	-0.135675855028349	0.174462515183172	0.436758205367742	0.716800678871722	NO	0.249487052301747	0.22495412322791	-0.0245329290738375	0.439547675652205	67.4378964075512	7	5	231.575671997601
KDSR	-0.0394930132757314	0.0507889691684411	0.436810540578634	0.716800678871722	NO	0.106822093794906	0.103112110606043	-0.00370998318886259	0.438912914961697	1220.36631831156	7	5	522.222066774171
PXK	-0.086052328835455	0.110690452226194	0.436914440126498	0.716800678871722	NO	0.359612755060785	0.340044117774339	-0.0195686372864468	0.441845502338624	124.810821812217	7	5	307.524651404093
HMGN4	0.0892748855175294	0.114890119243077	0.43713174482356	0.716800678871722	NO	0.31986974300983	0.33959588882532	0.0197261458154899	0.442674320036395	120.496374120793	7	5	643.260200828239
DIP2A	0.0831420675768003	0.107000740643319	0.437145029398451	0.716800678871722	NO	0.476673759296162	0.497442353535095	0.0207685942389324	0.44278000394778	137.270716377957	7	5	198.238963619369
ZNF93	0.160924720288811	0.207294534144521	0.437566253414467	0.717125724907835	NO	0.850653029372808	0.869965842553504	0.0193128131806956	0.449594154225638	45.7667935484567	7	5	132.013781637171
MECR	0.239140252846695	0.308149449791919	0.43771779279124	0.717125724907835	NO	0.134707982729207	0.165092165434134	0.0303841827049266	0.444378818698905	23.6581777399804	7	5	112.077329511493
ATP13A3	-0.143781212901787	0.185330138011596	0.437860418573534	0.717125724907835	NO	0.410562109732464	0.376267011076364	-0.0342950986561003	0.442231134011928	44.0456826401323	7	5	499.574953286828
TLK1	-0.0904071943390844	0.116672681453874	0.438411245203174	0.717411952698595	NO	0.406076312758744	0.384470235330307	-0.0216060774284372	0.444090131096584	107.651686317638	7	5	655.415012846403
DCLK1	-0.0472841915158124	0.0610368091413678	0.438526871910866	0.717411952698595	NO	0.140032541924818	0.13443473927431	-0.00559780265050849	0.447228881519913	665.043888892666	7	5	2484.03074656764
BRAF	0.126765859217437	0.163644913747496	0.43855254704628	0.717411952698595	NO	0.455784271442099	0.487362626941547	0.0315783554994476	0.443507629610737	55.2014015915336	7	5	384.993527426626
DCAF12L2	0.115110385463097	0.148733401489238	0.438967638674461	0.717628466825136	NO	0.174600473032714	0.191815437275854	0.0172149642431396	0.436594569262371	97.9544578428279	7	5	76.3849778182007
SLFN5	0.139702321325921	0.180533049612993	0.439029915401435	0.717628466825136	NO	0.102995932027164	0.116637111651274	0.0136411796241102	0.44760017027931	78.4110568242416	7	5	223.183386320746
TBPL1	-0.0736388413122032	0.0954402817086248	0.440369252813437	0.719534992813785	NO	0.0964198902596531	0.0901921439536322	-0.00622774630602088	0.445473478250601	504.807568483474	7	5	715.688931098739
GRPEL1	-0.0954650041404822	0.123803113517418	0.440645634104596	0.719703901796278	NO	0.0960714473437439	0.0880947486683396	-0.00797669867540436	0.443271981195076	275.570143102431	7	5	608.50246846095
ATP11B	0.260415467094597	0.337880950588503	0.440866140246746	0.719730821056797	NO	0.413744952097565	0.477991795549631	0.0642468434520657	0.449395527548113	12.9084872023515	7	5	151.004010445166
ANAPC1	0.335001730472976	0.434789408345813	0.441008140113888	0.719730821056797	NO	0.414311020427695	0.497207474591658	0.0828964541639639	0.444848784500349	6.86816899226806	7	5	56.2734405095945
CHAMP1	0.0692080827980898	0.0899065898296148	0.44143180388971	0.72013972712988	NO	0.12438757228464	0.132123400255462	0.00773582797082195	0.453777011677531	292.442302674262	7	5	256.621167561667
LGALSL	-0.0733345635312887	0.0953625078803336	0.441888361731244	0.720601954058006	NO	0.418605215534789	0.400871226365382	-0.0177339891694075	0.4458280887407	162.425663359425	7	5	612.649477604526
ZNF747	-0.185694866325949	0.241603396954998	0.442134503558496	0.720720820847706	NO	0.196876790379734	0.169155407463294	-0.0277213829164401	0.442212322395747	38.5155378853132	7	5	117.569699046519
PRPF38A	-0.0555851698607333	0.0724125883358028	0.44271446385367	0.721212398959344	NO	0.117438564502721	0.111798724205016	-0.0056398402977057	0.447275678070155	457.246062129142	7	5	470.929559824172
MFSD4B	-0.364945105536161	0.475496957059268	0.442782804553405	0.721212398959344	NO	0.128952015612857	0.0931976664403314	-0.0357543491725259	0.457665055947323	8.60916408599196	7	5	160.294482447366
CTNNBIP1	0.0805478302430447	0.105051058983558	0.443230561359992	0.721530558688771	NO	0.27444264102939	0.290769438806668	0.0163267977772784	0.449951818669179	178.747929920549	7	5	570.052571398766
ELOVL6	-0.0969208435271515	0.126440735181213	0.443359941667161	0.721530558688771	NO	0.395368368702033	0.372449582922277	-0.022918785779756	0.450388430023588	93.9332878144308	7	5	887.479729550361
RPS6KA6	-0.142280399407496	0.18567743962242	0.443511346824978	0.721530558688771	NO	0.196594534136359	0.175086770878693	-0.0215077632576662	0.457091417119867	49.4896004535988	7	5	327.531012180429
G3BP1	0.0302211789921959	0.0394528565789352	0.443671915655259	0.721530558688771	NO	0.0557586344897164	0.0573712957954094	0.00161266130569298	0.451194464542484	4151.15197165671	7	5	843.242910909803
ING5	0.12803496323493	0.167368878319722	0.444279473931466	0.722100585448689	NO	0.368176260680152	0.398429370710411	0.0302531100302593	0.451752329642076	52.8599207430958	7	5	137.871706278627
ZNF207	0.0334419971724161	0.0437244393631485	0.444369591045347	0.722100585448689	NO	0.0696268066131858	0.0718245694518085	0.00219776283862265	0.452155948393003	3159.31368155669	7	5	748.132752112702
PIGN	0.354995443587679	0.465031976609928	0.445237658788239	0.723228684326074	NO	0.251989469735349	0.324529221971772	0.0725397522364233	0.446892579797017	6.09467178690498	7	5	71.4064055055124
PDCL	-0.161189547470271	0.211293296919445	0.445540279827782	0.723437768963144	NO	0.201611128069617	0.176907061705659	-0.0247040663639586	0.45285772348232	45.4488371880461	7	5	285.144301061054
RAB10	-0.0576606410749724	0.0756214191984454	0.445767095250313	0.723523650503824	NO	0.242715497593191	0.232274981186481	-0.0104405164067102	0.45226643114391	307.686780666179	7	5	3629.06179889723
DACH1	0.0750400095700905	0.0985412694966877	0.446353432646409	0.724192776836608	NO	0.390189253534707	0.408184232331574	0.0179949787968666	0.452869709972699	151.56263678355	7	5	483.966095472752
SPRING1	-0.0639482019181803	0.0841542891381328	0.447318924916244	0.725183789997689	NO	0.0610052889406017	0.0574433118083739	-0.00356197713222783	0.453805239804951	832.353064302314	7	5	940.848633313796
SCN8A	-0.118195709661049	0.155562109140682	0.447375606610418	0.725183789997689	NO	0.167832794228724	0.151966390520942	-0.0158664037077821	0.457118610426752	75.4035267857407	7	5	308.941648762177
KLHL20	-0.12528328975075	0.164998400427835	0.447673101921529	0.725183789997689	NO	0.253393974599666	0.230431658299507	-0.0229623163001597	0.450261370618122	69.6495371182209	7	5	301.267989301624
ZSCAN32	-0.149652291973456	0.197240053453031	0.448013036820656	0.725183789997689	NO	0.913481390519376	0.900898782259666	-0.0125826082597101	0.450803719255264	98.7430582726477	7	5	149.653088486426
ATF5	0.360205885686402	0.474786030203243	0.448050027305007	0.725183789997689	NO	0.273989606954052	0.351086163802608	0.0770965568485555	0.454176842098548	5.66795165535293	7	5	71.788043785191
HAUS5	0.322360724548961	0.424968342470956	0.448120400560046	0.725183789997689	NO	0.141288300668013	0.185084789630608	0.0437964889625951	0.449487886215128	9.61187866413161	7	5	31.3254407353746
NAA15	-0.0802160459262898	0.105797180563421	0.44832773300781	0.725183789997689	NO	0.310998423735189	0.294075498602741	-0.0169229251324488	0.457659947455405	165.794414719801	7	5	332.82942410527
TSPAN5	-0.106074633283371	0.139911732880427	0.448358824008186	0.725183789997689	NO	0.3943893973422	0.369357739379006	-0.0250316579631943	0.453657799615537	76.1418261551535	7	5	540.377026365402
TMEM185B	-0.0859869692002586	0.113460424481785	0.448535580075084	0.725187723712533	NO	0.125022381302344	0.115915363089585	-0.00910701821275978	0.45466907365079	245.634632878538	7	5	209.117282621168
PPP1R7	-0.0624858675773433	0.0824911827869676	0.448759102412035	0.725208875299113	NO	0.0571721510023406	0.0538956720434746	-0.00327647895886601	0.449954835976603	961.856080124716	7	5	419.303370488841
COL11A2	0.414426793266213	0.547402501032738	0.44900269293847	0.725208875299113	NO	0.344969584163375	0.443542140999134	0.0985725568357584	0.451473678407651	4.65475518606989	7	4	22.1568391037056
STK4	0.0870351131955235	0.114994409393788	0.449131425774962	0.725208875299113	NO	0.359452555562558	0.379727293432788	0.02027473787023	0.456969070737374	124.890971205729	7	5	233.511185935836
SCUBE2	0.313289455014132	0.414035630050283	0.449245978761013	0.725208875299113	NO	0.164835010326009	0.212588132510256	0.0477531221842471	0.471695932880399	13.9549013712961	6	5	13.5933102313887
MSRB2	-0.0794438229020207	0.105062227483788	0.449553448989045	0.725332605194117	NO	0.0712077745677404	0.0661292505036057	-0.00507852406413477	0.454554135365631	469.993667249372	7	5	269.039191015991
TSPYL5	-0.132896796758463	0.175798003504692	0.449671343460487	0.725332605194117	NO	0.278049166554955	0.25217308079715	-0.025876085757805	0.455081167994567	49.6274874893922	7	5	767.068899928262
MAGT1	0.178656507498897	0.236885066082883	0.450734737113701	0.726662270232929	NO	0.349439402657483	0.391062610487808	0.0416232078303251	0.457386510886393	26.162100203866	7	5	95.1892015888386
PAK5	-0.0775491408083646	0.102849366862293	0.450845028719036	0.726662270232929	NO	0.249400706942739	0.235167250267096	-0.0142334566756431	0.454862956564705	164.589310602276	7	5	431.227481126282
C1orf21	0.107320291866194	0.142701737128031	0.4520148785634	0.728265644780691	NO	0.139719523155896	0.153124656324624	0.0134051331687278	0.458429988869506	163.617629728176	7	5	276.530929726897
SZT2	0.0964689749435801	0.12833766729623	0.452242971369056	0.728351049514237	NO	0.176845090381387	0.191328446148628	0.0144833557672415	0.45374547259464	125.964553195208	7	5	125.892332478079
CDC14B	0.202652004183231	0.269760851292378	0.452515230191475	0.728507491329928	NO	0.38324487220906	0.432134938036035	0.0488900658269753	0.456101874256389	19.2201881253376	7	5	106.248651581057
RAB8B	-0.105243287140149	0.140226045945746	0.452937997371276	0.72890602284894	NO	0.446361671254183	0.420523345761157	-0.0258383254930262	0.457845357752702	74.2682854394891	7	5	919.623169097945
SNTG1	-0.304777024099203	0.40670070368317	0.453622793125528	0.729608837413096	NO	0.289790285604992	0.231265400535984	-0.058524885069008	0.456039127381748	9.33676890234443	7	5	68.2381740657399
AP1G1	-0.039680952869864	0.052963121837078	0.453725495766269	0.729608837413096	NO	0.300505914123808	0.292231481181702	-0.00827443294210611	0.458379582315807	568.419553110062	7	5	710.113631112477
ARRDC4	-0.0787623407558774	0.105177706789994	0.453947533353458	0.72968382486491	NO	0.357515647848609	0.339633997385249	-0.0178816504633597	0.458519304663234	134.340031587952	7	5	423.20854279124
COL27A1	0.421198036012861	0.563588927591521	0.454852477946026	0.729768405674505	NO	0.258358193490847	0.346757806653978	0.0883996131631311	0.457545753299509	4.87173475204886	6	4	24.9659123629489
UBE2QL1	0.108122586563641	0.144704743215462	0.454946170616525	0.729768405674505	NO	0.352351961272426	0.377401028925031	0.0250490676526052	0.459657727114837	69.8312749515749	7	5	1124.81349099556
DOCK4	-0.12051122667182	0.161292465602648	0.454967180314128	0.729768405674505	NO	0.413634108369591	0.384740884890713	-0.0288932234788774	0.460703478147997	55.6452637171131	7	5	192.428555635927
NCOA2	-0.0631551059482118	0.0845271164161878	0.454968230951701	0.729768405674505	NO	0.505034923554263	0.489247975053064	-0.0157869485011986	0.460136015497766	224.862099686593	7	5	640.018505876542
SP1	-0.133245965030412	0.178346908884792	0.454993083167122	0.729768405674505	NO	0.168335064510134	0.150495612086283	-0.0178394524238513	0.46464707202309	65.0719282118771	7	5	145.89259001361
LRRTM2	0.0916023166152519	0.122623977083296	0.455052702961458	0.729768405674505	NO	0.21273395288542	0.228478647331039	0.0157446944456192	0.458479425300324	111.331382792352	7	5	420.368024042773
C18orf25	-0.132998007089021	0.17850292862778	0.45622659290858	0.730921350765994	NO	0.359265493691326	0.329256097346664	-0.030009396344662	0.467245980571146	46.6548610612631	7	5	249.328218111557
PLAA	-0.0560418359392787	0.0752346399396688	0.456335770008372	0.730921350765994	NO	0.0810537797240194	0.0769763549834765	-0.00407742474054293	0.455603549510888	941.236934600508	7	5	307.764085958537
C21orf62	0.0748786308109245	0.100543480620381	0.456429640271963	0.730921350765994	NO	0.0919361552653195	0.0983812353183588	0.0064450800530392	0.463819476221394	306.97054088245	7	5	79.0956223469243
TADA2A	0.0935482507165994	0.125663931609592	0.456615171479778	0.730921350765994	NO	0.265632740495572	0.284276548169306	0.0186438076737339	0.464007672056168	122.874141087405	7	5	122.394365386414
LYPLAL1	0.0893395662378777	0.120095278407072	0.456933506156665	0.730921350765994	NO	0.190411955320431	0.204566189004949	0.0141542336845175	0.471983868797945	189.022284574994	7	5	311.996016278911
SPIRE2	0.243726024171967	0.32763195364173	0.456935841800365	0.730921350765994	NO	0.277124366231341	0.328485086233296	0.0513607200019542	0.460740554676464	13.3125886258528	7	5	158.600747828518
SLITRK2	0.128623644907483	0.172929291551669	0.457001546476527	0.730921350765994	NO	0.128766411691934	0.14389779470132	0.0151313830093865	0.456572090697967	189.196903390349	4	4	88.3459788305431
YTHDC1	0.0605153839708658	0.0814321866048472	0.457397899812493	0.731208508682744	NO	0.112117416214736	0.11828442265991	0.00616700644517332	0.466108504299761	464.490258810405	7	5	420.193988814917
LEPROT	-0.0894842972076671	0.120450112565507	0.457532631755092	0.731208508682744	NO	0.197608649636818	0.183802852868261	-0.0138057967685572	0.464856672089416	154.976873202809	7	5	465.516034573928
TSPYL1	0.0480033769725066	0.064645945613548	0.457749203800783	0.73127368963566	NO	0.0652507733848993	0.0682404677757119	0.00298969439081261	0.465846991660905	1424.32490304628	7	5	1815.90527037878
UQCRB	0.0507737768115667	0.0684629487542723	0.458315081713623	0.731896637208704	NO	0.15997615073119	0.166917672163431	0.00694152143224169	0.468932859911197	663.187945306824	7	5	1579.53813542177
MRPS33	-0.0436210095994129	0.0590113034948796	0.459787062391294	0.733965533210968	NO	0.0722397418827503	0.0693702097064629	-0.00286953217628745	0.469506936883668	1561.34547998696	7	5	546.814415436491
WARS2	-0.141089562611825	0.191015587967505	0.4601325961648	0.734235366338922	NO	0.245599594921389	0.220404571647445	-0.0251950232739439	0.465135463401626	51.5251919328184	7	5	137.720729283969
IPPK	0.117322823968477	0.158936729555414	0.460409245683608	0.73427595397283	NO	0.157490454040136	0.173690083696173	0.0161996296560364	0.473075746347997	117.230776928414	7	5	149.577626924387
ASB6	0.0909906264440013	0.123321160404359	0.460614928485625	0.73427595397283	NO	0.26994022723805	0.288242478012817	0.018302250774767	0.466875774919816	103.783428714236	7	5	991.044929996538
RUNX1T1	-0.0449520021670294	0.0609408087751219	0.460736992062326	0.73427595397283	NO	0.0680041379228025	0.065209832479185	-0.0027943054436175	0.471762808550191	1474.3735133075	7	5	2615.1289026776
TRIM4	-0.235432139511871	0.319262579142295	0.46086406630362	0.73427595397283	NO	0.0887899703211351	0.071496087814469	-0.0172938825066662	0.477918396086301	33.4199590384143	7	5	160.456450394588
SRSF7	0.102469661270257	0.139260456341502	0.461844477595906	0.735556288973572	NO	0.194914234428052	0.211497981238	0.0165837468099478	0.475772839601173	124.201661636494	7	5	812.620458880216
TXNDC16	-0.0801160687207188	0.109042839297847	0.462509401423846	0.736333375401148	NO	0.273502653189705	0.25787560171992	-0.0156270514697855	0.466599538348174	140.507169815479	7	5	361.857050966864
MRTO4	-0.0852314162642561	0.116124437901239	0.46296931813594	0.736783612641741	NO	0.0996399805223976	0.092250343421826	-0.00738963710057158	0.466771774232927	397.787464776353	7	5	159.87009293656
RALB	-0.0845391568721303	0.115341892032281	0.463592536899076	0.73749329005742	NO	0.331852070609461	0.313381084484923	-0.0184709861245373	0.469706192193065	118.379445716268	7	5	773.18756784826
KLF9	0.403726895816985	0.552525165068979	0.464966000674512	0.739384863011002	NO	0.723274306154991	0.79648826149552	0.0732139553405288	0.503637409898148	4.06493776421794	7	5	43.7964953540471
FOXK2	0.0536409222635838	0.0734390500882535	0.46513706406245	0.739384863011002	NO	0.380001947186791	0.392718578998786	0.0127166318119947	0.470711019443198	277.745831448942	7	5	449.050387976749
LRRC49	0.0468059302437605	0.0641914230698699	0.46590272700041	0.739766751131615	NO	0.0798498692081779	0.0833572154087377	0.0035073462005598	0.475572234976293	1309.63942877395	7	5	352.957394076084
HS3ST1	0.110209913601576	0.151159436841263	0.465942241871062	0.739766751131615	NO	0.0708822532408907	0.0784926713953254	0.00761041815443476	0.46232620820438	221.778896870022	7	5	144.240126691264
MTSS1	-0.120772115133124	0.165673659328012	0.466016366874946	0.739766751131615	NO	0.251753156707063	0.229691147415059	-0.0220620092920039	0.473038689483225	58.0340894639285	7	5	665.001767162568
PEX13	-0.0792859663206674	0.108781110172709	0.466088618922107	0.739766751131615	NO	0.111621935718312	0.103998484307607	-0.00762345141070507	0.469699147248224	280.640393182822	7	5	238.4961696165
CBX8	0.387262909056575	0.531603868250331	0.466319665512833	0.739851185558119	NO	0.184452248234851	0.2498886106126	0.0654363623777487	0.474780841515148	4.622626797966	7	5	86.330808671102
WDR31	0.436522830009757	0.599740910414455	0.46670397565513	0.739920800000903	NO	0.243906764275513	0.332953742181511	0.0890469779059982	0.470052211763031	2.95443026121852	7	5	28.7549529688324
C2CD2L	-0.127581474755575	0.175290847447632	0.466719273846723	0.739920800000903	NO	0.098869183783638	0.0880697565290661	-0.0107994272545719	0.480365430867659	131.30107524474	7	5	252.072424583834
GFM1	-0.0567277745859988	0.0780160029914055	0.467146335630774	0.740214446826892	NO	0.0532867423688159	0.0504964387225894	-0.00279030364622651	0.469944872318437	1023.09074353885	7	5	690.684011736356
SLF1	-0.109428910644929	0.150532829449584	0.467260369559476	0.740214446826892	NO	0.166451763745106	0.151817726689465	-0.0146340370556403	0.471840086888704	138.687732876762	7	5	171.181090789401
WIPF3	0.0602195642758937	0.0830647737255509	0.468469731468849	0.741847766619876	NO	0.414649036899478	0.429336292584503	0.0146872556850251	0.472867013085306	211.704744197391	7	5	323.750602712599
STAT5B	0.130500306125426	0.180316595714018	0.469232273298555	0.742772548296038	NO	0.255650322555515	0.281264071153781	0.0256137485982655	0.475076072273577	47.0000830840855	7	5	258.118495389298
TUNAR	-0.0856582710776852	0.118434713857131	0.469524415931274	0.742927712362172	NO	0.393765216604393	0.373514037874938	-0.0202511787294549	0.473652659495427	104.804612282139	7	5	458.644766693836
RMND5A	0.0826400009580941	0.114303475321543	0.4696874719982	0.742927712362172	NO	0.671588395387637	0.689550338247429	0.0179619428597926	0.474398343996594	140.550932819622	7	5	839.117995452876
CSNK1D	-0.0582491459089959	0.0806256198206435	0.470008960485538	0.743153658540418	NO	0.344045362990777	0.331021794616593	-0.0130235683741847	0.47387226239544	236.842067688217	7	5	723.561742997711
TMCO1	0.055264067125696	0.0766269380312839	0.470780696247308	0.743922364500437	NO	0.0873670033937962	0.0918750830345812	0.00450807964078503	0.483337764478504	830.315137355746	7	5	881.868461034181
FMN1	-0.404850744295028	0.56144101960658	0.470852785031166	0.743922364500437	NO	0.655128481526336	0.558927051770368	-0.0962014297559672	0.488592044835727	7.45019208058907	6	4	19.482486971361
LONRF2	-0.139039002397582	0.193328416603923	0.472026605392968	0.745324354667582	NO	0.296217715493675	0.268074590135457	-0.0281431253582175	0.47554018133731	40.1317327431232	7	5	1289.62185022092
VPS13D	-0.120484837411243	0.167590818974497	0.472188573558215	0.745324354667582	NO	0.283206161502903	0.259398350093127	-0.0238078114097755	0.488218402094499	61.0489404462809	7	5	137.399998705894
LRATD1	0.179716124605431	0.25003004517345	0.472277643967247	0.745324354667582	NO	0.0805783435336059	0.0949363340988692	0.0143579905652634	0.483897150293069	66.568644366909	7	5	290.133499870666
PTCHD1	0.0114266321160684	0.0159065775498047	0.472535999823483	0.745449282997987	NO	0.0475707758983531	0.0480911761013628	0.000520400203009634	0.476370755746245	30160.0099064915	7	5	315.368554087672
PTCD3	-0.108220728132668	0.150792067609858	0.472953484694961	0.745825055470446	NO	0.17644873214467	0.161269012168605	-0.015179719976065	0.478882673012012	97.7402015984002	7	5	364.767123235375
GABRA2	-0.126821757260396	0.17679590848949	0.473167889752635	0.745880417344055	NO	0.262001755430026	0.23822928859587	-0.0237724668341558	0.477890956127131	54.3456881333868	7	5	434.071396508054
DR1	-0.0638452045827345	0.089238283459168	0.474333278011337	0.747157635703546	NO	0.168754130375579	0.159986567806629	-0.00876756256895062	0.483979581237839	439.846339470127	7	5	1072.54767583156
PRSS23	-0.0669863751204237	0.0936296477196868	0.474337335551218	0.747157635703546	NO	0.107655202920839	0.101387197094687	-0.00626800582615249	0.478042365182562	445.860658422627	7	5	188.26368371006
RWDD2A	-0.0589771988230944	0.0824713110659528	0.474532537791033	0.747182194250831	NO	0.114934889565061	0.109070326613332	-0.00586456295172852	0.483193285850491	553.756023656342	7	5	408.131051473748
MMAB	0.147030661114132	0.205774510620771	0.474903717601044	0.747221271843263	NO	0.180786522789141	0.20359142999656	0.0228049072074183	0.493801732358897	56.2550349580532	7	5	180.377081087958
GTF3C4	-0.0842899765628113	0.117970186213246	0.474916596815766	0.747221271843263	NO	0.26161367826457	0.245661204230891	-0.0159524740336797	0.47894973155627	112.452740409521	7	5	295.422699019804
ZNF71	0.0543823127159812	0.0761986613273394	0.47541815989448	0.747555610209365	NO	0.0818440861914369	0.0860247179176413	0.00418063172620442	0.484681905676932	938.542390568085	7	5	212.640380419868
WASF2	0.189146196759929	0.265067502864615	0.475488496301437	0.747555610209365	NO	0.232518671599719	0.2679600032969	0.0354413316971816	0.475934875789212	21.434531443486	7	5	93.4566802601963
CDC42BPA	0.0756481915089499	0.106121604071894	0.475942045589343	0.747889150946957	NO	0.544592865953297	0.563282526461776	0.018689660508479	0.480394559935877	143.918723756543	7	5	477.135006465368
NUP155	-0.174147006516939	0.244522756167788	0.476346255425025	0.747889150946957	NO	0.403964487097722	0.362825793517756	-0.0411386935799664	0.479908379017738	27.2804421935802	7	5	91.784620982715
PCM1	-0.0800695327152687	0.112455418397004	0.476457756230774	0.747889150946957	NO	0.175801119565955	0.164498864505569	-0.0113022550603861	0.486761226292452	172.930273985961	7	5	626.009512098243
SUSD6	-0.126917519529099	0.178272779980679	0.476508890587577	0.747889150946957	NO	0.244352011512334	0.221683371809107	-0.0226686397032272	0.482690530211669	49.2531835062053	7	5	167.316285088319
RAB39B	0.0685744443661276	0.0963767736889711	0.47675921855492	0.747889150946957	NO	0.350678880483402	0.366448799701592	0.0157699192181899	0.481051308306786	159.293280605724	7	5	712.150888039166
CNR1	-0.0892314716207004	0.125455604482903	0.476923536964585	0.747889150946957	NO	0.392786656653842	0.371719994791585	-0.0210666618622563	0.48171548372015	98.4028630430443	7	5	1859.04002480582
GIGYF2	0.0770551277028625	0.10840484365443	0.47720266454937	0.747889150946957	NO	0.294759470898284	0.31102662195231	0.0162671510540265	0.484768372775476	140.196362840838	7	5	333.745174573989
SCG3	0.0355026356845551	0.0499487603453617	0.477219883636446	0.747889150946957	NO	0.23145674357198	0.2378322270324	0.00637548346041955	0.48336045058892	778.485547683926	7	5	1926.66556440742
DGKB	-0.243818609559808	0.343106045037417	0.477318676866387	0.747889150946957	NO	0.309720780432808	0.260139504100164	-0.0495812763326445	0.480907171678878	12.449901213728	7	5	281.193103967615
WDR91	-0.236544559140833	0.333101690617625	0.477625282245815	0.748087791469349	NO	0.110457214289634	0.0892665097800141	-0.0211907045096198	0.509356538037234	28.844798847723	7	5	60.4319357193357
PDCD4	0.063803167950789	0.0898941103465989	0.477853500840803	0.748163554195611	NO	0.29504058751945	0.308482331877027	0.0134417443575773	0.483336394503517	203.014627098808	7	5	499.001009746551
PEX3	0.0892284321283913	0.125807486995014	0.478171954494763	0.748220652680811	NO	0.199499063617724	0.214131405085255	0.0146323414675308	0.481834548877223	131.324100519926	7	5	148.208221896838
TGFB1	0.414072504920761	0.583924021846463	0.478249691220739	0.748220652680811	NO	0.191183355293925	0.263420259250631	0.0722369039567059	0.486689730997773	3.7897898822337	7	5	13.3702732268564
AGBL4	0.437823161107302	0.617911179857506	0.478601568969965	0.748489671772577	NO	0.440354296076371	0.54936339179009	0.109009095713719	0.482212563612098	2.66232472599087	7	5	33.5950080364421
COL1A2	0.300948135669684	0.425027775773717	0.478903660839064	0.748578712440695	NO	0.132912374098195	0.171575566375705	0.0386631922775103	0.502765171795848	12.7259988225661	7	4	13.6152946068459
SAMD12	0.449710475325912	0.635289964601932	0.479018397239695	0.748578712440695	NO	0.417742957541281	0.529382303148342	0.111639345607061	0.483862351797587	2.42772274100126	7	5	140.611026652471
SUGT1	-0.101912491914516	0.144168349456644	0.479629116784794	0.74880839210161	NO	0.275944743464525	0.25605410097585	-0.0198906424886742	0.486322663173799	123.880708856141	7	5	1174.69656739137
CDH7	0.261417012563417	0.369843807396723	0.479671600966823	0.74880839210161	NO	0.11256190879567	0.141435457075503	0.0288735482798325	0.484225016486854	17.446454384901	7	5	642.942912991919
TCF3	-0.121784161089478	0.172309294189477	0.479705376190094	0.74880839210161	NO	0.333279691259315	0.306789312748137	-0.026490378511178	0.485566857815544	59.5319571268139	7	5	91.3885077672539
ZNF699	-0.203634744692585	0.288385565319972	0.480113667530597	0.748858889011814	NO	0.144640008919494	0.121221949062991	-0.023418059856503	0.488591042376554	27.8501445123128	7	5	47.0752899943294
TOP1	0.082337021712817	0.116649077313954	0.480279982085567	0.748858889011814	NO	0.360702631017046	0.379898559844156	0.0191959288271098	0.483797921541305	108.848394286901	7	5	510.949753650012
ZC3H10	0.113466558625405	0.160814291225	0.480452417387838	0.748858889011814	NO	0.113372870401714	0.125288412494116	0.0119155420924014	0.488197133419508	96.5815761909182	7	5	101.501596305632
SERP1	-0.113287511480078	0.16056249325334	0.480457782397243	0.748858889011814	NO	0.293243940192517	0.2703261897129	-0.0229177504796177	0.487149112563676	70.5163634778237	7	5	603.455731083012
TUBGCP4	-0.0836408998373629	0.118671949528358	0.480929936842706	0.748872044654528	NO	0.201701036345904	0.188568676025179	-0.0131323603207255	0.48174899458232	144.777524330662	7	5	1003.00542653256
SLIT3	-0.180146618601714	0.255640510713271	0.481004862976219	0.748872044654528	NO	0.151131284454519	0.129441911519993	-0.0216893729345252	0.484660162527129	50.0895860090719	7	5	101.177579895373
FMR1	0.176050773176978	0.249923528269683	0.481172147772505	0.748872044654528	NO	0.284630735151839	0.321790523587599	0.0371597884357602	0.483764186762033	23.1943770298254	7	5	462.336786730025
CACNG4	-0.0771740579270993	0.109599191885685	0.481340575424198	0.748872044654528	NO	0.243292206331694	0.229367158944856	-0.0139250473868388	0.484464932592213	142.987569476341	7	5	593.362796390574
SLC8A1	-0.133185500333817	0.189168381384948	0.481396693721228	0.748872044654528	NO	0.193191189982799	0.173275039951318	-0.0199161500314806	0.48550599740088	52.7079637232363	7	5	734.421772696833
RPAP3	0.0840286681133399	0.119389824153348	0.481546326791073	0.748872044654528	NO	0.241185580894636	0.256896531535284	0.0157109506406471	0.490562960964615	169.056696170556	7	5	320.711105914916
NSUN4	0.102311940585163	0.14575470843541	0.482712814514757	0.750405571144016	NO	0.237556516520707	0.256581863301774	0.0190253467810669	0.490250972232079	88.3580586654932	7	5	139.797138128684
FAM199X	0.106735667534802	0.152549521175513	0.484127912295872	0.750878282126993	NO	0.399418008740525	0.425275159725432	0.0258571509849062	0.490088075952954	66.5553655605891	7	5	789.913322822769
ACTR1A	-0.0648209941533386	0.0926726696052547	0.484263465342834	0.750878282126993	NO	0.311298875005851	0.297574459310207	-0.0137244156956439	0.488911221489333	204.269664071762	7	5	1159.7873314457
ZNF347	-0.0885753540526035	0.126634638686141	0.484267120071534	0.750878282126993	NO	0.205658969504705	0.19156564734248	-0.0140933221622243	0.487127302331107	138.397720682993	7	5	132.210082379412
MALT1	-0.23584862680782	0.337235096488871	0.484327283295941	0.750878282126993	NO	0.264178241490572	0.220937312358844	-0.0432409291317276	0.500572797316927	14.5767310033547	7	5	101.282694981627
COL18A1	0.316710424403806	0.452928264742022	0.484395345735447	0.750878282126993	NO	0.36961798136903	0.445925909162372	0.0763079277933423	0.486083686485395	6.27973888398898	7	5	114.761266159278
CMTM4	0.18964991129267	0.271254487654099	0.484452912104285	0.750878282126993	NO	0.193303131723872	0.224603398106565	0.0313002663826925	0.484884456543515	20.7100003088182	7	5	156.965977623999
ZNF473	-0.0881676054123628	0.126137088842462	0.484563028328258	0.750878282126993	NO	0.124247248267503	0.114967194357009	-0.00928005391049382	0.488451671425669	199.841379717518	7	5	260.308288052527
ARL1	0.0675978909130242	0.0967622637037445	0.484803507067336	0.750878282126993	NO	0.295374153742644	0.30963501556128	0.0142608618186361	0.488890922615307	188.582500621458	7	5	621.979258369405
EPS15	-0.0872743849593119	0.124938593476427	0.484840653123535	0.750878282126993	NO	0.205877188517429	0.191974248213133	-0.0139029403042957	0.487464428928931	121.129950205722	7	5	2188.21985023034
ARMH4	-0.16215324782984	0.232261677308712	0.485084043773348	0.750878282126993	NO	0.335984073624069	0.300820108733569	-0.0351639648904999	0.493429762420695	33.5073119685112	7	5	145.018310620487
KRBA2	-0.143762922994191	0.205940073187342	0.485126324716087	0.750878282126993	NO	0.10443966561147	0.0917374350634743	-0.0127022305479955	0.491639144169163	86.3383998778098	7	5	57.5490493943284
MBNL2	-0.102649523001961	0.147064272847014	0.485182889989749	0.750878282126993	NO	0.427340867311129	0.402428090854096	-0.0249127764570332	0.489493920857436	68.1323814084051	7	5	792.502088913465
RALA	-0.0688987552821611	0.0988094614692322	0.485621920868987	0.751197948204549	NO	0.330961839304159	0.315887384315611	-0.015074454988548	0.490407523731793	161.809213692295	7	5	1282.87053625584
DGAT1	0.0839869934251122	0.120523514959893	0.4858957261364	0.751197948204549	NO	0.191076547878435	0.204395855132501	0.0133193072540657	0.489390684139517	142.336882825477	7	5	223.290927928416
POLR3E	0.0782441277678746	0.112327297785096	0.486070253047356	0.751197948204549	NO	0.056353801897823	0.0606620244479735	0.00430822255015045	0.487931070384821	394.985567840833	7	5	133.981214031349
AP4E1	-0.188538448929819	0.270691623638354	0.486111749174674	0.751197948204549	NO	0.302455388402222	0.264215711761759	-0.0382396766404629	0.485547950503085	21.070317411698	7	5	119.302325447585
KLF6	-0.0916202409338987	0.131733789453397	0.486744910349157	0.751720197556491	NO	0.231961286934911	0.216040767833583	-0.0159205191013281	0.493773528921153	104.743120548838	7	5	837.66807685834
API5	-0.113719719277228	0.163533796917371	0.486811108706055	0.751720197556491	NO	0.302802719787117	0.279346271359551	-0.0234564484275662	0.493158858192322	57.2315954746567	7	5	818.820363432556
PEX5L	-0.0757002091860898	0.108909576615423	0.487008961496116	0.751746671548736	NO	0.275320777640374	0.260476689102116	-0.0148440885382585	0.491857952534581	132.8713064189	7	5	840.281722224274
RPIA	0.0910404993048787	0.131093271510768	0.487386766800283	0.752049912865946	NO	0.326278669011057	0.346598614109547	0.0203199450984899	0.493358711179381	93.7458883309263	7	5	124.407892209359
PSMD12	0.0404416235107514	0.058257806861527	0.487566974759484	0.752049912865946	NO	0.249734457532861	0.257388312233219	0.00765385470035787	0.494994056435664	606.300205518821	7	5	1332.95618650731
MAFG	0.050269487706702	0.0725527016703283	0.488392026395062	0.752913896086893	NO	0.152645855828245	0.159262102816073	0.00661624698782765	0.494162463642243	600.146876804534	7	5	664.757285533371
SUPT16H	-0.0455072582263339	0.0657005280103903	0.488531254430842	0.752913896086893	NO	0.333235003729017	0.323201646470947	-0.0100333572580703	0.49483575507201	354.625573797726	7	5	610.782491160121
MAPKAPK2	0.276438551551854	0.399290539369215	0.488733679935536	0.752913896086893	NO	0.731245248221131	0.782004860886	0.0507596126648689	0.491638467031929	13.2300089954129	7	5	92.6706197663753
WSCD1	0.126353865271425	0.182559524844057	0.488859334744039	0.752913896086893	NO	0.312325588420997	0.340085006089999	0.0277594176690021	0.488123662915497	48.7855365720637	7	5	130.54427349519
IPO9	0.0871332681066169	0.125942578138117	0.489032054621823	0.752913896086893	NO	0.121584373284018	0.131201360127659	0.00961698684364147	0.490214652963549	157.949128995881	7	5	936.534346797598
RASEF	-0.407964493908096	0.590295037586952	0.489490358842045	0.753340692853462	NO	0.320637449940459	0.238883876028174	-0.0817535739122853	0.498912189179863	3.11312095281307	7	5	43.5158108238325
C14orf132	-0.0305842142743103	0.0443348132082222	0.490290743485388	0.753967095143959	NO	0.235596245386593	0.230132919702234	-0.00546332568435937	0.496022148047565	889.202373772105	7	5	2565.93455991446
B4GALNT1	0.146929561384091	0.213021339951962	0.490357049909429	0.753967095143959	NO	0.291185587537674	0.322413278722817	0.0312276911851427	0.497583712628032	35.3888315668632	7	5	453.367971993813
TMEM65	0.12758201654144	0.185076745794296	0.490605209540486	0.753967095143959	NO	0.249842814575123	0.274508173420355	0.0246653588452316	0.49976970513389	67.7423993334954	7	5	469.124781578967
AP5B1	0.121764076775917	0.176643932647923	0.49062233811411	0.753967095143959	NO	0.0945117916793897	0.105459274898136	0.0109474832187459	0.504550203196686	111.935381378311	7	5	77.6964629020343
UTP25	-0.0920336125515847	0.133661159450747	0.491100743725243	0.75442359449668	NO	0.149122401653803	0.137817758715256	-0.0113046429385469	0.495718580046468	140.484069097375	7	5	147.336344864562
MOCS3	-0.0923885722749685	0.134311660088962	0.491536475656343	0.754478568645451	NO	0.148836358892299	0.137507791398635	-0.0113285674936636	0.495654378582612	144.146411214947	7	5	220.954926416523
ZFP82	-0.100533887129052	0.146234112902829	0.491776598525224	0.754478568645451	NO	0.110226658389209	0.100746105495739	-0.00948055289346945	0.499930301664077	131.860317112081	7	5	340.19054271197
IQSEC1	-0.0993493479879247	0.1445288078423	0.491829627616988	0.754478568645451	NO	0.21523128778934	0.198925243050569	-0.0163060447387711	0.497301039259171	81.6687335453152	7	5	542.43288819311
RNF165	-0.07948701295303	0.115642649042457	0.491861989943861	0.754478568645451	NO	0.286102260053892	0.270146890491698	-0.0159553695621933	0.490944877463558	114.873036852587	7	5	129.965046565443
POU3F2	0.0705115902441819	0.102688274764494	0.4922990991202	0.754624377479353	NO	0.0645072623797106	0.0688952865251307	0.00438802414542014	0.506386733063368	640.049072213726	7	5	648.764929901659
KMT5B	-0.0762016031018648	0.110980141623518	0.492319846268982	0.754624377479353	NO	0.172484330472804	0.161877655099076	-0.0106066753737279	0.491544025618473	176.250519389753	7	5	687.739788308993
TMTC1	0.196592582726409	0.286626826858985	0.492786638460776	0.755035381917619	NO	0.288161984152764	0.330099508791571	0.0419375246388072	0.492870672790244	18.6601710394969	7	5	170.237635070885
RNF150	0.294007935892496	0.42881876969123	0.492950984925061	0.755035381917619	NO	0.235302230292714	0.292225045436891	0.0569228151441766	0.496454319679239	7.79728514913707	7	5	627.319211142443
SNX13	0.119567039470923	0.174617656130646	0.493510368291714	0.755613961020806	NO	0.301937528341554	0.327718658494123	0.0257811301525688	0.495238286247255	48.8349422986588	7	5	477.183280316875
SLC6A8	0.174705184703669	0.255398875871727	0.49394462262964	0.755991768481012	NO	0.261574286875709	0.296692700467021	0.0351184135913119	0.494923384220334	23.0303078324634	7	5	136.853321663217
QSOX2	-0.229808527152454	0.336272344920212	0.494354107569431	0.755991768481012	NO	0.556660323471639	0.499452613758722	-0.0572077097129168	0.499826284588987	13.3998162707217	7	5	65.3286628225043
DMAC1	-0.0555202958228084	0.0812605761612991	0.494456602037493	0.755991768481012	NO	0.2566418551163	0.246193721767243	-0.0104481333490571	0.500348621490495	331.841487153398	7	5	796.270483829494
WDR5	0.0985170443563123	0.144200612281651	0.494484038951162	0.755991768481012	NO	0.276999851501214	0.297156479223466	0.0201566277222527	0.499481304112992	88.7500286713622	7	5	206.03643420087
CNOT4	-0.111959802639144	0.164146466523098	0.495193062853009	0.75679762728454	NO	0.333019664958447	0.308632809045464	-0.024386855912983	0.5047825770237	57.4933226284176	7	5	336.600041243049
GREB1	-0.176617157471797	0.259266902634476	0.495733861201143	0.757345891515517	NO	0.480097978717875	0.436281502687832	-0.043816476030043	0.502014875538344	24.9862488290192	7	5	165.49213140603
ZNF8	-0.155808800082292	0.229176797858051	0.496591281145365	0.758377286918033	NO	0.108793815284304	0.0945819495951884	-0.0142118656891156	0.497751998713665	68.0180418883031	7	5	179.295653287097
MIDEAS	-0.244445399017576	0.360592065726472	0.497835033765365	0.759755122034561	NO	0.800988215746522	0.759152146995883	-0.0418360687506394	0.530186277690576	19.3552256942024	7	5	266.36940658797
EXOC6	-0.148635412162312	0.219270682310681	0.497858765063994	0.759755122034561	NO	0.410532116992269	0.375099412942865	-0.0354327040494043	0.503647147484046	30.5947167894778	7	5	142.004107439002
SPCS2	0.0296255518359196	0.0438058363291396	0.498855051123544	0.760842775851998	NO	0.0655941278495329	0.0674334602809117	0.00183933243137875	0.505952391687062	3418.68272913884	7	5	878.32165532157
VAPB	0.0785124696366707	0.116114741131509	0.498937281856791	0.760842775851998	NO	0.18010736278154	0.191993622073888	0.0118862592923485	0.505205324301078	174.858539014654	7	5	1018.28791057002
TXNDC15	-0.0622489562480075	0.092117955294111	0.499197675514747	0.760960912473928	NO	0.230577205375569	0.219719143177308	-0.0108580621982615	0.502506726916317	240.843079733467	7	5	306.537527645695
ARF6	-0.0792788107305945	0.117438182560485	0.499632283484898	0.761184221981554	NO	0.27146299765335	0.256070897953879	-0.0153920996994706	0.505561530199339	142.841956717581	7	5	1080.78496665399
RAB5C	0.0762286163076155	0.112974195188552	0.499838672364976	0.761184221981554	NO	0.356496471907217	0.374168590102942	0.0176721181957253	0.505156552212906	125.250030728663	7	5	815.620341358495
SMPD3	0.104518771988448	0.154921127659756	0.49989309962827	0.761184221981554	NO	0.398075032989932	0.423365312352494	0.025290279362562	0.504497628424216	60.8881485599904	7	5	710.505971795928
CDK5R1	-0.101011388648998	0.149891693452806	0.500377537166348	0.761597324859348	NO	0.334640393253749	0.312537559674438	-0.0221028335793118	0.505490385514491	67.1057167791156	7	5	2159.06321181352
UBN2	0.204968237288256	0.304262829053	0.500530549559004	0.761597324859348	NO	0.50301216590862	0.554042328052081	0.0510301621434615	0.505336536513397	15.3254685326344	7	5	254.743844296793
IGF2BP2	0.135445559783842	0.201169076540827	0.500761446750204	0.761670061601773	NO	0.396204549235332	0.429017878174494	0.0328133289391618	0.505626554559216	35.2448877122352	7	5	217.349441779719
FAM136A	-0.0537066878051436	0.0799561067980259	0.501773340627405	0.761873858099465	NO	0.321219342845424	0.309623400268757	-0.0115959425766675	0.506483041802801	266.333790937924	7	5	964.099676168459
GALNT2	0.0825004668919132	0.122945607412594	0.502199988494652	0.761873858099465	NO	0.397114920580406	0.417024443937043	0.0199095233566377	0.506466393250034	101.941032983438	7	5	430.299834639297
GDPGP1	0.138827934396301	0.206891249304848	0.502208502136649	0.761873858099465	NO	0.0843595491357202	0.0957203429980119	0.0113607938622917	0.507712053138899	88.5572620480342	7	5	61.7840888102829
CDC27	0.08027736726458	0.119635388615524	0.50220976527409	0.761873858099465	NO	0.432552633649775	0.452353360277953	0.0198007266281784	0.506041570761668	102.672136878357	7	5	486.435352045266
MAOA	-0.201485543083613	0.300383167037092	0.502372309001146	0.761873858099465	NO	0.361465894168367	0.316372482906214	-0.045093411262153	0.506166525760378	15.6578652902368	7	5	328.344914371803
INIP	0.0905073874910892	0.134941002357006	0.502400060277256	0.761873858099465	NO	0.169769117427091	0.182909694232774	0.0131405768056826	0.507959211700199	122.394261508686	7	5	437.198499371545
APEX2	-0.175377617787108	0.261522752078949	0.502474261103906	0.761873858099465	NO	0.0761439507118842	0.0646877701578009	-0.0114561805540832	0.505814714214217	65.7549521884253	7	5	63.6573099259023
UNC5C	0.144198132558386	0.215159610249799	0.502735749469208	0.761873858099465	NO	0.504127059378872	0.540090439859662	0.0359633804807902	0.506513915386907	36.0122283247063	7	5	313.317338594859
TMEM19	0.118697997749414	0.177111880074198	0.502738884431505	0.761873858099465	NO	0.179283364505956	0.197417748348872	0.0181343838429159	0.505501141163298	57.4256587858198	7	5	314.805525667872
DNAJC10	-0.0340061242294513	0.0507579457605628	0.502879133748269	0.761873858099465	NO	0.0770505503252032	0.0746667622990137	-0.00238378802618951	0.505966683304698	1934.88593721325	7	5	512.199985581318
SH3PXD2A	-0.118554831700184	0.177108226874979	0.503245448094607	0.761873858099465	NO	0.270266442957987	0.247530620474835	-0.0227358224831522	0.503727248077385	49.0236055722569	7	5	349.895479383324
CARF	0.134878625513763	0.201621534015761	0.50351503313458	0.761873858099465	NO	0.281245232123158	0.30929557720227	0.0280503450791121	0.50662381079977	42.8229142812179	7	5	141.790040090898
IQSEC3	0.149370475946394	0.223342859868307	0.503626576665283	0.761873858099465	NO	0.351406155943745	0.386157388693901	0.034751232750156	0.509247922577689	29.7983937034785	7	5	129.010056904274
FAIM2	0.0669598537239224	0.10018862843745	0.503917950144083	0.761873858099465	NO	0.212658362506423	0.224085361403147	0.0114269988967241	0.514788399233488	279.290024174068	7	5	809.481978097612
PHOX2B	0.111151554624238	0.166406829779679	0.504165077191703	0.761873858099465	NO	0.342055731447056	0.367491145870961	0.0254354144239055	0.50712086426524	55.5751298488561	7	5	459.288714559246
NYAP2	-0.251613963344706	0.376702800907299	0.504173427358638	0.761873858099465	NO	0.42924506753898	0.368991463358552	-0.0602536041804279	0.504616107593801	10.9415922804182	7	5	145.915623076894
TRIM33	0.0510085081571674	0.0763687902068823	0.504182438257316	0.761873858099465	NO	0.193300344535695	0.201379006026281	0.00807866149058617	0.508571558681213	441.395217773522	7	5	588.36384598438
SAMD4A	-0.111985925526222	0.167666567964807	0.504192002727843	0.761873858099465	NO	0.53033188718118	0.50237267842429	-0.0279592087568908	0.507813298275078	61.9062489260135	7	5	198.970208980186
PAQR3	-0.0919738218234506	0.13782239903154	0.504557659640564	0.762149551236291	NO	0.256673508124141	0.239521562712636	-0.0171519454115053	0.510673848938895	85.0875886585396	7	5	1363.43366343705
GLCE	-0.169558774520233	0.255424144834798	0.506797707878117	0.764910679936231	NO	0.279176952956702	0.246362652407065	-0.0328143005496373	0.516854249932225	22.9839640564503	7	5	131.164668545187
DUS4L-BCAP29	-0.0980695462773697	0.147825360797897	0.50706486861806	0.764910679936231	NO	0.078861735029426	0.0720255310446748	-0.00683620398475117	0.522382570863581	245.062051523564	7	5	521.303239706152
CUL5	-0.0882655277063688	0.133056878691182	0.507095606492258	0.764910679936231	NO	0.360962628561964	0.340862265979459	-0.020100362582505	0.509107982625628	83.4202111866321	7	5	603.31828661262
CNTN1	-0.0897997418591338	0.135377763305926	0.507121070976953	0.764910679936231	NO	0.400500357144935	0.379144618733598	-0.021355738411337	0.510616622104385	81.1067377801044	7	5	4191.35419648208
MFAP3	-0.104286875310254	0.15740233405967	0.507618969344951	0.765231538178737	NO	0.307862950333128	0.286097008606324	-0.0217659417268044	0.511613142996705	60.8233603210885	7	5	936.781501531846
MYT1L	-0.0861899330093116	0.130113602533387	0.507701693599354	0.765231538178737	NO	0.30179420722462	0.283948649593616	-0.0178455576310035	0.514152545204328	92.0078992974294	7	5	306.105028094909
PTGFRN	-0.165319234018289	0.249852660273493	0.50818472526819	0.765682164837259	NO	0.424832527952611	0.385022135093088	-0.0398103928595231	0.511714176181791	23.6622544418438	7	5	244.122215634934
GVQW3	-0.336351303069386	0.509085804343616	0.508806850455322	0.766097696522056	NO	0.252782543144199	0.19463368865194	-0.0581488544922591	0.514473345311873	8.05826002496602	6	4	20.7547301442445
TRAPPC8	0.0472631872369485	0.0715857712867761	0.509105226241389	0.766097696522056	NO	0.0514466270316874	0.0538025721380493	0.00235594510636188	0.510084276811571	1583.37736207855	7	5	208.498758781182
RBM14	-0.0481775746265037	0.0729953587584557	0.509248221833308	0.766097696522056	NO	0.0517760509966903	0.0494611944598925	-0.0023148565367978	0.52082908284657	1251.2806908645	7	5	222.995297697838
XPO4	0.151246254900538	0.229212862719364	0.509349680433189	0.766097696522056	NO	0.0824930561855613	0.0946873646814825	0.0121943084959212	0.516673822575323	58.4360807583139	7	5	209.063629993746
NQO1	0.0807502960541244	0.122415223181195	0.509483210071634	0.766097696522056	NO	0.093442769705795	0.100511447056299	0.00706867735050362	0.513147593063597	330.638461056825	7	5	83.5604160135423
HEATR3	0.122783634319514	0.186237533886841	0.509712697700698	0.766097696522056	NO	0.130202660725344	0.144750156705054	0.0145474959797099	0.507959276096303	86.9447489732967	7	5	79.9968151645544
HBS1L	-0.101780233688657	0.15441654902903	0.509813732485442	0.766097696522056	NO	0.0922453044892421	0.0840690084098877	-0.00817629607935431	0.508193039229922	196.684679681122	7	5	521.815010087736
IER3IP1	-0.0219933713826824	0.0333776636942368	0.509944040205864	0.766097696522056	NO	0.184951663037443	0.181659228179918	-0.0032924348575257	0.513521796842371	2119.04269812905	7	5	1254.90619673675
SOBP	-0.292825851905565	0.444842486320225	0.510365534844421	0.766097696522056	NO	0.421064035153647	0.351778030290071	-0.0692860048635757	0.512654737614231	7.05109151707782	7	5	48.5485015754557
MANSC1	0.0477140268283493	0.0725258436222611	0.510608820678758	0.766097696522056	NO	0.0434840333959161	0.0455124088350948	0.00202837543917866	0.513444008172651	1539.10246753088	7	5	142.205923116416
UBE2L3	-0.0294634380409345	0.0447907048093412	0.510665041436241	0.766097696522056	NO	0.352442356839735	0.345747602484551	-0.00669475435518357	0.514670790017912	884.040571583189	7	5	1218.78992887482
BACH2	-0.124220216578364	0.188843600841242	0.510670411647996	0.766097696522056	NO	0.257680280518162	0.234642374940076	-0.0230379055780856	0.511058784803629	45.7553643661828	7	5	686.176698985459
AFF4	0.0541642702858288	0.0824039639975015	0.510986907236208	0.76629615504781	NO	0.440975632638764	0.454367538791597	0.0133919061528324	0.514631490986705	230.229088432394	7	5	547.261264699613
DUSP10	-0.164469599427293	0.250384094716193	0.511265025473301	0.766436939087903	NO	0.286160703016509	0.253775985713571	-0.0323847173029376	0.52519890978711	27.8955178344424	7	5	105.019600372093
CDS2	0.0783611677744042	0.119620980917643	0.512417025345077	0.767637839968122	NO	0.195404112369573	0.208018799763199	0.0126146873936255	0.513156279653024	166.748849911395	7	5	1013.9311214259
JADE1	0.101212104014692	0.154525014830246	0.512475173511664	0.767637839968122	NO	0.186803042730169	0.202667282564831	0.0158642398346614	0.518563070017548	79.1906963415904	7	5	158.26946638372
DCAF10	0.0656504056910626	0.100278946254571	0.512675184380123	0.767637839968122	NO	0.124796777291133	0.132145661704851	0.00734888441371763	0.514241917965672	258.865678488016	7	5	523.137769575427
WBP11	-0.0312891001482174	0.0478077555042384	0.512804220497936	0.767637839968122	NO	0.0759226184523522	0.0737563470325492	-0.00216627141980297	0.517185844781618	2337.7365142703	7	5	919.345354789833
SIAH3	-0.176546331467131	0.270096718032659	0.513343021298542	0.768167974317242	NO	0.231023644930579	0.201155753761033	-0.029867891169546	0.515133674054328	21.0757900291469	7	5	292.745931366177
MARCHF7	0.0760892695185279	0.116503490551638	0.513687165258459	0.768406547096437	NO	0.0698269284521226	0.0749337013933221	0.00510677294119952	0.523916808398589	426.210839606546	7	5	683.423502431473
SSTR2	0.106874391402138	0.163825907953787	0.514165332035741	0.768827913460713	NO	0.0976447089630165	0.107474788069688	0.00983007910667148	0.525333063627697	106.50526842363	7	5	468.110015605697
TMEM74	-0.139168583861435	0.21349806501719	0.514498335068162	0.768827913460713	NO	0.183247476222524	0.163328616723236	-0.0199188594992874	0.516430984698348	51.6248790914623	7	5	202.212808078386
NR6A1	0.251335905718118	0.385833653656581	0.514781848082563	0.768827913460713	NO	0.184483952025065	0.225320996825657	0.0408370448005925	0.515854473236294	12.0948563960713	7	5	62.4099239126408
C1GALT1	0.0763443516046751	0.117225335230464	0.51487767483773	0.768827913460713	NO	0.10495571104677	0.112346822106722	0.00739111105995192	0.515985797103856	282.112842518798	7	5	221.069597200744
UBE2Q2	-0.121274344138169	0.186221261175856	0.514892924735949	0.768827913460713	NO	0.334456511795672	0.308024448874401	-0.0264320629212711	0.519379304093721	43.2739974097931	7	5	608.357395756597
KCNJ6	0.0566079193881712	0.0870198123582505	0.515357937615303	0.769169924849938	NO	0.123271486753189	0.129521031013812	0.00624954426062238	0.518139226815605	383.147263660099	7	5	1251.42610694473
SMU1	0.0416413165547669	0.0640329897334224	0.515491766942699	0.769169924849938	NO	0.177959140975161	0.18413273314272	0.00617359216755928	0.517762212356793	577.107457476391	7	5	719.747632327059
CSGALNACT2	-0.0592507019258049	0.0912920276725286	0.516322970076996	0.770133938874257	NO	0.224186179899804	0.21404951897481	-0.0101366609249949	0.520285946604879	202.084298369262	7	5	626.405276097489
ARID2	-0.216306512931906	0.333837809932523	0.517024450974334	0.770877948517963	NO	0.54115465058442	0.487174154724684	-0.0539804958597362	0.520822246418376	12.2285395331536	7	5	361.970546565908
DNAJC15	-0.0742952003899748	0.11473156297628	0.517271665089326	0.770877948517963	NO	0.165968620494169	0.155937995950307	-0.0100306245438617	0.525076340274235	217.348606194223	7	5	499.972043626835
ATP7A	0.13785095547564	0.213023754717983	0.517557249262716	0.770877948517963	NO	0.257724076433965	0.284961859064407	0.0272377826304417	0.519225028265925	39.8351941991695	7	5	178.32567159824
CDH12	-0.37613633643805	0.581258766681318	0.517563007262181	0.770877948517963	NO	0.232609006162659	0.172248637960856	-0.0603603682018024	0.52429610696657	3.55078329820114	7	5	66.9028362366608
EIF1AY	-0.123064980158466	0.190548700215439	0.51837955522039	0.771817805911533	NO	0.097079168735515	0.0868138926809943	-0.0102652760545207	0.51454216936653	123.566498508324	7	5	91.575404908367
SOCS5	-0.0863475070584013	0.133859742328728	0.518888586467073	0.772299291485877	NO	0.185423282377403	0.172733793192516	-0.0126894891848869	0.521377416686381	107.3496296052	7	5	551.303162490555
UEVLD	-0.109839881507319	0.170985559859927	0.520618215372765	0.774112516145567	NO	0.322142520883309	0.298639914579419	-0.0235026063038907	0.52416206978431	52.7070309141671	7	5	207.815975661605
BRD3	0.0539372183489958	0.0839671222818296	0.520638709883025	0.774112516145567	NO	0.661709626395743	0.673676197134883	0.0119665707391394	0.52393178153068	244.128607608688	7	5	956.949882484453
PDIA3	0.0784846719412003	0.12218926675324	0.520665101003677	0.774112516145567	NO	0.0761395704167462	0.0818473128818618	0.00570774246511557	0.523394025379115	309.400143107745	7	5	733.009548511964
NEUROD1	0.129406725282752	0.201641190352705	0.521024274839531	0.774144477894327	NO	0.0928429328751764	0.104331250178781	0.0114883173036047	0.524993276006334	68.8834745886094	7	5	132.66899490825
KCNK10	-0.14848080630722	0.231457075186138	0.52119481498879	0.774144477894327	NO	0.244742973789016	0.218346148559181	-0.0263968252298358	0.532253695096216	32.5957178832063	7	5	226.397678860292
DELE1	0.0987242012122122	0.153913230524323	0.521244875620675	0.774144477894327	NO	0.115436335824838	0.125906133187402	0.0104697973625641	0.52562392644436	161.14413971775	7	5	143.317939778352
PPP2R2A	0.100287707613332	0.15658571368007	0.521870176665235	0.774796550652169	NO	0.174689631302671	0.189623112557882	0.0149334812552108	0.523953557355576	96.3500929241643	7	5	583.875577467322
MAPK14	-0.131811161658654	0.206034938010658	0.522334164977052	0.775208750019456	NO	0.371036735111756	0.340833304498363	-0.0302034306133929	0.525402338971975	34.7269174144723	7	5	292.26234982218
STX16	-0.108349119473011	0.169544558789789	0.522784000996079	0.775577203374288	NO	0.215120119282248	0.197390666853525	-0.0177294524287231	0.528405965012082	57.5841313194276	7	5	510.668573096784
PLEKHG4B	-0.392143975266082	0.613879307301305	0.522955301794441	0.775577203374288	NO	0.427631340781586	0.335443626382303	-0.0921877143992838	0.528973276949155	2.88974500976204	7	5	16.2205366054072
EFNB2	-0.056012982163258	0.0878674024802094	0.523817640051665	0.776409272798812	NO	0.340778156140728	0.328309391471049	-0.0124687646696791	0.527441800798397	195.335855779429	7	5	752.289153017692
ACVR1B	0.0993360701362843	0.155855230222758	0.523889622294776	0.776409272798812	NO	0.450255465507998	0.474945378178371	0.0246899126703737	0.526723602342492	65.007220400458	7	5	492.721224968045
PPP1R9A	-0.113759267050928	0.178748411118519	0.524501967657517	0.777039952085211	NO	0.61932307867939	0.592163583489285	-0.0271594951901056	0.529210174139192	48.1875302506312	7	5	841.515428598073
ZNF510	0.0579011756287633	0.0910826180964478	0.524972296310902	0.777459862105145	NO	0.161287937424851	0.169274876288951	0.00798693886409987	0.528988417177797	246.348732157102	7	5	210.292606114583
PCMTD2	0.12850828463347	0.202572305516801	0.525831359468734	0.778454966330937	NO	0.329556441438173	0.358545288727574	0.0289888472894011	0.530654840914055	35.4402550877079	7	5	586.808329576962
COPS2	0.0567422660681345	0.0895215600828444	0.526185825819113	0.778689452519762	NO	0.120559763104879	0.126706561173619	0.00614679806873977	0.531847737181655	440.481768140313	7	5	739.761183621732
QRSL1	0.0859622237126467	0.135679990487614	0.526364120309032	0.778689452519762	NO	0.197162703440293	0.211124491719977	0.0139617882796836	0.536036692770591	114.486954786242	7	5	113.052615217752
RNF130	-0.0841253644177844	0.132902214277781	0.52674217901587	0.778745381411421	NO	0.387366526652699	0.367601361857784	-0.019765164794915	0.530339885257955	84.1336514240484	7	5	681.941057593692
NUFIP2	0.108600687518584	0.171599571485528	0.526816763834729	0.778745381411421	NO	0.333242714782654	0.357793406821645	0.0245506920389907	0.527393998357705	51.7737842400042	7	5	646.103696892919
NMT1	0.0666302467323362	0.105385162346718	0.527220567566098	0.778745381411421	NO	0.423929277629985	0.440278084101157	0.0163488064711715	0.531008586084449	137.7698363146	7	5	467.910398677852
TMEM97	0.0798154816035977	0.126289161971309	0.527383093687031	0.778745381411421	NO	0.303203122060021	0.320325680308716	0.017122558248695	0.531039787696523	94.7363979284428	7	5	588.28666485331
PRSS12	0.297115962395019	0.470270279587894	0.527518685727983	0.778745381411421	NO	0.316801010033038	0.384285798750838	0.0674847887178006	0.528604811984533	7.66445648068863	6	4	37.5489254255038
TRIM44	-0.0289021856809604	0.0457468891001513	0.527527557241405	0.778745381411421	NO	0.0958874064610545	0.093410886433074	-0.00247652002798052	0.530372915488912	1636.17354935815	7	5	1709.24426848198
CSTB	0.0687535528052375	0.10902216840503	0.528277063095726	0.778745381411421	NO	0.0770517950288056	0.0820855871256037	0.00503379209679805	0.534302464001777	438.484080215684	7	5	818.526127782565
ST6GALNAC5	0.0697645743449054	0.110793236113652	0.528902260934641	0.778745381411421	NO	0.150480353818396	0.159617883667692	0.00913752984929614	0.532929562100557	259.76535659608	7	5	689.31276709818
SYT5	-0.0690092828649414	0.109601982571104	0.52893318847004	0.778745381411421	NO	0.0937364887577557	0.0880362272525197	-0.00570026150523605	0.531541325198511	261.78983399795	7	5	757.071072784338
PHF21A	-0.0854513359631629	0.135719296705025	0.528944429085356	0.778745381411421	NO	0.302740139746009	0.285011955907074	-0.0177281838389349	0.537662291544485	84.6908340999624	7	5	216.332414618509
BAZ2A	-0.121670809794403	0.193246277491709	0.528946321617995	0.778745381411421	NO	0.302911447854027	0.277851750723341	-0.0250596971306857	0.538544356932557	46.4064178193029	7	5	209.777370712872
NUAK1	-0.11417311837825	0.181362537766986	0.529002279172009	0.778745381411421	NO	0.282346738481663	0.259797029363146	-0.0225497091185177	0.53252813884679	46.398627933135	7	5	219.464821211292
SLC35C1	-0.0782524016571225	0.124361673572219	0.529196881613083	0.778745381411421	NO	0.228060990264862	0.214578504430425	-0.013482485834437	0.530408999708531	126.66827089029	7	5	204.583526511217
SESTD1	0.0477163046537438	0.0758369564356396	0.529220790298841	0.778745381411421	NO	0.222731863938816	0.231101771823844	0.00836990788502748	0.533562263480125	347.192643527919	7	5	1138.21690815388
CDC25A	0.132757711977732	0.211116838066449	0.529456912757445	0.778745381411421	NO	0.365434641523089	0.396733296913134	0.0312986553900448	0.532045237028118	32.3151455366778	7	5	181.582700872657
MLF1	-0.0751595618503974	0.119564861226826	0.529604990090207	0.778745381411421	NO	0.24749304115405	0.233762354955352	-0.0137306861986977	0.528086127406024	145.127694326765	7	5	335.345034775591
NOP9	0.211630836729484	0.336774506245882	0.529738559143129	0.778745381411421	NO	0.194038525743499	0.229285795898675	0.035247270155176	0.544914551028338	15.0278485353416	7	5	96.5386752095969
FBXW8	-0.119984433681815	0.190950114875446	0.529771497450558	0.778745381411421	NO	0.226988072995144	0.20662647604992	-0.0203615969452238	0.535186026109838	44.7899773548753	7	5	111.327396400437
MLXIP	0.0841426456058496	0.134200986089174	0.530665939955645	0.779341202845925	NO	0.250879223283585	0.267021745844076	0.0161425225604911	0.532946643640534	107.779994179183	7	5	388.596307075364
DVL3	-0.0735492364118801	0.117357479028149	0.530848617326218	0.779341202845925	NO	0.230690142658302	0.21789637754413	-0.0127937651141719	0.538897445012325	133.257249773614	7	5	440.338883466789
RNF157	0.0618160414422847	0.098660591218219	0.530952603825718	0.779341202845925	NO	0.240868147339933	0.252351543085104	0.0114833957451707	0.532416278074111	184.655494590503	7	5	775.442903823659
CHST9	-0.53825287664335	0.859603751511443	0.531207413078008	0.779341202845925	NO	0.660803708348417	0.532111985999436	-0.128691722348981	0.542416732120255	1.82087509260936	5	4	11.6530229600724
SCRG1	-0.0591115167870665	0.0944232156488172	0.531296993159416	0.779341202845925	NO	0.0575200186324782	0.0543980624785193	-0.00312195615395891	0.52929691540256	782.578820604166	7	5	589.715384503304
UBR2	-0.129079950852507	0.206190942194945	0.531300877709386	0.779341202845925	NO	0.308118368247711	0.281302323176739	-0.0268160450709717	0.529343385071519	42.9554306570678	7	5	310.739073191079
RNF41	0.0304802290657577	0.0487146603667132	0.531518923603829	0.779386225658065	NO	0.0445293524251207	0.0458443330352406	0.00131498061011992	0.532580350426581	3221.21066112208	7	5	570.229730653838
AGL	-0.078336269612088	0.125333382440593	0.531955842785647	0.779752045802781	NO	0.438781262372976	0.419592612167584	-0.0191886502053919	0.536396919118975	93.9827529702102	7	5	231.089098603332
AMPH	-0.0875883890698181	0.140258373688396	0.53231315051224	0.780000953198633	NO	0.332803197042679	0.313647385331016	-0.0191558117116635	0.534601824975895	81.4464620204207	7	5	468.140893111057
IGF2R	-0.0656223438316163	0.10520453717202	0.532785451498476	0.780346529707403	NO	0.270500295179329	0.257747679950987	-0.0127526152283426	0.537530072610775	143.361718766343	7	5	285.73174425957
PYROXD1	0.0895616152919549	0.143632161103055	0.532924156466041	0.780346529707403	NO	0.120150020462014	0.129944601655061	0.00979458119304685	0.539104329172311	133.730612102337	7	5	370.267277476165
CYTH2	0.0979134953553703	0.157458341438589	0.534048750626531	0.781718086772122	NO	0.151041409767762	0.164030069992279	0.0129886602245169	0.534888330983778	111.595642249225	7	5	363.430742790107
NEDD4L	-0.0630447162547527	0.101534333908058	0.534652146902528	0.782326039787027	NO	0.273338474848203	0.260996695532092	-0.0123417793161112	0.539128012902365	159.677012090647	7	5	1571.86370320818
ELMOD2	-0.0739272185884844	0.119214479305072	0.53517914090043	0.782821809474609	NO	0.352891476167507	0.336198665916405	-0.0166928102511029	0.538813736349673	106.781857670874	7	5	618.920510067563
CD8B	0.156831697167657	0.253283141690662	0.535787795464763	0.78338013853369	NO	0.057304702320851	0.0663889848363412	0.00908428251549017	0.533690809425697	104.38324159236	7	4	19.7608101728235
ZNF583	-0.0298226994881552	0.0481813303295352	0.535937469775693	0.78338013853369	NO	0.0664955621179935	0.0646681119973333	-0.00182745012066018	0.540886631723497	2172.47887710258	7	5	288.606104050168
ERAP1	0.13622900111966	0.220542588439559	0.536773577630439	0.784326688775071	NO	0.187876597833989	0.209550344756445	0.0216737469224555	0.539472597227747	43.0112562219651	7	5	99.5366153729749
ACTR10	0.0232400598610255	0.0376717035453547	0.537293928967722	0.784811356919145	NO	0.0522179664653959	0.0533801884200591	0.00116222195466315	0.541255184343306	4579.39770085395	7	5	1291.85519361713
TMEM87B	0.111785048758762	0.181344454658072	0.537614809708836	0.78500442554888	NO	0.204265740817365	0.223036413288162	0.0187706724707973	0.541969309857744	50.4114979782254	7	5	114.313525939044
LRRTM3	-0.0700799998794975	0.113772409127493	0.537916587978435	0.785169475786067	NO	0.273334300278181	0.259637991438743	-0.0136963088394374	0.544075268710683	137.187939393284	7	5	257.121514269048
RPS6KA5	0.0398192596133008	0.0648049686451638	0.538919567394467	0.785282889560777	NO	0.0673302834781567	0.0698743039398189	0.00254402046166223	0.540773962895433	1202.45763715721	7	5	327.387745159771
DYDC2	0.361614719660384	0.588550918636733	0.538940893777208	0.785282889560777	NO	0.151522472495301	0.204062404701	0.0525399322056986	0.542197923183942	3.50718111975975	7	5	16.2288744574513
ATG4C	0.0996275913043187	0.162182781432215	0.539022363083676	0.785282889560777	NO	0.197468510287819	0.213733753628925	0.0162652433411061	0.542485397282323	69.2457353903152	7	5	108.526655798211
CLN8	0.0596447143349899	0.0970955805253078	0.539024592857839	0.785282889560777	NO	0.117893833254094	0.124239314355157	0.00634548110106363	0.538785341456059	358.085108401448	7	5	194.436786000356
CDV3	-0.0956315820409052	0.155699411656595	0.539078915334885	0.785282889560777	NO	0.665666129315934	0.644056982374346	-0.0216091469415882	0.545552434951307	87.8123839060546	7	5	1450.97168283531
GRIK2	0.230612445551628	0.375508466099789	0.539126906871533	0.785282889560777	NO	0.266605895157544	0.314039935071477	0.047434039913933	0.541837717381227	10.4762889216893	7	5	178.457378877502
BCLAF3	-0.121131987143379	0.197486586595356	0.539632924485554	0.785744825292231	NO	0.332174356370226	0.305869994594455	-0.0263043617757712	0.543844193959487	39.431748550357	7	5	206.717360517407
RBFOX3	-0.0952359761634961	0.155381272344965	0.539930571457266	0.785849959060204	NO	0.268644226449376	0.250349700901436	-0.0182945255479403	0.540073739022011	80.0443856073253	7	5	115.070671994226
HNRNPA2B1	0.0289310151911628	0.0472319487687982	0.540186740984424	0.785849959060204	NO	0.117839368289554	0.120880250177784	0.00304088188822914	0.542485009175718	1346.77793205332	7	5	2347.1614896292
HNRNPLL	0.0468916613688133	0.0765700709745969	0.54027184685389	0.785849959060204	NO	0.15756351708813	0.163888186491255	0.00632466940312509	0.549138404256266	527.619706542515	7	5	449.560977923084
RHOF	-0.110807083154226	0.181057315735646	0.540537735915401	0.785961894934663	NO	0.38144057362945	0.355661383077324	-0.0257791905521257	0.541248201496183	48.5371312442417	7	5	101.805300631908
NAPEPLD	-0.1232009417088	0.201705658212593	0.541334863433997	0.786108438810561	NO	0.249219444980285	0.226885700541709	-0.0223337444385756	0.541606645777717	49.0760093337971	7	5	130.290160601633
ARSK	-0.178914626524055	0.292988493799913	0.54142859552027	0.786108438810561	NO	0.334028954211372	0.295476341262718	-0.0385526129486534	0.543879715543771	16.7049316958444	7	5	125.853422088133
SLC9A7	-0.103895703607287	0.170186901334159	0.541543872151582	0.786108438810561	NO	0.505310596379719	0.479348625399103	-0.0259619709806158	0.545465842023945	59.9500376096165	7	5	719.136086364343
ZNF236	0.308128864989403	0.504973168908477	0.541736888425228	0.786108438810561	NO	0.432094415263169	0.508703571343065	0.0766091560798954	0.545205345304153	4.9843262149419	7	5	70.4913830591485
SMCR8	-0.111879896809588	0.183354910500255	0.54174114081384	0.786108438810561	NO	0.263655767918584	0.242516267755506	-0.0211395001630785	0.544248949151233	46.945574473942	7	5	104.955472103255
ITGB1BP1	0.0455838801440729	0.0747111281410977	0.541772330305259	0.786108438810561	NO	0.063242722074947	0.0659976220821733	0.00275490000722632	0.547340057029777	777.763620700292	7	5	549.616790552148
CXorf38	0.108365602654791	0.17776613835617	0.542129179552132	0.786351948025407	NO	0.393521651629384	0.419660473164365	0.0261388215349816	0.547214966081873	47.2012392440158	7	5	97.0319597687972
AK3	0.0401806303890835	0.0659919879725737	0.542609719922251	0.786476251519141	NO	0.0582574162199056	0.0605013933858446	0.00224397716593901	0.550842333645347	1637.35012259613	7	5	820.577349967659
QSOX1	0.0941217162829163	0.154662056877454	0.542813659878407	0.786476251519141	NO	0.072375662571885	0.0789546938370832	0.00657903126519814	0.546839494191026	212.739214561282	7	5	212.022907416704
SLC36A4	-0.0541825350792167	0.089053684629074	0.542905284713102	0.786476251519141	NO	0.183799330538165	0.175809856360834	-0.00798947417733062	0.547187350063052	298.939510756279	7	5	601.152449612156
TMBIM6	-0.0406150206996386	0.0667651933406123	0.542971104414176	0.786476251519141	NO	0.37979241459051	0.370273323854518	-0.00951909073599227	0.546089950900026	334.515123608445	7	5	4795.862358945
HIPK2	0.0170104578577517	0.0279922570936296	0.543396813817422	0.786605657563438	NO	0.295959975090745	0.299516663372613	0.00355668828186861	0.54685868963828	2059.33267509568	7	5	1546.41963767976
LDLRAD3	-0.0569096602398352	0.0936821788436839	0.543535171751705	0.786605657563438	NO	0.28559774462802	0.274129398209959	-0.0114683464180612	0.547653284789576	184.366678141851	7	5	324.13710630136
NIT2	-0.121828246675595	0.200663611407484	0.543766797590569	0.786605657563438	NO	0.122898849817682	0.110358058593326	-0.0125407912243555	0.551253419122844	93.9120423208852	7	5	151.605069846235
PSMF1	-0.0229907049888622	0.0378859794436486	0.543957498666364	0.786605657563438	NO	0.0525831698580987	0.0514495258579672	-0.00113364400013149	0.548448377090779	5116.30411338386	7	5	811.977328816972
SLC30A6	-0.139158895817928	0.229345054665724	0.544005883848561	0.786605657563438	NO	0.254002996693096	0.228546904289384	-0.0254560924037119	0.542696355269579	31.1749878247613	7	5	210.662196853182
CDIN1	-0.141829788807983	0.233899194250347	0.54426813596944	0.786711412659093	NO	0.397407674185719	0.363985335811328	-0.0334223383743911	0.548219285898774	26.0642621690937	7	5	244.995191352314
ENAH	-0.0238983768129909	0.0394391812535213	0.544544505263785	0.786837492843815	NO	0.210110939396086	0.206172136250215	-0.00393880314587067	0.549871467373653	1450.84056562547	7	5	2129.43818120308
CCDC117	-0.122664921267844	0.202641550597092	0.544960042195281	0.787129425619906	NO	0.372536768090818	0.344339675748185	-0.0281970923426323	0.548179696453234	36.2146695044504	7	5	311.161468742483
ECPAS	0.0561007322854646	0.092716021919376	0.545124970002632	0.787129425619906	NO	0.174148578799021	0.182365080802643	0.00821650200362226	0.547009087486048	287.761370291616	7	5	359.995585969418
CFAP410	0.0843778278179542	0.139531412328377	0.545363189184556	0.78720016204294	NO	0.199837893020374	0.213672314053493	0.013834421033119	0.553762519228903	152.585897981257	7	5	75.1240701105453
CREBZF	-0.0360239034655218	0.0596475402011993	0.545879431307546	0.787672020200968	NO	0.19840810967047	0.192740967679281	-0.00566714199118845	0.54839939985452	623.59542796492	7	5	859.738348753985
TSC1	-0.0880285726657432	0.146133562806906	0.546918318480824	0.788897435811452	NO	0.306890468898393	0.288490685813057	-0.0183997830853364	0.550583572028547	71.2058327724238	7	5	685.686629338283
SS18L1	-0.0805251833979168	0.133846737549378	0.547425574960268	0.789355421779797	NO	0.608153239800407	0.588805812475295	-0.0193474273251117	0.551181028926069	89.553036528925	7	5	498.98079809124
NCK1	0.0594698418626372	0.098964395434709	0.547892212411301	0.789754540412686	NO	0.0820748558635194	0.0866680338906721	0.00459317802715263	0.553083428980515	545.171834387892	7	5	260.299265793518
DSC2	0.236620740722853	0.394901701220303	0.54904688213971	0.790762074181962	NO	0.287807943683602	0.338623705514615	0.050815761831013	0.555059099346575	9.51449077915821	7	5	63.9393515127866
ZDHHC18	0.111275724109266	0.185731705460898	0.549092345970203	0.790762074181962	NO	0.429589892264851	0.457043942527172	0.0274540502623211	0.551787262207316	41.8369565863767	7	5	264.427424605026
CDC40	0.0634693298591458	0.105997224806342	0.549317640458418	0.790762074181962	NO	0.198138887474792	0.208416341342712	0.0102774538679201	0.551610278105972	186.342090055872	7	5	133.129410439266
GPR161	0.0495701180826373	0.0827918141799514	0.549351537111988	0.790762074181962	NO	0.337998779362808	0.349177854761619	0.0111790753988113	0.555179965235393	231.854279074405	7	5	434.385908771106
GPATCH2L	0.123985520061816	0.207258821800767	0.54969589174238	0.790908686798429	NO	0.479228941057064	0.5102119398762	0.0309829988191355	0.552880315773935	36.4922983354291	7	5	682.857544720126
DYRK3	0.0311384548231062	0.0520701728239697	0.549833635149293	0.790908686798429	NO	0.0605051147325041	0.0622995691758883	0.00179445444338423	0.5521830946049	2421.91285415626	7	5	305.704874709294
DCUN1D5	0.0458974317452993	0.0768672922249625	0.550440864937552	0.791508468074738	NO	0.108001267743611	0.11250309374873	0.0045018260051181	0.554686614880668	739.840929794347	7	5	717.656570104498
CYB5R4	-0.0779189153901146	0.130588314943824	0.550723708979662	0.791526033510111	NO	0.118043771224306	0.110169996199144	-0.0078737750251625	0.558851408847064	203.250062689741	7	5	215.001938745164
LONP2	-0.0980040762124772	0.164298828672651	0.550841965580402	0.791526033510111	NO	0.171732152608068	0.158236991750843	-0.0134951608572248	0.554935929714291	75.9577189073754	7	5	690.883661457004
SLC7A6	0.0762856891231583	0.12794748802701	0.551023892558962	0.791526033510111	NO	0.324043978195209	0.340972578222807	0.0169286000275986	0.555036521002756	91.5046096075095	7	5	538.758174317266
DMWD	-0.0877451655625971	0.147325853287186	0.551452058775234	0.791753021358154	NO	0.165306045680715	0.153551710820302	-0.0117543348604131	0.55501232547442	96.4033784305663	7	5	283.423151661299
OTUD7A	-0.162637264323935	0.273146994098817	0.551562561513445	0.791753021358154	NO	0.170669297610914	0.148865303166348	-0.0218039944445662	0.55345562012976	22.9161413052176	7	5	105.737518479506
NAGA	0.267596201332897	0.449662949330207	0.551773982490603	0.791783293260057	NO	0.310265215850876	0.370217585350374	0.0599523694994984	0.558077754157173	6.68234852283062	7	5	97.0418000727842
PTPN9	-0.0536300761289114	0.0902651417827386	0.552418888225551	0.792435370695963	NO	0.198354676695642	0.189964690814646	-0.00838998588099657	0.556586373186725	232.606207859851	7	5	594.319192468114
VPS35	0.0208292212050992	0.0350842498582111	0.552718463889468	0.792591799303753	NO	0.056046361167855	0.057158579286453	0.00111221811859794	0.553374167619339	5479.47358851068	7	5	1648.89690618893
YAF2	0.0732162773589011	0.12350781258209	0.553310422763271	0.793167249722677	NO	0.120874166942884	0.128872848367261	0.00799868142437776	0.564946169190576	236.898329158386	7	5	571.983303342562
ZNF587	0.0707639401308407	0.119699837652534	0.554400996627014	0.794226645108984	NO	0.244416523222226	0.25772005948237	0.0133035362601445	0.555001119852927	119.87254017202	7	5	248.672011773288
TOR1A	0.071390844816454	0.120769508077377	0.554431292643387	0.794226645108984	NO	0.308852597342275	0.324296063347756	0.0154434660054806	0.557596197239921	122.865911776313	7	5	569.002234277236
DICER1	-0.0417512293298444	0.0707638983517854	0.555185634839081	0.795033473642195	NO	0.364897590851693	0.355277515837422	-0.00962007501427031	0.55609033531624	313.259758591557	7	5	1360.90068240204
ZNF48	-0.1051086838301	0.178314599853414	0.55555514521058	0.79528885205644	NO	0.155113265808472	0.141832117248713	-0.013281148559759	0.563021241823482	65.2794094167093	7	5	214.493805177413
DTD2	0.0978590004180969	0.166449958054217	0.556587035577884	0.79649193945786	NO	0.340573041959378	0.362880745412155	0.0223077034527769	0.55827224330759	52.7413334580652	7	5	173.113771423888
TMOD1	0.0287583653042822	0.0489594438631179	0.556940744493193	0.796724036138818	NO	0.285344715846657	0.29124522911473	0.00590051326807262	0.56015127032411	714.975060828722	7	5	1954.62446014824
LRRC8C	0.0822948793812346	0.140808241286794	0.558919970736376	0.799100979357224	NO	0.162534724660224	0.174049766068494	0.0115150414082702	0.561853732258009	84.0777700381584	7	5	173.603734290574
ASB7	0.17528453661794	0.300099931263413	0.559161628049696	0.799100979357224	NO	0.272810869803255	0.308930665864722	0.0361197960614669	0.562096539116158	15.9963266279545	7	5	135.667863239471
ZNF800	0.27664851831359	0.473788712442515	0.559282922289996	0.799100979357224	NO	0.377146517395692	0.443978940544541	0.0668324231488486	0.561384804890993	5.57791404476398	7	5	59.5429488736366
WIPF2	0.0455699410932316	0.0780930450264598	0.559533926027921	0.799100979357224	NO	0.265024704662314	0.273995625573435	0.00897092091112045	0.5622921094005	274.019009692385	7	5	500.714294510226
FAM222B	-0.081942833882494	0.140468484962452	0.559655107080394	0.799100979357224	NO	0.0952552535790821	0.0884236793696404	-0.00683157420944169	0.561611792739878	168.910277392796	7	5	695.315580494386
OSBPL11	0.131073750029078	0.224761569580116	0.5597802256815	0.799100979357224	NO	0.441461735106515	0.473984007714931	0.0325222726084161	0.562691014562879	28.3914329685681	7	5	183.551719164464
TOR1AIP2	0.0697274996832184	0.119624844320874	0.55997087491965	0.799100979357224	NO	0.0687315299850048	0.0733310638291302	0.00459953384412534	0.573662193104344	398.782516347914	7	5	299.065052959898
GTPBP1	0.12352872887993	0.212120708213875	0.560330208696827	0.799100979357224	NO	0.152465642262391	0.169121894525932	0.0166562522635412	0.560567452363163	56.1348340071185	7	5	179.019272081847
KCNN1	0.142722006328218	0.245079549460682	0.560331143457938	0.799100979357224	NO	0.141663762869105	0.159920794883685	0.01825703201458	0.575759670229838	48.7897619428939	7	5	39.3936009706854
TCTA	0.033129379489549	0.0569909311413577	0.561031763132386	0.799825954294285	NO	0.375477781341357	0.38327789398456	0.00780011264320229	0.563406883328442	469.485883081072	7	5	935.23716312415
APOOL	0.0680863099667596	0.117189635294084	0.561245446308183	0.799856477095595	NO	0.351168286976322	0.366834392273907	0.0156661052975858	0.566356680934007	107.299781907854	7	5	216.92639238201
CNP	0.0468049144179292	0.0806278670657786	0.561573827912723	0.80005038497155	NO	0.117241985378102	0.122173569796621	0.00493158441851972	0.566947464486178	460.896715528361	7	5	1019.93221542645
PALM2AKAP2	0.221120361068153	0.38169203947966	0.562375873293956	0.800918737727783	NO	0.390291105255425	0.443993916236632	0.0537028109812063	0.570956134912862	9.68299052226	7	5	429.464115210015
GAREM1	0.0403163467080617	0.0696807236908089	0.562868015813351	0.801144648211278	NO	0.18116208718532	0.187219757324428	0.00605767013910805	0.56300916064497	479.089240663065	7	5	540.296129046732
NRP2	-0.107329090281983	0.185731203969545	0.563349711724287	0.801144648211278	NO	0.477340395375383	0.450653747832297	-0.026686647543086	0.565814510927315	44.7557963310112	7	5	189.299502761953
DPY19L4	-0.11527797025607	0.199538248961088	0.563450693335983	0.801144648211278	NO	0.15229824541917	0.138004221220083	-0.0142940241990875	0.568269701145944	49.3518514073339	7	5	135.351303894919
LMLN	-0.139407614465087	0.241311396141039	0.563461024082747	0.801144648211278	NO	0.17686389376446	0.15747339663835	-0.0193904971261099	0.560619332837826	32.1195410617799	7	5	122.864228433367
RIPOR2	-0.363186905294169	0.628726885047087	0.563497413621682	0.801144648211278	NO	0.586150302559081	0.496221692458467	-0.0899286101006137	0.568770821678194	2.54563293504345	7	5	54.8036806083823
DNAJC18	-0.0791231930017311	0.137056370044395	0.56373410045466	0.801207331018581	NO	0.258261277287811	0.243396327637761	-0.0148649496500506	0.562959838355825	102.45975951301	7	5	583.982639479361
BBIP1	-0.0497046181302001	0.0861963498947574	0.564179889848898	0.80156705661592	NO	0.304109939170286	0.293694649901718	-0.0104152892685674	0.564737956416256	241.758790434603	7	5	560.48368443955
CTNND1	0.0784341386184121	0.136120998207592	0.564473950638912	0.801711039487154	NO	0.0624886869269651	0.0672444198802271	0.00475573295326201	0.571481260988617	298.735781511856	7	5	633.840823932166
KIAA0586	0.123691855050876	0.214956354275668	0.565002029177555	0.802187181357894	NO	0.0984698370683093	0.110008784866816	0.0115389477985062	0.576154631554583	62.0670352631164	7	5	65.4594431675077
SOWAHC	0.108303439821197	0.188622362641552	0.565845099139781	0.802955895718175	NO	0.203895810296879	0.222040010993911	0.0181442006970317	0.567917405424652	46.1562387601252	7	5	201.857213746136
CHRNA4	-0.115729910654522	0.201600169759533	0.565929491885983	0.802955895718175	NO	0.0657918343445228	0.0590262231267548	-0.00676561121776791	0.584072529048054	125.919813877309	7	5	177.304959659866
INO80D	-0.0601947247703691	0.104980562240692	0.566381174298261	0.803193147498339	NO	0.382111121790785	0.368003386239929	-0.0141077355508565	0.570874698278505	140.3724631329	7	5	306.869518538245
H6PD	-0.268712560011618	0.46876179878658	0.566482859317338	0.803193147498339	NO	0.253972991002282	0.206484710793504	-0.0474882802087778	0.574000730959472	5.97056661536085	7	5	43.0580843682593
SUPT6H	-0.0751316041150204	0.131154308209088	0.566746991104106	0.803293861326433	NO	0.0480712285413717	0.0447475918556046	-0.0033236366857671	0.568232208638093	430.453652692483	7	5	154.175035452551
RTP1	-0.153918315367168	0.268935457427983	0.567102244841953	0.803523616669798	NO	0.180171146168206	0.158543314226906	-0.0216278319412999	0.574159658119772	41.2928003629169	7	5	36.0913486529602
TRUB1	-0.0896766465947811	0.157010088017954	0.567896522516036	0.804375054023394	NO	0.367920325626711	0.347323338332919	-0.0205969872937914	0.570122696587433	60.1953468965664	7	5	1113.17366371545
PREX1	-0.268436560048673	0.470735350907331	0.568508542470041	0.804967847745191	NO	0.173656013626932	0.138432413703782	-0.0352235999231506	0.557250989112245	10.3140167288185	5	4	11.0949275015403
ATRNL1	-0.078088139290706	0.137023661139443	0.568753668861839	0.805040919518628	NO	0.188907945223285	0.177232699364982	-0.0116752458583024	0.573929319588162	101.109451637071	7	5	499.828183128623
CISD3	-0.0703729670205032	0.123588961259251	0.569076962614799	0.805224545740668	NO	0.18840611200404	0.177880579585079	-0.0105255324189609	0.568802134268685	128.280730402357	7	5	256.304080894712
SPRED3	-0.0682211397445928	0.119882615519842	0.569311241844526	0.80528213739314	NO	0.347980590812282	0.332666648536821	-0.015313942275461	0.573841731974933	104.09604283085	7	5	219.0666726521
GAS8	0.262555437467864	0.461931833995357	0.56977311494429	0.805378253457841	NO	0.261249329934737	0.31498196140084	0.0537326314661034	0.570501651789906	6.14935534765991	7	5	106.628241879899
ZNF181	0.0577948972580947	0.101690214256793	0.569802247903932	0.805378253457841	NO	0.0673391531197119	0.0710609682933787	0.00372181517366682	0.568461013564093	568.020306869407	7	5	259.368132149422
RSPRY1	-0.0650129860398035	0.114445331352052	0.569987279255421	0.805378253457841	NO	0.330912991000457	0.316679967221215	-0.0142330237792421	0.573025527971187	120.127157788187	7	5	496.358487582648
MED22	0.0721735114927965	0.127149102029771	0.57028694404943	0.805378253457841	NO	0.0562933372032131	0.0602525833868519	0.00395924618363884	0.569727556648409	450.350828998326	7	5	112.780525493105
EXD2	-0.107265177361112	0.18900012710562	0.570347195838173	0.805378253457841	NO	0.253200577885244	0.233459334884917	-0.0197412430003268	0.570211602324256	48.1657120433294	7	5	299.097005775553
NOS1AP	0.210218844177451	0.371660178475332	0.571651371560977	0.806933964181213	NO	0.281060895271052	0.325417181065894	0.0443562857948427	0.57374952674015	10.4193530133997	7	5	88.8000426449569
CALCOCO1	0.0835928207134755	0.147893728216351	0.571922628078248	0.806933964181213	NO	0.0541185094414261	0.058560581260873	0.00444207181944692	0.576847107441132	301.687600277857	7	5	131.425459198781
ZC3H13	-0.0405154326218447	0.0717623937228736	0.572361174875422	0.806933964181213	NO	0.263051803532127	0.255273399100011	-0.00777840443211619	0.577237178266529	404.895694612755	7	5	530.548435703026
PEX2	-0.051872528575943	0.0918868156472664	0.572395973141548	0.806933964181213	NO	0.076562153330569	0.0729743550279973	-0.00358779830257171	0.578567819398721	671.998973875864	7	5	319.942947877926
ARHGAP5	-0.0768106052998202	0.136096125956879	0.572492178748472	0.806933964181213	NO	0.301220500380098	0.285303736632583	-0.0159167637475152	0.575141761322754	83.2477298174952	7	5	547.132596608895
ETFA	-0.0226858506546602	0.0402083288095797	0.572612755351668	0.806933964181213	NO	0.0525322638498428	0.0514145238335567	-0.00111774001628611	0.575230316307423	4790.23104939423	7	5	509.368643997863
SF3B1	-0.0497257625550948	0.0883654322222374	0.573619655332717	0.808023406429379	NO	0.0935011020711306	0.0893707534753149	-0.00413034859581568	0.576244720099572	497.554339401854	7	5	827.826755284289
STRN3	0.0493848980928328	0.0877951244999332	0.573774313123169	0.808023406429379	NO	0.388907302338494	0.400706374153787	0.0117990718152933	0.576027478066196	192.62275128684	7	5	680.889212397464
UBA6	-0.0266223282977631	0.0473665249583384	0.574082342406363	0.808183602169364	NO	0.0742034182819067	0.0723951418526626	-0.00180827642924411	0.58009001630743	2521.43333586951	7	5	574.112905950645
RWDD4	0.166488864449873	0.296891502872394	0.574952006378649	0.808913193876673	NO	0.301592380399557	0.337772249999073	0.0361798695995161	0.588180044796664	18.4922225872904	7	5	109.996884940218
MESD	0.0658431039947834	0.117546517648591	0.575380481186926	0.808913193876673	NO	0.0751644544213589	0.0798714890073314	0.00470703458597251	0.58163568827144	389.357554577927	7	5	459.671163268337
CNTN2	-0.106881658926045	0.190826202220137	0.575411576925361	0.808913193876673	NO	0.284936282175669	0.26366851225208	-0.0212677699235893	0.578960438221018	41.7212235422319	7	5	391.087361078745
FCF1	-0.129946989449612	0.232068969648269	0.575513631240561	0.808913193876673	NO	0.0781308941248758	0.0692695246595772	-0.00886136946529861	0.583732516741778	80.48821862368	7	5	87.1505248984663
ZNF462	-0.0636862390652547	0.11378829113928	0.57569048237498	0.808913193876673	NO	0.227490542593926	0.216492992845483	-0.0109975497484423	0.580403370331616	142.983901200803	7	5	363.233191551855
CHRDL1	-0.357458409329939	0.639009089056387	0.575892258458773	0.808913193876673	NO	0.607171747005089	0.519485322967073	-0.087686424038016	0.585015980954159	2.41140805580611	7	5	22.9194036575331
FNDC3B	0.253950306166913	0.454055909245894	0.575961750063151	0.808913193876673	NO	0.221104569968577	0.267902471721884	0.046797901753307	0.578461009235136	7.81281389904118	7	5	60.3828755303513
RAB27B	-0.10448417366451	0.187028914288323	0.576398891285111	0.8092539276902	NO	0.408738141532394	0.38374833675561	-0.0249898047767838	0.578805506787504	41.9160030950388	7	5	567.368759836867
IKZF2	-0.10599773022403	0.189878581969601	0.576680831417778	0.809376605498636	NO	0.158464725426115	0.14483569653983	-0.0136290288862851	0.574630225191339	55.7113391743949	7	5	198.328178898186
PRKRIP1	0.079380501933794	0.142424359304145	0.577286951869112	0.809954037023779	NO	0.354496532965278	0.372863571506187	0.0183670385409096	0.578826790732264	74.2231371571192	7	5	272.108395826283
TSPAN18	-0.216971733382843	0.390334417485265	0.578305786893025	0.811109937112267	NO	0.417721052418284	0.366071503692952	-0.0516495487253326	0.582818749005648	9.79681236925733	7	5	209.870137746747
ZFP69B	0.125615398499013	0.226396471057497	0.578999329133805	0.811808968384439	NO	0.738817295994401	0.762320850826245	0.0235035548318444	0.584654576891766	34.1823380221325	7	5	80.7087542251926
FSD1L	-0.129511241449075	0.233990586792671	0.579928536053302	0.812799368388127	NO	0.358624831736905	0.329411267618369	-0.0292135641185361	0.582959719071732	27.3561218116303	7	5	803.555087622993
RAB22A	-0.0281947033069423	0.0509625283642772	0.580096472294314	0.812799368388127	NO	0.202968131021847	0.198445193516567	-0.00452293750528082	0.582567371129431	835.539071406868	7	5	951.238992287372
NAMPT	-0.0936151408749218	0.1693209723317	0.580341693908221	0.812869173958989	NO	0.403593046001188	0.381277048650434	-0.0223159973507531	0.583177451002077	52.9749404103734	7	5	552.165012925195
ABLIM2	0.209745770866868	0.379775342818761	0.58075031793525	0.812999501799206	NO	0.338580848288481	0.387014510087332	0.0484336617988515	0.583492340398688	9.54122064385637	7	5	97.9297754774967
TMEM151B	-0.0687564496439116	0.124518369467436	0.580825605612318	0.812999501799206	NO	0.32618596846107	0.311258356750366	-0.0149276117107043	0.585513776638819	98.0636686301764	7	5	562.31781653129
AP2A2	-0.077884115163813	0.141420886491933	0.58182173171619	0.814119880235235	NO	0.239813557141441	0.225903948400261	-0.0139096087411797	0.580812355011732	109.025894668316	7	5	186.997189867848
BAHCC1	0.274778174440335	0.499723573266652	0.582415167594691	0.814161238889215	NO	0.457497272329231	0.526065345531502	0.068568073202271	0.584735765364697	5.12556417484923	7	5	43.2752588053051
ZBED4	0.0762293221281598	0.138719908128093	0.582648849790007	0.814161238889215	NO	0.0989683911384349	0.105976897045109	0.00700850590667461	0.586084517827802	186.067774342936	7	5	341.191541724343
MAP3K13	-0.0563624660470442	0.102618590256657	0.582839208959382	0.814161238889215	NO	0.455033422402962	0.44109578381714	-0.0139376385858219	0.584791129892515	153.220271818457	7	5	385.313400803307
GNB4	0.113453584376538	0.206634044884172	0.582967277876443	0.814161238889215	NO	0.247789164664812	0.269534653737068	0.0217454890722552	0.586217561775314	52.6808767515792	7	5	247.673982294646
MED14	0.0791514384384668	0.144210283153322	0.583100662381663	0.814161238889215	NO	0.220746306683884	0.234662049243317	0.0139157425594328	0.589598186883992	90.7316888766255	7	5	127.609938081759
SREK1	-0.0850032986890551	0.154917771244209	0.583211711239141	0.814161238889215	NO	0.329741110261623	0.311233366121787	-0.0185077441398362	0.586058591135952	68.1209034130994	7	5	444.717003945886
MID1	0.129949658671956	0.236854547047175	0.583247371191476	0.814161238889215	NO	0.12771264725664	0.142902825137822	0.0151901778811815	0.582285761805489	35.7882047551159	7	5	130.648861728187
GRIA1	-0.0423507047675455	0.0772258786656597	0.58341698392518	0.814161238889215	NO	0.371129765632652	0.361300544815711	-0.00982922081694121	0.587171553985187	250.509662903925	7	5	580.859967889505
PGRMC2	0.0556431483369837	0.101582072077562	0.583852972229243	0.814316071661256	NO	0.16832245489357	0.176256316674018	0.00793386178044772	0.587134840637764	211.861403370122	7	5	561.501261848541
CDK13	0.103176486296547	0.188392167131471	0.583919433116713	0.814316071661256	NO	0.0943985707719271	0.103595593137693	0.00919702236576578	0.592606712183614	78.3169225166533	7	5	210.21649723554
UBR1	0.111630380128285	0.204443292652846	0.58505133719003	0.815365405282218	NO	0.383870542545426	0.41059133933594	0.0267207967905134	0.588461496524608	34.1511729799078	7	5	451.99211257263
ELAVL1	-0.0847501548670863	0.155233889466558	0.585099364492416	0.815365405282218	NO	0.241574257559807	0.226388346200559	-0.0151859113592481	0.586655446271585	76.7150350053654	7	5	535.259958929211
NCAN	0.101024969818551	0.185123071169388	0.585259879849207	0.815365405282218	NO	0.385156912479696	0.409340759711178	0.0241838472314823	0.586935485353598	43.1197091708456	7	5	626.641446719348
SBNO1	-0.0351585699611784	0.064501628879059	0.585698261829195	0.815529019826888	NO	0.419566412758282	0.4110292527032	-0.00853716005508226	0.587858342679306	353.90183479898	7	5	1424.59426203222
DUSP4	-0.0564435003433236	0.103609702612337	0.585911430985094	0.815529019826888	NO	0.281501000426932	0.270226875440837	-0.0112741249860954	0.584477570387208	168.709967804064	7	5	607.352665167772
LRIG2	0.112134755354159	0.205868229460237	0.585965442370809	0.815529019826888	NO	0.348606421582162	0.374482150717526	0.0258757291353635	0.589215066614105	37.3202480883892	7	5	206.767600311578
GPR37	0.0717281481346054	0.132038107294096	0.586965785462909	0.8166480493397	NO	0.0664547236846228	0.0710454206008256	0.00459069691620279	0.593604048502168	319.631454163189	7	5	182.446602636392
PARM1	0.0514904802314991	0.0949546808167598	0.587636831824968	0.816863664674663	NO	0.303364865727644	0.314355436609662	0.0109905708820186	0.590662364896513	168.189073608849	7	5	695.95350026567
CACHD1	0.0896919766511613	0.165411115305154	0.587655458757266	0.816863664674663	NO	0.295837432450462	0.314857393519174	0.0190199610687118	0.589082602596452	54.7418738018455	7	5	406.344246836883
SHANK3	-0.0878907902826981	0.162112948714542	0.587709843358478	0.816863664674663	NO	0.374489836521614	0.354139254819833	-0.0203505817017818	0.587370513118169	56.0181941410075	7	5	117.834200272404
GUF1	0.0676580684298484	0.124862619473344	0.587914902075618	0.816875749042943	NO	0.298142070474905	0.312490234210543	0.0143481637356389	0.590632541935307	100.375948406214	7	5	335.708717562883
RETREG1	-0.0261349261407151	0.0483390168403514	0.588742619877449	0.817493254106563	NO	0.120844014317376	0.118094819304932	-0.00274919501244396	0.591257406153125	1515.87620435513	7	5	858.71248496078
SRGAP1	0.0637780387364334	0.117966593137917	0.588752353197899	0.817493254106563	NO	0.050791346468218	0.0539557740002918	0.00316442753207379	0.592028649511073	428.173640287446	7	5	614.910612232332
PRNP	-0.0722850223237148	0.133879580664602	0.589248293928753	0.817851781663214	NO	0.317592701615269	0.30213706056146	-0.0154556410538096	0.591720873248275	84.9976326552505	7	5	3357.14448410898
RAPGEF2	-0.0564370377586431	0.104571077385044	0.589403759958249	0.817851781663214	NO	0.513513822855104	0.499407855722467	-0.0141059671326377	0.591691900598244	146.993508881688	7	5	345.300217112582
URB1	0.115498539921536	0.214636626509992	0.590499742670659	0.819027170238223	NO	0.0784342574006584	0.0871998152194496	0.00876555781879117	0.603952884492955	110.787909960653	7	5	80.2513295175664
IFT57	-0.0614904954705999	0.114315389510634	0.590644593921795	0.819027170238223	NO	0.101024985820535	0.0955758848969719	-0.00544910092356275	0.590332991607564	333.294287751074	7	5	373.187544120642
NAGK	0.0549211042006096	0.102158769545137	0.590849514662273	0.819036584598858	NO	0.0671129728615932	0.0706343529123502	0.00352138005075704	0.588784157694494	588.274486748912	7	5	301.806837193211
PPP2R3A	-0.109478196370367	0.203747805689433	0.591045150712926	0.819036584598858	NO	0.387071006553121	0.361440104588907	-0.0256309019642137	0.59369295990838	34.9489597092436	7	5	285.432142641093
PPP1R3B	0.262151549377278	0.488519934621789	0.59152732307782	0.819363692716715	NO	0.329841314902716	0.39013344979649	0.0602921348937744	0.598570420086137	5.27325798222451	7	5	36.7874191686602
RUFY2	-0.0682953564709916	0.1274467959264	0.592046002682557	0.819363692716715	NO	0.34165321010746	0.326461976188654	-0.0151912339188058	0.593558753358695	93.4754924277667	7	5	211.832633429018
RPS19	0.0569329421260227	0.106272016875537	0.592146243100267	0.819363692716715	NO	0.0765317481321846	0.0806537279820903	0.00412197984990569	0.598438750642982	473.921906523631	7	5	589.692994227047
VPS4B	0.0607002636606484	0.113334485762818	0.592245317923833	0.819363692716715	NO	0.317366631739428	0.330660334646652	0.013293702907224	0.594998637955224	118.249946542639	7	5	589.855343827292
CORO1C	-0.0538131934645705	0.100544441834116	0.592499131880782	0.819363692716715	NO	0.335370970823778	0.323484330874053	-0.0118866399497255	0.595340928424394	162.306460191482	7	5	1874.4548151711
NCOA3	-0.0867448415206832	0.162116280200751	0.592595979437876	0.819363692716715	NO	0.358426775555729	0.338733386938638	-0.0196933886170909	0.594502221297797	56.0739533263968	7	5	345.329513844857
PHB	-0.0569073876743358	0.106539846776244	0.593243417877481	0.819363692716715	NO	0.159091460013152	0.151625174246453	-0.00746628576669886	0.598572451705011	242.450191418154	7	5	565.717312068942
CACNG8	-0.156990707842729	0.294184820948544	0.593586111897545	0.819363692716715	NO	0.236022959254618	0.208894935390042	-0.0271280238645764	0.600235283527555	22.8052188479655	7	5	226.593164546519
CAND1	0.0306088588736058	0.0573646749832614	0.59362954768535	0.819363692716715	NO	0.158400595853887	0.162523848832118	0.00412325297823057	0.598192246980247	894.135381559367	7	5	1535.97908119138
PIP5KL1	-0.166135869622915	0.311390718101873	0.593667683682173	0.819363692716715	NO	0.338380427526183	0.302239576463704	-0.0361408510624784	0.603183010039233	15.9390709932884	7	5	53.5435058153891
ATP6V0A2	0.122167874085771	0.229078338170761	0.593824730203054	0.819363692716715	NO	0.285360156420129	0.310912071349418	0.0255519149292884	0.597931716458858	30.8456864064204	7	5	72.4747498740741
ZNF577	-0.139276845609175	0.261238590756313	0.593936397818419	0.819363692716715	NO	0.0781325645580995	0.0686719122393363	-0.00946065231876324	0.598864135415408	50.6977625136291	7	5	53.0661042980247
FAM133A	-0.145742878747479	0.273521551511712	0.59414521455382	0.819363692716715	NO	0.146750836122103	0.129424326183984	-0.017326509938119	0.604591011712227	41.442440425728	7	5	189.53285301616
CCDC47	-0.0744211399455982	0.139729063501025	0.594303363151156	0.819363692716715	NO	0.280475178938116	0.26570446414311	-0.0147707147950067	0.597177196789326	92.7340774724527	7	5	394.700360321445
PIK3R1	0.0552985041376095	0.103826745230508	0.594307970557279	0.819363692716715	NO	0.272740707916487	0.283846076410707	0.0111053684942202	0.597350664905576	164.388946588216	7	5	614.782022276064
PRXL2A	-0.0305604759621355	0.0573987939960745	0.594432602071886	0.819363692716715	NO	0.103176395420149	0.100382700097764	-0.00279369532238458	0.599172593442254	1386.99603497424	7	5	1337.10975795476
DENND5B	-0.0797505109311015	0.150029374959737	0.595026635926992	0.819910833208442	NO	0.380130129866853	0.361526127809051	-0.0186040020578021	0.597483801501486	68.1788906081436	7	5	537.748413812115
TBC1D24	0.0498192532871859	0.0938456476681445	0.595513193192658	0.820309564132933	NO	0.495420131955375	0.507874166131795	0.0124540341764205	0.597627508085493	205.94332180245	7	5	648.156953888286
TMCC1	0.0453787298096605	0.0855281481060787	0.595716300873841	0.820317713219192	NO	0.17917005469432	0.185941239147673	0.00677118445335384	0.597976678843732	255.482520111341	7	5	713.93643954405
LARP4B	-0.0728874851146161	0.137570630853024	0.596237677264712	0.820641624594711	NO	0.261404030326398	0.247578063595039	-0.0138259667313587	0.597737002915613	101.122665168267	7	5	656.365555651647
EXOC2	-0.0398748975553084	0.0752836189008686	0.596346065180243	0.820641624594711	NO	0.351763205807739	0.342725318073954	-0.00903788773378478	0.598649938303515	269.762369226005	7	5	476.699780709338
SHANK2	0.0505190338314475	0.0954955323198425	0.596791667986788	0.820983246965952	NO	0.202356479108079	0.210633368756238	0.00827688964815879	0.597176880770664	224.966011292082	7	5	314.899552561503
ZNF554	-0.0554162399095896	0.104957610123872	0.597508450049411	0.821564756410881	NO	0.0850233368884349	0.0808102300875681	-0.00421310680086681	0.596747548749351	395.613306629452	7	5	76.5776860887982
ODR4	-0.0965740873704196	0.182969073689249	0.597626736898679	0.821564756410881	NO	0.316004340131935	0.295510363882444	-0.0204939762494907	0.596493122884585	44.9221086811235	7	5	276.078753710549
SYT2	0.15655237209635	0.296749690774196	0.597806855205706	0.821564756410881	NO	0.493016875012716	0.53211026053842	0.0390933855257032	0.599757862386956	15.889798651691	7	5	222.379166165999
C1orf52	0.0437554921008799	0.0830830050223562	0.598438105377552	0.822160673173916	NO	0.140428609671028	0.145793821895522	0.00536521222449354	0.6021209779956	507.105419492941	7	5	1175.77160793902
PIAS4	-0.0497222539642665	0.0945189915759263	0.598849509404733	0.822258134241694	NO	0.14503651627682	0.138979070123922	-0.00605744615289874	0.597877892608712	288.98861802415	7	5	89.2598738953189
PPP1R12B	-0.169293322879095	0.321864651509538	0.59890436220008	0.822258134241694	NO	0.487364699427189	0.445258978990177	-0.0421057204370119	0.600842469037347	13.8411889457468	7	5	397.162009446701
STK10	-0.210145479050915	0.399781282343723	0.599130631091588	0.822297401960081	NO	0.158130984478297	0.132119615109404	-0.026011369368893	0.596903907484283	12.5848026102518	7	5	53.3447191499923
CCNJL	-0.109018731246765	0.207640906482677	0.599558900802658	0.822382307809967	NO	0.293444015255382	0.271359827985288	-0.0220841872700934	0.605919991108786	36.4024664054324	7	5	94.7788562649817
VWC2L	-0.260268891056177	0.49594420177576	0.599725912855704	0.822382307809967	NO	0.462901650171463	0.399167395079403	-0.0637342550920596	0.594317889555771	6.23996509245397	6	5	71.7024433221715
ZNF778	0.137464862602284	0.262031828188733	0.599853417593392	0.822382307809967	NO	0.141648617285151	0.159199105966132	0.0175504886809819	0.610070763473881	36.4962421516732	7	5	181.550789514887
MAML1	-0.137187975970467	0.261688931405274	0.600111169568675	0.822382307809967	NO	0.366678373861023	0.335440177387841	-0.0312381964731819	0.60037901033078	20.9124133565653	7	5	115.183959755806
KANSL1L	0.0386898465407592	0.0738158156589207	0.600180934257466	0.822382307809967	NO	0.334762126573037	0.343432566687334	0.00867044011429696	0.6026179932418	301.713073277731	7	5	207.904662480194
CACNA1B	0.0416260107810244	0.0796905775817101	0.601429828038263	0.823822220822908	NO	0.471489990872084	0.481873482510849	0.0103834916387651	0.603531177781991	239.636613354486	7	5	496.356311946673
TANC2	-0.0445007562062632	0.0853233023689587	0.601980518253746	0.824305120452793	NO	0.307195857487965	0.297807019440102	-0.00938883804786256	0.602769787812614	208.956567585293	7	5	1413.02196452995
STX17	0.0998788163205529	0.192020569364134	0.602961509738326	0.825376729355524	NO	0.1107795866904	0.121007503970359	0.0102279172799594	0.618866012989046	93.2571151242204	7	5	152.498576365033
ALPK3	0.247843902066915	0.477189895110265	0.603494293417636	0.825834296255712	NO	0.329140819210835	0.385982910162563	0.0568420909517279	0.605318796065283	5.7029036666545	7	5	61.2334010059789
RASSF8	-0.11081849872092	0.213528725439457	0.603770244120326	0.825940222144214	NO	0.285632155198373	0.263566796391666	-0.0220653588067073	0.605647714462482	33.295040928014	7	5	222.445458145279
CENPC	-0.0973260347858425	0.188027154834421	0.604725581492638	0.826228694519414	NO	0.21910992957883	0.202912945338109	-0.016196984240721	0.606041782713613	72.0419771711764	7	5	60.9637636682802
SMN1	0.0745623764340447	0.144054205822269	0.60473777175752	0.826228694519414	NO	0.137815532661925	0.146916780100313	0.00910124743838772	0.610701326076802	127.902398693284	7	5	150.557915552091
PNRC2	-0.0560121842536975	0.108223533222307	0.604765216257103	0.826228694519414	NO	0.135884850478195	0.129440997242562	-0.00644385323563321	0.603275090603882	257.331746763418	7	5	265.008691544677
LRRTM4	0.202821539825075	0.391947569513053	0.604827338291808	0.826228694519414	NO	0.225359899328251	0.26272011501385	0.0373602156855984	0.606088004675154	11.5448930094642	7	5	50.4793625063693
PRDM11	0.297208033084205	0.574580733679943	0.604974183535128	0.826228694519414	NO	0.2643095032485	0.325967488347258	0.0616579850987578	0.605950643224602	3.77749022747709	7	5	81.213402258996
RBM17	-0.0318330218218312	0.0616307915452061	0.605497104460864	0.82654440265635	NO	0.157204079262337	0.153032366707455	-0.00417171255488211	0.607284760809342	709.153025934637	7	5	534.69613665221
RCBTB1	0.0669260884341628	0.129628944528056	0.605652091388329	0.82654440265635	NO	0.425621703283004	0.442058667440593	0.0164369641575889	0.607726232475434	86.9320090098532	7	5	335.974111420009
FAM81A	0.108347824177161	0.210030855925564	0.605947847011378	0.82654440265635	NO	0.110585863893626	0.121700677806702	0.0111148139130758	0.610827863745476	79.5410626293099	7	5	99.7028859236359
PLXNA4	-0.0347265302799138	0.0673499190317628	0.606124350512325	0.82654440265635	NO	0.350788757335012	0.342921829808137	-0.00786692752687507	0.607569213019042	332.160595281889	7	5	1757.04329877622
PAIP1	0.0433303727726191	0.0840597587917742	0.60622388916409	0.82654440265635	NO	0.302359887162358	0.311577421220182	0.00921753405782433	0.60859631757993	248.485020416687	7	5	480.007906646938
SGIP1	-0.0290639047406914	0.056410384360483	0.606397480025764	0.82654440265635	NO	0.213282596719135	0.208446513272027	-0.00483608344710718	0.608615186284919	603.969235424778	7	5	1018.81890336523
PRMT7	0.247599701988179	0.481023376946518	0.606738017431975	0.826737685069445	NO	0.640033189988921	0.694895663230388	0.054862473241467	0.59512135361848	5.52617555598399	7	5	212.091504560043
KLHDC10	0.128670792812613	0.250336151716937	0.607257546124189	0.827150796419419	NO	0.460535401372674	0.492621375152349	0.0320859737796749	0.608653944447588	22.6332613088568	7	5	619.488816988552
CS	-0.0432490974663696	0.0842176643367151	0.607573985610543	0.827150796419419	NO	0.410009132051867	0.39958928271848	-0.0104198493333872	0.609170003280511	209.455250667238	7	5	1279.61558056193
APTX	-0.0351280542410405	0.0684318237223763	0.607721052248611	0.827150796419419	NO	0.281792611268671	0.274738001623199	-0.00705460964547205	0.610191226758131	401.274371422362	7	5	305.233802178087
PLEKHG3	-0.337790871582812	0.658251172321951	0.607836534772635	0.827150796419419	NO	0.336590745441343	0.265745783681503	-0.07084496175984	0.606399044456077	4.57825169939173	7	3	19.4602935451272
RLIM	-0.0218811843933854	0.0427402072204582	0.608680512662982	0.827596611052976	NO	0.0436539830254675	0.0427495477212656	-0.000904435304201881	0.609677067324301	4596.84518633791	7	5	1135.66114126882
DCAF12	-0.102711168195802	0.200640434227281	0.608709382313358	0.827596611052976	NO	0.36194246110724	0.338574234801762	-0.0233682263054785	0.610557741725837	36.4431493718841	7	5	533.729466744103
ARHGAP35	0.0928291971893545	0.181389803438077	0.608814545245208	0.827596611052976	NO	0.353640101766083	0.375135499303464	0.0214953975373808	0.609409520524886	44.701528632977	7	5	704.879246169945
SPPL2B	-0.185675137889023	0.36295960780153	0.608959910200279	0.827596611052976	NO	0.344914032482049	0.304248785005568	-0.0406652474764811	0.613457569900225	11.5517567374173	7	5	90.3077431407027
ADAL	-0.0947141218333056	0.185550009313457	0.609735783895252	0.828380424887083	NO	0.235891801447357	0.219248643277526	-0.0166431581698314	0.614767609229736	52.3313826091101	7	5	120.891315458367
PPM1K	-0.0561821445136749	0.110171986332056	0.610086872447445	0.828586806849941	NO	0.38816455455489	0.374908474534243	-0.0132560800206474	0.612956232909533	124.324030651164	7	5	478.475031665164
WDR12	-0.0630641363743505	0.123780042437197	0.61041196188934	0.828757755045578	NO	0.115771799125373	0.109470774542144	-0.00630102458322912	0.620655082738623	244.779850849331	7	5	277.287138741191
HUWE1	0.0908077228003646	0.178352031776091	0.610647928687374	0.828807629148279	NO	0.0570724820014462	0.0621604683007845	0.00508798629933828	0.612443664008612	148.547002658993	7	5	460.441290104856
RAB18	0.0259840658877694	0.0510833116804506	0.610990172533961	0.829001669191546	NO	0.179968400861502	0.183835059983664	0.00386665912216139	0.612554932465203	930.725948997887	7	5	3746.11740031688
PLEKHA2	-0.220296933556355	0.434109093249433	0.61182574010122	0.829864714320533	NO	0.589741842565428	0.535590044409963	-0.054151798155465	0.617478515097359	8.06738251818685	7	5	43.3447829158436
XPOT	0.053517881160532	0.10564007481689	0.612431394455079	0.830415450108582	NO	0.144836966260509	0.151592442127333	0.0067554758668241	0.618614594304913	216.334351167341	7	5	492.098520123145
NRXN2	-0.0361266660952238	0.071411211067414	0.612929463280113	0.830560787552514	NO	0.15577277866585	0.151080706674572	-0.00469207199127786	0.616218484624879	445.912604798111	7	5	436.119171963545
NKIRAS1	0.117979305179207	0.233322179912533	0.613102540288169	0.830560787552514	NO	0.151217391859187	0.166990891270356	0.0157734994111688	0.620175746730439	39.350185818077	7	5	1063.01735127655
ZDHHC23	-0.12352338669798	0.244314486725231	0.613143280660985	0.830560787552514	NO	0.235492876456606	0.213984308983578	-0.0215085674730282	0.611404499039028	26.689796739067	7	5	158.629826552535
TRAPPC2L	0.0420789214303258	0.0833095074982344	0.613494593741383	0.830560787552514	NO	0.151923415885962	0.157424741870353	0.00550132598439099	0.616781784634971	510.195434296238	7	5	466.769838125522
KCND3	-0.092221568030944	0.182605647861909	0.613536850997326	0.830560787552514	NO	0.451303387387509	0.428584811440537	-0.0227185759469721	0.616406391076917	43.9612496063053	7	5	322.6572638386
ASXL3	-0.0599575500538909	0.118849090869245	0.613920798673483	0.830671277905849	NO	0.262398792031034	0.250960642187905	-0.0114381498431287	0.617822686362007	114.207422470774	7	5	787.476914625164
GPD2	-0.124793662987556	0.247554878448584	0.614187562339875	0.830671277905849	NO	0.352175941177092	0.32425579274655	-0.027920148430542	0.613436099991111	23.4324573047498	7	5	256.910277886491
ABHD18	-0.107743450044417	0.213750212725294	0.614217512220767	0.830671277905849	NO	0.300647846058105	0.278491176876669	-0.0221566691814362	0.620008453370002	43.4885905251728	7	5	87.0029607770554
PDE7A	0.0675175870909554	0.134032795319778	0.614444584502406	0.830686356669238	NO	0.0602137513463181	0.0641498200643879	0.00393606871806979	0.622089953897452	303.388107570723	7	5	238.053770353928
ZNF277	-0.0594133822979737	0.118033654242849	0.614711414850183	0.830686356669238	NO	0.118464054189843	0.112398769556811	-0.00606528463303212	0.625369999130712	203.551466743714	7	5	141.336552587006
SLC25A37	0.137941807341697	0.274132326080686	0.614827714467448	0.830686356669238	NO	0.212425852361291	0.236417345962008	0.0239914936007169	0.614693749974901	25.2454529661434	7	5	63.4057181115601
LLPH	0.0442348291550735	0.0880211371311216	0.61528223481797	0.830848875302973	NO	0.0798815221150074	0.0831938177906214	0.00331229567561397	0.615041391493642	609.746995592391	7	5	300.73164783193
AP4S1	-0.108708128792782	0.216353928613202	0.615347448271264	0.830848875302973	NO	0.132185848545785	0.120206424939927	-0.011979423605858	0.610379155283819	80.6042753664938	7	5	107.677180502359
SHC3	0.0715939816043777	0.142667148607113	0.61579042981388	0.83091153917282	NO	0.264449989399484	0.278608906213971	0.0141589168144872	0.620704866523632	93.5288206457751	7	5	733.657970347526
FAF1	-0.102699228160708	0.204843790390439	0.616122095175034	0.83091153917282	NO	0.158597396212694	0.145368236846785	-0.013229159365909	0.625850581068113	62.6957973896731	7	5	307.023707898264
LIX1L	-0.153644870429779	0.306678103916517	0.616373095642485	0.83091153917282	NO	0.298448858830428	0.267304825606122	-0.0311440332243055	0.623780925978456	17.1980290798486	7	5	171.473345708778
SOX4	-0.0193632294735839	0.0386691965368058	0.616553825966709	0.83091153917282	NO	0.205669581587815	0.202524242591696	-0.00314533899611849	0.616821856731137	1460.79594647419	7	5	6691.28853082351
SLC35D1	-0.126286204124517	0.25231353399002	0.616713903965407	0.83091153917282	NO	0.225287464478529	0.204012691558963	-0.0212747729195667	0.613574131264991	25.8960471865321	7	5	103.650931635326
CPEB2	0.0529032620481387	0.105802009754502	0.61706005566988	0.83091153917282	NO	0.468525345529089	0.48171764217919	0.0131922966501012	0.619067052366032	147.224141646114	7	5	880.216597216052
CYTH1	-0.127512404978073	0.255059290288072	0.617122672403088	0.83091153917282	NO	0.36767042025265	0.338555910218381	-0.0291145100342697	0.618487340169026	21.9608178193441	7	5	339.058954275876
CALU	-0.0518684813714759	0.103816146152268	0.617343632886656	0.83091153917282	NO	0.126658345674211	0.121031092676747	-0.00562725299746396	0.620203087498795	251.528765412671	7	5	975.657798513293
SLC9A3R2	0.056202224762953	0.112493845466612	0.617354882419902	0.83091153917282	NO	0.051641196389887	0.054464055226684	0.00282285883679699	0.617915462152192	393.210307927359	7	5	184.047948272687
DNASE1	-0.0586052091960379	0.117315759486062	0.617391242207497	0.83091153917282	NO	0.256611464285444	0.24559214758797	-0.0110193166974744	0.620554449827012	134.216124163736	7	5	516.519860782467
NFIA	0.101987568909053	0.204290400937814	0.617618493174016	0.830948554852493	NO	0.226092613814752	0.244434345912796	0.0183417320980436	0.619301344126969	54.8067755717304	7	5	136.834749220508
SLC30A10	0.0997835973549622	0.200088759074134	0.617993092642681	0.831183726283076	NO	0.346037062369673	0.368950644692902	0.0229135823232283	0.619355926272006	38.8501107027139	7	5	232.635063634753
KRIT1	-0.155376484870246	0.311828784985445	0.618290232892934	0.831314598847642	NO	0.160482681522369	0.140636003797606	-0.0198466777247631	0.613929477632466	24.2834954615491	7	5	97.792086916731
ARID3B	-0.0722797195553786	0.145247029835423	0.618742718648366	0.831654187262424	NO	0.281349782302711	0.266968930291721	-0.0143808520109898	0.619625098054515	79.9927474107446	7	5	145.159634321331
AP3D1	0.0778189886475519	0.156719900897573	0.619507671642164	0.832413408924872	NO	0.459006233978317	0.478382241363498	0.019376007385181	0.621528156263963	58.8754910511327	7	5	361.478630515121
EMSY	-0.073126261148268	0.147418257908168	0.619861841927656	0.832620362421391	NO	0.260333368895982	0.246500775460792	-0.0138325934351894	0.619234633453168	89.9335073213091	7	5	80.1986365622723
TMEM265	0.174346946537852	0.352667850773977	0.621047817855043	0.833944132432853	NO	0.12416034445051	0.144394254514115	0.0202339100636048	0.641333661188824	18.7176111187265	7	5	31.6417254565304
DNAJC22	0.316344493607343	0.641204969294925	0.621758670092184	0.834629257045333	NO	0.280169505413911	0.348128346161444	0.0679588407475326	0.619776064092329	3.36557494932779	6	4	38.3856017109531
SEPHS1	0.0815292071353234	0.165385860732202	0.622038316390467	0.834654657297393	NO	0.178026168994899	0.190271224433147	0.0122450554382474	0.621365696700781	69.3481669987258	7	5	382.526401232917
KANSL3	-0.0860209472482239	0.174568004477949	0.62217886833635	0.834654657297393	NO	0.488579333876433	0.467119630425393	-0.0214597034510402	0.624758957720156	53.4264032898954	7	5	324.378417456268
CPLANE1	-0.0497435321340237	0.101318692665921	0.623453993503343	0.836095619914219	NO	0.229108307477033	0.220441295704699	-0.00866701177233417	0.626984368132351	207.786673936034	7	5	155.098332219868
XIAP	-0.122706906048562	0.250337723496452	0.624016818138902	0.836473936496167	NO	0.611374078972862	0.581853018203538	-0.029521060769324	0.627099884938094	26.5870514628917	7	5	489.321413009975
RPS6KB1	-0.0291759118358256	0.0595434235490702	0.624138244924063	0.836473936496167	NO	0.175520937756936	0.171338684110229	-0.00418225364670713	0.627121476159064	681.047790355021	7	5	488.910399617733
SLC43A2	0.105286993322138	0.215993064760673	0.625935617089322	0.838507740594379	NO	0.211001402977515	0.229062437826742	0.0180610348492271	0.625177426793285	42.6549741860057	7	5	197.998612182567
NADK2	-0.0621229406435964	0.127488832079967	0.626058904395707	0.838507740594379	NO	0.336829036521587	0.323095934093432	-0.013733102428155	0.627404203370519	95.7318517603237	7	5	304.845991613886
PHETA1	-0.106862837088644	0.219960199670638	0.627089077745051	0.838755251697507	NO	0.231951441271992	0.213461069005259	-0.0184903722667333	0.634907209983973	33.4927628691757	7	5	82.8058697242748
FAM98B	0.0794072394085119	0.163467357332865	0.627131542721927	0.838755251697507	NO	0.101321659118721	0.108784467602484	0.007462808483763	0.639129714229474	151.871305849634	7	5	181.918717652421
FAT3	0.104496898571905	0.215210836601888	0.627282046639809	0.838755251697507	NO	0.401969423239568	0.427326114958541	0.0253566917189738	0.629118059097828	31.3530732475793	7	5	197.669312299115
PPP2R2C	-0.0807147319573281	0.166358326137362	0.627544407226417	0.838755251697507	NO	0.386166325871825	0.367217937776535	-0.0189483880952891	0.630165320993667	53.3804332646873	7	5	714.264752401748
SEZ6L	0.0659409795638672	0.135913438937395	0.627556510135409	0.838755251697507	NO	0.368069751644452	0.383536203065973	0.0154664514215216	0.628133945171322	82.4604938233897	7	5	961.885909257751
USP45	0.134590353382246	0.277535844674102	0.627713486381509	0.838755251697507	NO	0.219805141837305	0.243753130251302	0.0239479884139976	0.634893013405359	19.5486057712787	7	5	132.278451207342
STAG2	-0.0679297266376933	0.1401318158406	0.627849497717554	0.838755251697507	NO	0.424866047405738	0.408357690004197	-0.0165083574015406	0.629801671370684	75.6983246849609	7	5	304.377260191716
SENP5	-0.0525358087308418	0.108378065494642	0.627856695621643	0.838755251697507	NO	0.51695472698651	0.503827203013349	-0.0131275239731612	0.629475685808799	125.718482721748	7	5	807.553072335393
ZBTB43	0.0418709112191396	0.0866546890714098	0.628958934204791	0.839957998809608	NO	0.142794130691964	0.14799634339237	0.00520221270040605	0.627485454272746	300.806335308958	7	5	466.939536364989
CNOT8	0.0346341370464625	0.0720576155860404	0.630768783655679	0.842104666241215	NO	0.377225988161245	0.385396391473577	0.00817040331233221	0.631856964776591	288.095225447341	7	5	896.72881530316
ATP6V1G2	0.0295152057081563	0.0614502740134248	0.631006694691095	0.842152021146922	NO	0.362171448057701	0.369016908339072	0.00684546028137145	0.632436474248737	404.152057749058	7	5	2255.35299434094
TPR	-0.0691748509336812	0.144204584005543	0.631441161959845	0.84220299555555	NO	0.176286366681782	0.166465358531995	-0.00982100814978673	0.628424419062275	116.423541677437	7	5	218.389928057577
BMPR2	-0.0261904178872557	0.0546125048004363	0.631534498384267	0.84220299555555	NO	0.420798617102149	0.414428878389237	-0.00636973871291224	0.632823612994238	499.542889490551	7	5	2065.80878962849
IRAG1	-0.315392776984778	0.657887085473125	0.631652246666662	0.84220299555555	NO	0.613459008173015	0.53655534554638	-0.0769036626266349	0.649101835852767	2.10997443656694	7	5	19.5036021614693
PWP1	-0.0592580030965595	0.123889607759652	0.632427484429597	0.842213447087049	NO	0.204789820430274	0.195308239393166	-0.00948158103710731	0.631358687175359	142.348116321403	7	5	459.544634370625
CAP2	0.0529691650258936	0.110769964703518	0.632514493581876	0.842213447087049	NO	0.344076155432557	0.356127362579912	0.0120512071473559	0.632998092490532	136.442393527674	7	5	434.272074952388
SMUG1	-0.10877423669052	0.227852562992442	0.63308536598347	0.842213447087049	NO	0.183108038369088	0.167394765620184	-0.0157132727489044	0.632481311836206	55.0742601585375	7	5	122.133390143155
ZNF484	0.0562218685527824	0.117804520777173	0.633186159443175	0.842213447087049	NO	0.0844884131767133	0.0889400018418434	0.00445158866513017	0.63234969905609	273.729284218606	7	5	198.869240461233
DENND1B	0.0830269786935888	0.174410822047823	0.634044039087486	0.842213447087049	NO	0.151507996864731	0.16249292173088	0.010984924866149	0.630960833232662	87.8509025034575	7	5	235.490530567047
DDX19B	-0.109866955888185	0.230867176826697	0.634154058035086	0.842213447087049	NO	0.231602895846349	0.212629220309555	-0.018973675536794	0.655013702340966	43.564046067176	7	5	150.064890640737
ENSG00000284773	-0.328495782685223	0.690411053837129	0.63421872406714	0.842213447087049	NO	0.282718438518423	0.221057780214364	-0.0616606583040587	0.650005808034583	1.71084238301669	7	5	10.3089296460148
ASIC1	-0.0696421385849597	0.146373178065491	0.634227673848395	0.842213447087049	NO	0.338468842174589	0.323055056867371	-0.0154137853072172	0.634333299590416	70.4119030927967	7	5	477.974841563948
ZNF835	-0.119112585487318	0.250494318283824	0.634423415699588	0.842213447087049	NO	0.151863006017409	0.13714878427792	-0.0147142217394887	0.634097411337327	36.7696270570673	7	5	37.9718730751892
BTBD9	-0.105912978665007	0.222745233625918	0.634438246991354	0.842213447087049	NO	0.151631986928179	0.138504018535441	-0.0131279683927376	0.633258881853495	35.600250418849	7	5	199.719450898544
USP15	-0.029710236709681	0.0625270698981906	0.63467436944329	0.842213447087049	NO	0.121860879058396	0.118717112915215	-0.00314376614318103	0.638158598025115	846.003796701049	7	5	691.162881078465
GDAP1L1	-0.0330308922052222	0.06952529664663	0.634721605686224	0.842213447087049	NO	0.108892399699952	0.10572841422641	-0.00316398547354142	0.638908400337137	868.651612826555	7	5	778.015750406659
TRAF6	0.110289692420957	0.232157172806483	0.634740812770151	0.842213447087049	NO	0.166372262868892	0.1822362696043	0.0158640067354081	0.642173354334061	55.3424524585455	7	5	92.9587139856171
UBE2D1	-0.0547841443236188	0.115329642252639	0.634771125666003	0.842213447087049	NO	0.265977965963176	0.255420253123869	-0.0105577128393068	0.636246836708837	137.0834558048	7	5	986.897313825021
TMEM64	-0.069575438321887	0.146602566115866	0.635082510552433	0.842213447087049	NO	0.167245467648476	0.157778384979714	-0.00946708266876262	0.636969896236812	112.390764326305	7	5	407.357498001154
ZNF527	-0.126314419832685	0.266169953616151	0.635098462011273	0.842213447087049	NO	0.133328761025537	0.119396648798105	-0.0139321122274318	0.640558534218534	32.9352129020017	7	5	87.7914318106415
PCLO	0.192642999851188	0.40594167941883	0.635101822959633	0.842213447087049	NO	0.534587206369663	0.582054521240276	0.0474673148706128	0.639965973115727	8.44294737321899	7	5	478.886634185668
REPS2	-0.280108034311484	0.590864696462825	0.635453843491055	0.842411723684763	NO	0.499060657811227	0.429506375781535	-0.0695542820296918	0.638889461970012	3.01714264582504	7	5	69.3917898363751
CCDC149	0.0941943164596624	0.199094375727833	0.636131920854009	0.843041984948288	NO	0.325265007072159	0.346267774090272	0.0210027670181124	0.642860033604345	40.078532251138	7	5	113.400772284726
CCDC97	-0.0876310996213626	0.185453643340017	0.636553576101228	0.843332126299715	NO	0.270976371150856	0.254016241991212	-0.016960129159644	0.644192867632535	45.7009322951096	7	5	163.629538840146
KATNAL1	0.0487626112907112	0.103514521845171	0.637590571898706	0.844437051607328	NO	0.558175634752227	0.570164868601046	0.011989233848819	0.639941841285807	158.580872067273	7	5	570.908579788602
MMP16	-0.0311995523889273	0.0663934575083291	0.638412832887117	0.844559127709341	NO	0.33401024536925	0.3271063002325	-0.00690394513675036	0.638749265106011	355.828728703257	7	5	713.981829393361
COL6A1	-0.0377810872148367	0.0803994435270613	0.638414123411793	0.844559127709341	NO	0.20981593659983	0.203620746579833	-0.00619519001999777	0.641259257917614	267.527891445738	7	5	1007.13673073407
PIP5K1C	0.102638440924884	0.218420061833852	0.638417128910885	0.844559127709341	NO	0.540102329028633	0.565470195061145	0.0253678660325121	0.641614652704484	33.0087735462333	7	5	474.864448295383
LMO4	0.0369501565161424	0.0787435518860226	0.638893266293869	0.844559127709341	NO	0.0942431305597183	0.097444885206784	0.00320175464706568	0.643834396369755	658.18568763631	7	5	586.936186813347
LPIN1	0.0696087442535512	0.148367024134246	0.63895107762237	0.844559127709341	NO	0.297465644621377	0.312214444666127	0.0147488000447495	0.643504492160976	67.9339962046292	7	5	559.268036870526
UGCG	-0.0321727964716632	0.0686193093952499	0.639170260772918	0.844559127709341	NO	0.370757615823528	0.363283540584109	-0.00747407523941884	0.641061687893271	316.675145532636	7	5	920.979618136824
TMEM209	-0.111400273840521	0.237681618233488	0.639287397360003	0.844559127709341	NO	0.383511960778384	0.357537456632817	-0.0259745041455678	0.639104537256021	25.9188162688269	7	5	193.225602985834
FAM43B	-0.164884257326025	0.351969751555641	0.639454638484567	0.844559127709341	NO	0.284212022690094	0.251891846870397	-0.0323201758196969	0.642823182542163	13.8032292499711	7	5	90.1336072900641
KRAS	0.0292474769794361	0.0624433562880172	0.639509916414525	0.844559127709341	NO	0.302311069027642	0.308515350443354	0.00620428141571139	0.641396834077335	493.539369051107	7	5	1863.8288716864
CUL2	-0.0443693945725668	0.0949190521116078	0.640181848021073	0.844982003176076	NO	0.096444235702233	0.0926463903058792	-0.00379784539635379	0.645308191844593	522.539242877026	7	5	448.597073055029
CSRNP2	-0.0617510536797543	0.132125022819922	0.64023636394495	0.844982003176076	NO	0.335697963097397	0.322069778668828	-0.0136281844285693	0.641741745781236	86.4688253199882	7	5	908.028130396712
PRCP	-0.0614978141841673	0.131686770991789	0.640499377523062	0.845061024578477	NO	0.101209305241991	0.0957506877181453	-0.00545861752384613	0.638968541283282	216.48650383699	7	5	312.757370867361
OSGEP	0.0585454844860189	0.12555440480162	0.64100382538336	0.845458438045268	NO	0.0810010477643766	0.0854674539793311	0.00446640621495452	0.652526389139211	420.594250476221	7	5	44.9274746711476
REL	0.256023037695555	0.549755918805863	0.641428030424375	0.845547564566542	NO	0.266833368772089	0.319792491561382	0.0529591227892932	0.642738367747403	4.29197153745748	7	5	103.537930650486
NDC1	-0.194081156240901	0.416811046972849	0.641477911964425	0.845547564566542	NO	0.399642329390581	0.354106530465509	-0.0455357989250724	0.646975377534918	8.47733539090847	7	5	116.904923234386
CMSS1	-0.0312945520788457	0.0673006159780386	0.641933950243775	0.845880656640515	NO	0.0629039135003263	0.0610842326123235	-0.00181968088800277	0.644550264801955	1605.37037449961	7	5	222.046075118607
OGFOD2	0.249354190640881	0.536731364522067	0.642232880254645	0.846006580702762	NO	0.238973446673995	0.28721236986112	0.0482389231871251	0.640796952148749	4.27892518401689	7	5	29.5951470286046
C19orf25	-0.0451143286301202	0.0974334998852153	0.643345106075732	0.847060512839199	NO	0.103026398686479	0.098931329105201	-0.00409506958127813	0.646545713748497	370.150896580152	7	5	285.73723280166
CDKN2AIPNL	0.028653444641603	0.0619006329433349	0.643440197252853	0.847060512839199	NO	0.297413582284512	0.303435514167222	0.00602193188271	0.644602921664876	466.833470785567	7	5	680.531321677996
CD55	0.0804025920950174	0.173975012585858	0.643973591327633	0.847494508042693	NO	0.0861958412119824	0.0927431495481948	0.00654730833621241	0.651143755756784	140.039811746533	7	5	185.232378875127
RIT1	0.0671413533538208	0.145562525629409	0.644616106687076	0.848071791213864	NO	0.219494517467864	0.231213253890296	0.0117187364224317	0.649137903165429	100.322989976637	7	5	171.266480605493
ZNF596	-0.0986372883203853	0.214051433165634	0.64493409728433	0.848221892097	NO	0.102808661075614	0.0940602868160327	-0.0087483742595815	0.645042861022827	83.2100307008849	7	5	77.5447756855603
LEMD3	-0.0796342606721382	0.173245352924963	0.64575903460421	0.848918473410134	NO	0.321766242465166	0.304639578022296	-0.0171266644428698	0.645792814237631	49.4443560950601	7	5	320.670910748704
NEK4	-0.0831898532009862	0.18104249165468	0.645871867390162	0.848918473410134	NO	0.280565594115498	0.264084210481941	-0.0164813836335567	0.648693048782957	49.8797192681208	7	5	213.974877673675
ZC3H14	0.0528261182225339	0.115057603216215	0.646142556611529	0.848990060532881	NO	0.12876348884961	0.134806815460041	0.00604332661043105	0.650004700534238	220.799228865122	7	5	643.781182963063
ZNF365	-0.142122699529892	0.309729789893933	0.646334500410489	0.848990060532881	NO	0.347142818343225	0.315669584159414	-0.0314732341838114	0.646932792091099	14.7546908005322	7	5	189.227628036281
MRS2	-0.059388596675247	0.129576136828234	0.646715563187107	0.849222456710342	NO	0.285386293758504	0.273430425140866	-0.011955868617638	0.649350341178414	107.421264305943	7	5	500.879454854806
ELP4	-0.0483748484782154	0.1056763846902	0.647121975592511	0.849272864986656	NO	0.200978274519889	0.193322189952377	-0.00765608456751196	0.648855240982482	185.195050730661	7	5	143.641219377286
ACADSB	-0.122831784794016	0.26836277847539	0.647162255290312	0.849272864986656	NO	0.352576770102516	0.325071056766949	-0.0275057133355667	0.649293366285271	20.3189221393129	7	5	379.369753511257
LMBR1	-0.0660493932748714	0.144550973822721	0.647722768313314	0.849556251884875	NO	0.115372290193226	0.108800529170075	-0.0065717610231507	0.651498428690009	138.627771581191	7	5	886.226567013486
TSC22D1	-0.00318206318832137	0.00696731046601667	0.647877147152746	0.849556251884875	NO	0.0427176236004261	0.0425876892143823	-0.00012993438604389	0.648994974554714	182790.473334195	7	5	3413.36779868927
ELAPOR2	-0.0372344807954285	0.0815552849351644	0.647990862315074	0.849556251884875	NO	0.0994376734312123	0.0961527062002339	-0.0032849672309784	0.652768927370706	559.38108028944	7	5	360.809084520422
FAM13B	-0.0754020728305508	0.165380479512062	0.648439660043665	0.849627955589211	NO	0.492928906899082	0.474101116892271	-0.0188277900068105	0.649776218025235	53.2218742804067	7	5	530.820942242416
SLC7A14	0.132050775847592	0.289641609384654	0.648454028604746	0.849627955589211	NO	0.41811760284258	0.450548483468921	0.0324308806263409	0.649888200699427	17.3602831277481	7	5	340.010845363364
MRPL11	0.0874112182101573	0.192241645878828	0.649329041408973	0.850254213355905	NO	0.126890289010957	0.136894408016045	0.0100041190050879	0.655483945842049	97.0698698599955	7	5	94.6944270101774
ST3GAL1	-0.0825308179249068	0.18174606926003	0.649757138905545	0.850254213355905	NO	0.319181436061258	0.301520682380322	-0.0176607536809362	0.654922183736831	52.0000728890299	7	5	87.9364990000954
MAP2K6	0.257020842461965	0.56611829026815	0.649824836344299	0.850254213355905	NO	0.326190809649968	0.384984685823395	0.0587938761734272	0.650190971036983	3.50351187550884	7	5	257.090735653603
CERT1	-0.128989414807327	0.284209735398554	0.649934700223253	0.850254213355905	NO	0.265432515210044	0.241053816589688	-0.0243786986203551	0.647858245297258	19.2889771474339	7	5	248.268998395804
SRD5A3	0.0668248145198889	0.147347064025688	0.650174471938166	0.850254213355905	NO	0.0885919554132657	0.0941380299890017	0.00554607457573593	0.651678347502688	169.922947014498	7	5	146.239067334708
MTO1	-0.0440339465021013	0.0970939193608674	0.650174996163081	0.850254213355905	NO	0.0522996540673888	0.0501596713381189	-0.00213998272926982	0.65088428099009	806.825597160123	7	5	126.119388738143
RNF24	0.0245668481273855	0.0542263231024074	0.650517884302152	0.850254213355905	NO	0.147715451591442	0.150835152215066	0.00311970062362446	0.651679332290027	1058.19247908102	7	5	602.169450154561
GCNT2	0.154946419141597	0.342064333186317	0.650567106036502	0.850254213355905	NO	0.362777663290838	0.399300135238965	0.0365224719481276	0.651464478814444	12.8341682974631	7	5	104.776910061486
TIA1	-0.0341396911779533	0.0754705940068994	0.651011440279255	0.850567710917619	NO	0.278001577049354	0.271201369839924	-0.00680020720943053	0.652297062482807	293.396558559154	7	5	1137.23732785816
ANKRD17	0.0590835764599826	0.130892479540577	0.651708378568293	0.851210943436137	NO	0.0618125546172509	0.0653289303360655	0.00351637571881458	0.65218733869579	368.600860283617	7	5	554.139751392132
PSPC1	0.103192372913817	0.229057434237404	0.652343663587568	0.851599470290836	NO	0.134277270420982	0.146732053019479	0.0124547825984968	0.661826270247005	69.5669095995731	7	5	109.771228351224
NAXD	0.0453195827569289	0.100618642978121	0.652415267263677	0.851599470290836	NO	0.427405894267072	0.438531658966088	0.0111257646990165	0.653886227989582	145.425062246746	7	5	731.708036970085
TFAP2A	0.305575720775221	0.679193054881066	0.652775364926731	0.851802232777666	NO	0.32073842851128	0.390596717914022	0.0698582894027422	0.64923386876122	2.74346290755002	6	4	10.1433103810395
EPHB2	0.0595589606857339	0.132475227057359	0.653009239183966	0.85184021166676	NO	0.135406841598214	0.14253213616823	0.00712529457001534	0.657588389773385	206.006984329692	7	5	271.47826039948
SH3KBP1	0.017272799123214	0.0384644650173692	0.653389378575259	0.851846111805445	NO	0.0724440038611169	0.0736132706971424	0.00116926683602546	0.65413935964053	3654.19282031285	7	5	860.742710514155
ZC4H2	-0.0690446415832593	0.153994891005421	0.653895784136609	0.851846111805445	NO	0.234587795263406	0.222418235491375	-0.0121695597720314	0.655054382373475	75.1492493175792	7	5	526.821180902894
N6AMT1	0.0570865777762696	0.127333017295259	0.653918644773234	0.851846111805445	NO	0.323535982968226	0.336153657682091	0.0126176747138648	0.655632692300896	103.228663947389	7	5	215.084933617606
SDHAF4	-0.0831284935824086	0.185439074186569	0.653951656555326	0.851846111805445	NO	0.170584487051851	0.159142919031469	-0.011441568020382	0.65175548034162	65.7552242412498	7	5	132.676154620016
LRRC14	0.0457860249611164	0.102164425627388	0.654037615650623	0.851846111805445	NO	0.207260096687592	0.214883744927328	0.0076236482397358	0.655736445669894	178.528752350112	7	5	293.294602093098
RRP15	0.0574445331217157	0.12842100943347	0.654648260488238	0.852284882261629	NO	0.232887023434329	0.243306540914128	0.0104195174797984	0.655436462304201	146.480003580047	7	5	384.947314802823
SYT9	-0.160742472075985	0.359501691951664	0.654784250891386	0.852284882261629	NO	0.499181036116621	0.459087096222314	-0.0400939398943064	0.656016876082539	10.263983534855	7	5	171.835262942004
CCNYL1	0.099285950707596	0.222435513272943	0.655338406928476	0.852634628982057	NO	0.269907971692837	0.289913624470743	0.0200056527779062	0.655052751396928	30.5222641016377	7	5	147.182425839066
CEBPG	-0.0386976976851184	0.0867299619815212	0.655462871029956	0.852634628982057	NO	0.294217570646685	0.286246326911942	-0.00797124373474262	0.656104137403142	235.384394463519	7	5	1267.52915342842
TRMT10B	-0.157912268634139	0.354417681931099	0.655919337224733	0.852961688919941	NO	0.438153235451888	0.399734202953774	-0.0384190324981137	0.659431836264287	11.6413112444677	7	5	64.8996752022867
BNIP3L	0.040840091623135	0.0918547696562929	0.656597350765639	0.853576555995331	NO	0.3749399511013	0.384559026462669	0.00961907536136836	0.658275033019365	181.6526758846	7	5	2118.81964632003
ITCH	-0.101059696409221	0.228036225457686	0.657639977851165	0.85466488842888	NO	0.436347368674109	0.411671633493743	-0.0246757351803657	0.661712254722693	27.8817530779264	7	5	120.149297440452
STOX2	-0.044004734047193	0.0993740046787928	0.657896392338598	0.854731103100739	NO	0.339287583408343	0.329493818233568	-0.00979376517477432	0.657422473927713	159.510634571088	7	5	671.813459455303
METTL13	0.0768372473326696	0.173737401137485	0.658300471640919	0.85477981496625	NO	0.185830512819276	0.197737371854794	0.0119068590355182	0.660242978866587	75.8212863851117	7	5	142.156877513172
RRAS2	0.047702135195392	0.107928788116275	0.658505224577091	0.85477981496625	NO	0.312649902781007	0.322991551176486	0.0103416483954788	0.661030717052887	134.290077028735	7	5	278.533616414786
RBM11	-0.109439618806112	0.247768359990073	0.658705333501791	0.85477981496625	NO	0.205389555522171	0.188103097742229	-0.0172864577799424	0.655364805259375	38.2728171631755	7	5	110.615453699032
CGGBP1	-0.0156245341370216	0.0353791100972668	0.658755790091778	0.85477981496625	NO	0.188220822304431	0.185845112603388	-0.0023757097010437	0.658801354196733	1857.41848110863	7	5	2236.35490538283
UBE2J2	-0.0438809961285463	0.0995744116263914	0.659440718908808	0.855401743268051	NO	0.190155026208929	0.183489224140263	-0.00666580206866615	0.662158468845574	269.045712984943	7	5	313.449752325219
DROSHA	0.104262652579426	0.237455409170176	0.660601338159109	0.856397457310617	NO	0.142150828564942	0.155345372163479	0.0131945435985364	0.666113656510138	60.9714545431948	7	5	97.4825393726067
POLR1A	0.0661650218515289	0.150786817881597	0.660807584084304	0.856397457310617	NO	0.25277444113669	0.2654747739782	0.0127003328415104	0.663610797881684	70.5032561334937	7	5	115.367214467216
TNRC6A	-0.0614881186776181	0.140136468454725	0.660825922588241	0.856397457310617	NO	0.185603069447508	0.176487941683077	-0.0091151277644306	0.664422095556382	112.642657106781	7	5	404.212520063086
ARL4A	-0.050187760751817	0.11462601360202	0.661502860903686	0.856924009571639	NO	0.185562779520622	0.178097320270093	-0.00746545925052924	0.661182775155681	216.141861053116	7	5	280.406223956443
CUL3	-0.0454690647904605	0.103895042615865	0.661644211236563	0.856924009571639	NO	0.0885809721103167	0.0849780747244226	-0.00360289738589413	0.664866991523033	445.35338432067	7	5	727.244792501421
HINFP	0.0752673544872054	0.172127612402185	0.661910858771422	0.857002543569596	NO	0.107925401438013	0.115388676140285	0.00746327470227263	0.665291538447988	119.154506111757	7	5	189.756079796072
NDRG4	-0.0641829014751689	0.147158453952256	0.662729175168046	0.857615568538969	NO	0.410042290922572	0.394610355892032	-0.0154319350305404	0.66477009374309	67.9457287948966	7	5	3334.09037317532
TMEM229B	-0.0480118862086497	0.110179129447779	0.663009361665253	0.857615568538969	NO	0.399118710477971	0.387662048589112	-0.0114566618888585	0.664595825970255	124.741685204812	7	5	508.179601187422
DYM	-0.0336050690021448	0.077220063338522	0.663427625624318	0.857615568538969	NO	0.143397978259373	0.139319360170329	-0.00407861808904364	0.665215157978105	436.115657980829	7	5	338.53567825858
KCNH5	-0.255696649239781	0.587755190047353	0.663533848703982	0.857615568538969	NO	0.338233917730888	0.283559937041135	-0.0546739806897525	0.668654510735449	3.15531668045708	7	5	77.7766893378521
CLCN5	0.0671008031721133	0.154255002588141	0.663563006004019	0.857615568538969	NO	0.280057040559022	0.293783678885017	0.0137266383259942	0.664716060382462	63.1875556825659	7	5	454.116914451051
SEPTIN8	0.063573221523252	0.146172580582064	0.663621277674745	0.857615568538969	NO	0.35917089828058	0.37393053819698	0.0147596399164007	0.662553669397431	70.5997596422353	7	5	181.620876072757
GALNT1	-0.047074067857115	0.108320551653439	0.663866493578961	0.857666028971577	NO	0.103170287642836	0.0988953508743299	-0.00427493676850646	0.662836874079495	312.80488907193	7	5	759.685421519934
SPIN3	-0.08525357968987	0.196964954801033	0.665133709325113	0.85831270609395	NO	0.141169700661616	0.131146192218846	-0.0100235084427703	0.666435192413916	54.8233496424826	7	5	533.08762850406
DOK6	0.0273161008970225	0.0631251315454205	0.665211361606068	0.85831270609395	NO	0.270624660813978	0.276050159623312	0.00542549880933441	0.667418444508728	441.819496765068	7	5	888.255559100077
NANOS1	0.087321477672606	0.201819738985556	0.665254055015704	0.85831270609395	NO	0.164732355290402	0.177101673219594	0.0123693179291913	0.667813332466103	50.1966419270409	7	5	449.359292435584
NAA50	0.0658211793474779	0.152172489146808	0.665346642698416	0.85831270609395	NO	0.344124744433271	0.359129304193164	0.0150045597598937	0.665807313212165	65.2086602268129	7	5	851.502266192557
CPLX2	-0.18752291380795	0.434241854561359	0.66585785366616	0.85831270609395	NO	0.659370517697056	0.616085854688132	-0.0432846630089235	0.6657088038949	8.27524162645615	7	5	463.410439238159
KAT7	-0.0626032058277949	0.14496891067863	0.665858550384988	0.85831270609395	NO	0.0587714816819682	0.0554025921801612	-0.00336888950180705	0.667367925997589	298.976482612757	7	5	376.242272347496
FBXO30	-0.0531365077010382	0.123068533413915	0.665913269055121	0.85831270609395	NO	0.219494090876228	0.210526703500019	-0.0089673873762087	0.668013706189377	121.796646827602	7	5	301.940349491959
IPP	-0.102646927542417	0.23792821584959	0.666163203738926	0.85831270609395	NO	0.183412545639362	0.168535389859655	-0.0148771557797067	0.664560302253719	32.4577585446511	7	5	81.1073248545186
GRIK3	-0.126587217813868	0.293636928196184	0.66639482354093	0.85831270609395	NO	0.476753109626226	0.445309224659863	-0.0314438849663633	0.668205963931516	17.9548152296297	7	5	225.714044388061
FCHSD1	-0.0411889172071049	0.09555432448717	0.666430298241216	0.85831270609395	NO	0.537250883183106	0.526996524977079	-0.0102543582060274	0.66727622429615	160.7154568529	7	5	348.286280302573
ZBTB41	-0.0414092374838773	0.0965440374732914	0.66798469433714	0.860037914651224	NO	0.272156038731762	0.264031219115552	-0.00812481961620992	0.667855419718506	166.734071398795	7	5	451.608976970404
GALNT10	0.177960058198394	0.415171141965853	0.668183302921335	0.860037914651224	NO	0.368381456123946	0.410667509392003	0.0422860532680572	0.675916129377366	7.96939973891409	7	5	119.424903620751
TMEM134	-0.0961427891662134	0.225214854154265	0.669456797180155	0.861135125939554	NO	0.0526922250249429	0.0480944552305444	-0.00459776979439855	0.672774190708774	122.576268979642	7	5	64.1493415445662
KIT	-0.262176262378698	0.614310860614651	0.669538776697627	0.861135125939554	NO	0.422934698203841	0.360564728063607	-0.0623699701402342	0.673604519782759	2.67070974993937	7	5	69.8918896295567
NHLRC3	-0.120334950804979	0.28227023048774	0.669881123310076	0.861135125939554	NO	0.391717292609875	0.363446973176517	-0.0282703194333583	0.672069547136661	18.1831530414044	7	5	209.049659739994
TLCD2	-0.259142207813547	0.607928183697315	0.669910323314125	0.861135125939554	NO	0.330678672981832	0.276026216075128	-0.0546524569067035	0.670212139387421	3.51256227813822	7	4	17.3468015976766
TMEM192	-0.0736107225792295	0.172774486919847	0.670070769871716	0.861135125939554	NO	0.0718042453035479	0.0670502017085644	-0.00475404359498345	0.666211148632743	185.784396853694	7	5	267.270668029692
SALL4	0.287777360892745	0.676228820742767	0.670426957785807	0.861143234796606	NO	0.279292096557932	0.34069504692576	0.0614029503678278	0.681456268443816	1.87807441557273	7	5	17.4079492476012
SPTY2D1	-0.0745940522412187	0.17531983828216	0.670491090746684	0.861143234796606	NO	0.391016386557872	0.373405195045941	-0.0176111915119314	0.671617940839637	48.5722622471359	7	5	148.660838009289
ZNF879	0.12608462525716	0.296701795356021	0.67087018248855	0.86128474678677	NO	0.0635941792984308	0.0715285885464396	0.0079344092480088	0.690224296084196	47.8567125236553	7	5	125.217827506946
ARHGEF3	0.0963625869312681	0.226866329447959	0.671015352003828	0.86128474678677	NO	0.336258800995025	0.358093478731134	0.021834677736109	0.671772077863783	28.0982214818966	7	5	381.880712340592
SMURF1	0.138668162258016	0.326738525502397	0.671273379740849	0.86135017264711	NO	0.341087397570402	0.372902743181896	0.0318153456114943	0.673129349074374	13.0511967598097	7	5	275.914876487243
ZFHX4	-0.0582796318071365	0.137462450744795	0.671589408201426	0.861434674410292	NO	0.220175461047671	0.210332261068696	-0.00984319997897432	0.674447804254547	122.299146659392	7	5	323.591553353338
RHOBTB2	-0.0571604048019648	0.134977967345469	0.671945437822609	0.861434674410292	NO	0.350082342225275	0.337190919504594	-0.0128914227206815	0.672882544970096	81.1115482773051	7	5	394.074777250631
MAPK8IP2	0.042591954757253	0.100581077128188	0.671960461168605	0.861434674410292	NO	0.0945925939115444	0.0983038972445007	0.00371130333295629	0.674290820593896	284.590624199078	7	5	632.971327336884
IFFO2	0.169552063215258	0.401706554782908	0.672967060625447	0.862459326001806	NO	0.482140717707548	0.524501492585017	0.0423607748774688	0.675496992908758	9.78786154616417	7	5	56.0511168643082
ASB8	0.0515581273259429	0.122437935247723	0.673684967152067	0.862622004878778	NO	0.198615146364327	0.206949162442661	0.00833401607833431	0.673962827988612	146.492969614151	7	5	572.96447422834
RAPGEF4	0.0514051265300537	0.122087999993154	0.673718726044667	0.862622004878778	NO	0.292140890454791	0.302883613277258	0.0107427228224672	0.67444967606804	105.29331698683	7	5	425.794380681335
ZNF626	0.0790218516619987	0.187703899413582	0.673760878334295	0.862622004878778	NO	0.171556127087334	0.183080179817007	0.011524052729673	0.673787992208963	49.2927906653074	7	5	137.26962119875
ALG14	0.0409287153422359	0.0972711190689679	0.673923441311545	0.862622004878778	NO	0.0639348260360353	0.0664284506693252	0.00249362463328993	0.676440718376594	644.686000814722	7	5	150.293550307629
MRRF	-0.0508619120882411	0.121192827501702	0.674721008462327	0.863176597704365	NO	0.0618333883142481	0.0589478175994713	-0.00288557071477678	0.674278481696871	456.038210961874	7	5	150.544427519645
PRPF4B	0.0724012078871884	0.172544792800526	0.674771705705431	0.863176597704365	NO	0.205825613947408	0.217912574613956	0.012086960666548	0.675144418032151	60.6956755730568	7	5	453.156953629658
MED28	-0.0217395484982638	0.051983485083838	0.675800121773415	0.863994286932632	NO	0.138452379778414	0.135879537856906	-0.00257284192150839	0.678109581765567	1226.56600397414	7	5	779.754985874438
COX7A2L	-0.0116682373867549	0.0279034122719675	0.675826300403554	0.863994286932632	NO	0.0486632082819981	0.04812586198612	-0.000537346295878059	0.678318698468153	10255.3662223824	7	5	2420.35372747122
TMEM184A	-0.194838296188904	0.466271331606097	0.676046096142125	0.864009757281487	NO	0.266216762590673	0.22992387629316	-0.0362928862975133	0.676696987127353	6.91485277400967	7	5	36.9302435437209
PAAF1	0.0307098053284525	0.0735439926366588	0.676261133773137	0.86401913897305	NO	0.0631785464508437	0.0650207358876732	0.00184218943682944	0.681798513730647	1162.29508411722	7	5	213.287339918724
CSMD1	0.155033666387062	0.371660600829766	0.676577655122749	0.864158134881988	NO	0.424547610721387	0.462794231347229	0.0382466206258424	0.689540841151851	14.918045978556	6	4	135.76943410911
ATPAF1	0.0167355477548431	0.0402227220044762	0.677357329714661	0.864888425909451	NO	0.276843865672747	0.280206825708915	0.00336296003616854	0.679252366470059	1245.48203813127	7	5	881.433642958668
NHS	-0.2040879856105	0.491144379539365	0.677749843063551	0.864915845681234	NO	0.497827157862538	0.447004943339685	-0.0508222145228525	0.679123888226494	6.07296403640587	7	5	82.4478332429612
HIVEP3	0.0941798750528987	0.226680315280781	0.677794629067505	0.864915845681234	NO	0.733932898044083	0.7519144559965	0.0179815579524164	0.686126542913166	48.0892151744193	7	5	513.336147840429
GOSR1	0.0548530778600697	0.13220974073342	0.678219227194513	0.86493074793531	NO	0.250317672803183	0.260751617655408	0.0104339448522248	0.678417850484795	143.317067516751	7	5	449.093834192072
NEBL	-0.0875318927847458	0.210975942623419	0.678222139366582	0.86493074793531	NO	0.353870415824585	0.334121798164358	-0.0197486176602264	0.678359900463465	33.0071497838315	7	5	325.720335578504
SPATA2	0.0802636115637129	0.193767401161177	0.678708163677043	0.865285308273521	NO	0.238428695404436	0.253307384477499	0.0148786890730635	0.682842692858755	45.4428606806693	7	5	165.61459822369
TRIM35	0.0866018220086639	0.209252919253691	0.67897520857501	0.865360559948542	NO	0.346816780324274	0.366686286630365	0.0198695063060908	0.679349051440995	33.9747776527362	7	5	150.444687870184
MYSM1	0.134045464071076	0.324612142159639	0.67965028918994	0.865955651770337	NO	0.407470067765558	0.440190625668159	0.0327205579026009	0.685676070629384	15.6674821784327	7	5	298.205698081517
WDR47	-0.0479686281200995	0.116349894586117	0.68013487643425	0.866307742182021	NO	0.30238604987477	0.292364051713392	-0.0100219981613772	0.681368322327407	115.416977794012	7	5	1391.49621483403
FEM1B	-0.0579763887067373	0.140877560636292	0.680678503925948	0.866637356249728	NO	0.236147694228193	0.225850206542514	-0.0102974876856791	0.679537054792194	79.1584584218345	7	5	1363.24835258301
STS	-0.0603541355954378	0.146719373271424	0.68081030774618	0.866637356249728	NO	0.310859216887633	0.298079570260549	-0.0127796466270841	0.682673375399696	69.6556129459149	7	5	450.421571830465
CALB1	-0.143090664551199	0.348507159858801	0.681379279625274	0.86692252056034	NO	0.256157756404662	0.2298557055015	-0.0263020509031618	0.683975434126937	15.182467862455	7	5	193.266808487027
HGSNAT	-0.0802018830085277	0.195383816107924	0.681451115921229	0.86692252056034	NO	0.338507302469932	0.32078749272067	-0.0177198097492619	0.683085998746742	38.9282199375609	7	5	606.431885426694
SMAD9	-0.0505596673597156	0.123426856062948	0.682075458788756	0.867451515915996	NO	0.391283887853935	0.37930991286515	-0.0119739749887851	0.682264754540055	99.1491978560305	7	5	565.95006175299
SOCS2	-0.0298486961483038	0.073104844934476	0.68305356017915	0.868429954262	NO	0.0523472658947352	0.0508861918689621	-0.00146107402577305	0.684636316011228	1423.73165014404	7	5	829.415823630298
KDM4B	0.110433511699378	0.271055754167845	0.683699604276243	0.868985748178788	NO	0.34717545249105	0.372608000054762	0.0254325475637127	0.682431246974893	19.3861382381628	7	5	248.486388965041
ASAH2B	-0.0706425445681557	0.17392503170303	0.684620168847968	0.869890012952825	NO	0.103794389568889	0.0974046409044387	-0.00638974866445066	0.679786244188573	110.624768213701	7	5	157.535995343184
DCAF11	-0.0418461648201761	0.103365791843331	0.685598270136416	0.870866810310684	NO	0.146215896549127	0.141068904635831	-0.00514699191329523	0.691942786827265	253.266035898209	7	5	233.209018389539
RIF1	0.0362503965189	0.0897303431388215	0.686218145292463	0.871121752044882	NO	0.236865903441352	0.243480915668629	0.00661501222727648	0.68767287413682	289.317526373949	7	5	279.305965232326
SRD5A1	-0.0416508469039615	0.103147360880252	0.686360205879644	0.871121752044882	NO	0.135516198412641	0.13071038880625	-0.00480580960639118	0.689454715203991	294.977567043893	7	5	891.62306429542
EXOC7	0.0612934413043041	0.151826037690833	0.686427188269982	0.871121752044882	NO	0.346391426719856	0.360396003576222	0.014004576856366	0.687041901588818	64.8483852681392	7	5	714.386273832137
ZNF83	0.0881709269501445	0.218648382169199	0.686761067691349	0.871279671118028	NO	0.554553934465773	0.576216029878171	0.0216620954123973	0.686817263699408	32.6577361862713	7	5	248.759997115814
MARK2	-0.0484719065522499	0.120414246032007	0.687284481472549	0.871677878940794	NO	0.145172359493088	0.139259970320625	-0.00591238917246259	0.693019600744742	194.020981639258	7	5	251.954556958165
DRGX	-0.0846793868798312	0.210622381752408	0.687651917202828	0.871789796827834	NO	0.419910184685483	0.399434601836963	-0.0204755828485191	0.689263872115899	33.0573534460038	7	5	210.958586882883
EPDR1	0.0606993062063193	0.15120776874419	0.688103703971449	0.871789796827834	NO	0.3350616675255	0.348717717358052	0.013656049832552	0.688820682697656	66.2920425716291	7	5	364.92572970018
MTA3	0.118393941407454	0.295010076212245	0.688183298779331	0.871789796827834	NO	0.447191305954647	0.476609191782682	0.0294178858280347	0.688567879239055	15.7908157136702	7	5	176.871468641493
IGF2BP3	-0.147519699289001	0.367619118075394	0.688210983841973	0.871789796827834	NO	0.366615014627893	0.33308034653997	-0.0335346680879229	0.695555612103696	11.4426643716325	7	5	172.51882714432
ASXL2	0.0588255321219461	0.147087708620471	0.689204345574408	0.872782367607165	NO	0.159220787505328	0.167254464458105	0.00803367695277718	0.69192677113785	96.4644894961668	7	5	209.78224482819
SLC30A4	0.0930009334531735	0.23317535356337	0.690007070922179	0.873351672042788	NO	0.833012366175404	0.845551668516953	0.0125393023415481	0.695797624643541	47.0848187809576	7	5	461.023536500347
BIVM	-0.0597395954316211	0.149815312901222	0.69007378509727	0.873351672042788	NO	0.215691520083824	0.205757135703272	-0.00993438438055164	0.688170232614439	81.2137901302546	7	5	500.739115874538
ADH5	-0.0331232333158298	0.0831857286348067	0.690494495801921	0.873618340187345	NO	0.346293745462564	0.338834154454384	-0.00745959100817967	0.690521465678913	223.334521719015	7	5	672.203953412081
AK4	0.0322267006111396	0.0811789024012148	0.691379484483556	0.874295729350095	NO	0.420847892153395	0.42872206928419	0.00787417713079502	0.692358455667754	261.522292431265	7	5	492.538600675017
STARD5	0.255792884735381	0.644618142546645	0.691505334071068	0.874295729350095	NO	0.335982570175837	0.395211862234615	0.0592292920587785	0.693451477098518	2.94599432672484	6	5	12.8129983476478
MAP3K5	0.221385892153565	0.558205585658318	0.691660395502683	0.874295729350095	NO	0.262292313171196	0.307314975626146	0.0450226624549496	0.687713598101741	3.71530410041503	7	5	33.1878658349683
ALS2	-0.0719519073775238	0.181558481018234	0.691882584181821	0.874310920472775	NO	0.392262122395058	0.37524855143122	-0.0170135709638382	0.69325797351796	44.7331027023953	7	5	171.530434899647
SYNCRIP	0.0833112387190621	0.210651564356744	0.692479018071869	0.874509053834165	NO	0.347390610109462	0.366510162261704	0.0191195521522419	0.698996017091108	34.0435673854959	7	5	495.907207169081
NPAT	0.0911680873702372	0.230604379480579	0.692588936678438	0.874509053834165	NO	0.24720880685818	0.264562809620086	0.0173540027619066	0.688161077739721	30.152842580829	7	5	89.5088101953201
BMP2K	-0.0799685270402726	0.202331986124838	0.692670031822974	0.874509053834165	NO	0.266506135884234	0.25116840047905	-0.0153377354051839	0.692240911071612	38.2152696527021	7	5	161.948617213534
ZBTB2	-0.061616390565362	0.15637008548901	0.693549986931905	0.875354352438326	NO	0.15382716297701	0.145976834925442	-0.00785032805156816	0.697591363113025	85.124563071111	7	5	223.073381190695
FLRT2	0.0387876975859235	0.098613654848692	0.694075847797736	0.875752358762081	NO	0.118529622336995	0.122642514785567	0.00411289244857214	0.693830183663355	221.401067985229	7	5	312.014919537836
GTPBP10	0.0776492563475598	0.197979041370194	0.694903442070252	0.876530721349984	NO	0.211663716988301	0.224910367222433	0.0132466502341316	0.690058749425105	53.3824843919334	7	5	164.815892795192
ST7L	0.080466582214662	0.205388431646399	0.695222563847031	0.876536511460156	NO	0.300456152008945	0.317635371139527	0.017179219130582	0.693966733139605	44.9410512170462	7	5	83.2470480152387
TTLL7	0.0423337995348583	0.108095604329021	0.695329444187143	0.876536511460156	NO	0.410702392117659	0.420985607628318	0.0102832155106595	0.696125441998093	125.131285201011	7	5	968.106368873607
TIAM1	-0.0891427674363766	0.228164023090459	0.696021967958682	0.877143709999429	NO	0.325074463917602	0.305829285784774	-0.0192451781328277	0.694714027947231	28.6037387282297	7	5	136.670407609694
HRH1	0.0411978207803591	0.105611867719617	0.696472186436189	0.877445274250316	NO	0.131961569255078	0.136752652026538	0.00479108277146015	0.694318819161302	292.715174482985	7	5	107.788403499123
ADAP2	0.189809308015331	0.487409891157508	0.696962219733012	0.877554632311773	NO	0.30792001558762	0.349769587236892	0.0418495716492716	0.688482193515157	7.32400964319825	7	4	23.2498795035447
NPAS3	-0.0715260308703498	0.183683062412099	0.696980890663005	0.877554632311773	NO	0.281341712163961	0.267108636828587	-0.0142330753353743	0.693661224877711	47.13859783393	7	5	126.245893974658
FRS2	-0.13060826838704	0.336224614368296	0.697679050409635	0.877678982382893	NO	0.39757427792316	0.366748608370219	-0.0308256695529403	0.700097368690454	12.4308234843983	7	5	367.322549387849
UNC80	0.0787027267221369	0.202626545542826	0.697710636082251	0.877678982382893	NO	0.474652986625837	0.494307167813372	0.0196541811875346	0.698555980294339	35.6076517938524	7	5	206.590078240897
PUS1	-0.0787225931594747	0.202679074718107	0.697712594889478	0.877678982382893	NO	0.0514280894959879	0.0477205829785511	-0.00370750651743677	0.696803916502628	155.418765313495	7	5	15.9804230658765
NFYB	-0.0550787915909524	0.142073214460134	0.698253651015849	0.878094071410499	NO	0.147822962196969	0.141018326335834	-0.00680463586113586	0.702243156311486	150.700098017238	7	5	425.751337060664
TMED3	-0.22032693356124	0.569105120337869	0.698647913060193	0.878132547477483	NO	0.549459568225594	0.494540326175083	-0.054919242050511	0.703456227460912	3.7946904856261	7	5	20.4067390180256
EIF4H	-0.0500874017454524	0.129402325831468	0.698706425997709	0.878132547477483	NO	0.398834429718756	0.386888227666002	-0.0119462020527539	0.699782836300806	87.3578354686312	7	5	1079.0895486348
PCDH11Y	0.0890735622062315	0.230630067296837	0.699334970686627	0.878545563433222	NO	0.411166925667385	0.432889935048522	0.0217230093811372	0.698235824564844	43.7600237527408	5	4	80.8675531199615
PRR29	-0.268586084611481	0.695723374832037	0.699457429348758	0.878545563433222	NO	0.434183041854255	0.369726452148022	-0.0644565897062327	0.704843795186053	1.67239920920542	7	5	20.7084991629058
LSM3	-0.0174655915349751	0.0453397998988282	0.70007779565618	0.879059351020136	NO	0.0503075897473707	0.0494796644791732	-0.000827925268197506	0.702813591455262	3753.33865055327	7	5	1023.4018956037
SLC46A1	-0.0768504182244842	0.199855772235977	0.700586116948227	0.879332124980934	NO	0.538534932183683	0.519389169168438	-0.0191457630152445	0.701469862966027	36.2605459920559	7	5	387.966453834487
SEC24B	-0.0348165233098805	0.090585061693331	0.700717787094182	0.879332124980934	NO	0.246900209654556	0.240483599721203	-0.00641660993335308	0.701074490118196	219.767797663922	7	5	351.392766144257
TBC1D15	-0.0644188965413746	0.168021715439762	0.701425979305257	0.879955390202012	NO	0.0868256066779744	0.0818521258784632	-0.00497348079951111	0.709382030299927	134.373324454323	7	5	234.825994441828
RSL1D1	-0.0267430802787	0.0698854130554882	0.701964150370626	0.8803650483997	NO	0.110415382281581	0.107815813664659	-0.00259956861692198	0.701566212061598	719.206635275617	7	5	906.203417969224
CSAD	-0.143744199009757	0.376322888015686	0.702483330294839	0.88072094942823	NO	0.661613581889874	0.628724544986669	-0.0328890369032053	0.699798405155243	9.44553856174996	7	5	54.6537410842649
GATAD1	0.057630744614429	0.150977707983977	0.702671353642379	0.88072094942823	NO	0.29403464295973	0.306137847920718	0.0121032049609873	0.70178259485733	71.5285645858288	7	5	251.978197509024
SLC26A2	0.114327353488363	0.300440632576698	0.703550352968181	0.881557068779407	NO	0.242319585293133	0.263923090807295	0.021603505514162	0.702084410307568	16.7013061390332	7	5	150.968515054128
ACER3	-0.056259812941501	0.147996006420438	0.703838430080452	0.881570528884653	NO	0.103166135974015	0.0980758041077277	-0.00509033186628746	0.705520138720032	110.299505796676	7	5	313.219176516644
PELI1	0.0372565564143049	0.0981106435971201	0.704138268714248	0.881570528884653	NO	0.270922183633037	0.278343705275999	0.00742152164296178	0.705731352190875	166.946978304302	7	5	357.75350972872
ARFRP1	-0.0339013211736236	0.0892935893994755	0.704196843145121	0.881570528884653	NO	0.209866773442563	0.204300447393413	-0.00556632604914956	0.704689504347719	305.817512025469	7	5	204.852153521793
ACTR3	-0.0262860223946437	0.0693352961856927	0.704602772265141	0.881813337130863	NO	0.0723679988162907	0.0706231095460567	-0.00174488927023404	0.708124870911217	1289.52040542215	7	5	1921.84076410191
TLCD5	-0.0621719227773915	0.164155842148581	0.70488303170228	0.881898770490672	NO	0.255543368289771	0.243896486924913	-0.0116468813648579	0.706183635304512	63.6538500147083	7	5	154.227141256989
MRPS22	-0.0281345163598996	0.0745291294824378	0.705804357544415	0.882785967343586	NO	0.117709055892665	0.114818464752421	-0.00289059114024354	0.707910255932969	683.622762809828	7	5	810.913061098705
RGS17	0.0323747947801128	0.0859342321373483	0.706367420365362	0.883224667484191	NO	0.232770564654075	0.23860227203942	0.00583170738534539	0.708337855796696	306.194236107669	7	5	1306.77639136468
RALGPS2	0.159520787124617	0.423904779303063	0.706684377303324	0.883355471629155	NO	0.536273553023684	0.575632681390312	0.0393591283666282	0.707166335000284	10.2822622333473	7	5	245.338377371013
MOB3B	-0.093472879937401	0.249163594582062	0.707551428050124	0.884173607896821	NO	0.573804942288426	0.55080395113968	-0.0230009911487458	0.708663399235057	22.5484405210936	7	5	78.3196157506863
WIZ	-0.0566452188771935	0.151419007867684	0.708333023712949	0.884884498091852	NO	0.117830235509213	0.112068448477008	-0.00576178703220485	0.703329115212974	141.843227510483	7	5	192.898609002548
TNS1	0.151748038685286	0.406806688793648	0.709131715200173	0.885616311988208	NO	0.417153788944716	0.45444657661011	0.0372927876653937	0.709005021040979	8.28543338190513	7	5	92.1022922688851
FAM107B	-0.0510107514993617	0.136986762494764	0.70961200291619	0.885842941356733	NO	0.375493948009894	0.363610069476156	-0.0118838785337375	0.709988263004398	78.6460477650355	7	5	638.099463864898
PRDM4	0.0259153393645056	0.0696262309742763	0.709739068159132	0.885842941356733	NO	0.230999866875429	0.235635496588734	0.00463562971330567	0.71392367070543	385.667334747644	7	5	389.641600924169
TAP2	0.182260456313239	0.490575146936671	0.710247260240126	0.886125879443892	NO	0.320427187778799	0.36134092961541	0.0409137418366111	0.710920457934136	5.8746154310158	7	5	88.5965299119317
FAM177A1	-0.0234262966516646	0.0630875467990478	0.710391780756101	0.886125879443892	NO	0.157901519778669	0.154811462555088	-0.00309005722358133	0.712708477162526	858.182154055941	7	5	1359.4517932093
SH3GLB2	0.064966868860739	0.17526782025229	0.710881867321691	0.886471393302828	NO	0.0611136577448291	0.0649493970073777	0.00383573926254865	0.709899557761462	153.796089522122	7	5	248.340060999671
MCL1	-0.0610497148539972	0.165659473922647	0.712481549959291	0.887911475336285	NO	0.412574015912719	0.397861304587417	-0.0147127113253028	0.713456505223673	52.9549912369209	7	5	806.933265203903
ZNF850	0.225042182375533	0.611519901762374	0.712869748695022	0.887911475336285	NO	0.379147553142799	0.433367262687301	0.0542197095445023	0.710424633799126	3.27139717821753	7	4	15.3605304510335
RBM48	-0.0411862304355044	0.11192375690195	0.712884640424516	0.887911475336285	NO	0.083205442352441	0.080117113512215	-0.00308832884022602	0.711092027796415	396.800127362788	7	5	341.020229238413
PRMT9	-0.0868213702639734	0.236107134090578	0.713081852578387	0.887911475336285	NO	0.15723577777398	0.146070138732001	-0.0111656390419789	0.720894319215334	45.1097095749939	7	5	57.6966062219762
ZNFX1	0.0939291016458195	0.255456858615601	0.713103903629454	0.887911475336285	NO	0.191612709989735	0.206584754455608	0.0149720444658727	0.714378941863766	25.7038019167822	7	5	105.15017550687
ARIH1	0.0278912086441678	0.076056585672392	0.713830460822122	0.888550184625981	NO	0.149036305322298	0.152608327754996	0.00357202243269747	0.71355422022043	520.198716099739	7	5	1384.37424735347
TRAPPC13	-0.0396621884443463	0.108247188898468	0.714063735729627	0.888574675631244	NO	0.417261373044298	0.407650140681869	-0.00961123236242922	0.714854065858314	125.378376651594	7	5	490.340698643042
MCM4	0.0460575959883091	0.126083095431789	0.714890786226111	0.889095351297208	NO	0.239430210084388	0.247917815458042	0.00848760537365414	0.71704067114679	118.947053138449	7	5	212.101047692341
CAMLG	0.013862619628418	0.0379516688138466	0.714909603386817	0.889095351297208	NO	0.0588313447364261	0.0596036317511283	0.000772287014702104	0.717023359723466	5023.44018134353	7	5	1015.70835185147
NUP214	-0.100315674080118	0.27506229653826	0.715334124957454	0.889354725159942	NO	0.172188124611343	0.158355665043117	-0.0138324595682263	0.719637075146507	25.5547904741981	7	5	63.8160614348506
CADM2	-0.0512735389397871	0.140714194990482	0.715573734510583	0.889354725159942	NO	0.338634012860018	0.327247443604127	-0.0113865692558916	0.71627635060414	76.4391414515965	7	5	735.82667045993
TBRG1	0.0413479814251813	0.113619464820467	0.715920471783471	0.889354725159942	NO	0.296013062423186	0.304701585608228	0.00868852318504276	0.717931964254974	131.904156631801	7	5	744.353435632604
MAL2	-0.0607015629532257	0.166884715730518	0.716057019626265	0.889354725159942	NO	0.393131049028695	0.378746658888974	-0.0143843901397208	0.717031079977843	52.744577865646	7	5	584.412434475763
VMP1	0.0779819968934057	0.214671907828523	0.716409697682489	0.889354725159942	NO	0.0896882830929735	0.0962620784620514	0.00657379536907791	0.716214609890216	60.8945313134456	7	5	1359.18938828717
IPO5	0.0232459711245243	0.0640355702095534	0.716592528924926	0.889354725159942	NO	0.270541595172666	0.275153553045878	0.00461195787321123	0.717015054431703	432.35422842323	7	5	695.192678160128
RGS4	0.067731404201032	0.186612448529099	0.716640569890053	0.889354725159942	NO	0.194349890240865	0.205175105448694	0.010825215207829	0.71646579769324	53.495419570933	7	5	1719.7415687697
RPAP2	0.0775902122178121	0.214219508719544	0.717202906884978	0.889354725159942	NO	0.186351542270953	0.19840337911979	0.0120518368488366	0.719936584162385	40.9755140764158	7	5	537.819220833739
RORA	0.103949902326037	0.287086865536466	0.717288370326875	0.889354725159942	NO	0.281825028784791	0.303332874549049	0.0215078457642581	0.722012838076812	21.4236647784697	7	5	151.387375177766
MAVS	0.140314783961719	0.387949263942755	0.717588681181246	0.889354725159942	NO	0.232919210444391	0.258920721741603	0.0260015112972123	0.717298596513457	9.30863222800476	7	5	239.060563281795
WDR3	-0.0445028218815724	0.123102602144328	0.717718229733265	0.889354725159942	NO	0.0948633083772802	0.0911103899189422	-0.00375291845833803	0.712911476520631	240.256365054489	7	5	269.047117692263
NIPAL3	-0.0511567676216727	0.141521583357028	0.717743052837449	0.889354725159942	NO	0.399274438339072	0.387069813960011	-0.0122046243790606	0.71809294851851	75.0220063199997	7	5	950.220771578522
CEMIP2	0.162870932107943	0.450828461258061	0.717897395934396	0.889354725159942	NO	0.33483250406955	0.372025413270444	0.0371929092008941	0.719397217022449	6.41147582614681	7	5	134.091939902389
COA5	0.0546552223673246	0.151934463991267	0.719049854336121	0.890084059657628	NO	0.251906461089067	0.262345161942111	0.0104387008530437	0.725126047664451	88.8531261566001	7	5	370.788103409475
PANK3	0.0313887890038984	0.0872796615205339	0.719120381023616	0.890084059657628	NO	0.348851991499059	0.356015487255827	0.007163495756768	0.718838418649998	201.876264613061	7	5	1282.21987756767
RSPH3	-0.0378720975350352	0.10538695588523	0.719324083243912	0.890084059657628	NO	0.209622413894652	0.203416719331446	-0.00620569456320638	0.720378613809887	162.966021313682	7	5	199.996965436392
PCBD2	0.0960048170088588	0.267171070376877	0.719341973213689	0.890084059657628	NO	0.281328775799904	0.301140000253816	0.0198112244539129	0.715625371251429	24.4776165888081	7	5	93.4716625078028
F11R	0.0916031951915939	0.255931474612345	0.720402592986026	0.890808743858306	NO	0.202095543360616	0.217270322293851	0.0151747789332348	0.718730381668503	24.9568803192386	7	5	57.3726916341766
TKFC	-0.0992039611225932	0.277215484561899	0.720449091119311	0.890808743858306	NO	0.131393365245307	0.120479346453378	-0.0109140187919296	0.735946973045268	45.407818368713	7	5	52.1082703038863
EML6	-0.139187369447532	0.389120838465247	0.720570053625769	0.890808743858306	NO	0.462144337274914	0.427783461252633	-0.0343608760222814	0.720800140496428	8.72586273028931	7	5	97.0731579079957
MTARC1	0.0755501847137294	0.211545094148568	0.720990646304089	0.890869334240637	NO	0.125720607419043	0.134262167372579	0.00854155995353509	0.721332865436612	92.0784528133601	7	5	92.2161849442167
SMOC1	-0.241224640439082	0.675586939116413	0.721047367401015	0.890869334240637	NO	0.55104519614551	0.490918490824946	-0.060126705320564	0.721798450965086	1.89417415016072	7	5	11.6096515332408
SPRTN	-0.0685667570487271	0.19227106942056	0.721380009027146	0.891015688109539	NO	0.115779084970889	0.108942401238838	-0.00683668373205122	0.714170053532134	81.0845673056264	7	5	154.503643327801
PLPP6	-0.0442422866294232	0.124448332726036	0.722209601881116	0.891672339634042	NO	0.33451276494564	0.324736981904094	-0.00977578304154564	0.725459869353835	101.582352393103	7	5	451.094684993425
TOLLIP	-0.0389263138031835	0.109565967092501	0.72238177182826	0.891672339634042	NO	0.206504084368965	0.20019844912901	-0.00630563523995498	0.724603671160098	219.768385037117	7	5	507.319591137273
SCUBE1	-0.0712971393144032	0.200922810885599	0.722703161786517	0.891672339634042	NO	0.662214416426178	0.646086515376657	-0.0161279010495212	0.723984756781253	36.2181235500912	7	5	968.690395550442
ANKRD34A	0.0650958370953392	0.183492347219883	0.722769021453363	0.891672339634042	NO	0.171212324053204	0.180647952696563	0.00943562864335959	0.726537262994693	58.3099872373529	7	5	169.605547876097
CNOT6	0.0337515327558951	0.0954547549528799	0.723648635658568	0.892492832594024	NO	0.254714053958603	0.261174137931752	0.00646008397314879	0.724965724722657	185.656268642801	7	5	337.331423427997
ADD2	0.0276121461850177	0.0784393320466586	0.724823908634721	0.893677374013171	NO	0.639168007223244	0.645511479791927	0.00634347256868317	0.725731272399072	251.608682388488	7	5	3886.91436839781
LMTK2	0.0747349701800785	0.213337691008238	0.72610379729371	0.89499016199758	NO	0.336895510079482	0.353789137057601	0.0168936269781194	0.725417960680588	34.496910614917	7	5	289.857384656189
GRIK4	0.201542296514381	0.57632375949321	0.726561408148476	0.895047426259542	NO	0.302707758149669	0.346854516408684	0.044146758259015	0.728047328590632	3.29322291966948	7	5	39.4472053035708
NR2C1	-0.0449278167755314	0.128562412921589	0.726741683682355	0.895047426259542	NO	0.164141856578773	0.158070426538288	-0.00607143004048488	0.723745524882797	160.771022388269	7	5	158.065506192802
ZC3H6	-0.089257719619363	0.255517002953912	0.726847557123503	0.895047426259542	NO	0.300113271012301	0.281705742953351	-0.01840752805895	0.730807462148085	23.3738731838033	7	5	158.273893760188
AHCYL1	-0.0366170323956347	0.104975721646593	0.727228730408723	0.895047426259542	NO	0.151173441687412	0.146534514214663	-0.00463892747274933	0.72683492712302	197.902944384125	7	5	628.314285468302
ZNF500	-0.056995002719404	0.163528289414933	0.727439946947332	0.895047426259542	NO	0.0759844135057799	0.072078207513832	-0.00390620599194788	0.735864893699151	201.687504328717	7	5	77.2549626016651
RAB15	0.0341228715736135	0.0979085295319347	0.727451300297952	0.895047426259542	NO	0.436674858576825	0.445086100423121	0.00841124184629655	0.728033323502106	153.881126769814	7	5	2287.50760358644
SAR1B	-0.0454139991555251	0.130572340143553	0.727984987047952	0.895047426259542	NO	0.215437295983344	0.207860455800404	-0.00757684018293978	0.728633501930091	151.952907889102	7	5	862.219211033855
FBXL19	0.0599893800440149	0.172506454258425	0.728026808326642	0.895047426259542	NO	0.550034209087221	0.564832520259486	0.0147983111722656	0.72777619020203	50.1733621920593	7	5	172.349731005352
C19orf12	0.0371136774057475	0.10690661077039	0.728471271297807	0.895047426259542	NO	0.115114540972049	0.11894939718608	0.00383485621403026	0.732631762344655	282.157703720469	7	5	856.803194038392
HMGB1	0.0376137163579877	0.108395052677828	0.728586931025781	0.895047426259542	NO	0.155566531140485	0.160571936030593	0.00500540489010756	0.733540262826148	273.346963249218	7	5	1962.52254430096
CLSTN2	0.020744205442948	0.0598269280649583	0.728788962331972	0.895047426259542	NO	0.372934591613689	0.377798360810977	0.00486376919728837	0.729495827200084	419.864986709152	7	5	1151.97579516387
MACF1	-0.0291385743149311	0.0841879542920159	0.729257536055995	0.895047426259542	NO	0.234420843496207	0.229231932276362	-0.00518891121984516	0.732621375448292	287.546694428879	7	5	901.862666896932
GOLPH3L	-0.0988437345254676	0.285684810105664	0.729351158418512	0.895047426259542	NO	0.330082993703515	0.30860408350638	-0.021478910197135	0.731196966177423	18.585511125412	7	5	147.145547584561
RAN	-0.0221497562480111	0.0640210752945576	0.729360743199052	0.895047426259542	NO	0.253597432756916	0.249427726698403	-0.00416970605851316	0.729791767843604	507.442530913752	7	5	3243.50814563278
PCGF2	0.0389324647022145	0.112536667776403	0.729377590149002	0.895047426259542	NO	0.330287359994821	0.338955305677463	0.00866794568264229	0.730321265109837	134.308706142193	7	5	221.017739975545
RFLNB	0.0852174356241388	0.246599862338644	0.729666135182945	0.895095860796463	NO	0.245503146925697	0.261628040381354	0.0161248934556571	0.730865254834377	26.3423329922677	7	5	126.825454225707
DGAT2	0.0923047216824799	0.267295376437654	0.729847394187885	0.895095860796463	NO	0.211121789328193	0.226904728200653	0.0157829388724597	0.727148355053298	25.8516307390756	7	5	104.694597521131
DUSP19	-0.107318258864445	0.311387588546019	0.730361069622392	0.895461847812895	NO	0.267884186750722	0.247367453218615	-0.0205167335321073	0.731706636586346	15.1112076105944	7	5	51.4735441918218
PIWIL2	-0.112474000659411	0.328383367175545	0.731968463385303	0.897093324246953	NO	0.26326686500866	0.242039283546014	-0.0212275814626458	0.731425437206101	14.3607227059211	7	5	347.480458261849
SAMD5	0.0883900571988977	0.258264049136785	0.732165130695037	0.897093324246953	NO	0.276376712347124	0.29439856124917	0.0180218489020453	0.736220262576452	26.4207701130225	7	4	72.3271147611331
PCDH15	0.211884619060907	0.619516285950167	0.73233868489006	0.897093324246953	NO	0.26459362213476	0.307817308124956	0.0432236859901957	0.733831323026562	3.33530442282421	7	4	39.362266553416
ZNF250	0.029978617413966	0.0877437390869741	0.732605992818465	0.897156588202772	NO	0.099951598280481	0.102681042496688	0.00272944421620752	0.738106615393015	520.234228449748	7	5	212.540351038662
AMMECR1L	-0.0708638375177494	0.208318060061635	0.733727485905447	0.898199026686747	NO	0.269443506173402	0.255724292751782	-0.0137192134216199	0.732845818932064	35.1748789696022	7	5	345.669966190678
TCTN1	-0.0825345553813806	0.242779539134352	0.733889060506792	0.898199026686747	NO	0.142714276492761	0.132911073751524	-0.00980320274123683	0.7309995051434	58.9817588259663	7	5	46.7625486416707
NASP	-0.0325487478393113	0.0959711451435259	0.734495682029122	0.898677069776808	NO	0.16873693797564	0.164220589778075	-0.00451634819756472	0.735382689239715	297.460383795373	7	5	169.588803729124
CREG2	-0.0484948789981603	0.143677519447855	0.735720517639163	0.899900867234725	NO	0.190150454465273	0.182794542338687	-0.00735591212658609	0.736144450864019	93.6027680849754	7	5	569.521940151021
INTS6	0.0588813964143132	0.174740886226505	0.736144002129538	0.899900867234725	NO	0.156250853333483	0.16417160303607	0.00792074970258669	0.736757175718762	109.93797681875	7	5	139.806813084933
RFX3	-0.0546484095653138	0.162179307103813	0.736144868076867	0.899900867234725	NO	0.325334138530228	0.313455597990522	-0.0118785405397064	0.735871865708992	57.3402438172643	7	5	273.48908519349
SFXN1	-0.0282164219459401	0.0839368003243227	0.736748174200761	0.900197388737593	NO	0.0950771829177289	0.0926770935635137	-0.00240008935421521	0.738053458580045	462.430936841836	7	5	886.74110226911
RNASET2	0.0360081191675141	0.107145603393047	0.736820218425842	0.900197388737593	NO	0.0674336588161555	0.0697336543735706	0.00229999555741513	0.740690991704397	558.137803707637	7	5	70.8132088084285
DIS3	-0.022600194691076	0.0673230389018344	0.737098780202952	0.900273319331849	NO	0.0823643575783664	0.080672267301631	-0.00169209027673546	0.74190950090031	1004.1442272453	7	5	412.127179055767
RTL8B	0.0549509833336868	0.163927541572302	0.73746285017374	0.900453612187484	NO	0.263450847561437	0.27425145881448	0.0108006112530431	0.741720893664847	74.6804042278199	7	5	317.974474275104
MSRB3	0.128524316300415	0.383915596773945	0.737796839787609	0.900597081430884	NO	0.191304910660687	0.211980409963684	0.0206754993029975	0.753860816578691	17.3423088381522	7	4	17.1952766124323
JAG1	0.164230419651792	0.491963931024394	0.738510757693766	0.901023416242943	NO	0.358058282854914	0.396619333508896	0.0385610506539818	0.738270918946695	4.99707337332699	7	5	65.0265355773475
SLC25A46	-0.0645374649477925	0.193484327281595	0.738716159478061	0.901023416242943	NO	0.205025377197433	0.194706439684052	-0.0103189375133813	0.739331601694689	51.15915972771	7	5	1260.03385160975
BCAT1	0.0171691527019905	0.0514896939570503	0.73879588288574	0.901023416242943	NO	0.191802126034972	0.1944776782322	0.00267555219722806	0.738596521552629	738.760965948104	7	5	2133.58729086283
IPMK	0.0681161428640717	0.204910761857204	0.739573216636347	0.901707087106449	NO	0.330764451463889	0.346012474163058	0.0152480226991689	0.737974278800296	34.8056320268565	7	5	207.533703685198
SLC25A26	0.08958300454254	0.270142473333321	0.740180807192625	0.901842700845793	NO	0.21213565107933	0.227493810285884	0.015358159206554	0.74093812576984	23.6021454378167	7	5	140.842481623049
ZNF383	-0.0819649862770884	0.247181618181571	0.740192658731962	0.901842700845793	NO	0.243988368394127	0.229188120622563	-0.0148002477715644	0.741718830459692	26.9477917682	7	5	85.499812149176
CRISPLD1	-0.0757590182537765	0.228596054837085	0.740334813314515	0.901842700845793	NO	0.152987307934871	0.143426215631576	-0.00956109230329469	0.748488706878588	46.887246096191	7	5	94.0029011312188
APEH	-0.0554441942653173	0.16757484961312	0.740748526441805	0.90208251463639	NO	0.0633017233434505	0.0600927012742875	-0.00320902206916303	0.754963425764678	218.296393275504	7	5	126.909847517596
PRKAR1B	-0.0275612984013637	0.0834050940653861	0.741059196219825	0.902196738739969	NO	0.337296808999164	0.33116398584339	-0.00613282315577385	0.742523576376291	226.109670573099	7	5	630.50971914995
SPOCK1	-0.0233684637618251	0.070784344240082	0.741297165368902	0.902222413087955	NO	0.41178377645297	0.406135417287442	-0.00564835916552847	0.741582006447052	300.590432095078	7	5	4409.13896011918
MAPK4	-0.0661556714542876	0.200810377672396	0.741820501151701	0.902595286572412	NO	0.309126633830584	0.295179148195784	-0.0139474856347991	0.742228872691204	36.7235514388302	7	5	260.420160493274
TSR2	-0.0476791134208098	0.144879205079046	0.742083406410566	0.902651161014022	NO	0.11325919008536	0.108558275844718	-0.00470091424064174	0.74399445083877	143.768812022103	7	5	566.379534773026
PTPN4	-0.0945766074461159	0.288099005749223	0.742701366456921	0.903138383173385	NO	0.339711881127567	0.318829744049479	-0.0208821370780874	0.743862156387807	19.9109657773516	7	5	123.06400411233
PTGIS	0.173774859051326	0.529815281020747	0.742918160389261	0.903138383173385	NO	0.184154454845051	0.211705538706246	0.0275510838611946	0.74991909154795	7.34142896562738	6	4	15.6519942575925
MINPP1	-0.0669607968568661	0.20455878011118	0.743408797937156	0.903470814904637	NO	0.430747638228179	0.414410438227095	-0.0163372000010839	0.744344301050525	34.1212663434148	7	5	329.34602520174
A1BG	0.0571224411119536	0.17475139706159	0.743759927827884	0.903633557174065	NO	0.161719049528883	0.169613308032176	0.00789425850329237	0.742867859585925	109.460872888204	7	5	113.006124108896
GPCPD1	0.0688267101898026	0.211641042172068	0.745025978117895	0.90490746539283	NO	0.318325326576366	0.333443401202395	0.0151180746260293	0.743420906731013	33.7723678372114	7	5	213.764306513338
JAM3	0.0602474283499758	0.185860764079954	0.745821779067813	0.905609632493317	NO	0.516434996663136	0.531461157144725	0.0150261604815884	0.74608458335068	42.3423995686012	7	5	385.738154397202
C17orf75	-0.0468702561240576	0.14495845345528	0.746440951625079	0.905662966010066	NO	0.115466883155182	0.110765419119725	-0.00470146403545724	0.750566049606298	158.787412411984	7	5	266.306886836596
PCDHB2	0.0283008888502323	0.0876080197996596	0.746664999756315	0.905662966010066	NO	0.124035423072913	0.127143192319936	0.00310776924702358	0.747354176787441	332.337866656552	7	5	609.22473386388
UTP6	0.0399740653730316	0.123800928211207	0.746778649814547	0.905662966010066	NO	0.0771013994490235	0.0799943449297414	0.00289294548071793	0.756476697042792	314.623674970506	7	5	147.168369642326
GNPDA2	0.044541234609355	0.138127854544873	0.747101348114289	0.905662966010066	NO	0.294868659241239	0.30421356082301	0.00934490158177143	0.745571364119735	88.7115468842602	7	5	115.123111073059
CNNM3	-0.0485524894393043	0.150596864524557	0.747149380841373	0.905662966010066	NO	0.285263463866002	0.275468232386159	-0.00979523147984285	0.751522413565643	71.544531034335	7	5	117.507844400967
PDRG1	-0.0249859924799743	0.0775960898970865	0.747452191394282	0.905662966010066	NO	0.0480701470849944	0.0469396274074996	-0.00113051967749486	0.747863689511774	1206.71008341632	7	5	996.236659004372
BNC2	-0.043917391748376	0.136413251579268	0.74749531965715	0.905662966010066	NO	0.228024821695658	0.220386527874832	-0.00763829382082595	0.748506885236581	98.8741585019877	7	5	903.139910022889
PROX1	0.169960411725229	0.528209322608747	0.747629097499684	0.905662966010066	NO	0.309709492749315	0.347166555178774	0.0374570624294588	0.74656603412803	4.44461489080752	7	5	71.3393938325443
SETD1B	-0.0508695529884122	0.158221485447534	0.747825069289562	0.905662966010066	NO	0.392134623993047	0.380077856001266	-0.0120567679917803	0.746998907065266	58.0320155266136	7	5	139.207666049688
PDE10A	-0.0594712337978557	0.185387324364009	0.74836612859733	0.905708384341142	NO	0.328649489797262	0.315663971125469	-0.0129855186717932	0.747933857063393	42.834734905463	7	5	299.083190469164
SH3GLB1	-0.0294401717985415	0.091803509843273	0.748447767997688	0.905708384341142	NO	0.248282400270755	0.242828548402329	-0.00545385186842631	0.749055236015383	193.872866417021	7	5	1543.63277495578
FAM149B1	0.04176008087808	0.130257196490555	0.748515727251165	0.905708384341142	NO	0.575001502328095	0.585173275813861	0.0101717734857666	0.749322785617093	92.3830076306554	7	5	521.096379828911
MAP3K3	0.0470628344607049	0.147092887023612	0.749003836111021	0.90597087529156	NO	0.14200234068897	0.147833537042565	0.00583119635359536	0.750151263033351	99.2907556908011	7	5	180.277879097406
TMX1	-0.0365702810199455	0.114376373978295	0.74916822379879	0.90597087529156	NO	0.234527592554087	0.228026177662316	-0.00650141489177061	0.752014675451715	147.187358671396	7	5	382.139391694989
NDUFAF5	0.0477554102202613	0.14975378515956	0.749807772077955	0.906480770660939	NO	0.162867820844857	0.169484148658923	0.00661632781406615	0.758190094225855	128.762359489316	7	5	216.071675042597
ABL2	-0.037838318794856	0.118831803397045	0.750167033409307	0.90651596872687	NO	0.319771814917399	0.311598023639743	-0.00817379127765555	0.751485410956694	106.804719615225	7	5	570.296222360959
TSC22D2	0.0474322703482538	0.149026961651734	0.750272711616975	0.90651596872687	NO	0.299666208566975	0.30971424257437	0.0100480340073958	0.752518620324145	81.594746215109	7	5	792.500981700873
TECPR1	-0.0695483171881186	0.219059602714304	0.75087499878605	0.906980254050513	NO	0.34881451312962	0.333187712709017	-0.0156268004206033	0.749166491330755	30.7494783218386	7	5	123.389426573441
MTF1	-0.0766224342697856	0.242291380191089	0.751819696649508	0.907857746897519	NO	0.119536028979542	0.111703889483224	-0.00783213949631849	0.749028447459532	45.3497346354333	7	5	112.862940635845
GLYR1	-0.0406606697098539	0.129048992399023	0.752701424164511	0.908524783284366	NO	0.480848350278383	0.470707390683346	-0.0101409595950369	0.753408768530363	93.3637304505606	7	5	895.292848761537
TMEM150C	-0.0439833226336061	0.139677478081457	0.752843643936615	0.908524783284366	NO	0.33905005940294	0.329264462431853	-0.00978559697108722	0.752184468402022	77.1680809809499	7	5	276.682703532634
C16orf72	-0.0389964844084813	0.124109265883908	0.753360862928907	0.908524783284366	NO	0.234333751921075	0.227409558798854	-0.00692419312222117	0.755798399850255	109.525700152585	7	5	589.950284938278
PLXNA3	-0.0326822066732516	0.104015319987128	0.753364811990267	0.908524783284366	NO	0.0873333490664579	0.0847632645367847	-0.00257008452967324	0.75180656967588	398.201677845876	7	5	182.324330407119
BAALC	-0.0107364248102272	0.034184268725787	0.753464063060352	0.908524783284366	NO	0.303515005029005	0.301250192517847	-0.00226481251115784	0.754531773060461	1508.13934285486	7	5	3428.80470181801
POLH	-0.0746811010792718	0.23825368721782	0.753937262758481	0.908746455348164	NO	0.215574305795081	0.203213875335823	-0.0123604304592584	0.755967694377112	32.8496831924438	7	5	60.1389393774277
UHMK1	0.0493880567436724	0.157722484310982	0.754179897578332	0.908746455348164	NO	0.274730062352316	0.284679474642276	0.00994941228995927	0.753308753107462	64.8110866520462	7	5	662.237835618879
MTMR4	-0.0223087934376145	0.0712808704669066	0.754303247672406	0.908746455348164	NO	0.329260466697816	0.324352511935898	-0.0049079547619183	0.754749283777285	296.450727553682	7	5	982.826712869162
CARHSP1	-0.0225372540166746	0.0721462717434125	0.754749624217154	0.909020971842317	NO	0.200037314493124	0.196455217100634	-0.0035820973924898	0.757191979718424	478.603460032243	7	5	612.229077195137
HPS1	0.133810599227992	0.430312876619988	0.755830134575803	0.909815680423528	NO	0.184378441154911	0.205355947097802	0.0209775059428912	0.759514808167076	11.6538946075644	7	4	61.3895815850646
ZNF551	0.0884347528563186	0.284414921864499	0.755849503952857	0.909815680423528	NO	0.102676164375358	0.111115010138146	0.00843884576278862	0.766120498624001	35.0480820141545	7	5	88.6404921575878
PLPP3	0.0871719854127173	0.280803552887062	0.7562281929632	0.909815680423528	NO	0.305100491094635	0.323889512948432	0.0187890218537966	0.752554483833061	26.3966201175258	7	5	111.042602038161
SFMBT2	0.0812714932347086	0.261943232292806	0.756360384425181	0.909815680423528	NO	0.511891584877859	0.532167211377751	0.0202756264998922	0.756890966796506	23.1084575223202	7	5	235.639343968597
ZNF594	0.0795490681119671	0.257603715965472	0.757470596061482	0.909815680423528	NO	0.16671843655844	0.178064490225381	0.0113460536669415	0.75815136397337	27.0517981163037	7	5	144.206860023639
AUTS2	0.0298308269780443	0.0966755949686459	0.757651488165503	0.909815680423528	NO	0.331098000643164	0.337737658432979	0.00663965778981479	0.759467135081164	159.587922766866	7	5	731.103505730298
EXT1	-0.0453932429762196	0.147116029916215	0.757660799080118	0.909815680423528	NO	0.100746370846635	0.0967077865098482	-0.00403858433678701	0.762448284092299	199.015098390988	7	5	96.4882183658448
IL1RAP	-0.0442084487118824	0.143672989890612	0.75830919108668	0.909815680423528	NO	0.0900651553175962	0.086507180758983	-0.00355797455861315	0.753691705039202	238.305458972575	7	5	423.138584681207
LZTR1	-0.0321158982698027	0.104556035122928	0.758718194061152	0.909815680423528	NO	0.347542730368894	0.340296336032162	-0.00724639433673235	0.759494170757639	136.766630058141	7	5	193.551881801957
PLCB4	0.0398920621154434	0.130002735426129	0.758953316533068	0.909815680423528	NO	0.276914311247086	0.284972654943279	0.00805834369619274	0.759364377578666	94.7300568132655	7	5	242.876398297514
FBLIM1	-0.0399876897813512	0.13032827706802	0.758978235987542	0.909815680423528	NO	0.308406392052105	0.299943308778435	-0.00846308327367029	0.759091255942438	88.6793224852209	7	5	176.444600074633
SLC16A2	-0.0335932746193009	0.109612307112965	0.759244103552788	0.909815680423528	NO	0.261692495093027	0.255254102400848	-0.00643839269217861	0.759193007457323	129.376633795891	7	5	594.278769842521
EMC1	-0.0376040532678242	0.12278728997986	0.759411541925118	0.909815680423528	NO	0.0899591885253487	0.0869277742425336	-0.00303141428281516	0.761027979705117	236.480246443282	7	5	309.259477755549
CYB5B	-0.0301889885574066	0.0987945844887649	0.759929541732866	0.909815680423528	NO	0.21444756302068	0.209405777688604	-0.00504178533207539	0.76132431835125	229.264202500265	7	5	1254.05621039024
NUDT12	0.0465795808857431	0.152465323263017	0.759978254496682	0.909815680423528	NO	0.265619014280087	0.274803698007197	0.00918468372711018	0.760172286604821	72.027184396487	7	5	168.497651669145
APPL1	-0.0547556986927128	0.179310258992251	0.760085536129651	0.909815680423528	NO	0.183411380536743	0.175352248188331	-0.00805913234841235	0.763956031410879	59.9490641392723	7	5	347.502641694667
MLLT1	-0.073566966324075	0.241088731574073	0.760255892162168	0.909815680423528	NO	0.546210421361429	0.527921849349117	-0.018288572012312	0.761928197156075	28.2570445309337	7	5	248.93835848271
FAM91A1	-0.0406524101227145	0.133431527269968	0.760618489726532	0.909815680423528	NO	0.401809377720965	0.392078404348342	-0.00973097337262296	0.761428512173136	83.3395936818694	7	5	619.50777571792
RNGTT	-0.0807392051863466	0.265339329468035	0.760909545128298	0.909815680423528	NO	0.261292436684026	0.246011079290341	-0.0152813573936852	0.762155537663911	22.1529223134063	7	5	402.904535579203
CDADC1	0.158071768303917	0.519686323096548	0.761000168479697	0.909815680423528	NO	0.269324030104502	0.301538344193326	0.0322143140888237	0.762929707248777	4.86733928324809	7	5	26.1343717377055
TTC9	-0.0376734937504773	0.123859243606875	0.76100312982676	0.909815680423528	NO	0.165103572588674	0.159975795283448	-0.00512777730522562	0.761009873417463	129.093000015955	7	5	831.774393468258
TMEM127	-0.0304334936389542	0.100080865349692	0.761060061305097	0.909815680423528	NO	0.102791598399094	0.100018590036368	-0.00277300836272645	0.761170649855413	309.634842945454	7	5	820.662440817247
BCL11B	0.101587369307474	0.334122988281883	0.761096012702659	0.909815680423528	NO	0.410562171134242	0.435350308162118	0.0247881370278751	0.756136452875479	16.1727958658775	6	5	77.6030731261285
VASH1	0.0551339500420889	0.181502432399382	0.761307505726529	0.909815680423528	NO	0.432228957892072	0.445806513044973	0.0135775551529011	0.762552054896508	53.0604364205054	7	5	334.043746218724
ZMYM2	-0.0196036287807327	0.0645751138467018	0.761448885041882	0.909815680423528	NO	0.100978135999145	0.099212357112357	-0.00176577888678801	0.762436992058902	964.057703473097	7	5	784.933947843539
PEX10	0.0339475980965616	0.111917587130293	0.761640861476386	0.909815680423528	NO	0.330720050789268	0.338276858681956	0.0075568078926877	0.762294963151645	137.673940337173	7	5	347.426181609112
CHST11	-0.0368170950265682	0.121480041605265	0.761835645312946	0.909815680423528	NO	0.114592818286079	0.110909981680234	-0.0036828366058456	0.761598673927969	247.62396555416	7	5	352.407668217084
ZNF704	0.180156971915173	0.595175695878703	0.762121969667634	0.909815680423528	NO	0.441163167598103	0.485932272507525	0.0447691049094226	0.768717809587404	3.00689730609542	7	5	388.058760062644
INTS3	-0.0351598606929005	0.116203103100179	0.762215692299182	0.909815680423528	NO	0.0665749818832742	0.0644230663940305	-0.00215191548924368	0.758721960244966	445.584233330778	7	5	139.25046757554
TRMT13	-0.0828242442378707	0.273799114999217	0.762270900185405	0.909815680423528	NO	0.28083841010518	0.26441799415371	-0.0164204159514697	0.761613885639582	20.4278888370626	7	5	78.4938006235323
CNNM4	0.083012228123804	0.274637513869731	0.762453054698286	0.909815680423528	NO	0.395999150483433	0.41601564866183	0.0200164981783976	0.762739445555772	19.6488409799022	7	5	131.945791551801
CIP2A	-0.212654072011884	0.703850968796699	0.762553419900263	0.909815680423528	NO	0.596244652763563	0.544181439652211	-0.0520632131113518	0.762100395547316	1.65513285482525	6	5	14.2503445741186
GPT2	-0.0453103443368977	0.150062823905361	0.762695895874829	0.909815680423528	NO	0.304589879001853	0.295078317198211	-0.0095115618036421	0.766173859901568	78.2317436648499	7	5	248.383148783177
LSM5	0.0366863952664963	0.121665482705502	0.763006603019817	0.909815680423528	NO	0.13341042129555	0.137709142523013	0.00429872122746258	0.76454861828514	270.758839049609	7	5	535.340513641705
TACR3	-0.153733566115495	0.509964315658691	0.763064160816752	0.909815680423528	NO	0.507643127396824	0.469249190625713	-0.0383939367711111	0.764709591315988	4.78777006546128	7	5	65.0520008341239
PLCXD3	-0.099507177699669	0.330447225397669	0.763316277554547	0.909855505623759	NO	0.565780348897226	0.541193475442247	-0.0245868734549792	0.768745624862333	14.4303292575503	7	5	122.067407690648
LUZP2	0.0593508387836062	0.197523389577454	0.763814869587704	0.910033318085597	NO	0.505066571616438	0.51989394687337	0.0148273752569311	0.764297030129751	36.4121468315861	7	5	173.636645514188
UBE2D2	0.0226055174706838	0.0752615415520402	0.763902967969929	0.910033318085597	NO	0.0855768060723036	0.0873624170558146	0.00178561098351099	0.765347830344608	738.222403475487	7	5	1346.50850645521
ZNF614	-0.0562841671107489	0.188005312647104	0.76465362406691	0.910666783887302	NO	0.180984336193292	0.172790674529833	-0.00819366166345875	0.764186814020834	53.6492614096552	7	5	255.917699852676
DIXDC1	-0.0658792450554236	0.221893107698008	0.766545672849649	0.912658843461517	NO	0.314382476729874	0.300359015303689	-0.0140234614261858	0.767599338237756	29.7558062322533	7	5	469.881115833319
MUC20	0.116031146681753	0.391780681106374	0.767105204443188	0.913063705431663	NO	0.297133518678739	0.321921746987503	0.0247882283087638	0.769421813821693	8.72317188380467	7	5	41.3897309362124
CEP41	0.0336472096853983	0.113935230334857	0.767750395286041	0.913570264413595	NO	0.121074748526048	0.124701233081269	0.00362648455522123	0.768378109665014	193.60742758097	7	5	460.2577799339
GXYLT2	0.169793231318768	0.575827941091028	0.768094720608889	0.913718626746634	NO	0.419739722811453	0.461563802320321	0.0418240795088676	0.775162989240378	3.72466611716674	7	5	28.3045894446975
RFX5	-0.0395315158785091	0.134268822051362	0.768436477933664	0.913863850258446	NO	0.195386103982613	0.189246076442622	-0.00614002753999093	0.771444690141017	106.745308986658	7	5	238.863754048173
PCYT1B	-0.0598909298394524	0.203956545932794	0.76902877401725	0.914283459898499	NO	0.416471901533899	0.401993779988441	-0.0144781215454579	0.769156311438222	38.0966524051662	7	5	145.232574499742
KSR2	-0.0294169178375911	0.100423206380544	0.769576053327316	0.914283459898499	NO	0.470295769091447	0.462974420795576	-0.00732134829587078	0.770175269985168	165.106082778025	7	5	685.604399434837
ZFYVE26	0.113550323914051	0.387733544572557	0.769631770484604	0.914283459898499	NO	0.413329815402114	0.441107974307488	0.0277781589053742	0.77108391891562	9.14890052225691	7	5	41.6355327784715
GJC1	-0.0614064419775727	0.209742243618482	0.769697212239398	0.914283459898499	NO	0.0959327298291828	0.0907375090873447	-0.00519522074183811	0.76529424108001	50.2096792394465	7	5	53.5896711882288
SHTN1	-0.0222291640121322	0.0759916540066996	0.769888211544337	0.914283459898499	NO	0.0691914447292396	0.0677734358732337	-0.00141800885600592	0.774748507738874	995.270945702191	7	5	1402.26001565038
DNAJA4	-0.0434555885551082	0.149038023703512	0.77061248101498	0.91482909963921	NO	0.30047905085542	0.291424986467823	-0.00905406438759698	0.771452065307182	72.060104908099	7	5	550.50559775752
ARHGEF12	-0.0402656192310135	0.138253803427064	0.770864555562528	0.91482909963921	NO	0.0697757461260992	0.0672070668078591	-0.00256867931824006	0.772515060614302	266.735782089211	7	5	806.833346156624
DHDDS	-0.0492432159451259	0.169316304012546	0.771177024801281	0.91482909963921	NO	0.310239390945042	0.299801436113096	-0.0104379548319458	0.771371242335065	52.4167066284895	7	5	349.210877873008
RSF1	-0.0204664385992452	0.0703870647526466	0.771227320296805	0.91482909963921	NO	0.341514524165526	0.336927023577219	-0.00458750058830676	0.772369123625042	306.192487709877	7	5	572.3683723584
OTUB1	-0.0187008182865091	0.06461807820695	0.772271192540228	0.915239158238616	NO	0.214519664639733	0.211385382849759	-0.00313428178997333	0.773222276250666	589.489747630076	7	5	986.816687207284
LRRC58	0.0657631682557891	0.227314791217462	0.772348448969917	0.915239158238616	NO	0.285803613308013	0.299413999404305	0.0136103860962915	0.772924547098698	28.3971764565175	7	5	321.020223990751
ZC2HC1A	-0.0235798337049343	0.0815854619512462	0.772566039835377	0.915239158238616	NO	0.346984963995405	0.341661548297734	-0.00532341569767086	0.773414718971888	236.569656389813	7	5	1797.78932943343
SCN9A	0.0272638715524046	0.094409416508433	0.772747142023089	0.915239158238616	NO	0.25328652485841	0.258477603525588	0.00519107866717733	0.773346930439482	189.577580521186	7	5	1844.44689594213
NALCN	-0.0519657361028107	0.180131820720048	0.772973778236322	0.915239158238616	NO	0.381314899004073	0.369133333987829	-0.0121815650162437	0.773257468865873	44.7744886750515	7	5	289.481437131926
PIK3C2A	-0.0571402697566611	0.198086113866076	0.772993295302942	0.915239158238616	NO	0.344329469749273	0.331546285463015	-0.0127831842862584	0.772226511662017	37.487195144142	7	5	312.437936643404
AHI1	-0.031767166668916	0.110215103673433	0.773171607380681	0.915239158238616	NO	0.336614766913306	0.329558210287945	-0.00705655662536075	0.774322593866631	127.958723645392	7	5	557.925472343997
EIF2S2	0.0202094097304658	0.0701672164118112	0.773333086829023	0.915239158238616	NO	0.0899024874036021	0.0915697834350792	0.00166729603147708	0.773032401779528	945.841251849948	7	5	644.208977498211
SORL1	0.139325674368232	0.484250398217389	0.773565585102251	0.915253934591969	NO	0.324305761245872	0.355550719947756	0.0312449587018841	0.772497033370042	5.56999367655265	7	5	88.0117626552978
STX2	0.0604166799182207	0.210946296848903	0.774565746395461	0.915996821666438	NO	0.365470961331163	0.379592185784267	0.0141212244531049	0.77773825516385	32.433384929498	7	5	424.103356598806
ADAM12	-0.115997516840054	0.405407358718034	0.774781749016803	0.915996821666438	NO	0.217400511079349	0.198312112667392	-0.0190883984119563	0.774957477688536	10.550010383949	7	5	100.6017840145
EIF3H	-0.0195813314854318	0.068458668573879	0.774854042174085	0.915996821666438	NO	0.0589962332044444	0.0579185034249819	-0.00107772977946245	0.779227858994937	1601.55353644405	7	5	486.283798051223
CALM3	-0.012403904066991	0.0434708673975376	0.775384961053979	0.916078675324849	NO	0.364956788206906	0.362086862186972	-0.00286992601993413	0.775914470740947	850.704873667538	7	5	5938.54974036217
RBM18	-0.0214939541651197	0.075331167957347	0.775394259640048	0.916078675324849	NO	0.251330656058342	0.247307933052539	-0.00402272300580353	0.777032559751984	342.012005198829	7	5	946.639288097733
RAB23	0.0534683838039629	0.187556631325935	0.775583916945702	0.916078675324849	NO	0.130848786752366	0.137050538288425	0.00620175153605848	0.778847118399944	96.3358539717386	7	5	330.155990808626
DRG2	-0.0568399693425174	0.200270519724905	0.776551424760173	0.916637382535854	NO	0.288426908370505	0.276902940894347	-0.0115239674761582	0.776623108598386	42.1801088806165	7	5	76.3038243254787
MIOS	-0.0507967006387362	0.178991550304477	0.776568370146266	0.916637382535854	NO	0.296765767731442	0.286275262976638	-0.0104905047548037	0.778749807303951	58.1188376104298	7	5	194.826986703185
TRMT5	0.0488005772365278	0.17207619929652	0.776717974384348	0.916637382535854	NO	0.308354722994712	0.318858676654376	0.0105039536596638	0.776931540513726	60.2657511325333	7	5	153.909327579371
RGPD2	-0.194346154242941	0.688577205372237	0.777757124117215	0.916852004001238	NO	0.802034322171338	0.769361886235137	-0.0326724359362007	0.77084192985469	4.00130528394802	6	3	10.6301193842291
ATRN	-0.0637234718665387	0.225787721221043	0.777769182527589	0.916852004001238	NO	0.443247629352986	0.427583951067209	-0.0156636782857772	0.77755660268423	34.0303624886675	7	5	310.020466547714
UBE3C	-0.0275189422302566	0.0975082680505978	0.777773574745792	0.916852004001238	NO	0.450522286564004	0.443719610236574	-0.00680267632743015	0.778346690212032	157.947824876155	7	5	540.845707691973
TMEM267	0.0463664188645313	0.164346040131694	0.777846300612949	0.916852004001238	NO	0.171467122746535	0.178154897355453	0.00668777460891787	0.77871294773699	96.2537309490957	7	5	196.897606123264
DCTN5	-0.0367594383879041	0.130387779096867	0.778001820702973	0.916852004001238	NO	0.132922335228804	0.128742534441087	-0.00417980078771688	0.781903263922535	136.665408846463	7	5	1303.39777239097
PDK3	0.101378969473785	0.360744250227258	0.778689488858595	0.917402513070449	NO	0.578903888163722	0.603400532363146	0.0244966441994238	0.781194479107657	12.0930352457433	7	5	380.130927070257
KIF1A	-0.00916955117582963	0.0326653108295442	0.778931152742321	0.917427405268418	NO	0.345246949431683	0.343177110332732	-0.00206983909895075	0.779455639233541	1405.32562759899	7	5	2208.40924924243
ETFBKMT	0.0585912911278337	0.209323853446302	0.779548565998944	0.917642715635622	NO	0.658286498197238	0.671341529058869	0.0130550308616307	0.781887418689565	36.4458236265314	7	5	188.264212799295
SEPTIN11	-0.0342622768141185	0.122409508656029	0.779555133907762	0.917642715635622	NO	0.41963522176771	0.411314659844787	-0.00832056192292319	0.779819031152232	97.8116066558644	7	5	622.389908787954
CDK9	0.0373482266330464	0.134233847177258	0.78083384372714	0.918887917936323	NO	0.0650171096043484	0.0673247249240595	0.00230761531971113	0.77848525198464	291.871876385513	7	5	259.554457722621
PTPRE	-0.0338260157757322	0.122424564363144	0.782316974374004	0.92037291102824	NO	0.326306170267352	0.318914316555452	-0.00739185371189993	0.783852279623426	103.061119465445	7	5	241.998254613263
CAMK2D	0.0227477455552007	0.082499635371111	0.782754324367529	0.920627082094691	NO	0.0700558490632137	0.0715523918514836	0.00149654278826987	0.780489830225448	809.408449958542	7	5	899.57739316354
DGKH	0.0635614439018941	0.23152203349446	0.783671710088935	0.921266546439877	NO	0.317177397811755	0.331100378893832	0.0139229810820768	0.782408277989665	27.1709663445085	7	5	154.096897540116
FZR1	-0.0786231959823379	0.286862300840794	0.784023206003346	0.921266546439877	NO	0.272240073237076	0.256944597596889	-0.0152954756401874	0.784620667345755	18.5898462944629	7	5	327.941222541078
TPMT	-0.0431342487215861	0.157682728747992	0.784429788931359	0.921266546439877	NO	0.147879231750233	0.142525981101432	-0.00535325064880104	0.78411695621452	98.9664102812696	7	5	147.374500680321
NCAPG	0.0715422954717044	0.261627756029101	0.784506777090303	0.921266546439877	NO	0.357330836734392	0.373922476373903	0.0165916396395113	0.787030015178387	26.3192183713228	7	5	99.8343140501002
SKP1	0.00528780096495928	0.0193564617573829	0.784714744270892	0.921266546439877	NO	0.0501241007527018	0.0503764615567159	0.000252360804014126	0.786192239525174	22189.2313028469	7	5	4822.60806855417
ZNF26	0.0238281028234604	0.0872728953054487	0.784830293704208	0.921266546439877	NO	0.0676357198529379	0.0691539161894492	0.00151819633651135	0.785379246418742	730.331673442567	7	5	166.589558028037
POT1	0.0640232536442637	0.234515117756491	0.784851162029471	0.921266546439877	NO	0.0952556878541474	0.10091813990922	0.00566245205507238	0.790131378149123	77.7803458318553	7	5	76.6557398787506
PLXNA1	-0.0416422156473255	0.152759000348975	0.785160147516738	0.921266546439877	NO	0.360970517696748	0.351421537996008	-0.00954897970073981	0.785531321384157	62.7739495016737	7	5	391.773884557609
ABHD13	0.0203101318267853	0.0745516520321348	0.785291147518222	0.921266546439877	NO	0.107867671113962	0.109837783287968	0.00197011217400507	0.786129156116709	770.842998307968	7	5	451.76745543448
DENND6A	0.129843937645062	0.477726860625992	0.785779383485058	0.92157942917898	NO	0.417804422895318	0.449683624658304	0.0318792017629864	0.786620445932809	5.5821327196791	7	5	93.9978945082536
KIAA0232	0.025841169649917	0.0952585885033007	0.786180372099036	0.921789838763244	NO	0.0917623491104362	0.0939388438636984	0.00217649475326225	0.789704241692475	346.533848561932	7	5	418.039259112138
KCNK3	0.0178166117993266	0.0658018311941586	0.786574364145324	0.921807531808775	NO	0.125381679792775	0.12734854496716	0.00196686517438532	0.786128104603405	611.729000286691	7	5	1210.57604936964
MYNN	-0.0522689705828192	0.193103819102893	0.786638638923354	0.921807531808775	NO	0.191835254231415	0.183862004998243	-0.00797324923317203	0.787730473139826	68.9776647051504	7	5	217.487521042137
GFPT1	-0.0478163972833504	0.176892657479427	0.786919411196921	0.921876865834748	NO	0.211958146429539	0.204081273095746	-0.00787687333379331	0.787302678907033	61.053847622395	7	5	1001.56379088245
PERP	0.0237084120334096	0.0881080117492492	0.787865428685335	0.922471571385656	NO	0.178854078849864	0.182362570658365	0.00350849180850113	0.788680954543864	302.611376966315	7	5	615.389294470638
FMNL2	-0.0481228676700119	0.178895390751319	0.787929650155602	0.922471571385656	NO	0.496402582151141	0.48437689055498	-0.0120256915961608	0.788442910486531	45.620592555475	7	5	387.766974250558
SLC33A1	0.0482901036163102	0.179658244087884	0.788092299207841	0.922471571385656	NO	0.0873111090464898	0.0912367147379417	0.00392560569145191	0.789144970178454	86.5757587078712	7	5	142.746616472952
DENND11	0.0568175750284993	0.211774892633072	0.788474325467476	0.922659126285429	NO	0.352127254375524	0.365195536488154	0.0130682821126306	0.789384277525439	33.3353297577695	7	5	130.260192608454
WBP4	-0.0414387363022308	0.154940083016829	0.789122651397382	0.922939515747507	NO	0.26317633922532	0.255219984733671	-0.00795635449164911	0.792258024214078	72.796113120521	7	5	205.197171557772
ZNF616	-0.0445559114144518	0.166623578694081	0.789157658056221	0.922939515747507	NO	0.123125062416867	0.118394784293523	-0.00473027812334365	0.790909377847384	122.028307879081	7	5	137.535171446921
ZADH2	0.0406365494128842	0.152150771185645	0.789406951580775	0.922971590381119	NO	0.219525319495177	0.226567029228344	0.00704170973316665	0.791463562219746	85.1070268951952	7	5	250.116823406323
KCNJ14	0.127436643098237	0.478208937814444	0.789863883597318	0.923110911512536	NO	0.33819493984943	0.367278039183982	0.0290830993345522	0.786303018706042	6.17069315421669	7	5	34.3412074580541
STARD4	-0.0533143613791429	0.200166792783034	0.789969914659767	0.923110911512536	NO	0.373095060437114	0.360711806984941	-0.0123832534521733	0.791806487184005	38.4141554141048	7	5	294.545984063917
YKT6	-0.0183786403396588	0.069257691063641	0.790727482273665	0.923736682465163	NO	0.372199279531372	0.367914981789613	-0.0042842977417597	0.790752512808615	325.000503696396	7	5	662.299026061216
PEX11A	-0.0683297757342108	0.258202500771249	0.791289589924824	0.924023639050759	NO	0.214357577853962	0.203074873230675	-0.0112827046232869	0.791664917842762	24.6621842967003	7	5	53.5672229089246
MRPL30	0.0319936192564905	0.12097233653762	0.791417362004292	0.924023639050759	NO	0.128555836967218	0.132182851107933	0.00362701414071451	0.799182289447481	250.677129915541	7	5	416.163816112722
ATG4B	-0.03434546380583	0.130155956446218	0.791872919998147	0.92429611312915	NO	0.310219888561112	0.302918832285988	-0.00730105627512451	0.792942349894278	108.013819743023	7	5	309.89035052729
AFG1L	0.147007866126926	0.558620582335134	0.792425502519397	0.924299147105505	NO	0.453767709510867	0.490388422794125	0.0366207132832577	0.792094367508147	3.48817911443681	7	5	37.085213165484
C12orf43	0.0223259053536463	0.0849461162085481	0.792685988552581	0.924299147105505	NO	0.0726455247956131	0.0741640046508981	0.001518479855285	0.794470103783532	789.166148389902	7	5	331.736726943766
MEAK7	-0.0310388665501059	0.118254212930782	0.792954657202712	0.924299147105505	NO	0.0850442725404846	0.0826599846573157	-0.0023842878831688	0.791146556524422	329.228611516051	7	5	227.909001027132
ZNF766	-0.0210028461529629	0.080080823305235	0.793112821130009	0.924299147105505	NO	0.0484413068646665	0.0474823163277164	-0.00095899053695013	0.792460294077606	1006.24812664233	7	5	233.995673528751
C3orf33	0.020402488204433	0.0778537447441642	0.793273839370411	0.924299147105505	NO	0.186758316537601	0.189876861421282	0.00311854488368113	0.794681946363086	368.674120664262	7	5	212.568205759787
RBM8A	0.0460946386563584	0.176206519536902	0.793634162300279	0.924299147105505	NO	0.258376311225782	0.267306755538166	0.00893044431238449	0.797424698060343	69.652984462621	7	5	869.228029669043
TMEM38B	0.0554218456045358	0.211932211472317	0.793701229066484	0.924299147105505	NO	0.122356442648896	0.128433573674926	0.00607713102602971	0.794314659947193	58.3019693049776	7	5	145.460163478664
SEC22B	-0.0266156985877455	0.102059227627881	0.794256930395873	0.924299147105505	NO	0.149177130040515	0.145830424451802	-0.00334670558871317	0.799357351462496	258.442138355552	7	5	546.831642472738
CCNL2	0.0276064955427527	0.105922570082246	0.794378608879001	0.924299147105505	NO	0.0707462545427568	0.0725827859073352	0.00183653136457847	0.792355171910969	462.178478591641	7	5	399.45054802834
GRK5	-0.0365327016235158	0.140183374532161	0.794395959920896	0.924299147105505	NO	0.123603713485784	0.119700385949071	-0.00390332753671274	0.804580528819043	220.295836777606	7	5	184.551293694777
NOL3	-0.053257641707953	0.204482400951242	0.794515923077907	0.924299147105505	NO	0.413225546731524	0.400374582851118	-0.0128509638804057	0.794981718287851	34.2913327876671	7	5	298.229830110937
MTFMT	-0.0364983818729804	0.140243329954002	0.794670634301207	0.924299147105505	NO	0.0869128782089994	0.0840597356207263	-0.00285314258827317	0.793347765652559	261.520827288709	7	5	101.87732627792
SLC25A53	-0.0693930163479025	0.266868722901449	0.794843111700483	0.924299147105505	NO	0.261309214936888	0.248137956124206	-0.0131712588126819	0.795097717176151	23.8175267555239	7	5	52.5197045655558
SMC6	-0.0395209646924947	0.152568140064259	0.795605825884935	0.924299147105505	NO	0.176420651199993	0.170751631339441	-0.00566901986055199	0.802410373517719	120.969719109722	7	5	102.034139226189
FBXO45	0.0272699663194308	0.105427872238098	0.795897636861556	0.924299147105505	NO	0.261912490731715	0.267218286025237	0.00530579529352188	0.79628803326216	149.144287876872	7	5	639.434554771704
C18orf32	0.00588076862903766	0.0227478968031254	0.796006214443862	0.924299147105505	NO	0.0450486938995182	0.045302358441926	0.000253664542407828	0.796223072124	16377.7647083907	7	5	2301.77414756908
STX5	-0.0285065530541169	0.11038510349959	0.796216767772914	0.924299147105505	NO	0.349456329782157	0.343003874373512	-0.00645245540864553	0.796015959847834	126.958554903352	7	5	150.695310159526
NDUFA5	0.00601413718731349	0.0232945336647807	0.796269500351111	0.924299147105505	NO	0.04535762548628	0.0456187527069513	0.000261127220671287	0.796713799490977	15761.030161734	7	5	5752.7072082511
LRCH1	-0.0347859263689424	0.134940802656598	0.796571631584692	0.924299147105505	NO	0.297565301071623	0.290345906119591	-0.00721939495203205	0.797402381380852	82.870347224069	7	5	103.806001866245
CCNK	-0.0585201099385522	0.227029952778034	0.796589181577305	0.924299147105505	NO	0.290164252692191	0.278260496991008	-0.011903755701183	0.798259797724576	46.3883380910514	7	5	125.675019870081
ZNF2	0.0748091353347825	0.290268137388216	0.796619736485926	0.924299147105505	NO	0.163817053591553	0.17432382686478	0.0105067732732269	0.80258019867427	27.0331834962984	7	5	55.6008861527988
CLN5	0.0379329160857184	0.147712017780438	0.797330714076187	0.924299147105505	NO	0.0653381439806121	0.0676932200096938	0.00235507602908167	0.795556187981024	244.321822931754	7	5	202.132471661268
CEP97	-0.0362613931166687	0.141233738819821	0.797373789375796	0.924299147105505	NO	0.293923283797557	0.286454500141632	-0.00746878365592529	0.798063725764091	79.0722119528541	7	5	255.790102297842
VPS54	0.0381539183224109	0.148935990437834	0.79781446251198	0.924299147105505	NO	0.256991558281914	0.264344210437344	0.00735265215543068	0.795466681602169	81.4255233631299	7	5	153.432500916734
ZMYM6	-0.026553602558193	0.103663020206558	0.797832632045907	0.924299147105505	NO	0.0646994809781027	0.0631110839496647	-0.00158839702843799	0.796571007277562	527.449021549709	7	5	160.763200169962
ZNF605	-0.0363394953353821	0.141983791692173	0.79799627724078	0.924299147105505	NO	0.0709641365968091	0.0686053729919848	-0.0023587636048243	0.805052129746581	208.31226955713	7	5	292.741384712762
MAP2K7	-0.0658978125525921	0.257487065939648	0.798007444983695	0.924299147105505	NO	0.333158810938247	0.318683079190663	-0.0144757317475841	0.798724319770064	22.5409980645206	7	5	93.2743152770916
DYNC1LI2	-0.0332545836495895	0.130043742030112	0.798168250632632	0.924299147105505	NO	0.411926734690295	0.403895304160762	-0.00803143052953303	0.798074719178501	87.9898853172691	7	5	2043.21390159581
ATAD1	-0.0158054287693811	0.0619363077286701	0.798577571324875	0.924299147105505	NO	0.136786689274146	0.134931136905543	-0.0018555523686038	0.799182563434152	811.024046551431	7	5	2044.6494868915
MED21	-0.024926382975166	0.0977495609950716	0.798721164004383	0.924299147105505	NO	0.239713882312723	0.235200536907406	-0.00451334540531689	0.800650013024252	209.419389025147	7	5	661.621223538467
SORBS2	0.0332045903831988	0.130240680609902	0.798763325443339	0.924299147105505	NO	0.367067995125227	0.374815874049205	0.0077478789239781	0.798814643622827	92.4067424082884	7	5	400.371040428085
C15orf61	0.0309509325507196	0.121538577955586	0.798986232494403	0.924299979748809	NO	0.117850792303929	0.121106763932563	0.00325597162863418	0.807078680899456	282.879752194699	7	5	191.402391889974
MCC	0.0643022339038925	0.253140533122659	0.799481707155778	0.924616041636929	NO	0.453153545255223	0.469130610135431	0.0159770648802076	0.800799707854034	23.2346341238156	7	5	92.0609328732243
ULK2	0.0356763604830751	0.141700727963961	0.801216838428622	0.926002529332418	NO	0.100964602378284	0.104249386646824	0.00328478426854023	0.800626268882655	155.831842984031	7	5	530.415993000829
CYRIB	0.0126733744091191	0.050343750641842	0.801244514750244	0.926002529332418	NO	0.165193147002907	0.166948284521193	0.00175513751828632	0.801851759311156	1186.93374190578	7	5	1196.16514199435
PAQR9	-0.039843747963299	0.158646520846852	0.801699727418204	0.926002529332418	NO	0.19749093219325	0.191252187261903	-0.00623874493134732	0.804989604845899	82.4526941800371	7	5	114.236159957798
SIPA1L1	-0.166694684547182	0.665319001584406	0.802163195050489	0.926002529332418	NO	0.37405982298107	0.335919071924816	-0.0381407510562538	0.803182102471134	2.00412120886665	7	5	49.3211267451774
GNPTG	-0.0176162601503715	0.0703588066868067	0.80229544964837	0.926002529332418	NO	0.114054800034632	0.112286808221341	-0.00176799181329143	0.802217697579784	766.818085791432	7	5	302.784888437401
ZNF354C	-0.057111360683205	0.228140699170289	0.802329109532016	0.926002529332418	NO	0.225401336033823	0.215586535459295	-0.00981480057452858	0.800193373727589	31.2292340653788	7	5	142.336001421105
RAB27A	-0.0389316525958156	0.15552528670938	0.802337092559435	0.926002529332418	NO	0.148457934841493	0.143603320273486	-0.0048546145680072	0.801306604682036	94.5405487007534	7	5	64.3940692962556
SMAD4	0.0282154264134249	0.112788184736701	0.80246132650081	0.926002529332418	NO	0.136540970159518	0.139901741605173	0.003360771445655	0.808809821157736	264.290600306309	7	5	341.534657985807
KCTD15	-0.0489613633074151	0.196584888794139	0.803314641884328	0.926324096394036	NO	0.241057825369974	0.232214281815236	-0.00884354355473754	0.806365250878746	44.236232814323	7	5	103.37086078598
RB1	0.0341093756920348	0.137148013553128	0.803589099463568	0.926324096394036	NO	0.38627380747522	0.394390692274671	0.00811688479945111	0.80317587095382	77.3567482812563	7	5	400.168036948769
KLHL18	0.0331908961543384	0.133653879296274	0.803875452200964	0.926324096394036	NO	0.36473761790744	0.372462053815399	0.00772443590795852	0.803659489201884	82.7858540078432	7	5	455.60814103058
TMEM242	0.0159801338179137	0.0643500225390059	0.803877974426013	0.926324096394036	NO	0.0974663759508855	0.0988811658802579	0.00141478992937243	0.804331674096212	1048.67273134374	7	5	915.486443183419
ZZZ3	0.0407045314288524	0.164170431914058	0.804180290609092	0.926324096394036	NO	0.221872251412339	0.228979159928655	0.00710690851631604	0.805584898387862	80.3070277424366	7	5	338.816695227311
HELZ	-0.0338040983374864	0.136389203437867	0.804250272787094	0.926324096394036	NO	0.125089499708937	0.121436551166987	-0.00365294854195033	0.805808642441191	159.752817176501	7	5	311.78522664239
CDS1	-0.0341878637209464	0.137972427902839	0.804298710619052	0.926324096394036	NO	0.314191786617175	0.306872354916968	-0.00731943170020705	0.806423436854928	85.1789925348707	7	5	198.877522262255
PAGR1	0.0257077040862284	0.104478031009374	0.805636973740391	0.92760858310546	NO	0.134707440925264	0.137732203984765	0.00302476305950095	0.807227694462477	363.800415522926	7	5	196.700054324112
ITPRIPL2	-0.147502382944849	0.600599500977383	0.80599814674183	0.927616884522932	NO	0.26380647683324	0.236172480868968	-0.0276339959642727	0.803516249063349	3.09279832786337	7	5	62.5320769393357
LYST	0.0460493139413899	0.187594154150859	0.806090153257307	0.927616884522932	NO	0.374761667356418	0.38561238917549	0.010850721819072	0.806721192791614	42.526269937952	7	5	224.781490439303
WDR36	0.0612046410388932	0.250002026356816	0.806598455668603	0.927945125990428	NO	0.367622328660534	0.381962658988295	0.0143403303277613	0.806160074057759	23.1967763279975	7	5	332.766563870816
SCD	0.0660284537691465	0.270717633945927	0.80730705943979	0.928400506475944	NO	0.329930390698853	0.344688077995858	0.0147576872970045	0.807375110688745	19.3390429450093	7	5	1507.82077319372
TWF1	-0.0478042137538635	0.196388218652171	0.807682443795547	0.928400506475944	NO	0.206504222458165	0.198780845392759	-0.00772337706540596	0.807212245966065	50.1750796659351	7	5	297.870044816749
USP37	0.0930292016392155	0.382230339304611	0.807707019890026	0.928400506475944	NO	0.385061193330418	0.407311360563855	0.0222501672334363	0.806877739564358	11.1314786799374	7	5	283.3565463901
FUT8	-0.032333184379888	0.132974720802825	0.807886979193009	0.928400506475944	NO	0.07884307211087	0.0765265615668467	-0.00231651054402333	0.804825720251898	263.29875867891	7	5	220.548682911734
SMG9	0.0346319631410931	0.143025070150058	0.808672374602948	0.929046417660388	NO	0.0532820939421468	0.0550563090075676	0.0017742150654208	0.80632574212996	295.109469380007	7	5	108.900394703712
ATXN7	-0.0532155712525315	0.220755626767314	0.809507842146416	0.929681749752819	NO	0.227298743880964	0.218088116631251	-0.00921062724971322	0.816467739409765	37.6893131301188	7	5	146.081011560932
HIRIP3	-0.0419266010321408	0.174078555320722	0.809672350806361	0.929681749752819	NO	0.231014782271495	0.223650776634782	-0.00736400563671269	0.814183112394359	77.9583254240975	7	5	69.701435902726
ARID4A	-0.0330000357702154	0.137223845763451	0.809955650479814	0.929709229934047	NO	0.239740007123157	0.233777019098269	-0.00596298802488771	0.810999051021263	88.9910759621415	7	5	293.459205407283
FAM167A	0.0282834770950394	0.117729492644422	0.810143259257433	0.929709229934047	NO	0.246479773408705	0.251770375982948	0.00529060257424321	0.812187791302783	112.147352289441	7	5	148.620810502651
LRRC41	0.0153402225209907	0.0642027665405865	0.811156776489823	0.930598497045842	NO	0.0669514289148342	0.0679161057698136	0.000964676854979404	0.81334706426739	1643.74056318179	7	5	392.072290655575
DDX54	-0.0696914418730818	0.292005612443757	0.811365564611843	0.930598497045842	NO	0.0889844344451152	0.0834942966226016	-0.00549013782251358	0.808287549229376	44.7803793935826	7	5	49.7002613303256
NCOA1	0.0193599654086298	0.0812842837360945	0.811744592253245	0.930776599717062	NO	0.244292640735375	0.24788442537304	0.00359178463766491	0.812586804321049	258.431131403265	7	5	452.134500436617
RAE1	-0.0271062014812647	0.113966998956424	0.812003216453287	0.930816583203548	NO	0.183215673609798	0.179194072160314	-0.00402160144948391	0.811400258115428	206.729650614746	7	5	332.984471449913
PGK1	0.0154329162711078	0.0654569862553257	0.813609694766274	0.932237763309152	NO	0.0972137005201895	0.0985765874732991	0.0013628869531096	0.8157560068636	1071.14282055654	7	5	2414.06639661879
FBXO9	-0.0172753714376195	0.0735274106675701	0.814246419039218	0.932237763309152	NO	0.0696451178873989	0.0685340536855856	-0.00111106420181328	0.814617264893069	822.803504555991	7	5	472.858161551591
ATG5	-0.0275946982172654	0.117660583366959	0.814575118696906	0.932237763309152	NO	0.16148572874473	0.157783996922736	-0.00370173182199374	0.812237906471446	220.637648147331	7	5	406.437986653661
PELO	0.029642744388407	0.126525722721656	0.814765782823983	0.932237763309152	NO	0.130776042153416	0.134182677198942	0.00340663504552616	0.81363462447708	233.434597749435	7	5	358.155402095114
PREP	-0.017715412650835	0.0756713450348409	0.814899643649088	0.932237763309152	NO	0.0600556162050392	0.0590633593521252	-0.000992256852913966	0.815935507193084	1187.33786040609	7	5	399.115208264184
KLHL24	-0.0149771679723971	0.0640148012113807	0.815012817479042	0.932237763309152	NO	0.339625403578969	0.336274436033656	-0.00335096754531289	0.814239297380997	367.371044298969	7	5	589.265932412541
BMPR1A	-0.0487664192244499	0.208443530053664	0.81501986500517	0.932237763309152	NO	0.173315030157288	0.166438836377271	-0.00687619378001664	0.815807970974696	50.6558715246669	7	5	197.11925220594
SURF4	-0.0235007172902904	0.100643706911354	0.815369993245205	0.932237763309152	NO	0.277663761665953	0.272975017534654	-0.00468874413129872	0.815235572829622	165.214986757206	7	5	935.714022709469
MAP3K7	-0.0184337959881755	0.0789772441145758	0.815445826649591	0.932237763309152	NO	0.147530595968352	0.14522729430875	-0.00230330165960163	0.815111801404579	421.436075493838	7	5	487.579705032659
C11orf58	-0.0099900883576414	0.0428102623741324	0.815483947279328	0.932237763309152	NO	0.0630850879526543	0.0624971911398881	-0.000587896812766171	0.81637976504565	3282.68402531135	7	5	3788.05849949877
SLC45A4	-0.051355571943639	0.220409876008762	0.815761156217105	0.93229846424812	NO	0.395499631657268	0.38328976809466	-0.0122098635626081	0.814689644496969	31.6503305748978	7	5	78.5113382720662
SLC6A17	0.0305828206397869	0.131642729698324	0.81629194753797	0.932648860686062	NO	0.275587206930286	0.281734437957069	0.00614723102678272	0.815766557138611	91.000681690987	7	5	216.989709126227
MDM4	0.0254337607837216	0.109803807736438	0.816826077955641	0.933002878719239	NO	0.253287243691003	0.25812771470535	0.00484047101434665	0.816523640750965	145.828884991122	7	5	369.281931750661
DIP2B	-0.0457405786246117	0.197816222375975	0.817137956698202	0.933102909652628	NO	0.385231398520114	0.374457179644055	-0.0107742188760596	0.817114027217649	38.9656469003378	7	5	601.137417949384
MRTFB	0.121462494179601	0.528393523888975	0.818191796202007	0.933700530526514	NO	0.361318715627157	0.389792949864337	0.0284742342371798	0.822467666280522	4.27283863644702	7	5	213.573874337271
LIX1	0.0567518388645615	0.247690182938566	0.818772310005781	0.933700530526514	NO	0.396457856054219	0.410113961727597	0.0136561056733785	0.819644832682367	24.642961583069	7	5	391.226416126826
DCAF17	-0.0399338086223618	0.174410371358242	0.818896396022639	0.933700530526514	NO	0.426591043557216	0.416852631972668	-0.00973841158454802	0.819100850802827	47.1547626009718	7	5	317.699974317507
FLYWCH1	-0.0267467385150617	0.116841942078926	0.81893587754031	0.933700530526514	NO	0.105388802958068	0.102893551910057	-0.00249525104801011	0.821073546739024	296.532106148751	7	5	175.830698302501
ZNF611	0.0649951022534999	0.28396096946652	0.818956394966614	0.933700530526514	NO	0.568843061839629	0.584707233841594	0.0158641720019645	0.819642338466561	18.0556393845211	7	5	175.319242851816
SWAP70	0.0524201330679578	0.229087876264117	0.819007989396935	0.933700530526514	NO	0.284997829088504	0.295798952987858	0.0108011238993548	0.819729560557748	30.1879734099632	7	5	128.582465090173
CPD	0.0809932120203515	0.355301830736689	0.819680385840488	0.934029423754076	NO	0.291963096648529	0.308983549909433	0.0170204532609038	0.818741037156954	11.0830706580703	7	5	414.471368680257
TMEM182	0.07206839560623	0.316679397647468	0.81997645655569	0.934029423754076	NO	0.195790083750115	0.207386938191219	0.0115968544411042	0.824440063558344	19.3529182695534	7	5	145.055047412207
MAPKAP1	0.0264590841874871	0.116383898578094	0.820156908682832	0.934029423754076	NO	0.353628855301282	0.359699911466847	0.00607105616556541	0.820040342228863	119.64734376532	7	5	294.993434145877
SLC25A16	0.0349825249435373	0.153908224398408	0.820194587734048	0.934029423754076	NO	0.299011158839716	0.306394779988275	0.00738362114855889	0.822034117925643	72.7725755562673	7	5	175.380701037378
PDCD6IP	-0.026164456934717	0.115779810259743	0.821213378969825	0.934909095736374	NO	0.223733272041186	0.219221982258663	-0.00451128978252241	0.822420862029293	142.998433633561	7	5	432.406136391169
TMEM200A	0.0357317914756029	0.158298984389117	0.821416525220299	0.934909095736374	NO	0.195532351060686	0.201214151015366	0.00568179995467952	0.821282255768074	76.4199338615653	7	5	469.818448265794
WDR1	0.0268919193683168	0.120006677874097	0.822689718371354	0.936102086549462	NO	0.396851549263978	0.403305924328994	0.00645437506501606	0.823273477888424	102.029017694178	7	5	1337.73933980473
MLLT3	0.0342617858199412	0.153233249345132	0.823074499016302	0.936145504911212	NO	0.0727909134852737	0.0751374399583873	0.00234652647311361	0.825610353723269	226.965670168491	7	5	259.412698789242
SDC1	0.0469762812862589	0.210251164626793	0.823201362747712	0.936145504911212	NO	0.214153048517553	0.222164867940445	0.00801181942289203	0.822305221192898	42.175730407681	7	5	127.084561237616
B3GALT6	0.0174753329533317	0.0783049289198369	0.823402981363011	0.936145504911212	NO	0.194715226905733	0.197470006726233	0.00275477982050013	0.823249452154802	390.633271002232	7	5	474.696933675127
ZCCHC14	-0.0364324142276807	0.1639562286713	0.82415183106171	0.93674087902096	NO	0.364088763074675	0.355696119221814	-0.00839264385286043	0.824414145472848	55.2067931041455	7	5	253.150444187609
SPTSSA	-0.0260187284721514	0.117306957353233	0.824469278622137	0.936755434121547	NO	0.164736794408564	0.161187812653719	-0.00354898175484505	0.824319641440548	200.037391714192	7	5	668.829302234675
CCNDBP1	0.00826795507303209	0.0373565276041472	0.824838935226161	0.936755434121547	NO	0.060460914238261	0.060932289000757	0.000471374762496	0.825709553882894	5142.76429670255	7	5	632.541843815055
SENP8	-0.0413636214056363	0.186891731632974	0.824840181535391	0.936755434121547	NO	0.170724768193373	0.164948098716066	-0.00577666947730693	0.828782424940582	77.5950636097595	7	5	116.005607087452
SFXN5	0.0856173902126595	0.3882540215013	0.825466973395213	0.937211410841726	NO	0.443431849701294	0.464652038379744	0.0212201886784506	0.826317778933125	8.68525401054164	7	5	119.964682455508
CCT5	-0.0108091330611204	0.0491702782913178	0.826003066845766	0.937564190471592	NO	0.0569004265790419	0.056323149082964	-0.000577277496077853	0.826645387418271	2760.77565081175	7	5	1305.02875749245
KIAA1143	0.0388432492574476	0.177613486311777	0.82688734645773	0.937851683026088	NO	0.237753124501484	0.244864095568343	0.00711097106685915	0.828268463128237	73.2026775835766	7	5	269.047780865178
SHISAL1	0.0361054020934715	0.165229160014414	0.827026211780472	0.937851683026088	NO	0.576423614327433	0.585213878846127	0.00879026451869391	0.827314589223429	63.1933090419326	7	5	195.686745351018
TMEFF2	-0.0302098662113016	0.138310162999365	0.827100980401797	0.937851683026088	NO	0.0788280560343547	0.0766621141497488	-0.00216594188460589	0.828993045973713	301.068963465878	7	5	286.77249886936
CDHR1	0.0724575852664859	0.331844809462774	0.827158131015076	0.937851683026088	NO	0.134399310683547	0.14305423351085	0.00865492282730243	0.827461047079014	28.2245469808798	7	5	94.4973726143705
MOCS2	-0.0112871315492248	0.0519099107149891	0.827867854692901	0.938372095236887	NO	0.0877835986140707	0.0868839471711359	-0.00089965144293476	0.827457862539888	1966.60148350686	7	5	524.008945386047
ZNF189	-0.059090109506279	0.272430582228156	0.828286517268519	0.938372095236887	NO	0.683595099565771	0.670677956661791	-0.0129171429039797	0.832830805961945	25.9323998066474	7	5	255.739558551094
XKR6	-0.0216506218244795	0.0998238119129282	0.828295357119501	0.938372095236887	NO	0.140154961198068	0.137566081991313	-0.00258887920675563	0.825882071411488	238.85500548115	7	5	406.169162959915
RERE	0.026364741410301	0.121720380346928	0.828519400433915	0.938372095236887	NO	0.482850878499837	0.48943690644715	0.00658602794731272	0.828725003926873	101.68135374539	7	5	544.040348902996
STEEP1	-0.0545399172693743	0.252776757316521	0.829172349514782	0.938746397628377	NO	0.403387503383075	0.390333617969406	-0.0130538854136685	0.829511371642647	22.6186414972931	7	5	141.854974639223
ZNF546	0.0387228152209157	0.179948206286525	0.829620223869302	0.938746397628377	NO	0.102082407575291	0.105686891642314	0.00360448406702385	0.829938313065708	96.2558129791656	7	5	106.204941174865
FLNB	0.0821024753095865	0.381662421500189	0.829675282610777	0.938746397628377	NO	0.433575344620403	0.453837831259416	0.0202624866390133	0.829341010449769	8.93847895797201	7	5	79.3176885374224
RSKR	-0.0747862189536387	0.348704464912799	0.830181515442257	0.938746397628377	NO	0.478982903921098	0.460357339309437	-0.0186255646116607	0.829539635065404	10.9333768654514	7	5	39.5893485869096
IGSF9B	-0.0272796620095672	0.127281463209053	0.830293241460085	0.938746397628377	NO	0.233028775264809	0.228188730074056	-0.00484004519075251	0.8313817777741	106.316544234016	7	5	249.74487953695
KIF21A	0.0159755091229879	0.0745991147726299	0.830428949529073	0.938746397628377	NO	0.434108970832431	0.438037540227145	0.00392856939471348	0.830699442214078	262.541908054909	7	5	1650.1399188372
CFAP298	0.0154477360257376	0.0721609161810515	0.830489782460507	0.938746397628377	NO	0.0550509858089656	0.0558601283405091	0.000809142531543419	0.833087415337523	1430.43685213992	7	5	267.602992764573
ZNF426	0.0236518560987434	0.110594335642023	0.830655165786071	0.938746397628377	NO	0.203182294625123	0.207038403624859	0.00385610899973529	0.830164761762975	213.40553712252	7	5	221.853728525683
SRGAP2C	0.0456575255005069	0.214066535247913	0.831103417375334	0.938997886007982	NO	0.227470418053924	0.235593369715062	0.00812295166113855	0.831202459566208	40.3616570826229	7	5	126.700262872341
NCKAP5	-0.135842951229946	0.639630335325691	0.831812708927696	0.939544086108938	NO	0.41355190021191	0.381038158203144	-0.0325137420087666	0.830683620757525	2.98401716086369	6	5	33.6734576938518
INSR	0.0384419596742525	0.18231152942437	0.832997585281343	0.940627023553309	NO	0.545786095996738	0.555298083996421	0.00951198799968256	0.833411900741534	43.4018551875479	7	5	589.204115184483
POGZ	0.0196784325129091	0.0935540383315608	0.833400014892044	0.940633534480938	NO	0.246370975051901	0.250042923506361	0.00367194845445984	0.833891864875967	190.840348790023	7	5	494.209808795001
ICMT	0.0277487952589534	0.131966346516948	0.833455578869408	0.940633534480938	NO	0.11764074546023	0.120551808887826	0.00291106342759649	0.832929905603392	145.88609740915	7	5	453.588148285521
ATP2B4	0.0304881541629363	0.145203829773639	0.833692667772138	0.940645917529724	NO	0.376937050668241	0.384123769295739	0.00718671862749781	0.833342314441002	74.3044579180232	7	5	1045.74355793277
KLF11	0.0370879677857863	0.177159759049223	0.834176906884779	0.94093707501103	NO	0.348737963398797	0.357207920701535	0.00846995730273747	0.833374889881954	46.4772453864105	7	5	153.997612847417
UBE2G2	-0.0209466541589103	0.100650634348711	0.835141134866743	0.941427727607166	NO	0.301712764939567	0.297318092092284	-0.00439467284728284	0.834763581539461	159.831318687571	7	5	629.155423959806
CSMD3	-0.106174685260026	0.510341471792291	0.835192769637594	0.941427727607166	NO	0.57115682792663	0.544977553213033	-0.026179274713597	0.834975231114229	4.72409312266898	7	5	67.05472615878
SMC1A	0.0224249044221666	0.107853104639338	0.835290803509147	0.941427727607166	NO	0.255665747478107	0.259956554384673	0.0042908069065653	0.834234808094893	139.297175216702	7	5	321.186382507192
PISD	-0.0300389188193049	0.144706774843591	0.835553217366857	0.941468413934486	NO	0.298981607655378	0.292723958984776	-0.00625764867060175	0.835511067106595	78.024480960047	7	5	364.120555770811
DSEL	0.0175766356154542	0.0849623266378634	0.836106982207877	0.941768239941447	NO	0.0734125657582364	0.0746171852622117	0.00120461950397534	0.835890518238118	639.686649925174	7	5	194.798694898201
FAM185A	0.038518819737372	0.186717247251888	0.836560545807905	0.941768239941447	NO	0.193431037468702	0.199511621119679	0.00608058365097663	0.837199521290149	64.820475448638	7	5	97.025759091191
APPBP2	-0.0174684820747822	0.0847535390727179	0.836705631490588	0.941768239941447	NO	0.253470646967001	0.250179460689203	-0.00329118627779756	0.835997413328815	266.357180799043	7	5	835.834236213819
UBFD1	0.022482464234012	0.10909339470536	0.836724859332593	0.941768239941447	NO	0.395194035357766	0.400580161943326	0.0053861265855602	0.836926381841143	125.477270912734	7	5	1351.22386746964
ZNF22	0.0156091693613911	0.0760874647419376	0.837456719691749	0.942282023787012	NO	0.201802897088201	0.204328904775841	0.00252600768764022	0.840061344584256	389.673991778495	7	5	757.447501198423
GFOD1	0.0168726228115355	0.0823374688281983	0.837634356722205	0.942282023787012	NO	0.188907157402547	0.191505981094883	0.00259882369233624	0.837813393068938	279.42670533674	7	5	666.906476927036
POLR2D	-0.0225281573724109	0.110118684842194	0.837899737453366	0.942325738795892	NO	0.151604505078445	0.148729606261144	-0.00287489881730121	0.837843420737889	191.613748808391	7	5	470.977517041201
GPATCH11	-0.038860543563401	0.190618133267151	0.838458267587694	0.942699025179677	NO	0.399608183492166	0.390322100437748	-0.00928608305441792	0.838840833943813	40.3865738528161	7	5	361.571507900558
KCTD9	-0.128997560157561	0.63549060493864	0.839143681924649	0.943153446607812	NO	0.404543063339249	0.373889063090527	-0.0306540002487222	0.83901255481076	2.38168094442851	7	5	87.4826280630928
ZNF432	0.0502144409408858	0.247988093034969	0.839535781024817	0.943153446607812	NO	0.132778317476818	0.138667785089943	0.00588946761312453	0.842657703985506	35.5406781668158	7	5	135.627112629513
LRRC7	0.0689745602208259	0.34065113893551	0.839542599228059	0.943153446607812	NO	0.447438063325234	0.464546386371551	0.0171083230463164	0.840008758298836	11.7629170371616	7	5	343.627872441793
SH2B3	0.0932168344129421	0.462388990261859	0.840230774282356	0.943659050572542	NO	0.445342246449931	0.468469060152436	0.023126813702505	0.843537274081651	6.60261933200456	7	5	108.410424209562
SWSAP1	0.0575897788372624	0.286057215802244	0.84044634191617	0.943659050572542	NO	0.0817456830126112	0.0861740053016244	0.00442832228901317	0.843076415473254	53.7219465634811	7	5	47.081218292401
VAMP4	-0.0154206166129708	0.0771961944916054	0.841669250635366	0.944715001973811	NO	0.325439375744888	0.322063264374567	-0.00337611137032096	0.841605054809894	271.148966742851	7	5	563.682082924243
CALN1	0.0542267259558997	0.271759774506039	0.84184098853772	0.944715001973811	NO	0.334003257615773	0.34617228327695	0.0121690256611774	0.841656300760485	19.4440661078326	7	5	243.682032759727
GSPT1	-0.0203672432528615	0.102311853245666	0.842207815076713	0.944871766644857	NO	0.188522557387446	0.185426488092175	-0.00309606929527129	0.845424967641781	222.393898063575	7	5	1162.13930925711
ORAI2	-0.0193194619176893	0.0973275665673406	0.842654367399823	0.945117866913794	NO	0.0608635727298968	0.0597686113534081	-0.00109496137648866	0.842742302330503	547.894132627427	7	5	1067.48212352138
RNF141	0.0368784746684824	0.186108384567365	0.842923089010669	0.945164434038917	NO	0.26372647808684	0.270949467620433	0.00722298953359229	0.842438398643184	47.4158323248419	7	5	526.90784741681
PACS2	0.0231025011974021	0.11688981742929	0.8433240745359	0.945359242810386	NO	0.362161355366552	0.367514854550348	0.0053534991837963	0.843998015743937	108.692414380694	7	5	575.718264945118
NFE2L1	0.0353021285908935	0.179454600858587	0.84404744528497	0.94591524040557	NO	0.214972706371704	0.220990197383277	0.00601749101157323	0.844164539433505	48.4952244455562	7	5	1014.52105809129
CACUL1	-0.0395083358401871	0.202040014349819	0.844964680649873	0.946688142069344	NO	0.306940102012614	0.298600274264268	-0.00833982774834591	0.844969471763166	45.3744849961188	7	5	696.139569077713
DENND5A	0.0383438947162054	0.199342779800416	0.847466833141754	0.949024444192165	NO	0.280397342843954	0.288198906277167	0.00780156343321248	0.849037988024396	38.1882062782801	7	5	329.914067640282
CHMP2B	-0.0113779300833449	0.0591672048081418	0.847506204368724	0.949024444192165	NO	0.30693025996174	0.304515231532467	-0.00241502842927294	0.84729658037111	548.800283655525	7	5	517.037093408142
MCTS1	-0.00949170264143735	0.0495176179850891	0.8479902529956	0.949150541211217	NO	0.0640888619329444	0.0635218857064273	-0.000566976226517135	0.849002136158282	2680.67210852801	7	5	547.781270285987
SMAD2	0.00740737259608251	0.0386656557375408	0.848075135019735	0.949150541211217	NO	0.0801713470455665	0.0807192971301915	0.000547950084624993	0.848004295597237	3260.15106649871	7	5	1127.49339298429
ALDH1L2	-0.0693441069439995	0.363185604108602	0.848578107075945	0.949397004823508	NO	0.423590698922613	0.40675547715135	-0.0168352217712632	0.848857201353821	16.2351763953193	7	5	178.186960423024
ENGASE	0.0924906396515352	0.487627280046182	0.849563916234949	0.949397004823508	NO	0.348112905734057	0.369385513187072	0.0212726074530146	0.849665441376308	5.1083075172987	7	5	75.0941419284413
DDAH1	-0.0190605777571995	0.100693164355693	0.84986266300187	0.949397004823508	NO	0.370175333718108	0.365742547997801	-0.00443278572030725	0.849789911356358	145.449441279012	7	5	2207.9527926693
PPP1R8	-0.0245497825836723	0.12997156607015	0.850182327123453	0.949397004823508	NO	0.312503819935253	0.307253846667212	-0.0052499732680415	0.850465612904188	97.582806265495	7	5	321.693673892184
TRAF3IP1	0.0273675859542512	0.145056756885175	0.850352937527632	0.949397004823508	NO	0.410893433075927	0.417533810449683	0.00664037737375606	0.850631659336077	69.3884489012828	7	5	161.26469853972
ERI1	0.0460517550874756	0.244689607089476	0.850716121010317	0.949397004823508	NO	0.238437967100536	0.246900730719001	0.00846276361846518	0.85046762706998	41.4177999391329	7	5	152.478913068132
RSRC1	-0.028438286418469	0.151241700322394	0.850851529789868	0.949397004823508	NO	0.293709162432649	0.287844607958815	-0.00586455447383416	0.851827617149533	76.783978794309	7	5	218.156562281699
EIF3M	0.0247226077800602	0.13152154146142	0.850897166680312	0.949397004823508	NO	0.177639429880511	0.181279826041115	0.0036403961606048	0.853681002008437	180.055442331197	7	5	607.097933009303
ZMIZ1	-0.0226486291905147	0.12064663448674	0.851090673757423	0.949397004823508	NO	0.398293627486808	0.392878457204056	-0.00541517028275246	0.85148793752841	114.041536427751	7	5	1170.47276651936
WDFY2	-0.025260172771062	0.135050370122946	0.851627229933117	0.949397004823508	NO	0.27104975377287	0.26608776438106	-0.00496198939180964	0.852671902480414	88.6994087000323	7	5	203.386446351615
SLC25A27	-0.0297297092548374	0.158966830275607	0.851646270454842	0.949397004823508	NO	0.317775255163321	0.311365226720426	-0.00641002844289457	0.851395309069834	62.1935085357941	7	5	374.726647959418
ANKRD12	-0.0168735738229374	0.0902943968684617	0.851760304683237	0.949397004823508	NO	0.0498731378140854	0.049079615710885	-0.000793522103200321	0.85270857861554	816.563804444728	7	5	571.65595555879
SGPP1	-0.0318970915795274	0.170757086242037	0.851818971997839	0.949397004823508	NO	0.220425371543378	0.214993141372206	-0.00543223017117209	0.851376779001421	58.6530764405495	7	5	406.080686470819
MTDH	0.0260330616597257	0.139387409982416	0.85184279717681	0.949397004823508	NO	0.438173461810922	0.444592183953483	0.00641872214256078	0.851926483041096	74.1230196162296	7	5	466.955653648197
CCNG2	-0.0219799521861679	0.117763566818429	0.851939173152243	0.949397004823508	NO	0.109055391592743	0.106938048052559	-0.00211734354018402	0.854477695683385	299.312843727059	7	5	378.525828143145
TGFB2	-0.113625324832762	0.609457849130963	0.852102295627443	0.949397004823508	NO	0.499794367256989	0.471419225886288	-0.0283751413707013	0.852703189941853	2.71792029617056	7	5	36.3553430465592
EPB41L4B	0.0180876323890399	0.097065879180067	0.852175100002639	0.949397004823508	NO	0.325710932858382	0.329695852477389	0.00398491961900715	0.851236152143118	164.342542906218	7	5	232.170572678831
CEP85L	0.0621910437162988	0.335112738367586	0.852772215698853	0.949471222126176	NO	0.356407985401262	0.37079731105232	0.014389325651059	0.852678731893536	16.5670574969891	7	5	148.523566679797
MARCHF6	-0.0134569545698002	0.0725891585178693	0.852926927794457	0.949471222126176	NO	0.102573605643774	0.101341470783109	-0.00123213486066449	0.854605924815404	970.364832444989	7	5	5517.97769627437
PHC3	-0.0307992828077719	0.166195352642528	0.852978240492724	0.949471222126176	NO	0.571891022435363	0.564334247456032	-0.00755677497933105	0.853516956312929	61.423105672381	7	5	239.77524798892
SLC2A13	-0.0197170953807718	0.106976985413994	0.853769043403775	0.949471222126176	NO	0.400778916971832	0.396053152802618	-0.004725764169214	0.853805731244834	129.839564921626	7	5	1179.11327176866
RBM39	0.0159917947422068	0.0868048859062006	0.85383546013347	0.949471222126176	NO	0.267498868590387	0.270643979249966	0.00314511065957901	0.853035029684958	242.425316744452	7	5	1052.65768221717
HMGCLL1	-0.0262080831672072	0.14246824322976	0.854046898845527	0.949471222126176	NO	0.34786408106169	0.341942604200237	-0.00592147686145356	0.854619417733271	76.9243558380126	7	5	300.308673511776
USP54	0.104168305369567	0.568034522360728	0.854496919023284	0.949471222126176	NO	0.348930017389304	0.372951044760832	0.0240210273715285	0.856257049962631	3.41387651015648	7	5	42.3493514047454
SMYD4	-0.0809424880456499	0.442089478046128	0.854726824276464	0.949471222126176	NO	0.360983355142198	0.342529718447212	-0.0184536366949851	0.859627098106597	7.00432606907212	7	5	42.6807742177126
RAB29	0.0238051361530748	0.130195396217071	0.854922297080372	0.949471222126176	NO	0.201178089146157	0.205030929859504	0.00385284071334666	0.855180878825729	123.285949463949	7	5	263.169874133188
TATDN3	0.0117895214441891	0.0645151592655858	0.855001770394709	0.949471222126176	NO	0.252584647376343	0.254816824969589	0.00223217759324629	0.854795102466517	456.632706245073	7	5	484.726645282398
SIRT1	-0.0324621327277484	0.177781394828026	0.855115194558249	0.949471222126176	NO	0.288213789459897	0.281600341689593	-0.00661344777030415	0.854678766740589	48.5309508611311	7	5	252.032106773811
PEX19	-0.0264688148720011	0.144979171986086	0.855135601413778	0.949471222126176	NO	0.204247854259285	0.199979522675996	-0.00426833158328838	0.855661233450704	112.985016960918	7	5	588.533059520865
MKKS	-0.00957301649518127	0.0524616474636771	0.855208814737207	0.949471222126176	NO	0.0545052343486917	0.0540139933168257	-0.000491241031865992	0.854314394435395	2715.51010856087	7	5	293.507771303642
ZBTB8B	0.031655324332372	0.173995339631149	0.855636072235819	0.949692118596853	NO	0.166280940973296	0.170715848876282	0.0044349079029864	0.855742678470858	60.7407341739154	7	5	94.4531073662336
ARNTL2	-0.0360819725392575	0.198769630420504	0.855954266668133	0.949791877657891	NO	0.257957049831485	0.251110943898222	-0.00684610593326346	0.854733220074886	43.5591053078919	7	5	150.395743967999
PLPPR5	0.0271155600110489	0.149842285547837	0.856398449047558	0.950031346143424	NO	0.286100250735504	0.291670485872702	0.00557023513719734	0.857143228637945	77.5082028312904	7	5	375.56307348435
SKI	-0.0425754439211015	0.236053075212095	0.85686692417873	0.950104962323419	NO	0.289993954282524	0.281306763743113	-0.00868719053941114	0.857356776324151	26.6474163079161	7	5	65.3970831169336
FOXP2	0.069592820420103	0.385995842799084	0.856921591018622	0.950104962323419	NO	0.117204047895589	0.124598632714921	0.00739458481933224	0.879819272512426	15.7333740449776	7	5	46.579030777008
GPLD1	0.0293072638890646	0.162867817544377	0.857195677168584	0.950155613381644	NO	0.516869603908732	0.524183939768744	0.00731433586001129	0.857315150411114	56.0262400338244	7	5	318.647261680606
SRCIN1	0.01129950998932	0.0632186931192382	0.858144333956107	0.950830029870538	NO	0.155620688076809	0.157111260771607	0.00149057269479791	0.858779497065188	519.207098421622	7	5	756.325288234046
UBOX5	0.053391458886487	0.299245436485226	0.858392912353507	0.950830029870538	NO	0.187204245120857	0.195464210741501	0.0082599656206436	0.858719413635131	25.7772982009722	7	5	34.8689088548952
BRI3BP	-0.0357683369056824	0.200742970297347	0.858581794235877	0.950830029870538	NO	0.391815959350324	0.383326256655219	-0.00848970269510452	0.858530720236588	39.4872746135072	7	5	249.452916401697
HARBI1	-0.0387079294721287	0.217453114573149	0.85871837072683	0.950830029870538	NO	0.117682751053179	0.113722668980161	-0.0039600820730171	0.857608116892736	68.0665081522659	7	5	87.9557648941159
IKZF4	0.0339227050071821	0.191874103710251	0.859668094932736	0.951628332868595	NO	0.274544281579006	0.281352070811826	0.00680778923282088	0.85920244177711	40.7129842488222	7	5	260.026111789829
PMEPA1	-0.0222871856764021	0.126663189539294	0.860328277374056	0.95191148949494	NO	0.269038756934049	0.264678453041204	-0.00436030389284436	0.861221062632153	144.263688952082	7	5	347.149808071105
TBC1D32	-0.0463717657003258	0.263642962252978	0.860381538581965	0.95191148949494	NO	0.358652975575457	0.348057839257367	-0.01059513631809	0.85905732684175	20.4251337796645	7	5	74.7262126455735
VEZT	-0.0120915094086698	0.0688875522898544	0.860666879986375	0.951974001792959	NO	0.1310968033907	0.129725587483397	-0.00137121590730327	0.861555575786319	724.137820519447	7	5	1106.76472084572
PEAK1	-0.0271150044907331	0.155222473224188	0.86132732310646	0.952451266380349	NO	0.0566312404066508	0.0551999392467381	-0.00143130115991274	0.868117106436863	274.138792359082	7	5	276.986480423116
COL5A1	-0.119396378374108	0.688435056867303	0.862312205399512	0.952465190968992	NO	0.414204951055503	0.385562132655867	-0.0286428183996356	0.863979277499727	2.89822536109269	6	4	17.0836662700478
TMEM39A	0.0259342698378191	0.1497943718276	0.862547301638658	0.952465190968992	NO	0.141658281797399	0.144841061359337	0.00318277956193813	0.861078313941923	108.305635369472	7	5	48.1889467601446
COBL	-0.120236100612414	0.69545619508519	0.862739385159218	0.952465190968992	NO	0.652038203886848	0.624284588227285	-0.0277536156595626	0.8704872205716	2.1839280740086	7	4	11.4393713017653
DHFR2	0.0477934074788413	0.276558670460932	0.862797071134731	0.952465190968992	NO	0.278359386374517	0.288060828436207	0.00970144206169021	0.864710559049812	19.4193979991766	7	5	86.167789460696
MGAT2	-0.0117722612624748	0.068127632239175	0.862810870679143	0.952465190968992	NO	0.0935290255350442	0.092535721880372	-0.000993303654672262	0.863827420360812	701.521987817449	7	5	502.601093652311
MON2	-0.0251472158278922	0.145669472537506	0.862940678566685	0.952465190968992	NO	0.0938647944575106	0.0917476525618328	-0.00211714189567774	0.864609615371905	186.018083128116	7	5	260.857201148957
PCMTD1	0.0288543641313929	0.167146144821822	0.862942621337051	0.952465190968992	NO	0.269160474892125	0.274874167637031	0.00571369274490563	0.863280130607682	64.7019032073634	7	5	638.546196643873
NRIP3	0.0185735124580938	0.107930061559813	0.863368025968575	0.952681959689462	NO	0.392286442877602	0.396723075661858	0.00443663278425621	0.863120158808276	127.371004431072	7	5	832.931533721725
USP44	0.0997816180600386	0.58225903011386	0.863932993488224	0.953052573033946	NO	0.329580693521103	0.351990650960871	0.0224099574397675	0.863836961957161	3.24605584087902	7	5	27.8873771374958
PLEKHG2	-0.0341500306865627	0.200574875264462	0.864805069667458	0.953761688710665	NO	0.074692527911583	0.0723663105780761	-0.00232621733350688	0.87178335808948	109.978924335963	7	5	81.6545663869791
NRG2	-0.0637167916749511	0.375655068012874	0.865312805197131	0.954068717100468	NO	0.189234262204456	0.179651524891799	-0.00958273731265746	0.868158805944502	12.8714011308473	7	5	34.8376282203653
TRAM2	0.0958472555134416	0.567976869836207	0.865991683636416	0.954564229975488	NO	0.290420697294667	0.310561734105841	0.0201410368111746	0.866664872477589	3.48685063676942	7	5	38.3030560492781
PLPBP	0.0158421326080408	0.0943912211395885	0.866713236977142	0.955080858973433	NO	0.233763766467357	0.236613341016078	0.00284957454872153	0.867249972751301	199.526722939436	7	5	526.977518827636
KDELR2	-0.0103074698035313	0.061678054799351	0.867277756348955	0.955080858973433	NO	0.309630732379962	0.307431746730844	-0.00219898564911841	0.867529841709389	446.480722376839	7	5	1379.44611296023
POLR1G	-0.0140761170921977	0.0842413211475302	0.867297041732194	0.955080858973433	NO	0.0794268627562722	0.0784037158622815	-0.00102314689399066	0.865868553814964	660.49478287559	7	5	189.787021240256
BRD7	0.0536074111394463	0.321023651840445	0.867378722404238	0.955080858973433	NO	0.477125813769704	0.490512827375346	0.0133870136056419	0.867844090058668	14.1911196099707	7	5	215.813810161781
RAB11FIP1	0.0825082499766773	0.495718497100439	0.86780932704111	0.955302143554119	NO	0.465773059815343	0.486349902428605	0.0205768426132618	0.869106402200392	5.62020390330396	7	5	75.3808348637409
C2orf72	-0.0435853617378906	0.262816712257505	0.868283351082947	0.955340997069412	NO	0.121165054437359	0.116600006286565	-0.00456504815079363	0.873800833498497	41.3204456567537	7	5	86.5521320213604
OGFOD1	0.0182308406135021	0.110188670618988	0.86858890833502	0.955340997069412	NO	0.0484195293964169	0.0492664659198201	0.000846936523403209	0.867512017492668	538.698397334816	7	5	427.820565449217
BCL2	0.112876512168559	0.682443115476333	0.868628668297551	0.955340997069412	NO	0.476344806817984	0.504546136914512	0.0282013300965281	0.872119271417697	1.79140701238839	7	5	39.5224293491562
PTAR1	-0.0602145211281215	0.364776604680634	0.8688870580088	0.955340997069412	NO	0.246765139308212	0.235744319270871	-0.0110208200373409	0.869409454739668	11.1182334108584	7	5	279.116735739864
MAFB	0.0305763361388104	0.185786349070505	0.869276189274495	0.955340997069412	NO	0.219634749960897	0.2249202898051	0.00528553984420332	0.869991409809288	53.9623837038619	7	5	161.776998280549
CDC42	0.00898403907069678	0.0547399141134491	0.869634889064292	0.955340997069412	NO	0.102930719346815	0.103763233673012	0.000832514326196632	0.870104424064308	1583.22435189933	7	5	3828.43534892853
ADAM22	0.025403636153064	0.154797966213083	0.869645862140033	0.955340997069412	NO	0.359494114668243	0.365364144136421	0.00587002946817755	0.870800219299251	60.924555596936	7	5	480.047231866541
TRIM66	-0.0774435128095162	0.472180136437771	0.869721189816705	0.955340997069412	NO	0.32006155424573	0.303447944290869	-0.0166136099548607	0.866854869874457	6.58513489201244	7	5	33.402507492049
MRPL17	-0.0240505257309718	0.14686867435759	0.869923771793482	0.955340997069412	NO	0.120061087102102	0.117543362746066	-0.00251772435603589	0.874579811815607	187.10752201251	7	5	317.379026019672
SETDB2	-0.0203689618253613	0.12459662423361	0.870141114878847	0.955340997069412	NO	0.327554536073298	0.323083874283336	-0.00447066178996186	0.870885547438193	136.327026297529	7	5	91.6960134263965
MYEF2	-0.00892004158481871	0.0550191626421194	0.871206562990842	0.956001910443374	NO	0.216752171735945	0.215241636826092	-0.00151053490985259	0.87197425292425	782.647446795374	7	5	827.723883246243
LRP11	0.0259835366325298	0.160431740703488	0.871337294844314	0.956001910443374	NO	0.345974198829158	0.351876942410723	0.00590274358156512	0.871266464895998	56.8897672196959	7	5	452.534044512575
EIF3E	-0.0134854728502861	0.0833263869276728	0.871432510673384	0.956001910443374	NO	0.0576449403608544	0.0569167375213942	-0.000728202839460172	0.873900047879486	1089.31555633934	7	5	233.651598527951
IL17RD	0.0715738861198779	0.444112615799019	0.871966148630507	0.95620482260531	NO	0.319683251544802	0.335446268802118	0.0157630172573164	0.871788151387156	7.11073199547486	7	5	175.134528731623
SAR1A	0.00846139211670717	0.0525568379618447	0.872097278914631	0.95620482260531	NO	0.053522931893967	0.0539531939064232	0.000430262012456155	0.872274235889961	2234.48198519788	7	5	1125.06972557013
CNOT11	0.0128587600916636	0.0800375116137952	0.872361850135978	0.95620482260531	NO	0.246798572983437	0.249196650270816	0.00239807728737845	0.873083666779575	274.583952058379	7	5	383.197288725636
PPP1R15B	-0.0265639619839595	0.1656216362492	0.872574305243151	0.95620482260531	NO	0.306635690591035	0.301017110506485	-0.00561858008455046	0.873205228775008	55.7847580085389	7	5	363.74272999152
CHRM3	-0.00736735836521514	0.0460459968336296	0.872881093517346	0.95620482260531	NO	0.0656798194748571	0.0652291583633732	-0.000450661111483924	0.872889454834984	2117.75637699809	7	5	614.541554035424
TMEM41A	0.0363102309061525	0.227147168957513	0.872996614484368	0.95620482260531	NO	0.160711288414907	0.165669465746476	0.00495817733156886	0.872446224464687	52.3653744966498	7	5	203.409414238325
GFRA2	-0.0145570794262922	0.0918945939628561	0.874133247416714	0.957197765004878	NO	0.184952324509361	0.182767974504647	-0.00218435000471412	0.874603430864052	308.239704307086	7	5	441.604385362773
HECA	0.0236182648070864	0.149602245781978	0.874556297547357	0.957325012742321	NO	0.511552671330512	0.517452201390139	0.0058995300596274	0.87485547397392	75.0953985057179	7	5	356.276032042866
NDRG3	-0.0115670791675073	0.0733583741792794	0.874709705152299	0.957325012742321	NO	0.318222897750544	0.315718631439021	-0.00250426631152334	0.875012091029075	331.208442618697	7	5	921.348019487477
RNASEH1	0.0197581910430691	0.125599248145392	0.874999452042666	0.957390247369146	NO	0.13963563920857	0.142026283395594	0.00239064418702345	0.874061519268486	172.151974861574	7	5	422.417587886164
PRXL2C	-0.069504917625126	0.444667451327244	0.875790538546968	0.957932944567899	NO	0.295750409347346	0.281482080667757	-0.014268328679589	0.875199339210516	9.34733448939997	7	5	75.5392264732807
GOLGA8A	-0.0287204232076696	0.184222014089691	0.876110941581519	0.957932944567899	NO	0.535018556202485	0.527866969125216	-0.00715158707726882	0.876304192732477	44.338674324157	7	5	625.574511303396
RPF1	0.0300389887491649	0.192834034917431	0.876209285874427	0.957932944567899	NO	0.335236448631796	0.341963515195497	0.00672706656370009	0.875993835206818	41.7373298985871	7	5	627.236368985101
FAM210B	-0.0256388742885874	0.164865938841624	0.87641653534265	0.957932944567899	NO	0.285500080441847	0.280298900990709	-0.00520117945113779	0.876632984274456	57.1328334288247	7	5	166.984518819023
TEAD1	0.0610660464744688	0.394557596208412	0.877001908778208	0.958033453748841	NO	0.32010931139994	0.333543083960677	0.0134337725607377	0.876611683691368	8.76469122848277	7	5	78.3322826885326
ECD	-0.0171326618001308	0.110954913322551	0.877285661893878	0.958033453748841	NO	0.138198517626803	0.136170642597494	-0.0020278750293086	0.876875920704059	231.978345295187	7	5	215.204901350934
NEO1	0.0396094827986901	0.256739981945243	0.877390076711506	0.958033453748841	NO	0.516181158579773	0.526065530893837	0.00988437231406369	0.877951940576021	22.4827240700823	7	5	318.773619455836
EIF5	0.00916171761659906	0.0594035838159975	0.877429677592087	0.958033453748841	NO	0.217778871664155	0.219343616478892	0.00156474481473728	0.877422117654439	599.463869178923	7	5	2232.77284594357
C14orf119	0.00338417969989857	0.0219958331213936	0.877723679359164	0.958102992950439	NO	0.0505210920433072	0.0506836739333006	0.000162581889993442	0.877736808255218	16470.1155823815	7	5	872.732223688831
PPP1R3D	-0.0505316699417845	0.329192977416632	0.878002677863366	0.958152061528344	NO	0.335587620165302	0.324415838644769	-0.0111717815205337	0.878194309925022	12.8737626855945	7	5	146.549049530364
FANCF	-0.0157413855273554	0.102764091834874	0.878256467802611	0.958152061528344	NO	0.176994427982669	0.174713068082131	-0.00228135990053757	0.878351968258568	206.815763025587	7	5	290.888330270737
TMED5	0.0151922193528783	0.0993460500759145	0.878459606410842	0.958152061528344	NO	0.265488046234542	0.268461127139962	0.00297308090541987	0.879370603191176	186.670690898098	7	5	438.466152392253
DOCK5	-0.0271682596260443	0.178075096465692	0.878740297928651	0.958192223350347	NO	0.458171791900956	0.451435330218079	-0.00673646168287689	0.878838699424528	45.0046651970232	7	5	118.883865224811
MIGA1	0.0616636616916999	0.405695624811298	0.879190966354669	0.958192223350347	NO	0.222114594887563	0.232951078266363	0.0108364833788	0.878736867372601	9.37012623604376	7	5	469.971188136374
FARP1	0.0248864429616558	0.16400306489239	0.879389035328927	0.958192223350347	NO	0.417371326758542	0.423435181718092	0.00606385495954964	0.879329560168995	56.4058665914293	7	5	1862.93658017542
SYT6	0.0212595272234242	0.140135124735977	0.879417766526833	0.958192223350347	NO	0.268818654227322	0.273017804395024	0.00419915016770228	0.8805902903569	89.2398804647669	7	5	402.4444678647
E2F6	-0.0306524255724345	0.20321408428112	0.88010343372508	0.958292254436075	NO	0.0868090459612224	0.0844097052516366	-0.00239934070958588	0.880911882797586	75.3678530013504	7	5	93.0329437117984
B4GALT5	-0.0372003897784288	0.247037914954221	0.880302502806597	0.958292254436075	NO	0.659372061460848	0.650967977444679	-0.00840408401616888	0.879635540888858	31.76988310682	7	5	1229.5710645055
FIP1L1	0.0172925164637934	0.114907786107165	0.880377739491423	0.958292254436075	NO	0.217273138390794	0.220228373903737	0.00295523551294305	0.881193057853263	198.821917927292	7	5	285.115210345367
MAPK13	0.0285452269132621	0.190031301056873	0.880596341048808	0.958292254436075	NO	0.105943625226305	0.108677988568329	0.00273436334202393	0.88066609816052	78.9999324770139	7	5	86.5231750494533
TMEM38A	-0.00989949043208412	0.0659390744757974	0.880661367478152	0.958292254436075	NO	0.148110775835003	0.146866063936341	-0.0012447118986619	0.880543062298824	539.509985203342	7	5	364.935330501448
ZNF445	0.0204151334818091	0.136315815064426	0.880951207797928	0.958356962457997	NO	0.089071898817798	0.0907422990979861	0.00167040028018813	0.880927281831669	168.599231215106	7	5	492.377016414912
ZDHHC9	0.0222607768863464	0.149824449134721	0.881885791653992	0.959122847916498	NO	0.126428766741981	0.128907861608658	0.00247909486667783	0.883819720073184	114.21281329818	7	5	681.128723466753
PDK1	-0.0303388881326429	0.204632230456726	0.882137143530676	0.959145456635549	NO	0.214119588446268	0.209058674204165	-0.0050609142421025	0.881491306360145	40.1044157292393	7	5	259.767083406164
IGF2	0.0441939061998756	0.299403661448965	0.882653378693492	0.959365474475765	NO	0.577101450089778	0.587848840078393	0.0107473899886145	0.883200232122304	15.7731813614975	7	5	97.2722614879203
SOX11	0.010034802464319	0.0680696007450894	0.88280072987818	0.959365474475765	NO	0.171876470614318	0.173309480096514	0.00143300948219616	0.882059005824923	494.171749358182	7	5	3505.60926748556
MBOAT2	-0.0155435548872488	0.105837353825004	0.883240428433769	0.959592630526111	NO	0.19788869573364	0.195433067328437	-0.00245562840520286	0.883221344419035	176.300099475076	7	5	892.161127192517
C1orf50	0.0101822897931323	0.0696696693760893	0.883802209730555	0.959808985236269	NO	0.0806302308968274	0.0813882641862976	0.000758033289470286	0.884476666000799	1189.23585547865	7	5	341.908418729636
SGCB	0.0104450984093725	0.0715291259583829	0.883901015009651	0.959808985236269	NO	0.260448659108682	0.262465571613593	0.00201691250491043	0.884769364029378	375.115333134099	7	5	1972.86918434969
FRAT2	0.0397609242936764	0.273286631818179	0.884322704163121	0.959901231250961	NO	0.432441316638781	0.442225064009311	0.00978374737053006	0.884531270610039	18.9966051116006	7	5	122.268700249121
TXNL1	-0.0139137954312582	0.0957641895386447	0.884480126281937	0.959901231250961	NO	0.297854068806238	0.294952387189601	-0.00290168161663745	0.885265764039891	215.293505855244	7	5	1212.81184380542
OSBPL9	0.0155198036368809	0.107204976440029	0.884894390000772	0.959901231250961	NO	0.0648209697979691	0.065768146176076	0.000947176378106887	0.882800335572873	531.474583931252	7	5	488.73258658234
PSMG1	-0.0164875571556112	0.114025037093857	0.885029904801442	0.959901231250961	NO	0.0793383920112638	0.078142400106161	-0.00119599190510279	0.887502618668568	423.407505571915	7	5	174.796274147668
DPF1	-0.0146382986818792	0.101333334030519	0.885139693047761	0.959901231250961	NO	0.255602413396387	0.252827165133171	-0.00277524826321573	0.885699242422242	169.348646513544	7	5	271.209422408544
RAD51D	0.0141478503793203	0.09816095230152	0.885398520764401	0.959931677451109	NO	0.104492669633457	0.105823967073694	0.00133129744023744	0.886281172920122	491.405514192266	7	5	170.736902519041
CDKL5	-0.0257973527946861	0.179722446112262	0.885863754163132	0.960091001463531	NO	0.221557030893642	0.217139748737196	-0.00441728215644605	0.886630739086942	54.3954126285816	7	5	312.693128959318
MED13	0.0163315037308064	0.113920721168432	0.886007056398677	0.960091001463531	NO	0.380309402506824	0.384165768375396	0.00385636586857185	0.885918083489906	113.897989033448	7	5	498.675284822275
B3GNT4	-0.009198456468746	0.064460648443207	0.886528073195813	0.960405412628798	NO	0.210039924085465	0.208517757804791	-0.00152216628067425	0.885707424098521	484.726099597014	7	5	998.487196167347
DSE	0.0231149667958057	0.162782597984952	0.887080792342592	0.960753995351519	NO	0.0812666552302674	0.0830092629266008	0.00174260769633337	0.885525565820121	222.384400385159	7	5	75.9762076762293
BZW1	-0.022025475525981	0.156525478317755	0.888095130836078	0.961240722881568	NO	0.22517674185248	0.221357183820246	-0.00381955803223313	0.887274157042983	81.7882606407493	7	5	829.566793158731
GREM2	0.0644436936703769	0.459823621333039	0.88854248447567	0.961240722881568	NO	0.357376279557359	0.37230839660649	0.0149321170491303	0.886337919591992	7.52381499769166	6	5	41.5199014079093
SIRT3	-0.0143809287405142	0.10265115304597	0.888584812105052	0.961240722881568	NO	0.2667936200937	0.263989948878471	-0.00280367121522884	0.887897207052912	160.628199637921	7	5	236.01374869318
SNX19	0.00975133956771605	0.0698437281002328	0.888962972616465	0.961240722881568	NO	0.141639819495303	0.142829515628462	0.00118969613315953	0.889746064212631	436.411927949935	7	5	494.711232010085
AKAP11	-0.0253171136489942	0.181538776911609	0.889087899289593	0.961240722881568	NO	0.612152216364132	0.606124586913949	-0.00602762945018331	0.890409634305068	66.7007158950453	7	5	811.465914557132
SNRPD1	-0.0124302754006963	0.0895109989370142	0.889553910858064	0.961240722881568	NO	0.0999262461757388	0.0988138014230734	-0.00111244475266545	0.889117228630121	543.473232413366	7	5	760.200894190468
LRPPRC	-0.00776369172752162	0.0559241672162872	0.88958816662999	0.961240722881568	NO	0.179158117423498	0.178019227742643	-0.00113888968085513	0.889654021767907	783.21199096372	7	5	663.630848953567
ZBTB10	-0.0447606299943113	0.322475387850868	0.889605630337959	0.961240722881568	NO	0.245719873336068	0.237518580002305	-0.00820129333376254	0.887900035699227	14.1647945765348	7	5	495.731143889836
PAK1	0.0113071369748954	0.0814647183831321	0.889609803628374	0.961240722881568	NO	0.292065751976898	0.294409138144081	0.00234338616718355	0.889689128745711	244.881889373826	7	5	691.822226954054
RALBP1	0.0215159253650351	0.155568216640434	0.889999053192651	0.961411597320547	NO	0.22107539999488	0.224802690185686	0.00372729019080617	0.890754722621308	77.0701530072281	7	5	123.42366790853
CASK	-0.0167368718194428	0.122030598912962	0.890909801451751	0.962145579968661	NO	0.257785698322561	0.254596398860981	-0.00318929946157964	0.890762164917101	122.099103962139	7	5	1203.77343507587
PLRG1	-0.0166404351451261	0.122632612745163	0.892063672132895	0.963141675596378	NO	0.272515144619644	0.269228684250047	-0.00328646036959768	0.892164321829976	118.559981615837	7	5	376.097885974558
ASPHD2	-0.0132339210121293	0.098049709832601	0.892634370705139	0.96350777948453	NO	0.250711852611629	0.248233999575762	-0.00247785303586734	0.893550892359541	210.587735268055	7	5	471.317080971593
PCYT1A	0.0171161690885286	0.1275910978527	0.893285057660264	0.963653749369954	NO	0.337953220924825	0.341793364345675	0.0038401434208496	0.893507840199376	102.087540306341	7	5	195.826162394913
TTC30A	0.0279928135588038	0.209055494350904	0.89348058033313	0.963653749369954	NO	0.0829037683303801	0.0850570833230424	0.00215331499266234	0.899179085304379	102.325120806104	7	5	173.447410171404
GALNT15	0.0783863819776392	0.585768334102179	0.893546445964603	0.963653749369954	NO	0.347785323580265	0.365771151375439	0.0179858277951738	0.89420232983564	3.28029698972885	7	5	23.238590391519
ZNF526	-0.0338624447461778	0.253406988084261	0.893696193526269	0.963653749369954	NO	0.0639149020623167	0.0619185893144102	-0.00199631274790656	0.893768070070254	72.6740488420044	7	5	60.1339650084256
FNIP2	-0.0135381876301449	0.101546380889612	0.893940123158224	0.96366218262575	NO	0.212916707520493	0.21065675297142	-0.00225995454907321	0.892829216725918	167.681596944882	7	5	715.654410599733
IGSF3	-0.0327505781082437	0.246381986543432	0.894251884548917	0.96366218262575	NO	0.472369697606314	0.464215163943779	-0.00815453366253499	0.89618946722532	35.7022171257348	7	5	373.365373922699
TWSG1	-0.0297693467332655	0.224267999333342	0.894398963249525	0.96366218262575	NO	0.36191141603816	0.355065383163035	-0.00684603287512575	0.894382797296189	29.9402447222414	7	5	184.193790454598
EMG1	0.0162469930314035	0.124195667304388	0.895919511292793	0.964855609332282	NO	0.374842648535256	0.378657571467038	0.00381492293178215	0.896092259883445	112.823709777029	7	5	299.69843374795
FGF2	-0.016511998086994	0.126283627403381	0.895970485300626	0.964855609332282	NO	0.295606617301721	0.292180076059882	-0.00342654124183811	0.895855005414276	97.7446473788777	7	5	282.061376493194
PXDN	-0.00900764155316963	0.0695450758396812	0.896944342305675	0.965135240812982	NO	0.321321248666103	0.319360086807995	-0.00196116185810802	0.897291708479031	328.194168691796	7	5	536.330796869245
TBCK	-0.0226641325246642	0.175148934056804	0.897041778061281	0.965135240812982	NO	0.156245794539745	0.153281137133004	-0.00296465740674093	0.896576762167578	79.2765520425817	7	5	216.820422605739
TOMM70	0.0105806477692658	0.0818743951391182	0.897175468426489	0.965135240812982	NO	0.39164291288445	0.39416671467198	0.00252380178753009	0.897235411305207	219.226196342826	7	5	905.995902393256
KMT2E	-0.0136298784317777	0.105677430489091	0.897376443563108	0.965135240812982	NO	0.18032417979088	0.17831835402799	-0.00200582576289018	0.897249413577724	283.893478157331	7	5	373.783878059902
MPC2	0.00751361115089438	0.0582636111824312	0.897390171025147	0.965135240812982	NO	0.148925177052075	0.149880014949836	0.000954837897760685	0.898408084063436	1032.11112227571	7	5	759.103715377792
ZBTB40	0.0281786434448559	0.219138349916901	0.897683368487305	0.965201037194931	NO	0.0490734901121009	0.0504052888475893	0.00133179873548841	0.899920915213484	128.415324690678	7	5	116.086750601084
SANBR	-0.0201938225700748	0.158257771407699	0.898464876335824	0.965537959932699	NO	0.374738485210054	0.370018978086632	-0.00471950712342184	0.899447254632765	60.0016950193388	7	5	366.137899301899
NMNAT2	-0.0125606394536146	0.0987044976375164	0.898738586637838	0.965537959932699	NO	0.320703824792938	0.317973637773616	-0.00273018701932176	0.898953936658009	173.069191690502	7	5	438.74209775582
CASZ1	0.0192423524944811	0.152187506698513	0.899384867466648	0.965537959932699	NO	0.487437140799375	0.492245706037376	0.0048085652380005	0.898917162201872	90.9798493637418	7	4	57.8920439533502
DNAJC27	-0.018531444174715	0.147670916333923	0.900134457198402	0.965537959932699	NO	0.390177754815581	0.385777481347618	-0.00440027346796307	0.900193944667129	67.113636853802	7	5	304.547185235882
ARNT	0.0293818411233136	0.234234104784283	0.900176861836365	0.965537959932699	NO	0.0617680280805047	0.0634928713481272	0.00172484326762254	0.899838238058261	101.760731881043	7	5	127.577911643876
PRLHR	0.0354680865048192	0.283797567059736	0.900541987739328	0.965537959932699	NO	0.230389959818671	0.236738867561043	0.00634890774237259	0.900432995246677	24.2051144989535	7	5	92.5098916791466
LHFPL2	0.026305503622801	0.210869377114954	0.900723166181058	0.965537959932699	NO	0.431050891863792	0.437513560886809	0.00646266902301706	0.900630265601927	32.318734334183	7	5	296.850119017687
UBE2K	-0.00816855525442243	0.065484477449615	0.900729128894942	0.965537959932699	NO	0.226490111356933	0.225062241100499	-0.00142787025643412	0.900488451323216	433.644029715571	7	5	1034.37061913362
SLITRK1	0.0142320324866976	0.114202510496171	0.900823592519859	0.965537959932699	NO	0.090612511097047	0.0917921103112262	0.00117959921417922	0.90083095279774	258.67990684131	7	5	567.497700608991
SMAD5	-0.025321899924222	0.20330051081978	0.900876615844887	0.965537959932699	NO	0.366253014186432	0.360395654097494	-0.00585736008893756	0.900928505206289	35.9959063327973	7	5	354.77388730247
PNPT1	-0.0122255164339707	0.0981900823649002	0.900912537166383	0.965537959932699	NO	0.151928489455402	0.150359971965364	-0.0015685174900377	0.900757018010973	300.34600227284	7	5	216.890297943937
ABLIM1	0.007962366632858	0.0639895014926505	0.900972928779647	0.965537959932699	NO	0.459385883714986	0.461363970630003	0.00197808691501694	0.900935124018033	357.401604196888	7	5	2673.83698971401
ATXN7L3B	-0.00808553144868493	0.0650064344902817	0.901014028956427	0.965537959932699	NO	0.049601536871754	0.0492217601253905	-0.000379776746363455	0.901200075081208	1488.21921545876	7	5	3916.08556579375
ZC3HAV1	0.0158020454160771	0.127396817021323	0.901285193775516	0.965579810998235	NO	0.211111015016093	0.213754751245748	0.002643736229655	0.900879913646073	114.289808266842	7	5	360.942544825709
FAM3C	-0.0133258040625262	0.1087928319594	0.902512638857951	0.966623352774314	NO	0.343494292692728	0.340495542868607	-0.00299874982412118	0.902876236877223	134.141707389218	7	5	853.264899133914
HIP1R	-0.0157516192370459	0.128966021670645	0.902789928418128	0.966623352774314	NO	0.264756973240974	0.261702134465476	-0.00305483877549839	0.903516829254558	105.49867556815	7	5	98.667937441433
MICOS10	0.00570943714644807	0.0468264427002806	0.902956333865621	0.966623352774314	NO	0.0642520961181987	0.0645962241841546	0.000344128065955893	0.903520461877641	3120.57319294092	7	5	1130.81058620393
GIN1	0.0204409077643904	0.169111992928223	0.903792406455244	0.967018084521582	NO	0.289891195719882	0.294117046387813	0.00422585066793119	0.903530769040872	68.6731801062258	7	5	106.521601442458
GMEB1	0.0279460353123101	0.231751750790329	0.904018894412552	0.967018084521582	NO	0.161034293316922	0.164845722210348	0.00381142889342567	0.903661859382049	43.4261676058185	7	5	104.037880279475
PUM2	-0.00616481974529743	0.0511257041702549	0.904022435265489	0.967018084521582	NO	0.219583602264435	0.218528984270189	-0.00105461799424586	0.904205019046601	676.654397755411	7	5	940.034569547695
BDH1	0.0295542406946244	0.246091924667587	0.904408437140587	0.967182287533378	NO	0.110738561220832	0.113682585534742	0.00294402431390969	0.913151358570158	69.8903790494104	7	5	78.6226222103416
BICRAL	-0.0388877663033767	0.324906904804425	0.904729554005512	0.967259530848996	NO	0.352229117105862	0.343408139063358	-0.00882097804250392	0.90530364911064	14.3236358375882	7	5	166.601438314801
FRA10AC1	-0.0133714492577189	0.111973575708796	0.904945695688531	0.967259530848996	NO	0.157275000191038	0.155510864836706	-0.00176413535433212	0.904426324636625	255.489539189362	7	5	128.95202173647
PHLDB1	0.0200862278249058	0.169191583470061	0.905498113236464	0.967601374534726	NO	0.311004190880082	0.315324535203282	0.00432034432319989	0.904863060521665	52.2475153160658	7	5	211.175487882081
MKLN1	0.0233517257342915	0.197520235934767	0.905889799552207	0.96777133182773	NO	0.344346191847457	0.34963734692134	0.00529115507388278	0.905681791371581	38.6625704870015	7	5	644.067062064417
C21orf91	-0.0191982074590017	0.164183176040924	0.90691422781903	0.968580280464504	NO	0.3802657301881	0.375751923944656	-0.00451380624344311	0.907077861611334	55.8603121644681	7	5	126.740066840035
PRPF40A	0.0140137821048726	0.120256306813241	0.907230437810992	0.968580280464504	NO	0.19384389734921	0.196043209174106	0.00219931182489683	0.907163846821175	166.550106103156	7	5	491.688403965401
ENY2	0.0139181894899468	0.119585015108125	0.907345517540907	0.968580280464504	NO	0.210884063813247	0.21320953731737	0.00232547350412304	0.906889914550492	165.787455618432	7	5	769.753287341782
UCK2	0.0240160273493457	0.206883565146507	0.907585373263599	0.968587776494759	NO	0.290678999063092	0.295655514952005	0.00497651588891262	0.90753369492549	46.1793943282406	7	5	348.236855711292
UFL1	-0.0216899167356925	0.189100141093633	0.908682366691693	0.96928071150865	NO	0.321450262310113	0.316737693118212	-0.00471256919190111	0.908550467954662	43.6906168641694	7	5	205.194260908098
YIPF5	-0.00863793152261245	0.075323614199391	0.90870066703936	0.96928071150865	NO	0.267581601916935	0.265892127831309	-0.00168947408562559	0.908645377932588	327.804125695676	7	5	985.319648127332
ZNF37A	0.0548763538728973	0.484066551566665	0.909740942305395	0.969982480828011	NO	0.35666691937755	0.369355224726948	0.0126883053493986	0.909591698337914	6.40502669122507	7	5	19.6763134201002
PYGO1	-0.028977521578115	0.25585094561783	0.909824913507427	0.969982480828011	NO	0.383227937434588	0.376402260359151	-0.00682567707543746	0.909732726520336	22.1894429526461	7	5	299.89586933431
PLBD2	0.0129418892994077	0.114934784010454	0.910346080394041	0.970289442592675	NO	0.378497862460172	0.381547028812212	0.00304916635204044	0.910314722688163	116.112392907231	7	5	441.277472214264
UBA52	-0.016894257887972	0.151716350951108	0.911335451082718	0.97109515279306	NO	0.196638804428486	0.193983655927377	-0.00265514850110882	0.91232086081846	122.977488926656	7	5	769.65302006166
CREBRF	0.0129943129524369	0.11723115946042	0.911740443570882	0.971277911716996	NO	0.191587081888496	0.193607729749569	0.00202064786107284	0.911597902798511	147.575782896782	7	5	319.306273765341
MAP4K4	-0.00785628751516544	0.0712062586920748	0.912146541139226	0.971461754003887	NO	0.27871781334022	0.277141179930696	-0.00157663340952363	0.911885601306222	334.677796994154	7	5	935.497236216598
B3GLCT	0.0240421582868102	0.221668765592716	0.91363093758575	0.9726256101743	NO	0.128891967582659	0.1316155623139	0.00272359473124067	0.913462620444974	44.8845356208716	7	5	204.962947841113
SPCS1	-0.00838329304821708	0.0773623319977382	0.913706943404126	0.9726256101743	NO	0.0704742969735564	0.069927100546774	-0.000547196426782359	0.912795482481655	834.846791585296	7	5	1349.32686863741
GAS2L3	-0.0258203153773052	0.239196439048087	0.914038472612824	0.972729610148209	NO	0.217652866014844	0.213288242102851	-0.00436462391199249	0.912557584605626	35.771606915751	7	5	124.072757761551
PPM1B	0.0160702260686772	0.149997724774783	0.914680718337849	0.973164140226458	NO	0.0472582329208738	0.0479870802815069	0.000728847360633063	0.914740231195914	304.177411313878	7	5	412.297647017223
ANKRD40	0.0167814050676725	0.157693384543984	0.915250760176236	0.973521647234248	NO	0.412608673587766	0.416681738935483	0.00407306534771729	0.915515831331085	62.1289922818311	7	5	369.097076639116
RASA2	0.0192819096859252	0.181882258601798	0.915571925237799	0.973614317226289	NO	0.366342330231131	0.370829774328976	0.00448744409784557	0.915751492112094	43.8918975785748	7	5	260.668315870135
DAG1	0.0225018225601052	0.213873133680753	0.916208321984641	0.974042069884004	NO	0.187102932869273	0.190549477997323	0.00344654512805045	0.916159341571551	35.0059226324593	7	5	423.224746092562
NRDE2	-0.00708342569591638	0.067790193882291	0.916780171973289	0.974307624710377	NO	0.342036886704919	0.340444566700365	-0.00159232000455345	0.916932235379096	340.067228940603	7	5	519.445119768528
VOPP1	-0.0157407745117152	0.151338958568672	0.917161363309398	0.974307624710377	NO	0.404579807880826	0.400793699073415	-0.00378610880741137	0.917334014865119	65.0286977833213	7	5	541.712777816904
PACRGL	0.0107282072619287	0.103434421797597	0.91739163869713	0.974307624710377	NO	0.142487624473774	0.143803483733627	0.00131585925985334	0.917221050429241	262.579365116396	7	5	248.697817191576
GPR61	-0.0228764127167443	0.221091136001205	0.917589553031757	0.974307624710377	NO	0.213484892968763	0.209668913266703	-0.0038159797020598	0.916936629217675	36.7678916950055	7	5	136.785717669162
RWDD1	0.0063680963436864	0.0615747296512929	0.91762915231136	0.974307624710377	NO	0.0806136165659924	0.0810868506811918	0.000473234115199353	0.917951825475946	1640.57730756863	7	5	338.68551900048
FNDC5	-0.019561232882907	0.190058910541209	0.91802491999182	0.974414024631909	NO	0.368718083725163	0.364176719406065	-0.00454136431909863	0.917592222540784	40.8544523311004	7	5	230.052462575468
WWC2	-0.0612551180050832	0.596423380900943	0.918197830903145	0.974414024631909	NO	0.484376890253209	0.469097461650476	-0.0152794286027335	0.919039789163432	3.01770600832696	7	5	35.4021698211246
RBM15B	-0.00621842451235857	0.061018717478014	0.918828021196719	0.974816622949455	NO	0.0940038085415562	0.0934755388077777	-0.000528269733778564	0.919896288380433	1267.01513081416	7	5	492.60487409909
MXRA7	-0.00727001423732323	0.0715301441460292	0.919045864232635	0.974816622949455	NO	0.190495701164284	0.189377135244291	-0.00111856591999249	0.918772349956112	401.951868852061	7	5	535.112454248505
TMTC3	-0.00856217617472965	0.084590252874598	0.919376282449864	0.974817189986781	NO	0.207796696492252	0.206390740916737	-0.00140595557551504	0.919048683168642	282.693573401729	7	5	706.761540279851
PDCD2	-0.0118529752187571	0.118730048136068	0.920478257266108	0.974817189986781	NO	0.0919492569297758	0.0909643726479908	-0.000984884281784934	0.91894765479338	321.681393527	7	5	293.609095415103
ZFP14	-0.0137476901773171	0.138752857232388	0.921074424987998	0.974817189986781	NO	0.213257388662666	0.210959912370658	-0.00229747629200772	0.921724085521078	102.644641853752	7	5	172.029742851063
RIMS3	-0.00540547021007504	0.054586203436482	0.92111738176578	0.974817189986781	NO	0.408072602765377	0.406767566594267	-0.0013050361711095	0.920992069371429	667.4423866927	7	5	1535.15182773426
ZBTB16	-0.0707040848967045	0.715137174976073	0.921243184739906	0.974817189986781	NO	0.576062748721205	0.558709693609262	-0.0173530551119435	0.922042629114661	1.57023747095389	6	5	20.9275402355681
RABGEF1	0.012182646524984	0.123625379908506	0.921499647212136	0.974817189986781	NO	0.289378702226321	0.291890339048926	0.00251163682260563	0.921245791451682	107.730875567614	7	5	563.999803075422
CHST15	0.0207227062570158	0.211071145646409	0.921790337104315	0.974817189986781	NO	0.442174842607415	0.447292176589265	0.00511733398184988	0.921708437006358	31.8980389810543	7	5	167.968279746592
OXNAD1	-0.0329819492328131	0.336387548968334	0.921894596682238	0.974817189986781	NO	0.189229256401051	0.184220903537713	-0.00500835286333817	0.927166705936968	23.1768128244335	7	5	49.6373586833969
ATP11C	-0.0357290895411746	0.365769886113427	0.922184905665233	0.974817189986781	NO	0.40629983170584	0.397710918601979	-0.00858891310386112	0.922076260868192	11.1072148753958	7	5	279.383349943117
SAMHD1	-0.00946867225567578	0.0969911370602487	0.922230788581021	0.974817189986781	NO	0.33104398887849	0.328950479613219	-0.00209350926527085	0.921969868955731	160.882151739681	7	5	327.445045369119
RPS6KA2	-0.0129694785865823	0.133379049224833	0.922537590249294	0.974817189986781	NO	0.201902897909734	0.199821098302162	-0.00208179960757171	0.922325032777445	94.2649767550912	7	5	837.691296794809
NALF1	0.00884897951157257	0.0912581878650193	0.922753063980583	0.974817189986781	NO	0.0731561453179219	0.0737584153128748	0.000602269994952873	0.922141134464224	708.72300386631	7	5	646.022356812073
COQ7	-0.0273364858008365	0.282267291732931	0.922848615044985	0.974817189986781	NO	0.330505380459155	0.324484863521037	-0.00602051693811817	0.921668308309745	23.7618338172145	7	5	206.202110393044
IL6ST	-0.0122837426533727	0.126980404188271	0.922935010112201	0.974817189986781	NO	0.388586484556595	0.385672051905857	-0.00291443265073849	0.922703676182547	94.1226275269077	7	5	2503.760809936
GATAD2B	0.0085602959059908	0.0885316277270777	0.922971031190944	0.974817189986781	NO	0.0914323711503487	0.0921459877567937	0.000713616606445061	0.923373678211292	400.818243571798	7	5	407.511284191161
JPT2	0.00857371155073401	0.0888905733270035	0.923161255308682	0.974817189986781	NO	0.146667455983328	0.147743762336362	0.00107630635303446	0.922157484507496	297.105545292248	7	5	305.083757130064
PGM2	0.0248783759319118	0.257964594509225	0.923170292171741	0.974817189986781	NO	0.214320516130613	0.218539484628319	0.00421896849770587	0.922184315620192	24.3535371978275	7	5	34.5148264452771
ARPP19	-0.00684089634004528	0.0711819560906641	0.923437688487539	0.974817189986781	NO	0.280974667946627	0.279594689043017	-0.00137997890360991	0.923003420363327	372.663424339945	7	5	3957.54839473209
ZNF621	0.0173005226196711	0.180162067315598	0.923498688879304	0.974817189986781	NO	0.0650189210455386	0.066078593116443	0.00105967207090445	0.923725418864868	147.823658728261	7	5	198.154803212233
PDGFA	0.0486686080705654	0.515906869505735	0.924842226407365	0.975768680444957	NO	0.436106977737699	0.448110405462117	0.012003427724418	0.925894002088632	4.67909216273127	7	5	72.5238665010698
TULP4	-0.00723951117756868	0.0767693800056084	0.924869208412131	0.975768680444957	NO	0.618917152831819	0.617208187270936	-0.00170896556088307	0.924942127315069	274.738022257214	7	5	2564.35619302895
RHPN1	0.060109556229106	0.640425207327595	0.92522130380917	0.975892653105007	NO	0.370105365443218	0.384224539278579	0.0141191738353608	0.925689905605052	2.34000466082965	7	5	28.3859426151769
LIN54	0.0216546715771156	0.231758654465569	0.925556952006059	0.975999219352397	NO	0.262417378079599	0.266630246791572	0.00421286871197274	0.925053442588569	28.2555805492311	7	5	128.273449824009
SOX7	0.0411811780399552	0.445783701264548	0.926396699975657	0.976637169766531	NO	0.249424631594359	0.257213514337869	0.00778888274351044	0.928262834835225	6.79878227004455	7	5	21.1169682725728
MFN1	0.014002548052014	0.153329582308524	0.927235784383901	0.977130187959752	NO	0.119333281209162	0.120812710515329	0.0014794293061671	0.926581723096375	145.44244134671	7	5	273.014400523361
FBXO28	0.0140214923424353	0.153833322347689	0.927375547205267	0.977130187959752	NO	0.375785453345327	0.379080169610249	0.00329471626492139	0.927834772620909	66.2292911640622	7	5	455.229724059604
ELOC	0.00310020024387787	0.0341269255009407	0.927617157106074	0.977130187959752	NO	0.0469598277442948	0.0470987710099809	0.000138943265686059	0.927176296177196	6883.92248501715	7	5	1841.8462605157
H2AZ2	-0.0187617804251866	0.207064894680386	0.927803904432938	0.977130187959752	NO	0.456630454237764	0.451979219592345	-0.00465123464541878	0.927877446016406	35.8394389646064	7	5	511.73955453656
PRRC2C	-0.00996943008577174	0.111820472319822	0.928958188439702	0.978098219162025	NO	0.397404690062518	0.395019727877198	-0.00238496218531942	0.928802869089001	118.034714092848	7	5	688.228449639831
IER5	-0.0243732562529516	0.275560590514154	0.929519247634511	0.97810640334201	NO	0.126171154170288	0.123508347850861	-0.00266280631942706	0.927430948410608	41.9691173093769	7	5	161.021369966388
LRIF1	0.00777201454991031	0.0878751274436353	0.929523910930927	0.97810640334201	NO	0.102446677260212	0.103163535867923	0.000716858607711424	0.930167065429654	452.671307480862	7	5	514.388396799447
DNAJC11	0.00995769675737423	0.112954043486354	0.929751842949109	0.97810640334201	NO	0.310002101951459	0.312136080971822	0.00213397902036305	0.929262466058899	122.407837782503	7	5	327.861753004167
ATXN3	0.0119002799827108	0.135846881658261	0.930194057170847	0.97810640334201	NO	0.183461065225021	0.185250483536033	0.00178941831101262	0.93090867976945	133.216885318253	7	5	184.920195555253
ZNF136	0.0228618427385477	0.261644394716692	0.930371424081179	0.97810640334201	NO	0.0648380609497634	0.066238135715813	0.00140007476604954	0.929429437326439	75.805666151824	7	5	180.724618878473
RASAL2	0.0121299303217399	0.139145121467374	0.930532671528705	0.97810640334201	NO	0.136105977606544	0.137538534401413	0.00143255679486867	0.930029290246283	138.987445846619	7	5	737.609388744131
USP13	-0.029504820710627	0.338843355058372	0.930611813564345	0.97810640334201	NO	0.435587680460403	0.428348172891993	-0.00723950756840963	0.930930152723645	12.5875197529059	7	5	167.399142122716
TBC1D20	0.0112506909646456	0.129825791658952	0.930941846463085	0.978206133186773	NO	0.33573790544696	0.33825163064782	0.00251372520085968	0.931060325168708	90.00102201961	7	5	458.383006739437
MPPED2	-0.0415003092512063	0.482729054533924	0.931490113225671	0.978535068439088	NO	0.440269453303119	0.430069186948908	-0.0102002663542111	0.932512785489748	6.96756707931059	7	5	69.5442818457643
LCOR	-0.0126071761404368	0.147493667454664	0.931882934857852	0.97870058293579	NO	0.129670014904503	0.128253853741272	-0.00141616116323115	0.931457381442748	130.277536874464	7	5	356.986504144698
SLC35A3	0.00439470478424891	0.0518872795090454	0.932502160440756	0.978860637296886	NO	0.0604245522553545	0.0606745372207708	0.000249984965416318	0.933144135059755	2545.83492999597	7	5	206.731421261749
FEM1A	-0.0161662015108442	0.190881373901227	0.932505938847971	0.978860637296886	NO	0.0803030101892811	0.0791171363518996	-0.00118587383738146	0.93193564074053	96.1108554310055	7	5	321.102208142322
DDHD1	0.00737873947607818	0.087984339313446	0.93316437417155	0.979223673464839	NO	0.0815865236824599	0.0821411235683671	0.00055459988590717	0.932484417864462	592.573887024756	7	5	552.248010246543
SUPT3H	-0.0256939382846859	0.307103957967155	0.933322563771175	0.979223673464839	NO	0.383224158507016	0.377169551343993	-0.00605460716302264	0.933579831149408	19.4725090099916	7	5	34.9997201936279
ZNF320	0.0121310012929184	0.145843455788857	0.933709818417503	0.979231614131826	NO	0.109107633765743	0.110292408976272	0.00118477521052877	0.933215762253198	133.406017880793	7	5	167.506384972476
ZNF483	0.0531437562185478	0.639795461190847	0.933800916649268	0.979231614131826	NO	0.592172510928434	0.604941400634146	0.0127688897057122	0.9322590758396	2.34199542416712	7	5	12.3746453222292
PPARGC1B	0.0496915321222206	0.605645806135159	0.934609193517027	0.979832219009786	NO	0.234855084227223	0.243901896185598	0.00904681195837459	0.934332842129336	2.95708620972201	7	5	52.9148764914923
C1QTNF3	0.0252721465175957	0.312882849779854	0.93562334474733	0.980556620880165	NO	0.086950133989697	0.0889775403488809	0.00202740635918391	0.932313688298843	54.7702156503755	6	5	22.9309316500075
C9orf85	-0.0142630332826608	0.176992510055292	0.935771582907273	0.980556620880165	NO	0.195800005785016	0.193563855006096	-0.00223615077892009	0.936526064973357	72.3375830847714	7	5	100.772354786276
RNF125	-0.0291490802864168	0.366849777191332	0.936668487360248	0.981058563835645	NO	0.485907070620445	0.478629094944814	-0.00727797567563115	0.936756395464403	9.93841778040465	7	5	130.85397901104
VSTM2B	-0.0103002248394205	0.1300832890971	0.936888045951903	0.981058563835645	NO	0.391949307094553	0.389497256198108	-0.00245205089644573	0.936978342828797	87.68158689788	7	5	179.048319361073
MEF2C	0.0101112356026813	0.128614069906187	0.937337368821071	0.981058563835645	NO	0.306799333569795	0.308953916074884	0.0021545825050891	0.937135442139294	98.8048464391775	7	5	469.739214428537
ARMC9	0.0199490561124766	0.255576802073315	0.937784275256139	0.981058563835645	NO	0.259344408553197	0.263194677611515	0.00385026905831748	0.937074714642702	24.3696038795549	7	5	95.9276603542921
HEATR1	0.00976633875344857	0.125618686173758	0.93803017570342	0.981058563835645	NO	0.407031084082256	0.409390379569957	0.0023592954877012	0.937753859583707	102.915636316088	7	5	597.686966568461
DHX40	-0.0131653093825014	0.169506113534113	0.938091640039433	0.981058563835645	NO	0.360616285650378	0.357586335376011	-0.00302995027436781	0.937973008167408	54.3189389729614	7	5	274.805544695359
IER5L	0.00958827955179554	0.123578829113139	0.938155496240661	0.981058563835645	NO	0.121510283614803	0.122537509641767	0.00102722602696413	0.939740248262223	217.149352106771	7	5	321.875067210993
KCNMA1	-0.0102585215132205	0.132761131806775	0.938408343465166	0.981058563835645	NO	0.240547926916418	0.238678843926562	-0.00186908298985627	0.938747108278517	92.3614823034172	7	5	317.004931333825
ABRAXAS2	0.0108382176795308	0.140352718577645	0.938447506967697	0.981058563835645	NO	0.246300092769198	0.248317587681935	0.0020174949127377	0.939051919615577	87.2018205118879	7	5	470.906767535965
BID	0.0104798630183366	0.13606961750631	0.93860891443891	0.981058563835645	NO	0.454843105013031	0.457442907336945	0.0025998023239141	0.938700851163754	92.3216850861108	7	5	507.331487251373
STK25	-0.00828689050554296	0.108426919911568	0.939078316103071	0.981105227760806	NO	0.0837750497732517	0.0831411646829661	-0.000633885090285599	0.93928417834693	469.634792233216	7	5	684.998146311357
ATP2B1	-0.00644861008795802	0.0850955826613736	0.939593503192107	0.981105227760806	NO	0.213055286245991	0.2119760953347	-0.00107919091129086	0.939693638327408	298.259218509196	7	5	2801.44691107227
CCDC6	0.00518130674101454	0.0684022649807551	0.939619913167076	0.981105227760806	NO	0.345659733793474	0.346832572273541	0.00117283848006672	0.939426761687655	321.634883486585	7	5	833.761816116495
PIP4K2A	-0.0197537801527192	0.262172669038446	0.939939063964042	0.981105227760806	NO	0.883325599153211	0.881274279077831	-0.00205132007537923	0.939012888112966	59.9431717111837	7	5	546.868736925948
RBBP9	0.0191329032654665	0.25501486670959	0.940193532609571	0.981105227760806	NO	0.327134079892179	0.331359410385684	0.00422533049350454	0.940078009683685	22.2022298167952	7	5	221.648554054724
SSBP3	0.00685619940153807	0.0918374324703088	0.940488555088214	0.981105227760806	NO	0.367098019670626	0.36869241547891	0.00159439580828452	0.940704847779897	190.658393168018	7	5	852.748098696262
CYP2U1	0.0117743226431716	0.158836600107463	0.940908119224646	0.981105227760806	NO	0.353671469638852	0.356367552031389	0.00269608239253627	0.940804016836625	61.4738304307602	7	5	287.654097011072
TAPT1	-0.0129670773782565	0.175253597185572	0.941018052975439	0.981105227760806	NO	0.24984343190383	0.247421012115936	-0.00242241978789373	0.941171745914286	54.8932748687496	7	5	309.29688917791
MRI1	0.0324145771643317	0.438264129656229	0.9410411928238	0.981105227760806	NO	0.406312545413387	0.414154805002636	0.00784225958924878	0.941125284417831	7.19958977352726	7	5	105.651105868238
JADE2	0.0411391602363314	0.558398988693312	0.941270253318042	0.981105227760806	NO	0.269124346002507	0.277292703361155	0.00816835735864829	0.941641237741702	3.92238513654457	7	5	62.8011068502214
FAXC	0.0109257195808906	0.148618996626627	0.941396339988792	0.981105227760806	NO	0.229020517481731	0.230955382302037	0.00193486482030633	0.941134334881686	90.832677947901	7	5	741.794241729185
ZNF540	-0.0115857064798778	0.158588187117724	0.941762117546076	0.981105227760806	NO	0.522367676496028	0.519476329417676	-0.0028913470783517	0.941807405451564	57.1095808991143	7	5	331.632979595747
NUS1	-0.0152441124814991	0.208741667051358	0.941783355804413	0.981105227760806	NO	0.453933352572159	0.450157399298626	-0.00377595327353286	0.941769473199626	32.754671642578	7	5	371.907565834112
GPRC5B	-0.0093456818828056	0.128352783199149	0.941955355691505	0.981105227760806	NO	0.244994923167482	0.243270352402096	-0.00172457076538562	0.942133489472209	94.5192796692706	7	5	498.899662002009
NUDT5	0.0123417483991425	0.170341294599478	0.942241358247558	0.981157459401713	NO	0.2868304871054	0.289361727109559	0.00253124000415855	0.942191962535608	60.1184952905186	7	5	213.172549288376
FAM76A	0.0116670343588762	0.167934509148895	0.944612553856221	0.983380436446917	NO	0.275879041936184	0.27821584684515	0.00233680490896626	0.94483166482499	54.7261581499693	7	5	193.142659114333
FXN	0.00677748174863206	0.0989801776456828	0.945409015631884	0.983886300647211	NO	0.0729775322058396	0.0734373702008799	0.000459837995040291	0.945387325088189	633.186021909492	7	5	122.529737738542
MAP9	-0.00479198729248701	0.0701927228487086	0.945571497593161	0.983886300647211	NO	0.298058930021207	0.297057322549138	-0.00100160747206962	0.945610943260383	314.46196920008	7	5	653.876029795339
CCNY	-0.00600491429164279	0.089077645552462	0.946253608616527	0.984349840421294	NO	0.139609397434077	0.138889655222135	-0.00071974221194146	0.946570078520968	334.967097752964	7	5	508.813967301353
REEP3	0.0354352862901	0.530644858071356	0.946758611857945	0.984506124509726	NO	0.600654415483401	0.609123139452782	0.00846872396938136	0.948549225378371	4.5547757856679	7	5	127.95546042952
CDON	0.0172794805849694	0.26107297869648	0.947229424297052	0.984506124509726	NO	0.114458197603252	0.116221304762282	0.00176310715903034	0.947376482871349	44.7885081434915	7	5	89.2465741617402
TSPAN14	-0.00994513081248709	0.150277729069814	0.94723584027349	0.984506124509726	NO	0.117392585876355	0.116366069729793	-0.00102651614656242	0.948807141780968	150.783808306424	7	5	375.118822541331
BAIAP2L1	-0.0453518866627112	0.686792444298085	0.947350484714527	0.984506124509726	NO	0.365571629678106	0.355118729857578	-0.0104528998205287	0.949811241759377	2.66837207128555	6	4	15.2449878567668
DMD	0.0329027006415439	0.502590912845927	0.947802843337044	0.984730226843682	NO	0.358584616190301	0.366186980484053	0.007602364293752	0.947817626038165	4.97977383513544	7	5	105.836272423454
PTCD2	0.00440562431898199	0.0686511384956979	0.948831608291561	0.985379519950344	NO	0.262920203341903	0.263774874553032	0.000854671211128755	0.948632855872103	505.564232777936	7	5	214.121760600552
ZNRF3	-0.030703922883374	0.482960976711965	0.949309168163231	0.985379519950344	NO	0.407425274028741	0.400034017994274	-0.00739125603446739	0.949671336342216	5.89595800358685	7	5	72.9356443242522
PIK3R3	-0.00545093240059273	0.0858685242369071	0.949384298883056	0.985379519950344	NO	0.374019103989001	0.372743762603493	-0.00127534138550733	0.949427340048341	200.714715063326	7	5	810.764453096697
NFIC	0.0309413809317715	0.488024841163273	0.94944699847362	0.985379519950344	NO	0.315841783255837	0.322565551145029	0.00672376788919193	0.94941078678081	6.24766074554318	7	5	119.844587522542
DDR2	-0.0462024167229535	0.73603352190467	0.949947932293571	0.985379519950344	NO	0.74100544295531	0.732040209127447	-0.00896523382786274	0.949097238799997	1.69846534320177	7	4	17.898541240572
ACBD3	-0.00607849418455833	0.0972035307778105	0.950137844142595	0.985379519950344	NO	0.256470369877861	0.255312958517871	-0.00115741135999065	0.950247797435747	177.298101829675	7	5	1030.59148964595
PSEN1	0.00740872633701617	0.119296512993615	0.9504804408756	0.985379519950344	NO	0.131266386851674	0.132113555289874	0.000847168438200319	0.950338906829806	218.182211600894	7	5	468.353480420278
SGPP2	0.00996105061694664	0.160632201300329	0.950553639913487	0.985379519950344	NO	0.0562552519388339	0.0567864335963483	0.000531181657514465	0.95087555877692	249.73658672389	7	5	35.5704423211715
FOXP4	0.0302880308906772	0.489644989658367	0.950676612085906	0.985379519950344	NO	0.322544074631873	0.329197546310031	0.00665347167815722	0.951896957286206	6.60923186526998	7	4	16.9107685502598
TARDBP	0.00594403929161491	0.0963274571759686	0.950796488721317	0.985379519950344	NO	0.103025571220523	0.103576165213795	0.000550593993271981	0.951416779515152	425.024014337324	7	5	974.070015832951
FGF9	0.00788107938023322	0.129347358258697	0.951415296895809	0.985696658793085	NO	0.126009557806446	0.12688007142332	0.000870513616873958	0.951240135744815	190.016197343444	7	5	337.616463774672
SLC49A4	-0.00962718923118278	0.158531488954422	0.951576389834863	0.985696658793085	NO	0.145394631491542	0.144202483804091	-0.00119214768745088	0.951377023879316	112.243402234561	7	5	129.031086648821
ALG1	0.00639940533201682	0.106200984172526	0.951950554028664	0.985838761453633	NO	0.114318646199404	0.114968186240079	0.000649540040675203	0.952463746574986	298.48802969233	7	5	154.137713319279
SEC63	0.00787229935920342	0.131863250952183	0.952394189536747	0.986052719878762	NO	0.142772521668878	0.143738712940004	0.000966191271125877	0.952809629461881	156.029223711132	7	5	610.313900345141
HLCS	-0.00967559636421053	0.163589922509992	0.952836273783285	0.986264966145426	NO	0.270637896363317	0.268732245041328	-0.00190565132198856	0.952524956220844	59.1914040778678	7	5	203.704129722385
SF3A1	-0.00807277215041368	0.137510539180018	0.953185825936556	0.986358875165839	NO	0.172641774230975	0.171491732416616	-0.00115004181435915	0.953192635549522	118.250600015198	7	5	369.55809376631
DDX46	-0.0115545899724529	0.198788676371426	0.953649068313	0.986358875165839	NO	0.200516176624188	0.198670274900479	-0.00184590172370855	0.954536295412405	55.6955946211381	7	5	243.27077108348
UBE2Q1	-0.00733515076400832	0.126389995998975	0.953720073005785	0.986358875165839	NO	0.255724464725558	0.254330872704276	-0.00139359202128225	0.953875939236468	109.324711475168	7	5	420.874765899844
METTL8	-0.0107538175831096	0.186791315274928	0.954090116423433	0.986358875165839	NO	0.156727232330537	0.155311207749932	-0.00141602458060525	0.954172424516784	81.0562187119495	7	5	150.077699666559
ZNF275	0.0115531156226187	0.200773052288312	0.954112527323879	0.986358875165839	NO	0.232089599560665	0.234155012131051	0.00206541257038648	0.953743564735982	40.4278843578802	7	5	196.04862417779
NFIB	0.00938268344083823	0.164932082156754	0.954634282310398	0.986653071903418	NO	0.264870618468849	0.266701585870766	0.0018309674019174	0.95503591761063	68.7578226400481	7	5	341.817641373002
SERAC1	0.00902315310747543	0.161418605815444	0.955422196102038	0.987222140035886	NO	0.238232833152241	0.239874202204293	0.00164136905205234	0.955574200729027	69.2922669264433	7	5	294.323732896242
SOX12	-0.0123067245392464	0.222040216509313	0.955799357144532	0.987366606834182	NO	0.247684161896535	0.245398094745011	-0.0022860671515248	0.956269185735131	32.3208892845372	7	5	340.860498721871
RBM4	0.00683324665441731	0.125312472451842	0.956513177597606	0.987698524708896	NO	0.349123431971512	0.35067778985201	0.00155435788049801	0.956454478558897	100.015197930432	7	5	403.009506364251
KPNA1	-0.00560477310766282	0.103246364889015	0.956707759203645	0.987698524708896	NO	0.0804174601746453	0.080003957945406	-0.000413502229239276	0.956246244540712	368.695289901244	7	5	1062.07768325714
TP53RK	-0.00931455714287721	0.172082945245613	0.956832945811743	0.987698524708896	NO	0.156117351411243	0.154894134598828	-0.00122321681241533	0.9579827455409	108.099074849024	7	5	433.518154602049
ANKRD26	0.0119304850792824	0.223538449855876	0.957436259335398	0.988076119780515	NO	0.225684966609315	0.227776654619622	0.00209168801030651	0.957724639537569	31.9441658339739	7	5	73.6144647771833
DOK4	0.00849991470282163	0.160822598972265	0.957849241264885	0.988257153685992	NO	0.303484733787665	0.305284455987412	0.00179972219974678	0.957875839852515	58.164521437205	7	5	661.273602663319
IST1	0.00239459308316486	0.0456581955257343	0.958173263180206	0.988346336431851	NO	0.050592070264179	0.0507072124419687	0.000115142177789684	0.958440141077298	3713.67110013984	7	5	938.598068752009
CCDC90B	0.00329842196965672	0.0637745426413852	0.958751768082591	0.988697906599796	NO	0.0777629913331848	0.0779998703517908	0.000236879018606084	0.959337311905379	1318.03459814899	7	5	772.025497693568
INSYN2A	-0.00926520818741981	0.181402367703355	0.959265395765668	0.988959242396489	NO	0.328769598211944	0.326728203929473	-0.0020413942824708	0.959088063056658	44.6595406460974	7	5	351.953343826112
AARD	0.0260813652120737	0.515818315927003	0.959673679298158	0.988959242396489	NO	0.12638431791281	0.129292166353074	0.00290784844026359	0.958617540338891	9.26596655412412	7	4	15.543398898368
ORC2	0.00771464688377262	0.152744145958293	0.959718380181401	0.988959242396489	NO	0.18495279871321	0.186118572777216	0.00116577406400595	0.959512561278379	82.5231176962677	7	5	128.545529307457
DDX25	0.00418033067636782	0.0849978517389303	0.960774571486637	0.989178359471387	NO	0.0521245394457634	0.0523314665555108	0.000206927109747401	0.961067364202313	886.79321857223	7	5	191.87308839717
ARMH3	0.0109760193860757	0.224851814716478	0.961067160375154	0.989178359471387	NO	0.284278126367041	0.286516629761541	0.00223850339450021	0.961324505056378	31.1702155182732	7	5	202.005488963968
MPPED1	0.0286195533827613	0.586921905865959	0.961108874207357	0.989178359471387	NO	0.320496088419773	0.326760562444102	0.00626447402432884	0.964244433790147	3.96707636820999	7	4	14.9452376400175
MIS18A	-0.0108930608413732	0.224185626876407	0.961246461599693	0.989178359471387	NO	0.234422279735062	0.232472977241316	-0.00194930249374609	0.961165339204672	38.0897540273236	7	5	85.4227543386686
LYRM2	0.00421420005045722	0.0871250077646656	0.961421702401416	0.989178359471387	NO	0.219037477632425	0.219759212439397	0.000721734806972213	0.961367826574084	278.036809455213	7	5	987.569139786115
LIN28B	0.0121472045825088	0.251843368035644	0.961530413210367	0.989178359471387	NO	0.41056821284482	0.413511020829998	0.00294280798517754	0.961559397372005	22.6211119171956	7	5	112.938458775438
MCM8	0.0159878658071957	0.334810054467111	0.96191385304128	0.989178359471387	NO	0.279022548261996	0.282250144904326	0.00322759664233019	0.963256782439197	16.0274920558662	7	5	26.4376423079336
PHF20L1	0.0101923002612341	0.217024505105519	0.962542061433352	0.989178359471387	NO	0.322200558890556	0.324430450096199	0.0022298912056431	0.962309745314369	31.6539891829497	7	5	210.014171548314
POP4	-0.00509842585914402	0.108633631330053	0.962567187094371	0.989178359471387	NO	0.0817541219414253	0.0813721963904792	-0.000381925550946141	0.962031542238439	419.375400105774	7	5	284.374309481938
GDAP2	-0.0108154752272821	0.231344516697598	0.962712069426648	0.989178359471387	NO	0.393457038086725	0.390878936005867	-0.00257810208085757	0.963488963173949	33.1657011102343	7	5	179.934407828541
NHLRC1	-0.0104514659454201	0.22406832743658	0.962796881858483	0.989178359471387	NO	0.183140199469604	0.181581836493442	-0.0015583629761626	0.962610637096647	50.5684020885562	7	5	33.1378400103102
ENPP1	0.0352028169687064	0.765269430264506	0.963309809165603	0.989178359471387	NO	0.594164010909916	0.602623660687871	0.00845964977795521	0.963814764431275	1.40605880048497	7	4	13.8397435649309
UBR5	0.00563791406417688	0.124085322898675	0.963759958050945	0.989178359471387	NO	0.159249232218552	0.160005537363567	0.000756305145015401	0.96393063523303	193.712874468207	7	5	358.085201751258
DLK1	0.00530847337311019	0.11718471477027	0.963868148030214	0.989178359471387	NO	0.053278727605347	0.0535471234042212	0.000268395798874291	0.963680164456153	512.163792563577	7	5	255.705407532285
CLYBL	0.0191410100137961	0.422757589640265	0.963886869475742	0.989178359471387	NO	0.197658288329616	0.200711427015046	0.00305313868543011	0.963565109721285	9.22278547837847	7	5	17.7526326366941
MED7	-0.00370079066860677	0.0820683732301479	0.96403238924482	0.989178359471387	NO	0.104904111220069	0.104557117552595	-0.000346993667473483	0.964106346942821	668.047279873042	7	5	485.941921834368
ST8SIA2	-0.00399762820910934	0.0888955814602632	0.964131275883369	0.989178359471387	NO	0.292396129304424	0.291569704467619	-0.00082642483680534	0.964204888217027	197.847635819185	7	5	774.03824120871
ZNF620	0.00577603071010413	0.128728795693643	0.964211117225114	0.989178359471387	NO	0.113572724113518	0.114155519188321	0.000582795074802758	0.964173387374194	326.213129302975	7	5	102.077506184041
CHST12	-0.00425598113397227	0.0956053517379519	0.964492987610544	0.989223577036455	NO	0.0912231716193125	0.0908709576744617	-0.000352213944850729	0.96485472839044	565.038612747311	7	5	95.8537175394015
NLK	-0.00673354298386578	0.157903892420713	0.965985878818821	0.990510538793763	NO	0.461184492872841	0.45951169570885	-0.00167279716399138	0.966070824139361	62.0277754456678	7	5	476.301176664224
MFSD8	-0.00647685378173781	0.154392608391693	0.966538124220284	0.99060671242747	NO	0.236957338654698	0.235788263886528	-0.00116907476816971	0.966380488559164	67.9187912259729	7	5	232.061520119445
EIF5A2	-0.00975421752918458	0.237472945218073	0.967236050154212	0.99060671242747	NO	0.407151657429136	0.404799341405153	-0.00235231602398339	0.967245229704331	25.2621384588623	7	5	205.810031995192
MIS12	0.00533347938725195	0.131717013921316	0.967700920842876	0.99060671242747	NO	0.272128227921141	0.273185936925341	0.00105770900419982	0.967849259863237	101.378393672725	7	5	304.358639882716
CBL	0.00227883717653735	0.0562960117241013	0.967710811047813	0.99060671242747	NO	0.22632024103521	0.22671951287539	0.000399271840179655	0.967637799189805	500.377398512395	7	5	465.60696684012
PHLPP2	-0.0112231487692697	0.277780220201167	0.967771854241595	0.99060671242747	NO	0.335885444515943	0.333386565850487	-0.00249887866545567	0.967658961440233	18.7816896062439	7	5	222.26286900484
RPA1	-0.00743674148257692	0.184366827797033	0.967824729542621	0.99060671242747	NO	0.0753475980623205	0.0748311112344444	-0.000516486827876139	0.969233148369077	160.116705330117	7	5	160.094740121425
GALK2	-0.00261366702837737	0.0653838889695258	0.968113715092053	0.99060671242747	NO	0.217317057652707	0.216872826570511	-0.000444231082196905	0.968205712443223	494.142898038798	7	5	218.681427761756
RBAK	0.00761881586008158	0.191070501137659	0.96819328461777	0.99060671242747	NO	0.140035435725529	0.140955454233754	0.000920018508225623	0.967814097002374	50.8098058728612	7	5	277.460739534822
PDXK	0.0049653893913166	0.124801577609955	0.968263521699328	0.99060671242747	NO	0.369088968151876	0.370245969856575	0.00115700170469929	0.968099237024128	111.270753426321	7	5	762.581763110005
PPAT	-0.00596494829988099	0.15086372256315	0.968460937365991	0.99060671242747	NO	0.390620199402987	0.389201256605388	-0.00141894279759935	0.96840843536238	65.7778840248979	7	5	493.80778348307
NARF	-0.00703530352754389	0.179332572188652	0.968706629959496	0.990614449516102	NO	0.150087123365357	0.149191900662414	-0.000895222702942872	0.969561690091587	98.7025582426354	7	5	458.640338408804
UGT8	-0.026878593635958	0.698123293725283	0.969288064363817	0.990965433215404	NO	0.436716069965446	0.430115690951219	-0.00660037901422778	0.969456637546489	2.13100510336491	6	5	13.3604717937047
DUSP16	-0.00979033643711906	0.256666591782439	0.969572727121994	0.991012910277026	NO	0.317354227753105	0.315237046934647	-0.00211718081845785	0.96946887441669	24.4348190485454	7	5	85.7432747242228
SLC6A6	0.0160466048551174	0.430431844754941	0.970261556328186	0.991272544545985	NO	0.527492635067228	0.531490308127114	0.0039976730598853	0.971072941417794	8.15556791759094	7	5	129.671620160791
ILRUN	0.00598103841245891	0.161130528646664	0.970389952831436	0.991272544545985	NO	0.402193531507521	0.403632413301282	0.00143888179376095	0.970302584992451	55.7002120074645	7	5	305.548540270347
C2orf68	-0.0040436910843324	0.109699633364214	0.970595451599974	0.991272544545985	NO	0.207479720722175	0.206815595443193	-0.000664125278982103	0.970543282027131	180.426199211342	7	5	320.032393896055
BTBD7	0.00594543505875217	0.16355278545909	0.971001861834315	0.991272544545985	NO	0.292166963410985	0.293398029208074	0.00123106579708943	0.970955756925485	66.5959430485075	7	5	241.666303806917
SYT17	0.0050752461812772	0.139693420251225	0.971018177650213	0.991272544545985	NO	0.273320463988893	0.2743296499096	0.00100918592070737	0.97106384185735	89.5609332635876	7	5	351.400093272485
HPS4	0.00602030538269308	0.167317205610362	0.97129719914609	0.991314118853713	NO	0.0697103752001726	0.0701018098734584	0.000391434673285812	0.970848675451433	230.770639400069	7	5	143.292573178455
TTF2	-0.0164957042554631	0.4672203986465	0.971835703404618	0.991620438107238	NO	0.161459748151713	0.159238839475497	-0.00222090867621522	0.972023297479804	8.18942662730021	7	5	34.9435812101341
GTF2H5	-0.00262329920963566	0.0754801953621965	0.972275261988208	0.991825671866343	NO	0.0956573610292114	0.0954306677911494	-0.000226693238062001	0.972232756618229	743.699519918264	7	5	971.371865778265
PCDHB14	-0.00605035863425487	0.175862137062087	0.972555004384315	0.991864942868834	NO	0.0661551196116799	0.065782316520674	-0.00037280309100593	0.972650255567721	193.533732038431	7	5	137.852919637209
CD200	0.00201440834382389	0.0590588080361745	0.972790617044433	0.991864942868834	NO	0.382548392089423	0.383024318094615	0.00047592600519214	0.972792678692224	429.331890993687	7	5	2330.95736791818
CLVS2	-0.0025952469260253	0.077478152721941	0.973278657033849	0.99211938575369	NO	0.29885089619946	0.298307374695566	-0.000543521503894251	0.973314859374029	258.191686099485	7	5	484.954553109243
TTC33	0.00275350093433152	0.0839655263620043	0.973839475883894	0.992285682276845	NO	0.230870544414613	0.231359844033032	0.000489299618418787	0.973797398273194	286.63979306052	7	5	835.257243815198
HS3ST4	0.00819499942687215	0.250865293492541	0.973940194431402	0.992285682276845	NO	0.278543647740999	0.2801934758616	0.00164982812060177	0.973997299095357	23.5274675257078	7	5	126.160499939393
SORBS1	0.00687734115934309	0.212772533303845	0.974214862605584	0.992285682276845	NO	0.388888267497145	0.390523939848332	0.00163567235118706	0.974222816061241	32.1683828672842	7	5	495.99944543498
PPP4R2	-0.0045367986021846	0.142880742996687	0.974669550876433	0.992285682276845	NO	0.184764679358373	0.184082293480694	-0.000682385877679076	0.974565945624046	102.218592050634	7	5	624.565435580966
ZNF652	-0.00190288738658856	0.0602930214590194	0.974822418691186	0.992285682276845	NO	0.526786271160411	0.52631189060706	-0.000474380553351361	0.974822518131385	399.480738968125	7	5	881.262484942787
GABBR2	-0.00337412338584066	0.108289691972023	0.975143290551438	0.992285682276845	NO	0.244256680131425	0.243634370216969	-0.000622309914456304	0.974907400585699	146.207296665912	7	5	891.306657186346
KCNN3	0.021505759692891	0.695148619504779	0.975319843277319	0.992285682276845	NO	0.264054246353633	0.268254603596439	0.00420035724280532	0.975412926106468	1.63073261698065	7	5	55.89719084603
GPR173	0.0071966615599288	0.232908731558658	0.975350037218755	0.992285682276845	NO	0.217926463452844	0.219155512661574	0.00122904920872971	0.975760713509969	32.9771815952492	7	5	225.848209231313
TTC5	0.00248665962518317	0.0817272325969814	0.975727047478185	0.992426532398349	NO	0.0756496177217873	0.0758236853444072	0.000174067622619928	0.976009168645328	765.609463815891	7	5	521.386369392107
NDUFA4	0.000668845070986029	0.0225367059917251	0.976323832503255	0.992790795212305	NO	0.0524377681090655	0.0524710116656609	3.32435565953554e-05	0.97641000441782	15821.0109512476	7	5	4140.54947033938
MAP4K5	-0.00331832330182852	0.113439461873499	0.976663664051216	0.992893656513455	NO	0.353096589706229	0.352338990332717	-0.000757599373511997	0.976600436447582	116.491052411961	7	5	560.646064819555
ATG14	-0.00787364388753125	0.273085797228916	0.976998479344684	0.992991369184922	NO	0.391547987054601	0.389673794694108	-0.00187419236049313	0.976811739730846	19.1107283024806	7	5	115.912155525316
FAM124A	-0.0101804838020025	0.363092161025978	0.977631611052024	0.993090401979416	NO	0.198995472113401	0.197377712315599	-0.00161775979780254	0.977470506684166	12.4310921380241	7	5	110.589271083593
TTLL4	-0.0093522919888109	0.334068489742212	0.977666032483033	0.993090401979416	NO	0.136448431402481	0.135350190502458	-0.00109824090002386	0.978242242373946	31.722030058931	7	5	35.8541099429137
ALDH16A1	-0.0185716248353102	0.684833894998636	0.978365269570541	0.993090401979416	NO	0.377235783020558	0.37288282032048	-0.00435296270007829	0.978254257626758	1.77824931843225	7	5	19.9964305396674
PLXDC1	0.0188423905847872	0.695147994211179	0.978375523035243	0.993090401979416	NO	0.234311739360365	0.237709155545112	0.00339741618474712	0.978365280791559	1.61008767617257	7	5	32.1114556787888
ESS2	0.00540539056054638	0.203292816382696	0.978787398324523	0.993090401979416	NO	0.151355910281793	0.152051527334327	0.000695617052533959	0.979741477552646	61.0033836917625	7	5	141.432227939271
AGO4	0.00481344025621872	0.184441884650673	0.979179708736944	0.993090401979416	NO	0.311383746810233	0.31241679939256	0.00103305258232661	0.979049823569392	43.8032359318729	7	5	172.577460401983
RBM28	-0.00368911182920189	0.142319779915131	0.97932012135744	0.993090401979416	NO	0.200057507325632	0.199467775374442	-0.000589731951190414	0.979355730852273	95.8055108995139	7	5	298.269117773604
YTHDF2	-0.0022867433194373	0.0893564117646359	0.979583355929798	0.993090401979416	NO	0.208792650715108	0.208415136210202	-0.000377514504906917	0.979531430576888	247.645933067495	7	5	700.769836720591
TNKS	0.00292452419369744	0.114939328454589	0.979700760566239	0.993090401979416	NO	0.196684343620854	0.197146827228778	0.000462483607923642	0.979573743496898	124.845426136423	7	5	1092.1125642279
RIMS4	-0.00981454593964181	0.386047920281944	0.97971746307925	0.993090401979416	NO	0.453242227955903	0.450811184042835	-0.00243104391306759	0.980139856788124	9.61308375617505	7	5	445.649988486098
DRAXIN	-0.00285666197081596	0.112389155540458	0.979721877337386	0.993090401979416	NO	0.434642901199357	0.433941069593573	-0.000701831605784464	0.979735028359197	116.456052726731	7	5	155.870253820212
FAM114A2	0.00538252265255915	0.223682954598969	0.98080221486592	0.993707727755657	NO	0.156678201841376	0.157390710279424	0.000712508438047876	0.98076149664441	45.3663611965214	7	5	192.744904228514
STAR	-0.00722840286457367	0.300493242249929	0.980808637058828	0.993707727755657	NO	0.22382304785443	0.222569791589409	-0.00125325626502171	0.980983288827855	20.4855818036291	7	5	38.3278795274579
PPP1CB	-0.00120044524461796	0.0509159967872871	0.981190037374085	0.993852095319259	NO	0.137119285056155	0.136977313134455	-0.000141971921700179	0.981191655328837	984.608550061797	7	5	3732.39131404191
UBXN7	-0.00263153128024019	0.11875024261142	0.982320151118056	0.99475458341069	NO	0.168026283166768	0.16765873362991	-0.000367549536858608	0.982500807523927	156.025889299914	7	5	694.298446935519
AGPAT4	0.00198109676238247	0.091366828996093	0.982700913592823	0.99478950715699	NO	0.210993171910185	0.211323163928494	0.000329992018309078	0.98289940517598	251.157452112019	7	5	514.463322603427
MORC3	0.00270011932409282	0.125804634951673	0.982876480426273	0.99478950715699	NO	0.35090963522571	0.351524894280834	0.000615259055124273	0.982816358234664	97.3096629813093	7	5	346.105189241255
ANGEL1	0.00455296932404565	0.214584050197466	0.983072034596727	0.99478950715699	NO	0.152401789396734	0.152990852649008	0.000589063252274369	0.983518975729674	42.4691747538157	7	5	111.26240812738
JAKMIP2	-0.00208956938491448	0.100267921806493	0.98337340149461	0.994852468438127	NO	0.212535173000154	0.212185664434711	-0.000349508565442275	0.983457961087135	192.721594866995	7	5	605.77326615922
ZBTB21	0.00218896941618978	0.108679200237213	0.983930441021795	0.995173993350515	NO	0.126794767595821	0.127037323648799	0.000242556052978044	0.983861616641994	174.953863609687	7	5	320.484259244184
LRPAP1	0.00100936110158246	0.0514898958608726	0.984359998241133	0.995366454225355	NO	0.0966040077020597	0.0966921322088271	8.81245067674147e-05	0.984298830906592	1858.72104781834	7	5	415.299135113084
SEC24A	0.0023510838507156	0.12526675790284	0.985025689106658	0.995797537468699	NO	0.37798656321169	0.378539491294068	0.000552928082377946	0.985054321749327	94.6384267141481	7	5	376.471554771136
FAR2	0.00111185658570659	0.0615445345308893	0.985586292005457	0.995917752152259	NO	0.308891104556554	0.309128511219677	0.000237406663122441	0.98552374412626	447.188847729441	7	5	1090.40064162733
PGAP1	0.00147124920834166	0.0816482563260524	0.985623410002609	0.995917752152259	NO	0.167609553718603	0.167814917784965	0.000205364066361569	0.985579294607698	322.737561521211	7	5	1143.5056136594
LHFPL6	-0.00168476704297626	0.097234434772335	0.986175860881375	0.996233992536795	NO	0.371277685379911	0.370884494619114	-0.000393190760797135	0.986142580643128	156.805495056674	7	5	738.532874701628
FAM219B	-0.00152083158999499	0.0905490084756236	0.986599621388694	0.996420108030339	NO	0.374712726234697	0.374356458632253	-0.000356267602444227	0.986595586467809	185.546177861937	7	5	1027.78500853499
SDC2	0.00319406996261599	0.195056273031928	0.986935128104836	0.996497833980229	NO	0.127811518672199	0.128168003451524	0.000356484779325095	0.986807538956304	94.10186040096	7	5	274.588690901733
YIPF6	0.00114509901135179	0.0728597351325086	0.987460574649822	0.996497833980229	NO	0.167800637601944	0.167960604165479	0.000159966563534397	0.98752196078897	493.249556432938	7	5	707.726937506579
PACSIN1	0.0103572109530455	0.661389860015379	0.987505824523354	0.996497833980229	NO	0.398291489095444	0.400776245681411	0.00248475658596675	0.987797507577166	2.04424530624468	7	5	113.40941403244
FILIP1	0.01217650297321	0.786397528132961	0.987646126572958	0.996497833980229	NO	0.46841484874029	0.471447955986249	0.00303310724595934	0.987839476589814	1.25851854494126	7	4	11.4613667534926
RANBP10	0.00676967461724294	0.446172534990746	0.987894343115836	0.996497833980229	NO	0.425576717425291	0.42723246791583	0.00165575049053923	0.988014574963203	6.89573770062285	7	5	107.08641582486
TENM4	-0.00140618522162849	0.0943897581819825	0.988113837780876	0.996497833980229	NO	0.0482521663340258	0.0481876298387396	-6.45364952862396e-05	0.988006256277209	916.139080804279	7	5	234.600026376595
PPM1D	-0.00216951007006721	0.151167778138436	0.988549417147907	0.996536814850314	NO	0.169191534448201	0.168886794447365	-0.000304740000836079	0.98872044057754	105.985685666333	7	5	204.991454068859
PRRG3	0.00616191491090508	0.442596580861906	0.988892056187836	0.996536814850314	NO	0.62846301927183	0.629900666915389	0.0014376476435588	0.989010770654058	9.39894095345769	7	5	169.209323956972
RAVER2	0.00662323723507784	0.483126190873542	0.989062043610586	0.996536814850314	NO	0.51593961220928	0.517593558087701	0.00165394587842149	0.989088479443803	5.11416441706185	7	5	90.682033899906
IL11	-0.00641915634689408	0.470332009144864	0.989110699162727	0.996536814850314	NO	0.169148562953765	0.168248346840245	-0.000900216113519897	0.989236550479832	6.96260811011922	7	5	71.6900190178625
NKD1	-0.00962684411973446	0.735549230969599	0.989557611257707	0.996745681073139	NO	0.28068389360191	0.278744339488008	-0.00193955411390168	0.989609959857978	1.70043827449799	7	4	17.1307265147792
GSTO2	0.00793883067841696	0.639715669795699	0.990098557616343	0.997049140567414	NO	0.214980066131134	0.216322883446029	0.00134281731489511	0.990063499775519	2.38575376378177	7	5	72.7657164120888
ADGRL3	-0.000865417637212778	0.0714943108486062	0.990342077558193	0.997053011288016	NO	0.100372335026286	0.100294216800334	-7.81182259522867e-05	0.99035240321999	832.409363996712	7	5	963.587795920487
LRRN1	-0.000685356665778666	0.0592898993053411	0.990777125094132	0.997237908840879	NO	0.0490214955134663	0.0489895551635755	-3.19403498907356e-05	0.990763801378099	2288.10725549125	7	5	901.691310405942
LNPEP	-0.00197570915319582	0.186385449477862	0.991542481917462	0.997237908840879	NO	0.381712775625952	0.381246601295362	-0.000466174330589708	0.991518916614029	43.9399461887556	7	5	334.820916767423
XRRA1	0.00368160849981621	0.348617417030236	0.991574018287725	0.997237908840879	NO	0.580217591813029	0.581114037535554	0.000896445722525674	0.991555232113074	11.2091916630036	7	5	207.490130567997
SNX27	0.00135531341949898	0.13205573500109	0.991811300974501	0.997237908840879	NO	0.656955345392463	0.657260720620459	0.000305375227996785	0.991811131463845	92.3385073259844	7	5	1882.50478656456
PLEKHA3	0.00137800969222174	0.140316582824564	0.992164326108307	0.997237908840879	NO	0.172542102328419	0.172738931384416	0.000196829055996661	0.992361979004887	177.387517802942	7	5	490.358058147539
LARP1B	-0.00204560771161713	0.211839645687845	0.992295429685822	0.997237908840879	NO	0.322818222972319	0.322371201765171	-0.000447021207147069	0.992311528397788	35.8125973561276	7	5	108.662705685826
KAZN	0.00470927065426603	0.49381404796038	0.992391068236811	0.997237908840879	NO	0.438210982301245	0.43937065582182	0.00115967352057439	0.992347801615412	5.28646486024117	7	5	49.9459887955907
MPP2	0.0011159385259172	0.132708843482092	0.993290728755248	0.997237908840879	NO	0.240682812997952	0.240886814906321	0.000204001908368695	0.993267335932267	94.8652695617572	7	5	425.976616702843
CLPX	0.00106959105729569	0.127471706188645	0.993305179616311	0.997237908840879	NO	0.189666528021065	0.189830971393075	0.000164443372010409	0.993253710904642	138.421809765833	7	5	278.910986939974
MPP7	-0.00211323921349718	0.251888263425325	0.993306154326732	0.997237908840879	NO	0.273506312643569	0.273086611763507	-0.000419700880061324	0.993455476609657	24.9480204243524	7	5	74.1113117758618
ZNF324B	0.00467009283065227	0.558522170387998	0.993328552122666	0.997237908840879	NO	0.252761515002402	0.25364458807465	0.000883073072248219	0.993220763893856	3.61143509329029	7	5	22.7553239641682
LYRM7	-0.00108407549634831	0.132412941571744	0.993467727336676	0.997237908840879	NO	0.249729062478294	0.249526000373864	-0.000203062104429691	0.993522876964393	103.095822966607	7	5	417.104374277911
ICA1L	0.00192804672530517	0.252488114850069	0.993907262664469	0.997237908840879	NO	0.235112298905382	0.235459205298537	0.000346906393155322	0.993931916216696	24.3422723312104	7	5	390.094475456648
FAM20B	-0.00117868460614786	0.157757216092106	0.994038653046947	0.997237908840879	NO	0.337995437877747	0.337731752249186	-0.000263685628561439	0.994043357581357	60.7027837659445	7	5	463.97841974376
DIAPH1	-0.00149455148476005	0.202853952053507	0.994121540375751	0.997237908840879	NO	0.380322757874752	0.37997058898567	-0.000352168889082127	0.994123279812283	35.4080271831899	7	5	208.712828778165
RNF214	-0.00100287587784754	0.149372937066598	0.994643118201062	0.997520581416687	NO	0.645907449568622	0.645678047258977	-0.000229402309644189	0.994665744344034	69.6139637097219	7	5	337.501663913117
SLC7A1	0.000762371448587259	0.127182825000772	0.995217272727897	0.997855833826958	NO	0.370147175324061	0.370324930853294	0.000177755529233437	0.995230887969686	91.1368078871198	7	5	676.746886462701
PLEKHM3	-0.000387917674398248	0.0746794615506103	0.995855458449309	0.998113094354195	NO	0.273171369526275	0.273094355725706	-7.70138005686816e-05	0.995831165670351	276.718504254401	7	5	373.840745944108
STK24	0.000556981456547056	0.119783038236264	0.996289914583021	0.998113094354195	NO	0.129436586768175	0.129499361929149	6.27751609745819e-05	0.996308883966798	204.439791636903	7	5	1724.39811497069
SRSF3	0.000260377116847624	0.0600077394455777	0.996537942746423	0.998113094354195	NO	0.068263016014041	0.0682795786875917	1.65626735506852e-05	0.996556075601726	1931.40686597396	7	5	1623.34988003981
CSTF2T	-0.000489856060178056	0.12907904106391	0.996972028564517	0.998113094354195	NO	0.128972894854474	0.128917874970719	-5.50198837545313e-05	0.996961497100793	172.53267854978	7	5	432.758492989114
ODF2L	-0.000255524605142909	0.0692659512794404	0.997056581608246	0.998113094354195	NO	0.0587198779663054	0.058705756240076	-1.41217262293394e-05	0.997064664757067	1435.580317587	7	5	450.76104289485
ABR	0.000606666574775141	0.175619724728121	0.99724376671461	0.998113094354195	NO	0.421295346444903	0.421443262197589	0.000147915752686523	0.997249513058153	49.1313914429321	7	5	673.871864077383
ISCA2	0.00045346767216164	0.131394699705942	0.997246356687082	0.998113094354195	NO	0.0856274860706676	0.0856629971844708	3.55111138031772e-05	0.997324972862098	274.559226236639	7	5	328.465967999266
NANP	-0.000549635616855539	0.168237696763735	0.997393301257305	0.998113094354195	NO	0.211536512940399	0.211444854401036	-9.16585393637148e-05	0.997391495618288	63.58866771792	7	5	134.864706135904
CHKA	0.000412201366281915	0.157597808070019	0.997913113544289	0.9983931102319	NO	0.334631767836753	0.334723552106096	9.1784269342976e-05	0.99790106127678	62.1869614544692	7	5	391.179648567286
ZBTB46	0.00013994508886751	0.225099904713082	0.999503953505814	0.999615871429229	NO	0.333842589009159	0.333873712361104	3.1123351945106e-05	0.999501530497266	28.9842042800983	7	5	169.785150748665
ILDR2	0.000116326370981197	0.241624859219286	0.999615871429229	0.999615871429229	NO	0.0790100630477952	0.0790185282384028	8.46519060754281e-06	0.999620241047259	57.0508965130762	7	5	71.2009580434215
