ID	method	n_ref	n_comp	beta	se	p_wald	p_lrt	delta	mean_expr	qvalue	padj_BH
HDAC5	betareg	33	19	0.237062656630397	0.0519735765369621	5.08584733906624e-06	2.73105268666107e-05	-0.0303576937991498	763.840961338339	0.0196267695338392	0.0217369115271691
PHC1	betareg	33	19	-0.228331208688303	0.0637294932010381	0.000339906759549234	0.000709891655134761	0.0233209970025508	612.949846390281	0.386540191075405	0.428098466261328
COPZ1	betareg	33	19	0.0776598872824946	0.0220757480424996	0.00043500496215395	0.000853988446301321	-0.0138790128309139	1934.69486904893	0.386540191075405	0.428098466261328
ATF5	betareg	33	19	0.427588501113501	0.12333997157147	0.000526797086963545	0.0010899731323126	-0.0728788612584713	52.6088247307216	0.386540191075405	0.428098466261328
PHLPP2	betareg	33	19	-0.374678126209141	0.108725460216767	0.000568753062293124	0.00102138923937735	0.0656217186520947	238.445932060314	0.386540191075405	0.428098466261328
JPT2	betareg	33	19	-0.201756046648256	0.0590255735927344	0.000630570538762495	0.00114359307446475	0.0197688494801965	845.170779276097	0.386540191075405	0.428098466261328
ECPAS	betareg	33	19	0.193269810938369	0.0572483896685877	0.000735514334880574	0.00130072827843678	-0.0347788981708323	343.829862258374	0.386540191075405	0.428098466261328
ZNF181	betareg	33	19	0.434204908058945	0.129522825065721	0.000801307377185452	0.00107747148963655	-0.0337569888746052	303.801366107549	0.386540191075405	0.428098466261328
WSCD1	betareg	33	19	0.305437001097872	0.0953012044524276	0.00135079021389584	0.00195421988044561	-0.0532265190409699	176.542563827735	0.480310241471551	0.531950059660078
TIMM10B	betareg	33	19	0.163195874146178	0.0514252881164534	0.00150635883209721	0.00245658137292497	-0.0291241312808813	768.664434548975	0.480310241471551	0.531950059660078
GGCX	betareg	33	19	0.32231651487072	0.102514099543444	0.00166587755103725	0.00193164033819476	-0.0221816257465815	1047.70264900587	0.480310241471551	0.531950059660078
VPS13A	betareg	33	19	0.410684986824345	0.130807306968091	0.00169168218849732	0.00218580810545422	-0.0464550678078115	208.3060562159	0.480310241471551	0.531950059660078
COG3	betareg	33	19	-0.194285808279822	0.0620965677848768	0.00175540327950541	0.00254484148486531	0.0224930300850907	324.707242147266	0.480310241471551	0.531950059660078
NKAP	betareg	33	19	0.354223893886346	0.114290367471468	0.00193956965038007	0.00273279268931155	-0.0551320439376278	81.8181709368585	0.480310241471551	0.531950059660078
ORAI2	betareg	33	19	0.210526842637846	0.0684397240943086	0.00209733584585716	0.00379513584834035	-0.00478145612834006	4551.22206666754	0.480310241471551	0.531950059660078
MAP1LC3B	betareg	33	19	0.117385787186565	0.0381813283660249	0.00210905841252888	0.00303244136309672	-0.015509449416437	11839.2140504633	0.480310241471551	0.531950059660078
CDS1	betareg	33	19	0.30813431617419	0.100256175794644	0.00211585189850756	0.00309222384768675	-0.0411317695129918	159.147366496414	0.480310241471551	0.531950059660078
KDM7A	betareg	33	19	0.598887659897793	0.197287936354801	0.00240055988089941	0.00266355401796641	-0.0603481665648907	61.6703320522576	0.514666074451175	0.569999607275782
DCUN1D1	betareg	33	19	-0.228366552920139	0.0757172091972284	0.00256094773701623	0.0040908435567688	0.0277815412291827	689.455268378435	0.520154808469907	0.576078454105651
EIF1	betareg	33	19	0.136028305365147	0.0456608446738858	0.00289094697389676	0.00467586787713341	-0.00643941576370344	9268.67494877173	0.557821993155215	0.617795368321738
LLPH	betareg	33	19	0.194149169968918	0.0663629399659815	0.00343830081965127	0.00480742501011396	-0.0344887271079182	165.778585573364	0.605668475918603	0.67078599222043
B3GAT2	betareg	33	19	-0.288382023052083	0.0986172263882073	0.00345280576248233	0.00436050355413835	0.00706362073804703	3913.72133484742	0.605668475918603	0.67078599222043
SZRD1	betareg	33	19	0.185048108968634	0.0642221789507566	0.00395945657918686	0.00550828464715387	-0.0334651363989644	216.98291234839	0.664344358818217	0.73577032258455
EEF1A1	betareg	33	19	0.377854389263246	0.133632663379907	0.00469042077966323	0.00549454790298164	-0.0494993980430076	531.38255689977	0.754199198299851	0.83528576717836
RNASEH2C	betareg	33	19	0.213263632733015	0.0766528210668997	0.00539914221267177	0.00666634099405345	-0.016498232159209	1172.77968389937	0.792620698545065	0.877838096033671
SYP	betareg	33	19	0.313194936286479	0.112658168024223	0.00543511291495827	0.00969160518125478	-0.0070192993783542	3950.17171921934	0.792620698545065	0.877838096033671
RHBDL3	betareg	33	19	0.494266685472211	0.178209899592574	0.00554553780835497	0.00676361828702705	-0.0697060355730508	121.806669115579	0.792620698545065	0.877838096033671
DHODH	betareg	33	19	0.309413699230206	0.112216423510317	0.0058281878917951	0.00800986197929194	-0.0508795881573379	83.1862855600691	0.80305602176442	0.889395357007539
MED22	betareg	31	18	0.496271942594145	0.181466814794397	0.00624218480548199	0.0121056255693785	-0.0151623798661455	463.15612442189	0.80305602176442	0.889395357007539
KIAA0930	betareg	33	19	0.186536585506952	0.0682098242011897	0.00624283123776934	0.00820332370567963	-0.0337298334020437	1236.56375676499	0.80305602176442	0.889395357007539
ZNF835	betareg	30	17	0.524872221830312	0.194207201511727	0.00687911323170006	0.00935417869389874	-0.0293278881968862	145.818823211642	0.822096252746147	0.910482669190682
RPL14	betareg	33	19	0.288743940237883	0.107571197227453	0.00727009054388929	0.00938227189936381	-0.0501146761054905	992.699348055519	0.822096252746147	0.910482669190682
CISD2	betareg	33	19	0.143409379678595	0.0535672255002382	0.00742435989083573	0.00896420014647312	-0.0196707616269954	1212.30297406434	0.822096252746147	0.910482669190682
UBE2R2	betareg	33	19	0.176627172549733	0.0660850649705473	0.00752380111881605	0.00989811043992011	-0.0226007779145884	1388.26688454626	0.822096252746147	0.910482669190682
PNRC2	betareg	33	19	0.225998675464433	0.0845882758299494	0.00754569758892177	0.00942654666237863	-0.0385114872560946	311.220825641544	0.822096252746147	0.910482669190682
OSBPL9	betareg	33	19	-0.327601434299256	0.123367226877091	0.00791913839606638	0.0134525773622247	0.00859973992188147	680.959322588473	0.822096252746147	0.910482669190682
CPPED1	betareg	33	19	0.1455308946773	0.0553190039486355	0.00851947562316346	0.0107386855445978	-0.026411786533617	237.910875765549	0.822096252746147	0.910482669190682
CHID1	betareg	33	19	0.270001334959543	0.103025457992647	0.00877431545564632	0.0119010846635165	-0.0269007724000012	472.311090103542	0.822096252746147	0.910482669190682
SATB1	betareg	33	19	0.288988641554895	0.111419753503964	0.00949512128644716	0.0123866350349486	-0.0348252243903206	417.223646456379	0.822096252746147	0.910482669190682
DERL1	betareg	33	19	0.0910003014466187	0.0351005555780052	0.00952645224987726	0.0116812729015489	-0.0136320886268589	1111.91691051596	0.822096252746147	0.910482669190682
TANGO2	betareg	33	19	0.282596170968822	0.109413112649047	0.00979917754805565	0.0125403589017827	-0.0237896770225286	889.753894130635	0.822096252746147	0.910482669190682
UBE2N	betareg	33	19	0.175424685663888	0.0684725078976843	0.0104079544272265	0.0132978182121435	-0.00881832618071378	5471.52369672991	0.822096252746147	0.910482669190682
CTDSPL	betareg	33	19	0.327880651634334	0.128168653884907	0.0105216501533226	0.0126283992952613	-0.0563807092399115	116.787529678728	0.822096252746147	0.910482669190682
CTC1	betareg	33	19	0.299572474827187	0.117240697271468	0.0106129283173282	0.0131766398212909	-0.051739110946865	78.4802334389059	0.822096252746147	0.910482669190682
DERL2	betareg	33	19	0.127556590496778	0.0499284697054451	0.0106252885966463	0.0127499858317538	-0.0223167369806492	834.166833465639	0.822096252746147	0.910482669190682
SRSF3	betareg	33	19	0.347215091827351	0.13596888769411	0.0106604535217167	0.0123720923667719	-0.00570397920852283	2433.12306858008	0.822096252746147	0.910482669190682
PSEN1	betareg	33	19	0.251749466783423	0.0988585743713684	0.0108789953882406	0.01364868682876	-0.0325010334860916	669.741541697739	0.822096252746147	0.910482669190682
ALPK3	betareg	32	19	0.434570833511031	0.171661164752236	0.0113555830507757	0.0129397425682237	-0.07569905698051	80.7140417854614	0.822096252746147	0.910482669190682
DRGX	betareg	33	19	0.159389845848226	0.0629939480076487	0.0113984328655689	0.0139663086382059	-0.0285236740697607	406.058095352183	0.822096252746147	0.910482669190682
INVS	betareg	33	19	0.248053171871421	0.0982700777953927	0.011596246625129	0.0138734875950955	-0.0391385537816657	77.5666096705129	0.822096252746147	0.910482669190682
CHST9	betareg	32	19	0.387664897052805	0.154336605669281	0.0120112266334609	0.0153872701659363	-0.0428393063150919	69.1647521466219	0.822096252746147	0.910482669190682
CCDC47	betareg	33	19	0.151369709159787	0.0603483892933546	0.0121325887447893	0.014639933689331	-0.0268257974663422	276.492937001965	0.822096252746147	0.910482669190682
THOC5	betareg	33	19	0.236362558095106	0.0943626055737774	0.0122509259878695	0.0152872203253963	-0.035316507533076	238.424125670568	0.822096252746147	0.910482669190682
TM2D2	betareg	33	19	0.158168835020219	0.063229458939585	0.0123666545188242	0.0150667045647664	-0.0167538933593036	1244.79594121416	0.822096252746147	0.910482669190682
COL6A1	betareg	33	19	0.115496653863324	0.0463713006484739	0.0127494385432448	0.0150744974361471	-0.0203353282432299	3291.01591491839	0.822096252746147	0.910482669190682
NOPCHAP1	betareg	33	19	0.244914000663542	0.0985828131693566	0.0129788955384183	0.0157469951838545	-0.0406129025222736	371.321411672896	0.822096252746147	0.910482669190682
PTBP1	betareg	33	19	0.185510250458207	0.0746827462630784	0.0129924070072683	0.0139001121514709	-0.024309522298191	193.360850733402	0.822096252746147	0.910482669190682
BCL2	betareg	33	19	0.561789420578174	0.226699688145166	0.0132076080301964	0.0131457853318838	-0.0937675145866815	62.3216560755079	0.822096252746147	0.910482669190682
KCNN1	betareg	33	19	0.262963249672644	0.106377977843525	0.013437050997444	0.0163152591545936	-0.0245634611314424	146.92572042583	0.822096252746147	0.910482669190682
GABRB2	betareg	33	19	-0.242288087133163	0.098470690250658	0.013873982702359	0.0162271944430363	0.0319019826200389	338.304909867194	0.822096252746147	0.910482669190682
KCNMB4	betareg	33	19	0.26913577117795	0.109452545666657	0.0139353122375709	0.0174338693702849	-0.0381423292709764	305.8323235894	0.822096252746147	0.910482669190682
ICMT	betareg	33	19	0.16882331010871	0.0688833502752893	0.0142516163168761	0.0167550931252421	-0.0185938442098087	1397.95614814042	0.822096252746147	0.910482669190682
M6PR	betareg	33	19	0.123247728859593	0.0502989970002208	0.014273647362402	0.0177396906520687	-0.0191415375997668	505.48569711725	0.822096252746147	0.910482669190682
UQCRB	betareg	33	19	0.184944067870733	0.0757855296822339	0.0146725822581342	0.0180037336355817	-0.0305596724680871	1528.48062678322	0.822096252746147	0.910482669190682
ZNF227	betareg	33	19	0.322275237880599	0.132195870917293	0.0147744292127104	0.0227083317550385	-0.00684991404644462	403.872162074391	0.822096252746147	0.910482669190682
RWDD1	betareg	33	19	0.290900820384001	0.119368176547649	0.0148094823776902	0.0176047685818593	-0.0512215053720565	165.934405005956	0.822096252746147	0.910482669190682
GLIPR2	betareg	33	19	0.144688532105844	0.0594391698109309	0.014923563227672	0.0176432213380829	-0.024874385147457	283.703511034576	0.822096252746147	0.910482669190682
PSMB2	betareg	33	19	0.166874640866632	0.0686125404909982	0.0150103050333423	0.0178665252888258	-0.0262774002541198	1405.49911532963	0.822096252746147	0.910482669190682
MEIS2	betareg	33	19	-0.235593103518742	0.0969961300551445	0.0151450519868272	0.0180176006683394	0.0429524375466606	128.78833208266	0.822096252746147	0.910482669190682
OSGIN2	betareg	33	19	-0.1917191649445	0.0795416179026305	0.0159394060221113	0.0195411916606384	0.0324275176814405	242.817688634291	0.822096252746147	0.910482669190682
SLITRK1	betareg	33	19	-0.229770713791955	0.0955043715029226	0.0161341844760863	0.0188279942441914	0.0167030840774584	798.036504000216	0.822096252746147	0.910482669190682
NF1	betareg	33	19	-0.214015582695049	0.0894959667546866	0.0167868470038837	0.0198731788555929	0.0349522414790919	310.67146148768	0.822096252746147	0.910482669190682
PHB	betareg	33	19	0.139327230744171	0.0584517649979253	0.0171429478689475	0.0202632694126467	-0.0200282453035742	1366.43912876507	0.822096252746147	0.910482669190682
ZNF555	betareg	33	19	-0.384032658983959	0.161301393621879	0.0172732565187183	0.0197873318324591	0.0545836213132262	281.113849601897	0.822096252746147	0.910482669190682
DDX24	betareg	33	19	0.176807099247749	0.0743593352797887	0.0174191456045547	0.0208444758110427	-0.0152527536354401	1368.99070102209	0.822096252746147	0.910482669190682
RGS6	betareg	33	19	0.425674034374322	0.179529159084009	0.0177372513160768	0.0200946631718242	-0.0761102654982636	107.926295676614	0.822096252746147	0.910482669190682
CMSS1	betareg	33	19	0.374496165391773	0.159069467376894	0.0185579666428258	0.0198815534456476	-0.0488954045443598	234.307327170134	0.822096252746147	0.910482669190682
MAFG	betareg	33	19	0.132092604443177	0.0564606320056383	0.0193068654408822	0.0225678620158691	-0.0147615185051397	1324.34091263428	0.822096252746147	0.910482669190682
SLC36A4	betareg	33	19	-0.195866352796829	0.0837428732805033	0.0193405189570657	0.0209386847225049	0.0239158673369926	454.482480867383	0.822096252746147	0.910482669190682
B4GALNT1	betareg	33	19	0.151685073453201	0.0648857490978028	0.019401489911695	0.0222863235057247	-0.028052356641045	1502.21484009596	0.822096252746147	0.910482669190682
S100PBP	betareg	33	19	0.176742420104793	0.0757568960688264	0.0196470496228296	0.0221641825149795	-0.0131634968383552	593.866259994869	0.822096252746147	0.910482669190682
MAP2K7	betareg	33	19	0.320723070983422	0.137632068252561	0.0197906605977788	0.022391865244742	-0.0551587169551107	51.2823498979138	0.822096252746147	0.910482669190682
RER1	betareg	33	19	0.12174410801894	0.0522861415745589	0.0198898022757912	0.0234758639761098	-0.0179443386396099	1577.87476439515	0.822096252746147	0.910482669190682
BAALC	betareg	33	19	0.0749625110352378	0.0322766567782707	0.0202060689656459	0.0233647079421511	-0.0133493630499562	3111.85090155883	0.822096252746147	0.910482669190682
TMED10	betareg	33	19	0.153993016450134	0.0665026584795924	0.0205805622311702	0.0237881025909761	-0.0278552031144415	2352.75354978112	0.822096252746147	0.910482669190682
LHX9	betareg	33	19	-0.229528286211135	0.0992198682017862	0.020704508849551	0.0228206347150603	0.0147099798800187	955.329225689449	0.822096252746147	0.910482669190682
ELFN2	betareg	33	19	0.384505694135709	0.166385343777255	0.0208364521979183	0.0265019031848503	-0.0603477325217493	71.6404941510264	0.822096252746147	0.910482669190682
EXOG	betareg	33	19	0.20687052464585	0.0896138987510013	0.0209733023103467	0.0258761652207519	-0.0220481232659397	461.311285810644	0.822096252746147	0.910482669190682
TFDP2	betareg	33	19	0.260390973598371	0.112916918993194	0.0211083767294385	0.0253411127136617	-0.034437530811857	201.545365082088	0.822096252746147	0.910482669190682
XKR6	betareg	33	19	0.167794794995359	0.0728713839924961	0.0213004733688727	0.0280110117260046	-0.0111679939352541	792.098198016309	0.822096252746147	0.910482669190682
SEMA6A	betareg	33	19	0.265771800284911	0.115434138135372	0.0213144599463979	0.0256002260542404	-0.0323246870208521	486.890053489918	0.822096252746147	0.910482669190682
ZNF225	betareg	33	19	0.283867117371584	0.123383397982424	0.0214090829628249	0.025102251987065	-0.0287915836163834	198.476747334797	0.822096252746147	0.910482669190682
RIC3	betareg	33	19	0.115478897471736	0.050567541605943	0.02239172366458	0.0274830420212886	-0.0139266895795996	2054.29427476801	0.822096252746147	0.910482669190682
PCYT2	betareg	33	19	-0.141418852264321	0.0619363409570693	0.0224130784782446	0.0259533890139025	0.0257927570931032	980.861509143418	0.822096252746147	0.910482669190682
ZNF790	betareg	33	19	-0.253911904828424	0.111267087697023	0.0224891223338703	0.0292751886988373	0.0257028330546736	153.792089197358	0.822096252746147	0.910482669190682
PPIA	betareg	33	19	0.11632238004818	0.051048461088884	0.0226869419970083	0.0274557571361043	-0.0153180680842762	5358.18576383415	0.822096252746147	0.910482669190682
SLC49A4	betareg	33	19	0.300210854818948	0.131860140099364	0.0228019378745804	0.0274871159141523	-0.0262511621936437	205.315307663949	0.822096252746147	0.910482669190682
EEF1AKMT2	betareg	33	19	0.169128804057365	0.0743259766909664	0.0228759171295278	0.0253554370846705	-0.0293331070814328	231.880017138814	0.822096252746147	0.910482669190682
LAMTOR3	betareg	33	19	0.137827295982573	0.0606168083609309	0.0229811927800103	0.0266876876608727	-0.0241019512034365	1372.78520126827	0.822096252746147	0.910482669190682
FAM162A	betareg	33	19	0.224398521945761	0.0987012515792429	0.022995318161453	0.026512304313575	-0.0406615235507984	607.169673315667	0.822096252746147	0.910482669190682
EIF4E2	betareg	33	19	0.102255913154299	0.0451033105288806	0.0233811416360091	0.0274116308727529	-0.0154723489828123	1286.95166665146	0.822096252746147	0.910482669190682
RASAL2	betareg	33	19	-0.217157353716949	0.0960914845173626	0.0238273236441076	0.0250050527315257	0.0239777412987526	852.932135496049	0.822096252746147	0.910482669190682
RTRAF	betareg	33	19	0.268646488522994	0.118890107903422	0.0238448332691224	0.0265400377171333	-0.0289187195860596	1002.71763671503	0.822096252746147	0.910482669190682
EHD3	betareg	33	19	0.28354421406994	0.125755775050958	0.0241508330892919	0.0353814500531966	-0.00730373618242722	1318.69206580992	0.822096252746147	0.910482669190682
DCAF10	betareg	33	19	0.14267959576021	0.0632963912334929	0.024186697830009	0.0275001616418664	-0.0262477891374189	439.544293190146	0.822096252746147	0.910482669190682
SPRED1	betareg	33	19	0.149871198369339	0.0665431524818996	0.0243070633636822	0.0289998749256162	-0.025728307178143	504.946293977016	0.822096252746147	0.910482669190682
MYO6	betareg	33	19	-0.214890994984029	0.095626607103814	0.0246279940430561	0.0282064819720777	0.0384777857870795	138.884360836621	0.822096252746147	0.910482669190682
VPS26A	betareg	33	19	0.0940104764369368	0.0418633409616821	0.0247263359246036	0.0283507515990271	-0.0164658700903913	998.181097934743	0.822096252746147	0.910482669190682
FAM136A	betareg	33	19	0.102035789437096	0.0455600429128554	0.0251175911242974	0.027821486910788	-0.0175574574628648	981.829743963645	0.822096252746147	0.910482669190682
HDLBP	betareg	33	19	0.114951745161167	0.0513703752249817	0.0252402994089234	0.0287229014545133	-0.0210158017518589	1242.13146440951	0.822096252746147	0.910482669190682
MARCKS	betareg	33	19	0.212022194814765	0.0951193822246957	0.0258131410553177	0.0356960335400991	-0.0192803587843372	5638.2780786961	0.822096252746147	0.910482669190682
GREB1L	betareg	33	19	-0.206980282759558	0.0931658309839301	0.0263081191456831	0.028856139201948	0.0244376986832851	228.134529080937	0.822096252746147	0.910482669190682
VAPB	betareg	33	19	0.112506165602549	0.05076317055849	0.0266712991628992	0.0301705577152532	-0.0203372064458272	1318.7252383185	0.822096252746147	0.910482669190682
TLCD5	betareg	33	19	0.239653340916937	0.108284784773829	0.0268854796264855	0.0304969912375009	-0.0424041930328515	164.347838022969	0.822096252746147	0.910482669190682
TAF10	betareg	33	19	0.0650917602347086	0.0294263059722312	0.0269648536121304	0.0303852859396597	-0.0109263680511624	2951.2770986465	0.822096252746147	0.910482669190682
NRIP3	betareg	33	19	-0.133788747235242	0.0606652823541829	0.0274288886520199	0.0306610221028871	0.0243454148137159	576.002903398939	0.822096252746147	0.910482669190682
FAF1	betareg	33	19	0.175579248066596	0.0796415622995213	0.0274808884151	0.0308995138618921	-0.0322233545306428	262.844758194252	0.822096252746147	0.910482669190682
CADM3	betareg	33	19	0.231784103643719	0.105139537729146	0.0274865323062717	0.0333090263464369	-0.0280796170103527	387.253153384416	0.822096252746147	0.910482669190682
FAM91A1	betareg	33	19	-0.16697059074601	0.0757685404866244	0.0275459525071218	0.0305544368553596	0.0286920368114783	296.756040176779	0.822096252746147	0.910482669190682
ZBTB20	betareg	33	19	0.248642579523207	0.112974318250157	0.0277447320250468	0.0276513519914409	-0.0325946776026941	876.962125045115	0.822096252746147	0.910482669190682
SEPTIN8	betareg	33	19	0.146158113773671	0.0664413344163115	0.0278205898075251	0.0310080336679333	-0.0262956448310667	167.035838373963	0.822096252746147	0.910482669190682
ANKLE2	betareg	33	19	0.111450138455797	0.0507282152794663	0.0280200949651568	0.0314864258886008	-0.0176712456162184	438.978226706539	0.822096252746147	0.910482669190682
ZFYVE16	betareg	33	19	0.212336915802407	0.0966883758409652	0.0280851021692507	0.0310612625290733	-0.0359962570946931	228.966857316602	0.822096252746147	0.910482669190682
CNNM2	betareg	33	19	0.189583712800026	0.0864495688068052	0.0283075387688224	0.0288132348995534	-0.0217253534387764	2152.56323015643	0.822096252746147	0.910482669190682
SLC1A2	betareg	33	19	0.282402157994747	0.129032030225873	0.0286244280884078	0.0336819356848795	-0.0095486362736919	917.850226621079	0.822096252746147	0.910482669190682
LRPAP1	betareg	33	19	0.239229653900429	0.109954230836144	0.0295761801063014	0.0330832385626324	-0.0431395986211263	1010.67990018689	0.822096252746147	0.910482669190682
FMN1	betareg	32	19	0.5202575634754	0.239208497706768	0.0296366703526425	0.0270583030512888	-0.0469766900068854	59.2386519536006	0.822096252746147	0.910482669190682
MRPS33	betareg	33	19	0.244407109379425	0.112497226481923	0.0298133587828054	0.032458620175014	-0.0343063715453994	644.969212610737	0.822096252746147	0.910482669190682
C17orf75	betareg	33	19	0.201197611530037	0.0926135987839529	0.0298223889749173	0.0321224861518899	-0.0298014705323388	354.505100976132	0.822096252746147	0.910482669190682
AMDHD2	betareg	33	19	0.123485694301847	0.0568446575075895	0.0298303306571832	0.0327823085016918	-0.0153088523271247	305.543081954523	0.822096252746147	0.910482669190682
CFAP298	betareg	33	19	0.363907060696122	0.167580423819697	0.0298906169771621	0.0319939147061957	-0.0170412110943141	280.10395566424	0.822096252746147	0.910482669190682
FOSL2	betareg	33	19	0.374979015697938	0.173416670000737	0.0305949930371139	0.0333588864518084	-0.0644597824998726	87.3217210658004	0.822096252746147	0.910482669190682
NR2C2	betareg	33	19	0.17993876848615	0.0832279283848797	0.0306181879374682	0.0341631526758698	-0.0148145714850858	1014.5742252009	0.822096252746147	0.910482669190682
PRKRIP1	betareg	33	19	0.0742704010302626	0.0343565731440976	0.0306372739490945	0.034870786866731	-0.0123334355576467	816.336368531145	0.822096252746147	0.910482669190682
ZDHHC23	betareg	33	19	-0.18903392883586	0.0875323506297585	0.0308044765893077	0.0351952617580373	0.0323770599554722	295.410361603092	0.822096252746147	0.910482669190682
SRD5A1	betareg	33	19	0.154231499847028	0.0715783555287987	0.0311835487095746	0.0347419566628868	-0.0247944292039961	1648.9754570486	0.822096252746147	0.910482669190682
ZNF432	betareg	33	19	-0.303019659651478	0.140923301630826	0.0315358207658078	0.0361897763371209	0.0333004520031207	209.880344049399	0.822096252746147	0.910482669190682
C3orf80	betareg	33	19	0.212178726065231	0.0988158978314386	0.0317763720075573	0.0385953233034397	-0.0299645423413775	249.353586907368	0.822096252746147	0.910482669190682
UBR2	betareg	33	19	0.177252199152699	0.0825796092974773	0.0318378691167437	0.0356226851268776	-0.0169961937794563	312.590011411682	0.822096252746147	0.910482669190682
SKI	betareg	33	19	0.232848094366933	0.108513607172175	0.0318892357392041	0.0361122226881609	-0.0363199293794587	67.3184669490094	0.822096252746147	0.910482669190682
TEAD1	betareg	33	19	-0.439171895395203	0.204932817161895	0.0321127581826919	0.0323090910605523	0.0756609490037945	72.2388752205215	0.822096252746147	0.910482669190682
GNL1	betareg	33	19	0.180688145473742	0.0844954243899219	0.0324812887096378	0.0362737280510894	-0.0315605811252443	501.280057312471	0.822096252746147	0.910482669190682
CFAP97	betareg	33	19	-0.162779690456861	0.0765582755552576	0.0334849957787408	0.0367531708300869	0.0288673464859515	266.778843917316	0.822096252746147	0.910482669190682
VPS26B	betareg	33	19	0.0740904994188393	0.0348464024771438	0.0334864226870294	0.0367606978774424	-0.00812884804423398	3436.72601651477	0.822096252746147	0.910482669190682
STK16	betareg	33	19	-0.231534506563127	0.108993963592925	0.0336461163621588	0.0406215038572308	0.0354439335073281	433.076652899766	0.822096252746147	0.910482669190682
FXN	betareg	33	19	0.198907516241284	0.0936915938912558	0.0337536171602848	0.0369296025380533	-0.0239488591477833	291.398619954097	0.822096252746147	0.910482669190682
ITGAV	betareg	33	19	-0.271208519220894	0.127990799450334	0.0340930981734636	0.0383426082499606	0.0424755979609248	173.819929000098	0.822096252746147	0.910482669190682
COL18A1	betareg	33	19	0.134763044803999	0.0636235219980259	0.0341638543115433	0.037275599152751	-0.0202207462937639	378.769144835614	0.822096252746147	0.910482669190682
SLC43A2	betareg	33	19	-0.16603226534078	0.07843895201481	0.0342847369601504	0.0371675690678787	0.0255214640834298	472.991153729537	0.822096252746147	0.910482669190682
RWDD4	betareg	33	19	0.257815169700679	0.122096582478878	0.0347235666315548	0.0429674554507658	-0.026321806183408	80.4822386883972	0.822096252746147	0.910482669190682
PDCD4	betareg	33	19	0.154016665052954	0.0730242129737394	0.034934417575259	0.0383199791107203	-0.0273595782916767	404.706673480171	0.822096252746147	0.910482669190682
TUBA4A	betareg	33	19	0.184563957221479	0.0875243155030648	0.0349690706276262	0.0394192821745697	-0.00726123407046484	3978.73232372233	0.822096252746147	0.910482669190682
CBX6	betareg	33	19	0.267838248340604	0.127366859792654	0.0354755560497269	0.0416505382221705	-0.0445574164869068	989.34526015946	0.822096252746147	0.910482669190682
ZNF587	betareg	33	19	-0.176774104730258	0.0842970979633935	0.0359903302555611	0.0393139356577901	0.0318692949492087	339.18624094159	0.822096252746147	0.910482669190682
ATP13A3	betareg	33	19	-0.189850893879403	0.0905794085144135	0.0360856642049459	0.0359788799173384	0.0273983997224655	353.288520185119	0.822096252746147	0.910482669190682
DMAC1	betareg	33	19	0.199464146984207	0.095175346337752	0.0361039869786526	0.0428630080106972	-0.0241178811195207	1221.96033818365	0.822096252746147	0.910482669190682
POU2F1	betareg	33	19	0.197421365858626	0.0942176865881475	0.036137688174751	0.0402506204286507	-0.0359237958430588	166.610459779119	0.822096252746147	0.910482669190682
LMF1	betareg	33	19	0.117409626181423	0.0560629307326923	0.0362379802624379	0.0403309781834634	-0.0205891353491696	237.745635362628	0.822096252746147	0.910482669190682
MRPL50	betareg	33	19	0.218598275165208	0.104449508938169	0.0363615889837296	0.041553058602312	-0.0364866791677883	526.707038693458	0.822096252746147	0.910482669190682
ITFG1	betareg	33	19	0.0769552987374928	0.0367737869113342	0.0363788706392758	0.0400733105589782	-0.0139007245901749	1124.93612973042	0.822096252746147	0.910482669190682
PURA	betareg	33	19	0.288807183021573	0.138025557603796	0.0364011258581675	0.0431362468807491	-0.041364268230524	438.710690205797	0.822096252746147	0.910482669190682
BAIAP2L1	betareg	33	19	-0.322868497436156	0.15431803008313	0.0364181283802549	0.0408009620052143	0.0334322073473225	54.2200499570149	0.822096252746147	0.910482669190682
GLT1D1	betareg	33	19	0.109025820572313	0.0521317784545253	0.0364966566135439	0.0397274913825059	-0.0194432477512996	451.769376321298	0.822096252746147	0.910482669190682
USP13	betareg	33	19	0.243353389942754	0.116560741073977	0.0368175250313837	0.0423152239611736	-0.0356491343639538	202.977563213333	0.822096252746147	0.910482669190682
CISD3	betareg	33	19	0.225668702079368	0.108278965191274	0.0371472837147468	0.0410172942259454	-0.0404871149022436	400.665544519615	0.822096252746147	0.910482669190682
MAPKAP1	betareg	33	19	0.0958810990148957	0.0460393570202203	0.0372886224461973	0.0410866082740503	-0.0172734464661711	429.437863709934	0.822096252746147	0.910482669190682
PCYT1B	betareg	33	19	-0.183836223875847	0.0884250663776085	0.0376168194386286	0.0415867774748323	0.0309569284670749	322.651336048396	0.822096252746147	0.910482669190682
SEMA5A	betareg	33	19	-0.278705415888534	0.134192293023499	0.0378097974315285	0.0419098535320802	0.0512754259718715	181.4167848709	0.822096252746147	0.910482669190682
METTL2A	betareg	33	19	0.22205098251012	0.107267726669355	0.0384464186188036	0.0427714446314546	-0.0106396500565958	387.844464476264	0.822096252746147	0.910482669190682
SULF1	betareg	33	19	-0.168312993428069	0.0813538086963269	0.0385553578231763	0.0426753064558992	0.0297853046839271	152.293815065747	0.822096252746147	0.910482669190682
CHST12	betareg	33	19	0.272546485909594	0.131777335035775	0.0386179381492553	0.0504231921447598	-0.020089784140588	573.939229933181	0.822096252746147	0.910482669190682
TTC9	betareg	33	19	0.161172319384472	0.0779579169990632	0.038693915841691	0.0449551918135577	-0.0212409195545754	1156.02981208426	0.822096252746147	0.910482669190682
ANKH	betareg	33	19	0.113814409702453	0.0550668178210441	0.0387490481687669	0.0400018695322345	-0.0121349659986369	565.809816206167	0.822096252746147	0.910482669190682
PPP1R12B	betareg	33	19	-0.322949402176556	0.156338552677388	0.0388562992521564	0.0434146474725141	0.0362937205440524	1486.79276793208	0.822096252746147	0.910482669190682
MAFB	betareg	33	19	-0.291657974276547	0.141253470492008	0.0389433965379617	0.0443572033637013	0.022002634809873	491.993338830207	0.822096252746147	0.910482669190682
AMPH	betareg	33	19	0.0954141542968434	0.0462722214159306	0.039206020577513	0.043716464164725	-0.0143575108195333	1283.413748892	0.822096252746147	0.910482669190682
NKIRAS1	betareg	33	19	0.223676177126816	0.108628847036562	0.0394859663554586	0.0442864282310321	-0.0375147097827207	977.684770296311	0.822096252746147	0.910482669190682
EGR1	betareg	33	17	-0.318192242360697	0.15500081730327	0.0400878695165741	0.0463732732483355	0.0263949911856884	80.6955068717958	0.822096252746147	0.910482669190682
NLGN1	betareg	33	19	0.263151493016962	0.128339299026639	0.0403219228734411	0.0447709088925506	-0.0448928538595225	213.01540133077	0.822096252746147	0.910482669190682
NASP	betareg	33	19	0.142426385609133	0.069548154403267	0.0405716023501922	0.0446401046056575	-0.025552680359045	191.333760690019	0.822096252746147	0.910482669190682
SEPTIN7	betareg	33	19	0.155585322070528	0.0760242760151112	0.0407050807202016	0.0437335360795757	-0.012479490577285	2592.32161462146	0.822096252746147	0.910482669190682
NADK2	betareg	33	19	-0.134896324188739	0.0659354326797357	0.0407676693141867	0.0449654081640787	0.0228452006679496	269.029924260013	0.822096252746147	0.910482669190682
PRSS23	betareg	33	19	0.248446789094724	0.121503741983574	0.0408778775608029	0.0485440533436812	-0.0277594253341567	475.240460025476	0.822096252746147	0.910482669190682
IFT57	betareg	33	19	0.201038393959433	0.0985663964849913	0.0413877835998221	0.0453654744796155	-0.0160928476403329	364.090140462035	0.822096252746147	0.910482669190682
SP3	betareg	33	19	0.380070638632327	0.186362066072165	0.0414080671047868	0.0535377009011378	-0.0121603631625949	273.759782813848	0.822096252746147	0.910482669190682
DBT	betareg	33	19	-0.189637971681098	0.0930031707852717	0.0414451918318185	0.0435024793269843	0.0248324694488119	287.893155578069	0.822096252746147	0.910482669190682
SLC35A5	betareg	33	19	0.21964536722596	0.107908613406407	0.0418030248403747	0.0413753230817927	-0.00716922268649428	1274.25867860514	0.822096252746147	0.910482669190682
GTPBP1	betareg	33	19	-0.190071793323394	0.0933844560031293	0.0418137942002582	0.0409413647903834	0.024015185893735	608.206414627214	0.822096252746147	0.910482669190682
AP4E1	betareg	33	19	-0.368047228860395	0.181100394332909	0.0421250277831716	0.0460693697550936	0.0525975971644217	71.6993452188788	0.822096252746147	0.910482669190682
WWC2	betareg	33	19	0.272302941863218	0.134042703147566	0.0422079358010762	0.0468527092374017	-0.0328671354562994	53.0346064955764	0.822096252746147	0.910482669190682
BCL9	betareg	33	19	-0.194830795257896	0.0959504865582828	0.0423022147108612	0.047993388121105	0.0295912755393635	310.914664764335	0.822096252746147	0.910482669190682
GGPS1	betareg	33	19	-0.1503342314584	0.0740715983350806	0.0423992538108502	0.0465189024436683	0.0119094846470701	1511.96945629856	0.822096252746147	0.910482669190682
NOL3	betareg	33	19	0.15743828487121	0.0776632071728896	0.0426427117563323	0.0439422083629705	-0.024134939022598	809.912163173115	0.822096252746147	0.910482669190682
ZNF22	betareg	33	19	0.202577052831106	0.10005371937344	0.0428999375374414	0.051426960926674	-0.028026052720125	683.547563205471	0.822096252746147	0.910482669190682
HPS4	betareg	33	19	-0.367595849349044	0.182222488307822	0.0436651178335007	0.0491676556212609	0.0109715874572638	305.921896925434	0.822096252746147	0.910482669190682
N6AMT1	betareg	33	19	0.110544807352895	0.0548234111621483	0.0437602980134831	0.0475540544481333	-0.020178716836751	323.322312156487	0.822096252746147	0.910482669190682
ZNF107	betareg	32	18	-0.352893252914417	0.175063386894372	0.0438206081731818	0.04888599536073	0.0400515326848917	68.50576912618	0.822096252746147	0.910482669190682
PUS1	betareg	27	16	0.428368132115275	0.212545477759531	0.0438607958889288	0.0662769896544356	-0.0334796364847611	61.6714243421927	0.822096252746147	0.910482669190682
WARS2	betareg	33	19	0.282446609027145	0.140490623790461	0.0443856646867235	0.0469421930159112	-0.0505965350335559	156.743698427303	0.822096252746147	0.910482669190682
TECPR2	betareg	33	19	0.181333976712032	0.0902407450180529	0.044489770776633	0.0498925757661303	-0.0284646546970006	256.911855200036	0.822096252746147	0.910482669190682
ARSA	betareg	33	19	0.326786162943824	0.162626205979305	0.0444914302477002	0.0500537012582212	-0.0586686202126734	92.1163900388159	0.822096252746147	0.910482669190682
SDAD1	betareg	33	19	0.163981136242877	0.0816598822627366	0.044632761683712	0.0487198650372295	-0.0291263382845809	138.814849617931	0.822096252746147	0.910482669190682
ZMYM2	betareg	33	19	0.160748379435141	0.0800650551707201	0.0446728325190436	0.049479721577366	-0.0264343409022923	447.574973058362	0.822096252746147	0.910482669190682
ZNF605	betareg	33	19	0.259742548028528	0.129426350824319	0.044762941320777	0.0419258821202857	-0.0117416435351105	580.996929765357	0.822096252746147	0.910482669190682
HEY1	betareg	33	19	0.204569989782766	0.101992268612516	0.0448839774198636	0.049650079652672	-0.0379533892436108	365.632738788698	0.822096252746147	0.910482669190682
MYO9A	betareg	33	19	0.128073322024608	0.0638961682696271	0.0450274934198838	0.0477244482812774	-0.0144182680599922	601.212874983933	0.822096252746147	0.910482669190682
DKK3	betareg	33	19	0.216623349640139	0.108317421428872	0.0455117227321501	0.0648546014134744	-0.00302141764220566	13284.181909191	0.822096252746147	0.910482669190682
SNRPD1	betareg	33	19	0.120416434624805	0.0602771564722239	0.0457478280326578	0.0496451539727514	-0.0200939064436262	559.309979455001	0.822096252746147	0.910482669190682
SNORC	betareg	33	19	-0.238371413740913	0.119331730636086	0.0457651819598364	0.0518136407278496	0.0235931737496928	139.574358524239	0.822096252746147	0.910482669190682
GPN1	betareg	33	19	0.104427295069031	0.0522843838608555	0.0457932363081978	0.0488344700191592	-0.0121514532119546	701.75951827262	0.822096252746147	0.910482669190682
PNPT1	betareg	33	19	-0.189791652518538	0.0950471605711264	0.0458452187980595	0.0497831137266338	0.0336650485793833	103.956516765965	0.822096252746147	0.910482669190682
UFL1	betareg	33	19	-0.330866870771537	0.165780308399499	0.0459540341958855	0.0506666264532599	0.0531903524779964	58.561349614778	0.822096252746147	0.910482669190682
TBC1D15	betareg	33	19	0.233882942483441	0.117199720165268	0.0459782408603141	0.054651741861655	-0.018494387531937	178.540998460186	0.822096252746147	0.910482669190682
TPT1	betareg	33	19	0.218669297198909	0.109597351058075	0.0460204121659257	0.0461287194353462	-0.00828813578424633	2245.07301206535	0.822096252746147	0.910482669190682
STIM2	betareg	33	19	-0.259478436541146	0.130146892932511	0.0461810047027027	0.0640981471639263	0.0155254099930549	350.696967918333	0.822096252746147	0.910482669190682
ASH2L	betareg	32	19	0.234715949204537	0.117895896897094	0.0464946728380655	0.0505301553044628	-0.00536849422329084	663.063688440685	0.822096252746147	0.910482669190682
PLCL1	betareg	33	19	-0.168526126306114	0.0846858545008085	0.0465892759236886	0.050043801003038	0.0296923237332439	261.640502336766	0.822096252746147	0.910482669190682
NEK9	betareg	33	19	0.170116682948358	0.0855340846273685	0.046714898071146	0.0518223361540704	-0.024993137025513	157.465596770115	0.822096252746147	0.910482669190682
PHETA1	betareg	33	19	0.138814019690398	0.0698990764616544	0.0470421348907026	0.0537505105332443	-0.0166496507489495	361.868110170191	0.822096252746147	0.910482669190682
ZSWIM7	betareg	33	19	-0.342034933518255	0.172320233918381	0.0471578578712235	0.053714309247331	0.045381156546265	652.317568655753	0.822096252746147	0.910482669190682
IER3IP1	betareg	33	19	0.0962991255814681	0.0487126094298101	0.0480548658647261	0.0522596318912707	-0.0170257846041951	843.270251629121	0.822096252746147	0.910482669190682
HSDL2	betareg	33	19	0.155015997537496	0.0784281610733587	0.0480942270029175	0.0522091991459442	-0.025000300015278	153.182788873141	0.822096252746147	0.910482669190682
NCAPD3	betareg	33	19	-0.178161188663776	0.0902325555623788	0.0483286846012866	0.0512808514518144	0.0118136793871753	485.494724832308	0.822096252746147	0.910482669190682
SORBS1	betareg	33	19	0.173367972308009	0.0880232731508268	0.0488877063059549	0.0529744918483224	-0.0105494397015311	638.229576879832	0.822096252746147	0.910482669190682
ANKRD9	betareg	33	19	0.252608787507873	0.128572907433641	0.0494475321734602	0.0534050900883645	-0.0424044361661574	545.92190024166	0.822096252746147	0.910482669190682
RAP2B	betareg	33	19	0.286941844713331	0.146080190784476	0.0494980680678711	0.0578974378354916	-0.0396000979509109	322.535635150327	0.822096252746147	0.910482669190682
RBBP5	betareg	33	19	-0.358017610836542	0.183471698145707	0.0510153519969173	0.0541385858363115	0.0412140695886734	264.609362392505	0.822096252746147	0.910482669190682
TRAF6	betareg	33	19	0.244490220404153	0.125316622816762	0.0510594291316041	0.0532428068917966	-0.016248500405598	171.28995984008	0.822096252746147	0.910482669190682
ZNF320	betareg	33	19	-0.22846628153025	0.117217487032568	0.0512858493923768	0.0556420232909035	0.038109454261781	231.701675061671	0.822096252746147	0.910482669190682
TECPR1	betareg	33	19	0.180983718518498	0.092899726151213	0.0513955792543495	0.0536575829076415	-0.0320437876154395	277.536613497936	0.822096252746147	0.910482669190682
SNIP1	betareg	33	19	-0.356367920973948	0.183107277707828	0.0516277447426312	0.0544432450996099	0.0418770885575686	120.009449629619	0.822096252746147	0.910482669190682
RAB11FIP3	betareg	33	19	-0.230764932486062	0.118782403611912	0.0520459465307386	0.0528780118243753	0.00439910975548938	865.272183068426	0.822096252746147	0.910482669190682
PSMD12	betareg	33	19	0.103584012858961	0.0533597960556866	0.0522295315788527	0.0567691817343103	-0.0182076271102218	632.275282154194	0.822096252746147	0.910482669190682
NTNG1	betareg	27	18	0.412837524175352	0.212935718338986	0.0525269813214658	0.0779393168567126	-0.00600820036854612	472.303009514432	0.822096252746147	0.910482669190682
CEMIP2	betareg	33	19	-0.310529021659859	0.160272954764585	0.0526841224718689	0.0608951615684345	0.0265255252376754	78.8700200024502	0.822096252746147	0.910482669190682
NUDT16	betareg	33	19	0.122985522832188	0.0635358269599877	0.0529059539565035	0.0563293593050857	-0.0201647651911446	565.749214948244	0.822096252746147	0.910482669190682
ZFP1	betareg	33	19	0.112476731422997	0.058114133633987	0.052935665208327	0.0550199735844938	-0.0108737944756087	661.196261523426	0.822096252746147	0.910482669190682
NCOR1	betareg	33	19	-0.13715408153151	0.0709654680133367	0.0532746910932024	0.0570599144064012	0.0176040530301809	329.510964053227	0.822096252746147	0.910482669190682
CHST11	betareg	33	19	0.219471779329806	0.11358204048293	0.0533255267230206	0.0574339585444472	-0.0381936257264768	428.917711663295	0.822096252746147	0.910482669190682
TIMP3	betareg	33	19	0.250460918039781	0.129629863913314	0.0533442533211547	0.0514362418717414	-0.0307296791788675	285.722360148231	0.822096252746147	0.910482669190682
PARP8	betareg	33	19	0.233065373049921	0.120774479941536	0.0536369793933204	0.053871099794714	-0.0410195397678255	142.406784322177	0.822096252746147	0.910482669190682
TAP2	betareg	33	19	-0.410276901640233	0.212606019711597	0.0536375677450967	0.0592350482143034	0.0683789750422672	92.3590349883264	0.822096252746147	0.910482669190682
SAMD8	betareg	33	19	-0.217641137206052	0.112835924320199	0.0537521668690854	0.0604607428337307	0.0321800801133752	1204.80910873583	0.822096252746147	0.910482669190682
AKR1C1	betareg	33	19	0.336192400483348	0.174842003177638	0.0545007194711816	0.0606323544884925	-0.0179062964297738	296.722668850418	0.822096252746147	0.910482669190682
MTRNR2L1	betareg	33	19	-0.63308286516064	0.329818029192395	0.0549221757214613	0.0586837496299366	0.12541067389729	1938.663232699	0.822096252746147	0.910482669190682
STAT5B	betareg	33	19	-0.157003535917033	0.0818207691792699	0.0550006078194259	0.0597429464071154	0.0252031962985046	321.8653360789	0.822096252746147	0.910482669190682
AKR1C2	betareg	33	19	0.353038340944861	0.184296940830328	0.0554166370666629	0.0568213371003746	-0.0283556124559258	237.166303473421	0.822096252746147	0.910482669190682
GPAT4	betareg	33	19	0.129169186324389	0.0674794173183662	0.0555944435680017	0.0627474023597214	-0.0127108168605299	1103.76829430198	0.822096252746147	0.910482669190682
B3GALT6	betareg	33	19	0.128253228862425	0.0670274288814832	0.0556912413873697	0.0600739419471652	-0.0139961379862296	3485.25123248264	0.822096252746147	0.910482669190682
IER5	betareg	32	19	0.260837000876467	0.13636561943869	0.0557766251860479	0.0583001774867646	-0.00894932774293001	509.708459089585	0.822096252746147	0.910482669190682
RNASET2	betareg	33	19	0.174782981585971	0.0916272825083324	0.056450307982069	0.0611979533595419	-0.0307079163525565	211.817001364829	0.822096252746147	0.910482669190682
LCOR	betareg	33	19	0.254462450648767	0.133435700854687	0.0565200351849063	0.0603823698906083	-0.020473903242777	398.196941127046	0.822096252746147	0.910482669190682
MIDEAS	betareg	33	19	0.289285376717927	0.151717568358999	0.0565547593728381	0.052710265543958	-0.0114757226174436	267.168284924456	0.822096252746147	0.910482669190682
LRCH2	betareg	33	19	-0.197414611986301	0.103595704493231	0.0566988165299573	0.063283151352107	0.0323365184428781	138.642391160982	0.822096252746147	0.910482669190682
STK4	betareg	33	19	-0.228591884307921	0.11997561101414	0.0567385379846484	0.0587683523940989	0.0378194643843694	215.716433709956	0.822096252746147	0.910482669190682
GPT2	betareg	33	19	-0.106503770453656	0.0559051245408899	0.0567695895465652	0.060835437285759	0.0191423945751909	437.81393181361	0.822096252746147	0.910482669190682
RAB35	betareg	33	19	0.117955045106509	0.0619283886384488	0.0568189881407318	0.0568105066720883	-0.0125361477990946	577.751566720907	0.822096252746147	0.910482669190682
TIMP2	betareg	33	19	0.22667313846355	0.119018358899659	0.0568421735311248	0.0490515562354997	-0.0142119847439055	1879.97466928811	0.822096252746147	0.910482669190682
BEND4	betareg	33	19	0.339668225762588	0.178596894926481	0.0571880428218945	0.0636761367675823	-0.0480747004320576	252.449334948505	0.822096252746147	0.910482669190682
RIMKLA	betareg	33	19	0.097993483346922	0.051543979269131	0.0572807239881697	0.0604153840960587	-0.0148295396372914	1742.15371062375	0.822096252746147	0.910482669190682
GM2A	betareg	33	19	0.387717561450344	0.204061165714453	0.0574322536442497	0.052111082439977	-0.0221396473277014	227.071424625555	0.822096252746147	0.910482669190682
SESN2	betareg	33	19	0.20853318278398	0.109803248875317	0.0575443464079248	0.0630420531619537	-0.0354982784733047	276.771937519423	0.822096252746147	0.910482669190682
PIKFYVE	betareg	33	19	-0.187222148010601	0.0986844850279373	0.0578042968948779	0.0607780982277595	0.0322252890554452	182.387239654689	0.822096252746147	0.910482669190682
CCDC97	betareg	33	19	-0.148819397470961	0.0786737285767712	0.0585440035566285	0.0618671891132538	0.0243634520829783	325.599493107999	0.822096252746147	0.910482669190682
RBM27	betareg	33	19	0.379257571454128	0.200563778771149	0.0586300245807389	0.0526025941419531	-0.0266650480045664	70.4654066785973	0.822096252746147	0.910482669190682
PSME3IP1	betareg	33	19	0.0725969301856789	0.0384723501864703	0.0591617052697544	0.0631615280638396	-0.00875321250503405	1975.5373746216	0.822096252746147	0.910482669190682
KIAA1143	betareg	33	19	0.234232305068347	0.124206209158556	0.0593173137409664	0.0698242138838276	-0.025064059945792	449.456227208129	0.822096252746147	0.910482669190682
SURF4	betareg	33	19	0.0560069871743533	0.0297285990844352	0.0595726813046492	0.0638811693852258	-0.0100702728917275	1952.95003570198	0.822096252746147	0.910482669190682
LPCAT2	betareg	32	19	-0.343655610702959	0.182498021625237	0.0596915792918768	0.0636361611785819	0.0512575662008033	65.1968259421759	0.822096252746147	0.910482669190682
TMEM182	betareg	33	19	0.231150626791695	0.122779253963793	0.0597475236662625	0.0765594569547977	-0.0253068917629537	197.676510755101	0.822096252746147	0.910482669190682
SMNDC1	betareg	31	18	-0.294215205361818	0.156465160525992	0.0600552220710179	0.0586757941745534	0.0112366592663692	231.818657944902	0.822096252746147	0.910482669190682
RPS15A	betareg	33	19	0.199538592885818	0.10620634065529	0.0602742249372136	0.0662658378504222	-0.0270636954333185	553.885369563162	0.822096252746147	0.910482669190682
GPATCH2L	betareg	33	19	-0.283370535441922	0.150878375289586	0.0603621753980069	0.0584427550211852	0.0183648684463203	917.668568209653	0.822096252746147	0.910482669190682
ITM2B	betareg	33	19	0.267301881797092	0.142326717552397	0.0603693376568016	0.053434128105615	-0.0136943238332878	3193.05631693201	0.822096252746147	0.910482669190682
PGK1	betareg	33	19	0.153891578893694	0.0819406312349207	0.06036935691261	0.064578539699093	-0.0179410856645008	5046.83060509847	0.822096252746147	0.910482669190682
ACO1	betareg	33	19	-0.354816648197399	0.188932219769989	0.0603797607878764	0.066896021444292	0.0487570056286085	255.360975424473	0.822096252746147	0.910482669190682
CEBPG	betareg	33	19	0.103934675825057	0.0553553501923337	0.0604372157876244	0.0646881256761841	-0.0186713480286879	1225.68127218022	0.822096252746147	0.910482669190682
RPGRIP1L	betareg	33	19	-0.265199502676471	0.141356701366326	0.0606413600812629	0.0656129393909969	0.0452851942108023	69.1166530861576	0.822096252746147	0.910482669190682
DNMT3A	betareg	33	19	-0.207365588864103	0.110786793181781	0.0612406879500157	0.068915480884972	0.0351035367813046	226.003935413126	0.822096252746147	0.910482669190682
ADH5	betareg	33	19	0.106939277439783	0.0571429554376048	0.06128493110898	0.0654941392230771	-0.0159007739589031	993.745129863315	0.822096252746147	0.910482669190682
CMIP	betareg	33	19	-0.269408993129174	0.14401466260669	0.0613859393040674	0.0684649384169849	0.0120627855955589	298.97710927796	0.822096252746147	0.910482669190682
LUC7L3	betareg	33	19	0.145634082157559	0.0779177799808612	0.0616125456953837	0.0655358475871839	-0.00923205886467096	1282.63478211383	0.822096252746147	0.910482669190682
ZNF334	betareg	33	19	0.190782240489121	0.102170992531793	0.0618619646849962	0.0607670831734647	-0.0227227518594313	242.913234567727	0.822096252746147	0.910482669190682
EYA3	betareg	33	19	-0.336245265059873	0.180091483341081	0.061890371673697	0.0730646310233516	0.0056188487699403	270.12693292615	0.822096252746147	0.910482669190682
BID	betareg	33	19	0.13970827990226	0.0748476965134859	0.0619620056696251	0.0665308022963781	-0.0246539809751398	603.200291918444	0.822096252746147	0.910482669190682
SLC25A4	betareg	33	19	0.174542057462737	0.0935607775225721	0.0621047263096738	0.0659026927947784	-0.0159984636422024	4702.02524426523	0.822096252746147	0.910482669190682
SPRING1	betareg	33	19	0.204250506587245	0.109506016568813	0.0621535233723585	0.0681185558270725	-0.0036455746683744	2025.48038312895	0.822096252746147	0.910482669190682
ZDHHC18	betareg	33	19	-0.115373806234574	0.0618713920458997	0.0622184313670499	0.0661456972694381	0.0201469075809519	625.240801221086	0.822096252746147	0.910482669190682
EXTL3	betareg	33	19	-0.163306367056861	0.0876119872571428	0.0623255147698792	0.0659235925500642	0.0156034518565106	1047.45340095067	0.822096252746147	0.910482669190682
FGF14	betareg	33	19	0.156226939839218	0.0838590670298018	0.0624664640896395	0.0676609703643728	-0.0219952304629495	1068.1617332491	0.822096252746147	0.910482669190682
TUNAR	betareg	33	19	0.0780897264789268	0.0419841579876929	0.0628882467626108	0.0676000381122158	-0.0105000273087359	1522.75245913437	0.822096252746147	0.910482669190682
SGCD	betareg	33	19	-0.297640830071218	0.160025732782049	0.062891744095043	0.0650876269580503	0.0450611777215005	254.493794399325	0.822096252746147	0.910482669190682
TRAPPC2L	betareg	33	19	0.194168334727973	0.104402525240125	0.0629131247700375	0.0690636633624497	-0.0344404901924391	1403.89963583641	0.822096252746147	0.910482669190682
DNAJA4	betareg	33	19	0.175038000890073	0.094145438680832	0.0629945789227609	0.0698502257622631	-0.0261282746017034	502.34467408567	0.822096252746147	0.910482669190682
ING3	betareg	33	19	0.295419131614316	0.158930290951036	0.063055932513861	0.0687208774455221	-0.0144200164627054	131.374281688271	0.822096252746147	0.910482669190682
ENTR1	betareg	33	19	0.138485407086222	0.0746804655996958	0.063685875994751	0.0682854730651416	-0.0243242279684731	105.667438801687	0.822096252746147	0.910482669190682
PTPN9	betareg	33	19	0.0853558836229021	0.0460462538411522	0.063782269304144	0.0684535385284053	-0.0155053742149784	831.32945437397	0.822096252746147	0.910482669190682
RNF217	betareg	33	19	-0.276200925553109	0.149025361975174	0.0638276233927989	0.0806232205917716	0.00679483772611403	335.353279032975	0.822096252746147	0.910482669190682
WIZ	betareg	33	19	-0.218734771501355	0.118045221513684	0.0638860304610166	0.082234550397257	0.0118777784280476	469.046664098318	0.822096252746147	0.910482669190682
FGF18	betareg	33	19	-0.211794172817461	0.114331223978853	0.0639596035323307	0.0697233666046417	0.0151269354841307	227.676380854314	0.822096252746147	0.910482669190682
GIN1	betareg	33	19	0.223844357886938	0.121417446785147	0.0652424734409948	0.0693621933433563	-0.0405945160026499	63.1755767654079	0.822096252746147	0.910482669190682
ISCA1	betareg	33	19	0.0632360401149283	0.0343045871346537	0.0652750355031655	0.0685759485890818	-0.0104206090058864	1289.72294210538	0.822096252746147	0.910482669190682
FARSB	betareg	33	19	0.217672875821963	0.118127755453851	0.0653742328045797	0.0726227186523955	-0.0169203343816368	760.029505694498	0.822096252746147	0.910482669190682
ZNFX1	betareg	33	19	0.175367354132263	0.0953262457979323	0.0658189820483294	0.0691034588478185	-0.0296968118424686	145.729551414672	0.822096252746147	0.910482669190682
HNRNPC	betareg	33	19	0.167347852999505	0.0909693599522137	0.0658259855805157	0.075649316965274	-0.0177162602027696	1981.39553886898	0.822096252746147	0.910482669190682
GSE1	betareg	33	19	0.134370342446664	0.0731723721815348	0.0663053906455313	0.0728242361332719	-0.0243964209278176	614.126956737632	0.822096252746147	0.910482669190682
GFOD1	betareg	33	19	0.118107097862417	0.0643369081655829	0.0663932164878954	0.072604933115976	-0.0172731409398554	1683.73644470058	0.822096252746147	0.910482669190682
TDRP	betareg	33	19	-0.108628543380072	0.0591786840092944	0.0664164594889853	0.0710891988757349	0.0194979789436105	326.381131760096	0.822096252746147	0.910482669190682
SERPINB1	betareg	33	19	-0.184159923844179	0.100476714691014	0.0668231381399608	0.0692847492452241	0.0295588251761549	118.428329848007	0.822096252746147	0.910482669190682
POLR3D	betareg	33	19	0.192670805899417	0.105136342006042	0.0668649863400463	0.0725059774737923	-0.0321674211336852	268.628644598183	0.822096252746147	0.910482669190682
MFSD9	betareg	33	19	0.120973218193295	0.0660613326519609	0.0670668440554164	0.0716214699737278	-0.021763752841066	309.273057509043	0.822096252746147	0.910482669190682
AIFM2	betareg	33	19	0.32696672105053	0.178600025580862	0.0671422775810913	0.0712746470159305	-0.0500590716325615	56.7283409219971	0.822096252746147	0.910482669190682
MRPL19	betareg	33	19	0.177636505900135	0.0971468435620155	0.0674691399251166	0.0716283459045196	-0.0320356946548926	390.139398462829	0.822096252746147	0.910482669190682
ZNF576	betareg	33	19	0.241027361368644	0.131882512963733	0.0676108805213121	0.0647135313252586	-0.0224944248589729	441.659819436467	0.822096252746147	0.910482669190682
JAM3	betareg	33	19	-0.10941259340596	0.0598703911151993	0.067625997053192	0.070497153685779	0.0161246556899163	676.303116811806	0.822096252746147	0.910482669190682
AKAP6	betareg	33	19	0.207793006046349	0.113817789188865	0.0679009343573516	0.0756079337474519	-0.0280273021950112	383.498635393142	0.822096252746147	0.910482669190682
ZNF507	betareg	33	19	-0.192938738115393	0.105708705353208	0.0679719824625322	0.0713057609845228	0.0265075509546605	191.61995876529	0.822096252746147	0.910482669190682
AP4M1	betareg	33	19	-0.0980660235522056	0.0537960946248515	0.0683153767010135	0.0742959714532568	0.0153565139248906	759.315539741586	0.822096252746147	0.910482669190682
LYST	betareg	33	19	0.150796413816654	0.0829547518288112	0.0690923733765334	0.0729806352165278	-0.0268514526654245	133.453604324497	0.822096252746147	0.910482669190682
P4HA2	betareg	33	19	0.174319506971318	0.0959275951960223	0.0691866848953628	0.0722551538789531	-0.0207891022797209	316.041129722188	0.822096252746147	0.910482669190682
LTN1	betareg	33	19	-0.171924807215062	0.0946116938559034	0.0691922592226941	0.0744688497703982	0.0219393769654505	171.979589626082	0.822096252746147	0.910482669190682
MGLL	betareg	33	19	0.145155410314696	0.0798996467481325	0.0692597598491512	0.0747606538289824	-0.0263360180353876	296.424227123171	0.822096252746147	0.910482669190682
OAZ2	betareg	33	19	0.0613264615345155	0.0337584839139364	0.0692747538633743	0.0733410351767187	-0.011045890669732	3497.51992429603	0.822096252746147	0.910482669190682
RNF111	betareg	33	19	0.235231124572702	0.129607632601201	0.069531888012753	0.0683309372026555	-0.0141021291666873	334.03069899925	0.822096252746147	0.910482669190682
TMED5	betareg	33	19	0.107122874624743	0.0590272510630576	0.069554079017907	0.0734525941300762	-0.0172089732401633	441.46429553267	0.822096252746147	0.910482669190682
ELAPOR1	betareg	33	19	0.199219999034955	0.109922819065157	0.0699301977352514	0.0670064462028275	-0.0317432249007963	170.268859535609	0.822096252746147	0.910482669190682
TSPAN33	betareg	28	19	-0.364168725199547	0.201089045650031	0.0701435740348006	0.0977960578074407	0.00341188056209529	304.431219927925	0.822096252746147	0.910482669190682
BMS1	betareg	33	19	0.179984207091034	0.0994909563191343	0.0704430913497511	0.0777314878347366	-0.0304753769337662	180.713844122637	0.822096252746147	0.910482669190682
ZNF827	betareg	33	19	0.107603953256696	0.0595725302515581	0.070876492491652	0.0743744183840536	-0.0193991082942683	381.340837091539	0.822096252746147	0.910482669190682
DUT	betareg	33	19	0.19237286814527	0.106691330451863	0.0713758517562211	0.0674615864968924	-0.0152141322870755	1023.78693657327	0.822096252746147	0.910482669190682
COA7	betareg	33	19	0.216963647469062	0.120415504561065	0.0715781961159735	0.0777326308385094	-0.0204850490755941	1158.87275234415	0.822096252746147	0.910482669190682
FER	betareg	33	19	0.162583703564611	0.090256393877882	0.0716471235261641	0.076273601911104	-0.025518986050155	375.892149046886	0.822096252746147	0.910482669190682
ABT1	betareg	33	19	0.236586779921256	0.131377406585116	0.071731593206797	0.074935914810904	-0.0137111637803669	661.015408955835	0.822096252746147	0.910482669190682
CPNE4	betareg	33	19	0.217545058800618	0.120917901223658	0.0720006889263557	0.0747643804777368	-0.0325462556702523	150.260054753695	0.822096252746147	0.910482669190682
NBL1	betareg	33	19	0.060050509663935	0.0333886584976451	0.0720930319552207	0.0737711120098654	-0.00882077961666545	2204.29924220822	0.822096252746147	0.910482669190682
NEGR1	betareg	33	19	-0.148808033826368	0.0827856884445788	0.0722548242380519	0.0749548490968529	0.0238794123394103	1172.07933755731	0.822096252746147	0.910482669190682
DPYSL5	betareg	33	19	0.0454813149475224	0.0253039285274108	0.0722719287677992	0.0758303377538751	-0.00577840137723095	6406.68101430841	0.822096252746147	0.910482669190682
ATG7	betareg	33	19	0.15534543875763	0.0865930300177428	0.0728176979697425	0.0745476148496301	-0.0104073026662013	679.905788313139	0.822096252746147	0.910482669190682
HSPA5	betareg	33	19	0.123410115759971	0.0688628664844911	0.0731146866153717	0.0775432904559398	-0.0065754211639989	3886.48579718741	0.822096252746147	0.910482669190682
PMEPA1	betareg	33	19	0.215661729602	0.12047994370721	0.0734504016849526	0.0773754495390541	-0.0389802301405379	275.213939985738	0.822096252746147	0.910482669190682
AGK	betareg	33	19	0.151685920740582	0.084858837838414	0.0738552885362781	0.0807621274902445	-0.00719715409709566	837.372735295151	0.822096252746147	0.910482669190682
NFIA	betareg	33	19	0.228041365092883	0.12783072722471	0.0744346642408422	0.0797720627606882	-0.0422212563888566	134.874164788267	0.822096252746147	0.910482669190682
EIF3H	betareg	33	19	-0.268327836615574	0.150435915276852	0.0744775116180763	0.0860418833093852	0.0169228028606088	606.795288065703	0.822096252746147	0.910482669190682
USP38	betareg	33	19	0.235537904830681	0.132105880853486	0.0745947822788499	0.0790847240075312	-0.0341770620051211	92.0812917986634	0.822096252746147	0.910482669190682
PUS7L	betareg	33	19	-0.244710146891879	0.137261184474507	0.0746177895033588	0.0783488822547792	0.0384209951156959	146.553671348176	0.822096252746147	0.910482669190682
SIPA1L1	betareg	33	19	0.243326659658443	0.136514168487795	0.0746794826994213	0.0790138646492781	-0.0437464711346303	79.7574932746186	0.822096252746147	0.910482669190682
AFF2	betareg	33	19	-0.1721032297355	0.0965929723525161	0.0747922028593224	0.0794960951596376	0.0307388753053945	190.38133818206	0.822096252746147	0.910482669190682
PTPN3	betareg	33	19	0.145148843301163	0.0815025940661188	0.0749270374334497	0.0810332950096877	-0.0230186825861611	388.239035657732	0.822096252746147	0.910482669190682
SLCO5A1	betareg	33	19	-0.158565585389337	0.0890753688703456	0.0750549652967849	0.0812574164565236	0.0215045989783444	323.342105569932	0.822096252746147	0.910482669190682
POLI	betareg	33	19	0.16276631205012	0.0916504821084356	0.0757418091423353	0.0797178651570174	-0.0301344109646446	130.727574029207	0.822096252746147	0.910482669190682
ACBD5	betareg	33	19	-0.126146369720941	0.0710354148703375	0.075761988327771	0.0799419395645095	0.0224115253500021	534.149092440116	0.822096252746147	0.910482669190682
RRAGD	betareg	33	19	0.186073592384363	0.104841699743387	0.0759300598058648	0.0795422460848031	-0.0307274075575253	162.411267470499	0.822096252746147	0.910482669190682
TRIM71	betareg	33	19	0.229011459342374	0.12914005169453	0.076169512171224	0.0850002552802874	-0.0268813573163914	200.363593346536	0.822096252746147	0.910482669190682
THUMPD3	betareg	33	19	0.142172679987902	0.0802698164909155	0.0765299737267712	0.0824569469847586	-0.0250496334904093	136.760269414098	0.822096252746147	0.910482669190682
TSPAN18	betareg	33	19	0.180160836011824	0.101825076188584	0.0768409918025644	0.0888625703785386	-0.00736476246708839	538.508081993309	0.822096252746147	0.910482669190682
LCMT2	betareg	33	18	0.323559504061788	0.182967304593809	0.0769939446251868	0.0874357860265421	-0.0062128664000153	691.535699160841	0.822096252746147	0.910482669190682
COG5	betareg	33	19	-0.116188492971628	0.0658144377890217	0.0774973685035095	0.0832767726416231	0.0205920761414562	338.216688585761	0.822096252746147	0.910482669190682
SSH1	betareg	33	19	0.328409032930844	0.186218558144079	0.0778047910298713	0.087667085764733	-0.00629332755286134	686.963406420026	0.822096252746147	0.910482669190682
ELOVL2	betareg	33	19	0.253676419727499	0.143946983321033	0.0780202064232518	0.0908765708349692	-0.0114344404529772	158.436085289395	0.822096252746147	0.910482669190682
TMCO1	betareg	33	19	0.172499979401326	0.0980218512196033	0.0784397753790931	0.0815356464954653	-0.0119697979006401	1203.86592528096	0.822096252746147	0.910482669190682
VWA5A	betareg	33	19	0.110197097395835	0.0626394347953888	0.0785386552477504	0.0829332508280783	-0.0177735686747312	426.378215897065	0.822096252746147	0.910482669190682
BRAP	betareg	33	19	0.154540308829793	0.087906457197838	0.0787460439475426	0.0817472680964669	-0.028318270677959	314.79914324428	0.822096252746147	0.910482669190682
SF3B1	betareg	33	19	0.134078150189682	0.0762703949291304	0.0787591197403892	0.0818427444146263	-0.0196937652533711	647.445984361386	0.822096252746147	0.910482669190682
DENND11	betareg	33	19	-0.158151485270493	0.0900065318996645	0.0788988570679369	0.0839465949211148	0.028540750842621	213.032883169585	0.822096252746147	0.910482669190682
SRGAP2C	betareg	33	19	0.269891512553615	0.153654808433597	0.0790065782517853	0.083684875836782	-0.0196163833706784	82.35121945575	0.822096252746147	0.910482669190682
FAM117B	betareg	33	19	-0.144103665922059	0.0820607164090352	0.0790779056097283	0.0866002380049569	0.0214041537300579	566.337248248265	0.822096252746147	0.910482669190682
TRAM2	betareg	33	19	0.338579517928509	0.192886759851228	0.079203230805317	0.072579978791889	-0.0438541409780726	73.2225275828619	0.822096252746147	0.910482669190682
TBC1D1	betareg	33	19	0.20628317643278	0.117561121610943	0.0793125629689357	0.0866700848703285	-0.0341275728317157	100.555193729475	0.822096252746147	0.910482669190682
RANBP2	betareg	33	19	-0.112981015194832	0.0644525862537297	0.0796136419960871	0.0826485537396009	0.0185792368550236	281.093495403831	0.822096252746147	0.910482669190682
NUTF2	betareg	33	19	0.111480298955447	0.0636102061579865	0.0796786532488027	0.0838055540549296	-0.0166764910803492	3307.10583768057	0.822096252746147	0.910482669190682
RPS6KC1	betareg	33	19	0.197363363135884	0.112683689051675	0.079863056531593	0.0854932134368882	-0.00820454136434447	499.276606018755	0.822096252746147	0.910482669190682
RAB39B	betareg	33	19	0.0850730917026911	0.0485751945732996	0.0798823630170861	0.0838064877658069	-0.0152462737183224	766.61370871193	0.822096252746147	0.910482669190682
MKLN1	betareg	33	19	0.127240734565525	0.0726632893618347	0.0799285711356948	0.0831990679556784	-0.0133347979406977	529.557638657761	0.822096252746147	0.910482669190682
AGPAT3	betareg	33	19	-0.247239591514716	0.141237762151899	0.0800285478770722	0.0933631392808066	0.00652806886145155	756.180797265135	0.822096252746147	0.910482669190682
RWDD2A	betareg	33	19	0.130379950496239	0.0745342143446168	0.0802455520502378	0.0854302946672946	-0.0182571727125866	551.203904949702	0.822096252746147	0.910482669190682
GPR26	betareg	33	19	0.182922865772537	0.104726718527538	0.0806948484965301	0.0856131080033507	-0.0322174820349954	289.499577089245	0.822096252746147	0.910482669190682
ERCC1	betareg	33	19	0.134727572731898	0.0771557919582527	0.080780417616481	0.0848932102002689	-0.0199681503282462	524.94196939505	0.822096252746147	0.910482669190682
SMAD2	betareg	33	19	0.112691805303889	0.06455078595735	0.0808482875956744	0.083256454460999	-0.0174423920357667	1094.17190635804	0.822096252746147	0.910482669190682
PTPMT1	betareg	33	19	0.140676658605816	0.0805956956584474	0.0809046229397911	0.0855528552178682	-0.0255218804000077	943.71059041722	0.822096252746147	0.910482669190682
ARL14EP	betareg	33	19	0.126547456383978	0.0726043574519033	0.0813382790915374	0.0840989801406666	-0.0190448083402974	329.881717212193	0.822096252746147	0.910482669190682
SAP30BP	betareg	33	19	0.0730142547377342	0.041926504193303	0.0815991158654642	0.0859356915511912	-0.0133237013973216	744.540379317352	0.822096252746147	0.910482669190682
COPB2	betareg	33	19	0.128698058720643	0.0739354779961617	0.0817395652222864	0.0894653454380858	-0.019707522007641	320.421036952975	0.822096252746147	0.910482669190682
GSPT1	betareg	33	19	0.121979542912378	0.0700875308010592	0.0817907976449484	0.0831111666224768	-0.0193229432282075	1151.19744370599	0.822096252746147	0.910482669190682
SMIM10L1	betareg	33	19	0.195768837646797	0.11249728307756	0.0818222429280542	0.0907082695439956	-0.0115081710137353	2001.35465180347	0.822096252746147	0.910482669190682
NEPRO	betareg	33	19	0.124383704981028	0.0715342710800252	0.0820701591027842	0.085738101843564	-0.0221038048162727	313.984104180478	0.822096252746147	0.910482669190682
PKN2	betareg	33	19	0.302277882602704	0.173940338500909	0.0822416401181871	0.0864369843556065	-0.0538709302235481	91.1702667431115	0.822096252746147	0.910482669190682
FAXC	betareg	33	19	0.129679308673498	0.0746703891774994	0.0824419262931198	0.0928938735291292	-0.0171174589953977	1292.60971943033	0.822096252746147	0.910482669190682
PERP	betareg	33	19	0.122929081833928	0.0708585272920918	0.0827669628457732	0.0870978924948385	-0.0229155897033589	680.566798867853	0.823210301143266	0.911716492790811
OTUB1	betareg	33	19	0.0926510696882568	0.0535172902827061	0.0834096472273834	0.0887104013161738	-0.0159787860408275	2462.31447542297	0.827469864052427	0.916434016066418
FAM177A1	betareg	33	19	0.109546543638541	0.0633955454012317	0.083990935964562	0.0880518263078252	-0.0189089771365151	1064.27955681632	0.828376975629521	0.917438654352029
SLC16A10	betareg	33	19	0.26735128103185	0.15485080505221	0.0842559135639133	0.0908643972829226	-0.0404382888796335	56.2768841155462	0.828376975629521	0.917438654352029
GABRG1	betareg	33	19	0.201478119341817	0.116719827197448	0.0843170565451406	0.0859185872534626	-0.0360117226223416	148.121294435247	0.828376975629521	0.917438654352029
ZNF461	betareg	33	19	-0.251656857565952	0.145809282679312	0.0843597078054159	0.0997433913200048	0.0133126720709603	190.847255364542	0.828376975629521	0.917438654352029
MAPK13	betareg	33	19	0.24956197711863	0.1448932660767	0.0849998128125309	0.0857890932835972	-0.0449735222626355	84.9550823102228	0.830253438808299	0.919516862588528
TP53BP1	betareg	33	19	0.124956469300998	0.0725572802409771	0.0850374846828941	0.0847201912800459	-0.0106326570172465	2116.30915173313	0.830253438808299	0.919516862588528
COX19	betareg	33	19	0.109912504007445	0.0638543214751584	0.0851962277924794	0.0887226512046952	-0.0195945041475142	531.154948019252	0.830253438808299	0.919516862588528
QSOX2	betareg	33	19	-0.278599733118654	0.161993046418035	0.0854642095998813	0.090840603346197	0.0435719814586976	54.2556992827596	0.830767075818629	0.920085722493433
TKT	betareg	32	19	-0.245687707398347	0.143179435267368	0.0861725295624461	0.0859005403690636	0.0090752264538854	640.267679667887	0.831782219127904	0.92121000737705
BRD3OS	betareg	33	19	0.124705174630748	0.0728412790196802	0.0868943789871016	0.0928059367522281	-0.0143945558069729	2425.91176319818	0.831782219127904	0.92121000737705
RETREG2	betareg	33	19	0.227655879794566	0.132989417508151	0.0869271628240244	0.0993155300365979	-0.00332725705634562	3544.87820893776	0.831782219127904	0.92121000737705
ARF6	betareg	33	19	0.200426818395175	0.117168243459525	0.0871568376218267	0.0929961488847608	-0.0369287946470651	1117.00460185237	0.831782219127904	0.92121000737705
MTDH	betareg	33	19	0.130689404567737	0.0764212918483983	0.0872441086141533	0.0916257085317109	-0.0195454516279247	237.773717391138	0.831782219127904	0.92121000737705
SAMD14	betareg	33	19	0.0827134244842676	0.0483672690192433	0.0872452508515792	0.0889541019635398	-0.0118437874399473	1598.67760077191	0.831782219127904	0.92121000737705
HNRNPLL	betareg	33	19	-0.194557110541807	0.113812832187582	0.0873680088270018	0.0857246378258943	0.0269565438719121	208.283580377519	0.831782219127904	0.92121000737705
DCAF8	betareg	33	19	0.0695038701351223	0.0406655471320905	0.087421572827922	0.0911655335889953	-0.0101860846900957	577.872982476627	0.831782219127904	0.92121000737705
PSMC2	betareg	33	18	-0.321285901554767	0.188063062889542	0.0875631678358575	0.107961106207558	0.00642917109375179	797.190702887791	0.831782219127904	0.92121000737705
ZZEF1	betareg	33	19	-0.145786068889735	0.0853784527185409	0.0877240226959427	0.090377440734699	0.0227728764558727	236.278032177526	0.831782219127904	0.92121000737705
RPL27A	betareg	33	19	0.184003230233409	0.10801709874125	0.0884812848669111	0.0961838819473267	-0.00981548952598606	1716.01472214569	0.835883753775509	0.92575251222518
ZNF92	betareg	33	19	-0.185169669070002	0.108765132091716	0.0886667902066403	0.0932994328823967	0.0193363501695368	267.30881151281	0.835883753775509	0.92575251222518
MANEA	betareg	33	19	-0.230975907469997	0.135730225925865	0.0888063944811239	0.0879301314946839	0.0368287682266094	115.860312713137	0.835883753775509	0.92575251222518
CTNNBIP1	betareg	33	19	0.113942259440934	0.0670956298812699	0.0894687248577498	0.0962698875625759	-0.0145885937080021	1724.57557589295	0.836745843826923	0.9267072885649
SNAP29	betareg	33	19	0.119651025136527	0.070484866752072	0.0895942283659018	0.0959604946917307	-0.019148551912262	714.172455812089	0.836745843826923	0.9267072885649
BRD4	betareg	33	19	0.163875869807889	0.0965749851396868	0.0897199196721912	0.0940327697522534	-0.0294289052290812	160.158521751412	0.836745843826923	0.9267072885649
NOS1AP	betareg	33	19	0.169864029754893	0.100167899725915	0.089925076182943	0.0966852074310865	-0.026610416957285	228.97776128434	0.836745843826923	0.9267072885649
POMT2	betareg	33	19	0.146100913442509	0.0862132280860545	0.0901425703171168	0.0946712826765247	-0.0250781892293179	194.048475743764	0.836745843826923	0.9267072885649
KREMEN1	betareg	33	19	0.227957580422094	0.134637630613178	0.0904327478521852	0.0950205725115653	-0.0400080172111447	141.04106019868	0.836745843826923	0.9267072885649
BACH1	betareg	33	19	-0.15252012492954	0.0900853040339371	0.0904434130840808	0.0934864411686856	0.0184182403290244	299.568694944028	0.836745843826923	0.9267072885649
NHS	betareg	33	19	-0.306004652156674	0.180851512412393	0.0906418692344038	0.0919711502716631	0.0273976791389481	125.151384261938	0.836745843826923	0.9267072885649
KCMF1	betareg	33	19	0.172160151071478	0.1018136418715	0.0908494042837372	0.0872489624362127	-0.010085592514395	919.570733903773	0.836745843826923	0.9267072885649
RAD18	betareg	33	19	0.334661230960831	0.198281881985388	0.0914485908470341	0.0945145667000814	-0.0463724595368551	63.5769210763425	0.838360298159133	0.928495318475956
DHFR2	betareg	33	19	-0.161387166415565	0.0956767975597297	0.0916427316419846	0.0958487374552314	0.0271965836066258	155.942823750071	0.838360298159133	0.928495318475956
CELF5	betareg	33	19	0.154172203131097	0.0914089673100224	0.0916764212439994	0.0923480151729692	-0.0151285058006322	710.06201624067	0.838360298159133	0.928495318475956
NEO1	betareg	33	19	0.136373439290779	0.0809589833351908	0.0920897738081153	0.0950408274411363	-0.0246694947159654	224.49862036078	0.840149439144753	0.930476816207765
ALDH2	betareg	33	19	0.211787175897194	0.125930485760668	0.0926118109450621	0.0989861202903847	-0.0202187752836612	1355.55719855381	0.840995345116682	0.931413668461541
ABCE1	betareg	33	19	-0.0944457613261868	0.0561830833740669	0.0927560066217587	0.0977859441362165	0.0160474793776723	304.666138935471	0.840995345116682	0.931413668461541
GFRA2	betareg	33	19	0.0852429753064646	0.0507281153666002	0.0928816232135891	0.0963472051003546	-0.01471655406378	583.583229370007	0.840995345116682	0.931413668461541
EIF2S2	betareg	33	19	0.144815883204967	0.0862711598918331	0.0932275078446309	0.0972808634761907	-0.0242548986405227	336.393994707763	0.840995345116682	0.931413668461541
TENM3	betareg	33	19	0.165422967699981	0.0985608472498476	0.09327212215759	0.100223821363413	-0.0242477938433827	688.747369358771	0.840995345116682	0.931413668461541
CNTN1	betareg	33	19	-0.0778181616122907	0.0464712101478556	0.0940234155954246	0.0975661800721912	0.0124159267259293	4407.34665757545	0.844139372369337	0.934895720977221
ZNF500	betareg	33	19	0.256038436019326	0.15299505853783	0.0942273566470019	0.10152459892774	-0.0059442339810512	375.285536327773	0.844139372369337	0.934895720977221
XPOT	betareg	33	19	0.170119096394811	0.101669536395271	0.0942770369071554	0.0997288336192512	-0.0297691857921925	324.71037188588	0.844139372369337	0.934895720977221
DESI1	betareg	33	19	0.136727677561008	0.081866621822552	0.0948941859074383	0.0952262546102098	-0.0165123722027595	955.286170907013	0.847698394199242	0.93883738557498
RC3H1	betareg	33	19	-0.161619580488794	0.0969472555578553	0.0954969609874692	0.100478748961572	0.0285798437463371	376.741057467817	0.850057501036925	0.941450128162365
GNAI1	betareg	33	19	-0.0809826964649144	0.0485922723349261	0.0955988197525659	0.100026518653103	0.012795139202778	2314.2673947664	0.850057501036925	0.941450128162365
ATL1	betareg	33	19	0.232675999590426	0.140181822920778	0.0969515213465052	0.116420203634122	-0.00309938838873905	1304.08440914899	0.855820377443981	0.947832591378546
TUBGCP4	betareg	33	19	-0.136650750121794	0.08243345358831	0.0973760394836792	0.10438193719361	0.0237491636218047	790.561879214673	0.855820377443981	0.947832591378546
RAB9B	betareg	33	19	0.19461088693792	0.117588779640096	0.0979219851633325	0.103560312262316	-0.0346340270911057	892.851507654579	0.855820377443981	0.947832591378546
PARD3	betareg	33	19	0.172551871771232	0.104290482020613	0.0980195994366444	0.0990429624893587	-0.0267554356787679	100.699259713954	0.855820377443981	0.947832591378546
RAP2A	betareg	33	19	0.104851198737988	0.0633855266860653	0.0980905344137102	0.097969059360196	-0.0167682736955927	949.604541007576	0.855820377443981	0.947832591378546
CC2D1B	betareg	33	19	0.268929709820827	0.16257958537635	0.0980986775004774	0.104402046774299	-0.0238356243934768	150.443760452657	0.855820377443981	0.947832591378546
TMEM200C	betareg	33	19	0.258642406246047	0.156385944732764	0.0981534305116924	0.107677708593017	-0.0391400539042304	230.621756981224	0.855820377443981	0.947832591378546
HS6ST3	betareg	33	19	-0.184257776606183	0.111573857195522	0.0986483131438759	0.103339939245666	0.0301158287183784	1972.24192768555	0.855820377443981	0.947832591378546
BMP2K	betareg	33	19	0.253868094501682	0.153756801055595	0.0987178382843789	0.100008133974143	-0.042524994250883	86.0604633858654	0.855820377443981	0.947832591378546
NLE1	betareg	33	19	0.112219494217962	0.068023876910051	0.0990027926316959	0.104231030143453	-0.0190114276693303	477.20318845253	0.855820377443981	0.947832591378546
GIGYF2	betareg	33	19	-0.0979193516161308	0.0593624112128447	0.0990416076369223	0.103961968621086	0.017422762266649	258.16197706346	0.855820377443981	0.947832591378546
ZNF260	betareg	33	19	-0.142829279816839	0.0865929218534701	0.099058824120707	0.106246163384431	0.0193655021078889	624.856313298633	0.855820377443981	0.947832591378546
RAB23	betareg	33	19	0.166723992530337	0.101107941537717	0.0991537197491849	0.110085393910814	-0.0137421040667347	330.654515115674	0.855820377443981	0.947832591378546
ACAP2	betareg	33	19	-0.215359839712313	0.130686012639913	0.0993694879672286	0.100736340201885	0.0355828095126859	103.829335656692	0.855820377443981	0.947832591378546
KRIT1	betareg	33	19	0.216323633347102	0.131441480155922	0.0998092585979944	0.099187313531125	-0.0286410596109164	59.4666603176273	0.855820377443981	0.947832591378546
DZANK1	betareg	33	19	0.158232704556248	0.0961483849926815	0.0998227382039444	0.102144610431727	-0.0279377029015767	66.9126826337427	0.855820377443981	0.947832591378546
VWC2L	betareg	33	19	-0.132711491456024	0.0808101102180986	0.100535415571	0.104648066757934	0.0183036656699284	317.705765253256	0.855820377443981	0.947832591378546
LRRC59	betareg	33	19	0.0785580623074897	0.0479565049990452	0.101398610562024	0.104896861470776	-0.0133483981132299	797.129582253128	0.855820377443981	0.947832591378546
RELCH	betareg	33	19	0.104916554695735	0.0640493332103034	0.101409490945271	0.10628768320541	-0.0190642211525279	200.365436574636	0.855820377443981	0.947832591378546
SFT2D3	betareg	33	19	0.217302842910949	0.13266963031018	0.101437436530644	0.110814891926542	-0.0350951571432165	251.89423695578	0.855820377443981	0.947832591378546
COMMD2	betareg	33	19	0.148735534694678	0.0908521355923804	0.10160611934481	0.105933238585148	-0.0274357066669635	731.574606599395	0.855820377443981	0.947832591378546
BNIP3L	betareg	33	19	0.165643765630168	0.101278628225068	0.101938961352324	0.106366286652153	-0.0305039742028743	1541.21868707658	0.855820377443981	0.947832591378546
PAQR9	betareg	33	19	0.252357526670708	0.154352062898759	0.102060043815761	0.113146109853626	-0.0340824674353827	221.00178590396	0.855820377443981	0.947832591378546
MXD4	betareg	33	19	0.076525674949988	0.0468231369375322	0.102184120720786	0.105091589144079	-0.013745295140555	825.904101884332	0.855820377443981	0.947832591378546
ZNF704	betareg	33	19	-0.211951543741823	0.129809273354201	0.10251274908077	0.0987914986210034	0.00540157123525989	767.32346039969	0.855820377443981	0.947832591378546
SLC19A1	betareg	33	19	-0.163365503000909	0.100086992400999	0.102629967203921	0.106885087551245	0.0281898494395696	626.524213459357	0.855820377443981	0.947832591378546
DRP2	betareg	33	19	0.259601379983625	0.159085399243239	0.102713908908427	0.10594453486074	-0.0499769439085818	126.870679904609	0.855820377443981	0.947832591378546
DYRK3	betareg	33	19	-0.198926931545381	0.121974317961836	0.102913123630931	0.109570884189884	0.0325637228183152	206.603147401833	0.855820377443981	0.947832591378546
ATP11A	betareg	33	19	0.187165366572911	0.114779553354714	0.102964030785381	0.104451554546403	-0.0346515724697104	580.96398064798	0.855820377443981	0.947832591378546
SUPT7L	betareg	33	19	0.0929841931165895	0.0570653941690257	0.103221548143016	0.109224460792449	-0.0140160294305045	801.365843105428	0.855820377443981	0.947832591378546
VSTM2B	betareg	33	19	0.155161033766107	0.0952977387346039	0.103488589393569	0.109639999746311	-0.02761252739963	248.715105413122	0.855820377443981	0.947832591378546
COX11	betareg	33	19	0.101826001393304	0.0625605999774091	0.103601695238501	0.107618372837164	-0.00944058694215117	550.877468526697	0.855820377443981	0.947832591378546
SH3BP5	betareg	30	19	-0.289275757406984	0.177827944261159	0.103797195716082	0.105704252196588	0.000792127297358816	1439.55382461847	0.855820377443981	0.947832591378546
RHOF	betareg	33	19	0.0858414285054566	0.0527701812775268	0.103800125621343	0.107836240267625	-0.0154898767784948	292.498665424524	0.855820377443981	0.947832591378546
PPARGC1B	betareg	33	19	0.208097176164602	0.128060797573778	0.104165254149368	0.107766308807913	-0.0325116343905371	150.679036747446	0.855820377443981	0.947832591378546
METAP1	betareg	33	19	0.0924614052617262	0.0569104966063357	0.104230537657444	0.108511545927671	-0.0166600342725451	444.716322367121	0.855820377443981	0.947832591378546
CDC73	betareg	33	19	-0.160751508507832	0.0991591191984317	0.104986116421023	0.106213339970139	0.0263070254483345	128.113782279244	0.856812249842075	0.948931103414693
CDK16	betareg	33	19	0.117244380349858	0.0723229310844079	0.104991222660517	0.109087335519084	-0.0210717106952456	1133.34677772516	0.856812249842075	0.948931103414693
LMBRD2	betareg	33	19	-0.208497990697275	0.128655680712915	0.105105796645899	0.112217544309016	0.020637271879677	498.998713793082	0.856812249842075	0.948931103414693
PRRC2C	betareg	33	19	-0.113543636515436	0.0701432528382785	0.105503377939425	0.110796463440258	0.016015494149529	690.909864039782	0.856812249842075	0.948931103414693
PAN3	betareg	33	19	-0.11575410465297	0.0715422082890567	0.105666177443876	0.110492042582986	0.0208885351347522	212.301872905276	0.856812249842075	0.948931103414693
CHRAC1	betareg	33	19	0.219370048438487	0.135683541643878	0.105926395571827	0.119123732085658	-0.0173087880821517	106.460632609816	0.856812249842075	0.948931103414693
FAM133A	betareg	33	19	-0.205455065575448	0.127161101757435	0.106157705165569	0.108684216176111	0.0359094317318619	91.7104152592644	0.856812249842075	0.948931103414693
NAXD	betareg	33	19	0.0585193304422619	0.0362450850921601	0.106409207287214	0.110513282449151	-0.00906578926170095	1633.62204712187	0.856812249842075	0.948931103414693
PPP1R14C	betareg	33	19	0.0540262790706716	0.0335021643095064	0.106826968233365	0.111909827228467	-0.00951850953729392	1839.04405007708	0.856812249842075	0.948931103414693
DNALI1	betareg	33	19	0.153810475173365	0.0954459474007087	0.107072313851386	0.115237304367111	-0.0198679187514584	291.849973904412	0.856812249842075	0.948931103414693
NEUROD1	betareg	28	18	-0.328073113460048	0.203650160776423	0.107187530793058	0.0987258242311409	0.00497545613884285	292.614550685252	0.856812249842075	0.948931103414693
CCDC127	betareg	33	19	0.163980876347059	0.101814080941474	0.10726882409396	0.115584674552025	-0.0236143779485306	710.495091645383	0.856812249842075	0.948931103414693
ST6GALNAC3	betareg	33	19	0.257108712267062	0.159662944559975	0.107327633432287	0.118312262186851	-0.00992418355673664	414.086161321573	0.856812249842075	0.948931103414693
TLN2	betareg	33	19	0.103549516055457	0.0643959950584012	0.107832607614628	0.111587451155727	-0.019000504020051	461.377562854266	0.856812249842075	0.948931103414693
KLHL8	betareg	33	19	-0.17041385054778	0.105990162574457	0.107873062115454	0.111735520335883	0.0251339817477836	500.570714549688	0.856812249842075	0.948931103414693
SHTN1	betareg	33	19	0.125050620253899	0.0777829341304484	0.107903723972752	0.112060534124416	-0.00919737352461479	1519.57312989262	0.856812249842075	0.948931103414693
NAA10	betareg	33	19	0.173916998559776	0.108310867562575	0.108335298165335	0.115073053157301	-0.00605648198690085	1015.98982166711	0.85753076829944	0.949726872280855
UPF3A	betareg	33	19	-0.131096984150877	0.0817170948840607	0.10865266255418	0.11156362244902	0.0234519142660017	138.380967533411	0.85753076829944	0.949726872280855
SNRNP48	betareg	33	19	-0.257197239234473	0.160323273034914	0.108660842429887	0.129250353959714	0.017770576360688	84.9437324402224	0.85753076829944	0.949726872280855
ZFX	betareg	33	19	-0.189333482875629	0.118380513964404	0.109739839284917	0.113234568046447	0.026801515575891	176.339582798036	0.861140990103577	0.953725241539468
PEX10	betareg	33	19	0.105542455316726	0.0660038372225192	0.109812794072742	0.113455998545563	-0.0181013316463257	805.892539154192	0.861140990103577	0.953725241539468
EMC8	betareg	33	19	0.0855225973680912	0.0534922840048941	0.109868648702351	0.113205479186658	-0.012715740162689	437.448510483981	0.861140990103577	0.953725241539468
RND2	betareg	33	19	0.111368111340538	0.0697222878093316	0.11019661068456	0.116932540875698	-0.0121317137146778	1484.93711854442	0.861140990103577	0.953725241539468
ARFGEF2	betareg	33	19	-0.240639669748178	0.150762554456868	0.110455280395969	0.139997443291643	0.0248468220334654	445.296491853843	0.861140990103577	0.953725241539468
SUPT3H	betareg	33	19	-0.229713341536996	0.143942249556469	0.110517473596409	0.118292155904717	0.0449308302147606	61.5520445996882	0.861140990103577	0.953725241539468
ZDHHC5	betareg	33	19	0.0752247215224712	0.0472257674070118	0.111188343707229	0.115691833844712	-0.0135465818960442	343.673924708329	0.861140990103577	0.953725241539468
SLC66A2	betareg	33	19	-0.0808590061070485	0.050773604364077	0.111263377695331	0.117906507708	0.0100547238399578	951.613850788654	0.861140990103577	0.953725241539468
USP15	betareg	33	19	0.104998919025752	0.0659373356808472	0.111293815230184	0.110536598309432	-0.0178257259509216	475.47575968642	0.861140990103577	0.953725241539468
PPP1CB	betareg	33	19	-0.0957791683843631	0.0601881053163338	0.111535213778404	0.117690151398871	0.0086418958750748	4044.90396407148	0.861140990103577	0.953725241539468
DGKE	betareg	33	19	-0.213059328311759	0.13390164070016	0.111572910802465	0.112578530626875	0.0292726728149406	290.469094202509	0.861140990103577	0.953725241539468
NLN	betareg	33	19	-0.0911266714839353	0.0573264104493931	0.111922599272623	0.115492484400307	0.016156769752336	601.121862726114	0.861423672406579	0.954038315996274
TIAM2	betareg	33	19	0.290992576352329	0.183127119236848	0.112055974410419	0.131793846166608	-0.0396080505132522	73.7558312248657	0.861423672406579	0.954038315996274
EML5	betareg	33	19	0.175203482767885	0.110495111496921	0.112825076246853	0.107053641521068	-0.0162549094183787	384.804422759616	0.865414708449004	0.958458442151338
EIF5	betareg	33	19	0.113090592045424	0.0713767921603858	0.113098890425141	0.111038637123533	-0.0171086874036575	1324.52677800407	0.865414708449004	0.958458442151338
PLXDC1	betareg	33	19	0.233579363642795	0.147682968845086	0.113734757847714	0.118020325606678	-0.0294416019078616	130.117812043773	0.865414708449004	0.958458442151338
SETD5	betareg	33	19	0.238151565523952	0.150576428409728	0.113741086440175	0.120229519799006	-0.00780235965947947	537.76863131834	0.865414708449004	0.958458442151338
WDR13	betareg	33	19	0.183774557763857	0.116269952239335	0.113972927647517	0.118429294952028	-0.0301963508041561	359.552494705794	0.865414708449004	0.958458442151338
CLIC4	betareg	33	19	-0.116857740383408	0.0739577911034742	0.114093148309442	0.118605072830062	0.0210184765748125	445.123715264879	0.865414708449004	0.958458442151338
BLOC1S6	betareg	33	19	0.0965618168618588	0.0611307608546074	0.11419974749345	0.112304462197061	-0.0114844633341568	1537.57653947187	0.865414708449004	0.958458442151338
CLEC2D	betareg	32	19	0.314508767692238	0.199235044321521	0.114432066302525	0.117149828595863	-0.0258224134112259	73.4921898297582	0.865414708449004	0.958458442151338
NDRG1	betareg	33	19	0.0958522837790493	0.0607700237400517	0.114727551904072	0.118576512935095	-0.017503206350892	241.242709479362	0.865414708449004	0.958458442151338
HIGD1A	betareg	33	19	0.0891137342901799	0.0565118406637282	0.114817670187526	0.117918241420732	-0.0125095200959352	1812.08481455095	0.865414708449004	0.958458442151338
KSR2	betareg	33	19	0.0854608259175479	0.0543453700030113	0.115822991916769	0.120496759113633	-0.0149509277244181	965.890328545676	0.871283219812863	0.964957897504521
ARHGAP26	betareg	33	19	-0.154349775291017	0.0982130734513617	0.116047814533768	0.121820788702682	0.020555350861419	453.232852926802	0.871283219812863	0.964957897504521
SCN7A	betareg	33	19	-0.17243037987855	0.110000141284791	0.116986913949124	0.119325761895568	0.0256839144259624	377.064380590588	0.871885954726171	0.96562543453665
TMEM150C	betareg	33	19	-0.116841633981736	0.0746088008845526	0.117335276389594	0.120823907686089	0.0194186182438096	567.397918798948	0.871885954726171	0.96562543453665
HCN4	betareg	33	19	0.172785553015565	0.110366939728552	0.117452749748307	0.120764037053156	-0.031119456854387	155.319541952767	0.871885954726171	0.96562543453665
SH3BP2	betareg	33	19	-0.119807082925579	0.0766016419714026	0.117811084825311	0.118749761017671	0.0149222722791136	479.39158410291	0.871885954726171	0.96562543453665
TMEM108	betareg	33	19	0.0998364666464159	0.0639039246320967	0.118219671123232	0.122412239523503	-0.0167696419528857	156.396505382994	0.871885954726171	0.96562543453665
ZNF264	betareg	33	19	-0.23233502799281	0.148899932623549	0.118678751124117	0.130479945884892	0.0270952892586632	229.885440152113	0.871885954726171	0.96562543453665
BCL10	betareg	33	19	0.0936475518071808	0.0601591866040526	0.119550628556865	0.123774120284867	-0.0169289770374868	144.069077690973	0.871885954726171	0.96562543453665
ANAPC16	betareg	33	19	0.154752585867793	0.0995298822550819	0.119985272040567	0.134444098415944	-0.00360272805385721	952.891370231955	0.871885954726171	0.96562543453665
TMEM68	betareg	33	19	-0.138461550620633	0.0890569089983543	0.120004761697381	0.12531563738252	0.025330071714486	123.736898571327	0.871885954726171	0.96562543453665
MICOS10	betareg	33	19	0.175316265257423	0.112839911444204	0.120262560279322	0.123241250974557	-0.0195388119502479	1905.15275159956	0.871885954726171	0.96562543453665
RAB21	betareg	33	19	0.0916218881883789	0.0590227083305541	0.120586656961767	0.12748555270754	-0.0158730256587622	679.047302067326	0.871885954726171	0.96562543453665
NACC2	betareg	33	19	0.257550928030684	0.166143834137155	0.12110109286496	0.111044545643571	-0.0263487703498609	331.490815198664	0.871885954726171	0.96562543453665
GJC1	betareg	33	19	0.312318427409394	0.201481140364744	0.12111452441357	0.121073169659669	-0.0268581015402347	76.5706557733238	0.871885954726171	0.96562543453665
C16orf87	betareg	33	19	0.188815831502083	0.121825596061094	0.121168790370889	0.123945508296036	-0.0199425499170908	433.418231133498	0.871885954726171	0.96562543453665
SRSF10	betareg	33	19	0.1142474795996	0.0737195074401145	0.121199340307097	0.123979180166404	-0.0100142529750745	964.500332339322	0.871885954726171	0.96562543453665
CD59	betareg	33	19	0.0670960886802275	0.0433008913868251	0.121254041337642	0.12395007227409	-0.0105724839196736	3307.87998099815	0.871885954726171	0.96562543453665
CALM3	betareg	33	19	0.0461836797020613	0.0298228345122013	0.121477598031377	0.124935397080638	-0.00796662650488938	12215.9141155054	0.871885954726171	0.96562543453665
TUSC2	betareg	33	19	0.0633152546226251	0.0409122666908533	0.121721983829547	0.125010967315974	-0.0108819247493125	1272.32041446234	0.871885954726171	0.96562543453665
C11orf87	betareg	33	19	0.168238934247753	0.108780758683843	0.121962806540895	0.130310795404369	-0.0228433794038456	2293.46937681266	0.871885954726171	0.96562543453665
ETV3	betareg	33	19	0.13587793157056	0.0879001582438537	0.12214774601668	0.126884407122014	-0.0193963406448195	135.651932854135	0.871885954726171	0.96562543453665
PLEKHA2	betareg	33	19	-0.295947255280046	0.191496843778836	0.122239400446805	0.122542094021522	0.0322351156280183	75.9378139534006	0.871885954726171	0.96562543453665
HINT3	betareg	33	19	-0.114067769068177	0.0738249924888514	0.122319544164455	0.134593828076901	0.0151431435431335	884.081476276237	0.871885954726171	0.96562543453665
POU6F1	betareg	33	19	0.213319403169424	0.138093815178804	0.12240852913825	0.126174007519961	-0.0302697239855198	170.428395282815	0.871885954726171	0.96562543453665
MYEF2	betareg	33	19	0.116783068411198	0.075623387678058	0.122522490310108	0.12730492691296	-0.0215608953988799	498.77229838651	0.871885954726171	0.96562543453665
RBBP4	betareg	33	19	0.105192582176434	0.0681809309112922	0.12286848130382	0.125664760444126	-0.0177302953471067	1673.46400647281	0.871885954726171	0.96562543453665
DIP2A	betareg	33	19	-0.122615673828938	0.0794805761510568	0.122900561404558	0.126768024190076	0.0207472414662982	204.946785830661	0.871885954726171	0.96562543453665
UBE2I	betareg	33	19	-0.133015116702806	0.0864642212527672	0.123954915485581	0.124405171576851	0.0215969665154378	962.558346500415	0.871885954726171	0.96562543453665
TTC30B	betareg	33	19	0.165524496030871	0.107607182049188	0.123992614493355	0.134752672771571	-0.0208381614633104	175.598740461493	0.871885954726171	0.96562543453665
AGPAT4	betareg	33	19	0.127951332629725	0.0832401916925124	0.124260487251918	0.128962668903051	-0.0204244508949252	801.852406791874	0.871885954726171	0.96562543453665
SUB1	betareg	33	19	-0.0755017016351051	0.0491224363225961	0.124290732034086	0.122070400338154	0.0100749874267828	3062.83661766944	0.871885954726171	0.96562543453665
ZNF879	betareg	32	18	-0.352203315910221	0.229177701266226	0.124339060611224	0.126429771066436	0.0230669816139887	223.805804907744	0.871885954726171	0.96562543453665
EDEM3	betareg	33	19	-0.179210379315184	0.116658642012914	0.124490652852983	0.126515801698105	0.0149873632248747	686.566003996451	0.871885954726171	0.96562543453665
PLPPR5	betareg	33	19	0.0886153833217338	0.0576907371174586	0.124528130382623	0.12940061706798	-0.0151430844921787	467.98477218206	0.871885954726171	0.96562543453665
MOB1B	betareg	33	19	-0.184324789644467	0.120082688738272	0.12478820061993	0.130543309863182	0.0307685126638923	190.001960551688	0.871885954726171	0.96562543453665
PPFIBP1	betareg	33	19	-0.232887994134265	0.15187314602101	0.125168067812586	0.128208761483775	0.0187864034742111	123.178212347577	0.871885954726171	0.96562543453665
ZNF502	betareg	33	19	-0.2330428485971	0.152008945678869	0.1252545660389	0.123685451666955	0.0152852535649186	206.940713778432	0.871885954726171	0.96562543453665
RPS19	betareg	33	19	0.213965479865724	0.13959900958492	0.1253461201136	0.128075548020837	-0.0212660424044981	1151.06701644394	0.871885954726171	0.96562543453665
WDPCP	betareg	33	19	-0.281659991717713	0.183813850135949	0.125445698270915	0.151472945019373	0.0220928873902828	75.3267970515274	0.871885954726171	0.96562543453665
UTP25	betareg	33	19	0.23233540708155	0.151638503367031	0.125481398358909	0.130940139421751	-0.0353959871595455	119.311729970009	0.871885954726171	0.96562543453665
STX16	betareg	33	19	-0.15537445619728	0.101451242046244	0.125641292523131	0.134564727234319	0.018803242158336	688.308289788457	0.871885954726171	0.96562543453665
ANKRD40	betareg	33	19	0.140306457632001	0.091626638260165	0.12569907662977	0.128591884446726	-0.0245004452683196	260.744914245394	0.871885954726171	0.96562543453665
SERP1	betareg	33	19	0.141595932936744	0.0925616088730673	0.126079125729237	0.126068643466417	-0.0230455709674999	789.768881322078	0.871885954726171	0.96562543453665
ARL15	betareg	33	19	-0.130712857303369	0.0855122062432134	0.126366830336177	0.128485171753074	0.00810912268302756	867.580306111405	0.871885954726171	0.96562543453665
TAPT1	betareg	33	19	0.103801712312923	0.067971570162316	0.126727633615482	0.130586757017296	-0.0185028495059545	238.16988817856	0.871885954726171	0.96562543453665
VCL	betareg	33	19	0.0638320514051737	0.0418517666693988	0.127210788241641	0.128328388841249	-0.00960875122659431	677.670280845446	0.871885954726171	0.96562543453665
CCDC14	betareg	33	19	0.156160674488927	0.102527174805678	0.12772994491628	0.134100173847205	-0.0228952013359583	184.545038263805	0.871885954726171	0.96562543453665
MKRN1	betareg	33	19	0.0460831344720365	0.0302665593234345	0.127864837482285	0.132342496915605	-0.00840944097364099	1418.57872952711	0.871885954726171	0.96562543453665
ZNF83	betareg	33	19	0.0991410565510995	0.0651147775612903	0.127869204878827	0.139425544606829	-0.0117370917124232	469.708805295643	0.871885954726171	0.96562543453665
MED14	betareg	33	19	0.208042130045326	0.136828421500353	0.128395426076936	0.129358635061519	-0.0363658832980831	71.5380342810366	0.871885954726171	0.96562543453665
ETNK1	betareg	33	19	0.191558573166389	0.126099774999205	0.12873651850445	0.131773975763653	-0.00926377709368571	1263.39899686023	0.871885954726171	0.96562543453665
TSPAN14	betareg	33	19	-0.108118346114845	0.0712140692773505	0.128959931538014	0.132984909573884	0.0179924544093418	1328.83014095342	0.871885954726171	0.96562543453665
FAM189A1	betareg	33	19	0.0849168175908007	0.0559410371584461	0.129021955277704	0.128565579421849	-0.0108125175857623	473.864281440131	0.871885954726171	0.96562543453665
ZNF20	betareg	31	18	-0.331201338935884	0.218250380825363	0.129133111756042	0.120056704508482	0.0163570993009519	158.745275617505	0.871885954726171	0.96562543453665
RCBTB1	betareg	33	19	0.100873835061408	0.0664847568396113	0.129204192723575	0.131590108193559	-0.0167263540298253	404.473188954808	0.871885954726171	0.96562543453665
TXLNG	betareg	33	19	-0.112217994971328	0.0740319018965632	0.129568435349788	0.133728832998465	0.0209557961034242	165.736308611333	0.871885954726171	0.96562543453665
CHIC1	betareg	33	19	-0.182946666330964	0.120766942633749	0.129804389509924	0.131053020033204	0.0260112793733433	163.663565966004	0.871885954726171	0.96562543453665
ZNF621	betareg	33	19	-0.232287214390237	0.153444643510883	0.130072086969693	0.152071907587672	0.0177987350743195	309.203607366037	0.871885954726171	0.96562543453665
ERBIN	betareg	33	19	0.142572440849058	0.0942778989415659	0.13046841933909	0.130463540521291	-0.010989150824566	228.163335030735	0.871885954726171	0.96562543453665
IPO5	betareg	33	19	0.105508804829417	0.0698072732065138	0.130678938437807	0.135858340153529	-0.0174119714266153	622.922741387109	0.871885954726171	0.96562543453665
KATNAL1	betareg	33	19	-0.120105123014045	0.0794682640188721	0.130696858861052	0.134435604253323	0.0101142738062003	725.943415192141	0.871885954726171	0.96562543453665
VASH1	betareg	33	19	-0.165691525851626	0.109735067626116	0.131063018824267	0.134965233211161	0.0240404750272421	1230.07918432569	0.871885954726171	0.96562543453665
FUBP1	betareg	33	19	0.127942657483556	0.084768271861324	0.131216395122427	0.134674621587333	-0.017194890153235	593.086522626553	0.871885954726171	0.96562543453665
MARCHF7	betareg	33	19	0.231700051549911	0.153513835844609	0.131219440668437	0.120885227674144	-0.0183163902743474	495.337512586746	0.871885954726171	0.96562543453665
DNAJB1	betareg	33	19	0.0627674837688617	0.0415996738420595	0.131338251080684	0.135582753909561	-0.0116138675126561	1077.62964414272	0.871885954726171	0.96562543453665
CALCOCO1	betareg	33	19	-0.203867429933883	0.135214282569384	0.13162212986086	0.128668720403162	0.00503748893563937	583.288248368385	0.871885954726171	0.96562543453665
PTP4A3	betareg	33	19	0.172863574332071	0.114696807066294	0.131776052580281	0.130457033578858	-0.016594431607833	561.937178711946	0.871885954726171	0.96562543453665
SLC35C1	betareg	33	19	0.0774694329224763	0.0514767447121636	0.132339399652592	0.136110998238154	-0.0140645317143786	492.9871446676	0.871885954726171	0.96562543453665
PDK3	betareg	33	19	0.160564483993921	0.106709904058595	0.132405823732829	0.131535143439557	-0.0199784959015883	1287.63498883793	0.871885954726171	0.96562543453665
SLC25A40	betareg	32	19	0.207831656215642	0.138247038540743	0.132752595935725	0.138172521956519	-0.00861908695765911	284.361938223954	0.871885954726171	0.96562543453665
HEXA	betareg	33	19	0.202895933036884	0.135003137990325	0.13286537376702	0.143630634412489	-0.0198435552788504	271.280390659164	0.871885954726171	0.96562543453665
EIF3M	betareg	33	19	0.111374267121139	0.0742100712268428	0.133408023081737	0.13771282573589	-0.0201411728048551	360.440384036398	0.871885954726171	0.96562543453665
BHLHE41	betareg	33	19	-0.226088088835256	0.150688079194614	0.133518215947659	0.136801847117958	0.026104352890941	84.4909961195533	0.871885954726171	0.96562543453665
C3orf62	betareg	33	19	0.163628595136608	0.109145567309284	0.133827551467386	0.137457623492062	-0.0294057601108937	102.273962891396	0.871885954726171	0.96562543453665
METTL9	betareg	33	19	0.0701459881281426	0.0468273124329096	0.134140607111618	0.139884594560965	-0.0106739232275903	2133.38492806001	0.871885954726171	0.96562543453665
RALGAPB	betareg	33	19	-0.124044038150027	0.0828090523715439	0.134145557096632	0.142122000009141	0.018383593602077	654.319235044294	0.871885954726171	0.96562543453665
CUL5	betareg	33	19	-0.143808238487531	0.0960104420667937	0.134174939350036	0.144372209104348	0.0168799431041268	277.158086900654	0.871885954726171	0.96562543453665
ZFAND5	betareg	33	19	0.078719185246045	0.0525768724535016	0.134335823738019	0.138694126739807	-0.0129501244518634	3819.07535869928	0.871885954726171	0.96562543453665
ANKRD34A	betareg	33	19	0.0954599650617756	0.0638130298688253	0.1346713286956	0.139349388558609	-0.014078021324908	481.105753217933	0.871885954726171	0.96562543453665
RPP14	betareg	33	19	0.133101158203473	0.0889793970954759	0.134688861005619	0.142520534757111	-0.00655253117680753	771.199606144009	0.871885954726171	0.96562543453665
MRS2	betareg	33	19	0.107589718193046	0.071989479179436	0.13503975203335	0.139032130443493	-0.0191084829792426	495.038452788603	0.871885954726171	0.96562543453665
GCSH	betareg	33	19	0.292614598861892	0.195825614330571	0.135107386958891	0.157859203752051	-0.0399429498720041	76.9562015264082	0.871885954726171	0.96562543453665
TXNL1	betareg	33	19	0.104995693932115	0.0703121299116068	0.135363921321707	0.138991645033389	-0.0186801620521176	679.598966471814	0.871885954726171	0.96562543453665
KRCC1	betareg	33	19	0.237129196985055	0.158968654103285	0.135784976696558	0.162390200479404	-0.0225032875475156	152.431493361165	0.871885954726171	0.96562543453665
EPHA7	betareg	33	19	-0.153241655383308	0.102787258518407	0.135997633885933	0.136691009544596	0.0222065702424765	179.204031075585	0.871885954726171	0.96562543453665
VTI1B	betareg	33	19	0.0854764686814419	0.0573734413055858	0.13626988233316	0.142010374459102	-0.0129479969126707	3420.84259797856	0.871885954726171	0.96562543453665
TSPAN9	betareg	33	19	-0.215309516998533	0.14458842868679	0.136455779253766	0.147774626258047	0.0272723970136218	138.772735295412	0.871885954726171	0.96562543453665
IER3	betareg	33	19	-0.127216288109935	0.0854563841527525	0.136574496031012	0.141076683037131	0.0173425287363618	223.284325214775	0.871885954726171	0.96562543453665
RBFOX3	betareg	33	19	0.201749444849198	0.135711548271275	0.137119208083129	0.144036141131139	-0.0302226554686852	248.039930824633	0.871885954726171	0.96562543453665
PITPNM3	betareg	33	19	-0.141830982818878	0.0954390091282351	0.137255245665108	0.144554967323926	0.024894959070541	348.079610403326	0.871885954726171	0.96562543453665
TIGD1	betareg	32	19	0.32572539744866	0.219225887985025	0.137332545418021	0.126554170758604	-0.00751028603262435	572.377297154746	0.871885954726171	0.96562543453665
EPM2AIP1	betareg	30	19	0.26236185726843	0.176690202061687	0.137578448939119	0.142627625774468	-0.000377930161347332	2724.75884235709	0.871885954726171	0.96562543453665
MTPN	betareg	33	19	0.169751863655644	0.114329318551856	0.137606797983619	0.143217268342764	-0.03033687969137	1752.28077729996	0.871885954726171	0.96562543453665
B3GLCT	betareg	33	19	-0.196061895384293	0.132085827310012	0.137715494605853	0.135512861494961	0.0219892188855595	279.909006721612	0.871885954726171	0.96562543453665
SURF6	betareg	33	19	0.249546114786124	0.168154788922821	0.137801966304598	0.141146954833903	-0.00847112834701982	854.529185732799	0.871885954726171	0.96562543453665
AGBL4	betareg	33	19	0.160791974270435	0.10845573560058	0.138191746167466	0.138225548760144	-0.0251441083945575	79.8990814910338	0.871885954726171	0.96562543453665
LIMA1	betareg	33	19	-0.266390740877773	0.179777545541211	0.138398887631834	0.152359464133861	0.0397634834635119	83.838327105359	0.871885954726171	0.96562543453665
MTF2	betareg	33	19	0.161465308640153	0.108978196201896	0.138438909331835	0.142021310988291	-0.0294720259614846	196.170018844294	0.871885954726171	0.96562543453665
SIKE1	betareg	33	19	0.149714091906475	0.101048788359482	0.13844621345023	0.140943659288347	-0.028269334605865	1049.84946531264	0.871885954726171	0.96562543453665
YKT6	betareg	33	19	0.0704550430152405	0.0476046615207059	0.138872439606347	0.141423615890551	-0.00968183538408347	1497.76541395032	0.871885954726171	0.96562543453665
TMCC3	betareg	33	19	-0.136754125956966	0.0924442313764341	0.139056180916673	0.144331959944457	0.0232589990356998	364.884363679378	0.871885954726171	0.96562543453665
UNC5B	betareg	32	19	0.390827522421011	0.264284531497515	0.139190177467376	0.14011230316423	-0.0612767065808482	52.4606262485859	0.871885954726171	0.96562543453665
MAP2K6	betareg	33	19	0.123387409270067	0.083442304785618	0.139216432550509	0.147013226681015	-0.0139341653768303	436.374704131635	0.871885954726171	0.96562543453665
ZNF430	betareg	33	19	-0.199431603218612	0.135004836132564	0.139617152319063	0.144376715708999	0.0217580090431588	197.526479897551	0.871885954726171	0.96562543453665
AP3B1	betareg	25	18	-0.334951617875671	0.22679455567855	0.139703936080014	0.148736736661963	0.00511706627754558	197.642174854809	0.871885954726171	0.96562543453665
PTBP3	betareg	33	19	0.193849621650828	0.131303561933801	0.139850759002851	0.138960509987551	-0.0263737566194887	319.867596948147	0.871885954726171	0.96562543453665
ZC3H14	betareg	33	19	-0.0790854860291501	0.0536423850833645	0.140398237868916	0.143893988446189	0.00930319809107082	624.698270103946	0.873141630912904	0.967016112820753
NEU3	betareg	33	19	-0.165010195295725	0.111953728284971	0.140504680875453	0.142975693086943	0.0274528397481168	301.909326334399	0.873141630912904	0.967016112820753
ATXN7L3B	betareg	33	19	0.180312552236338	0.122529245169839	0.141132200206237	0.158176901404511	-0.00106557491262979	13499.5940540494	0.873277723904025	0.96716683764087
ARL6IP1	betareg	33	19	0.0736203587347207	0.0500686038458958	0.141456242908078	0.143552548991791	-0.0108339958892235	10250.0082960524	0.873277723904025	0.96716683764087
TIPRL	betareg	33	19	-0.204625597901813	0.139165082598448	0.141458779900756	0.143902604852813	0.0288453610569173	864.519649094631	0.873277723904025	0.96716683764087
SET	betareg	33	19	0.0748371993177587	0.0509140008707969	0.141595705846342	0.145621983793917	-0.0135114921869159	1856.8306998656	0.873277723904025	0.96716683764087
MMACHC	betareg	33	19	0.272352090175033	0.185454608934793	0.141950898182734	0.152531361113524	-0.00149175878592843	3116.13776465531	0.873277723904025	0.96716683764087
SHB	betareg	33	19	0.22137847366965	0.150797144690139	0.142089335169022	0.138821501740289	-0.0272365415025392	113.656213984671	0.873277723904025	0.96716683764087
FZD5	betareg	33	19	0.350618384063654	0.239031277752084	0.142422152957732	0.14709415166658	-0.0691963806835175	73.7629399881105	0.873277723904025	0.96716683764087
KCNK12	betareg	33	19	0.151825791393147	0.103721635883337	0.143253712427913	0.14673657694237	-0.0148179377266948	849.816684080172	0.873277723904025	0.96716683764087
ZNF248	betareg	33	19	-0.0936939922288796	0.0640181822177136	0.143316166828731	0.147651718069748	0.0162571322964146	599.778153012523	0.873277723904025	0.96716683764087
SPTB	betareg	33	19	0.157985454043811	0.108000330159662	0.1435155971753	0.147467036773675	-0.0288025677399874	125.853382107743	0.873277723904025	0.96716683764087
EXTL2	betareg	33	19	0.147993881930423	0.101186650503644	0.143581498615645	0.147963180501372	-0.026213003764999	444.410858507676	0.873277723904025	0.96716683764087
LARS1	betareg	33	19	0.133633874680825	0.091368400423021	0.143581501328365	0.152092955656241	-0.0148855312030522	315.000742063109	0.873277723904025	0.96716683764087
PGP	betareg	33	19	0.190005853890683	0.129964044868634	0.14374454073901	0.149996840424661	-0.0303838078396803	1135.45808872085	0.873277723904025	0.96716683764087
ARMC8	betareg	33	19	-0.138539757859145	0.094795877065619	0.143891052239161	0.15067352841521	0.0226665750715682	295.906953422193	0.873277723904025	0.96716683764087
ZC2HC1C	betareg	23	14	-0.373154083462632	0.255489885788763	0.144140770590571	0.141197703447396	0.0174520614295727	63.5025953481222	0.873277723904025	0.96716683764087
DMAC2L	betareg	33	19	0.137758844339241	0.0943445338048262	0.144243980147434	0.14946475412163	-0.0238893474243672	132.661756906751	0.873277723904025	0.96716683764087
SNCA	betareg	33	19	0.0885179535769904	0.0606419726007921	0.144377682813054	0.149557916190228	-0.0118420539570614	4531.44617424401	0.873277723904025	0.96716683764087
VAMP4	betareg	33	19	0.10531984301701	0.0723094798228993	0.14525030220744	0.152687565876777	-0.0162626250748321	495.374453050897	0.873277723904025	0.96716683764087
STXBP5	betareg	33	19	-0.152050156036585	0.104545159347307	0.145836297938713	0.147290009529733	0.024718992244978	212.862494894587	0.873277723904025	0.96716683764087
MCL1	betareg	33	19	0.0877998533289867	0.0604391385672662	0.146307449689865	0.143901273372273	-0.0123790833028911	1048.72580509298	0.873277723904025	0.96716683764087
SMN1	betareg	33	19	-0.160666599140879	0.110803770294482	0.147055669784612	0.156680818480678	0.0232285939711408	85.8708229896593	0.873277723904025	0.96716683764087
GALNT10	betareg	33	19	0.12538720500339	0.0864793856488676	0.14708400872431	0.151539792163175	-0.0219071574121291	205.938914387656	0.873277723904025	0.96716683764087
SSBP3	betareg	33	19	0.0894854283178714	0.0617466831325749	0.147272083931401	0.150524645986338	-0.0164947324129471	563.656858057564	0.873277723904025	0.96716683764087
PSPC1	betareg	33	19	0.255396860669622	0.176449198625034	0.147778119441703	0.158132658546596	-0.0154227289496094	130.924884712325	0.873277723904025	0.96716683764087
KLF10	betareg	33	19	0.174141735093874	0.120407386040491	0.148101149364178	0.169328710866251	-0.0214814657264007	183.914631147939	0.873277723904025	0.96716683764087
SWAP70	betareg	33	19	0.154897322815323	0.107110353985399	0.148135960490352	0.153538119775208	-0.0283412050258747	123.183261012015	0.873277723904025	0.96716683764087
STRBP	betareg	33	19	0.113337958789763	0.0784845078709072	0.148716291660806	0.152905507455623	-0.0199019737076334	524.728654628628	0.873277723904025	0.96716683764087
ADAM10	betareg	33	19	0.229966461134959	0.159667799181798	0.149787979014623	0.147179332896876	-0.00499702267504946	538.885734384014	0.873277723904025	0.96716683764087
MBLAC2	betareg	33	19	0.169776786364907	0.117945788251644	0.150023735316458	0.153872804636102	-0.0309793013593085	546.907604628533	0.873277723904025	0.96716683764087
SLC25A33	betareg	33	19	0.120295443624676	0.0836688752507567	0.150503242691863	0.153389996732998	-0.010271262623069	484.494432299973	0.873277723904025	0.96716683764087
CDON	betareg	33	19	-0.245833331189901	0.170988897185644	0.150514887358789	0.162928136986136	0.0174890084291588	142.39925505055	0.873277723904025	0.96716683764087
PLXNC1	betareg	33	19	-0.0902141503557066	0.0628084502756701	0.150906247150567	0.153925176407512	0.0152072745114674	738.333914507793	0.873277723904025	0.96716683764087
PGAP6	betareg	33	19	0.1174022840351	0.0818190357254945	0.151315074360306	0.150056377504095	-0.0189295613324543	432.372768239333	0.873277723904025	0.96716683764087
MKKS	betareg	33	19	0.22079103096629	0.153926502443405	0.151460267613544	0.15665160798085	-0.00862117372864847	603.082712382608	0.873277723904025	0.96716683764087
HP1BP3	betareg	33	19	-0.0534629262752273	0.0373163228229204	0.151944887638066	0.155998069375112	0.00751748557836372	1491.20341348136	0.873277723904025	0.96716683764087
CDS2	betareg	33	19	0.124343425444972	0.0868791822455457	0.152366506401862	0.159859040590936	-0.0131723241560558	2314.78094305195	0.873277723904025	0.96716683764087
SCAMP2	betareg	33	19	0.163602609363674	0.114327297069139	0.152429595302339	0.157585075484536	-0.0281788237575483	104.296875759971	0.873277723904025	0.96716683764087
DPY19L4	betareg	33	19	-0.236300343435823	0.165173081503268	0.152538406523312	0.170407639060935	0.0294049292397295	101.021513888378	0.873277723904025	0.96716683764087
PPP2R2B	betareg	33	19	0.111318373202097	0.0778268018489663	0.152620987753412	0.153962766383198	-0.0164337706695591	1736.48957951412	0.873277723904025	0.96716683764087
ENAH	betareg	33	19	-0.113819126826381	0.0796930896682617	0.15322904292659	0.154833863145803	0.0196424502305658	1587.38918327606	0.873277723904025	0.96716683764087
UTP15	betareg	33	19	-0.143333567035073	0.100374048036199	0.15329350325856	0.15872045137337	0.0218173812125722	147.991002723525	0.873277723904025	0.96716683764087
TRANK1	betareg	33	19	0.203130624625877	0.142285866316403	0.153400300070939	0.173204668961765	-0.0100908035719091	79.8496846226947	0.873277723904025	0.96716683764087
SUPT6H	betareg	28	14	-0.324682624732408	0.227556935669858	0.153631990335118	0.119017822131915	0.00758783803170619	222.858494280455	0.873277723904025	0.96716683764087
METTL22	betareg	33	19	0.247712659434368	0.17363062586883	0.153676607272727	0.156673061372286	-0.0392121810341446	81.0166253152437	0.873277723904025	0.96716683764087
ALG14	betareg	33	19	0.209744881112343	0.147326574271457	0.154541123335286	0.158884554936316	-0.0177181144488221	257.031063823699	0.873277723904025	0.96716683764087
STX7	betareg	33	19	-0.152764701412695	0.107305645318964	0.15455046081841	0.155675320981873	0.00541884070084973	3945.22243190514	0.873277723904025	0.96716683764087
CNDP2	betareg	33	19	0.191634650693083	0.134679854939107	0.154767976907143	0.159932358069433	-0.00849448645206018	2268.37549913211	0.873277723904025	0.96716683764087
INTS7	betareg	33	19	0.114328834007704	0.0803592039823971	0.15481666444714	0.160394241048891	-0.0171565261909705	140.07655783417	0.873277723904025	0.96716683764087
TMEM47	betareg	33	19	-0.101173560830999	0.0711141061679477	0.154825090047101	0.160652302575841	0.0152699337654891	985.166611176315	0.873277723904025	0.96716683764087
MESD	betareg	33	19	0.139470612693023	0.0980350626707124	0.154834592281277	0.15695388865662	-0.0115008775086653	875.437867170799	0.873277723904025	0.96716683764087
RPL32	betareg	33	19	0.14855673475097	0.104450259147297	0.154947149103148	0.152314808474672	-0.0067608101023312	1956.96308157008	0.873277723904025	0.96716683764087
BORCS5	betareg	33	19	0.145519018222649	0.102332160837479	0.155018632662768	0.15898047486564	-0.0237115708993118	355.395092622009	0.873277723904025	0.96716683764087
PPTC7	betareg	33	19	-0.165773833192214	0.116618335484057	0.155169288063904	0.154584297176943	0.0249732012980752	364.946336013894	0.873277723904025	0.96716683764087
FSD1L	betareg	33	19	-0.111583311560715	0.0785403290396394	0.155400044773432	0.152891080007239	0.00789476214457425	761.559741422721	0.873277723904025	0.96716683764087
MAP9	betareg	33	19	-0.149811822138139	0.105514341519824	0.15565884957149	0.157990570008986	0.0263022559310796	320.678606220377	0.873277723904025	0.96716683764087
AP4B1	betareg	33	19	0.250259216056809	0.176266358058515	0.155672125528561	0.168914614705399	-0.00657632966281974	208.356629561831	0.873277723904025	0.96716683764087
ZNF229	betareg	33	19	0.115995833270347	0.0817182600797541	0.15576483715573	0.16122379041284	-0.0194503894283653	267.073877911799	0.873277723904025	0.96716683764087
GTPBP4	betareg	33	19	0.181684309555186	0.128096387946523	0.156091344546935	0.159913354403626	-0.027022038590354	244.386015186599	0.873277723904025	0.96716683764087
INPP5K	betareg	33	19	0.0599209737207588	0.0422654553894412	0.156269817607571	0.158919641343732	-0.00962522381739978	446.762467053802	0.873277723904025	0.96716683764087
SOCS6	betareg	33	19	0.179599793740613	0.126684944614237	0.156281718352242	0.16744652044085	-0.0288602507893585	303.673484759891	0.873277723904025	0.96716683764087
MIOS	betareg	33	19	0.161393584773473	0.113844623631208	0.156288474064457	0.160553541037378	-0.0272524953402169	140.552547256038	0.873277723904025	0.96716683764087
C8orf33	betareg	33	19	-0.0640053552489082	0.0451667213841374	0.15645631786762	0.161972768210132	0.0106914223366022	1310.69908905258	0.873277723904025	0.96716683764087
RMI1	betareg	33	19	-0.138798768415537	0.0979920665555812	0.156650046935318	0.162643032242795	0.0191166556851508	350.282972085865	0.873277723904025	0.96716683764087
USF3	betareg	33	19	0.196819963999417	0.139052931870328	0.156941884305284	0.169476420075442	-0.0142553565193887	311.186917677362	0.873277723904025	0.96716683764087
VPS53	betareg	33	19	0.0730751575059247	0.0516792351803467	0.157357817768181	0.162446595024629	-0.0126663110050446	681.919644971279	0.873277723904025	0.96716683764087
ESS2	betareg	33	19	0.174267581560046	0.123274826522879	0.157464399594352	0.161371316592561	-0.0334364636107692	299.80558112497	0.873277723904025	0.96716683764087
CRKL	betareg	33	19	-0.117799623486785	0.0836555688219138	0.159086536934686	0.165698886740994	0.00663356735427919	1433.16240536925	0.873277723904025	0.96716683764087
PRXL2A	betareg	33	19	0.0824963896771003	0.0586163004761758	0.15930977999929	0.157963942599057	-0.00759014708427535	2555.1297443219	0.873277723904025	0.96716683764087
MTMR4	betareg	33	19	-0.0874215147653405	0.0621545150033432	0.159570026223959	0.165086168521729	0.0148641728723293	1457.00865393602	0.873277723904025	0.96716683764087
SRC	betareg	26	18	-0.325173952356974	0.231601651273513	0.160312120132487	0.208051722588705	0.00163164803119398	998.059276078459	0.873277723904025	0.96716683764087
MRPL42	betareg	33	19	0.0875262663528671	0.0623460192839057	0.160354888118917	0.164257886499583	-0.0144269813325343	848.633512752144	0.873277723904025	0.96716683764087
SENP2	betareg	33	19	0.234819684603126	0.167299590191088	0.160441592961602	0.167113362893842	-0.0387825284759578	319.78781208413	0.873277723904025	0.96716683764087
NECTIN3	betareg	33	19	-0.165149429423474	0.117728852309147	0.160678018847651	0.163072508253818	0.0294461335412802	129.216941671686	0.873277723904025	0.96716683764087
GAB1	betareg	33	19	0.284408817588592	0.202788340210981	0.160768682758322	0.186111904195443	-0.0238286824541504	65.5451133998245	0.873277723904025	0.96716683764087
LRRTM4	betareg	33	19	-0.244961231065406	0.174764301553461	0.161014919989963	0.164847222942383	0.0384522674793204	51.7957518163643	0.873277723904025	0.96716683764087
PLD5	betareg	33	19	0.130086539360954	0.092835838099677	0.161138292901591	0.169845590531251	-0.0116747163852186	485.801188312327	0.873277723904025	0.96716683764087
GCA	betareg	33	19	-0.166070307086458	0.118562635465357	0.161304752485379	0.16033751282649	0.0284794669281689	178.866903710838	0.873277723904025	0.96716683764087
KDM4A	betareg	33	19	0.0836035917095032	0.0597612322958035	0.161824887158453	0.16448961890696	-0.0131477841129685	298.732475630283	0.873277723904025	0.96716683764087
ANAPC10	betareg	33	19	0.178383771552138	0.127635481619766	0.162232223917838	0.175918506499708	-0.0269951173725949	167.735988923897	0.873277723904025	0.96716683764087
NLGN4Y	betareg	29	13	0.25378145353418	0.181622897318786	0.16232374141725	0.163159209128074	-0.0553924448377469	201.812767270384	0.873277723904025	0.96716683764087
ST8SIA1	betareg	33	19	0.107384854242195	0.0768723140749249	0.162436137962157	0.165173610532004	-0.019816075545866	935.446549370294	0.873277723904025	0.96716683764087
PDE4DIP	betareg	33	19	-0.061301705570016	0.0438855963017866	0.162457926458586	0.165426242582924	0.0106105961319574	398.229291395519	0.873277723904025	0.96716683764087
WDR59	betareg	19	12	-0.367929039798364	0.263403271781978	0.162465329270451	0.144561742255123	0.00450669389146529	273.028436412388	0.873277723904025	0.96716683764087
LEMD3	betareg	33	19	-0.125405896314551	0.0898029382372178	0.162577072892324	0.165548244838873	0.0222617996858864	181.203371942061	0.873277723904025	0.96716683764087
ARFRP1	betareg	33	19	0.0495451574838692	0.0354804963570722	0.162592443313208	0.165267575775498	-0.00872180888900687	842.337858022371	0.873277723904025	0.96716683764087
FAM102B	betareg	33	19	-0.126425431998598	0.0905544428214095	0.162676489215935	0.164057698877372	0.0176580491180386	1831.80312074949	0.873277723904025	0.96716683764087
YAF2	betareg	33	19	0.182357965346573	0.130728127192839	0.163033768425933	0.160035393731453	-0.0275768260392197	229.876447666283	0.873277723904025	0.96716683764087
CLUAP1	betareg	33	19	0.197859043090589	0.141845486786093	0.163048604824144	0.150443852579292	-0.00707376815164633	356.703390581534	0.873277723904025	0.96716683764087
PTCD3	betareg	33	19	0.0967381023784321	0.0693926581578159	0.163296992065404	0.166026415892169	-0.0151446847319705	485.753923900441	0.873277723904025	0.96716683764087
HDAC11	betareg	33	19	0.0548240401044426	0.0393485762910704	0.163531635221811	0.168148536043195	-0.00951295201826104	574.215828026106	0.873277723904025	0.96716683764087
CLCN4	betareg	33	19	0.0760348561362948	0.0545782869161487	0.163579334409473	0.168445582987353	-0.0132908702756399	1641.02644070188	0.873277723904025	0.96716683764087
PEDS1	betareg	33	19	0.115584927838663	0.0829786681991353	0.163635669206772	0.164756504448171	-0.0189545014651517	817.414498875298	0.873277723904025	0.96716683764087
C1orf115	betareg	33	19	0.121138398246168	0.0869878527010745	0.163743862774791	0.169923482845232	-0.0154485517666241	139.158461016531	0.873277723904025	0.96716683764087
DUSP4	betareg	33	19	-0.152834719342438	0.109776790633449	0.163852269785701	0.165924057974571	0.0250868275549087	625.400630063835	0.873277723904025	0.96716683764087
STN1	betareg	33	19	0.1214646757642	0.0874888571935051	0.165032160560463	0.170532160027173	-0.021245897526413	400.498130392925	0.873277723904025	0.96716683764087
METTL8	betareg	33	19	0.167825667062901	0.120882029725025	0.165032757067175	0.168699508630186	-0.0294342595851169	150.29814576929	0.873277723904025	0.96716683764087
DMXL1	betareg	33	19	-0.160161383852422	0.115690633379448	0.166237937336243	0.170052783161486	0.0261557797350892	77.6792253520135	0.873277723904025	0.96716683764087
KPNA6	betareg	33	19	0.0837539946988399	0.0605155545225513	0.166356090592261	0.170131399913236	-0.0156033077030651	1209.98505443757	0.873277723904025	0.96716683764087
FAHD2A	betareg	33	19	0.189067524172974	0.136622903111941	0.166400086103173	0.171600215928292	-0.0354013842330721	121.75020651836	0.873277723904025	0.96716683764087
RAPH1	betareg	33	19	-0.0980902264740184	0.0708994156250344	0.1665077827769	0.170942064816474	0.0177141456385078	567.934014415354	0.873277723904025	0.96716683764087
AKT2	betareg	33	19	-0.157064273479788	0.113531065154144	0.16652768040566	0.174352013955373	0.0281683592464247	133.414500334146	0.873277723904025	0.96716683764087
C14orf119	betareg	33	19	0.138285684437214	0.0999776645840098	0.166614039673679	0.173204826728883	-0.00323770538573851	1728.02266677226	0.873277723904025	0.96716683764087
ATXN3	betareg	33	19	0.142368592116843	0.102966816534717	0.166767671800574	0.170601679296636	-0.0254832228801721	120.814968971515	0.873277723904025	0.96716683764087
ARNTL2	betareg	33	19	-0.134569640145018	0.097342078641319	0.166836461827089	0.16133580303302	0.0198111715226043	215.933701106078	0.873277723904025	0.96716683764087
PDSS2	betareg	33	19	0.122279893626015	0.0884778961759404	0.166959759642845	0.165946491007568	-0.0153972811192693	188.503073700342	0.873277723904025	0.96716683764087
NR2C1	betareg	33	19	0.19682440875739	0.142594696261838	0.167492245618672	0.174099871795406	-0.0248883621722185	108.81340794946	0.873277723904025	0.96716683764087
ENY2	betareg	33	19	0.102750424725258	0.0744591709093718	0.167600006294196	0.171353334009982	-0.0118752800348156	1102.50750000481	0.873277723904025	0.96716683764087
PTTG1IP	betareg	33	19	0.0609403177691276	0.0441651682702429	0.167639735085567	0.172921001092043	-0.00434994284642554	2732.39418766005	0.873277723904025	0.96716683764087
PGAP2	betareg	33	19	0.0619843080898732	0.0449293636201366	0.167711496507389	0.171324663253361	-0.0112192220591862	210.995827882143	0.873277723904025	0.96716683764087
MEX3D	betareg	33	19	0.200758669435745	0.145598185175206	0.167939711084731	0.174201796201797	-0.0322099134463265	77.6768600357612	0.873277723904025	0.96716683764087
DNAJC21	betareg	33	19	0.149607986894447	0.108552202012887	0.168137731172105	0.170242092608379	-0.0285911087121942	136.437709115756	0.873277723904025	0.96716683764087
TRMT6	betareg	33	19	-0.157758333101114	0.114501236723017	0.168269013255249	0.169292213100561	0.0226081790408676	79.2235038267682	0.873277723904025	0.96716683764087
NCAN	betareg	33	19	0.0781085494927538	0.0567023454736825	0.168351892266121	0.1690312499121	-0.0119627746425961	1107.070500665	0.873277723904025	0.96716683764087
PRKAA1	betareg	33	19	-0.103802957332649	0.0753742713372491	0.168460629356021	0.170534169776515	0.0128151761326448	410.185398053518	0.873277723904025	0.96716683764087
SOD2	betareg	33	19	-0.0740869840404859	0.0538058509690297	0.16853335269755	0.170797040485591	0.0127775421779287	1662.39930377735	0.873277723904025	0.96716683764087
CSMD3	betareg	33	19	0.161047996048839	0.117129880439441	0.169146239869679	0.175832910379869	-0.0186242224801475	75.1489835547688	0.873277723904025	0.96716683764087
GPR173	betareg	33	19	0.158683532318019	0.115473456816672	0.169379848142408	0.174051316711113	-0.0277845106511383	184.78594784346	0.873277723904025	0.96716683764087
CHRNA7	betareg	33	19	0.250532560547416	0.182320090770181	0.169399532629711	0.180912613213351	-0.0401983000317487	78.424408953884	0.873277723904025	0.96716683764087
SECISBP2	betareg	33	19	0.140919283645396	0.10255342475675	0.169408754719827	0.172669332832041	-0.0253911561684202	77.9575269044746	0.873277723904025	0.96716683764087
NCBP3	betareg	33	19	-0.129059551755574	0.094034722491839	0.169918110809686	0.172965935898108	0.0233346188494329	353.637446822358	0.873277723904025	0.96716683764087
ABHD13	betareg	33	19	-0.117174778537132	0.0854046467528074	0.170064884203645	0.181624940609774	0.0129723037033269	466.840925354769	0.873277723904025	0.96716683764087
TTLL7	betareg	33	19	-0.124681765903357	0.0908991880500432	0.170172781683255	0.170885545009771	0.0204169838095911	550.029119958555	0.873277723904025	0.96716683764087
MRPS14	betareg	33	19	0.0895181714675877	0.0652832208904331	0.170303934989955	0.174250066770649	-0.0162517468333637	639.857680334945	0.873277723904025	0.96716683764087
HIF1AN	betareg	33	19	0.0921411834720867	0.0672061451773762	0.170367727444519	0.176666061161396	-0.0122462182512753	932.052011698748	0.873277723904025	0.96716683764087
VASH2	betareg	33	19	-0.0919917145529616	0.0671485485013256	0.170695255176304	0.175851344559958	0.0164292138994546	414.328075403662	0.873277723904025	0.96716683764087
TYW5	betareg	33	19	0.105211534885911	0.0768095492105981	0.170758227206915	0.176295321034927	-0.0177610790215589	167.864680056333	0.873277723904025	0.96716683764087
MOCS2	betareg	33	19	0.162261870366747	0.11847978668602	0.170833009689296	0.176211997364245	-0.0158727374777621	791.962493667106	0.873277723904025	0.96716683764087
RASA2	betareg	33	19	-0.140626341984144	0.102743732784218	0.171090042152155	0.169969270340753	0.0219301224598986	153.968496797816	0.873277723904025	0.96716683764087
CDH12	betareg	33	19	-0.154716893671304	0.11312832800286	0.171430140024822	0.17541778217528	0.0255176200796941	123.989432133117	0.873277723904025	0.96716683764087
JMJD6	betareg	33	19	0.143076955361307	0.104649066139333	0.171560373199736	0.175331132432196	-0.0224931006126595	202.478530258684	0.873277723904025	0.96716683764087
ATP8B2	betareg	33	19	0.14607927964045	0.106857553960634	0.171610629654272	0.173139447769398	-0.0294789855097996	177.538156115501	0.873277723904025	0.96716683764087
AGFG1	betareg	33	19	-0.0999199239329625	0.073127468614354	0.17181966555774	0.175285181964582	0.0181096818437381	405.848423049164	0.873277723904025	0.96716683764087
GTF3C4	betareg	33	19	0.145555138432131	0.106567289955937	0.171985443823078	0.174964962830768	-0.0263298245987979	269.481827818491	0.873277723904025	0.96716683764087
NOL4L	betareg	33	19	0.0562044698954557	0.0411973521814214	0.172481395749503	0.175866884785244	-0.00984855622602735	4196.7027243735	0.873277723904025	0.96716683764087
ZNF226	betareg	33	19	0.104684600852378	0.0767429924088022	0.172538206955232	0.177392054478475	-0.0191624611043598	451.55701996265	0.873277723904025	0.96716683764087
ZNF652	betareg	33	19	0.0813052427004493	0.0596143700602534	0.172613807928837	0.178062024757922	-0.0137843254858989	736.082857102787	0.873277723904025	0.96716683764087
MRPS11	betareg	33	19	0.0958780890304649	0.0703474230416844	0.172906921767555	0.182166966871005	-0.0118353316897486	1023.81569881482	0.873277723904025	0.96716683764087
SLC23A2	betareg	33	19	-0.219614250968064	0.161257164852801	0.173233129611321	0.182991559189546	0.0332834940485311	1286.55056398094	0.873277723904025	0.96716683764087
NSFL1C	betareg	33	19	0.163730104415136	0.120305224067811	0.173527626537803	0.177132753186537	-0.0163522569321423	1244.43560643865	0.873277723904025	0.96716683764087
ELP3	betareg	33	19	-0.0695798032520911	0.0511612726316203	0.17382700150847	0.177813058841513	0.0120517024674598	430.286173861134	0.873277723904025	0.96716683764087
CUL4B	betareg	33	19	-0.13179169862589	0.0969788671896044	0.174155025210168	0.181105345713529	0.0209882145814635	547.357497726037	0.873277723904025	0.96716683764087
CNIH1	betareg	33	19	0.0942746287729778	0.0694115208916653	0.174400682605279	0.172904047824906	-0.0144405052007558	1877.33475910693	0.873277723904025	0.96716683764087
DNAJB12	betareg	33	19	0.0980169611277595	0.0721798010587994	0.174477790447865	0.178177817087962	-0.0179959163844721	401.401005128766	0.873277723904025	0.96716683764087
SCAI	betareg	33	19	0.183531359219589	0.135171167685586	0.174536670310656	0.169730692772633	-0.0172869282461469	304.000060378546	0.873277723904025	0.96716683764087
TIMM50	betareg	33	19	0.119684782046746	0.0881745215957391	0.174666082698199	0.180902060878177	-0.0156472937293123	533.429228851313	0.873277723904025	0.96716683764087
DR1	betareg	33	19	-0.153964520735907	0.11345757310143	0.174773945936585	0.168559642907484	0.0220292372752513	781.48979641378	0.873277723904025	0.96716683764087
ATP9A	betareg	33	19	-0.142909513724098	0.105325309259222	0.174832292787767	0.179919568713583	0.0228825856486926	4981.59863560815	0.873277723904025	0.96716683764087
CERS6	betareg	33	19	-0.120030883734612	0.0885642404376286	0.175322826879706	0.177512846295161	0.0172113439087874	2743.67892354379	0.873277723904025	0.96716683764087
LEPROT	betareg	33	19	0.0975124983464035	0.0719546960190953	0.175356083268239	0.17716918981249	-0.0133740514312833	614.21002252192	0.873277723904025	0.96716683764087
PNPLA4	betareg	33	19	0.13263641536645	0.0979128432731014	0.175533059651829	0.181073266239672	-0.0188124598644631	255.097918843817	0.873277723904025	0.96716683764087
LIG4	betareg	33	19	-0.193875293657143	0.143131289309009	0.175568087679293	0.193343396099283	0.0220769296609334	554.050118359167	0.873277723904025	0.96716683764087
MLLT3	betareg	32	19	-0.255458985923073	0.188722027831717	0.175855825260299	0.194121739533253	0.0053702870315082	398.357940174773	0.873277723904025	0.96716683764087
GPR155	betareg	33	19	0.102991145473606	0.0761012169630292	0.1759456743498	0.179839671253478	-0.0188235466388926	337.968653618942	0.873277723904025	0.96716683764087
MRPL52	betareg	33	19	0.0947509411931845	0.070049952403542	0.176177175731545	0.180515238620548	-0.0164247963775405	837.232838981847	0.873277723904025	0.96716683764087
SKIL	betareg	33	19	-0.0906532922310892	0.0670533483301794	0.176388839637296	0.180189212099289	0.0161878821482166	387.638614206067	0.873277723904025	0.96716683764087
STK39	betareg	33	19	0.0636919457783948	0.0471239739362967	0.176508862276917	0.179826874431636	-0.0104400527389623	482.779425548292	0.873277723904025	0.96716683764087
HUNK	betareg	33	19	-0.144733538287357	0.107093202589559	0.176544063364154	0.191203778020463	0.0202288312171489	349.388721233028	0.873277723904025	0.96716683764087
RALYL	betareg	33	19	0.0723533915509379	0.0535387183235456	0.176560351634859	0.178627250354299	-0.011138719946512	750.606517417964	0.873277723904025	0.96716683764087
PRDM11	betareg	33	19	-0.246791475803214	0.182663681073848	0.176672911817866	0.179671570892715	0.0403155343810906	150.407959492809	0.873277723904025	0.96716683764087
WBP11	betareg	33	19	0.113393632080061	0.083940417130972	0.176733107205784	0.177061349986281	-0.00612810673193045	882.07423621938	0.873277723904025	0.96716683764087
MPP2	betareg	33	19	-0.0770903803258421	0.0571371573504349	0.177267521538383	0.181032110447041	0.0110811169667985	1738.88692472947	0.87438574953798	0.968393990949701
LRRTM2	betareg	33	19	-0.100434791640858	0.0745775339394133	0.178071572704998	0.188270519357117	0.0118200287351095	446.333979311085	0.87438574953798	0.968393990949701
MYORG	betareg	33	19	0.164161765842061	0.122030586153871	0.17854419738763	0.180468177787056	-0.0277108592953435	181.199623202934	0.87438574953798	0.968393990949701
MGMT	betareg	33	19	0.237693841633995	0.176691263897158	0.178544662580447	0.182757321062884	-0.0251685856688641	267.331801955406	0.87438574953798	0.968393990949701
RPRD2	betareg	33	19	0.195248174046951	0.145319172001005	0.179083704040475	0.186223008804306	-0.00861387054719192	929.654867662738	0.87438574953798	0.968393990949701
LIX1	betareg	33	19	0.118080956430642	0.0878937703820238	0.179126045945761	0.182466538080316	-0.0214492137904605	511.326314670094	0.87438574953798	0.968393990949701
DDX3X	betareg	33	19	-0.0534380489102715	0.0397815746018005	0.17917924779583	0.182870766364244	0.00953067745889916	2070.63829387895	0.87438574953798	0.968393990949701
TRERF1	betareg	33	19	0.184115069013938	0.137169308823127	0.179515979108667	0.181314309148589	-0.0314251791437018	85.0302504335172	0.87438574953798	0.968393990949701
CCDC25	betareg	33	19	0.0915839412333396	0.068243825145281	0.17959253734716	0.183370163736007	-0.0164661705718207	277.081357829722	0.87438574953798	0.968393990949701
PHF24	betareg	33	19	-0.106412382446949	0.0794078571089354	0.180221379102801	0.184167116433473	0.0183019094190387	2466.55982298442	0.87438574953798	0.968393990949701
GNS	betareg	33	19	-0.0855729290829259	0.0638711119156505	0.180318454223953	0.184723227522117	0.0145848597415096	1029.15947109238	0.87438574953798	0.968393990949701
FCHSD1	betareg	33	19	-0.0790849394898368	0.0590680339630568	0.180610126431834	0.1829713569646	0.00871067679621931	1167.06586553394	0.87438574953798	0.968393990949701
TENT5A	betareg	33	19	0.120431440817137	0.0900438326322098	0.181067399151574	0.182686981633916	-0.0187666523261214	264.978975952571	0.87438574953798	0.968393990949701
STS	betareg	33	19	-0.128440850306793	0.0961360472499847	0.181538763766156	0.183815873770201	0.0228735232206418	737.799113471979	0.87438574953798	0.968393990949701
CREBZF	betareg	33	19	0.153379953317367	0.114814711448312	0.181584864271859	0.183488277479189	-0.0288123670825942	1248.01056193852	0.87438574953798	0.968393990949701
MCPH1	betareg	33	19	0.146808806890811	0.109975650901385	0.181902200830376	0.18298274931206	-0.026785422399399	76.4253062912181	0.87438574953798	0.968393990949701
VPS4B	betareg	33	19	-0.122003963679962	0.0914432135056004	0.182136785236586	0.185660373226225	0.0206459096680305	446.409632223749	0.87438574953798	0.968393990949701
MPI	betareg	33	19	-0.21335665150441	0.160058709873029	0.182535102231748	0.213958707923624	0.017050454931822	376.875209548392	0.87438574953798	0.968393990949701
ZMIZ2	betareg	33	19	-0.142102826702483	0.106629209865987	0.182636188727692	0.18478595658307	0.0202745883628046	600.703751423785	0.87438574953798	0.968393990949701
TMEM59	betareg	33	19	0.0878660979898164	0.0659371766332871	0.182671986917613	0.184472912140152	-0.0143049905541419	1768.53188828234	0.87438574953798	0.968393990949701
EIF1AD	betareg	33	19	0.101945602663155	0.0765327811361602	0.182843279961868	0.183811537874176	-0.0174653374035281	333.734139192383	0.87438574953798	0.968393990949701
DSE	betareg	31	18	0.283086741151202	0.212610983808634	0.18303194367664	0.21301820414551	-0.00719739794064255	122.204609146071	0.87438574953798	0.968393990949701
NDUFA9	betareg	33	19	0.139758344807268	0.105072850711764	0.183482359329249	0.189398945294246	-0.0197105613060415	1399.31575773812	0.87438574953798	0.968393990949701
KDM5B	betareg	33	19	0.0779955053718965	0.0586440250177987	0.183524158791796	0.188292638309549	-0.011814628330929	746.189025515724	0.87438574953798	0.968393990949701
C2orf88	betareg	32	19	0.275272989795833	0.206978293273862	0.183531229750498	0.192807132204172	-0.0149253999768509	103.414361903824	0.87438574953798	0.968393990949701
NETO2	betareg	33	19	0.063397922481406	0.0476804069866983	0.183635901990916	0.187863236681131	-0.0101046052320453	855.542303447866	0.87438574953798	0.968393990949701
RHPN1	betareg	33	19	0.122560186490296	0.0921766313312367	0.183642453927948	0.187961105754042	-0.0221356644962694	161.575606122947	0.87438574953798	0.968393990949701
CHD9	betareg	30	19	-0.264695754324934	0.199105422328473	0.183707747645428	0.192563248502655	0.00485913957616372	610.543935146808	0.87438574953798	0.968393990949701
RPP25	betareg	33	19	0.109304033201604	0.0822416244818702	0.183828256757296	0.180552119679404	-0.0103662495710075	597.922928479165	0.87438574953798	0.968393990949701
CYRIB	betareg	33	19	0.0980705742182029	0.0738289079145759	0.184062757779634	0.18774119761648	-0.0171168545483113	1193.23953614395	0.87438574953798	0.968393990949701
ATF7	betareg	33	19	-0.175801944650443	0.132463109314544	0.184450257085781	0.186632638524607	0.0311465812096849	299.701790460109	0.87438574953798	0.968393990949701
MLX	betareg	33	19	0.0604838969250153	0.0456162248904679	0.184863060190845	0.187402026725052	-0.0109234877898163	503.968062474379	0.87438574953798	0.968393990949701
PURB	betareg	33	19	0.167457995041871	0.126505891982001	0.185597062903247	0.18731938497157	-0.0307033893051683	187.6672158575	0.87438574953798	0.968393990949701
C19orf25	betareg	33	19	-0.0963106657139316	0.0727770529321	0.185713746390291	0.184962855629941	0.0101442443922603	1304.59611130231	0.87438574953798	0.968393990949701
GRIA1	betareg	33	19	-0.0780253675001523	0.0590174684686032	0.186144035919436	0.189612056303426	0.0136904423937363	685.733659801305	0.87438574953798	0.968393990949701
SPATA13	betareg	33	19	-0.166416912043257	0.125890650707986	0.186196000561278	0.191822172122349	0.0266189053856797	117.000231400217	0.87438574953798	0.968393990949701
NARF	betareg	33	19	0.116020117693981	0.0877759031864157	0.186242617773461	0.18980338012974	-0.0209625221650208	908.502724136353	0.87438574953798	0.968393990949701
EMB	betareg	33	19	0.130000467263253	0.0984406149814763	0.186635480744311	0.196229584092393	-0.0178342899841208	300.23379880602	0.87438574953798	0.968393990949701
SEPHS1	betareg	33	19	0.0932299557805119	0.0706902738095966	0.187218847619417	0.191088564474712	-0.0170750839552084	400.734119179847	0.87438574953798	0.968393990949701
NCAM2	betareg	33	19	-0.082398009764308	0.0624799929257646	0.187239221849706	0.190740202782916	0.0149552768260049	913.284796394138	0.87438574953798	0.968393990949701
DENND5B	betareg	33	19	-0.114079892508545	0.0865382487495699	0.18741670084864	0.18985911343569	0.0197731079163821	494.363343988165	0.87438574953798	0.968393990949701
RSU1	betareg	33	19	-0.117245939535219	0.0889516425449238	0.187474767131894	0.18830278525903	0.0103226446257674	891.45008527922	0.87438574953798	0.968393990949701
PPP1R3D	betareg	33	19	0.136538817442539	0.103600192024633	0.187523797514461	0.194687904836723	-0.0236362956600357	378.04220793109	0.87438574953798	0.968393990949701
SALL4	betareg	33	19	-0.262064134966916	0.198932860634135	0.187721448724237	0.204190838775961	0.0376151443087801	51.4191067786212	0.87438574953798	0.968393990949701
PLPP6	betareg	33	19	0.0866199477072588	0.0657609886070254	0.187773767247686	0.191335335777832	-0.0159852793526996	614.851409757406	0.87438574953798	0.968393990949701
TFB1M	betareg	33	19	-0.137581640595255	0.10453565229804	0.188133198099339	0.191279374194204	0.0241345383178935	135.984897152684	0.87438574953798	0.968393990949701
TMEM106B	betareg	33	19	0.260428013423379	0.197969954200751	0.188344396527068	0.181121094524241	-0.00417709623627519	1135.93939666798	0.87438574953798	0.968393990949701
CDH13	betareg	33	19	0.134771382142865	0.102468922513112	0.188428742705981	0.193749443989304	-0.00826133451021524	592.871178904094	0.87438574953798	0.968393990949701
GOLGA8A	betareg	33	19	-0.0885386072097854	0.0673295170730706	0.188508443647383	0.183870864142972	0.00889761736804527	765.407636559455	0.87438574953798	0.968393990949701
SPPL2B	betareg	33	19	0.0975520987555425	0.0742032771987717	0.188624112310393	0.192063518451832	-0.0134906351861846	311.082541284872	0.87438574953798	0.968393990949701
TNRC6B	betareg	33	19	0.11501262206351	0.0875199491061456	0.188802339498053	0.188555672858038	-0.0131469087196515	1534.73921103396	0.87438574953798	0.968393990949701
ZNF561	betareg	33	19	-0.106266718991572	0.0810153565771248	0.189626060788537	0.19377251906392	0.0188778746280192	201.401327570773	0.87438574953798	0.968393990949701
ISY1	betareg	33	19	-0.223247234939377	0.170608350075937	0.190691439313159	0.205308377807916	0.0148380173329333	239.635183315271	0.87438574953798	0.968393990949701
RAB5C	betareg	33	19	0.0531359740105608	0.0406259770653801	0.190896720452423	0.194429607691501	-0.00897233996445683	636.530563427648	0.87438574953798	0.968393990949701
ZBTB8OS	betareg	33	19	-0.145541811661811	0.111298237901785	0.190983906529324	0.19449230126816	0.0262095123723548	170.889199145055	0.87438574953798	0.968393990949701
ZPR1	betareg	33	19	0.135813721031981	0.103944611078096	0.191349602868046	0.196626990207891	-0.0226615074686806	622.51950513476	0.87438574953798	0.968393990949701
TMEM237	betareg	33	19	0.122384467692466	0.0937147094190003	0.191577752571517	0.202685284338493	-0.0203346734458897	469.270710362283	0.87438574953798	0.968393990949701
HCFC1	betareg	33	19	0.183591361469778	0.140770481144844	0.192169032182342	0.21217379840509	-0.0201170553671485	226.210229179452	0.87438574953798	0.968393990949701
C22orf39	betareg	33	19	0.110582446752334	0.0848035034340847	0.192238896493029	0.202931030695288	-0.00627024314093336	1292.0229621394	0.87438574953798	0.968393990949701
LSM3	betareg	33	19	0.20679449793007	0.158624991948239	0.1923464348429	0.18371381288566	-0.00389615482521874	903.33521255931	0.87438574953798	0.968393990949701
SFRP1	betareg	33	19	-0.115206077374756	0.0884039632199647	0.19251408641344	0.19599302118382	0.0190235681624418	260.093413729877	0.87438574953798	0.968393990949701
ZNF33B	betareg	33	19	-0.138967324158589	0.106666355922967	0.192635381217728	0.196639706782006	0.0221488893177108	879.965188976063	0.87438574953798	0.968393990949701
VEZF1	betareg	33	19	-0.121433181168571	0.0932090794545333	0.19264161294165	0.196929787199564	0.0208795920492096	301.443892614418	0.87438574953798	0.968393990949701
ZCCHC8	betareg	25	16	0.2540194179339	0.195012424472494	0.192717954635037	0.219825449650655	-0.00571893276535564	150.888448546551	0.87438574953798	0.968393990949701
ZNF2	betareg	33	19	-0.225695385193075	0.17338202525668	0.193011064330792	0.199343810045063	0.031609678801101	120.739687589893	0.87438574953798	0.968393990949701
SETD1B	betareg	33	19	-0.105361655148727	0.080959547989144	0.193117773071753	0.197540533971316	0.0185501316062282	100.917963790801	0.87438574953798	0.968393990949701
MBTD1	betareg	33	19	0.226683975490311	0.174227691730249	0.193231445396179	0.189059457930081	-0.021023507825243	67.5520540977075	0.87438574953798	0.968393990949701
ARL6	betareg	33	19	0.0833968577149385	0.0641665386991227	0.193705908398151	0.195452589867181	-0.0114866733229387	382.043786053292	0.87438574953798	0.968393990949701
SLC30A9	betareg	33	19	0.16307924806435	0.125501692652665	0.193800272801042	0.191662747726135	-0.00348481331003401	1776.80366196397	0.87438574953798	0.968393990949701
PAGR1	betareg	33	19	-0.137896015088414	0.10616851165416	0.19399850333135	0.193269023241218	0.0253472276283561	303.10475798821	0.87438574953798	0.968393990949701
ZNF557	betareg	33	19	-0.19205222177207	0.147888885812788	0.194072613618807	0.196244197951714	0.0322403551852691	186.007258144291	0.87438574953798	0.968393990949701
NDUFS1	betareg	33	19	0.129092657811908	0.0994464445417556	0.194248731132494	0.198229781649229	-0.0229036800728518	485.64346418827	0.87438574953798	0.968393990949701
PLPPR4	betareg	33	19	-0.121877456221307	0.0940217020892539	0.194882683877308	0.202089123701297	0.0200002104817855	1297.53266217618	0.87438574953798	0.968393990949701
DGAT1	betareg	33	19	0.0724633607464532	0.0559037262976325	0.194900732086025	0.198393318951139	-0.0132345467232629	633.052961841914	0.87438574953798	0.968393990949701
GTPBP3	betareg	33	19	0.0847287983902071	0.0653773843171337	0.194977021995824	0.198651869227152	-0.0151271914928107	300.123723504026	0.87438574953798	0.968393990949701
PPP1R9A	betareg	33	19	0.169319506710969	0.130682415706935	0.195093892902485	0.197112602012927	-0.0295610322266949	676.93648303896	0.87438574953798	0.968393990949701
GNG4	betareg	33	19	0.0757831381562516	0.0586034656350633	0.1959587920495	0.199831453108615	-0.0139047459264256	2553.77570585745	0.87438574953798	0.968393990949701
BTBD7	betareg	33	19	0.132212399188357	0.102263111864426	0.196057750913351	0.19765877677575	-0.0241292499032567	223.978404903222	0.87438574953798	0.968393990949701
PCDH11X	betareg	33	19	-0.215942289667112	0.167026760209142	0.196059334065639	0.200256264032661	0.0302548513740485	89.0715073210096	0.87438574953798	0.968393990949701
ADSL	betareg	33	19	-0.181532465618661	0.140432370453924	0.19612582569444	0.206957791976643	0.0122361022220912	412.141860733993	0.87438574953798	0.968393990949701
COL1A1	betareg	31	17	0.212080125445408	0.164191415549525	0.196473561653382	0.208401506147889	-0.0276139720553587	185.38803883373	0.87438574953798	0.968393990949701
WDFY2	betareg	33	19	0.151658052185894	0.117416514986273	0.196487201287208	0.199071816089698	-0.0222192862676485	307.552943641445	0.87438574953798	0.968393990949701
CLHC1	betareg	33	19	0.155870458246326	0.120959502027086	0.197531305948557	0.20083736291472	-0.0264122746140712	64.478003845007	0.87438574953798	0.968393990949701
RPS29	betareg	33	19	0.168533400354935	0.130792136506046	0.197551403074571	0.19570590183103	-0.0362907651879216	197.48418624002	0.87438574953798	0.968393990949701
FICD	betareg	33	19	0.141137596689994	0.109541632045121	0.197593552730792	0.199644806695028	-0.0213935042423414	146.815177014408	0.87438574953798	0.968393990949701
WBP1L	betareg	33	19	-0.113544626249719	0.0881623391725941	0.197779394845214	0.201826336531883	0.0190188775972735	564.616187665328	0.87438574953798	0.968393990949701
FGF9	betareg	33	19	-0.135777061097338	0.105441638069181	0.197850863547475	0.208527203002308	0.0106047533800106	745.731395529075	0.87438574953798	0.968393990949701
USPL1	betareg	33	19	0.167315604781517	0.129961609419104	0.197946785542042	0.198935246099284	-0.0165948820918513	538.020802080055	0.87438574953798	0.968393990949701
NUP98	betareg	33	19	0.104959871196712	0.0815657384365788	0.19815939509017	0.201784143588772	-0.019287669373361	88.9261606334546	0.87438574953798	0.968393990949701
CALB1	betareg	33	19	-0.0974065150727248	0.0757347559824583	0.198389525300619	0.202452865698349	0.0138685857628962	577.557025315121	0.87438574953798	0.968393990949701
INSYN2A	betareg	33	19	-0.115598146763715	0.0899239019477522	0.198613846594022	0.204236671881626	0.013611965278854	230.561586004854	0.87438574953798	0.968393990949701
HNRNPA2B1	betareg	33	19	-0.0990064592019932	0.0770250401600188	0.198659467334989	0.206612167525586	0.0125085829282963	3440.64611115289	0.87438574953798	0.968393990949701
YTHDF3	betareg	33	19	-0.10262261946858	0.0798665462368626	0.19881806696716	0.20681373925656	0.0150356299979027	812.279375603021	0.87438574953798	0.968393990949701
CCNT2	betareg	33	19	0.18619080452563	0.14495972117293	0.198991083659071	0.201514073025999	-0.00731828244515955	838.021646189058	0.87438574953798	0.968393990949701
CERT1	betareg	33	19	0.137159059627671	0.106802270183135	0.199060246051539	0.207330162212831	-0.0196248806173478	234.630062898876	0.87438574953798	0.968393990949701
CPLANE1	betareg	33	19	0.159932277383223	0.124606748247706	0.199318319504737	0.206029675017545	-0.0207651884403876	124.701677164804	0.87438574953798	0.968393990949701
PGRMC2	betareg	33	19	0.0769023303516459	0.0600126105648434	0.200040503417659	0.202855164157817	-0.00928887074953608	632.953020566717	0.87438574953798	0.968393990949701
GSK3B	betareg	33	19	-0.0809600395525445	0.0631828698010652	0.200067038724357	0.204860511056954	0.0137814444769033	1355.95890378322	0.87438574953798	0.968393990949701
EYA1	betareg	33	19	-0.100905999447327	0.0787662653004261	0.200165067236734	0.201606996042393	0.0167036425310889	306.270488917537	0.87438574953798	0.968393990949701
ABCA5	betareg	33	19	0.194228267294784	0.151618944268817	0.20018347384497	0.223288962492701	-0.0222152896036634	134.941008021342	0.87438574953798	0.968393990949701
POLR2F	betareg	33	19	0.14162090691054	0.110725260962461	0.20088656685152	0.202593169067373	-0.0142602112090946	1297.46540651898	0.87438574953798	0.968393990949701
SH3KBP1	betareg	33	19	-0.174133162563055	0.136374528385092	0.201646545655681	0.213253899582706	0.00542159947985527	857.9958690539	0.87438574953798	0.968393990949701
CADM2	betareg	33	19	-0.136888390746865	0.107250321880293	0.201833659643327	0.203587327647832	0.0232591687943847	1359.58513451353	0.87438574953798	0.968393990949701
CPSF2	betareg	33	19	-0.144491764629579	0.113226264138542	0.201908531364587	0.202978679695432	0.0276776973634891	127.124266631125	0.87438574953798	0.968393990949701
DDHD1	betareg	33	19	-0.158978019619592	0.124651674364006	0.202175434944956	0.208978553302027	0.0154295859528926	589.325555782258	0.87438574953798	0.968393990949701
PCM1	betareg	33	19	-0.0999581631453065	0.078376716944153	0.202183504473666	0.216680661047682	0.0128860639063223	347.475746621245	0.87438574953798	0.968393990949701
LMBR1	betareg	33	19	-0.0806103203285094	0.0632138213777396	0.20223815171555	0.207106425376635	0.00720416325889534	1873.17378745411	0.87438574953798	0.968393990949701
FOS	betareg	33	19	0.0814372090496033	0.0639212119972071	0.202654628750388	0.203578987708692	-0.00894884725589545	420.753172124845	0.87438574953798	0.968393990949701
RAD51D	betareg	33	19	0.10020920919887	0.0786616989075903	0.202689526947601	0.207341113183337	-0.017058338886703	253.540519770249	0.87438574953798	0.968393990949701
NCKAP1	betareg	33	19	0.171792932999113	0.134952025579116	0.203020659667298	0.212857912913813	-0.0132623480701388	1001.28978290338	0.87438574953798	0.968393990949701
ZNF747	betareg	33	19	0.111483988783736	0.0875861761249267	0.203071580597223	0.206559536974461	-0.0117621743788808	338.309806125018	0.87438574953798	0.968393990949701
REPS2	betareg	33	19	-0.221581707268278	0.174089021263681	0.203086572535613	0.236281736895576	0.00548768098448942	178.914159446134	0.87438574953798	0.968393990949701
CEP41	betareg	33	19	-0.108350340009846	0.085166327875816	0.2032948201653	0.208969992374093	0.0118088516832016	758.351882554494	0.87438574953798	0.968393990949701
SHOX2	betareg	33	19	0.136100688475663	0.106998394924007	0.203377336076909	0.215813698112952	-0.0144141519383826	1236.15548585686	0.87438574953798	0.968393990949701
CCNY	betareg	33	19	0.148623258229743	0.116862177768075	0.203450452132613	0.226135602293262	-0.00991386314745838	1237.68868595231	0.87438574953798	0.968393990949701
DCAF17	betareg	33	19	-0.0913069762297908	0.071803506863244	0.203507172922206	0.20823943902209	0.00797221992125103	501.473363031331	0.87438574953798	0.968393990949701
LINGO1	betareg	33	19	0.0789504322985632	0.0620865915858371	0.203508850188495	0.213684042075863	-0.00379877681756819	6489.09441605229	0.87438574953798	0.968393990949701
UBE3A	betareg	33	19	-0.207941070971059	0.163598903185337	0.20371372063127	0.206025456820715	0.0310137757664316	895.17619319511	0.87438574953798	0.968393990949701
TMEM199	betareg	33	19	0.109127899982486	0.0858962347729299	0.203920119760115	0.204399832032411	-0.00835441985547701	995.54052335453	0.87438574953798	0.968393990949701
AXIN2	betareg	33	19	-0.166495065234755	0.131328380952934	0.204877694786536	0.210576377799053	0.0198390011222454	66.5533526294396	0.874572070688646	0.96860034413282
LANCL1	betareg	33	19	-0.0691896290554831	0.0545793817637636	0.204909380394309	0.21047189196238	0.0119524375856315	2431.29019687227	0.874572070688646	0.96860034413282
PSME3	betareg	33	19	0.0379677228607147	0.0299527552176718	0.204945479994762	0.208535271328433	-0.006362000989412	1888.87083814438	0.874572070688646	0.96860034413282
VPS4A	betareg	33	19	0.117489987368174	0.0926901855105958	0.204956605041275	0.191234393971432	-0.00161899145295137	2351.27950001344	0.874572070688646	0.96860034413282
RAB3B	betareg	33	19	0.0795808265512169	0.063004034122451	0.20655078559139	0.214575495718164	-0.00551669967577477	15510.8605875432	0.874572070688646	0.96860034413282
BRD7	betareg	33	19	-0.160963345549221	0.127442729663969	0.206580218163433	0.199878904348696	0.0191942405825103	158.201041869602	0.874572070688646	0.96860034413282
HEATR3	betareg	32	18	-0.231729835415414	0.183558084727294	0.206792919395476	0.213258257055473	0.0184991707283653	70.7653378528909	0.874572070688646	0.96860034413282
UHMK1	betareg	33	19	-0.180359228497572	0.142919109110349	0.206960587788809	0.212185989316583	0.0281393680517213	1154.19329103883	0.874572070688646	0.96860034413282
LRRFIP2	betareg	33	19	0.0690376700385028	0.0547077004096718	0.206971465308084	0.210055692603132	-0.0125226179213211	258.765061813764	0.874572070688646	0.96860034413282
PIP5K1A	betareg	33	19	0.0724444142806198	0.0574165202023314	0.207044276339848	0.209522282906189	-0.0127536089680219	199.115693336123	0.874572070688646	0.96860034413282
LCA5	betareg	33	19	0.250187933284239	0.198319765904933	0.207115055412959	0.208859912987121	-0.0439551061920209	50.6936777422581	0.874572070688646	0.96860034413282
CYFIP2	betareg	33	19	0.0766234712871386	0.0607433292330736	0.207153885366153	0.211691346341153	-0.0129828821964647	1796.83931251381	0.874572070688646	0.96860034413282
CEP250	betareg	33	19	0.24980970990167	0.198223608045487	0.207582087459289	0.210011138412308	-0.0462228136530301	127.440911052411	0.874572070688646	0.96860034413282
ING5	betareg	33	19	0.109564162912897	0.0869423059832793	0.207599425916077	0.210027226567688	-0.0202647613469044	293.857111795399	0.874572070688646	0.96860034413282
CCNJL	betareg	33	19	0.0779094172140898	0.06185157713663	0.207806864478248	0.210498603775412	-0.0139832816180918	165.045315741232	0.874572070688646	0.96860034413282
BRSK2	betareg	33	19	0.0854611140951449	0.0678747045033643	0.207993822541831	0.216217152506985	-0.00874759150204971	604.034919240373	0.874572070688646	0.96860034413282
NEURL1	betareg	33	19	0.0708032296630117	0.056288277721106	0.208439457494904	0.209114590344585	-0.00991894759729807	463.666058496874	0.874572070688646	0.96860034413282
SETX	betareg	33	19	0.114387243038727	0.09094925520455	0.208498821256554	0.213055066762018	-0.0206269253197136	301.396989488121	0.874572070688646	0.96860034413282
ABCC4	betareg	33	19	0.197855783646378	0.157330433230212	0.208543282085425	0.220657812734662	-0.0225246516330528	62.4095579083286	0.874572070688646	0.96860034413282
IST1	betareg	33	19	0.171059882653486	0.136070423206768	0.208702118071748	0.229867614840291	-0.00241578011615737	1986.76809501144	0.874572070688646	0.96860034413282
ZIK1	betareg	33	19	0.159052815512239	0.126558449044164	0.208842789348908	0.213015714281267	-0.0223965787423018	199.779953533187	0.874572070688646	0.96860034413282
MFAP3	betareg	33	19	-0.0918393299136687	0.0731258735930281	0.209149524780887	0.213140819237191	0.01530731384181	922.754965145295	0.874572070688646	0.96860034413282
YTHDC1	betareg	33	19	-0.107487053380078	0.0855901411707108	0.209175975113382	0.209881091361165	0.0173019640668644	204.758319747428	0.874572070688646	0.96860034413282
MAOA	betareg	33	19	0.0755400673728666	0.0601818980781343	0.209407679778929	0.214462109113682	-0.0114937810359494	414.811130347753	0.874593280984964	0.968623834821582
JPH3	betareg	33	19	0.104326925776524	0.08319904694093	0.209862447776527	0.221733627529657	-0.00660123254008393	1315.34477810721	0.875087535817267	0.969171228703348
CHRM2	betareg	33	19	-0.0978368369790838	0.0780489150377535	0.210012047108495	0.213352534592407	0.0162609900539978	1512.52454655869	0.875087535817267	0.969171228703348
SOCS4	betareg	33	19	-0.132736963951964	0.105960222833255	0.210312869177485	0.221857636202495	0.0202273717906152	693.012065777356	0.875087535817267	0.969171228703348
ATMIN	betareg	33	19	0.0585853483236929	0.0468140779211149	0.210771353514844	0.215003588737754	-0.00953141537150919	1931.38543133351	0.875087535817267	0.969171228703348
LSM11	betareg	33	19	-0.0976981824801782	0.0781267378864618	0.211113699558438	0.214560575334063	0.0163567964075448	1405.47994743611	0.875087535817267	0.969171228703348
SLC25A3	betareg	33	19	0.120887713834222	0.096673208778562	0.211125013151	0.212641380168462	-0.0116021936483759	2747.51414665148	0.875087535817267	0.969171228703348
APEX2	betareg	33	19	0.182303181675548	0.145805143381017	0.211182437873016	0.212719431164311	-0.00856195182325805	214.760723986533	0.875087535817267	0.969171228703348
MORC2	betareg	33	19	-0.170312653890258	0.13626222356471	0.211340099473917	0.201296493941863	0.00822087324024915	552.00825071414	0.875087535817267	0.969171228703348
ZC4H2	betareg	33	19	0.0422982153728721	0.0338969609043077	0.212087153472668	0.216331254636977	-0.00542744002439169	1308.25215192443	0.875173191301379	0.969266093305327
NKX6-1	betareg	31	17	-0.175231431632744	0.140638759738667	0.212776045724499	0.221161036199729	0.0215907479434654	93.3652903127457	0.875173191301379	0.969266093305327
C2orf15	betareg	33	19	-0.0919484338706363	0.0738299046450938	0.212981416083802	0.216002442431447	0.0165140304522765	142.688832836883	0.875173191301379	0.969266093305327
SPART	betareg	33	19	0.220009452235127	0.176770421106727	0.213276768779032	0.216640212259214	-0.0132757275732633	122.735250872431	0.875173191301379	0.969266093305327
UTS2B	betareg	33	19	0.127899304162147	0.102790151040913	0.213398050335789	0.21373225106111	-0.00858559088269793	417.815006918997	0.875173191301379	0.969266093305327
TPP2	betareg	33	19	0.161281688811698	0.129649174462073	0.213504911804179	0.224080565819602	-0.0300730998262716	83.9232023563137	0.875173191301379	0.969266093305327
SLC35D1	betareg	33	19	-0.216608714511096	0.174274463992825	0.213898377050945	0.217507603824645	0.0298000469511994	173.453486971308	0.875173191301379	0.969266093305327
TIPARP	betareg	33	19	0.235987853835367	0.190206897672475	0.214720177254739	0.228070361370751	-0.0404258688385552	57.8809785758269	0.875173191301379	0.969266093305327
RNF13	betareg	33	19	0.160740291397047	0.129783597744262	0.215521283987092	0.222537937119133	-0.0199424942324674	545.380480817117	0.875173191301379	0.969266093305327
ZNF660	betareg	33	19	-0.230428021476077	0.186214430685431	0.215926095119789	0.216738520356038	0.0359660582982975	99.7189061463916	0.875173191301379	0.969266093305327
FAM43B	betareg	33	19	0.0881804640181499	0.0713033695812876	0.216200630605688	0.219260957873041	-0.0152719930736441	386.14194330556	0.875173191301379	0.969266093305327
RRP8	betareg	33	19	0.161872554575954	0.130907734579805	0.216258177963621	0.217900999683628	-0.0283664441305438	211.581244363275	0.875173191301379	0.969266093305327
PTPRE	betareg	33	19	-0.117150944702133	0.0947700651989234	0.216399170708333	0.218843665470653	0.0207101710205482	222.934921774592	0.875173191301379	0.969266093305327
CANT1	betareg	33	19	0.101939722986218	0.082566405400765	0.216964802825243	0.219390548246343	-0.0188745988443512	242.348296977101	0.875173191301379	0.969266093305327
MEAK7	betareg	33	19	0.155700698204521	0.126207242614216	0.217318190384653	0.216971483682966	-0.0042241333632208	832.460903061221	0.875173191301379	0.969266093305327
RAB31	betareg	33	19	0.112808383675775	0.0914577871982358	0.217408833331967	0.219512143164479	-0.0207578519260175	403.581060175141	0.875173191301379	0.969266093305327
GNPTG	betareg	33	19	0.0841229400415147	0.0682335368140028	0.217625038049521	0.217936596217966	-0.00981525273008101	755.97271036355	0.875173191301379	0.969266093305327
PLEKHD1	betareg	33	19	0.157831461899884	0.128028259857869	0.217655570640255	0.225013671149386	-0.0256073293927069	225.055527247018	0.875173191301379	0.969266093305327
SIAH2	betareg	33	19	0.0564290334916909	0.045787953852257	0.217800033911524	0.220853130999976	-0.0102781406220047	583.964801378623	0.875173191301379	0.969266093305327
EAF1	betareg	33	19	-0.0977071844221717	0.0793238481892925	0.218042323892131	0.223807316782752	0.0163368364158932	545.228834970568	0.875173191301379	0.969266093305327
PHACTR2	betareg	33	19	-0.152889521312266	0.124148586260081	0.218134298892637	0.222096862886028	0.026499161456218	150.892149842161	0.875173191301379	0.969266093305327
RUFY2	betareg	33	19	-0.0990777997667513	0.0805975624290657	0.21896299179064	0.221885012275066	0.017732442409603	106.603483895906	0.875173191301379	0.969266093305327
UVSSA	betareg	33	19	0.173466165303932	0.141120525652769	0.218994663706247	0.219176220843747	-0.0317418580666284	144.204230404017	0.875173191301379	0.969266093305327
TAOK1	betareg	33	19	-0.120118978475829	0.097736630386622	0.219069275209651	0.222973896185685	0.0168425534653573	1469.01482136921	0.875173191301379	0.969266093305327
KLF12	betareg	33	19	-0.12548519412479	0.102115650353145	0.21912666578245	0.234144376744841	0.0156631362195394	417.328329701934	0.875173191301379	0.969266093305327
TOP1	betareg	33	19	-0.118020884321412	0.096063278841302	0.219231421906454	0.219906337574931	0.0204201479463733	150.952865185262	0.875173191301379	0.969266093305327
ATP11B	betareg	33	19	0.158459692695261	0.129000192068386	0.219308899095817	0.211661434827293	-0.0142080592296921	134.09628488228	0.875173191301379	0.969266093305327
KLHL20	betareg	33	19	-0.162916371730513	0.13266075740768	0.219421610140853	0.231442773553334	0.0198311326106067	202.207934038803	0.875173191301379	0.969266093305327
ATP6V1B2	betareg	33	19	0.0341312795165742	0.0278109586565112	0.219724852229157	0.222448459526707	-0.00494802940132423	5401.50378459669	0.875173191301379	0.969266093305327
COL1A2	betareg	29	16	0.202555996519549	0.165052881785673	0.219740372046639	0.226119405271508	-0.0298494534570823	132.276485087636	0.875173191301379	0.969266093305327
ICE2	betareg	33	19	0.204415958858469	0.166623154290691	0.219891739514251	0.226926989778688	-0.0331039231612576	50.11451405388	0.875173191301379	0.969266093305327
METTL14	betareg	33	19	0.184109180006649	0.150206845352812	0.220309962033405	0.217216448315814	-0.0175438193976948	275.98837330941	0.875173191301379	0.969266093305327
ZNF415	betareg	33	19	0.065437300848485	0.0533901508120425	0.220332793280094	0.22291179918619	-0.0119032777506449	333.717202210789	0.875173191301379	0.969266093305327
ATPAF1	betareg	33	19	0.0611714253922912	0.049941838402947	0.220630499929121	0.224108090069693	-0.0102458787017124	1245.20885935401	0.875173191301379	0.969266093305327
PARVB	betareg	33	19	0.137316615920185	0.112166227854827	0.220867644392765	0.234997368158558	-0.0151212551082885	248.280691242512	0.875173191301379	0.969266093305327
ELP1	betareg	33	19	-0.171030903235486	0.139770531162341	0.221082418474959	0.239624406035209	0.00572473645130031	671.204793247006	0.875173191301379	0.969266093305327
SCRG1	betareg	31	19	0.284666474649793	0.232667427872507	0.221144349030735	0.199663571933537	-0.0279218388825577	166.803287350199	0.875173191301379	0.969266093305327
EXD2	betareg	33	19	0.065574024386765	0.0535990609223852	0.221172080237109	0.223785718468222	-0.0118160719676871	296.064891038817	0.875173191301379	0.969266093305327
MYSM1	betareg	33	19	-0.205229604615083	0.167767805028884	0.221218097923905	0.225267874293573	0.0229356605473665	217.683453168235	0.875173191301379	0.969266093305327
CDK9	betareg	33	19	0.157824180106658	0.129163912186655	0.221748971518727	0.232902371367671	-0.00551767317027954	828.477632347556	0.875173191301379	0.969266093305327
TTL	betareg	33	19	0.111370565611573	0.0911488239804197	0.221762800218372	0.235692343036093	-0.00468194894820417	2934.13876050688	0.875173191301379	0.969266093305327
KDM5C	betareg	33	19	0.141924991457167	0.116291970562909	0.222305879465966	0.224601741168563	-0.0217359995004156	118.256110285848	0.875173191301379	0.969266093305327
NDC1	betareg	33	19	0.131874256309489	0.108137381160468	0.22265195036238	0.239143556904634	-0.0082707742177516	201.548567716874	0.875173191301379	0.969266093305327
COQ7	betareg	33	19	-0.0819603428170281	0.0672202002487162	0.222737389096218	0.23109497218011	0.00981674444376365	334.43570758752	0.875173191301379	0.969266093305327
ABHD18	betareg	33	19	-0.193305755117217	0.158651114139756	0.223059465908272	0.222595964602068	0.030808278395415	71.9224381342522	0.875173191301379	0.969266093305327
FOXJ2	betareg	33	19	-0.11292271455318	0.0927391583409309	0.223361603084419	0.225172028752527	0.0144079557774164	288.301068531839	0.875173191301379	0.969266093305327
ZBTB26	betareg	33	19	-0.14908175405699	0.122489697485931	0.22356758930019	0.225291450212474	0.0252799142756576	149.469489425583	0.875173191301379	0.969266093305327
ZBTB33	betareg	33	19	-0.0984292721390871	0.0808754725160841	0.223586235559402	0.225512880279744	0.0154318398837792	677.260361458079	0.875173191301379	0.969266093305327
C6orf89	betareg	33	19	0.0828777807564687	0.0681065496400693	0.223648297014337	0.227354310147883	-0.00600219854663673	1266.13346449063	0.875173191301379	0.969266093305327
CAMKK2	betareg	33	19	0.121186095719643	0.0996053835360336	0.223732802310469	0.232729700160117	-0.0202980698234441	567.426371515807	0.875173191301379	0.969266093305327
ARIH1	betareg	33	19	0.0839076880622568	0.0689662885313047	0.223738220985178	0.223025685743013	-0.011039618038473	1349.04409432516	0.875173191301379	0.969266093305327
SBF2	betareg	33	19	-0.0923032804995043	0.075888781110651	0.22387188571992	0.214444077815516	0.0119501680881392	312.999047464689	0.875173191301379	0.969266093305327
UBE2K	betareg	33	19	0.0970260394753722	0.0798517347383376	0.224336566387886	0.22566949326014	-0.0121074076941686	1071.3904980918	0.875173191301379	0.969266093305327
DELE1	betareg	33	19	0.143169020282133	0.117861586754828	0.224472275073603	0.229098641929167	-0.0171677310816955	286.894381607224	0.875173191301379	0.969266093305327
SKP1	betareg	33	19	0.129616349941513	0.106928235992292	0.225443196256001	0.22729049075744	-0.000959396702759471	7502.97869004661	0.875173191301379	0.969266093305327
STAM2	betareg	33	19	-0.101939275991484	0.0841774178369878	0.225893478846458	0.222663827012928	0.00712214258376307	511.281527434241	0.875173191301379	0.969266093305327
NANOS1	betareg	33	19	0.098538818094268	0.0814620325386782	0.226421373972441	0.232225906379961	-0.00681823091156851	923.487262652364	0.875173191301379	0.969266093305327
TBC1D20	betareg	33	19	0.0763846986510764	0.0631481276738224	0.226428020210003	0.228835794783511	-0.014351958346093	563.839167250322	0.875173191301379	0.969266093305327
TAB3	betareg	33	19	-0.106778798543483	0.0882871841223584	0.22649060205157	0.228720950126723	0.0183943518872894	272.582232640524	0.875173191301379	0.969266093305327
PYROXD1	betareg	33	19	0.129681997485805	0.107252120329778	0.226612041320402	0.223250086233519	-0.0155620251665846	250.541014238207	0.875173191301379	0.969266093305327
NDUFAF4	betareg	33	19	0.0874826078245522	0.0724080855793606	0.226974809249515	0.231604171236052	-0.015802547132552	971.837494551127	0.875173191301379	0.969266093305327
GATC	betareg	33	19	0.0963495844036565	0.0797603444727243	0.227051659201293	0.224005098861117	-0.00479607483240807	2873.77632018854	0.875173191301379	0.969266093305327
SHC3	betareg	33	19	0.14931625210224	0.123629305082661	0.227134230513544	0.225756076491387	-0.0322354855412658	1008.3396764836	0.875173191301379	0.969266093305327
XPO5	betareg	33	19	0.0990579849916241	0.0821285001459823	0.227765786675218	0.233607371669119	-0.0146626737222881	346.273648474165	0.875173191301379	0.969266093305327
CCDC50	betareg	33	19	-0.109152119326081	0.0905221574948925	0.227892477512894	0.230254511826548	0.0129415745393022	1054.22633907749	0.875173191301379	0.969266093305327
SEL1L	betareg	33	19	-0.0922043717357837	0.0765341102005464	0.228300319529867	0.230480566292959	0.013981844678696	1087.23390609221	0.875173191301379	0.969266093305327
HAUS2	betareg	33	19	0.131096887396021	0.109047480269014	0.229286025827282	0.229853429609561	-0.0209865360557755	289.614631387235	0.875173191301379	0.969266093305327
ATP6V1G2	betareg	33	19	0.0481225515521013	0.0400484747113551	0.229515595826294	0.232350905457189	-0.00861304044217427	5067.72890467975	0.875173191301379	0.969266093305327
HARBI1	betareg	33	19	-0.122886001267398	0.102292018327026	0.229624995895636	0.241694347169914	0.0170364363808335	180.788308321419	0.875173191301379	0.969266093305327
FOXN2	betareg	33	19	0.164983968520044	0.137465961663848	0.230069241453598	0.227687931325387	-0.02468037986812	186.403453680915	0.875173191301379	0.969266093305327
SPOPL	betareg	33	19	-0.170445061974018	0.142081360674192	0.230283072027008	0.235382843955516	0.0298055871501519	142.976623310596	0.875173191301379	0.969266093305327
CSRNP3	betareg	33	19	0.15871913584479	0.13238654849819	0.230564179652692	0.235992525856503	-0.0283104585174201	2538.46187903997	0.875173191301379	0.969266093305327
RHEB	betareg	33	19	0.0975772429731903	0.0814896451953974	0.231143312658697	0.231653349427655	-0.00521109974722214	1609.98762623304	0.875173191301379	0.969266093305327
ZNF585A	betareg	33	19	0.131085551745998	0.109507839804106	0.231289942148735	0.230680169580642	-0.00869361608174981	433.584453094971	0.875173191301379	0.969266093305327
HECW2	betareg	33	19	-0.114008389437827	0.0952959761736167	0.231555713332377	0.233407020325512	0.0200874642059959	207.21944146323	0.875173191301379	0.969266093305327
SH2B3	betareg	33	19	-0.159090679738948	0.133168751600731	0.232221954272573	0.236752988032654	0.0153423545032223	185.92829360707	0.875173191301379	0.969266093305327
ASIC1	betareg	33	19	0.0458653238180167	0.0383941892941237	0.232247164227138	0.233392675231132	-0.00595593777486276	1745.35670758112	0.875173191301379	0.969266093305327
ZNF429	betareg	33	19	-0.178688041783434	0.149590263498572	0.232275980382695	0.237841832512118	0.021605336621526	319.047293658595	0.875173191301379	0.969266093305327
TMEM184A	betareg	33	19	-0.195102454322374	0.163393412324047	0.232452304861345	0.248334037198839	0.0294498124784874	50.4906786958635	0.875173191301379	0.969266093305327
SLITRK4	betareg	33	19	0.13272659570309	0.111161075317418	0.232477011692337	0.237875019933558	-0.00617257085625548	1319.5259016497	0.875173191301379	0.969266093305327
AP4S1	betareg	33	19	-0.162090132609155	0.135770205030029	0.232534132394745	0.235383029294983	0.029198655807047	100.346093599047	0.875173191301379	0.969266093305327
SEC22A	betareg	33	19	-0.0999399346477964	0.0837217906543084	0.232589576900256	0.238880290216839	0.0179668713566231	273.052654957129	0.875173191301379	0.969266093305327
GOLPH3L	betareg	33	19	-0.0808061376483624	0.0677323196411208	0.232860813745397	0.23537038144738	0.0147128868229809	188.096747348552	0.875173191301379	0.969266093305327
RPS6KA3	betareg	33	19	0.143565046517812	0.120412941228912	0.233154387574477	0.267472633644629	-0.00566266977759112	2533.83463752375	0.875173191301379	0.969266093305327
WDR37	betareg	33	19	-0.0796137188434519	0.0667770714437056	0.233170539342496	0.239377497464539	0.00845198875352682	945.616636119581	0.875173191301379	0.969266093305327
LHFPL6	betareg	33	19	0.0821340337544339	0.0689347081591057	0.233466867317066	0.23828489605112	-0.0138163292067788	1373.13451817048	0.875173191301379	0.969266093305327
CAVIN1	betareg	33	19	0.225670844548396	0.189548383261041	0.233821966575127	0.23563783262468	-0.032739267823847	104.140639785547	0.875173191301379	0.969266093305327
TGOLN2	betareg	33	19	-0.130124593073352	0.109391663419747	0.234231432946221	0.236684077958409	0.0161726194035385	2279.078585788	0.875173191301379	0.969266093305327
FANCA	betareg	33	19	0.101088083536069	0.0850181592636504	0.234432760446972	0.241041973590479	-0.0155311540400039	95.8731317118303	0.875173191301379	0.969266093305327
XIAP	betareg	33	19	-0.137382868060641	0.115561781973234	0.234508086492673	0.244238222943575	0.015762092778459	480.505432091543	0.875173191301379	0.969266093305327
SLAIN2	betareg	33	19	0.123085133333843	0.103596850845615	0.234787493681493	0.247348376238052	-0.0121417364214926	296.385692174786	0.875173191301379	0.969266093305327
POLR1D	betareg	33	19	0.0615020932593692	0.0518265044930339	0.235349169889271	0.238166485039426	-0.0110586678272423	515.798164984196	0.875173191301379	0.969266093305327
GABRG2	betareg	33	19	0.180388217816716	0.152263602531403	0.236132113611884	0.238625538707798	-0.0035279691271918	1901.92077668399	0.875173191301379	0.969266093305327
NUCKS1	betareg	33	19	-0.0777037775752104	0.0656276456437553	0.236409171553242	0.240405229705165	0.012909887121115	1272.33914193453	0.875173191301379	0.969266093305327
TMTC4	betareg	33	19	-0.102072386489389	0.0862334290083332	0.236541590071317	0.239843731217411	0.0162395236245587	281.381974454864	0.875173191301379	0.969266093305327
IGFBP5	betareg	33	19	0.0944391598721703	0.0798109425691488	0.236695874541425	0.231574282344828	-0.00712899555218403	887.107483828319	0.875173191301379	0.969266093305327
CPEB1	betareg	33	19	0.109076573876982	0.0921856205235813	0.236718942956049	0.245273856362465	-0.0149829214289385	334.484028884447	0.875173191301379	0.969266093305327
RHOBTB1	betareg	33	19	0.112084853519114	0.0947473780026385	0.23681456288685	0.241497712067135	-0.0145493407966035	201.03702921865	0.875173191301379	0.969266093305327
ST6GAL2	betareg	33	19	-0.120947870511478	0.102314681983123	0.237159490862269	0.24283658888777	0.0214185424901479	509.914172519662	0.875173191301379	0.969266093305327
QSOX1	betareg	33	19	-0.132316469660602	0.112019833689759	0.237528095695625	0.242934713785847	0.0142091850421762	332.500888492722	0.875173191301379	0.969266093305327
LRRC27	betareg	33	19	0.207235073469564	0.175516536857877	0.237715811956186	0.233451081578967	-0.0211910140618708	117.842656533026	0.875173191301379	0.969266093305327
CENPC	betareg	33	19	-0.274518644205115	0.232634479699168	0.237983190256367	0.244673706927755	0.0214744931573101	52.3969897969467	0.875173191301379	0.969266093305327
CDHR1	betareg	33	19	0.165534378833509	0.140312031105288	0.238096088137502	0.249652000916651	-0.0146616785744077	587.305895003037	0.875173191301379	0.969266093305327
ZNF566	betareg	33	19	-0.147219213467767	0.124803709367257	0.238156926540875	0.236191532471701	0.0138227079000431	453.17170675626	0.875173191301379	0.969266093305327
NMT2	betareg	33	19	-0.128482849419666	0.108995861872949	0.238483205365095	0.241234619039325	0.00959562444154213	192.656688195772	0.875173191301379	0.969266093305327
TRPS1	betareg	33	19	-0.22897084956041	0.194283963683786	0.238582570530694	0.249688250986181	0.0431392960049516	60.8155271907348	0.875173191301379	0.969266093305327
NAIF1	betareg	33	19	0.122896565999465	0.104302589299195	0.238689159107846	0.242071368285511	-0.0199775458203358	90.6240416690518	0.875173191301379	0.969266093305327
ETV6	betareg	33	19	-0.129742088091812	0.110114609663325	0.238698586031493	0.24263270116555	0.0219647848094339	108.845272265291	0.875173191301379	0.969266093305327
JAZF1	betareg	33	19	0.0583330214426074	0.0495109432491934	0.238723096512875	0.240594422176623	-0.0093449014486493	807.11010175055	0.875173191301379	0.969266093305327
TNRC6A	betareg	33	19	0.113957896509998	0.0967725611760644	0.238962174918962	0.244034712010627	-0.0184980254128932	315.643484989302	0.875173191301379	0.969266093305327
ZNF526	betareg	31	19	0.194258804527242	0.165067609727871	0.239257829190777	0.224440621655324	-0.00516134369077055	208.11703362312	0.875173191301379	0.969266093305327
POP4	betareg	33	19	-0.106662647988836	0.0906582772189294	0.239381102783697	0.236213153703457	0.0139624352966514	655.19351632823	0.875173191301379	0.969266093305327
STRN	betareg	33	19	-0.15790820059335	0.134241503995073	0.239475255491655	0.246007462091565	0.0231788955406912	145.098680338577	0.875173191301379	0.969266093305327
RFLNB	betareg	33	19	-0.0954823784754215	0.0811996882041919	0.239636487130635	0.242872795689916	0.0169399717709984	185.154042766371	0.875173191301379	0.969266093305327
TCF3	betareg	33	19	-0.112435815518431	0.0956586448047079	0.239840390368702	0.242513666977003	0.0183062786488922	100.537275453318	0.875173191301379	0.969266093305327
NFX1	betareg	33	19	0.0903994923941339	0.0769560072677638	0.24011855240884	0.243832111902147	-0.0157648116547979	156.48041247252	0.875173191301379	0.969266093305327
NUAK1	betareg	33	19	-0.154019848186265	0.13111639848537	0.240122650198191	0.242830683699615	0.0238381754189904	432.184428417385	0.875173191301379	0.969266093305327
LRRC47	betareg	33	19	0.131147538406437	0.111653005850002	0.24015507822047	0.23358552682088	-0.00332299322748188	1480.08170368808	0.875173191301379	0.969266093305327
SUPT16H	betareg	33	19	0.0521578034536844	0.0444632219032198	0.240773762435224	0.242802492400241	-0.00913504158614685	727.47201353661	0.875173191301379	0.969266093305327
CPNE3	betareg	33	19	-0.0804299991757821	0.068582941710171	0.240899850927294	0.242457218898966	0.0101817806992398	614.982179701253	0.875173191301379	0.969266093305327
CAB39L	betareg	33	19	0.056744529484309	0.0483939386434196	0.240974513325469	0.246876418072845	-0.00728407639434197	643.796910490414	0.875173191301379	0.969266093305327
RECQL	betareg	33	19	-0.119542904420195	0.101967226216992	0.241050162439836	0.243119527189345	0.0169310323067423	168.930346766041	0.875173191301379	0.969266093305327
SEZ6L	betareg	33	19	0.0783915213474926	0.0668931135006741	0.241240318621923	0.235081626189425	-0.00460311920229616	2319.36952234812	0.875173191301379	0.969266093305327
SMC2	betareg	33	19	0.112128625643475	0.0957682072114174	0.241665707701465	0.257654190991002	-0.0124943165976615	147.2656110701	0.875173191301379	0.969266093305327
ERGIC2	betareg	33	19	0.145124612459872	0.123986863616317	0.24180633885248	0.237162754612897	-0.0161871992634401	321.547088483125	0.875173191301379	0.969266093305327
DNAJC11	betareg	33	19	0.0417096609316484	0.0356433584814655	0.241922718377279	0.245568708524464	-0.00728250916057375	825.042738597223	0.875173191301379	0.969266093305327
SLC35E3	betareg	33	19	0.0873124309411542	0.0746176802350248	0.241948415895465	0.245414740306325	-0.0159987576810619	380.433881099711	0.875173191301379	0.969266093305327
BLZF1	betareg	33	19	-0.0911226532770521	0.0778886037448072	0.242037205360305	0.246665587826001	0.0150216418590183	158.56289998381	0.875173191301379	0.969266093305327
PEX19	betareg	33	19	0.0970129482772206	0.0829383006283343	0.242121630630642	0.242426358672478	-0.00754535636242165	1219.70639863318	0.875173191301379	0.969266093305327
SATB2	betareg	33	19	0.177165141466854	0.151909372382758	0.243511158116027	0.24605015130784	-0.0297079960849941	78.3617930594674	0.875173191301379	0.969266093305327
MAP3K1	betareg	33	19	-0.125089462061829	0.107265519009041	0.243547107036238	0.248336286212623	0.0139363317417419	136.806748135348	0.875173191301379	0.969266093305327
DDX54	betareg	33	19	0.188622314975905	0.16186131315425	0.243884262866079	0.240836044621734	-0.0149454675430961	168.750906917089	0.875173191301379	0.969266093305327
FBN1	betareg	33	19	-0.216443375386156	0.186033093695127	0.244640057852884	0.23704135453733	0.0282741553243314	57.0915021926105	0.875173191301379	0.969266093305327
MSMO1	betareg	33	19	-0.0839402027212248	0.0721494692270285	0.244658760990023	0.248557471665556	0.0149981007407916	2183.98157318569	0.875173191301379	0.969266093305327
UBE2A	betareg	33	19	0.0559324953693149	0.0481253179546697	0.245143679637314	0.245384336031102	-0.00927597607086725	1544.74471290187	0.875173191301379	0.969266093305327
CDC27	betareg	33	19	-0.0731623334833889	0.0629512081226042	0.245151400054948	0.24854388514534	0.0127662580023961	328.900481728534	0.875173191301379	0.969266093305327
C1orf21	betareg	33	19	0.131106251664877	0.112852908977613	0.245339244786499	0.247345270643515	-0.0237392943485794	405.816874866345	0.875173191301379	0.969266093305327
SAP30L	betareg	33	19	-0.116493233665714	0.100346174253485	0.245677056727978	0.246117225585508	0.0124975866532805	360.719012607073	0.875173191301379	0.969266093305327
MTG1	betareg	33	19	-0.168007250637147	0.144776247804093	0.245860991072758	0.256321090548382	0.0180839453170691	1319.3626887467	0.875173191301379	0.969266093305327
SLC4A7	betareg	33	19	-0.207027064097683	0.178453717401954	0.246001463737916	0.238551221871506	0.00522323154385478	149.926023513354	0.875173191301379	0.969266093305327
MINDY2	betareg	33	19	-0.072544887200993	0.0625823967431041	0.24637875503029	0.245976867536391	0.0103430903996814	547.835282863786	0.875173191301379	0.969266093305327
LRCH4	betareg	33	19	0.128433647497231	0.110985724277584	0.247187097537414	0.258691021643977	-0.016464485890981	192.831971971605	0.875173191301379	0.969266093305327
HAGH	betareg	33	19	0.129174837987967	0.111634390528341	0.247221682448654	0.234302607926138	-0.00733531388313369	1320.57333871195	0.875173191301379	0.969266093305327
ZNF395	betareg	33	19	-0.183425928756463	0.158566657284173	0.247364340184987	0.249173608575364	0.0241471799383819	77.6796747452268	0.875173191301379	0.969266093305327
CACNG8	betareg	33	19	0.102660897021713	0.0887614201955313	0.247438408359371	0.254266040432234	-0.0095542321405303	663.775133529302	0.875173191301379	0.969266093305327
ALS2	betareg	33	19	-0.107134584876332	0.0926438226484517	0.247511984252498	0.248585930318373	0.0144830193770541	216.114753556434	0.875173191301379	0.969266093305327
LONRF2	betareg	33	19	-0.145974867422214	0.126298717320311	0.247766828099175	0.248499635747758	0.014835158052951	2423.38726697732	0.875173191301379	0.969266093305327
CEP78	betareg	33	19	0.236684074409556	0.204797199262534	0.247803985632364	0.241274176662992	-0.00337791909148061	234.555114371092	0.875173191301379	0.969266093305327
LHFPL2	betareg	33	19	-0.0926520596962392	0.0801714948272865	0.247814794413159	0.250573980644739	0.0131033198394257	500.619579273165	0.875173191301379	0.969266093305327
MYO18A	betareg	33	19	-0.135640028040151	0.117432798555204	0.248072483055038	0.252729994495433	0.00757608787238386	884.992482972748	0.875173191301379	0.969266093305327
CCDC117	betareg	33	19	-0.107216997102884	0.0928698011022775	0.248300481261809	0.252490602502476	0.0168067757368577	353.14240537719	0.875173191301379	0.969266093305327
ZADH2	betareg	33	19	0.0995483747531463	0.0862544968862362	0.248449383696651	0.257123321758514	-0.0109471670405888	403.321048363739	0.875173191301379	0.969266093305327
ZNF346	betareg	33	19	0.1285799501686	0.1115279684522	0.248953804885225	0.246365071352592	-0.00568294522396374	848.971295195019	0.875173191301379	0.969266093305327
SMUG1	betareg	33	19	0.107242804173783	0.0931663162964115	0.249695259467674	0.250879025997567	-0.015228965038365	208.875156576789	0.875173191301379	0.969266093305327
ZNF699	betareg	33	19	0.176495198973705	0.153736150352451	0.250952188555442	0.250744803706297	-0.0159448445514069	80.9228027322481	0.875173191301379	0.969266093305327
YWHAZ	betareg	33	19	0.0377897060095948	0.0329364253429886	0.251235762871998	0.252505726051574	-0.00639969631284587	18262.942552617	0.875173191301379	0.969266093305327
MPRIP	betareg	33	19	0.137772055757978	0.120100673273767	0.251324557751619	0.257919574164865	-0.0260882070362615	428.792608215478	0.875173191301379	0.969266093305327
FOXRED2	betareg	33	19	0.0685988779837275	0.0598053644533837	0.251366936390868	0.256233362531897	-0.00975452021202091	645.344417415967	0.875173191301379	0.969266093305327
CYB5D1	betareg	33	19	-0.0804311412141	0.0701654056405243	0.251667878928957	0.251618210582386	0.00962227005434988	402.463288404373	0.875173191301379	0.969266093305327
CREBRF	betareg	33	19	-0.138584877584847	0.120901316895295	0.251685761085255	0.254595795075257	0.025049629323526	137.023864168522	0.875173191301379	0.969266093305327
CDHR3	betareg	33	19	-0.153539460827038	0.133979734752017	0.251799213797144	0.249174807393814	0.0299049552953893	122.830172956029	0.875173191301379	0.969266093305327
MINPP1	betareg	33	19	-0.0751072795301901	0.0656268606685824	0.252433153866498	0.251984570631632	0.0123851072382272	354.601943402349	0.875173191301379	0.969266093305327
SDC1	betareg	33	19	-0.0585403902787894	0.0511515655927378	0.252437216137022	0.253629460730817	0.00952141736515458	356.603352960725	0.875173191301379	0.969266093305327
RAB11A	betareg	33	19	0.0869337942294553	0.0761752346205763	0.253772414218827	0.254984021678936	-0.01596684550892	3967.49455337643	0.875173191301379	0.969266093305327
RAB3D	betareg	33	19	-0.0622147473133961	0.0545556570477651	0.25412369250032	0.260725101909596	0.00998880868152056	922.380093180634	0.875173191301379	0.969266093305327
AP5M1	betareg	33	19	-0.0913476710230367	0.080113018419234	0.254188391559893	0.256562545565675	0.015262409881198	727.877268142802	0.875173191301379	0.969266093305327
LIMS1	betareg	33	19	0.113876711907176	0.0999642659481507	0.254630507491472	0.259359543118381	-0.0222838415821339	140.360465252939	0.875173191301379	0.969266093305327
PRKCI	betareg	33	19	-0.0770896584129192	0.0677151691879862	0.254936792006654	0.258487824884259	0.0135303905790098	481.703841220868	0.875173191301379	0.969266093305327
NUDT5	betareg	33	19	0.109378445001007	0.0961024425548336	0.255060242146091	0.257502808122254	-0.0195329647369001	235.698124936856	0.875173191301379	0.969266093305327
AMACR	betareg	33	19	0.0677962465986744	0.0595716917801806	0.25509481910674	0.25180865201529	-0.00474644450789871	1048.55092079748	0.875173191301379	0.969266093305327
ZNF554	betareg	33	19	0.134831454330632	0.118576776244657	0.255504231943983	0.259068220160661	-0.012176866710314	215.70178394071	0.875173191301379	0.969266093305327
RHOBTB3	betareg	33	19	-0.110860941503898	0.097509245770343	0.255568601384561	0.258710689150428	0.0124050858561283	191.868025331876	0.875173191301379	0.969266093305327
FRS2	betareg	33	19	-0.0912675233286647	0.0802903384687595	0.255655929798378	0.257066255965965	0.0148549778617749	324.738197364174	0.875173191301379	0.969266093305327
DUSP16	betareg	33	19	0.134162854440135	0.118090925598724	0.255915587246436	0.253659708698663	-0.0231828475845561	147.548618559503	0.875173191301379	0.969266093305327
IPP	betareg	33	19	-0.106295062689155	0.0935757895019755	0.255988025935066	0.26000570907679	0.0189174649474241	88.1484681288645	0.875173191301379	0.969266093305327
BICRAL	betareg	33	19	0.116514679260485	0.102582231009507	0.256033008210463	0.262489013773158	-0.016269200490952	169.143813143539	0.875173191301379	0.969266093305327
USP45	betareg	33	19	-0.149849968904075	0.131937073725281	0.256053474411331	0.269846806863699	0.0196633786369431	94.1851460418486	0.875173191301379	0.969266093305327
PRXL2C	betareg	32	19	0.158257620521324	0.139353190119639	0.256099558440059	0.25901886963377	-0.0307858216619652	76.7567135133478	0.875173191301379	0.969266093305327
PSMD9	betareg	33	19	0.0846590114462827	0.0745550911607636	0.256156303109572	0.262681563242562	-0.0138008025042022	600.261850955717	0.875173191301379	0.969266093305327
FAR2	betareg	33	19	0.0596612191432502	0.0525639078419207	0.256365882774297	0.25890901385713	-0.0109521650742348	609.662461803363	0.875173191301379	0.969266093305327
MTMR12	betareg	33	19	0.0919138899303071	0.0809909916041099	0.256431636991323	0.255679642820141	-0.0152600236524801	190.625710608594	0.875173191301379	0.969266093305327
RABGEF1	betareg	33	19	-0.0467400410414165	0.0412332700501574	0.256982666683979	0.260323554525751	0.00848455664830313	564.175923199652	0.875173191301379	0.969266093305327
CPEB3	betareg	33	19	-0.109891547885067	0.0970503110900004	0.2575019182742	0.260553559438609	0.0181676225848031	763.72548378149	0.875173191301379	0.969266093305327
DCP1A	betareg	33	19	-0.108589169413253	0.0959586559176603	0.257792320460263	0.26274653715079	0.0195053754431235	186.633629566199	0.875173191301379	0.969266093305327
MAPK9	betareg	33	19	0.0613960927182158	0.0542967471483157	0.258159974308367	0.261196458100472	-0.0113395477058866	1412.65826938318	0.875173191301379	0.969266093305327
DUSP3	betareg	33	19	-0.0367090736037901	0.0324859459330125	0.258476812067747	0.261436641675057	0.00656047992429966	2003.13081103432	0.875173191301379	0.969266093305327
FAM217B	betareg	33	19	0.0894663009393491	0.0791884793594414	0.258564995183577	0.261251807100595	-0.0168435902482841	650.559584411405	0.875173191301379	0.969266093305327
EXOC6	betareg	33	19	-0.126577916348157	0.112040220607299	0.258579787247806	0.257926558505782	0.0190994191483097	94.2758279809685	0.875173191301379	0.969266093305327
NRG2	betareg	33	19	0.211292742189867	0.187478949437398	0.259733536627908	0.265522224547557	-0.00876378776229697	97.8061116763161	0.875173191301379	0.969266093305327
TMOD1	betareg	33	19	0.0436983462819281	0.0387882389334212	0.259916913986962	0.262954967158327	-0.00785283233975244	2024.67484700476	0.875173191301379	0.969266093305327
PCDH7	betareg	33	19	0.100059390871473	0.0888899560402282	0.260311733396609	0.262587285487636	-0.017735521461445	756.949577213017	0.875173191301379	0.969266093305327
RPL35A	betareg	33	19	-0.119603303905041	0.106252400185778	0.260312541063881	0.261274473205334	0.0116122845305007	676.330354096856	0.875173191301379	0.969266093305327
KRBOX4	betareg	33	19	-0.0895873377340258	0.0795870261229958	0.260312621772951	0.26249145923203	0.0159899936391721	204.632173090543	0.875173191301379	0.969266093305327
ZNF277	betareg	33	19	0.118809753792573	0.105619197806676	0.260636555372623	0.259737266970935	-0.0176166545690455	122.464622720147	0.875173191301379	0.969266093305327
KPNA1	betareg	33	19	-0.125720360501626	0.1118556829247	0.261033609648755	0.263777480772772	0.00756136417437813	1612.94019411658	0.875173191301379	0.969266093305327
RBM23	betareg	33	19	0.197653602104958	0.175869667648677	0.261070692007102	0.268834723783412	-0.00380360302307897	1413.16163695194	0.875173191301379	0.969266093305327
CFL2	betareg	33	19	0.0528976270730173	0.0470967452701959	0.261365520358526	0.259869358943955	-0.00494250656113552	1983.25045891508	0.875173191301379	0.969266093305327
FAIM2	betareg	33	19	-0.0908934375312604	0.0809448553290934	0.26147755642639	0.266804368084164	0.0168125482089678	2378.27941636626	0.875173191301379	0.969266093305327
SNX9	betareg	33	19	0.100409515016215	0.0894208673093587	0.261485557852071	0.267463941004899	-0.0165376065515237	293.082240292428	0.875173191301379	0.969266093305327
CALD1	betareg	33	19	-0.104035336396503	0.0926814655840882	0.261648113540973	0.266309160035462	0.0172786931559854	193.288095643644	0.875173191301379	0.969266093305327
ZBTB6	betareg	33	19	-0.118575967924241	0.105764849342082	0.262233245244046	0.266210560095832	0.0197237245830538	187.75737952623	0.875173191301379	0.969266093305327
DICER1	betareg	33	19	-0.119619274688895	0.106707227885247	0.262285978666028	0.26475856552857	0.0178276160765099	668.166915420413	0.875173191301379	0.969266093305327
PCDHB2	betareg	33	19	0.0700303305281852	0.0625891094670396	0.263187057121045	0.272425771586597	-0.00810519402140487	1821.01372720425	0.875173191301379	0.969266093305327
NCOA3	betareg	33	19	-0.0727417520592857	0.0650485558432624	0.263452328941537	0.265908079301514	0.0129358818630709	332.404341412637	0.875173191301379	0.969266093305327
KNOP1	betareg	33	19	0.170806347544722	0.152768453384231	0.263535636359055	0.26788484334989	-0.0292243699627888	132.847919859078	0.875173191301379	0.969266093305327
MEF2D	betareg	33	19	-0.122911167086393	0.109965872462614	0.263686162555172	0.269998674529314	0.0181349376981533	264.674398093621	0.875173191301379	0.969266093305327
NQO1	betareg	33	19	0.117515431011671	0.105166987169209	0.263815859633996	0.262010967113121	-0.0188244567502147	234.345615783646	0.875173191301379	0.969266093305327
SNN	betareg	33	19	0.0249046457885422	0.0222942936459303	0.263957508386095	0.266922719142955	-0.00451485303918808	4729.28873453404	0.875173191301379	0.969266093305327
ZFP82	betareg	33	19	-0.0856507495273558	0.0766782533715519	0.263987965561458	0.267343549225718	0.0120335325073518	655.571606185574	0.875173191301379	0.969266093305327
CHMP7	betareg	33	19	-0.0679915670244251	0.0608714678088451	0.264007408026524	0.265362501343656	0.0118988970431903	889.048138490412	0.875173191301379	0.969266093305327
MED29	betareg	33	19	0.0942939612044586	0.0844723995708808	0.264306803225023	0.267456335131201	-0.0152162501545789	1657.07870691861	0.875173191301379	0.969266093305327
ECD	betareg	33	19	0.0936199257785976	0.0839353146113385	0.264686827542484	0.270880072577606	-0.01725535800563	234.473041618085	0.875173191301379	0.969266093305327
PDXK	betareg	33	19	0.0611743393099086	0.0548640117633658	0.264842875156486	0.269527671768261	-0.00792517614587251	2850.43475900009	0.875173191301379	0.969266093305327
LZTR1	betareg	33	19	0.050986935646636	0.0457519938165741	0.265099059386711	0.26739799644203	-0.00944885967850187	773.282463879512	0.875173191301379	0.969266093305327
ITPRIPL2	betareg	33	19	0.208613732025657	0.187326425944086	0.26543473343575	0.271091213471403	-0.0395794140263211	99.0441700814713	0.875173191301379	0.969266093305327
CTTNBP2NL	betareg	33	19	0.0702417370117798	0.0630806446750102	0.265483955402258	0.269449483299275	-0.0107105537966551	951.001767223735	0.875173191301379	0.969266093305327
NEU1	betareg	33	19	0.196369783464379	0.176582024491928	0.266112408855301	0.283336268337977	-0.00479575857092826	622.627567950467	0.875173191301379	0.969266093305327
PML	betareg	25	16	-0.279329806504742	0.251361733158669	0.266453769133101	0.267894199280671	0.0113164659928348	251.794707887504	0.875173191301379	0.969266093305327
HEMK1	betareg	33	19	0.164865221568915	0.148399721286354	0.266588272929031	0.268162255410667	-0.0287065214733979	107.707355661766	0.875173191301379	0.969266093305327
NBPF9	betareg	33	18	0.192555565033992	0.173348916931654	0.266655469470401	0.297212494256053	-0.0220980020844359	96.6678170768371	0.875173191301379	0.969266093305327
NAA50	betareg	33	19	0.0711960316500496	0.0641090289841249	0.26676377751221	0.265624198671591	-0.0109504164090696	941.917949598104	0.875173191301379	0.969266093305327
GZF1	betareg	33	19	-0.164881265572792	0.148478789956248	0.266796479924168	0.240669867739291	0.00900695607158782	296.573937615487	0.875173191301379	0.969266093305327
MGAT4A	betareg	33	19	-0.0896454774052351	0.0807830398051745	0.267125451427748	0.277200020291614	0.0115011157002836	571.071921231994	0.875173191301379	0.969266093305327
PPM1B	betareg	31	19	-0.262182487549399	0.23634606194038	0.267293849564107	0.252382011645643	0.00251650228215027	533.066854105366	0.875173191301379	0.969266093305327
RGS17	betareg	33	19	0.0721354855664091	0.0650627946699091	0.267557200245217	0.268878170939569	-0.0124595785959984	641.49283918388	0.875173191301379	0.969266093305327
RBM12B	betareg	33	19	-0.0950616765828778	0.0857716990266904	0.267727732541957	0.270325342170399	0.0163150081117255	556.923179564624	0.875173191301379	0.969266093305327
BTBD9	betareg	33	19	-0.243183236761693	0.219420061664724	0.267732310078257	0.286060589504699	0.0440803563234526	493.323971491136	0.875173191301379	0.969266093305327
SLC31A1	betareg	33	19	0.115129065725607	0.103889404655009	0.267780323980989	0.272852662018155	-0.0199125624706138	324.921458755493	0.875173191301379	0.969266093305327
SYAP1	betareg	33	19	0.108214621117758	0.0976786719250543	0.267920833997677	0.26745028586541	-0.00443703414401032	794.739637523921	0.875173191301379	0.969266093305327
NUFIP2	betareg	33	19	-0.12768160987105	0.115304758808624	0.268146813031381	0.268345502714668	0.022321346007447	380.257384523487	0.875173191301379	0.969266093305327
LDB2	betareg	33	19	-0.140797307698013	0.127237877557277	0.268480939295774	0.277086886376983	0.0269747334748191	139.628620925946	0.875173191301379	0.969266093305327
SFXN1	betareg	33	19	0.0837786830285741	0.0757257817873592	0.268578118544952	0.270735801777391	-0.00742072154659589	1207.29295444707	0.875173191301379	0.969266093305327
LGALSL	betareg	33	19	0.0669956618394351	0.0606096921217112	0.269002681577686	0.273758449678813	-0.0110663553967263	825.52967870832	0.875173191301379	0.969266093305327
SLC25A37	betareg	33	19	0.17105878375644	0.154874122504404	0.269375420494151	0.273499945460342	-0.0242857737775465	84.5617569032858	0.875173191301379	0.969266093305327
DHCR24	betareg	33	19	-0.050647330627435	0.0458638298095936	0.269463936494883	0.273543356165142	0.00811046327546295	5516.75241459374	0.875173191301379	0.969266093305327
SSX2IP	betareg	33	19	-0.0952801062584513	0.0863023637040206	0.269581593638253	0.279353459417659	0.0129580748100045	197.393184050783	0.875173191301379	0.969266093305327
C4orf33	betareg	33	19	0.0993689167091874	0.0900200902101474	0.269657053947164	0.274975265396586	-0.0167803302626148	173.001236073076	0.875173191301379	0.969266093305327
TRMT10B	betareg	33	19	0.157320853896661	0.142560515508091	0.269793879748559	0.263245602988706	-0.0232577518403469	109.958478655624	0.875173191301379	0.969266093305327
TMED8	betareg	33	19	-0.133952362584825	0.121427256404109	0.269962442847153	0.25792813597959	0.00905596040616271	1119.76740973151	0.875173191301379	0.969266093305327
MAST4	betareg	33	19	0.113655402279669	0.103042919087511	0.270031116088215	0.273566384240837	-0.0149056064975155	486.820082645707	0.875173191301379	0.969266093305327
MOB3A	betareg	33	19	-0.0551394956347014	0.0500056909631863	0.270172928533011	0.272907373005253	0.00993519709304781	786.423782176675	0.875173191301379	0.969266093305327
ZDHHC21	betareg	33	19	0.0966568334578912	0.0878176789719516	0.271047502660188	0.27359985110352	-0.0161219005229271	353.971371665372	0.875173191301379	0.969266093305327
EMSY	betareg	33	19	0.179436296680851	0.163100869377113	0.271264433937444	0.280772778172695	-0.0234023206615057	79.2663649297994	0.875173191301379	0.969266093305327
APBB2	betareg	33	19	-0.079701024901544	0.0725373937948591	0.271873737613413	0.265027369251172	0.00433471989635438	1029.15232460185	0.875173191301379	0.969266093305327
CUL4A	betareg	33	19	0.142286734284718	0.129529706240027	0.271991770358096	0.279745318881471	-0.00362022688196612	498.879037898875	0.875173191301379	0.969266093305327
RPL38	betareg	33	19	0.0939001110652839	0.0854904051487039	0.272042881377879	0.272980243721303	-0.00306204704409428	2264.47989482337	0.875173191301379	0.969266093305327
RFX3	betareg	33	19	-0.142337631350435	0.129602924203413	0.272091229687912	0.27227443999819	0.0202915564635405	170.5114244673	0.875173191301379	0.969266093305327
ZNF843	betareg	33	19	0.250486570577149	0.228240503735951	0.272437012303377	0.288235398523043	-0.0147623757688676	70.4200878663183	0.875173191301379	0.969266093305327
RNF141	betareg	33	19	0.0883899902684823	0.0805835711289854	0.272696658874012	0.263080694675083	-0.0121494118778571	684.214652682148	0.875173191301379	0.969266093305327
RRP1	betareg	33	19	0.10767201376825	0.0981743219810939	0.272753694095934	0.278700938166773	-0.0104227013141356	485.679620004001	0.875173191301379	0.969266093305327
CDKL5	betareg	33	19	0.0869973167003764	0.0793243117578487	0.27275963505961	0.27419287028301	-0.0149368831377639	320.734877532814	0.875173191301379	0.969266093305327
ZKSCAN1	betareg	33	19	-0.0829874945922974	0.0757378419848412	0.273201175054306	0.275065012497945	0.0142290090225619	2094.24711776142	0.875173191301379	0.969266093305327
CTCF	betareg	33	19	0.068059755757969	0.0621403401960648	0.273403262460599	0.274387056508174	-0.00878361085326021	280.349276895566	0.875173191301379	0.969266093305327
CYCS	betareg	33	19	-0.112096100938028	0.102394255556376	0.273626221156497	0.263037070396301	0.010656664066568	5237.33794521112	0.875173191301379	0.969266093305327
ZFAND3	betareg	33	19	0.0802546375225016	0.0733665300502726	0.274004875413022	0.274743244007185	-0.0147189740016661	274.43414738601	0.875173191301379	0.969266093305327
STAR	betareg	33	19	0.163612562351599	0.14966083503428	0.274296208077978	0.285279170351872	-0.016787745513888	115.633311105027	0.875173191301379	0.969266093305327
SPSB1	betareg	33	19	0.099559640867877	0.0910873252793541	0.274388042812881	0.277506179830211	-0.0193644649332918	171.355442020388	0.875173191301379	0.969266093305327
PAPOLA	betareg	33	19	-0.0755599613198529	0.0691301146850442	0.274389061952527	0.273139845442902	0.00792588246128918	463.24791928943	0.875173191301379	0.969266093305327
PIK3CA	betareg	33	19	0.118313893875965	0.108262883680697	0.274464525946521	0.277006608144655	-0.0136575591985462	335.199150508	0.875173191301379	0.969266093305327
MAGI2	betareg	33	19	-0.0978039313588313	0.0895045518995349	0.274514216880324	0.276022567997801	0.0151002579179907	296.718838506846	0.875173191301379	0.969266093305327
LRCH3	betareg	33	19	0.181247683443784	0.165910237567775	0.274637886517683	0.27833336705385	-0.0310893307633052	69.0251775208345	0.875173191301379	0.969266093305327
ZNF737	betareg	33	19	-0.146707619160279	0.134330804193096	0.274772961594523	0.282104515340199	0.0216659791590966	236.674652503097	0.875173191301379	0.969266093305327
GFM1	betareg	33	19	0.181631397546818	0.166378789197519	0.274976419223029	0.299174635556028	-0.00394975745573015	602.236065343184	0.875173191301379	0.969266093305327
ZYG11B	betareg	33	19	-0.0944349318525361	0.0865160606403793	0.275039453080524	0.276990438125275	0.0143377807191282	1327.25473870944	0.875173191301379	0.969266093305327
CHD2	betareg	33	19	-0.156885313224275	0.143771922165516	0.275180629312278	0.310347172449504	0.00416133293175618	450.561848023318	0.875173191301379	0.969266093305327
MPPED1	betareg	33	19	0.160734117319729	0.147394194936377	0.275490719841297	0.272382408093953	-0.0237590459768074	51.4790027172559	0.875173191301379	0.969266093305327
CCT5	betareg	33	19	0.126389770775083	0.115914119141345	0.275548319792631	0.272220941351218	-0.00924996980065008	1690.03102131138	0.875173191301379	0.969266093305327
NUDT9	betareg	33	17	0.231522723025402	0.212488016871807	0.275898135662622	0.321437347405454	4.79399095927958e-05	334.09211165043	0.875173191301379	0.969266093305327
ATF1	betareg	33	19	0.2022695079942	0.185645322944449	0.275912257856406	0.277340349571696	-0.0266426224943801	54.4041895896628	0.875173191301379	0.969266093305327
CCDC6	betareg	33	19	-0.0916225137903268	0.0841217964315387	0.276081143969791	0.283306574526278	0.0140936576875112	780.91886490249	0.875173191301379	0.969266093305327
WDR82	betareg	33	19	-0.0634508286826302	0.0583150369535851	0.276564309133803	0.277048550583224	0.00723885937001843	3177.41037494577	0.875173191301379	0.969266093305327
CACNB4	betareg	33	19	0.174812003186203	0.160688864075081	0.276643135888768	0.289843330260292	-0.0187581792321405	224.168426030201	0.875173191301379	0.969266093305327
SNX1	betareg	33	19	0.142243431727267	0.13078307256052	0.27675902665475	0.280099358922064	-0.025422859751518	183.784028611487	0.875173191301379	0.969266093305327
NFASC	betareg	33	19	-0.0880179303381968	0.0809539179925791	0.276922065759275	0.283607225814355	0.0118241790000825	1714.40552751486	0.875173191301379	0.969266093305327
EFNA5	betareg	33	19	-0.109726537134657	0.100974969019615	0.277182381068873	0.273172786894922	0.0178758960332184	1369.06287922841	0.875173191301379	0.969266093305327
SMAD4	betareg	33	19	-0.0835580060188645	0.0769302806283657	0.277411589374635	0.279434524546157	0.0137668385630605	298.495039700153	0.875173191301379	0.969266093305327
VLDLR	betareg	33	19	0.0861887426542228	0.079384380884587	0.277605494933481	0.279905044521348	-0.0151303317915017	226.204635879307	0.875173191301379	0.969266093305327
DZIP1	betareg	32	17	-0.208337461992751	0.19192572281713	0.277695443573905	0.312219774950202	0.00720873537434033	230.691961188928	0.875173191301379	0.969266093305327
WDR26	betareg	33	19	0.0852596206388458	0.0785524685844474	0.277751457596238	0.275950616220861	-0.014457464488921	430.919569941011	0.875173191301379	0.969266093305327
RBL2	betareg	33	19	-0.169217083347609	0.155920105740537	0.277797346006964	0.291721158146445	0.0203277310332473	183.724689878115	0.875173191301379	0.969266093305327
LRRC28	betareg	33	19	0.109543085881008	0.100938189811133	0.277811315627257	0.278880264294784	-0.020070851667957	191.734453674186	0.875173191301379	0.969266093305327
ALG1	betareg	33	19	0.074570791299636	0.0687516188454027	0.278080903225269	0.278877158006453	-0.00861201616367627	383.469698556852	0.875173191301379	0.969266093305327
CSTB	betareg	33	19	0.0847177633802941	0.0781343985366814	0.278250894408752	0.28055877991052	-0.00887815975403229	1640.14741398929	0.875173191301379	0.969266093305327
CHML	betareg	33	19	0.0899886863010903	0.0830588615392967	0.278616409538537	0.294569735769963	-0.0100773782252203	620.515601409859	0.875173191301379	0.969266093305327
TMEM260	betareg	33	19	-0.109947924988716	0.10148445702381	0.27863238352677	0.280776855854189	0.0198865915288758	158.938318190193	0.875173191301379	0.969266093305327
NDUFA10	betareg	33	19	0.0934886437725507	0.0863093145102595	0.278727915730377	0.28415246009891	-0.0149940978560104	1476.19397858066	0.875173191301379	0.969266093305327
BLACAT1	betareg	33	19	-0.159865134234869	0.147604537652542	0.278780097079024	0.287621960706829	0.0194434616991319	163.040210442243	0.875173191301379	0.969266093305327
NDUFAF7	betareg	33	19	0.0953748190200391	0.0881587223299377	0.279317646265456	0.281924887614312	-0.0174552545743784	124.096983924263	0.875173191301379	0.969266093305327
CD164	betareg	33	19	-0.0503114750987577	0.0465934262453047	0.280232269850902	0.286360044753501	0.00685407158957547	1124.75030856211	0.875173191301379	0.969266093305327
CDV3	betareg	33	19	-0.0920222901047388	0.0852447706716287	0.280361966000746	0.287250832125396	0.00829794598439645	1536.20876158713	0.875173191301379	0.969266093305327
UBOX5	betareg	33	19	-0.132557011278634	0.122866533003356	0.28064570295988	0.286559081830042	0.022729903395473	93.7158169502124	0.875173191301379	0.969266093305327
A1BG	betareg	33	19	0.138515956130187	0.128584315102778	0.281373794061014	0.281248515508672	-0.0203141061107453	298.960757126485	0.875173191301379	0.969266093305327
YPEL2	betareg	33	19	0.140385608956072	0.130410785440206	0.281709190412129	0.286592366681222	-0.0301788392012832	176.618723979145	0.875173191301379	0.969266093305327
AHCYL1	betareg	33	19	-0.097541652382542	0.090687655632223	0.2821160056361	0.282664285633206	0.0155421119355865	578.485106803805	0.875173191301379	0.969266093305327
UQCC1	betareg	33	19	-0.0360651651661083	0.0335908868535767	0.282975447847284	0.28575980867855	0.00641802281116363	828.004965190039	0.875173191301379	0.969266093305327
G3BP1	betareg	33	19	-0.140150667253404	0.13053893493571	0.282988029173733	0.272161885998988	0.00801746405657268	897.627675843677	0.875173191301379	0.969266093305327
FBXO32	betareg	32	19	0.206178852966894	0.192228997614304	0.283464565056025	0.294263428368664	-0.0279198695528181	52.2729740862313	0.875173191301379	0.969266093305327
SLC12A2	betareg	33	19	-0.137512855934278	0.128270806953786	0.283697094018495	0.290510941046816	0.0234427202943231	169.562007880316	0.875173191301379	0.969266093305327
JAG2	betareg	33	19	-0.172164426267257	0.160624907793607	0.283791273832012	0.292307097212785	0.00329974973544497	660.442649249901	0.875173191301379	0.969266093305327
SPRYD7	betareg	33	19	0.104845699781549	0.0978471123121163	0.283933101740886	0.280522369245603	-0.0146119780587139	360.726236129097	0.875173191301379	0.969266093305327
PLAA	betareg	33	19	0.115988269512114	0.10848351784023	0.284989142410945	0.294581412741866	-0.00691181307984063	344.05008007302	0.875173191301379	0.969266093305327
MOB3B	betareg	33	19	-0.190725977312862	0.178484928565458	0.285257569463904	0.277702527108906	0.0190111219568992	110.879194356494	0.875173191301379	0.969266093305327
ZMYND11	betareg	33	19	-0.0494374870269751	0.0462886532817537	0.285508766087144	0.287987260284541	0.00877480373069615	926.135741584106	0.875173191301379	0.969266093305327
ATP5MC3	betareg	33	19	0.0905191729383204	0.0847580003137137	0.28553313259082	0.309090880851615	-0.00409850477246134	4785.52886358908	0.875173191301379	0.969266093305327
POFUT1	betareg	33	19	-0.101578956924748	0.095200539656494	0.28597192553624	0.290649796416359	0.0129928374484545	261.248554491691	0.875173191301379	0.969266093305327
C5orf49	betareg	33	19	0.106950499289678	0.100270317015877	0.286142682631675	0.298567933785603	-0.0145873987627137	231.019368283265	0.875173191301379	0.969266093305327
TRIB2	betareg	33	19	0.0480866977239368	0.0450972060764497	0.286292590047157	0.288929228612315	-0.00849355518418882	2107.77916813155	0.875173191301379	0.969266093305327
TAF1	betareg	33	19	-0.197834984579053	0.185615881749	0.286500474104661	0.286502670342282	0.0211360669797274	83.8769199935859	0.875173191301379	0.969266093305327
FOXK2	betareg	33	19	-0.060843145686564	0.0570866022638503	0.286512120502626	0.288353670536217	0.00965052786718718	647.063549712311	0.875173191301379	0.969266093305327
FBXW2	betareg	33	19	0.0756342290699245	0.0709903058617344	0.286687583371091	0.288952515054622	-0.013294560385697	946.358329175172	0.875173191301379	0.969266093305327
GLUL	betareg	33	19	0.0568546638198469	0.0533652204091521	0.286700398595734	0.286744975545619	-0.0100783269076703	1039.28840646297	0.875173191301379	0.969266093305327
MRPS22	betareg	33	19	-0.0504821392530467	0.0474204290950803	0.287072728445637	0.286981651913456	0.00562059963745922	957.886416866304	0.875173191301379	0.969266093305327
ASB7	betareg	33	19	-0.109081908997644	0.102521049433024	0.287330854108116	0.292929415063069	0.0154473409811822	166.226996586502	0.875173191301379	0.969266093305327
MARK4	betareg	33	19	0.0810909567356572	0.0762483857371696	0.287550518575241	0.286117754404453	-0.0142053269749692	267.652023763813	0.875173191301379	0.969266093305327
IPCEF1	betareg	33	19	0.191471018027862	0.180078094906883	0.287661081579585	0.285348684698634	-0.0309068445882037	54.3838423541869	0.875173191301379	0.969266093305327
SYNJ2BP	betareg	33	19	0.127035665602164	0.119525334756805	0.287856949530058	0.289503796039355	-0.0201902426157206	488.670072356497	0.875173191301379	0.969266093305327
RIT1	betareg	33	19	0.115380598961938	0.10856069877462	0.287863098636498	0.290624645974359	-0.0208898843023677	128.391295690563	0.875173191301379	0.969266093305327
ZNF10	betareg	33	19	-0.0787365233061633	0.0740917717384174	0.287922934447873	0.287460003201201	0.0128167917327634	474.934520022546	0.875173191301379	0.969266093305327
ADIPOR2	betareg	33	19	-0.126879542737624	0.119414517612756	0.288002611066401	0.291373244688108	0.0220917577082971	187.703356340198	0.875173191301379	0.969266093305327
SOX12	betareg	33	19	0.104064500746338	0.0979576796220736	0.288080715898311	0.293155739116091	-0.0138433372473056	963.02112114546	0.875173191301379	0.969266093305327
GOLGA2	betareg	33	19	0.110306771581153	0.103834243323324	0.288083540180682	0.295297858876189	-0.0182534547619827	246.585688682677	0.875173191301379	0.969266093305327
PCDH10	betareg	33	19	0.0838177236585526	0.0789092717524991	0.288143201878584	0.305551735465657	-0.0100781370369171	766.411240821563	0.875173191301379	0.969266093305327
PRSS12	betareg	33	19	0.0577932376458372	0.0544268494254083	0.288303056203305	0.289767668085348	-0.0104206134064721	353.328985800316	0.875173191301379	0.969266093305327
VGLL4	betareg	33	19	0.103790114250845	0.0978072510802642	0.288612680068705	0.290356653427982	-0.0167935493716422	653.267053811301	0.875173191301379	0.969266093305327
FAM118A	betareg	33	19	-0.0792397648846914	0.0746904024439536	0.288730986643481	0.291967214814097	0.0117657969225952	190.693781980414	0.875173191301379	0.969266093305327
KIF3A	betareg	33	19	-0.103374575037448	0.0974405158899316	0.288735667730129	0.286340549573711	0.0140141018661135	898.944480495689	0.875173191301379	0.969266093305327
RNF213	betareg	33	19	0.16499723504981	0.155581891638116	0.288909477489326	0.28525423321491	-0.0207737995070109	100.463330444738	0.875173191301379	0.969266093305327
MTURN	betareg	33	19	0.117293995432815	0.110676087697198	0.289237744260508	0.294855668091207	-0.0206245381493992	2510.68450835662	0.875173191301379	0.969266093305327
DCLK1	betareg	33	19	-0.0775868748022411	0.0733172623806333	0.289948432413464	0.303357727379496	0.00770276692046798	2644.46271843864	0.875173191301379	0.969266093305327
CYP51A1	betareg	33	19	-0.076963003243524	0.0727483425252202	0.290085168085009	0.292827539305194	0.01404713947394	1440.56934114723	0.875173191301379	0.969266093305327
ACOT9	betareg	33	19	0.108863530444664	0.10293664799428	0.290247893914803	0.293039128226946	-0.0190322940007783	175.92805157527	0.875173191301379	0.969266093305327
BCLAF1	betareg	33	19	-0.157760910069247	0.149200353804615	0.290339907898999	0.293201294232327	0.0056391334037054	923.324269759005	0.875173191301379	0.969266093305327
POLR1G	betareg	33	19	0.0893195352012299	0.0845710590831977	0.290900710032806	0.307090000417933	-0.00293604712421974	588.930499660283	0.875173191301379	0.969266093305327
AMOTL1	betareg	33	19	-0.176461703141176	0.167123027823835	0.291023478597171	0.27754413740712	0.00898031821143705	235.952116244485	0.875173191301379	0.969266093305327
GPR161	betareg	33	19	0.093315446639846	0.0883871654093114	0.291078844654702	0.292900281868689	-0.0184236616363262	641.735098197585	0.875173191301379	0.969266093305327
SEL1L3	betareg	33	19	0.0719880313830294	0.0682861374071218	0.291786095854197	0.29383453614941	-0.0122883803583281	253.521373027956	0.875173191301379	0.969266093305327
SSH2	betareg	33	19	-0.156747874250269	0.149092004201896	0.293097884309623	0.282117577696047	0.0158315016171169	534.459134450285	0.875173191301379	0.969266093305327
ZNF703	betareg	33	19	0.0982469228346484	0.0935162332279301	0.293448393312591	0.293484939244076	-0.0181795669486672	257.212666031901	0.875173191301379	0.969266093305327
LBH	betareg	33	19	-0.0618938358557184	0.0589168290586709	0.293474977927533	0.29846799322765	0.00694814929839736	2173.18636921257	0.875173191301379	0.969266093305327
JADE2	betareg	33	19	0.219798073720352	0.209256166574936	0.293544356373212	0.295177183022997	-0.0259982132867125	63.8180552298679	0.875173191301379	0.969266093305327
ERCC6	betareg	33	19	0.139283292447068	0.132732866641312	0.294016857577766	0.29210650526286	-0.0247682876420754	110.699042229818	0.875173191301379	0.969266093305327
GPN2	betareg	33	19	0.116440633913256	0.110985715427198	0.294109208802628	0.29587441657449	-0.0224196618532175	143.100904557759	0.875173191301379	0.969266093305327
CCDC71L	betareg	33	19	0.194729017035079	0.185680518025568	0.294301690224114	0.29302145473461	-0.0473074491364513	74.8077230053417	0.875173191301379	0.969266093305327
GPALPP1	betareg	33	19	0.0957367438773897	0.0913591962823253	0.294677409020122	0.299488498966408	-0.0179039304038652	100.742713725081	0.875173191301379	0.969266093305327
INPP4A	betareg	33	19	-0.0729976190234183	0.0696766117467067	0.294793827963599	0.296127181622262	0.0109391679735869	924.331541802863	0.875173191301379	0.969266093305327
DISP2	betareg	33	19	0.0992897384124286	0.0947793135197618	0.294828143124419	0.31011648135102	-0.00922280947585979	2077.30029022534	0.875173191301379	0.969266093305327
TSN	betareg	33	19	-0.0412023309693472	0.0393598634376529	0.295186838484336	0.297821441397371	0.00693823512440739	1498.21591996189	0.875173191301379	0.969266093305327
KMT5A	betareg	33	19	-0.100092831883938	0.0956895617985469	0.295553552637608	0.298002024719859	0.0173545084081093	111.531679342729	0.875173191301379	0.969266093305327
RAD54L2	betareg	33	19	0.12210470943658	0.116830688806105	0.295957148539854	0.294630886613443	-0.0218756755131513	750.542936605466	0.875173191301379	0.969266093305327
PTPRT	betareg	33	19	-0.164471858675499	0.157475649346144	0.29628776363759	0.296388412386917	0.0187764339084804	419.150521525905	0.875173191301379	0.969266093305327
PLXNA2	betareg	33	19	-0.113812880634774	0.109079874313891	0.296767573318463	0.296807277252906	0.0159702319261911	552.380943597882	0.875173191301379	0.969266093305327
TMEM132B	betareg	33	19	-0.0827341723770302	0.0793034872892939	0.296827796731804	0.301802149428004	0.0136588970835229	1760.43381510441	0.875173191301379	0.969266093305327
CNOT6L	betareg	33	19	0.156771137571835	0.150403220238183	0.29725455110495	0.301905618069368	-0.0311483174628696	156.35402275084	0.875173191301379	0.969266093305327
RPP30	betareg	33	19	0.131182353260578	0.125886041808366	0.297378174156846	0.301484544057429	-0.0183588741684493	127.013998638463	0.875173191301379	0.969266093305327
ZNF562	betareg	33	19	-0.112703999939207	0.108215095349292	0.297652220117412	0.304434021574952	0.0140760305566441	571.095484178286	0.875173191301379	0.969266093305327
KIT	betareg	33	19	-0.0842489607879366	0.0809140633615555	0.297775636190359	0.300601753010083	0.0143834132582032	148.263459470388	0.875173191301379	0.969266093305327
ZNF180	betareg	33	19	0.177590101739351	0.170656976444044	0.298049118754989	0.315885827086906	-0.00920412880126707	179.681945923644	0.875173191301379	0.969266093305327
SMAD5	betareg	33	19	-0.119564645249379	0.114969345008478	0.298353937623382	0.303537533280531	0.0196097872218508	196.623375582055	0.875173191301379	0.969266093305327
GFRA1	betareg	33	19	0.125407630790199	0.120634437257772	0.298540919611374	0.307014491645513	-0.00237319240590932	1489.92352558357	0.875173191301379	0.969266093305327
PTP4A1	betareg	33	19	-0.0380609217341348	0.0366127979387413	0.298547904310627	0.301721854802269	0.00637104404338477	2510.90868413684	0.875173191301379	0.969266093305327
FBXL18	betareg	33	19	-0.117374869304898	0.112977046045037	0.298838829034847	0.307284603894255	0.0147676556416171	386.274651524452	0.875173191301379	0.969266093305327
WDR73	betareg	33	19	-0.0952038206005828	0.0916776061956878	0.299054457797778	0.30280960003134	0.0170938968405802	400.005082640541	0.875173191301379	0.969266093305327
UBE2J1	betareg	33	19	0.0267476640633225	0.0257874613138325	0.299626230485195	0.302015964378436	-0.00490395767676517	1135.76605575807	0.875173191301379	0.969266093305327
PAIP1	betareg	33	19	0.106429433146244	0.102632919912184	0.299739965776511	0.30173858105675	-0.018731116893783	239.222022997209	0.875173191301379	0.969266093305327
CWC25	betareg	33	19	-0.208093781886321	0.200717516608782	0.299852623467884	0.303536654222598	0.0248238339479871	79.3941017060316	0.875173191301379	0.969266093305327
FAM199X	betareg	33	19	-0.0814707356544954	0.0785845171283385	0.299862838357251	0.300904279808737	0.0122791584532099	827.308729683087	0.875173191301379	0.969266093305327
TMEM19	betareg	33	19	0.0680877757378929	0.0657339216121785	0.300291342276174	0.303206776173656	-0.00944688569113146	501.4294312519	0.875173191301379	0.969266093305327
BIVM	betareg	33	19	-0.0789393784591549	0.0762382659772569	0.300468198262389	0.300680828566457	0.0109393150456186	700.123374179992	0.875173191301379	0.969266093305327
SPATA2	betareg	33	19	0.0696918293633263	0.0673456615403171	0.300744714245441	0.304761054049052	-0.0116866281478028	320.854953460009	0.875173191301379	0.969266093305327
RAB27B	betareg	33	19	0.0751115635961306	0.0726026825905006	0.300876165316085	0.302267214723166	-0.00921563709566117	598.57485909568	0.875173191301379	0.969266093305327
NYAP2	betareg	33	19	-0.223718485434077	0.21647664404202	0.301391850428592	0.308508703380191	0.043513310703527	75.8272795561031	0.875173191301379	0.969266093305327
MTX3	betareg	33	19	-0.175192499760614	0.169611558023226	0.30164870794778	0.306890516484306	0.0346611933607695	173.242115795705	0.875173191301379	0.969266093305327
MLYCD	betareg	33	19	-0.132021247973849	0.127820896195814	0.301668844830995	0.306265293485841	0.0117556333901707	494.362519850024	0.875173191301379	0.969266093305327
REXO4	betareg	33	19	0.0694819149909237	0.0673414722188981	0.302172888907115	0.304028281714171	-0.0111786711422651	185.968792330732	0.875173191301379	0.969266093305327
TPM3	betareg	33	19	-0.10190213911728	0.0988126233703795	0.302415906756363	0.305071344484715	0.000941550248951447	3490.36292882311	0.875173191301379	0.969266093305327
KDM5A	betareg	33	19	-0.187426028626228	0.181898250144819	0.302827247674902	0.345116353833865	0.0104995107102616	179.409485786853	0.875173191301379	0.969266093305327
SDC3	betareg	33	19	-0.0767333022402271	0.0745649941074175	0.303442347534791	0.300760685346243	0.0105561492748157	7027.74831221373	0.875173191301379	0.969266093305327
WDR55	betareg	33	19	-0.0492526354256235	0.0478918382636871	0.303755140790621	0.308513664421134	0.00688485347839875	456.518135779007	0.875173191301379	0.969266093305327
ANKS1A	betareg	33	19	-0.073678031100877	0.0716480607008797	0.303793436925155	0.306562801005584	0.0112471110459735	938.822392710706	0.875173191301379	0.969266093305327
TSR1	betareg	33	19	0.0426451160089186	0.0414755671089312	0.303856462517725	0.30565346873531	-0.00708601598110007	636.306642316411	0.875173191301379	0.969266093305327
PGAP1	betareg	33	19	-0.0968360450320252	0.0942061165548031	0.303988990351729	0.309342038022304	0.0108079647997789	965.902287661156	0.875173191301379	0.969266093305327
MED12L	betareg	33	19	0.246603513310362	0.239999232222395	0.304176648936528	0.2795061405344	-0.00866982274897751	117.293246121217	0.875173191301379	0.969266093305327
RTP1	betareg	29	19	-0.213091893363911	0.207419216446035	0.304256227925324	0.296381979214267	0.0182681693603374	156.332955045141	0.875173191301379	0.969266093305327
ZNF81	betareg	33	19	-0.180555585266289	0.175764999630023	0.304300109722782	0.309323577586527	0.0235779615643742	139.924584083985	0.875173191301379	0.969266093305327
RLIM	betareg	33	19	-0.204614290484696	0.199286690829837	0.304546043781579	0.302789659623991	0.00390363078739941	1663.83578415293	0.875173191301379	0.969266093305327
MAP4K4	betareg	33	19	0.0626397486245212	0.0610305181150487	0.304718327008118	0.307028353306999	-0.0116746944736651	600.878746262015	0.875173191301379	0.969266093305327
CALU	betareg	33	19	-0.0872337976693453	0.0849952797913694	0.304732778160257	0.307097441224248	0.0126588874217833	1289.43321677975	0.875173191301379	0.969266093305327
LRRC8B	betareg	33	19	-0.129256010010279	0.125969958005502	0.30485104993665	0.306883037565549	0.0230629346614827	184.841856540259	0.875173191301379	0.969266093305327
C2CD2	betareg	33	19	-0.116140750898749	0.113304718697694	0.305348969674034	0.307652738750994	0.0206687651184372	217.621309027912	0.875173191301379	0.969266093305327
FBXW8	betareg	33	19	0.109512536284487	0.106882358981334	0.30554811662466	0.310597616071035	-0.0187912316245215	222.019754934448	0.875173191301379	0.969266093305327
PCYT1A	betareg	33	19	0.0676061386814307	0.0659854002220704	0.305569866158554	0.306706140776679	-0.0120750174139758	320.608372433102	0.875173191301379	0.969266093305327
HOOK1	betareg	33	19	0.14253805023497	0.139124708825059	0.305582930794089	0.295439225268295	-0.0193400428784783	124.794224332628	0.875173191301379	0.969266093305327
DCTN4	betareg	33	19	0.0612596952986462	0.0598050609405993	0.305682770528368	0.309040431978161	-0.0112237359500814	1086.4717170913	0.875173191301379	0.969266093305327
RALBP1	betareg	33	19	0.0830572161909089	0.0811092026660732	0.305827164997201	0.307320335537686	-0.0149498939927363	182.162660421144	0.875173191301379	0.969266093305327
PEX13	betareg	33	19	0.119467191750497	0.116699524963257	0.305969351443978	0.315438579329347	-0.0127003715552501	218.046343828816	0.875173191301379	0.969266093305327
RNF114	betareg	33	19	0.0588855461030938	0.0575315187548141	0.306054770852069	0.302087197997274	-0.00767422332308173	890.563648052474	0.875173191301379	0.969266093305327
LRRC14	betareg	33	19	-0.0277598570452767	0.0271342815261657	0.306281934915303	0.308671566980987	0.0048759121136307	2039.06479185341	0.875173191301379	0.969266093305327
DCTN5	betareg	33	19	0.0849258087515497	0.0830619858466332	0.306573198332372	0.308004999855341	-0.014776656790361	2274.58390776465	0.875173191301379	0.969266093305327
CPEB2	betareg	33	19	-0.146020000913731	0.142897817912157	0.306852345271461	0.30498868456065	0.0194491008508543	458.520614780612	0.875173191301379	0.969266093305327
KCNQ3	betareg	33	19	-0.100317664652492	0.0982304402080305	0.307136840135752	0.305468618339482	0.0113588616545605	1030.19789283402	0.875173191301379	0.969266093305327
PANX1	betareg	33	19	0.0778167688356592	0.0762101890704678	0.307216109053512	0.305522310631748	-0.0136619102432289	513.951221830315	0.875173191301379	0.969266093305327
C2orf49	betareg	33	19	0.108630320499353	0.106459992130849	0.307545275196519	0.323274225888592	-0.0094332498561062	349.666080600312	0.875173191301379	0.969266093305327
PTCD2	betareg	33	19	0.0974781266146928	0.0955679564895093	0.307734361316806	0.308586466198597	-0.0175766609718453	236.684716583283	0.875173191301379	0.969266093305327
STK25	betareg	33	19	-0.0789953413878744	0.0774828329202273	0.307955896335842	0.303832997818189	0.00685530202171908	3041.11678804316	0.875173191301379	0.969266093305327
MRPS25	betareg	33	19	-0.0967924428759729	0.0949439014713593	0.307979970308511	0.321779692801978	0.0126490330762093	331.013959451873	0.875173191301379	0.969266093305327
GABRA2	betareg	33	19	-0.0971066829310334	0.0952953941216422	0.308199597207111	0.310488143935864	0.0177045969511959	489.29820890116	0.875173191301379	0.969266093305327
ABCD2	betareg	33	19	-0.155437703448517	0.152788180060312	0.308991165322565	0.317582198909977	0.0167914011612264	113.084416787659	0.875173191301379	0.969266093305327
ZNF276	betareg	33	19	-0.0987736691962379	0.0971078073771031	0.309079810139073	0.312801523142953	0.015141393536252	183.462178398899	0.875173191301379	0.969266093305327
VWA8	betareg	33	19	-0.108075027148956	0.106328080271155	0.309424770805142	0.306046482583101	0.0178871617101194	87.5070810250132	0.875173191301379	0.969266093305327
IRGQ	betareg	33	19	0.119270804824376	0.117406734548839	0.309687948286584	0.293519652056173	-0.00108688100572114	5070.98231130373	0.875173191301379	0.969266093305327
SUSD5	betareg	33	19	0.100163324655419	0.0986195310552458	0.309794163661041	0.316401057486555	-0.0155720496392925	194.922397269745	0.875173191301379	0.969266093305327
RAB3IP	betareg	33	19	0.0953426199994959	0.0938961033942522	0.309912571443707	0.308757289965936	-0.0150866484833856	548.572328469648	0.875173191301379	0.969266093305327
NME6	betareg	33	19	0.0901260193569861	0.0888490464417002	0.310405094972628	0.314887439961503	-0.0142811953925869	494.195501747353	0.875173191301379	0.969266093305327
SRSF7	betareg	33	19	0.0735397143755012	0.0725250572471048	0.310587316223684	0.315418632381556	-0.0141683119125316	930.730594203661	0.875173191301379	0.969266093305327
C15orf61	betareg	33	19	0.148960176058773	0.146929178319107	0.310667232322331	0.324856504488018	-0.0108258123840936	293.919893057267	0.875173191301379	0.969266093305327
SHISA9	betareg	33	19	0.0771794765021327	0.0761512290022515	0.310820105247055	0.31085512333867	-0.0149418983152204	161.753691433258	0.875173191301379	0.969266093305327
GSTO2	betareg	33	19	0.192513406722598	0.190017371108995	0.310995286796016	0.315120204666752	-0.0307717557150159	87.6762470245685	0.875173191301379	0.969266093305327
ZNF436	betareg	33	19	-0.0918364260799897	0.0906925259988139	0.311245072953522	0.312294355889043	0.00888347835599258	1346.50119479511	0.875173191301379	0.969266093305327
SIRPA	betareg	24	14	-0.281603479278537	0.278358256241995	0.311701393232299	0.340408422445788	0.00713264528300126	157.541864202098	0.875173191301379	0.969266093305327
ADGRL1	betareg	33	19	0.0355011813059626	0.0351128099794739	0.311987391239738	0.314308377217322	-0.0064220308993736	960.236386464342	0.875173191301379	0.969266093305327
SP4	betareg	33	19	-0.114152810906886	0.112956848010445	0.312213764228912	0.315448250963733	0.0209691862747155	111.130219421518	0.875173191301379	0.969266093305327
ZNF74	betareg	33	19	0.0824401950841498	0.081621946401113	0.312483379139533	0.310561500189778	-0.00613797661869661	970.039440214975	0.875173191301379	0.969266093305327
HDDC3	betareg	32	19	-0.155974370377778	0.154518673633567	0.312772844790086	0.346731360710345	0.00508036052344728	311.277581172019	0.875173191301379	0.969266093305327
ARL10	betareg	33	19	0.0783620869356584	0.0776324028233588	0.312783211899177	0.310892408247708	-0.0102309140539758	669.673959538289	0.875173191301379	0.969266093305327
NDUFV3	betareg	33	19	0.0855661469831906	0.0847756598803367	0.312819053982967	0.315494322925673	-0.010343775113842	1140.62201706045	0.875173191301379	0.969266093305327
DNM3	betareg	33	19	-0.0700875218640748	0.0694486170724049	0.31287888188991	0.309594869467222	0.00793291472885688	2842.62834472573	0.875173191301379	0.969266093305327
LRP3	betareg	33	19	0.0614374187294623	0.0608818270805758	0.312914335452976	0.315326829222397	-0.0112997511401716	1129.15792497315	0.875173191301379	0.969266093305327
MDM4	betareg	33	19	-0.159891347122868	0.158655605496839	0.313555849142308	0.317828710075045	0.0295329809229306	355.817455488591	0.875173191301379	0.969266093305327
AFF3	betareg	33	18	-0.176141471808558	0.174864657727478	0.313789799882437	0.340086928531524	0.00311511458196009	1020.92000819321	0.875173191301379	0.969266093305327
CLSTN1	betareg	33	19	0.0736370316080883	0.0731059497169305	0.313807660162841	0.315029940680481	-0.0130193246989897	2076.62150059478	0.875173191301379	0.969266093305327
LYRM2	betareg	33	19	0.0686118656219104	0.0681317206485322	0.313912042424677	0.318758416683584	-0.0125143988636756	859.240103563198	0.875173191301379	0.969266093305327
ARID3A	betareg	33	19	0.120093451781798	0.119405508940741	0.314530359699266	0.30941705742257	-0.0158556598624744	154.384356350938	0.875173191301379	0.969266093305327
DMD	betareg	33	19	0.148827157061781	0.148042235754067	0.314751447889791	0.308820132021831	-0.0235274909307837	138.327130011318	0.875173191301379	0.969266093305327
GK5	betareg	33	19	0.118014216080887	0.11742352034882	0.314882177150876	0.316696480497249	-0.0222310263079496	155.929832969274	0.875173191301379	0.969266093305327
RNF24	betareg	33	19	0.0710122859085285	0.070666463567689	0.314948025627619	0.313791072367231	-0.00710547027417865	1461.65382457603	0.875173191301379	0.969266093305327
PPP2R2C	betareg	33	19	0.0796832699895926	0.0793059997900853	0.315013803739745	0.312791570271224	-0.0125100543474412	702.800227218163	0.875173191301379	0.969266093305327
SETDB2	betareg	33	19	0.140310889886917	0.139648479734636	0.315020418918569	0.31731544347127	-0.0219825262416422	106.553907677495	0.875173191301379	0.969266093305327
TRA2B	betareg	31	19	-0.207325685456001	0.20645376765925	0.315270990047634	0.330382968403891	0.00342333240337156	959.547378976445	0.875173191301379	0.969266093305327
SEMA4D	betareg	33	19	0.147210156467083	0.146632338649112	0.315407250759916	0.31212417641513	-0.0144243229915302	225.859482206586	0.875173191301379	0.969266093305327
LPIN2	betareg	33	19	-0.121903263841459	0.121493629359242	0.315681575467524	0.307151048511997	0.00539403910486529	444.767711837573	0.875173191301379	0.969266093305327
SUZ12	betareg	33	19	-0.0931350331562606	0.0928592246052979	0.315875249620754	0.31892891584992	0.0128648947046923	171.201923149463	0.875173191301379	0.969266093305327
C3orf33	betareg	33	19	-0.112804072410024	0.112512632063053	0.316058582686971	0.32035945174925	0.0214457825320589	134.142492718416	0.875173191301379	0.969266093305327
SCRN1	betareg	33	19	0.0431956589760248	0.0430858403902618	0.316078594192586	0.316995152586205	-0.00229175062646406	9859.25401634021	0.875173191301379	0.969266093305327
TSPYL4	betareg	33	19	0.0691891961442383	0.0690819427716431	0.316559746399701	0.321610985636477	-0.0108915646511792	3800.07418837668	0.875173191301379	0.969266093305327
CDC14B	betareg	33	19	-0.147688687850151	0.147474338868829	0.316607626455204	0.320243621860114	0.024592611088923	95.6290150857942	0.875173191301379	0.969266093305327
VMA21	betareg	33	19	-0.0703570092115511	0.0702661207946453	0.316684940023735	0.314880504189379	0.0036315618798237	1726.08997383624	0.875173191301379	0.969266093305327
TMEM192	betareg	33	18	-0.19293136441459	0.192829382005118	0.317054631587146	0.327812847907324	0.00309985487611733	412.824226428586	0.875173191301379	0.969266093305327
PGBD5	betareg	33	19	0.0817074013193309	0.0817550366626928	0.317592563060667	0.329009008188811	-0.0100158869616823	539.935336196405	0.875173191301379	0.969266093305327
TMOD3	betareg	33	19	0.109965788429232	0.110093121221573	0.317870554220661	0.330623367398396	-0.00417032811168457	588.278893480324	0.875173191301379	0.969266093305327
SPIN1	betareg	33	19	-0.0531362169097703	0.0532451542454741	0.3183016444936	0.323226638829524	0.00784628828486506	4281.22222348809	0.875173191301379	0.969266093305327
PDZD8	betareg	33	19	-0.144377904668623	0.144698530626973	0.318384023247348	0.323758677689486	0.0226282744039689	808.581328113623	0.875173191301379	0.969266093305327
ZNF214	betareg	33	18	0.173973568599793	0.17451603077384	0.318817119803434	0.333975859023235	-0.0155880937930727	125.264852120352	0.875173191301379	0.969266093305327
PPP1R2	betareg	33	19	0.0550341171872116	0.0552417336813445	0.319132735866225	0.323076125389315	-0.0096140981532727	1410.51454019643	0.875173191301379	0.969266093305327
LRRC4	betareg	33	19	0.195265046417066	0.19633373931322	0.31995188965336	0.351770588529612	-0.00852291085116445	259.450513678334	0.875173191301379	0.969266093305327
C12orf29	betareg	33	19	-0.144352638438548	0.14519299045459	0.32011958332016	0.315503503399738	0.0198496862649127	146.674435737745	0.875173191301379	0.969266093305327
KIF26B	betareg	33	19	0.106545656126402	0.107173568792978	0.3201541486545	0.326892607893573	-0.0108088196196904	818.769691703998	0.875173191301379	0.969266093305327
PPP2R2D	betareg	33	19	-0.120578279857382	0.121330531506963	0.320320255590316	0.317917579587312	0.00960107575222447	796.260333246877	0.875173191301379	0.969266093305327
HLCS	betareg	33	19	-0.0670743301275359	0.0675064349804557	0.320418103543121	0.323971398173105	0.00986488174638321	289.786468129244	0.875173191301379	0.969266093305327
NOP9	betareg	33	19	-0.137362552481996	0.138340132791426	0.320742362080372	0.324912320429327	0.0169321796544631	151.305114417673	0.875173191301379	0.969266093305327
MARK1	betareg	33	19	0.0563690956824542	0.0567878768744613	0.320892484477565	0.324966742239291	-0.00880287360997538	756.610059300829	0.875173191301379	0.969266093305327
SRGAP1	betareg	33	19	0.155947784226389	0.157124761505088	0.320949153841813	0.340577188284508	-0.00317210151027695	1222.02572482049	0.875173191301379	0.969266093305327
GORAB	betareg	33	19	0.183370014295647	0.184813902388116	0.321106146801648	0.347100463473678	-0.0166994403464475	91.9729094097241	0.875173191301379	0.969266093305327
ZNF251	betareg	33	19	0.0553733069308635	0.0558575093281326	0.321523750252964	0.325741698004333	-0.00752419555294627	529.991836669111	0.875173191301379	0.969266093305327
TRMT9B	betareg	33	19	-0.102926337035406	0.103832896852003	0.321554221460422	0.325992312435373	0.0127537454775095	252.751027872014	0.875173191301379	0.969266093305327
EIF2A	betareg	33	19	0.23628328746781	0.238366103301342	0.321557607455384	0.324749103930606	-0.0361391312484061	215.123454305249	0.875173191301379	0.969266093305327
GRIN3A	betareg	33	19	-0.0829320946142593	0.0836996583648341	0.321768818762661	0.320876639996494	0.00951545196200127	1727.90981515168	0.875173191301379	0.969266093305327
SLC25A26	betareg	33	19	0.0954062860788759	0.0963097282179718	0.321871456527906	0.333217804613405	-0.0103670218301547	399.256732511511	0.875173191301379	0.969266093305327
ZNF597	betareg	33	19	-0.186192135603473	0.188019903483066	0.322037836644689	0.301145354674824	0.0104494958348684	139.684237284433	0.875173191301379	0.969266093305327
TMEM161B	betareg	33	19	-0.112146341396433	0.11325033690687	0.322051096386231	0.32146723416984	0.0181269165097313	108.905663750165	0.875173191301379	0.969266093305327
DNLZ	betareg	33	19	-0.0828984194177822	0.0837188970289779	0.322076561803041	0.325799719885199	0.0127511145099756	605.596306326239	0.875173191301379	0.969266093305327
NDRG4	betareg	33	19	0.0368510585623891	0.0372300263169662	0.322261662071015	0.32176299399906	-0.00422113589184312	16246.5936129685	0.875173191301379	0.969266093305327
GOLGA6L9	betareg	33	19	-0.173805425422847	0.17563177763539	0.322369062317737	0.328476144096643	0.000365989639488642	58.7076426041446	0.875173191301379	0.969266093305327
DNAL1	betareg	32	19	-0.191068736433647	0.193341651423437	0.323033140007372	0.321953237209025	0.00913296821693045	223.754357653658	0.875173191301379	0.969266093305327
TOB1	betareg	33	19	-0.132891739103814	0.134537575616989	0.323266912362224	0.341042526633208	0.0177921595176644	210.391996324046	0.875173191301379	0.969266093305327
GABRQ	betareg	33	19	-0.156826108934188	0.158815759029693	0.323411322169524	0.332031787574203	0.0221765277110113	136.795315696005	0.875173191301379	0.969266093305327
SMU1	betareg	33	19	0.0572670202026981	0.0580545379893244	0.32391976450873	0.32611059931307	-0.0102323610555651	450.893962586569	0.875173191301379	0.969266093305327
GET4	betareg	33	19	0.0486179835944297	0.0492946445539674	0.323999099424687	0.326132464219764	-0.0087514092532562	677.314031786451	0.875173191301379	0.969266093305327
RAB11FIP5	betareg	33	19	-0.0660081564042249	0.0669874527781506	0.324437008728117	0.323566032962416	0.0109673021434244	280.618137039809	0.875173191301379	0.969266093305327
NAGK	betareg	33	19	0.136151186236547	0.13827500582871	0.324800634054917	0.333791524954414	-0.00347967681974713	770.417647437316	0.875173191301379	0.969266093305327
VPS35	betareg	33	19	0.10705623491191	0.108740563489143	0.32486453346459	0.331270797796275	-0.0048052803982229	1664.72778122277	0.875173191301379	0.969266093305327
PLEKHO1	betareg	33	19	-0.151096045207234	0.153601870966885	0.325269812887845	0.340516009037063	0.00393000652975249	895.137647492346	0.875173191301379	0.969266093305327
SRP19	betareg	33	19	0.107681679217073	0.109559327684885	0.325675455446698	0.329092311532945	-0.018753998127224	52.8015874013054	0.875173191301379	0.969266093305327
VAPA	betareg	33	19	0.084032476156791	0.0855253100819413	0.325831365361613	0.334892116169221	-0.00864048434975058	4301.90062959766	0.875173191301379	0.969266093305327
PDCL	betareg	33	19	0.107097187716815	0.109044047439312	0.326027868884735	0.330605043108935	-0.0195960007292338	328.299425270976	0.875173191301379	0.969266093305327
STAU1	betareg	33	19	0.0714794921194068	0.0728016307369113	0.326179091513039	0.33223986807511	-0.00780599445586058	1682.17641303983	0.875173191301379	0.969266093305327
ADGRG2	betareg	33	19	-0.0747738940427598	0.0761615723993126	0.326208337099994	0.329001808308857	0.0114734977526957	658.5929557982	0.875173191301379	0.969266093305327
ZNF480	betareg	33	19	-0.0843013581841528	0.085867829037635	0.326219485255939	0.329256024736226	0.00511459262140515	325.502401558655	0.875173191301379	0.969266093305327
DGKD	betareg	33	19	0.0663380440370108	0.0675763480943595	0.326259748315984	0.325669646830314	-0.0110807528985464	958.401300168059	0.875173191301379	0.969266093305327
TOP3A	betareg	33	19	0.129518564067619	0.13204036514607	0.326641422915009	0.333349332582179	-0.0135643477735477	184.870275690124	0.875173191301379	0.969266093305327
CDC42SE2	betareg	33	19	0.0467071242848477	0.0476357530374722	0.326836589418382	0.329697255364963	-0.00821283699512726	604.292155775181	0.875173191301379	0.969266093305327
MRPL11	betareg	33	19	0.0879664626911991	0.0897330897930252	0.32693192427028	0.330590636136154	-0.0105763764190541	288.915134045648	0.875173191301379	0.969266093305327
GABRA3	betareg	33	19	0.0683122202414165	0.0696884706039137	0.326962042605436	0.329183529023415	-0.0124756144940976	901.931730475375	0.875173191301379	0.969266093305327
GFER	betareg	33	19	0.0605254358628606	0.061803297828785	0.327420051324075	0.328682013944309	-0.0103457695699673	233.102254378745	0.875173191301379	0.969266093305327
CALCOCO2	betareg	33	19	-0.071766294618803	0.0733049776045953	0.327575116056616	0.329085466469199	0.0118378221304466	195.779666760933	0.875173191301379	0.969266093305327
GLCE	betareg	33	19	-0.122828497731785	0.125611041934075	0.328149539894673	0.330371581892921	0.0191411761392642	160.054308162338	0.875173191301379	0.969266093305327
RSBN1L	betareg	33	19	-0.102434498459948	0.104763754110973	0.328189779401051	0.32333600979146	0.016280921119873	129.113556503398	0.875173191301379	0.969266093305327
CCSER1	betareg	33	19	-0.144826519336096	0.148276504293722	0.32870147199914	0.317398862667196	0.0118530925039123	120.61195643275	0.875173191301379	0.969266093305327
SGPL1	betareg	33	19	-0.0713433261629897	0.0731069277772434	0.329125713944743	0.339329177565679	0.00944360315442497	975.317422473819	0.875173191301379	0.969266093305327
CAMK4	betareg	33	19	-0.0700963417782859	0.0719587187857218	0.329997549136001	0.33531151231307	0.0106636943609344	1182.11366859917	0.875173191301379	0.969266093305327
ZNF805	betareg	33	19	0.163555819423885	0.167946007681449	0.330126292327398	0.325954277036193	-0.0246567877190628	379.995749614827	0.875173191301379	0.969266093305327
ZNF382	betareg	33	19	0.135832786915579	0.139480029911594	0.330130453935911	0.326967116313677	-0.0155930279899673	319.219822321116	0.875173191301379	0.969266093305327
RBAK	betareg	33	19	-0.133552378659991	0.13733569259086	0.330825698043877	0.327166206161053	0.0153739025736182	316.499043993946	0.875173191301379	0.969266093305327
EIF3A	betareg	33	19	0.078535019041014	0.0808091147925105	0.331120985222489	0.340062732939543	-0.0120744618402171	329.988498784381	0.875173191301379	0.969266093305327
AGAP1	betareg	33	19	0.0664339696350962	0.0683981246825772	0.331407125190792	0.332683905528788	-0.012595614721481	1009.87265955597	0.875173191301379	0.969266093305327
WTIP	betareg	33	19	-0.166088130198961	0.17103008471941	0.331496111305425	0.33300986904324	0.0299971862978586	61.8387095933925	0.875173191301379	0.969266093305327
ZNF582	betareg	33	19	0.164378060296008	0.16949750350849	0.332148012401478	0.342746463348979	-0.0370052319761815	75.0169664875554	0.875173191301379	0.969266093305327
POU6F2	betareg	33	19	0.120341447189154	0.124133002370915	0.332317871031731	0.336984176633405	-0.0206677251699136	180.687088146229	0.875173191301379	0.969266093305327
RTL8B	betareg	33	19	0.113685450676528	0.117296140067697	0.332436770562478	0.342828045587789	-0.0137621911566496	676.96987665138	0.875173191301379	0.969266093305327
H6PD	betareg	33	19	0.142131751908441	0.146696732272386	0.33260431035875	0.335882246029512	-0.0244380796670606	177.826965670612	0.875173191301379	0.969266093305327
CACNG2	betareg	33	19	0.0834783226262379	0.08623528600795	0.333029510534232	0.334608135466868	-0.0163584570960479	490.06796894233	0.875173191301379	0.969266093305327
PCDHB14	betareg	33	19	-0.154760280908819	0.159879578232066	0.333054212136412	0.345900523582777	0.0131655292728404	244.843780543353	0.875173191301379	0.969266093305327
XPO7	betareg	33	19	-0.055267508985884	0.0571689115539232	0.333673715584811	0.336709135936726	0.00920691955724336	244.78555635293	0.875173191301379	0.969266093305327
TBRG1	betareg	33	19	0.056269640812127	0.0582421225281931	0.33397759707612	0.33242552947645	-0.00670185398423671	1201.29963870796	0.875173191301379	0.969266093305327
C1orf50	betareg	33	19	0.0987404054016643	0.102251205222055	0.334211861449854	0.346590375280184	-0.0129683488482257	787.724823667187	0.875173191301379	0.969266093305327
OSBPL10	betareg	33	19	0.0743529528317964	0.0770123581390982	0.334310551047327	0.333030239235233	-0.00955255887572251	390.73027808417	0.875173191301379	0.969266093305327
PEX2	betareg	33	19	0.0867063309312429	0.0898167142529894	0.334359692136604	0.336922355142793	-0.00723497980064823	647.350923317683	0.875173191301379	0.969266093305327
SMIM19	betareg	33	19	0.08211924728818	0.0851015365987327	0.334566798029651	0.336583739119253	-0.0115285909761824	444.938634211304	0.875173191301379	0.969266093305327
FKBP14	betareg	33	19	0.142834998229491	0.14804936321348	0.334655240140765	0.332725863992734	-0.0198837955464814	125.794005160726	0.875173191301379	0.969266093305327
TMEM97	betareg	33	19	-0.0760121714148402	0.0788468151689054	0.335021499279821	0.342326730661425	0.0114079008896778	1013.15168917082	0.875173191301379	0.969266093305327
GAREM1	betareg	33	19	0.102990084219415	0.106872044685116	0.335208110419957	0.34094270181032	-0.0166706735400014	587.068246016039	0.875173191301379	0.969266093305327
SORBS2	betareg	33	19	0.0940642792787618	0.097611015982374	0.335214114934026	0.336137510074371	-0.0175174942923768	270.044508777932	0.875173191301379	0.969266093305327
TSNAX	betareg	33	19	-0.0952280946355124	0.0988298479004982	0.335268566774605	0.334079541503415	0.0167892288428382	455.214285442683	0.875173191301379	0.969266093305327
DHX33	betareg	33	19	0.104781145057032	0.108777236478305	0.335415289193582	0.337038896515934	-0.0193851074379609	79.2641509911365	0.875173191301379	0.969266093305327
COL3A1	betareg	30	18	0.149374091797703	0.155076404278895	0.335432608392616	0.340666623582217	-0.0260666693439029	63.388372574995	0.875173191301379	0.969266093305327
SFMBT2	betareg	33	19	-0.122309722987286	0.127009720123607	0.335550042122971	0.321724142333433	0.0155612650085435	212.251353899099	0.875173191301379	0.969266093305327
CAP2	betareg	33	19	0.127018531983799	0.131917419813515	0.335615787463208	0.337912855348012	-0.0231242079167873	405.559775447931	0.875173191301379	0.969266093305327
SLC6A1	betareg	33	19	-0.109678952378046	0.113909165666815	0.335616141412466	0.345006038591539	0.0129616364157085	213.048592591621	0.875173191301379	0.969266093305327
GAPVD1	betareg	33	19	-0.0901787106950789	0.0936733097630961	0.335701229611566	0.3381208862085	0.0161847223023066	262.645486400239	0.875173191301379	0.969266093305327
CSMD1	betareg	33	19	-0.119040585392099	0.123783288240172	0.33620764087466	0.336155693032305	0.0149180771322656	198.292270331931	0.875173191301379	0.969266093305327
KLF11	betareg	33	19	-0.072855821031412	0.0757783188594463	0.336334202573183	0.336686412828692	0.0126743979362181	145.077942745328	0.875173191301379	0.969266093305327
TXNDC17	betareg	33	19	0.047469556917197	0.0493873279526231	0.336467319740843	0.339234850060223	-0.0081073426779894	824.565734284465	0.875173191301379	0.969266093305327
SLC2A13	betareg	33	19	-0.114019567333005	0.118658687994841	0.336600611429422	0.336377434638904	0.0151007434282205	676.859648944154	0.875173191301379	0.969266093305327
GPR12	betareg	33	19	0.0991331355656441	0.103236795898961	0.336929396634	0.33812298180468	-0.0182663652482754	325.808393956637	0.875173191301379	0.969266093305327
PREP	betareg	33	19	0.108302103565798	0.112795999610506	0.336975156312851	0.355148354374308	-0.00389495166321362	901.310091062835	0.875173191301379	0.969266093305327
TMEM185B	betareg	33	19	0.0762304609835168	0.0794731424501237	0.337459123870397	0.339210736127381	-0.0125367327638445	274.082156938881	0.875173191301379	0.969266093305327
TMEFF2	betareg	32	19	0.176861558405615	0.184526976287805	0.337831309350422	0.391258373953963	-0.00439981156986637	1381.27640682458	0.875173191301379	0.969266093305327
TUBGCP2	betareg	33	19	0.0941446028221088	0.0982455180552775	0.337932424502064	0.336206466616965	-0.00343683135673256	329.896371456874	0.875173191301379	0.969266093305327
FUNDC2	betareg	33	19	0.12663790399475	0.132264474644442	0.338335278835254	0.337028164661989	-0.00805708999054768	1619.28302962094	0.875173191301379	0.969266093305327
RNF41	betareg	32	19	0.177683148171384	0.185680652022807	0.33860323530877	0.351213590947413	-0.00127920043910488	2121.92388236913	0.875173191301379	0.969266093305327
ZNF793	betareg	33	19	-0.123520945073182	0.129230117111363	0.339162343225074	0.343582774251316	0.0210345951585574	195.300265281031	0.875173191301379	0.969266093305327
THAP6	betareg	33	19	-0.132020682660361	0.138256856707711	0.339631158952484	0.343434757259092	0.0253518241548758	123.874479169206	0.875173191301379	0.969266093305327
TIA1	betareg	33	19	-0.0486262828414152	0.0509585464230393	0.339966148804026	0.343085273492138	0.00863381690917451	677.969314501947	0.875173191301379	0.969266093305327
BDNF	betareg	33	19	0.0832148303353323	0.0872197592245033	0.340041974106021	0.338651895936645	-0.00815168212676103	801.187620968357	0.875173191301379	0.969266093305327
RGS4	betareg	33	19	0.0344518053063437	0.0361140061047073	0.340097049443336	0.341213952289317	-0.00501630676171655	2784.66095048758	0.875173191301379	0.969266093305327
KCNJ6	betareg	33	19	0.0704600502810297	0.0738703727794143	0.340167832784968	0.342338088618268	-0.0117264053220257	1598.73176782151	0.875173191301379	0.969266093305327
TENM4	betareg	24	17	-0.197863173284147	0.207501135225261	0.340310338614769	0.361115484418217	0.0010734247999925	960.318380156998	0.875173191301379	0.969266093305327
OXCT1	betareg	33	19	0.0601761040400046	0.0631128188490718	0.340352593872014	0.351787234170225	-0.00595340764590522	2112.44854513912	0.875173191301379	0.969266093305327
SH3BGRL	betareg	33	19	0.0644885417062764	0.0677091156119401	0.340876339977854	0.341577138225586	-0.0120292503258708	2269.05831234679	0.875173191301379	0.969266093305327
RPIA	betareg	33	19	-0.0748615014144543	0.0786013834194653	0.340884202140042	0.3422862672012	0.0135119097862761	95.6027017840162	0.875173191301379	0.969266093305327
EIF1AX	betareg	33	19	0.093349762250121	0.0980304268757756	0.340968717900093	0.350551943703454	-0.0128212315641497	948.113889248097	0.875173191301379	0.969266093305327
GMEB1	betareg	33	19	0.133669937633885	0.140387270026467	0.341020197519268	0.355235042452788	-0.0124909509215833	163.977135252264	0.875173191301379	0.969266093305327
DDX46	betareg	33	19	0.100466469036224	0.105539975963178	0.34113344622971	0.341207840946404	-0.0164524386975141	69.8089624595237	0.875173191301379	0.969266093305327
SAR1A	betareg	33	19	0.14642168767617	0.153816284551776	0.341134620687869	0.340704357572873	-0.00771133135319531	2156.37988823666	0.875173191301379	0.969266093305327
SMARCA5	betareg	33	19	0.0769651506379583	0.0808598425025548	0.341181155103356	0.34555716112697	-0.0116683788493343	380.497684700987	0.875173191301379	0.969266093305327
KALRN	betareg	33	19	-0.100946814358279	0.106070171554448	0.34124995244158	0.339585346683702	0.0156915508781221	523.351553856693	0.875173191301379	0.969266093305327
COX18	betareg	33	19	-0.1413079487906	0.148617920431694	0.341698977287494	0.345930731510597	0.0270498947990931	169.778344771173	0.875173191301379	0.969266093305327
HMGB1	betareg	33	19	0.107623138584293	0.113250002707269	0.341952388630514	0.345447525729874	-0.0181500127610196	1107.16594954147	0.875173191301379	0.969266093305327
USB1	betareg	33	19	0.0413706785380914	0.0435519150133586	0.342154730463649	0.345293151443819	-0.00733824432328591	1752.62048179101	0.875173191301379	0.969266093305327
ACBD3	betareg	33	19	0.0673639317578512	0.0709841815103496	0.342621016867221	0.348558451058507	-0.0103808586054209	550.622018004287	0.875173191301379	0.969266093305327
WIPI2	betareg	33	19	0.0762248680450422	0.0803744167989967	0.342939971559922	0.344718126026159	-0.0136445026831927	742.365871035428	0.875173191301379	0.969266093305327
MSANTD4	betareg	33	19	0.0518623447927004	0.0547170748091739	0.343217310200601	0.343980540589232	-0.00923465642278879	755.785673475051	0.875173191301379	0.969266093305327
TMEM8B	betareg	33	19	0.094476235391125	0.09968622052606	0.343263789897015	0.344975637723242	-0.0166665559559743	492.508346050109	0.875173191301379	0.969266093305327
SEC24B	betareg	33	19	0.0742038471173774	0.0783095487909739	0.343347962651387	0.34314232846025	-0.0137559555479307	159.340262512089	0.875173191301379	0.969266093305327
C19orf12	betareg	33	19	0.0568747744037263	0.0600408232648906	0.343502030366084	0.352047920610218	-0.00407087554573633	2334.99864529641	0.875173191301379	0.969266093305327
TTC30A	betareg	33	19	-0.192097223208681	0.202880678144628	0.343716090664902	0.366902068568626	0.00365561357394232	304.758064432264	0.875173191301379	0.969266093305327
NDUFAF6	betareg	33	19	0.0783464777450811	0.0827520173691768	0.343759993701263	0.345798571966467	-0.0135488092251428	189.947511281541	0.875173191301379	0.969266093305327
MSH6	betareg	33	19	0.102228316670621	0.107983266159161	0.343789033726998	0.341431124787241	-0.0117997729971721	444.498226117987	0.875173191301379	0.969266093305327
C2orf69	betareg	33	19	-0.124524463003905	0.131587193464539	0.343982023868347	0.359695535305067	0.00870541477949353	747.261770557472	0.875173191301379	0.969266093305327
FRAT2	betareg	33	19	0.0606193373265392	0.0640613330290502	0.344010733727702	0.346901245360889	-0.0111309165384925	336.612188925785	0.875173191301379	0.969266093305327
RSPH3	betareg	33	19	-0.115986165282165	0.122624263260511	0.344216754488493	0.351798483900024	0.0197545495226105	224.195242002332	0.875173191301379	0.969266093305327
ZNF268	betareg	33	19	-0.120903922118444	0.127824252117076	0.344219698402432	0.347174662873376	0.00897652946339987	441.311039699388	0.875173191301379	0.969266093305327
SLITRK5	betareg	33	19	0.104379052501136	0.110406260480639	0.344450200771081	0.357706625538313	-0.016554537638882	1159.13809601159	0.875173191301379	0.969266093305327
UEVLD	betareg	33	19	0.0798353154931898	0.0844510492641837	0.34448314424393	0.346050738274781	-0.0131973793556543	138.237159760951	0.875173191301379	0.969266093305327
ZNF134	betareg	33	19	-0.0379736808637194	0.0401715735669717	0.344512187974523	0.346885988060754	0.00684575457985446	589.355688718775	0.875173191301379	0.969266093305327
VTA1	betareg	33	19	-0.132509391369486	0.140182413691532	0.344524104366721	0.349953638527997	0.004214674098488	2568.6350438832	0.875173191301379	0.969266093305327
ACTR10	betareg	33	19	0.0922974311872005	0.0976695946360429	0.344660631003216	0.339801816148339	-0.00662998684950413	1477.51464588616	0.875173191301379	0.969266093305327
RSRC1	betareg	33	19	0.112316759352341	0.118899177775508	0.344843385453576	0.34845361833374	-0.0214014092325851	125.368989905548	0.875173191301379	0.969266093305327
HIPK1	betareg	33	19	0.0902055919973524	0.095527128782011	0.345019979590798	0.344208899820369	-0.0113503847969411	341.19353733325	0.875173191301379	0.969266093305327
CLOCK	betareg	33	19	-0.098364139173418	0.104270407677886	0.345498720987146	0.346889972230981	0.0173064072211303	302.343994342596	0.875173191301379	0.969266093305327
LGALS8	betareg	33	19	0.0435819821707888	0.046213362094296	0.345650115384344	0.347746362296398	-0.00788292178367535	746.868630915512	0.875173191301379	0.969266093305327
CCDC171	betareg	32	19	-0.157521821556811	0.1670389138759	0.345668269396852	0.336679220064627	0.0114926751267809	50.5933071472478	0.875173191301379	0.969266093305327
TMEM64	betareg	33	19	-0.107185437096355	0.113676170062433	0.34573126136582	0.356445122886888	0.0145391031345616	430.042096174999	0.875173191301379	0.969266093305327
CKAP2	betareg	33	19	0.0877700684916314	0.0931440628718012	0.346036770974964	0.337603164020359	-0.0127025308213784	190.199190610036	0.875173191301379	0.969266093305327
TRIM13	betareg	33	19	0.0724689088351135	0.0769480134097976	0.346299904511241	0.348524366911857	-0.0129007162093628	682.35223062665	0.875173191301379	0.969266093305327
USP7	betareg	33	19	-0.0850304584492309	0.0903204414897738	0.346484062483253	0.352627698425597	0.0107307045434163	570.673532293269	0.875173191301379	0.969266093305327
SERF2	betareg	33	19	0.0898713015085994	0.0955060899410392	0.346704478889899	0.347211394572445	-0.00840176857988756	6700.00869618684	0.875173191301379	0.969266093305327
ARPC5	betareg	32	19	0.168067561607011	0.178653585690216	0.346835282167331	0.359214302554127	-0.000303472519333006	5546.09150161397	0.875173191301379	0.969266093305327
PIAS2	betareg	33	19	-0.144828820101263	0.153978748868113	0.346921838119243	0.350179102056636	0.0166993776787116	327.0567374712	0.875173191301379	0.969266093305327
GNPDA2	betareg	33	19	0.120486215094736	0.12821827006757	0.347373439129623	0.349129951232342	-0.0107345177157469	117.779925511285	0.875173191301379	0.969266093305327
SRCIN1	betareg	33	19	-0.125644546477947	0.13370957726932	0.347380457162198	0.342544579829441	0.0198754170744246	898.592043059669	0.875173191301379	0.969266093305327
CMC2	betareg	33	19	0.178054806072658	0.189532214487254	0.347503090238115	0.367008861725886	-0.0101515128711167	844.206092817283	0.875173191301379	0.969266093305327
SUGP2	betareg	33	19	-0.0551189447917963	0.058671989288561	0.347503736726843	0.353334403018241	0.00827819982187829	717.406113152544	0.875173191301379	0.969266093305327
TADA2A	betareg	33	19	0.0865283192928243	0.092113831697695	0.347544436315864	0.347233171678683	-0.0159697795639142	164.791133502459	0.875173191301379	0.969266093305327
EPN1	betareg	33	19	0.177305214895868	0.188751401393291	0.347546762561931	0.35547020245868	-0.00644611857655512	296.91800625417	0.875173191301379	0.969266093305327
MOSMO	betareg	33	19	0.122951844966094	0.130905186994988	0.347605743770706	0.350570954939756	-0.0245252308412373	210.839457487991	0.875173191301379	0.969266093305327
C1orf52	betareg	33	19	0.0714722889007369	0.0761069422325043	0.347677654168473	0.347046612168304	-0.00924835179883064	723.032190829783	0.875173191301379	0.969266093305327
AK4	betareg	33	19	-0.102773791754354	0.109446167179623	0.347712727123703	0.350490416283578	0.0170356941936196	330.558527930461	0.875173191301379	0.969266093305327
BCL7A	betareg	33	19	-0.123875314544055	0.132040429464944	0.348161159030608	0.356791915777868	0.0162282569051402	866.496605545323	0.875173191301379	0.969266093305327
RIOK2	betareg	33	19	0.100423281049048	0.107142456109581	0.348610709205841	0.3514391430841	-0.0197060436204587	129.029085230392	0.875173191301379	0.969266093305327
RNF216	betareg	33	19	-0.079124293654332	0.0844387446125744	0.348726942378248	0.354377053319167	0.00971788663064833	496.283240092727	0.875173191301379	0.969266093305327
UBA2	betareg	33	19	0.17240043606842	0.184047599129248	0.348904369673844	0.375828420785883	-0.00235278263812971	527.080942896663	0.875173191301379	0.969266093305327
KAZN	betareg	33	19	-0.108887874831502	0.116346899148194	0.349329935341061	0.351209949358739	0.0151756316782644	155.590594780291	0.875173191301379	0.969266093305327
MLLT6	betareg	33	19	0.0858647026582671	0.0918456456314988	0.349849890048242	0.353471782722129	-0.0147874885804153	180.889784717297	0.875173191301379	0.969266093305327
ASAP1	betareg	33	19	-0.0709982770279775	0.0759512901527875	0.349898091602357	0.352636914050818	0.0120439544595547	679.995857030815	0.875173191301379	0.969266093305327
GGACT	betareg	33	19	-0.122491180125872	0.131042755943293	0.349921227867064	0.352528774804484	0.0196889872342771	133.351478638949	0.875173191301379	0.969266093305327
PACSIN1	betareg	33	19	-0.0997909304848703	0.106820954278504	0.350206553590221	0.343189669846297	0.00364638972564309	407.46255777485	0.875173191301379	0.969266093305327
RTL10	betareg	33	19	-0.0958980079535178	0.102676847949699	0.350314784996201	0.356295229241952	0.0164999916877908	620.62669966774	0.875173191301379	0.969266093305327
SOCS2	betareg	33	19	0.123556219094077	0.132335371299638	0.35047939686958	0.366233490318979	-0.00105558562688388	1345.43809552725	0.875173191301379	0.969266093305327
CCDC184	betareg	33	19	0.0342031895865091	0.0366438153741134	0.350615560508327	0.352516802469548	-0.00624615786852208	3396.41783803859	0.875173191301379	0.969266093305327
MMAA	betareg	33	19	-0.135829288091843	0.145620496867032	0.350942786551364	0.348781186796084	0.0155444509513515	230.180591514411	0.875173191301379	0.969266093305327
SH3PXD2A	betareg	33	19	-0.0619117292928029	0.0664076928693251	0.35118277408103	0.355343446827469	0.00943945317072818	702.720046115411	0.875173191301379	0.969266093305327
COL5A1	betareg	33	19	0.19468970682689	0.208888727828503	0.351323134904707	0.353968399642851	-0.022552270313333	85.5270280648971	0.875173191301379	0.969266093305327
BAG4	betareg	33	19	-0.113924520772359	0.122316920595115	0.351652859037342	0.346569698704886	0.0131771182174495	554.870704122422	0.875173191301379	0.969266093305327
FGF13	betareg	33	19	0.093568542192729	0.100498879788947	0.351832538028368	0.366193531368161	-0.000902620990239156	10296.7587181482	0.875173191301379	0.969266093305327
GRB10	betareg	33	19	0.0703944968926049	0.0756905276648552	0.352355309396007	0.354879531634944	-0.0114788982957458	815.703227877998	0.875173191301379	0.969266093305327
UBE4A	betareg	33	19	-0.0795980462964203	0.0856279308719417	0.352588379038435	0.347824259846575	0.00260590130849277	1168.1669614966	0.875173191301379	0.969266093305327
GRK3	betareg	33	19	-0.0938184559626444	0.101036531193513	0.353117290221826	0.357404175785262	0.0139691563788775	684.01950014039	0.875173191301379	0.969266093305327
SCN9A	betareg	33	19	-0.0757937401191123	0.0816348813072886	0.353175243305612	0.355064734639033	0.0127012557126525	883.079613542274	0.875173191301379	0.969266093305327
POGLUT1	betareg	33	19	0.10438939708958	0.112462356679643	0.353295360207525	0.355689661818205	-0.0103911484222435	319.903637051278	0.875173191301379	0.969266093305327
C18orf32	betareg	33	19	0.152609623916206	0.164434782055516	0.353362946066684	0.338034401909419	-0.00646810792225637	3638.90696020263	0.875173191301379	0.969266093305327
PDCD10	betareg	33	19	0.160892281047382	0.173474330168545	0.353682429168861	0.366955917529912	-0.00657299706208826	394.14223281665	0.875173191301379	0.969266093305327
DGCR2	betareg	33	19	-0.0512514050163685	0.0552665984056955	0.353745546404637	0.355647477180407	0.00895806635722878	2620.06512878158	0.875173191301379	0.969266093305327
TMEM242	betareg	33	19	-0.0671012167942911	0.0723948414645761	0.353989659083555	0.35276474733233	0.00755178144480528	1320.88177315247	0.875173191301379	0.969266093305327
ZNF682	betareg	33	18	-0.150591728401117	0.162491585403314	0.354047876072826	0.370027243788385	0.0118210985155441	102.775742127869	0.875173191301379	0.969266093305327
MAP3K9	betareg	33	19	0.076337791197482	0.0823746002308297	0.354074441954154	0.356279989637438	-0.0136637462151759	834.544296921305	0.875173191301379	0.969266093305327
UBN2	betareg	33	19	0.167206538980152	0.180501692066861	0.354267583232117	0.348967625189823	-0.013437147832006	326.618672246855	0.875173191301379	0.969266093305327
CUL2	betareg	33	19	0.11636184022004	0.125641637179073	0.354372838583392	0.353839619059644	-0.00877473994492382	451.514504405282	0.875173191301379	0.969266093305327
CACNA1D	betareg	33	19	0.148602601986363	0.160463634391866	0.35440298374591	0.358252722422834	-0.0244479082042988	57.9789109921406	0.875173191301379	0.969266093305327
DNAJC15	betareg	33	19	-0.0699187788328425	0.0755500262364417	0.354724949956174	0.356055730945335	0.0123660160469266	369.246452718313	0.875173191301379	0.969266093305327
XRRA1	betareg	33	19	-0.0817238939565353	0.0883477107344158	0.354952592334373	0.348902539425199	0.00884157679184252	347.42660761623	0.875173191301379	0.969266093305327
VAMP2	betareg	33	19	-0.0640626187230549	0.0692831238360039	0.355148158854931	0.3569136194037	0.00282613404495184	9185.80280993876	0.875173191301379	0.969266093305327
SORCS1	betareg	33	19	-0.127043866861645	0.137425994641895	0.355250534546113	0.357895142897762	0.0111446889803325	185.628215455263	0.875173191301379	0.969266093305327
KIF21A	betareg	33	19	0.0732713568662455	0.0792616889304638	0.35526593655943	0.356100325618829	-0.0133038454922119	872.286029746733	0.875173191301379	0.969266093305327
PSMD10	betareg	33	19	0.0487794171895389	0.0527818977590026	0.355398101039804	0.349690047077853	-0.00584897933841743	1637.90215369884	0.875173191301379	0.969266093305327
SPPL2A	betareg	33	19	0.143721667777087	0.1555662981933	0.355558583659543	0.354085629281088	-0.0304479260974003	58.3775700670543	0.875173191301379	0.969266093305327
CD2BP2	betareg	33	19	0.0426618943450876	0.0461907733967892	0.355693530958822	0.356576073542656	-0.0050088013740376	1019.3569245638	0.875173191301379	0.969266093305327
PPCS	betareg	32	19	0.196794803753587	0.21319874488679	0.3559769885777	0.376508149291172	-0.00109934365262231	1098.73649664704	0.875173191301379	0.969266093305327
SREK1	betareg	33	19	-0.0929661117263536	0.100730156101524	0.356047675828115	0.346642636977402	0.00601340221388751	259.215525453574	0.875173191301379	0.969266093305327
ZMYM4	betareg	33	19	-0.0552043243234427	0.0599055278075758	0.356777415941334	0.356710607659744	0.00949033537523943	358.003854860748	0.876408686811055	0.970634421217862
ZNF75D	betareg	33	19	-0.0902268611320355	0.0980625744276821	0.357523241080576	0.359494517053809	0.0161340416311286	104.778415271289	0.876702937243575	0.97096030753387
KIRREL1	betareg	33	19	-0.11636195327528	0.126470189224224	0.357534005906503	0.359871922969553	0.0120549465935463	183.718323811698	0.876702937243575	0.97096030753387
FOXJ3	betareg	33	19	-0.0771671749711703	0.0839109093899236	0.357764989184309	0.358952965704481	0.0136204204146315	480.410797087247	0.876702937243575	0.97096030753387
ZNF142	betareg	33	19	-0.127104069326991	0.13825863261512	0.357927678192878	0.352187378379762	0.0245783605007891	175.757432038547	0.876702937243575	0.97096030753387
KCTD15	betareg	33	19	0.0905112284107689	0.0984760227880962	0.358033094214642	0.378142414915648	-0.00660346701226521	213.964028521476	0.876702937243575	0.97096030753387
MECP2	betareg	33	19	0.0537540666170862	0.0585826363199179	0.358840480569322	0.360217581199068	-0.00785702272830855	815.416183275332	0.878122771070337	0.972532792614637
ANXA11	betareg	32	19	0.175298690550972	0.191141634953834	0.359082847605445	0.370074932399946	-0.00764160045631124	79.46506389999	0.878159016138481	0.972572934515634
PTPDC1	betareg	33	19	-0.136152604705382	0.148606642927889	0.359564833988314	0.351761797896885	0.00995105830939303	134.249403889272	0.87878084790917	0.973261621574447
TRNAU1AP	betareg	33	19	-0.0901160173236703	0.0985742497641154	0.360614758386266	0.360628982591275	0.0180155777040171	184.076533547502	0.880789061488678	0.975485745153734
SH3GLB1	betareg	33	19	-0.0776833784975037	0.0850301348498083	0.360928010394197	0.360415585966631	0.0119108917214757	1574.11667614986	0.880996575902502	0.975715570161161
PLEKHB2	betareg	33	19	0.0403211141578799	0.0441606089534666	0.36121302808148	0.362328034439015	-0.00347408045519206	7325.91575397947	0.881134953803825	0.975868825550092
RPS6KA5	betareg	33	19	-0.0921909977935819	0.101029759929329	0.361498581005571	0.361366028700244	0.0168338226319613	115.339500967594	0.881274461695067	0.976023332418074
KBTBD2	betareg	33	19	0.0456023653839241	0.0500794303892946	0.362505790867292	0.363326483702675	-0.0068641190046721	777.768936091143	0.883171964457737	0.978124842277024
IFNAR2	betareg	33	19	0.102017813268141	0.112125646381689	0.362900239031063	0.368127069731876	-0.018524680656331	168.129289433747	0.883201058512602	0.978157064334531
IGF2BP1	betareg	33	19	-0.159622538772259	0.175508938145449	0.363094796916833	0.365349927582858	0.023216987685822	61.8981270644243	0.883201058512602	0.978157064334531
ATRNL1	betareg	33	19	-0.0628796322535775	0.0691945490670316	0.363489080547154	0.364965714858568	0.0100986242051311	569.281080509968	0.883201058512602	0.978157064334531
MIA3	betareg	33	19	-0.0695552281685701	0.0765649936617505	0.363642176825706	0.364311492034203	0.0101357597226865	296.253313645048	0.883201058512602	0.978157064334531
CLINT1	betareg	33	19	-0.147273538826072	0.162204437311934	0.363904573995485	0.392045554625311	0.0175185100656072	447.074911422201	0.883201058512602	0.978157064334531
WSB2	betareg	33	19	0.0324676009468803	0.0357702159920127	0.364051874643871	0.362465138824988	-0.005067119615813	4058.4964069117	0.883201058512602	0.978157064334531
USP40	betareg	33	19	0.083002618927103	0.0914586163595258	0.364119768216247	0.365641111912125	-0.0144095128432024	97.7481822475282	0.883201058512602	0.978157064334531
AGGF1	betareg	33	19	-0.083505463149767	0.0921075398499824	0.36461395362171	0.367092985588468	0.0143806256816218	137.802006902611	0.883531475467965	0.978523005561558
LYRM7	betareg	33	19	-0.0919392231839202	0.10143121260348	0.364713885788386	0.364222632076063	0.0150706900651234	450.206677209741	0.883531475467965	0.978523005561558
ZNF324B	betareg	32	19	-0.128074068037726	0.141455535212225	0.365252667942489	0.360430592140462	0.0134722843558907	80.789351034467	0.884281588516958	0.979353765863361
SLC30A4	betareg	33	19	-0.146707091251526	0.162295093978715	0.366020473613572	0.347572567448216	0.00722983943099167	446.403568875979	0.884829242901506	0.979960300468245
MON1B	betareg	33	19	-0.0801376603284758	0.0887259172074191	0.366417294424736	0.374544592153428	0.0109849356334348	829.215256885363	0.884829242901506	0.979960300468245
ANKRD44	betareg	33	19	-0.129589637007718	0.143497755629983	0.366484607014366	0.369361281837914	0.0225470907313414	182.651269635105	0.884829242901506	0.979960300468245
PPP1R7	betareg	33	19	0.075089481348993	0.0831690617403327	0.366603634206015	0.371241531823416	-0.0044851603620151	934.123161550031	0.884829242901506	0.979960300468245
PAQR8	betareg	33	19	0.0586235721647479	0.0649343663925601	0.36662529725052	0.379557422033802	-0.00595890692057819	922.632025177408	0.884829242901506	0.979960300468245
KDM2A	betareg	33	19	-0.0969325875812714	0.107455499857582	0.367018671543434	0.368331510133702	0.015911580911641	200.736019927029	0.885225017676374	0.980398626360399
ATRN	betareg	33	19	-0.0585411227789518	0.0649809720189184	0.367643413527814	0.365505017949919	0.00838612215296379	349.093053180798	0.885913072474697	0.981160656313988
GLG1	betareg	33	19	0.0707098278337952	0.0785079106048526	0.367763072394714	0.372380128775719	-0.0128904047522982	1599.53144784522	0.885913072474697	0.981160656313988
MPLKIP	betareg	33	19	0.110711636418202	0.123037800444506	0.368217075165085	0.369855715590036	-0.00962452256434196	560.929982368837	0.886453388683227	0.981759063790127
SOX4	betareg	33	19	0.0873493854373294	0.0971947548773854	0.368809959668708	0.37757271690581	-0.00884464660319643	8249.42550167335	0.887327169487045	0.982726787795547
ZNF527	betareg	33	19	-0.137596265941164	0.153266893618107	0.369315672763589	0.378159918596147	0.0174462582369275	138.809580794968	0.887841283965967	0.983296176503347
ARF3	betareg	33	19	0.0369072397803781	0.0411249876654922	0.369483776196625	0.373628381328207	-0.00615740002332989	3106.26296487534	0.887841283965967	0.983296176503347
CHST15	betareg	33	19	0.0563052853672594	0.0628485443389336	0.370312340090242	0.375061570142914	-0.0102260080432311	452.428302191893	0.887903038137677	0.983364570080017
LRRC49	betareg	33	19	0.0813750973223349	0.0909813409534126	0.371099764827486	0.372235553277883	-0.0125156194509441	262.372019298733	0.887903038137677	0.983364570080017
SSBP2	betareg	33	19	-0.0721205637261894	0.080638544534433	0.371124829448517	0.373423256130367	0.0112793381209745	1114.24372329046	0.887903038137677	0.983364570080017
MTRR	betareg	33	19	0.0873382995004292	0.0976643339785301	0.371177361968017	0.371977121771961	-0.0107669458595945	106.429700502785	0.887903038137677	0.983364570080017
ACAA2	betareg	33	19	0.146618823463997	0.164042638420496	0.37143702151946	0.37049698648973	-0.0103717340149316	151.685345515795	0.887903038137677	0.983364570080017
AIMP1	betareg	33	19	0.100644653300464	0.112617404098529	0.371489652379651	0.36780835851044	-0.0192911086619457	148.490925728521	0.887903038137677	0.983364570080017
TSR2	betareg	33	19	0.0481157482382509	0.0538734907131162	0.371790367072447	0.372061435435312	-0.0074774523197111	1431.76672141216	0.887903038137677	0.983364570080017
DOC2B	betareg	33	19	-0.203790416539108	0.228198691049951	0.37183608665845	0.388247374932214	0.00332533381748391	1477.32242913129	0.887903038137677	0.983364570080017
CDKL1	betareg	33	19	0.104566306857003	0.117250685791199	0.372490333185842	0.383646044435485	-0.0109967393982831	151.801692137246	0.887903038137677	0.983364570080017
MAP3K13	betareg	33	19	-0.0685288953863213	0.076861798339259	0.372614932315472	0.377368081117327	0.00929570770037906	432.161023635517	0.887903038137677	0.983364570080017
ORC2	betareg	33	19	-0.112261862946332	0.125939446849993	0.372717002271432	0.373492251859219	0.0175778516662659	60.8151575915493	0.887903038137677	0.983364570080017
TBC1D12	betareg	33	19	0.157774595332397	0.177085571694019	0.372955372902564	0.400301739492743	-0.0129148023182295	252.184977407104	0.887903038137677	0.983364570080017
RPS27L	betareg	33	19	0.151219825267064	0.170004843132597	0.373732788607924	0.360484479752865	-0.00429039945035321	253.603626838854	0.887903038137677	0.983364570080017
WDFY1	betareg	33	19	0.0662313292576438	0.0744738356356177	0.373829266327907	0.368445682844714	-0.00910256637858991	707.998853254582	0.887903038137677	0.983364570080017
NIPA1	betareg	33	19	-0.0505954779714287	0.0569083649779453	0.373965858057079	0.375963195299121	0.00902088524094683	1877.99462739159	0.887903038137677	0.983364570080017
CEP85L	betareg	33	19	-0.123337865133409	0.138904611972685	0.374577271395298	0.362597816746323	0.00897616637232639	224.002643709389	0.887903038137677	0.983364570080017
ZNF236	betareg	33	19	-0.119537551009253	0.134681645075208	0.374779435479019	0.37221018964964	0.0154905275713218	63.0554073479513	0.887903038137677	0.983364570080017
PROSER1	betareg	33	19	0.0814545578223518	0.0917754504070698	0.374787217023542	0.374039683080484	-0.015083046904013	128.918943874087	0.887903038137677	0.983364570080017
CDC37L1	betareg	33	19	-0.0776411156342886	0.087512380711135	0.374970423780236	0.376780193612168	0.0129153113430084	338.30781123163	0.887903038137677	0.983364570080017
UBE2L3	betareg	33	19	0.0503813809649962	0.0567899490306303	0.374996463397233	0.3803698222771	-0.00820230077837177	2548.37918638782	0.887903038137677	0.983364570080017
FARP1	betareg	33	19	0.0713170296337279	0.080430474898971	0.375244940904473	0.37689512244465	-0.0128922643520795	1992.25615131916	0.887903038137677	0.983364570080017
RGS16	betareg	33	19	0.0843441476010154	0.0951501331647966	0.375384641711737	0.373422231495433	-0.0136651108920532	277.142042837171	0.887903038137677	0.983364570080017
YPEL1	betareg	33	19	0.0653729944866858	0.0738378079947618	0.375962843527784	0.37713689670385	-0.0129080384499609	1013.93605293657	0.887903038137677	0.983364570080017
ZNF385D	betareg	33	19	-0.0938157770733635	0.105988031131472	0.376073337229673	0.375317771138847	0.0140867618129444	576.170326317285	0.887903038137677	0.983364570080017
RBM14	betareg	33	19	0.154832415056318	0.174927948582514	0.37609133035178	0.398668354355325	-0.00131026437796342	502.316418539268	0.887903038137677	0.983364570080017
NR6A1	betareg	33	19	-0.159574539564518	0.18031332360055	0.376164862508398	0.367164818333164	0.0164940526548233	104.428772382982	0.887903038137677	0.983364570080017
RABIF	betareg	33	19	0.0625302613852769	0.0706986847260773	0.376447162292959	0.378604824034668	-0.0108852680142153	986.019113022531	0.887903038137677	0.983364570080017
INCENP	betareg	33	19	-0.189363885375332	0.214184406008214	0.376633533729464	0.386137515965636	0.00473222451348604	72.1530502755537	0.887903038137677	0.983364570080017
DIS3	betareg	33	19	0.109195577425953	0.123527526890668	0.376708258291407	0.376797619342893	-0.0188039104509978	226.314039768549	0.887903038137677	0.983364570080017
DLGAP4	betareg	33	19	0.0618631299771905	0.0700231998681922	0.376984439272172	0.377383480117693	-0.0114995460172475	1225.57879125073	0.887903038137677	0.983364570080017
VSTM2A	betareg	33	19	0.0344893650616484	0.0390532399119659	0.377162200965	0.379995899952924	-0.00606753398691543	1079.65475307183	0.887903038137677	0.983364570080017
PSENEN	betareg	33	19	-0.099216699096937	0.112397656104331	0.377382572444476	0.393487204425533	0.0046523076604083	1933.10733012009	0.887903038137677	0.983364570080017
FAM107B	betareg	33	19	0.0373051640860936	0.0422647277053629	0.377422819413443	0.377447108009437	-0.00462442551402148	988.840000967402	0.887903038137677	0.983364570080017
DTD2	betareg	33	19	-0.0973767406231006	0.110348186795903	0.377533589518148	0.379734107700236	0.0154457913962381	180.075549615874	0.887903038137677	0.983364570080017
PLEKHM3	betareg	33	19	-0.118069970619671	0.133823314243742	0.377624047997769	0.382843175028361	0.0197675994810235	527.736146847989	0.887903038137677	0.983364570080017
MAPRE2	betareg	33	19	-0.0326082476416793	0.0369892738047361	0.378015036508553	0.380583369195739	0.00439389774113043	8457.62684699559	0.887903038137677	0.983364570080017
ARID4A	betareg	33	19	0.0921495019435455	0.104531719828874	0.37802245873689	0.381252043177119	-0.0175566151859669	116.636587437848	0.887903038137677	0.983364570080017
PLEKHA1	betareg	33	19	0.0941143173320799	0.107217882617804	0.380060060722878	0.385686820590586	-0.0137657024507322	1232.42795065892	0.889557321607373	0.985196711297125
IGLON5	betareg	33	19	0.0707663779733997	0.0807065407056784	0.380575872774211	0.379815472863687	-0.00628118281866897	640.695201093724	0.889557321607373	0.985196711297125
ELAVL3	betareg	33	19	0.0415954708510627	0.0474567869918587	0.380762890285038	0.381973762284095	-0.00770684307122747	585.328683735938	0.889557321607373	0.985196711297125
NUFIP1	betareg	33	19	0.105527855881932	0.120416583474881	0.38083625746791	0.384713235023647	-0.00991710305842776	65.7183413288991	0.889557321607373	0.985196711297125
LRRN1	betareg	33	19	-0.121492402284456	0.138641598762933	0.380863949365347	0.382718080685311	0.000553646525408937	3829.9025904281	0.889557321607373	0.985196711297125
POU2F2	betareg	33	19	0.0952544851640348	0.10872616232129	0.380978200801021	0.384946257583579	-0.0179237478617944	163.494037984744	0.889557321607373	0.985196711297125
FAM149B1	betareg	33	19	-0.0767355504072048	0.0876105007694321	0.38109983456931	0.381588494507532	0.00378909708925318	759.513371818886	0.889557321607373	0.985196711297125
KCTD10	betareg	33	19	-0.042680297655939	0.0487538808046448	0.381343465569012	0.384385045476089	0.00715366560118369	995.271341091847	0.889557321607373	0.985196711297125
SCUBE1	betareg	33	19	-0.0750396362924999	0.0857492172775721	0.381516348464087	0.391201401634922	0.00457021246323177	1651.47668728582	0.889557321607373	0.985196711297125
CDH4	betareg	33	19	0.0709249857639871	0.0810568336855291	0.381572185315896	0.384701207704944	-0.0131494086166471	612.856717189903	0.889557321607373	0.985196711297125
EDC3	betareg	33	19	0.0453150388228898	0.0518355381661209	0.382005025070124	0.382890558669774	-0.0075883921753164	679.098036814344	0.889557321607373	0.985196711297125
RAE1	betareg	33	19	0.0585227145395437	0.0669603719447533	0.382123544568276	0.380336580450031	-0.00723106776481597	572.117163023851	0.889557321607373	0.985196711297125
ATP8A2	betareg	33	19	-0.0909975077942076	0.104217938281165	0.38258333716464	0.384716241385278	0.0150113134151325	4239.99872558319	0.889557321607373	0.985196711297125
THAP2	betareg	33	19	-0.0978162034661939	0.112072259013349	0.382774357655393	0.38150631404845	0.0155877766466127	158.177294420189	0.889557321607373	0.985196711297125
TRIP12	betareg	33	19	0.0726607856448162	0.0833399959329926	0.383284909436939	0.383850354463451	-0.0138119118558507	409.149024295609	0.889557321607373	0.985196711297125
LRP10	betareg	33	19	0.0814494526500265	0.0934210025979891	0.383288160483353	0.384929367596345	-0.0150332695036858	152.044638026441	0.889557321607373	0.985196711297125
DYNC1H1	betareg	33	19	0.0797913618443179	0.0915827539064812	0.383618335170934	0.390628101887574	-0.0108711496501166	1726.62541267866	0.889557321607373	0.985196711297125
SMG7	betareg	33	19	-0.0475581508347741	0.0546686025037884	0.384335725892577	0.386537064852656	0.00824846135153655	490.640923741481	0.889557321607373	0.985196711297125
CIT	betareg	33	19	-0.0508059349826991	0.058471335136124	0.384900034467228	0.385030653907186	0.00898427291590222	351.616354241246	0.889557321607373	0.985196711297125
IP6K1	betareg	33	19	0.0527355723781502	0.0607048698440967	0.384999958294307	0.383409241585874	-0.00764536257136997	1417.2574851304	0.889557321607373	0.985196711297125
DNAJC30	betareg	33	19	0.124998838999114	0.14399344431875	0.385346699980842	0.3748852423983	-0.0117281269023515	581.531524888517	0.889557321607373	0.985196711297125
DGKH	betareg	33	19	0.155127065452738	0.17888309439599	0.385833520406314	0.39698996667679	-0.0185089987875534	186.769255816115	0.889557321607373	0.985196711297125
PDE3B	betareg	33	19	0.0718031043133894	0.0828081382055155	0.385886111254324	0.383996248713129	-0.0107963985352359	153.467731134806	0.889557321607373	0.985196711297125
ZNF234	betareg	33	19	-0.113496393561799	0.130899011963645	0.38591291839442	0.388924580718375	0.017130012982565	217.381041942779	0.889557321607373	0.985196711297125
RAPGEF2	betareg	33	19	-0.0753553283494429	0.0869361917167954	0.386057670167347	0.381641533286156	0.00810184876664977	312.961388944328	0.889557321607373	0.985196711297125
KNDC1	betareg	33	19	-0.0579016029656734	0.0668241552754902	0.386228557089907	0.387631913420484	0.0106243808414951	175.360371456835	0.889557321607373	0.985196711297125
DTWD1	betareg	33	19	0.0930699802195133	0.107419459294043	0.386261858607606	0.399309639162631	-0.0139173611659834	120.672283042642	0.889557321607373	0.985196711297125
WDR5	betareg	33	19	0.0609286026005459	0.0703309975595567	0.386318966979659	0.38810163105826	-0.0114196466728135	423.851820057895	0.889557321607373	0.985196711297125
ADCY5	betareg	33	19	-0.0443414871414658	0.0512252127767989	0.386699457348218	0.39274685561975	0.00563029037961791	733.307995573829	0.889557321607373	0.985196711297125
EFHD2	betareg	33	19	0.0622923654555369	0.0719682452168067	0.386735073306123	0.383130292947417	-0.0107931706943435	240.573129796222	0.889557321607373	0.985196711297125
PDE7A	betareg	33	19	0.173925883639757	0.200976845139045	0.386817856321244	0.401247435752392	-0.00657172541334744	277.308368167032	0.889557321607373	0.985196711297125
RDX	betareg	33	19	0.135270197466925	0.156314485856146	0.386834580150376	0.371582393536925	-0.0143714436738626	507.36155190315	0.889557321607373	0.985196711297125
HAS3	betareg	33	19	-0.0791948641979266	0.0915925014683261	0.387234470206465	0.387972963865876	0.0123929548428321	303.479735585571	0.889557321607373	0.985196711297125
DYNC1LI2	betareg	33	19	-0.0485665128848894	0.056175503283597	0.387286006456898	0.388995600958382	0.00821452404460817	1654.06454613459	0.889557321607373	0.985196711297125
KIAA1549	betareg	33	19	-0.0832224495184187	0.0963337957572479	0.387644632599197	0.386652607627707	0.00739029252969105	939.729928648408	0.889557321607373	0.985196711297125
ZNF529	betareg	24	17	-0.211711170207245	0.24507067312553	0.387654897205443	0.387023403508548	0.00445893686379395	291.570717496978	0.889557321607373	0.985196711297125
NRDE2	betareg	33	19	0.0328542079039958	0.0380402854858994	0.387769854997995	0.38792738830285	-0.00529685288993578	518.034461519799	0.889557321607373	0.985196711297125
GABRB3	betareg	33	19	-0.0483278291336217	0.0560718050049916	0.38874705992824	0.38871235522938	0.00692603974993724	4879.19877418679	0.889557321607373	0.985196711297125
AARD	betareg	23	18	0.198525435731944	0.230377171231964	0.388830101796648	0.38968372067921	-0.00637105974312657	53.3729665336041	0.889557321607373	0.985196711297125
RAB11FIP1	betareg	33	19	0.115076122071813	0.133561137171191	0.388908304554196	0.387820307203038	-0.0255291897829719	76.7882314262179	0.889557321607373	0.985196711297125
RNF11	betareg	33	19	0.0679327179683079	0.0788829863420571	0.389137044098853	0.392004996973541	-0.013362453579087	1730.79368192238	0.889557321607373	0.985196711297125
ST8SIA3	betareg	33	19	0.10157797294577	0.118023456890827	0.389425775283484	0.392861412762414	-0.0187508848191138	705.493610481562	0.889557321607373	0.985196711297125
ULK1	betareg	33	19	0.0441577981325051	0.0513222196983902	0.389566864650074	0.390788990300312	-0.00821277511624901	254.609467199155	0.889557321607373	0.985196711297125
LMTK2	betareg	33	19	-0.0772051715244711	0.0897828866530946	0.389838843211816	0.390978590006155	0.0133830426861866	393.753055174866	0.889557321607373	0.985196711297125
DCHS2	betareg	33	19	-0.0980603733472387	0.114053710783686	0.389913836064293	0.396838312911382	0.0177110608666957	142.501479742117	0.889557321607373	0.985196711297125
KMT5B	betareg	33	19	0.0821826054339771	0.0955955998737738	0.389959809136383	0.392562168520305	-0.00629732795101708	1178.3661225334	0.889557321607373	0.985196711297125
CARF	betareg	33	19	-0.0953017117075553	0.110873525658122	0.390035293093842	0.391891332451628	0.0166594316179769	109.187650002909	0.889557321607373	0.985196711297125
STRIP1	betareg	33	19	0.0302833395368553	0.0352994715140539	0.390948890007032	0.391235137102987	-0.00544338247519257	855.957755124421	0.889557321607373	0.985196711297125
KCNMA1	betareg	33	19	-0.092938693249758	0.108388794612463	0.391192560046263	0.391729921609919	0.016232763447327	472.878561819059	0.889557321607373	0.985196711297125
SLC30A8	betareg	31	17	-0.23356232529398	0.272890719877849	0.392062909997424	0.386841327245412	0.0311170954657243	57.527500982081	0.889557321607373	0.985196711297125
FAM124A	betareg	33	19	-0.089384726739593	0.104504972437582	0.392376487818643	0.392245378831083	0.0146389187413613	148.817590620049	0.889557321607373	0.985196711297125
SGPP1	betareg	33	19	-0.116993221453156	0.136787766736686	0.392390571866631	0.410486852938488	0.018064108077865	322.968585535357	0.889557321607373	0.985196711297125
VIRMA	betareg	33	19	-0.120844644912979	0.141329709397823	0.392520816743257	0.401391020227423	0.018581296415786	72.007759071752	0.889557321607373	0.985196711297125
ZBED3	betareg	33	19	0.128399472668968	0.150245316475538	0.392773271880432	0.392986275870501	-0.0187829934581365	275.46760410851	0.889557321607373	0.985196711297125
GIGYF1	betareg	33	19	0.128490015122566	0.150402328854984	0.39293397872426	0.389837285659042	-0.0231614089194885	139.108801628886	0.889557321607373	0.985196711297125
MED7	betareg	33	19	0.0578362874163355	0.0677008093607958	0.392942992996112	0.392843063602288	-0.00872561398677648	603.826850014081	0.889557321607373	0.985196711297125
FBXL19	betareg	33	19	0.06854845637305	0.0802501963884184	0.393002890835813	0.393996433574631	-0.0111421090015047	113.809173763548	0.889557321607373	0.985196711297125
UBR7	betareg	33	19	0.0484148731525247	0.0566883674009158	0.393075595473829	0.386455810446626	-0.00396098309272458	797.26337333093	0.889557321607373	0.985196711297125
PARP11	betareg	33	19	0.0993264272860521	0.116573283878874	0.394185576072368	0.400551759500873	-0.0190811952670484	93.9498669696412	0.889557321607373	0.985196711297125
ABLIM1	betareg	33	19	0.0696113419020079	0.0818438235187527	0.395025635954943	0.39685242939561	-0.0127856310201855	4120.33016872214	0.889557321607373	0.985196711297125
ARID1B	betareg	33	19	-0.0922184039648633	0.108444589561666	0.395117470735402	0.401021272736135	0.0124252213346458	1026.39271662771	0.889557321607373	0.985196711297125
RSBN1	betareg	33	19	0.0875408075563645	0.102951177954104	0.395150645034219	0.394766524280733	-0.0173539704633366	341.500590415692	0.889557321607373	0.985196711297125
PCYOX1	betareg	33	19	-0.0618193514838545	0.0727364879972035	0.395376020039044	0.399810395959535	0.00949965806446323	2556.23416112773	0.889557321607373	0.985196711297125
SYNM	betareg	33	19	-0.0640774326793122	0.075427751822983	0.395591645216744	0.395766661424266	0.0107416331186849	501.958382767647	0.889557321607373	0.985196711297125
PHLDB1	betareg	33	19	0.0503793950212816	0.0593307749148767	0.395810326803694	0.399667739004958	-0.00676556867833342	433.807934958469	0.889557321607373	0.985196711297125
CDK13	betareg	33	19	0.148613642762631	0.175040071766665	0.395866599904653	0.427612096349414	-0.0100898506008712	171.90086192505	0.889557321607373	0.985196711297125
ITSN1	betareg	33	19	0.128416115393295	0.151351258745247	0.396179535976707	0.40825267396978	-0.0243762917837677	637.288294890638	0.889557321607373	0.985196711297125
CLPX	betareg	33	19	0.0831371866267668	0.0981559421663393	0.397000211683891	0.398418068257565	-0.0149637868033508	141.808753975574	0.889557321607373	0.985196711297125
RAB30	betareg	33	19	-0.114697640273559	0.135449840240304	0.397111894746402	0.39535253307117	0.00840395346099724	687.893634429111	0.889557321607373	0.985196711297125
N4BP3	betareg	33	19	0.0799215203714644	0.0944241182361083	0.397324047322534	0.398234539257864	-0.0140492311773525	267.114427020494	0.889557321607373	0.985196711297125
SLC16A2	betareg	33	19	-0.0683826709346418	0.0808500685648518	0.397666513519751	0.399114139296649	0.012047265619517	1192.86441953666	0.889557321607373	0.985196711297125
SPPL3	betareg	33	19	-0.0977501546278969	0.115656737578569	0.398013276225143	0.414167155195821	0.00301047318207963	2030.26751988329	0.889557321607373	0.985196711297125
BCL11B	betareg	33	19	-0.204390451044017	0.241861149260113	0.398069795798767	0.399185275450168	0.0358959231569269	55.7637514334485	0.889557321607373	0.985196711297125
PM20D2	betareg	33	19	-0.112642692555442	0.133490201920741	0.398765851276199	0.37822316661223	0.00641976645579203	224.395880310028	0.889557321607373	0.985196711297125
CSNK1G2	betareg	33	19	0.0640588487423711	0.0759254040951518	0.398832758675205	0.399802932685438	-0.011075587278736	386.386081194868	0.889557321607373	0.985196711297125
STC1	betareg	33	19	-0.133511304557648	0.158257628598564	0.398874706563578	0.41858456931009	0.0090977607309479	564.548940585673	0.889557321607373	0.985196711297125
C2orf72	betareg	33	19	-0.0959285720231572	0.113839484290339	0.399415714026308	0.4100808374606	0.00750260127834254	417.87397588978	0.889557321607373	0.985196711297125
RBM33	betareg	33	19	0.0874042917003437	0.103731104418539	0.399449693321882	0.400925095267414	-0.0163776564419767	219.684033811648	0.889557321607373	0.985196711297125
ODR4	betareg	33	19	0.0820155347925929	0.0973679004682327	0.399605382764242	0.401152615825875	-0.0150340059742307	148.789713318889	0.889557321607373	0.985196711297125
ZNF549	betareg	33	19	0.0858433515870388	0.101994418151252	0.399985268062414	0.399890568351832	-0.0173264995007441	104.923985740095	0.889557321607373	0.985196711297125
TMEM248	betareg	33	19	-0.0483924733898934	0.0575856649170058	0.400708671770014	0.402585131844903	0.00625976963671529	1477.76210942184	0.889557321607373	0.985196711297125
EFR3B	betareg	33	19	0.0413446663957833	0.0492317906111108	0.401022713175292	0.402300207850546	-0.00778588377604207	3605.012971515	0.889557321607373	0.985196711297125
CD55	betareg	31	19	-0.166358212127568	0.198323196948348	0.401568208790808	0.420799113300793	0.00207419400874462	223.269494739582	0.889557321607373	0.985196711297125
FBXL4	betareg	33	19	-0.10108560778968	0.120529580549668	0.401649560262868	0.401480649597142	0.016603031358239	108.262103733982	0.889557321607373	0.985196711297125
APPL1	betareg	33	19	-0.0996777538001827	0.118853402412794	0.401659378218435	0.415164502898291	0.0151175017155465	320.048915722636	0.889557321607373	0.985196711297125
GAS2L3	betareg	33	19	-0.204360546305215	0.243828905806424	0.401957176361851	0.407819588849723	0.0361726083818466	79.1411920241716	0.889557321607373	0.985196711297125
AATK	betareg	33	19	0.0738404062405612	0.0881404889212005	0.402166589984767	0.402924585538314	-0.0134219551263191	317.574354106829	0.889557321607373	0.985196711297125
GRIP2	betareg	33	19	0.12213497642481	0.145911224411229	0.402564517446056	0.402962755970833	-0.00447825718718506	267.121549111933	0.889557321607373	0.985196711297125
SPTY2D1	betareg	33	19	0.106080909868088	0.126734195300916	0.402573104596126	0.406426696289563	-0.0180833578940348	76.2178035038763	0.889557321607373	0.985196711297125
FBXO21	betareg	33	19	-0.0970598211730975	0.115958782779592	0.402581322205845	0.404943750833589	0.0171798203003743	1556.50269175781	0.889557321607373	0.985196711297125
TTPAL	betareg	33	19	-0.0864568790086816	0.103292419371997	0.402586451480321	0.408253213375427	0.0153681650196857	638.061002861781	0.889557321607373	0.985196711297125
IL17RA	betareg	33	19	0.129500172361991	0.154847728215799	0.402982458354883	0.408108435486504	-0.020083975827329	171.409030168462	0.889557321607373	0.985196711297125
ZNF681	betareg	33	19	-0.123974436988807	0.148322429740271	0.403242578594096	0.407866102685043	0.022945981053438	129.666807361345	0.889557321607373	0.985196711297125
STK10	betareg	33	19	-0.110625821935575	0.132456895960342	0.403614364514067	0.417525885657951	0.0177243159102727	115.813902468983	0.889557321607373	0.985196711297125
PPP2R3A	betareg	33	19	0.0753917577069801	0.0902823164602814	0.403680144453662	0.402141742333698	-0.0150488511448873	266.06934513683	0.889557321607373	0.985196711297125
ABLIM2	betareg	33	19	-0.0568280375860641	0.0681714898301487	0.404504080071092	0.406027444320841	0.0101581749278686	204.866217098325	0.889557321607373	0.985196711297125
CNNM4	betareg	33	19	-0.0630465588577984	0.0756481218958428	0.40460863598469	0.408122995750901	0.00611373738413215	387.093148599718	0.889557321607373	0.985196711297125
QRSL1	betareg	33	19	-0.141803496225411	0.170318546780147	0.405082700647543	0.407989181657021	0.0306316528882383	114.071756805997	0.889557321607373	0.985196711297125
ZNF496	betareg	33	19	-0.106607524558673	0.128216282227688	0.405710228547671	0.388660477771387	0.00346670611141973	391.817676969758	0.889557321607373	0.985196711297125
ZHX3	betareg	33	19	0.0956520564386267	0.115045782458655	0.405733007801284	0.414174322837019	-0.0140303983586427	407.691749574316	0.889557321607373	0.985196711297125
ZNF626	betareg	33	19	-0.127616642791414	0.153515251471617	0.40580632959114	0.396694398130109	0.0196659898532793	160.999348624599	0.889557321607373	0.985196711297125
CEP350	betareg	33	19	-0.0943653305577725	0.113529303416327	0.405861781410251	0.416678571194697	0.00354088315441601	360.22071186795	0.889557321607373	0.985196711297125
ZNF639	betareg	33	19	-0.109783939751596	0.132124423468088	0.406022613768926	0.402531125525394	0.00555781517420909	505.880015030666	0.889557321607373	0.985196711297125
STARD5	betareg	33	19	-0.187332500842337	0.225483447547964	0.406084486187681	0.407256651976306	0.0272260109821477	50.7412770879931	0.889557321607373	0.985196711297125
CCNK	betareg	33	19	-0.103659330947149	0.124774500822822	0.406101676349711	0.408447169997964	0.0197406664365849	65.244223283522	0.889557321607373	0.985196711297125
IVD	betareg	33	19	-0.0869233197280649	0.104679711730945	0.406327313602233	0.40640116664678	0.0144675407841116	501.650090050315	0.889557321607373	0.985196711297125
TLK2	betareg	33	19	0.117483857295081	0.141504589629686	0.406398762329324	0.411488120116446	-0.00346051227794042	272.345956567191	0.889557321607373	0.985196711297125
SLIT2	betareg	33	19	0.10148571905617	0.122257625871671	0.406483801666396	0.407816421060558	-0.0202931968060434	239.009055046462	0.889557321607373	0.985196711297125
XRCC5	betareg	33	19	-0.031631198447571	0.0381112009812273	0.406555078391165	0.409269009332046	0.0055003635744691	1201.64756928514	0.889557321607373	0.985196711297125
PRDM4	betareg	33	19	0.0418798234236992	0.0504981089365851	0.406915159546796	0.408447736432544	-0.00650907899193771	399.058194992485	0.889557321607373	0.985196711297125
ANTXR2	betareg	33	19	-0.110916311983093	0.133780691353728	0.407053149508824	0.41964640826032	0.0105695924507931	238.267086796387	0.889557321607373	0.985196711297125
FBXO28	betareg	33	19	-0.0507759504059341	0.0612867601559558	0.407388599258522	0.408407782510345	0.00769495038282273	481.99304585722	0.889557321607373	0.985196711297125
CYB5A	betareg	33	18	0.141934955242874	0.171520882215399	0.407949014399335	0.406753557368542	-0.00534238851340977	502.28842577209	0.889557321607373	0.985196711297125
LRP6	betareg	33	19	0.101630968457137	0.122831495582967	0.408009508697206	0.41033257540163	-0.0201576910161456	181.499234890949	0.889557321607373	0.985196711297125
RPS6KL1	betareg	33	19	0.136281640381987	0.164939901849315	0.408662130472884	0.444361568451156	-0.0045965711242387	365.68752760734	0.889557321607373	0.985196711297125
SH3BGRL2	betareg	33	19	-0.0643216811557518	0.0778521174238582	0.408688741415877	0.404531508381107	0.0032523362307383	2592.12632891499	0.889557321607373	0.985196711297125
FIGNL1	betareg	33	19	0.0674613285965914	0.0816899011682739	0.408904995702909	0.407767016435787	-0.011612393576232	230.317820921996	0.889557321607373	0.985196711297125
MLXIP	betareg	33	19	0.0677812358580654	0.0820907903554108	0.408982100991812	0.41594123023091	-0.0121434938965117	548.115140556594	0.889557321607373	0.985196711297125
PLXDC2	betareg	33	19	0.0704666994015418	0.0853858764967902	0.40921634481175	0.405020132542707	-0.0101963925793595	325.493473212854	0.889557321607373	0.985196711297125
TSPAN3	betareg	33	19	0.056717699913272	0.0687439339007939	0.409338933032768	0.418868326818732	-0.00229685592307162	10098.1288306469	0.889557321607373	0.985196711297125
NADK	betareg	33	19	0.0398361033823805	0.0482950994507467	0.409458042136848	0.411109997584224	-0.00729617663550219	254.712106504047	0.889557321607373	0.985196711297125
PEX16	betareg	33	19	0.113441811080025	0.137570765969288	0.409594768817893	0.418803841077279	-0.0126742534117326	121.618974948304	0.889557321607373	0.985196711297125
SREK1IP1	betareg	33	19	0.138065349245458	0.167454212020317	0.409657715583809	0.434969307256099	-0.0119422769552417	294.050635130638	0.889557321607373	0.985196711297125
BEND6	betareg	31	19	0.187871138807387	0.228157671273341	0.410265333752717	0.428444508248274	-0.0131519140604175	95.3921092970549	0.889557321607373	0.985196711297125
NCAPH2	betareg	33	19	-0.0465785906002099	0.0565730663595253	0.410317465067794	0.413901759789513	0.00515421136369752	1545.90182333267	0.889557321607373	0.985196711297125
MTREX	betareg	33	19	0.0451793722743165	0.0549356485965956	0.410846225515192	0.412339347889019	-0.00620869231557565	500.048294057292	0.889557321607373	0.985196711297125
DNAJC16	betareg	33	19	-0.0736212219205276	0.0895575419836131	0.411045615737761	0.410746512881258	0.0108160352287399	374.018673282653	0.889557321607373	0.985196711297125
TANC1	betareg	33	19	0.134856820905263	0.164054429656582	0.411062743664057	0.417035708841307	-0.0183994871001258	99.5568914293996	0.889557321607373	0.985196711297125
ZMYM6	betareg	33	19	0.105335266287854	0.128152196513097	0.411102830098028	0.405275501463321	-0.0109788460737429	143.504433349912	0.889557321607373	0.985196711297125
TMEM169	betareg	33	19	-0.044335816038548	0.0540110563605858	0.411722850023564	0.415282569932284	0.00786169263876488	979.002969567579	0.889557321607373	0.985196711297125
CNOT11	betareg	33	19	-0.0486388649384735	0.0592565491018501	0.411749724731016	0.413592287107907	0.00856228683067321	345.606189408847	0.889557321607373	0.985196711297125
DDX19B	betareg	33	19	0.0813566913662819	0.0991315930598953	0.411820659800544	0.41556645803193	-0.0130367994858272	262.82570425342	0.889557321607373	0.985196711297125
SERTAD2	betareg	33	19	0.130079019415531	0.158539401182563	0.411940328052605	0.40653538379877	-0.0254122284473373	111.398134674257	0.889557321607373	0.985196711297125
NFKBIE	betareg	33	19	0.112874927614124	0.137632604645956	0.412149044132761	0.401404677051368	-0.0126298196478239	174.695685481544	0.889557321607373	0.985196711297125
ZC3H11A	betareg	33	19	0.0489538875043847	0.0597408274375741	0.412536720804231	0.409950004932047	-0.00737809801209129	505.501722216548	0.889557321607373	0.985196711297125
ANKFY1	betareg	33	19	-0.0746570713028327	0.0911799500599729	0.412907238690656	0.413103137154815	0.0121153486058837	898.881223904087	0.889557321607373	0.985196711297125
RBFA	betareg	33	19	0.11269621305903	0.1377604739115	0.413323425996517	0.414660571637527	-0.0153351769324019	220.108194158255	0.889557321607373	0.985196711297125
YTHDF2	betareg	33	19	-0.097913040639464	0.119741130619377	0.413525085097017	0.415227993943502	0.0189302394423829	397.496737430463	0.889557321607373	0.985196711297125
CCAR1	betareg	33	19	0.121628348125121	0.148913875878277	0.414060026389537	0.410612672534298	-0.0101112707749378	66.2205580982194	0.889557321607373	0.985196711297125
BAHCC1	betareg	33	19	-0.136231503604096	0.166803361549293	0.41408893149298	0.410063205199613	0.0220368877880215	71.7207741729882	0.889557321607373	0.985196711297125
GNG7	betareg	33	19	0.0635179011049605	0.0777995085120955	0.414253888741688	0.413078939423447	-0.00939482498583101	530.798762770511	0.889557321607373	0.985196711297125
CCDC92	betareg	33	19	0.0980591814814548	0.12018300000941	0.414548423863072	0.417799592765957	-0.00301309381726541	4271.3411645186	0.889557321607373	0.985196711297125
OGFOD3	betareg	33	19	0.0864195959101085	0.10592384829781	0.414577160741772	0.416443225224065	-0.0142644033372117	111.329033423462	0.889557321607373	0.985196711297125
FAM76B	betareg	33	19	-0.0801506764522324	0.0982504707359832	0.414626512977809	0.414453128473925	0.01044501860092	134.132242071386	0.889557321607373	0.985196711297125
PLXNA1	betareg	33	19	-0.0578184005177444	0.0708846000119991	0.414689233977542	0.413921173308772	0.00787071777073388	1251.56729303554	0.889557321607373	0.985196711297125
GTDC1	betareg	33	19	0.0479856437093511	0.0588335846175581	0.414719496381699	0.416424676523216	-0.00820115602391839	284.675250973905	0.889557321607373	0.985196711297125
ATP2B4	betareg	33	19	-0.0732236957542524	0.0898501205845512	0.415098765030546	0.415584710086926	0.0106326244407125	1395.32116047889	0.889557321607373	0.985196711297125
SPOUT1	betareg	33	19	-0.0226754764593699	0.0278274583456967	0.415152580266159	0.416394205930755	0.00410689594017579	1380.37347321466	0.889557321607373	0.985196711297125
PDIA3	betareg	33	19	-0.0505146526900214	0.0619937514670426	0.415167001824624	0.412954543788565	0.00496033280679143	1837.51078134273	0.889557321607373	0.985196711297125
LRRTM3	betareg	33	19	-0.0874277187092916	0.107398638397134	0.415617069937056	0.418787742603374	0.0155107436442186	158.841002593383	0.889557321607373	0.985196711297125
RBM8A	betareg	33	19	0.0622727414385794	0.0765250848169471	0.415784787164617	0.417830646663686	-0.00934656951814333	1447.21209757078	0.889557321607373	0.985196711297125
ZNF322	betareg	33	19	-0.131112397204218	0.161155118174872	0.415886252942598	0.425239972884707	0.0132985357789078	106.151006634993	0.889557321607373	0.985196711297125
GREM2	betareg	33	19	-0.0898429384547011	0.110455604688717	0.415997323308193	0.419769681845085	0.0139788074254799	156.321373091596	0.889557321607373	0.985196711297125
UBE2Q2	betareg	33	19	-0.079157375528919	0.0973434715008963	0.416117153090316	0.423640614790165	0.0144997397101104	584.982101264891	0.889557321607373	0.985196711297125
NDUFA5	betareg	33	19	-0.13999073424495	0.172305262785967	0.416529059984342	0.424896479145419	0.000548344424892413	4761.25435845215	0.889557321607373	0.985196711297125
NBN	betareg	33	19	0.0902599041144988	0.111161184546203	0.416807002532392	0.439671746513623	-0.00628838044545048	271.244201609458	0.889557321607373	0.985196711297125
FAM219B	betareg	33	19	0.02175521369119	0.0268034396450273	0.416988168695706	0.417277801254239	-0.00360144663281667	3243.84403888243	0.889557321607373	0.985196711297125
GNAO1	betareg	33	19	0.0382838630062005	0.0471758350053146	0.41707040504777	0.414706927085744	-0.00582245010815431	4458.95567894903	0.889557321607373	0.985196711297125
WBP4	betareg	33	19	0.0944420127571642	0.116399830327107	0.417159720424698	0.415065097330075	-0.0168389644287983	90.9268355604235	0.889557321607373	0.985196711297125
LPL	betareg	33	19	-0.113102949533939	0.139441950370682	0.417301724636113	0.417586032161075	0.0183299111857499	105.760841062935	0.889557321607373	0.985196711297125
DAAM1	betareg	33	19	-0.0769355928314626	0.0949234023857241	0.417651804693302	0.419167701383896	0.0143844211511249	732.929452960352	0.889557321607373	0.985196711297125
CDC25A	betareg	33	19	-0.0573199693326559	0.0707481951806997	0.417827011450699	0.418831213647651	0.0098291898946359	235.915575974784	0.889557321607373	0.985196711297125
CAMSAP1	betareg	33	19	-0.0425999484810721	0.0525913263618057	0.417929530185807	0.419242560246987	0.00757045970647682	849.457584649574	0.889557321607373	0.985196711297125
SCD	betareg	33	19	0.0634715440796062	0.0783743639401499	0.418025911684686	0.422262238744015	-0.00401534175894741	4984.07405545646	0.889557321607373	0.985196711297125
LPP	betareg	33	19	-0.0957943099090069	0.118317868867139	0.418149878425989	0.421768048280165	0.00404543940564344	448.082882552635	0.889557321607373	0.985196711297125
GRB2	betareg	33	19	0.0439528973538545	0.054304989856127	0.41830163591352	0.41874259537623	-0.00754784026029112	3502.41102698238	0.889557321607373	0.985196711297125
CCNF	betareg	33	19	-0.0608745920050561	0.0752130574203411	0.418306942298004	0.422494571973772	0.0105665692267624	311.831126596723	0.889557321607373	0.985196711297125
POT1	betareg	30	19	0.177209717569441	0.218958634005993	0.41832554807843	0.429421638722437	-0.00621461178028479	106.872842121848	0.889557321607373	0.985196711297125
CLN3	betareg	33	19	0.132195475334745	0.163430853390479	0.418585840174703	0.418317656844036	-0.00400495037460587	272.892794846319	0.889557321607373	0.985196711297125
SLX4IP	betareg	33	19	0.106718659860342	0.131971055849283	0.418715338173248	0.417290325961305	-0.0209719950209794	303.139332676332	0.889557321607373	0.985196711297125
SPRY4	betareg	33	19	-0.0815713824184321	0.100914005721791	0.41890312240843	0.417574453865429	0.0117262357826741	438.181311455345	0.889557321607373	0.985196711297125
ZNF93	betareg	33	19	-0.100548944423825	0.124458812492315	0.419154304458158	0.432438940779933	0.00740171593382252	138.185557364428	0.889557321607373	0.985196711297125
GPRC5B	betareg	33	19	0.0663963386041346	0.0822254827125656	0.419383648237796	0.420661360814848	-0.0115529086025991	373.514331620692	0.889557321607373	0.985196711297125
TAFA5	betareg	33	19	0.0538798663547422	0.0667734988838127	0.419721250395562	0.424089824505258	-0.0079864559805673	1285.62539846164	0.889557321607373	0.985196711297125
EEF2KMT	betareg	33	19	-0.0593780192238373	0.0736108062294742	0.419869235788552	0.422295464095876	0.0090419464668839	340.790682231186	0.889557321607373	0.985196711297125
SV2C	betareg	33	19	-0.110628693281663	0.137158689516001	0.419911704231241	0.423582823067527	0.0164471235998349	3446.30296982814	0.889557321607373	0.985196711297125
GGA2	betareg	32	19	0.137572180281004	0.170651670708669	0.420151851260582	0.410262780457111	-0.0011456150894753	592.417791982408	0.889557321607373	0.985196711297125
GLS	betareg	33	19	-0.0671561663463227	0.0834165209639551	0.42077909411472	0.424340470414485	0.0085276796876745	2140.91635460785	0.889557321607373	0.985196711297125
FAM210B	betareg	33	19	0.0812252207630438	0.100962846515203	0.421104777194887	0.42399188796712	-0.0147666255136319	130.068926490347	0.889557321607373	0.985196711297125
LARP4B	betareg	33	19	-0.0474121027073661	0.0589425595922654	0.421178658665392	0.424086909507043	0.00834937636573624	634.149746893082	0.889557321607373	0.985196711297125
AGPAT5	betareg	33	19	0.0384136406425665	0.0477905620465941	0.421517483096634	0.424311075241266	-0.00372354059955553	1225.23757060432	0.889557321607373	0.985196711297125
C2CD2L	betareg	33	19	-0.0948080459538275	0.11808168956529	0.422031276007713	0.436000819717496	0.00717893295512966	548.761767254706	0.889557321607373	0.985196711297125
SYT9	betareg	33	19	-0.0531633864387133	0.0662197557445185	0.422071429102459	0.420526359187516	0.00456213380792396	628.710233433501	0.889557321607373	0.985196711297125
RC3H2	betareg	33	19	-0.0889112564206205	0.110752557125256	0.422095021251516	0.420375004155716	0.00637908417913425	557.275328781872	0.889557321607373	0.985196711297125
ATXN10	betareg	33	19	-0.0604053268977326	0.0752653394922	0.422226207084349	0.416770452923824	0.010103877855178	2180.31094412508	0.889557321607373	0.985196711297125
CDIN1	betareg	33	19	-0.044045640256034	0.054896179121633	0.422353782939885	0.421590386567036	0.00653450786306722	300.646461306159	0.889557321607373	0.985196711297125
TSPYL1	betareg	33	19	-0.111434654351682	0.138964874009936	0.422616126873525	0.433946369720758	0.00197413527548832	3130.45729453169	0.889557321607373	0.985196711297125
ARL4A	betareg	33	19	0.0982823943782128	0.122614142091082	0.422808455043874	0.428426577543076	-0.0144860184814395	395.745001393884	0.889557321607373	0.985196711297125
ABCB8	betareg	33	19	-0.0815145502701345	0.101755185054008	0.423082451592082	0.438401074500256	0.0110556381979599	295.64883688177	0.889557321607373	0.985196711297125
C12orf43	betareg	33	19	0.114346262120406	0.142852962011073	0.423451708254152	0.418882763884154	-0.00380509862591722	652.150257944164	0.889557321607373	0.985196711297125
PITPNB	betareg	33	19	-0.0585726509263252	0.0731821970891582	0.423497914693809	0.425284513076798	0.00915679426590837	1615.96776994024	0.889557321607373	0.985196711297125
ZNF189	betareg	33	19	-0.0730690589877125	0.0913018639644618	0.423535878528052	0.414261163914499	0.00622408992630546	380.776439630956	0.889557321607373	0.985196711297125
STIMATE	betareg	33	19	0.0547128318405185	0.0684378229898342	0.424027713363236	0.422170309361085	-0.00999791763895942	623.343569995139	0.889557321607373	0.985196711297125
FKBP7	betareg	33	19	0.0859647970212927	0.107673515026083	0.424647763990918	0.425550829476887	-0.0154818822294331	115.744769361333	0.889557321607373	0.985196711297125
TRIM35	betareg	33	19	0.047853765141596	0.0599533158616241	0.424763840257787	0.42760770442829	-0.00839848567276589	258.791586610353	0.889557321607373	0.985196711297125
PPP4R3B	betareg	33	19	-0.0577660434380886	0.0723739678812472	0.424777347975852	0.426031822874798	0.00406545926591938	421.711253975566	0.889557321607373	0.985196711297125
OTUD7A	betareg	33	19	-0.0982268894926281	0.123194905306683	0.425259893370075	0.435506090885734	0.0128507695401113	448.726382866003	0.889557321607373	0.985196711297125
PDP1	betareg	33	19	0.0664147209554765	0.0833460623085474	0.425535286731528	0.43506043508298	-0.0097631262157754	1871.02580864747	0.889557321607373	0.985196711297125
HS2ST1	betareg	33	19	-0.0729424781630468	0.0916625351533141	0.426164573938506	0.427663998033191	0.0125910801629068	335.63459456469	0.889557321607373	0.985196711297125
LARP1	betareg	33	19	-0.0507100482388699	0.0637351032949928	0.426242672512342	0.429803823465568	0.00770137089873558	1843.25610893332	0.889557321607373	0.985196711297125
RBM39	betareg	33	19	0.0502853554051365	0.0632358777141057	0.426495466172588	0.428162356159229	-0.00922346313368866	527.531622199215	0.889557321607373	0.985196711297125
PELO	betareg	33	19	0.0734282552800376	0.092354003440318	0.42657053114722	0.431940614473142	-0.00531209584935249	500.628216650942	0.889557321607373	0.985196711297125
MEF2C	betareg	33	19	-0.0665292410502622	0.083799711328284	0.427249132195936	0.429392418335353	0.0119174870529797	354.226990176685	0.889557321607373	0.985196711297125
CBFA2T2	betareg	33	19	0.0587598830638931	0.0740807790860703	0.427669099510792	0.429456002680813	-0.0103978663949376	559.688321676767	0.889557321607373	0.985196711297125
RAN	betareg	33	19	0.0479792875266162	0.0605937682417882	0.428466313009566	0.433297789553761	-0.00768809225737845	3550.41462866064	0.889557321607373	0.985196711297125
TMX3	betareg	33	19	0.0714170796060923	0.0903557486858049	0.429294875201888	0.426225014857482	-0.00855794610903101	362.085951458388	0.889557321607373	0.985196711297125
ZNF778	betareg	33	19	0.111660143307944	0.141331173830368	0.429492579491532	0.427290927922914	-0.00472309977721375	428.092780799375	0.889557321607373	0.985196711297125
GTF2H5	betareg	33	19	-0.0555836648466274	0.0703806322145142	0.429669132330046	0.423882446005751	0.00323636180420321	2031.40882210105	0.889557321607373	0.985196711297125
SLC46A1	betareg	33	19	0.0545294177818877	0.0690598824955215	0.429763653645129	0.422829954641215	-0.00527414165024872	1514.18207394292	0.889557321607373	0.985196711297125
CLASP1	betareg	33	19	-0.0831654837956182	0.105328072180939	0.429770071783712	0.432823553700426	0.0120875399611708	1433.19278110383	0.889557321607373	0.985196711297125
KCND3	betareg	33	19	-0.0692117194152007	0.0876757869996805	0.429875235997591	0.431832061009035	0.0110702516339952	416.932480786876	0.889557321607373	0.985196711297125
METRN	betareg	33	19	-0.119361969762435	0.151206592498658	0.429880243450008	0.429849002871238	0.0105198032835512	358.58360715789	0.889557321607373	0.985196711297125
BBS5	betareg	33	19	-0.0587151978490991	0.0743839133283147	0.429905460815084	0.430718829126732	0.0105843848972956	132.009103168067	0.889557321607373	0.985196711297125
ELP2	betareg	33	19	0.0518011575147913	0.0656293411452694	0.429937411841095	0.425799278770359	-0.0050535880673111	640.059063286977	0.889557321607373	0.985196711297125
UBASH3B	betareg	33	19	-0.0641727401608933	0.081399905335644	0.430483928341584	0.430589482628795	0.0108155662609275	1002.26127329041	0.889557321607373	0.985196711297125
FRA10AC1	betareg	33	19	0.123769499994513	0.157014706571763	0.430540589660832	0.436237390902968	-0.0230482752215453	66.6261581840261	0.889557321607373	0.985196711297125
MCU	betareg	33	19	0.0541747845800342	0.068732532023577	0.430581406755624	0.427470265958211	-0.00590663378511276	524.284084820082	0.889557321607373	0.985196711297125
PCDHB9	betareg	33	17	0.150058497727661	0.190570071068907	0.431036618897083	0.439458126441841	0.000973399511538446	109.271013335904	0.889557321607373	0.985196711297125
ARHGAP24	betareg	33	19	0.0977562057564517	0.1241721471699	0.431127600733425	0.427334284753409	-0.0118621072033345	112.45924914158	0.889557321607373	0.985196711297125
CLIP3	betareg	33	19	-0.0380934185217119	0.0483906704647767	0.431161377529462	0.432794437607095	0.00685366513405016	3790.28490200198	0.889557321607373	0.985196711297125
MDH2	betareg	33	19	0.0391758193798819	0.0497666296149549	0.43117034195626	0.432727233677605	-0.00528738821499528	2518.98265326803	0.889557321607373	0.985196711297125
MCTS1	betareg	33	19	0.0935991418762647	0.118914439776035	0.431215520892168	0.438774899109932	-0.0164716682303489	630.219034440086	0.889557321607373	0.985196711297125
PAPPA2	betareg	32	19	0.127927947044144	0.162560846693288	0.431308655988361	0.413556060547217	-0.00763468828360538	155.477899413708	0.889557321607373	0.985196711297125
EIF3L	betareg	31	19	0.153863387287675	0.195569694161189	0.431431430429251	0.419757144985962	0.00080833315284775	731.684609712266	0.889557321607373	0.985196711297125
POGK	betareg	33	19	0.0308251725892714	0.0392072518065369	0.4317438836823	0.433307856265364	-0.00572226701125502	1220.33316851203	0.889557321607373	0.985196711297125
NECTIN1	betareg	33	19	0.0641288785068062	0.0815672059242503	0.431745003265235	0.430392768444206	-0.011553007702876	325.523516682308	0.889557321607373	0.985196711297125
TLNRD1	betareg	33	19	0.124181217247163	0.157991466001773	0.43186776535907	0.454359092100288	-0.00420095714716978	504.190241428372	0.889557321607373	0.985196711297125
CTXN2	betareg	33	19	0.116825307840743	0.148948199461812	0.43284348166118	0.442138831243007	-0.00772076539576748	347.298611761979	0.889557321607373	0.985196711297125
TXNDC15	betareg	33	19	0.0455116292614346	0.058109752858715	0.433508959319403	0.435250101118685	-0.00656387831108303	471.865581664377	0.889557321607373	0.985196711297125
KLHL36	betareg	33	19	0.0713431634203739	0.091172113552217	0.433914441399695	0.4380330942564	-0.0100495052598155	485.106541282491	0.889557321607373	0.985196711297125
ZNF891	betareg	33	19	-0.0796762678410217	0.101854893193985	0.434066063473757	0.433977109470773	0.0153570039399921	437.568756351453	0.889557321607373	0.985196711297125
PIP5KL1	betareg	33	19	0.0350647361473435	0.0448557925391956	0.434378280233758	0.436462682855695	-0.00592367243971432	390.342318170355	0.889557321607373	0.985196711297125
RDH10	betareg	33	19	0.107736619358087	0.137878071518357	0.434572839285238	0.437025099867465	-0.00741822164439977	138.153080844608	0.889557321607373	0.985196711297125
ZNF711	betareg	33	19	-0.0793405649267239	0.101769486706006	0.435620147514591	0.445187911286769	0.0141543584543252	1152.19092058441	0.889557321607373	0.985196711297125
STARD13	betareg	33	19	-0.0788358838217474	0.101136233178483	0.435684131016619	0.430163846501876	0.0102904992663455	93.8904216831196	0.889557321607373	0.985196711297125
FHL1	betareg	33	19	-0.0561050380864801	0.0719819709258423	0.435725389985318	0.437756901252371	0.00845226921931104	3177.22481503903	0.889557321607373	0.985196711297125
AGO2	betareg	33	19	0.0896874369304641	0.115165583817273	0.43611554417328	0.425605349434585	-0.013232639368306	540.002336430638	0.889557321607373	0.985196711297125
TRIP11	betareg	33	19	0.117426437683425	0.150837755995929	0.436277257707834	0.426926584485199	-0.0157992767888649	98.0676768464065	0.889557321607373	0.985196711297125
DTX4	betareg	33	19	0.064173023758939	0.0824624291803623	0.436445674612456	0.435242186382838	-0.00361416642622226	1512.03884722191	0.889557321607373	0.985196711297125
VSIG10	betareg	33	19	0.161235094034506	0.207219041512199	0.436515872155637	0.451453221379947	-0.00823065515884168	82.8103169048737	0.889557321607373	0.985196711297125
FBRSL1	betareg	33	19	0.0784113627124326	0.100847024949183	0.436847455365933	0.43700879004273	-0.0101007961280808	297.773472422322	0.889557321607373	0.985196711297125
GTF2A1	betareg	33	19	-0.06501439890853	0.0836818244386804	0.437203743607452	0.439715685381779	0.0123711646836114	266.271956813567	0.889557321607373	0.985196711297125
DDX25	betareg	33	19	-0.1049810376686	0.135168800433077	0.437355737343599	0.452292635464804	0.00704227725797737	313.727924748291	0.889557321607373	0.985196711297125
TRIO	betareg	33	19	-0.0941870019554744	0.121311472911088	0.437509076754234	0.440344606159109	0.0164773611287866	223.492285445158	0.889557321607373	0.985196711297125
GLYR1	betareg	33	19	0.0627819410652253	0.0809016032676519	0.437732222355981	0.448859746167583	-0.00828027126312799	963.033507153126	0.889557321607373	0.985196711297125
ZNF250	betareg	33	19	-0.0826023006323968	0.106620718647193	0.438499046651964	0.436851765875413	0.013765548744991	536.778210656978	0.889557321607373	0.985196711297125
TRAPPC2	betareg	33	19	0.0847286491140425	0.109435995282953	0.438794690557769	0.453674263292801	-0.0032137053184938	799.308575915358	0.889557321607373	0.985196711297125
CD200	betareg	33	19	0.0465647602348228	0.0601670980115845	0.438975745090435	0.442416528017275	-0.00807640219442245	2860.18299582362	0.889557321607373	0.985196711297125
GDAP1L1	betareg	33	19	0.039565131994242	0.0511280408894853	0.439022999100343	0.4394992684523	-0.00534172538881234	1524.17556544964	0.889557321607373	0.985196711297125
SRPRB	betareg	33	19	-0.0600939521079516	0.0776775852011882	0.439147784119437	0.437555551210899	0.0055595575570232	1273.4670098426	0.889557321607373	0.985196711297125
NRG1	betareg	33	19	-0.0575344203610561	0.0744140050877991	0.439423813502553	0.440916192161969	0.0103873133936783	1098.00383988663	0.889557321607373	0.985196711297125
RAB15	betareg	33	19	0.0202864975574168	0.0262433840493925	0.439514224224842	0.439526669544595	-0.00274620584704957	6435.97617765882	0.889557321607373	0.985196711297125
NUP133	betareg	33	19	0.128804290427576	0.166945954420104	0.440391150312162	0.446775314391642	-0.00178084318576913	287.728267977089	0.889557321607373	0.985196711297125
ZNF365	betareg	33	19	0.07568616824168	0.0981246025210134	0.440513054232792	0.440898668737149	-0.0145372212104184	225.570600508518	0.889557321607373	0.985196711297125
NUDCD3	betareg	33	19	0.0589734212537461	0.0764674113723368	0.440574803469932	0.450401954570186	-0.001070422515996	5678.43532296648	0.889557321607373	0.985196711297125
PRPF38A	betareg	33	19	0.0558658328453315	0.0724644020072871	0.440741459460795	0.45646376534039	-0.00523825688875499	437.715469160516	0.889557321607373	0.985196711297125
PLCXD3	betareg	33	19	-0.10119253459342	0.131305647192444	0.440906118689246	0.442992599762885	0.0143831059475175	304.0145753225	0.889557321607373	0.985196711297125
DOCK4	betareg	33	19	0.0765911416955159	0.0995345230343085	0.44160056156573	0.445560368565265	-0.0127838393665913	192.168116579167	0.889557321607373	0.985196711297125
CILK1	betareg	33	19	-0.0636433299243612	0.08278509317773	0.442025315192375	0.449120173037326	0.00938298708354895	269.97051863097	0.889557321607373	0.985196711297125
USP3	betareg	33	19	0.0471427248178727	0.0613277947521342	0.442070950573088	0.443296915337746	-0.00877496307212182	389.843588753193	0.889557321607373	0.985196711297125
CEP43	betareg	33	19	-0.102468162205646	0.133301571144663	0.442074790399052	0.448642002127347	0.0186480958587732	308.91523930677	0.889557321607373	0.985196711297125
RBM7	betareg	33	19	0.0702754182727129	0.0915160341115641	0.442544937493951	0.443669300744983	-0.00668175625786546	373.149059426498	0.889557321607373	0.985196711297125
ASAH2B	betareg	33	19	0.116142541541008	0.151250037645603	0.442555877456641	0.432649484762235	-0.000982746827896898	213.00173377847	0.889557321607373	0.985196711297125
LRCH1	betareg	33	19	-0.0878474543221375	0.1145052246411	0.442967565847187	0.44454777138833	0.0159830483863247	83.3596753427471	0.889557321607373	0.985196711297125
MEF2A	betareg	33	19	-0.0651771094615246	0.0850369307167692	0.443404717310196	0.445215532091891	0.0114657157839102	465.217225783679	0.889557321607373	0.985196711297125
PHTF2	betareg	33	19	0.14008767647094	0.182821286543988	0.443524745939021	0.445708855159959	-0.00556207737184466	270.744684565082	0.889557321607373	0.985196711297125
CNR1	betareg	33	19	-0.0599670098943911	0.0782895908376856	0.443697709796199	0.444647333632508	0.00973510764702346	2702.23810121841	0.889557321607373	0.985196711297125
CEP70	betareg	33	19	-0.0997276021322762	0.130219877440163	0.443771459200463	0.44411860405017	0.0126514654174681	56.3204744492876	0.889557321607373	0.985196711297125
ZNF136	betareg	33	19	-0.108469626576939	0.142064312410879	0.445150474279835	0.436547689773714	0.00235471266643835	524.950493088428	0.889557321607373	0.985196711297125
TMEM267	betareg	33	19	-0.110463698717481	0.144996515162774	0.446157341375997	0.453068788576727	0.016612652950647	120.588665905077	0.889557321607373	0.985196711297125
PRKAR1B	betareg	33	19	0.0487443632992447	0.0639901860995777	0.446210728884773	0.445935335278964	-0.00835899355672053	1360.80920266984	0.889557321607373	0.985196711297125
TCEANC	betareg	33	19	-0.0847875003472774	0.111315951205679	0.446249048649863	0.447130728037885	0.0136760965562219	84.6939880981921	0.889557321607373	0.985196711297125
MACF1	betareg	33	19	0.0408968512478598	0.0537272437477776	0.446541249589187	0.448349599986926	-0.00753167553198424	544.618303945079	0.889557321607373	0.985196711297125
LRRC3	betareg	33	19	0.0729437409204864	0.0958466682655646	0.446629483795587	0.447831565268779	-0.0134449948336993	323.958410981216	0.889557321607373	0.985196711297125
RALB	betareg	33	19	0.0225985266663393	0.0297005595607757	0.446729451153782	0.447793636112885	-0.00411297866471548	1007.42580828456	0.889557321607373	0.985196711297125
FECH	betareg	33	19	0.0938445632810469	0.123413797687182	0.44701207816291	0.439422354096131	-0.00851681386865813	397.283873728678	0.889557321607373	0.985196711297125
NUS1	betareg	33	19	0.0748710453177545	0.0985431668560056	0.44738659718367	0.446423357551272	-0.0141144684489082	254.785466822992	0.889557321607373	0.985196711297125
ZNF106	betareg	33	19	-0.0576361207245016	0.0758807187306532	0.44751635995186	0.449319075711297	0.00984431478614797	365.177617127597	0.889557321607373	0.985196711297125
POLE3	betareg	33	19	0.0531039810740725	0.0700231265996975	0.448224875051651	0.450226977196372	-0.00698579455350677	926.659706828178	0.889557321607373	0.985196711297125
ERI1	betareg	33	19	0.0981039015213845	0.129464306534354	0.448589915306829	0.453146258479271	-0.014726362007217	90.0692504915186	0.889557321607373	0.985196711297125
UBXN2A	betareg	33	19	-0.0876605466539628	0.115762103694881	0.44890168525896	0.453799346084673	0.0177001704749329	187.712466295792	0.889557321607373	0.985196711297125
CBX8	betareg	33	19	0.0896215912007626	0.118450169457819	0.44927844619615	0.453869215841481	-0.0131206261810473	94.6069229460615	0.889557321607373	0.985196711297125
SLF2	betareg	33	19	-0.120474351038244	0.159525162362115	0.450125421966541	0.452882810418798	0.00569163284871332	191.506169381301	0.889557321607373	0.985196711297125
SELENOI	betareg	33	19	-0.0979764043520922	0.129776143966706	0.450270177966186	0.450383854978021	0.0152629847764701	878.771497872326	0.889557321607373	0.985196711297125
EMG1	betareg	33	19	-0.0573536858818747	0.0759903518748749	0.450399253903748	0.45508321953508	0.00583970812801132	656.125637158055	0.889557321607373	0.985196711297125
UBE2D2	betareg	33	19	0.0453802108709994	0.0601428900849632	0.450525090181404	0.4624655703897	-0.0016056220579718	2350.10204697503	0.889557321607373	0.985196711297125
KIF1C	betareg	33	19	-0.114177734005409	0.151324084536433	0.450534320669194	0.451763730805963	0.0198062408987017	70.3771940505317	0.889557321607373	0.985196711297125
RBPJ	betareg	33	19	0.0545004523593725	0.0722904927999449	0.450903872473942	0.455952847872287	-0.00980623291780094	609.72607398823	0.889557321607373	0.985196711297125
ZNF419	betareg	33	19	0.105831972364648	0.140413418458344	0.451019206619608	0.462435819047044	-0.00270524635932509	292.014582139429	0.889557321607373	0.985196711297125
FRYL	betareg	33	19	0.0592075438113155	0.0785774035765707	0.451153561295458	0.453241082542546	-0.00894854304287217	164.795182110907	0.889557321607373	0.985196711297125
MGAT5	betareg	33	19	-0.0554849744557572	0.0736432839215575	0.451192253823344	0.454356992704587	0.00973174118002443	580.779734131541	0.889557321607373	0.985196711297125
BCORL1	betareg	33	19	-0.121660754510922	0.161498903806745	0.45125615415718	0.451775459577966	0.0200769908953955	51.7500534622063	0.889557321607373	0.985196711297125
TMOD2	betareg	33	19	-0.0664372049101333	0.0882551171131731	0.451578600501664	0.452250374940288	0.0110860015738132	3851.92070567576	0.889557321607373	0.985196711297125
EFCAB14	betareg	33	19	0.080526813518497	0.10712703969713	0.452234759533629	0.454352438121918	-0.0138987600608616	176.01225780531	0.889557321607373	0.985196711297125
CMTM4	betareg	33	19	-0.115721727734012	0.153997606647007	0.452380997424679	0.4506167734364	0.0188335210825615	358.748471737504	0.889557321607373	0.985196711297125
DNAAF9	betareg	33	19	-0.0708832963393806	0.0943305401126616	0.45239073378087	0.45700983513728	0.0126906166608437	1061.67992280889	0.889557321607373	0.985196711297125
UGDH	betareg	33	19	0.070722174687698	0.0941730586473833	0.4526641101145	0.443892363954866	-0.0103138260234767	171.725694451124	0.889557321607373	0.985196711297125
RIMS3	betareg	33	19	-0.0464554607721495	0.0618615429813986	0.452677541866998	0.453474845721309	0.00710508291451208	3251.5577653276	0.889557321607373	0.985196711297125
LIFR	betareg	33	19	-0.0754165132906952	0.100463675860609	0.452842619300458	0.455664362612689	0.00899166177963252	1996.04042905631	0.889557321607373	0.985196711297125
DENND1B	betareg	33	19	-0.091904818913919	0.122497989064566	0.453100696309401	0.45809023218491	0.0181242454003001	169.767829550976	0.889557321607373	0.985196711297125
SLC5A3	betareg	33	19	-0.115385816447965	0.153834595933106	0.453216065801272	0.454273797180293	0.0192974069898781	860.106983724384	0.889557321607373	0.985196711297125
LYRM4	betareg	33	19	0.0531266014518349	0.0708546017595912	0.453376690070913	0.457902379662005	-0.00721036333355759	503.400844388057	0.889557321607373	0.985196711297125
SORL1	betareg	33	19	0.143107156478133	0.190869403745331	0.453396384436633	0.442680816255854	-0.0236847703461706	121.992670037081	0.889557321607373	0.985196711297125
RASL10B	betareg	33	19	0.0442652198834285	0.0591097394900689	0.453938528454759	0.454691516712592	-0.0074146225911015	879.717014614911	0.889557321607373	0.985196711297125
PNPO	betareg	33	19	0.0704532210352777	0.0942109580355792	0.454566288254772	0.455036987046473	-0.0116917456184671	599.15537049543	0.889557321607373	0.985196711297125
BCR	betareg	33	19	-0.0989756225344649	0.132380769101467	0.454666099414687	0.454031260814109	0.0178348902138185	420.431484005947	0.889557321607373	0.985196711297125
FAM20B	betareg	33	19	-0.059577924261167	0.0797126061901656	0.454816676667581	0.455490075817697	0.00820979837266735	719.959430169937	0.889557321607373	0.985196711297125
FBXL17	betareg	33	19	-0.119129039365103	0.159398976912076	0.454843936519927	0.449525360441959	0.0105795194456273	126.23580646887	0.889557321607373	0.985196711297125
KDM4C	betareg	33	19	-0.0756757658224754	0.101396904456378	0.455466818001112	0.457051727821203	0.0136907014801238	89.9588490262259	0.889557321607373	0.985196711297125
HNRNPA0	betareg	33	19	-0.110422631017747	0.148080539715456	0.455852851505463	0.455145547341385	0.00506894987228852	2473.71046803823	0.889557321607373	0.985196711297125
LRRC55	betareg	33	19	-0.135953376653279	0.182557501668024	0.456443807999049	0.472673035318654	0.0148395645039817	170.609371853146	0.889557321607373	0.985196711297125
FNDC3B	betareg	33	17	0.122649150248468	0.164806086117202	0.456753796176783	0.46740057971607	-0.0137638422121876	57.5196216585697	0.889557321607373	0.985196711297125
RRBP1	betareg	33	19	0.064348856052353	0.0864687905119889	0.45676400750471	0.456936226986135	-0.0118900850092102	61.4878820826701	0.889557321607373	0.985196711297125
KANTR	betareg	33	19	-0.0657006790193927	0.0885894438019213	0.458310927544249	0.4593394998165	0.00908223417498358	309.688144894261	0.889557321607373	0.985196711297125
DCX	betareg	33	19	0.126072829723232	0.170076191795762	0.458528140129393	0.456087048065677	-0.00142520610325136	8166.45148755675	0.889557321607373	0.985196711297125
NAPG	betareg	33	19	-0.044245602497285	0.0597369493082756	0.458891154935211	0.457001451394142	0.00536065532999986	1221.81460186572	0.889557321607373	0.985196711297125
CHORDC1	betareg	33	19	-0.0888380308489706	0.119967150824451	0.458984751028501	0.466823077328461	0.00959263305474165	207.768774857176	0.889557321607373	0.985196711297125
SIK2	betareg	33	19	0.0821428282299235	0.110972497619022	0.459173259909165	0.450428807176178	-0.0144522871768592	153.85891411207	0.889557321607373	0.985196711297125
NEDD4L	betareg	33	19	0.0446370050542265	0.060310206230289	0.459225019019234	0.457485318522926	-0.00547937250443005	1852.85625779244	0.889557321607373	0.985196711297125
AFAP1	betareg	33	19	-0.0784533995239849	0.106015127738989	0.459287374105145	0.458005975915744	0.00645295103119704	1344.32273477309	0.889557321607373	0.985196711297125
MAPKAPK5	betareg	33	19	0.0712305756302019	0.0962709290444151	0.459362469419373	0.464741007955047	-0.0097068191999955	385.330305728539	0.889557321607373	0.985196711297125
PRKACA	betareg	33	19	0.0745626562274718	0.100909865330948	0.459965575534119	0.450913733721421	-0.0119289468175631	312.253624296554	0.889557321607373	0.985196711297125
UBXN7	betareg	33	19	-0.0429720792651173	0.0581680222866624	0.460054090506485	0.461865620886863	0.00730481662043701	963.093863988668	0.889557321607373	0.985196711297125
MTHFD1	betareg	33	19	0.0940524989122067	0.127344483648249	0.460169655726215	0.459617508570661	-0.0177017823791875	109.638479815236	0.889557321607373	0.985196711297125
SRGAP2	betareg	33	19	-0.0617252282154521	0.083574459930354	0.460170767895864	0.461179632347696	0.0102152287289044	576.140978547647	0.889557321607373	0.985196711297125
CIAO1	betareg	33	19	0.0309593362842202	0.0419341009081951	0.460341010259939	0.461271999398942	-0.0056047220317676	1453.50144762627	0.889557321607373	0.985196711297125
FOXK1	betareg	33	19	0.0522509012326163	0.0707868309880174	0.460426719589743	0.464183554705672	-0.00878493879234683	440.93491204805	0.889557321607373	0.985196711297125
KRT222	betareg	33	19	-0.0648762327455819	0.0879108742742765	0.460528222007794	0.470738063515954	0.00574693190932904	629.148226851652	0.889557321607373	0.985196711297125
RPS6KA6	betareg	33	19	-0.0793927396112774	0.107611462324453	0.460652921523445	0.460086225573444	0.0111732272657222	310.688355130505	0.889557321607373	0.985196711297125
FAM210A	betareg	33	19	-0.0686094517620102	0.0930400118768888	0.460867720222044	0.465378812485409	0.0109858994624565	291.426723562437	0.889557321607373	0.985196711297125
RWDD2B	betareg	33	19	0.0660927497675252	0.0897039676179745	0.461251669134425	0.44834533094471	-0.00748097566920199	242.518845791435	0.889557321607373	0.985196711297125
CCNDBP1	betareg	33	19	0.0794884691325167	0.107915968755919	0.461379352035695	0.474392161964218	-0.00313630426583428	1005.60684150396	0.889557321607373	0.985196711297125
KICS2	betareg	33	19	-0.109133038920741	0.148229580601514	0.4615826316611	0.474943823059457	0.0144871631022457	63.862390120928	0.889557321607373	0.985196711297125
TMEM131	betareg	33	19	0.0707219834991141	0.0960678954695802	0.461629268193866	0.460060064004206	-0.0125735514994129	152.306599741656	0.889557321607373	0.985196711297125
RSF1	betareg	33	19	-0.0770732742961619	0.104734088744695	0.461794704617109	0.463222802814673	0.0140650146148147	335.675894695285	0.889557321607373	0.985196711297125
ANKRD6	betareg	33	19	-0.049130083749468	0.0667863484701442	0.461955515380143	0.462615056581818	0.00764320000774211	585.617004116329	0.889557321607373	0.985196711297125
RAB3C	betareg	33	19	-0.0824784458235229	0.112147898477935	0.462069422224127	0.461291332796995	0.0130673901680919	4339.63071689101	0.889557321607373	0.985196711297125
LAPTM4B	betareg	33	19	0.0234637070352563	0.0319136688902847	0.46220286084459	0.463537782614986	-0.00421405553378901	1406.55901054024	0.889557321607373	0.985196711297125
PDE12	betareg	33	19	-0.0428308753341536	0.058262301718455	0.462255000257197	0.463978854826658	0.00697757096704869	312.379213934007	0.889557321607373	0.985196711297125
MYO5A	betareg	33	19	0.0317770893194939	0.0432306897002526	0.46230381938792	0.462375647858651	-0.00571954117931344	489.634788795075	0.889557321607373	0.985196711297125
RAB11FIP2	betareg	33	19	-0.0873038841239795	0.118861172376858	0.462642250736653	0.458351015508674	0.00298684206789472	613.164386406827	0.889557321607373	0.985196711297125
MPZL1	betareg	33	19	-0.0550695310256143	0.075015203134325	0.462880722420724	0.464599422880798	0.00753847262396326	5121.62825544909	0.889557321607373	0.985196711297125
LUZP1	betareg	33	19	0.0884920553882936	0.120559274635447	0.462940913441035	0.478034359659012	-0.00525431269130499	364.939000786109	0.889557321607373	0.985196711297125
USP47	betareg	33	19	-0.0674006662579833	0.0918336651223678	0.462983541007388	0.462915213160744	0.00818235320614389	519.135560336173	0.889557321607373	0.985196711297125
FXR1	betareg	33	19	0.0715366221771118	0.0974783159040613	0.463026656516303	0.464244097257033	-0.0138926927733926	246.350607561906	0.889557321607373	0.985196711297125
PCGF2	betareg	33	19	-0.0456136119880326	0.062199046061925	0.463345559489372	0.468583978364248	0.00591731466442885	274.157798944596	0.889557321607373	0.985196711297125
SYT2	betareg	33	19	-0.0761274621196596	0.103839573406435	0.463481753831177	0.47163992488591	0.00821354317765177	1109.18160548147	0.889557321607373	0.985196711297125
SLC35F6	betareg	33	19	0.0780502398338625	0.106554175057031	0.463867413169805	0.461434668951134	-0.0144071850425204	533.469105105492	0.889557321607373	0.985196711297125
C3orf70	betareg	33	19	-0.0856413734468587	0.116934369594943	0.463931549499833	0.462629228691989	0.00686820171131301	632.198818244593	0.889557321607373	0.985196711297125
TLK1	betareg	33	19	-0.0668662342861239	0.0912993450200536	0.463933855642158	0.461565830243524	0.00990340150633314	449.499498251786	0.889557321607373	0.985196711297125
GUF1	betareg	33	19	0.0484494344664937	0.0661811708805766	0.464124140218088	0.467022352716375	-0.00693854409350134	350.903778607659	0.889557321607373	0.985196711297125
YWHAE	betareg	33	19	0.0259295781508415	0.0354561198912334	0.464587014433687	0.464865977469044	-0.00292429587334659	9593.2708987659	0.889557321607373	0.985196711297125
TBL1X	betareg	33	19	-0.149281715074765	0.204284651951241	0.464929758703746	0.480111319202094	0.0046272790760213	135.819069318039	0.889557321607373	0.985196711297125
STAMBP	betareg	33	19	0.100399472085984	0.137494205542797	0.465262594328153	0.466228793566345	-0.012547138997433	283.190819172593	0.889557321607373	0.985196711297125
DLK1	betareg	30	17	-0.168815910836867	0.231468278461488	0.465802067774463	0.465740530488697	0.00811126834931974	531.517850913627	0.889557321607373	0.985196711297125
JAKMIP2	betareg	33	19	0.0464477771450072	0.0636859044914094	0.465802356519556	0.46615803799455	-0.00872485601415862	391.927065776699	0.889557321607373	0.985196711297125
MLF1	betareg	33	19	-0.0793479063850062	0.10880197114559	0.465825879562062	0.47046372315825	0.0102882173501648	291.55074052253	0.889557321607373	0.985196711297125
PHIP	betareg	33	19	0.0854757926335703	0.117214351573477	0.465863221315482	0.463692187941735	-0.0140274614056325	278.701688429302	0.889557321607373	0.985196711297125
ALAD	betareg	33	19	0.0381571388472852	0.0523417980628593	0.466002035760596	0.464496558804375	-0.00395632466401638	568.455954221074	0.889557321607373	0.985196711297125
TMEM181	betareg	33	19	-0.0426274051530578	0.0585569542590759	0.466635095898445	0.46445517298703	0.00453852677000843	1107.08243469252	0.889557321607373	0.985196711297125
UBE2D1	betareg	33	19	0.0388253947900572	0.0533411409172757	0.466693415304607	0.470611535378257	-0.00582839074270319	873.368217723209	0.889557321607373	0.985196711297125
SIRT1	betareg	33	19	-0.0686225622362813	0.0942891689239406	0.466743133987724	0.472506098979317	0.0132885949830528	167.505451913752	0.889557321607373	0.985196711297125
GAS8	betareg	33	19	0.0410927279957754	0.0564941284863626	0.466992890481255	0.467585398068587	-0.00502971881815064	316.346239292719	0.889557321607373	0.985196711297125
KIF3C	betareg	33	19	0.0436787323846808	0.060085118786732	0.467258061418015	0.468094765599361	-0.00856455425295886	3180.96648069272	0.889557321607373	0.985196711297125
RCCD1	betareg	33	19	0.072040151463996	0.0992000531162157	0.467709542704239	0.473831620866291	-0.00942408651458961	314.266587715319	0.889557321607373	0.985196711297125
CEP104	betareg	33	19	0.0886334263738743	0.122054633555713	0.467729472703499	0.471547692911931	-0.0163110693584048	100.062556507505	0.889557321607373	0.985196711297125
OARD1	betareg	33	19	0.100475722621439	0.138473600478646	0.468087217910026	0.469504956550466	-0.00299757382164421	396.056682575617	0.889557321607373	0.985196711297125
ARL5B	betareg	33	19	-0.0629760755439654	0.0868123047900497	0.46818950847668	0.4751242661835	0.0068868973645139	594.743652981466	0.889557321607373	0.985196711297125
SPRYD4	betareg	33	19	-0.0553400274713316	0.0763100700362235	0.468329626759308	0.469938976940957	0.0098600383506957	783.616618143503	0.889557321607373	0.985196711297125
MPPED2	betareg	33	19	0.0679944277748394	0.0937679935175784	0.468369385794733	0.468312706488026	-0.0125682825405276	262.263409385961	0.889557321607373	0.985196711297125
NIPAL3	betareg	33	19	-0.0424295574996351	0.0585161095335572	0.468395648485067	0.469225238659357	0.00489111103923144	1743.04986354045	0.889557321607373	0.985196711297125
MRRF	betareg	33	19	0.110300858995383	0.152558603232549	0.469675901964407	0.480340490294151	-0.00434518452263251	276.589230789432	0.889557321607373	0.985196711297125
CCNC	betareg	33	19	0.0647136495984921	0.0895295800186035	0.46979131161891	0.463949725933382	-0.0111400367089931	564.034611542816	0.889557321607373	0.985196711297125
MEX3B	betareg	33	19	0.126965467261977	0.175677803546746	0.469853306935439	0.491248538574572	-0.0234778509362079	187.545077823954	0.889557321607373	0.985196711297125
RAPGEF4	betareg	33	19	0.0503788420251547	0.069775892935427	0.47028877376972	0.466747808508361	-0.00820730761650859	481.433488337022	0.889557321607373	0.985196711297125
DCAF12L2	betareg	33	19	0.0673364328532885	0.0932812783521363	0.470377858310069	0.475907899073618	-0.00964426110960811	229.177866058236	0.889557321607373	0.985196711297125
RAP1GDS1	betareg	33	19	-0.0612983537344347	0.0850524367000432	0.47108642403853	0.478277314224596	0.00809402234937271	1862.01184521998	0.889557321607373	0.985196711297125
CBLL1	betareg	33	19	0.0740587597881923	0.102797455546832	0.471257955949	0.475684757210959	-0.0104598622414725	569.093422450635	0.889557321607373	0.985196711297125
ING1	betareg	33	19	0.0823785950659098	0.114376099695548	0.471375339689523	0.476433265838336	-0.0104477564834709	283.721373658198	0.889557321607373	0.985196711297125
RIC8B	betareg	33	19	0.0460484878097351	0.063942013499084	0.471426417888551	0.470691395119869	-0.00600870851450211	413.880254417563	0.889557321607373	0.985196711297125
CCN3	betareg	33	19	0.0746164758432972	0.10366175648101	0.47164372809255	0.471507363086171	-0.0146128968695501	172.080328662888	0.889557321607373	0.985196711297125
SMPD3	betareg	33	19	-0.0569452374102701	0.0791615671912347	0.471922462995311	0.472676788693196	0.00984426859829794	1495.9038858287	0.889557321607373	0.985196711297125
DENND6B	betareg	33	19	-0.0785430935810495	0.109199075836952	0.471977542119761	0.474197437813872	0.0125128586249	403.550690649853	0.889557321607373	0.985196711297125
PELI2	betareg	33	19	-0.0571409854074387	0.0794561694597148	0.472047873676486	0.469101488397685	0.00567182503882682	577.464413905721	0.889557321607373	0.985196711297125
FEM1C	betareg	33	19	-0.0924078530678745	0.128577792334297	0.472330606488147	0.476989604931134	0.00935586315829814	415.303775090325	0.889557321607373	0.985196711297125
KIF1B	betareg	33	19	-0.0580900995517918	0.080831851871891	0.47235439277518	0.471960181699382	0.00935071950161803	4260.72007694967	0.889557321607373	0.985196711297125
ITGB1BP1	betareg	33	19	0.105879435004104	0.147464372973718	0.472757223223071	0.47396046469356	-0.0212546320952929	751.8468788629	0.889557321607373	0.985196711297125
MAP4K2	betareg	33	19	0.107407812195085	0.149702049860214	0.473079680732091	0.474125679976041	-0.0210347530982609	92.1161521271883	0.889557321607373	0.985196711297125
AMER2	betareg	33	19	0.0745649788640795	0.104150672273089	0.474032272325196	0.484544101393009	-0.00742730486470345	1113.23113127406	0.889557321607373	0.985196711297125
DUS4L-BCAP29	betareg	33	19	-0.114322068972453	0.159936727831437	0.474735355790553	0.473281786533375	0.0103241953070321	639.710133735593	0.889557321607373	0.985196711297125
MEGF9	betareg	33	19	0.0541249394442066	0.0757569520594692	0.47494582165103	0.475083827294186	-0.0100230093708579	563.329274143849	0.889557321607373	0.985196711297125
GLRB	betareg	33	19	0.0827934786505984	0.115968714085218	0.475270814241815	0.477914705017016	-0.00346317044369171	522.066354948482	0.889557321607373	0.985196711297125
IQGAP1	betareg	33	19	-0.0827033760002618	0.115883298298228	0.475426230895424	0.473053859109248	0.0146725336626666	71.1188853493962	0.889557321607373	0.985196711297125
CDC40	betareg	33	19	-0.0837544031817461	0.117398350316007	0.475585520837556	0.484987733344205	0.00986575142392251	68.0984997393069	0.889557321607373	0.985196711297125
ZNF207	betareg	33	19	0.0745044417239552	0.104463990225602	0.475717718882938	0.482049146846934	-0.00677234638887908	986.350128407948	0.889557321607373	0.985196711297125
ULK2	betareg	33	19	-0.0578086640003376	0.0812015540251722	0.476516957920063	0.473699645334304	0.00867909838384176	809.821647533074	0.889557321607373	0.985196711297125
ATG5	betareg	33	19	-0.0504452396695861	0.0708932701389734	0.476733576084161	0.473145543298212	0.00684709061341936	431.428059936358	0.889557321607373	0.985196711297125
GOPC	betareg	33	19	0.0534534653215784	0.0751356472361636	0.476820190217805	0.48435617228305	-0.00299947655675663	711.263211115326	0.889557321607373	0.985196711297125
NUP93	betareg	33	19	0.0385515249783648	0.0542568073962308	0.477370557164233	0.478508553289546	-0.00720992306452914	893.073979403789	0.889557321607373	0.985196711297125
LRATD1	betareg	33	19	0.0792745394556632	0.111579557989814	0.477409334168061	0.499738896018651	-0.000697155665316235	1309.53024153399	0.889557321607373	0.985196711297125
CCDC93	betareg	33	19	-0.0677682424722214	0.0954650514571758	0.477781725702175	0.482798753575046	0.00498946751226298	758.315506649216	0.889557321607373	0.985196711297125
SH3RF1	betareg	33	19	-0.0531653382904959	0.0748983470211299	0.477807537429112	0.479194538458168	0.00997885040419547	206.807281579592	0.889557321607373	0.985196711297125
ST6GALNAC5	betareg	33	19	0.0487882896755253	0.068755271419245	0.477956287781451	0.480334371425261	-0.0057877011137297	954.578716427108	0.889557321607373	0.985196711297125
RBFOX2	betareg	33	19	0.0279573188340158	0.0394005870704451	0.477973280546563	0.478779199248449	-0.00526388663045767	3480.35229010131	0.889557321607373	0.985196711297125
FYTTD1	betareg	33	19	0.0675686317865992	0.0952828028304639	0.47823900285749	0.487238883420459	-0.000351461513531167	2431.91352803903	0.889557321607373	0.985196711297125
MBTPS2	betareg	33	19	-0.0496608268779418	0.0701317002299885	0.47887811326125	0.482568425829163	0.00665050995216659	1027.37659698584	0.889557321607373	0.985196711297125
PEX5L	betareg	33	19	-0.0729873402948856	0.103090926548421	0.478951496374094	0.477411095878922	0.0134302466147618	616.504257271096	0.889557321607373	0.985196711297125
MAP3K2	betareg	33	19	0.0659248912104965	0.0932124455181669	0.479408537752811	0.480940732694756	-0.0101084052710774	604.69839009871	0.889557321607373	0.985196711297125
RANBP10	betareg	33	19	0.0732690708995582	0.103597367781286	0.479412135880475	0.481111575502352	-0.0116302780578056	305.549582337654	0.889557321607373	0.985196711297125
WDR91	betareg	32	19	0.111072635602098	0.157199466946749	0.479832914148317	0.485763383272458	-0.00334489726750992	152.423328193011	0.889557321607373	0.985196711297125
CTIF	betareg	33	19	0.0588488527192179	0.0832880779776293	0.479833771483013	0.482355112054039	-0.0109052785328229	1141.67731878146	0.889557321607373	0.985196711297125
HSPA4L	betareg	33	19	-0.0624845704177642	0.0884534611756496	0.479932072915277	0.482414400448181	0.0100850370985628	366.651220949868	0.889557321607373	0.985196711297125
FEM1B	betareg	33	19	-0.0519024787611765	0.0735470943793522	0.480372232353077	0.475987156798442	0.0076715327893893	1354.36505539578	0.889557321607373	0.985196711297125
UBE2W	betareg	33	19	0.0595105663453106	0.084357116653303	0.480524054365891	0.481576731801994	-0.010282186741094	755.634397558558	0.889557321607373	0.985196711297125
LZTFL1	betareg	33	19	0.0748011071839281	0.10603358699756	0.480531919932373	0.481547846682233	-0.0128160734277558	120.531316174151	0.889557321607373	0.985196711297125
PRKAR2B	betareg	33	19	-0.0574091333701848	0.0814381087410068	0.480846406869496	0.476020644142422	0.00716616188027775	3128.00884587711	0.889557321607373	0.985196711297125
ELAPOR2	betareg	33	19	-0.0625660906477937	0.088859222463332	0.481368312900617	0.494509820498604	0.00279021873687321	310.825565627189	0.889557321607373	0.985196711297125
ABCA1	betareg	33	19	-0.107601564963173	0.152839630785429	0.481422730283046	0.478400279367389	0.0206293838817182	99.6407860805918	0.889557321607373	0.985196711297125
PAICS	betareg	33	19	-0.0486098297107893	0.0690949263626527	0.481730240593846	0.485038485682325	0.0058073399716665	660.067438379737	0.889557321607373	0.985196711297125
ZFP36L1	betareg	33	18	-0.124243720280137	0.176720455315546	0.482023165040354	0.47258704585554	0.00922361737190563	99.409295978133	0.889557321607373	0.985196711297125
SLC38A2	betareg	33	19	-0.0372437216420306	0.0529812016439676	0.482080017321774	0.483759118730904	0.00343829621376419	2315.65155032049	0.889557321607373	0.985196711297125
NAV3	betareg	33	19	-0.0779744883720032	0.111005130040889	0.482404555587785	0.469387057939669	0.00375079990823263	517.281409163232	0.889557321607373	0.985196711297125
UBE2Q1	betareg	33	19	0.0462523200546705	0.0658662964760414	0.48254491569987	0.483849775345541	-0.00798578422920037	345.256030469012	0.889557321607373	0.985196711297125
GUCY1A2	betareg	33	18	-0.124759033236915	0.177697214942707	0.482624457429258	0.489443644509671	0.0226920224620926	161.351304647936	0.889557321607373	0.985196711297125
SEC22B	betareg	33	19	0.0529104732434622	0.0753737745087532	0.482695020146718	0.483792812346978	-0.00743151360964249	500.691941792201	0.889557321607373	0.985196711297125
RICTOR	betareg	33	19	-0.0719064596143495	0.102609564968616	0.483441971766542	0.487352668609781	0.0124359850602017	276.425468639582	0.889557321607373	0.985196711297125
MDM2	betareg	33	19	0.0495258465630353	0.070673993662085	0.483449812861462	0.485896692225467	-0.0093129362589381	410.392399506608	0.889557321607373	0.985196711297125
GABPA	betareg	33	19	0.118075517934878	0.168574331363465	0.483655106598746	0.476182943495098	-0.0196702451390119	130.071348476738	0.889557321607373	0.985196711297125
WIPF3	betareg	33	19	-0.0247758792025577	0.0353837993722652	0.483799890169339	0.485458159259769	0.00432783123087514	751.023152193542	0.889557321607373	0.985196711297125
TMEM168	betareg	33	19	-0.108391891623599	0.154832439441642	0.483890262013572	0.500434464117838	0.00736960754761643	245.19411897139	0.889557321607373	0.985196711297125
TMEM38B	betareg	26	18	0.153148561225357	0.2188499396956	0.48405971100554	0.518114915617938	-0.00628372660895625	51.2959810666552	0.889557321607373	0.985196711297125
SIRT3	betareg	33	19	0.0363947716916736	0.0520641130432349	0.484528544456693	0.485670918132285	-0.00646755377177914	390.53425399198	0.889557321607373	0.985196711297125
IKZF2	betareg	33	19	0.126261668000278	0.180644149899148	0.484581758357118	0.468817188172599	-0.0164252988975132	122.404290062482	0.889557321607373	0.985196711297125
ALG12	betareg	33	19	0.132443768274212	0.189496281302691	0.484598639528997	0.490675517253705	-0.00927451777346289	255.583086233305	0.889557321607373	0.985196711297125
SNTB2	betareg	33	19	0.0994315654497691	0.142288036542246	0.484674017276704	0.485548678607294	-0.0204934948025064	103.999358343547	0.889557321607373	0.985196711297125
GARRE1	betareg	33	19	-0.0804209076691486	0.11533817410771	0.48563894369084	0.485516585038068	0.0145142993943621	147.661468187273	0.889557321607373	0.985196711297125
SYT14	betareg	33	19	-0.106043021713876	0.152173093382543	0.485891729309767	0.517583961297687	0.00490419279538842	457.589979958788	0.889557321607373	0.985196711297125
RSPRY1	betareg	33	19	0.0539365608224268	0.077475816877808	0.486320583576112	0.486593222738992	-0.00981091425779452	284.316446887468	0.889557321607373	0.985196711297125
MOCS3	betareg	33	19	0.0642827644734608	0.0923901480630246	0.486569685510579	0.492468395893057	-0.00654869405291447	422.661103235828	0.889557321607373	0.985196711297125
RALA	betareg	33	19	0.0539934139131106	0.0776515815563619	0.486849004160801	0.491496626418475	-0.0087045855760968	1473.19814897743	0.889557321607373	0.985196711297125
EIF1AY	quasibinomial	25	5	-0.462973003760196	0.660696990471794	0.486851982211653	NA	0.423513686837805	87.6905990412551	0.889557321607373	0.985196711297125
GPR107	betareg	33	19	-0.0720197168971894	0.103580372159438	0.486865595535914	0.486473219068468	0.0121348318592085	503.750845009347	0.889557321607373	0.985196711297125
NFIX	betareg	33	19	0.144496789124745	0.207880813434097	0.486996144482908	0.475257377775202	-0.0170895725785306	52.9100562754	0.889557321607373	0.985196711297125
MUC20	betareg	33	19	0.109108944709839	0.157089200360063	0.487326818384856	0.491423755380295	-0.018001174781518	65.6582893743108	0.889557321607373	0.985196711297125
HUS1	betareg	33	19	0.0637334128051376	0.0917641629723032	0.487346828493621	0.485284644105519	-0.0110883520993008	155.493930185962	0.889557321607373	0.985196711297125
FAM8A1	betareg	33	19	-0.03930625746543	0.0565970283746155	0.487372896017765	0.488781288558797	0.00734574510467413	913.135708316108	0.889557321607373	0.985196711297125
HTR2C	betareg	33	19	-0.108646297046245	0.156677551808889	0.488034205865568	0.490348430732545	0.0126295258388484	191.66320626162	0.889557321607373	0.985196711297125
WDR33	betareg	33	19	-0.0809325953009334	0.116953636139634	0.488933682540338	0.493893083201288	0.00912139421054969	424.717535019427	0.889557321607373	0.985196711297125
CYB5R3	betareg	31	18	0.121809437080146	0.176025177634516	0.488937278483109	0.516475816838134	-0.000231998428664944	4830.49146081939	0.889557321607373	0.985196711297125
MYNN	betareg	33	19	-0.109859051333034	0.158779402205786	0.489001780265156	0.488149986559226	0.0242422026751637	128.012143780637	0.889557321607373	0.985196711297125
SLC7A1	betareg	33	19	-0.0756260464854004	0.109361631090317	0.489237142948036	0.490798967860166	0.0116401629426703	650.522980953631	0.889557321607373	0.985196711297125
DDA1	betareg	33	19	-0.0867457954586766	0.125464087986486	0.48931457953157	0.486989044058637	0.0112558036394561	1002.4996461708	0.889557321607373	0.985196711297125
WASF2	betareg	33	19	0.095101380711015	0.137758271924409	0.489974304875057	0.491205678938963	-0.0137416719087309	105.479563041631	0.889557321607373	0.985196711297125
SPRED2	betareg	33	19	0.0302832521262248	0.0439379765796371	0.49068025156182	0.492512838582446	-0.00524739172189966	814.421762841561	0.889557321607373	0.985196711297125
MXRA7	betareg	33	19	0.0336270196767234	0.048791702111495	0.49070027220863	0.493665151847028	-0.00484494311967867	1492.66735111474	0.889557321607373	0.985196711297125
DENND6A	betareg	33	19	-0.105441097262943	0.153050760830812	0.490867991289417	0.488626037219908	0.00328442581012181	89.369920341995	0.889557321607373	0.985196711297125
ARGLU1	betareg	33	19	0.0725036224278853	0.105246376247697	0.490889824149108	0.489938991052564	-0.0114560978747871	1128.7722981832	0.889557321607373	0.985196711297125
STK32A	betareg	33	19	-0.0818345295143035	0.11880607053486	0.4909443247785	0.499947390744311	0.00510951336079172	608.320260435417	0.889557321607373	0.985196711297125
FBXO25	betareg	33	19	-0.0550890010289811	0.0800931424041711	0.491571362631009	0.492271059529216	0.0105901017130115	509.879995950651	0.889557321607373	0.985196711297125
SPAST	betareg	33	19	-0.0638083665969772	0.0927873240819731	0.49165174065345	0.479821066716042	0.00529381512573149	765.59815572938	0.889557321607373	0.985196711297125
DNAJB5	betareg	33	19	0.0308605833772741	0.0449041086803169	0.491921908147618	0.491390588042803	-0.00548381658859453	709.78942593095	0.889557321607373	0.985196711297125
FHIP2A	betareg	33	19	-0.0692943509226522	0.100878461589772	0.492139901741332	0.489063220209205	0.00683847770139491	528.31118242421	0.889557321607373	0.985196711297125
PHF21B	betareg	33	19	0.116863264491587	0.170163296402903	0.492226872197994	0.494453534463644	-0.00600911001180148	91.8742511234228	0.889557321607373	0.985196711297125
TMTC1	betareg	33	19	-0.0943976295770764	0.137582727732942	0.492640334485356	0.50877606813692	0.0119748327751202	258.386593298516	0.889557321607373	0.985196711297125
BRWD1	betareg	33	19	0.090103553488517	0.131520835247275	0.493287396553797	0.495203983319434	-0.0146049516417491	97.7812435686564	0.889557321607373	0.985196711297125
LRRC58	betareg	33	19	-0.0823729886400545	0.120316897275821	0.493575168796152	0.491837643405097	0.0162384087025805	249.611989184928	0.889557321607373	0.985196711297125
TMEM117	betareg	33	19	0.0384104906419033	0.0561604922909582	0.494012114823242	0.497261656241945	-0.00567217302468986	639.618364725876	0.889557321607373	0.985196711297125
ZNF615	betareg	33	19	0.0744736846283647	0.108991355725024	0.494417924481386	0.501151994627741	-0.00640593527100479	233.090946796001	0.889557321607373	0.985196711297125
MTMR2	betareg	33	19	-0.0532371091957625	0.0779300188155463	0.494518413083285	0.495180707772754	0.00771474861566607	965.610378655527	0.889557321607373	0.985196711297125
USP25	betareg	33	18	0.111971689793803	0.163965530406017	0.494671463511457	0.510219732420482	-0.00863312441932739	119.795924461746	0.889557321607373	0.985196711297125
ZNF592	betareg	33	19	0.0527022715792707	0.07725093005518	0.495098687246672	0.492306214422708	-0.00822496659798246	210.005791915266	0.889557321607373	0.985196711297125
VSTM4	betareg	33	19	-0.0647629201850008	0.0949532339758441	0.495206889363025	0.49665598031617	0.0103708921691049	285.570718305134	0.889557321607373	0.985196711297125
POM121C	betareg	33	19	0.0656804303222102	0.0963864621203714	0.495600735586898	0.49530624801677	-0.0111617740999984	176.989869687547	0.889557321607373	0.985196711297125
TPR	betareg	33	19	0.0714155313451172	0.104921751431999	0.496089716296361	0.49553182549575	-0.0118974614266344	83.7103740566087	0.889557321607373	0.985196711297125
MBNL2	betareg	33	19	-0.0721041578244803	0.105992802897636	0.496330925468746	0.495192056276822	0.0140384097280753	390.678774319254	0.889557321607373	0.985196711297125
ARPP19	betareg	33	19	0.024331724804825	0.0357857511381669	0.496550217644057	0.497505051765185	-0.00439656321530391	3342.06640556254	0.889557321607373	0.985196711297125
AKAP11	betareg	33	19	0.111961238284133	0.164773723522782	0.496830744173479	0.476146245557575	-0.000347985051383038	409.719181999026	0.889557321607373	0.985196711297125
NKIRAS2	betareg	33	19	0.0563123226659872	0.082891383930187	0.496915656513113	0.498153407769817	-0.00619836032770827	3094.75559159106	0.889557321607373	0.985196711297125
FCF1	betareg	29	19	-0.108580805291672	0.159869509079001	0.497021313026232	0.502199295826496	0.00393628280580265	157.078534681073	0.889557321607373	0.985196711297125
MCMBP	betareg	33	19	-0.0752100725836632	0.110834864123759	0.497405445515412	0.49806777130212	0.012799871945549	209.012968783357	0.889557321607373	0.985196711297125
CUL3	betareg	33	19	0.0651357908457095	0.0960016052910642	0.497463295921884	0.509156075008075	-0.0105325232322535	438.355962211925	0.889557321607373	0.985196711297125
SAR1B	betareg	33	19	0.062355039568683	0.0919304793373372	0.497591184079464	0.501911345254269	-0.00912801408099095	708.527870989506	0.889557321607373	0.985196711297125
KIN	betareg	33	19	0.127683297630004	0.188276471953533	0.497664441415194	0.517411077247766	-0.0215443652272469	102.16942443567	0.889557321607373	0.985196711297125
KCNK10	betareg	33	19	0.0454649581080264	0.0670703782183414	0.497854493233043	0.496261622665589	-0.00761656036923792	604.121271907318	0.889557321607373	0.985196711297125
MRI1	betareg	33	19	0.0629968464020469	0.0929461412702973	0.497912484839135	0.499546340783126	-0.0112734178374172	139.735400042196	0.889557321607373	0.985196711297125
PNMA8B	betareg	33	19	0.133753533865726	0.197353671391898	0.497939591160166	0.503721766769811	-0.00200623510491099	713.25277952685	0.889557321607373	0.985196711297125
RFT1	betareg	33	19	-0.0930302093101394	0.13740314871031	0.498367732153968	0.499537811978531	0.0166489989722056	138.070837060862	0.889557321607373	0.985196711297125
SLC30A7	betareg	33	19	-0.0877741376733589	0.129648413608605	0.498395375650006	0.499786671702548	0.0169804842501874	300.963799187697	0.889557321607373	0.985196711297125
HELZ	betareg	33	19	-0.0685307626477024	0.101253700589113	0.498518706705397	0.497026734772256	0.0110658563891348	214.251395890316	0.889557321607373	0.985196711297125
SEC63	betareg	33	19	-0.0630954776439126	0.0932316790831364	0.498558196677266	0.492393341728463	0.00618932099018657	505.665166618665	0.889557321607373	0.985196711297125
DDX21	betareg	33	19	-0.0523488222446433	0.077359033365459	0.498596608804615	0.495632807451843	0.00953770977680289	263.954474050217	0.889557321607373	0.985196711297125
ARID5B	betareg	33	19	0.0563820984331493	0.0833624488700613	0.498819169165526	0.502993866351641	-0.00760539516685869	403.533148902953	0.889557321607373	0.985196711297125
PLXNA3	betareg	33	19	-0.066522454617941	0.0983708105702903	0.498887133552989	0.492778778251517	0.00828948914105954	474.058335909231	0.889557321607373	0.985196711297125
PMPCB	betareg	33	19	-0.0703179060999562	0.10399616155187	0.49893991112798	0.504236184288109	0.00854464943847038	423.772863621462	0.889557321607373	0.985196711297125
B3GALNT2	betareg	33	19	-0.0800545857518438	0.118410306638812	0.498991217788187	0.488252247950596	0.00330375123042484	348.557360919648	0.889557321607373	0.985196711297125
HNRNPUL2	betareg	33	19	0.0892102830903642	0.131966010469722	0.499034582993827	0.506926673919561	-0.0152642908653985	158.935034882662	0.889557321607373	0.985196711297125
SANBR	betareg	33	19	-0.053048556528869	0.0784884076017379	0.499118360919481	0.5030141527154	0.00349319110906189	332.645896691391	0.889557321607373	0.985196711297125
GCNT2	betareg	33	19	-0.0769550924893707	0.11396926421504	0.499531732775968	0.501816983361561	0.0114707531283256	153.148797344525	0.889557321607373	0.985196711297125
TWSG1	betareg	33	19	0.0837977375856945	0.124180775140076	0.499800023438535	0.512425338508186	-0.0110193978703742	153.53996577039	0.889557321607373	0.985196711297125
UNC5C	betareg	33	19	-0.0924284007966019	0.136973800962478	0.499809892116499	0.501374446789895	0.00448200758567017	521.35976117506	0.889557321607373	0.985196711297125
PDE4A	betareg	33	19	0.0641944259297759	0.0951774579507265	0.500011979001727	0.505282567476782	-0.00758997183468595	301.073858480884	0.889557321607373	0.985196711297125
LYSMD3	betareg	33	19	-0.0774643555469329	0.114911668316547	0.50023446257051	0.494148194439477	0.00921777628036657	253.761019241192	0.889557321607373	0.985196711297125
MMAB	betareg	33	19	0.0559261973769765	0.0829926687387883	0.500394520444536	0.501329984257674	-0.00955713240354398	483.345108097313	0.889557321607373	0.985196711297125
TIAM1	betareg	33	19	-0.057562652984251	0.0854626887661977	0.500602964726875	0.504886731884284	0.010756585825774	172.144873295143	0.889557321607373	0.985196711297125
BCL2L13	betareg	33	19	0.0286089988706339	0.0425219468599912	0.501071050924262	0.501382621012429	-0.00547235977082731	863.354281320266	0.889557321607373	0.985196711297125
ENTPD7	betareg	33	19	-0.063757054791971	0.0948729763252235	0.501567493259944	0.50314155437072	0.0105887250736271	203.13778089161	0.889557321607373	0.985196711297125
MANSC1	betareg	32	19	-0.133592320355728	0.198941915123448	0.501893018480422	0.49691804605107	0.00292344302533237	384.725657728565	0.889557321607373	0.985196711297125
DNAJC5	betareg	33	19	-0.042755974393219	0.0636831900803904	0.501974939877534	0.502071082138888	0.00717345863072832	1601.77086974643	0.889557321607373	0.985196711297125
JKAMP	betareg	33	19	-0.0679434083588206	0.101237246154868	0.502137368782727	0.518512634487971	0.00401332510173803	1246.64236085074	0.889557321607373	0.985196711297125
RTCA	betareg	33	19	-0.0659249898261775	0.0982820108775069	0.502364692883707	0.504827118163819	0.0133851189327691	486.29661793031	0.889557321607373	0.985196711297125
NXPE3	betareg	33	19	-0.100291247011303	0.149669636490023	0.502804165861499	0.509073532745338	0.0117994727800269	662.679603209779	0.889557321607373	0.985196711297125
ZNF169	betareg	33	19	-0.0780303552058951	0.11646788122433	0.502874895865432	0.509138811796851	0.010684644119502	55.5637355018885	0.889557321607373	0.985196711297125
NAMPT	betareg	33	19	-0.0638328475278601	0.095311287061769	0.503029795078762	0.504051753048863	0.0116691841117327	221.010852611874	0.889557321607373	0.985196711297125
TMCC1	betareg	33	19	0.0674418259679402	0.10070568809732	0.503053948055038	0.509740895579463	-0.0109782016125391	814.502683877395	0.889557321607373	0.985196711297125
NUB1	betareg	33	19	-0.0679239806353899	0.101475204124777	0.503262479972708	0.500450989095323	0.0104663137979725	185.267943632968	0.889557321607373	0.985196711297125
PPP1R8	betareg	33	19	-0.052457940024992	0.0783895907946274	0.503370950404073	0.504460740634672	0.00787610282604221	441.710840989161	0.889557321607373	0.985196711297125
MALT1	betareg	33	19	0.0774792436191924	0.115802405023397	0.503454524790778	0.50234656985755	-0.0172570248014982	101.748278484562	0.889557321607373	0.985196711297125
FNIP2	betareg	33	19	-0.0756600295760644	0.113140729336677	0.503670943150645	0.511193841114554	0.0106521153025311	544.741133496953	0.889557321607373	0.985196711297125
CHRDL1	betareg	33	19	-0.0858992566754996	0.12862042451959	0.504228819543523	0.503375817060042	0.0089265671791605	127.75501019287	0.889557321607373	0.985196711297125
ALDH3A2	betareg	33	19	0.0579560299532309	0.0868562546832	0.504603678764821	0.511304780118394	-0.00442427482154756	891.98631943942	0.889557321607373	0.985196711297125
BTNL9	betareg	33	19	0.0319167373448042	0.0478387371896836	0.504661321108009	0.506407926635861	-0.00551242467512289	477.662825273462	0.889557321607373	0.985196711297125
CAMK1D	betareg	33	19	-0.0621965918462142	0.0932545397845804	0.504800807476408	0.50901334720789	0.00556790660629273	957.024884426888	0.889557321607373	0.985196711297125
KDM5D	quasibinomial	25	4	-0.362334587737919	0.539788390661352	0.505277008351058	NA	1.18187259946975	80.1381775458129	0.889557321607373	0.985196711297125
SLC25A27	betareg	33	19	-0.0361634746329437	0.0542957181815138	0.505381360478164	0.506389243059599	0.0065708666005184	385.747711312084	0.889557321607373	0.985196711297125
ENTPD4	betareg	33	19	-0.0473223664014764	0.0710499532215634	0.505383234560699	0.507231067650435	0.00845196689260176	1188.84926866801	0.889557321607373	0.985196711297125
ZNF551	betareg	32	19	0.12231796823722	0.1837543373894	0.505628251291561	0.532431749407314	-0.00155023184022669	201.459778314251	0.889557321607373	0.985196711297125
RAPGEF1	betareg	33	19	0.052024318373733	0.0781782248857528	0.505757654052209	0.508429798555926	-0.00961787386906815	507.036958730634	0.889557321607373	0.985196711297125
GNB4	betareg	33	19	0.0716833221533059	0.107764544335461	0.505932388601238	0.507888158871946	-0.00957750953059246	487.898348977051	0.889557321607373	0.985196711297125
CCNG2	betareg	33	19	0.0841531052669346	0.126531036591369	0.506000117307631	0.500473831261078	-0.00668306422624173	401.55333962312	0.889557321607373	0.985196711297125
CARNMT1	betareg	33	19	0.0801261251010596	0.120640001261314	0.506578035005756	0.507198523392145	-0.0148802353485992	73.7772526798971	0.889557321607373	0.985196711297125
ZBTB8B	betareg	33	19	0.0808373459055658	0.121812921445985	0.506934315560587	0.510720040741551	-0.00485217161739598	247.235495235092	0.889557321607373	0.985196711297125
RNF2	betareg	33	19	0.049482975468995	0.0746329363806305	0.507319066661072	0.508184219635138	-0.00818459944009976	378.700188222771	0.889557321607373	0.985196711297125
ERCC2	betareg	33	19	0.0541380608156701	0.0816777576314192	0.507442631534052	0.513367838005024	-0.00377388354081789	240.264286560997	0.889557321607373	0.985196711297125
PGBD4	betareg	33	19	0.100660181874136	0.151962495539541	0.507713955782332	0.507510794744706	-0.0122582588062339	179.56719820502	0.889557321607373	0.985196711297125
PPP6C	betareg	33	19	0.0591285511006449	0.0892986888532543	0.507879225950218	0.509111687088696	-0.00958217152337443	535.337190526304	0.889557321607373	0.985196711297125
VPS54	betareg	33	19	0.0743611025637937	0.112390937393053	0.508209022725941	0.513560687921358	-0.0114229958474501	109.408072397171	0.889557321607373	0.985196711297125
ADAP2	betareg	33	19	0.0853699840775376	0.129053491619426	0.508286253347078	0.509026357009558	-0.0178697906555687	67.4445348199519	0.889557321607373	0.985196711297125
RUNX1T1	betareg	33	19	-0.0434289171022478	0.0656807449820327	0.508476167987908	0.509518940342329	0.00177009310544452	5024.31729295585	0.889557321607373	0.985196711297125
ARFIP2	betareg	33	19	0.0580135647381955	0.0877400251180328	0.508485083460089	0.502239930589266	-0.00487870330572696	881.533619751765	0.889557321607373	0.985196711297125
TMEM33	betareg	33	19	0.0637444895450028	0.0964307406005829	0.508587241793442	0.508710299261443	-0.00787020089142654	972.702714833998	0.889557321607373	0.985196711297125
HIVEP2	betareg	33	19	-0.0657556185023946	0.0995361776530346	0.508855853905128	0.509770046962599	0.0112266794683914	292.384877313289	0.889557321607373	0.985196711297125
TNFAIP1	betareg	33	19	0.0209645916360854	0.0317356576262714	0.508868541412433	0.509542708581361	-0.00382312438046688	1427.57685626861	0.889557321607373	0.985196711297125
MRPS18C	betareg	33	19	0.076478404011762	0.115774543192401	0.508881386803115	0.515843293991992	-0.0090443647986941	470.529584575205	0.889557321607373	0.985196711297125
MAGI1	betareg	33	19	0.065674153879382	0.0994805497337717	0.509144229882583	0.518881554909745	-0.00510187194482899	336.776808095093	0.889557321607373	0.985196711297125
PTAR1	betareg	33	19	0.106513799422225	0.161410389557535	0.509321648828324	0.50854890644764	-0.0131734837493118	275.30231132506	0.889557321607373	0.985196711297125
SKA2	betareg	33	19	-0.0475051440849488	0.0720178537629017	0.509491233307924	0.51752311381657	0.00802921098221251	769.254446061465	0.889557321607373	0.985196711297125
LIG3	betareg	33	19	-0.0575987896713741	0.0873758876118532	0.50976290445542	0.511736448775702	0.00985112000396351	220.893345612824	0.889557321607373	0.985196711297125
JDP2	betareg	33	19	0.0507655557273602	0.0770555945476249	0.510013121894335	0.508870843150977	-0.0092266123647322	153.932468038164	0.889557321607373	0.985196711297125
TMEM18	betareg	33	19	-0.065661937203488	0.0996764637521537	0.510055889805712	0.510270517287668	0.0119059665751137	386.609661568477	0.889557321607373	0.985196711297125
CRIPT	betareg	33	19	0.0657942202793717	0.099887850022991	0.510100692042584	0.513942047417308	-0.00833203443998928	321.991810784701	0.889557321607373	0.985196711297125
LRP11	betareg	33	19	0.0494990254546451	0.0752098338649288	0.510444540818841	0.513557073761992	-0.0091077039496357	622.857700208634	0.889557321607373	0.985196711297125
MECR	betareg	33	19	-0.0550556314972638	0.0836608961213703	0.510486196821767	0.511218034124295	0.0102960496355875	366.360645846359	0.889557321607373	0.985196711297125
GRIN2A	betareg	33	19	0.090999578631772	0.138349109666619	0.510696689330431	0.509642056002456	-0.0168433510256994	232.641212177952	0.889557321607373	0.985196711297125
EMC10	betareg	33	19	-0.0782343794876832	0.119075477771315	0.511171247479323	0.510502388973104	0.0113701106399748	896.31598458078	0.889557321607373	0.985196711297125
KANSL1L	betareg	33	19	-0.0988640915773853	0.150527351426623	0.511319234275213	0.529528210808928	0.00957716704716538	139.577223291585	0.889557321607373	0.985196711297125
ALDH1L2	betareg	33	19	-0.0870470516742492	0.132567494644275	0.511422455565379	0.515221682572699	0.00472581326214881	288.061040682317	0.889557321607373	0.985196711297125
MAPRE1	betareg	33	19	-0.0319463191555733	0.0486549792004936	0.511445289604994	0.512018166337443	0.00568591326083632	1884.75956301096	0.889557321607373	0.985196711297125
XPO4	betareg	33	19	-0.100584218319088	0.153340259434079	0.511853462686304	0.51750419001727	0.00989298139510526	260.535969251517	0.889557321607373	0.985196711297125
GNPDA1	betareg	33	19	0.0482010678119914	0.0734845391474144	0.511866064439839	0.515845736049112	-0.00655053454152863	337.099161503731	0.889557321607373	0.985196711297125
RRP7A	betareg	33	19	0.0442614634104914	0.0675284254287331	0.512178478629605	0.508276467642478	-0.00794843990883996	979.105275240015	0.889557321607373	0.985196711297125
KIAA0232	betareg	33	19	-0.0657676600014275	0.10041026169592	0.512474559947264	0.523570970942174	0.00270652584488975	660.172908587496	0.889557321607373	0.985196711297125
MKRN2	betareg	33	19	0.0237928156040648	0.0363293152641541	0.51251890020602	0.513443985647717	-0.00403316307416539	571.140913947004	0.889557321607373	0.985196711297125
ATP2B2	betareg	33	19	-0.0635673026369394	0.0971102498675697	0.512732399694118	0.512993335364658	0.00462896937016982	856.142681995919	0.889557321607373	0.985196711297125
RAB22A	betareg	33	19	0.048938728552838	0.0748402317274261	0.513170198787799	0.514163613755343	-0.00870622769981064	822.881064022723	0.889557321607373	0.985196711297125
RBMXL1	betareg	33	19	0.0601837690031102	0.0921705792696254	0.513781593611478	0.513719029185695	-0.0122770290363064	366.344521987739	0.889557321607373	0.985196711297125
EIF3E	betareg	32	19	-0.106005811705318	0.162394081614724	0.513905253539139	0.512372283247474	0.0154014541563128	124.838288373436	0.889557321607373	0.985196711297125
CASP2	betareg	33	19	-0.0750736216543073	0.115195858464417	0.514592030162599	0.512435811048385	0.0116552874641157	181.916239471533	0.889557321607373	0.985196711297125
RNF168	betareg	33	19	0.0971216607715485	0.149130732358581	0.51488394460047	0.518438114864634	-0.0153581578252612	311.805368567557	0.889557321607373	0.985196711297125
SGSM1	betareg	33	19	0.0456800384566036	0.0701561786776792	0.514969510937113	0.514589475864651	-0.00870702536934439	324.782586311945	0.889557321607373	0.985196711297125
SLC9A3R2	betareg	31	19	0.165841437675537	0.254702476054782	0.514970138296122	0.502230843385274	-0.0157784741422451	377.310089695933	0.889557321607373	0.985196711297125
LDLRAD3	betareg	33	19	-0.0616883646591776	0.0947701195153069	0.515094053574108	0.525124336143769	0.00812987439620792	1088.87492309554	0.889557321607373	0.985196711297125
ZNF559	betareg	33	19	0.109247367859084	0.167865787595638	0.515174395310686	0.52288325588381	-0.00254134860387685	266.138239257631	0.889557321607373	0.985196711297125
UHRF1BP1	betareg	33	19	-0.062454922094431	0.09599464841768	0.515299323523018	0.515958831549703	0.0113132878805789	289.66328022753	0.889557321607373	0.985196711297125
USP49	betareg	33	19	-0.089525828034366	0.137734332120624	0.515699199308285	0.517052061749734	0.0125269496440697	141.915834256596	0.889557321607373	0.985196711297125
NAA30	betareg	33	19	-0.038500456532061	0.0592507326949549	0.515828719537723	0.515827288683153	0.00681444360173675	541.01628059036	0.889557321607373	0.985196711297125
ARL1	betareg	33	19	0.0385287792966323	0.0593048462234183	0.515903229002929	0.520459492130123	-0.00672416901838955	783.503132291336	0.889557321607373	0.985196711297125
PDGFA	betareg	33	19	0.0942208230969897	0.145050482250574	0.515968317973985	0.513099682941412	-0.0181928122432416	157.638481151644	0.889557321607373	0.985196711297125
ERLIN2	betareg	33	19	-0.0976468350095482	0.150560448265323	0.516625605492389	0.517790352733558	0.0057730291433413	81.2591322615691	0.889557321607373	0.985196711297125
KCNH5	betareg	33	19	-0.0980920382054462	0.15128358716323	0.516727294907373	0.514310541327969	0.00620251808436657	162.130738774962	0.889557321607373	0.985196711297125
MFHAS1	betareg	33	19	-0.0849886272711515	0.131078699075882	0.516740088899266	0.528740964491549	0.00467092958530716	189.82596658176	0.889557321607373	0.985196711297125
SNX29	betareg	33	19	-0.0692552097103834	0.106853339373335	0.51689872414116	0.517344526977894	0.0131494151146012	177.622462085902	0.889557321607373	0.985196711297125
PID1	betareg	33	19	0.0390569207850761	0.0602816172554004	0.517044684571021	0.518788093916454	-0.00625891380632706	908.69096942471	0.889557321607373	0.985196711297125
RNF115	betareg	33	19	0.0691490536579943	0.106801495447176	0.517338167397686	0.518345713767865	-0.0132189172069461	448.396837512944	0.889557321607373	0.985196711297125
ANKRD12	betareg	33	19	0.126175044303304	0.194978277102069	0.517551953414627	0.508015363517624	-0.0119894711479141	315.127141842797	0.889557321607373	0.985196711297125
F7	betareg	28	18	0.147989843364251	0.229056813487345	0.518225236375737	0.584854589046557	-0.0212272853015978	88.8881486666135	0.889557321607373	0.985196711297125
RNF180	betareg	33	19	0.0704990673131388	0.109211644002093	0.518585712813467	0.518006405186868	-0.0115103133004309	206.459733261633	0.889557321607373	0.985196711297125
STT3B	betareg	33	19	-0.040843137929799	0.0633426550844793	0.519058910439402	0.520890898579982	0.00727101156979527	794.776173268526	0.889557321607373	0.985196711297125
PPIP5K2	betareg	33	19	0.110644534234463	0.171857325535897	0.51969461250549	0.514439705650303	-0.00797911355072718	839.502918546398	0.889557321607373	0.985196711297125
C9orf85	betareg	33	19	-0.0678573495555166	0.105412802148656	0.519750739199559	0.519949071990943	0.012679952923323	153.095815354326	0.889557321607373	0.985196711297125
KSR1	betareg	33	19	0.0596567744194846	0.0927648636410529	0.520161378493546	0.518818529604969	-0.0111466753171921	207.551178818651	0.889557321607373	0.985196711297125
POLR2J3	betareg	33	19	0.0762839491585655	0.118624492218093	0.520178149406304	0.521981773708539	-0.0121277425754579	112.351500064785	0.889557321607373	0.985196711297125
PICALM	betareg	33	19	-0.0468733014921035	0.0728990478584926	0.520231098595625	0.521498683448314	0.00687256674451386	709.468781771383	0.889557321607373	0.985196711297125
BCDIN3D	betareg	33	19	-0.0776731772869441	0.120866704395626	0.520460952350187	0.528422722538699	0.00644267729217582	249.084476458184	0.889557321607373	0.985196711297125
MAPK4	betareg	33	19	-0.0361249061462516	0.0562203291288552	0.520509974552409	0.522622877413875	0.00595736935764496	408.467164737899	0.889557321607373	0.985196711297125
BCAR1	betareg	33	19	0.11828701529919	0.184529967898221	0.521511043427092	0.514666076632584	-0.000739051663957455	917.892298025214	0.889557321607373	0.985196711297125
CHM	betareg	33	19	0.0576572865178278	0.0899743510509534	0.521640194163862	0.524434211482441	-0.00706366111060737	319.43797085083	0.889557321607373	0.985196711297125
CCDC152	betareg	32	19	-0.128080055144477	0.199914529546614	0.521734464986774	0.528406689759023	0.025412009754041	55.2818782602285	0.889557321607373	0.985196711297125
GABBR2	betareg	33	19	-0.043067175383839	0.0672407610881657	0.521852732105625	0.521566825976616	0.00580373441602826	1391.5431255834	0.889557321607373	0.985196711297125
COA5	betareg	33	19	0.0319953575129678	0.0499663256092231	0.521952614326863	0.52224084415987	-0.0054152292019813	480.80180300028	0.889557321607373	0.985196711297125
TBL1XR1	betareg	33	19	0.0904343497092775	0.141292792440369	0.522140563416915	0.522617094320869	-0.0200647308228304	822.033628308178	0.889557321607373	0.985196711297125
CABLES1	betareg	33	19	0.0949690816237039	0.14845640504524	0.522361000777366	0.532015350282975	-0.0151043843555973	111.349997897076	0.889557321607373	0.985196711297125
EXOC8	betareg	33	19	-0.074831289222338	0.117056432095866	0.522643834545589	0.523009552358287	0.0115484021464653	313.188124968225	0.889557321607373	0.985196711297125
IL17RD	betareg	33	19	0.0582621693203455	0.0911879168662015	0.522872226304572	0.52514607965308	-0.00695842321771414	311.61971913482	0.889557321607373	0.985196711297125
RSPO2	betareg	33	19	-0.0565406984547403	0.0886283537570397	0.523504464313091	0.511511222083401	0.00227435965142867	286.445380574084	0.889557321607373	0.985196711297125
RGS8	betareg	33	19	-0.110040545457759	0.172562030683702	0.523677518313513	0.52455340180466	0.0105806869192483	117.59894344171	0.889557321607373	0.985196711297125
ZFPM1	betareg	32	19	0.122269868200733	0.191895390787803	0.524014516836593	0.498197165162314	-0.01195114162027	120.75513995503	0.889557321607373	0.985196711297125
FZD3	betareg	33	19	-0.0595487039727499	0.0934823798732818	0.524121861408792	0.526321226319465	0.00999993415650692	698.349603635217	0.889557321607373	0.985196711297125
OGFRL1	betareg	33	19	0.0511651441271569	0.0803320669783284	0.524176597595701	0.522639904191896	-0.00833464961996187	388.662299584407	0.889557321607373	0.985196711297125
SFT2D2	betareg	33	19	-0.08386813509921	0.131786321761242	0.52451910351387	0.532794807024742	0.0128925833685045	371.797963691732	0.889557321607373	0.985196711297125
SRD5A3	betareg	33	19	0.0614695866775606	0.0966300037048659	0.524689383891118	0.524728876057813	-0.006797811700897	296.837201172331	0.889557321607373	0.985196711297125
PARD6B	betareg	33	19	-0.0927918585552535	0.145898378877043	0.524774234842862	0.540659373833506	0.0149983514595943	214.169829304819	0.889557321607373	0.985196711297125
EP400	betareg	33	19	-0.0532520582214945	0.0838694967619271	0.525467859225123	0.528162807944336	0.009275543458099	210.518227333656	0.889557321607373	0.985196711297125
FGFBP3	betareg	33	19	0.0498296172996404	0.0785234250621398	0.525700529328947	0.527943963600164	-0.00780314750055906	485.690580785317	0.889557321607373	0.985196711297125
PXK	betareg	33	19	-0.0455080225553048	0.0717133392951189	0.525700813568247	0.525990043597012	0.00704669489488456	208.318588889789	0.889557321607373	0.985196711297125
STK24	betareg	33	19	-0.0500616577270986	0.0789089189082625	0.525804599438468	0.526573183940669	0.00913478099299343	1719.64004025334	0.889557321607373	0.985196711297125
GID8	betareg	33	19	0.0462081199720496	0.0729731088614971	0.526589199711342	0.530004783331556	-0.00657484623291917	671.637261920551	0.889557321607373	0.985196711297125
SAYSD1	betareg	33	19	0.0466545753766517	0.0736945940018997	0.526681386096406	0.526750703617474	-0.00709849264965472	360.14662035892	0.889557321607373	0.985196711297125
CASZ1	betareg	33	19	-0.0549730735849932	0.0868808025948768	0.526902582988225	0.527256093943218	0.00994476463745216	174.835984249919	0.889557321607373	0.985196711297125
YY1	betareg	33	19	-0.0422549834622578	0.0668752520630218	0.527486310563726	0.529444165109888	0.00654540967580554	699.419474470594	0.889557321607373	0.985196711297125
CAND1	betareg	33	19	0.0618598765746891	0.0980445447037798	0.528082080349152	0.525497362505849	-0.00818544808572384	1538.18775703598	0.889557321607373	0.985196711297125
SPATA6	betareg	33	19	-0.0730229498195342	0.11576225544337	0.528170630691058	0.529246562043602	0.0128362241676312	60.1439038496422	0.889557321607373	0.985196711297125
PCMTD2	betareg	33	19	0.0330098316771633	0.0523533218738009	0.528354232161844	0.526758952824673	-0.00622674149346271	641.397049313295	0.889557321607373	0.985196711297125
LMO3	betareg	33	19	0.0568013308553033	0.0902359783082547	0.529037852066358	0.53312071140774	-0.0071339495292733	650.019234960218	0.889557321607373	0.985196711297125
NTMT1	betareg	33	19	0.0643785597927955	0.102284411448438	0.529082410926822	0.530715735904339	-0.00864616279181761	1105.88238396754	0.889557321607373	0.985196711297125
TTLL4	betareg	33	18	-0.1199660276937	0.190616975739628	0.52911570686026	0.543659348576878	0.0118478739118043	50.7193536085148	0.889557321607373	0.985196711297125
CDH6	betareg	33	19	-0.0606512602278992	0.0964699994821769	0.529541598646418	0.529151730010811	0.00344392011821166	391.827893283718	0.889557321607373	0.985196711297125
TSC22D2	betareg	33	19	0.0557300617038565	0.0886514587129894	0.529583225398714	0.530893500535775	-0.010233840642648	581.442946761783	0.889557321607373	0.985196711297125
ARFGEF3	betareg	33	19	-0.0371680481605236	0.0591345900963485	0.529654759923779	0.530596073351339	0.00658818202119002	858.789058435491	0.889557321607373	0.985196711297125
PTPN18	betareg	33	19	0.0215221294022608	0.0342558318396902	0.529822913906828	0.529528236379726	-0.0032279125333963	919.316572544732	0.889557321607373	0.985196711297125
UCK2	betareg	33	19	-0.0453298493694707	0.0722107702589215	0.530171914035954	0.5305230700191	0.00505317741185212	925.437389242835	0.889557321607373	0.985196711297125
TTC21B	betareg	33	19	0.111995020086289	0.178429572680697	0.530219663809398	0.512684378410695	-0.00337272035290758	75.0979483921352	0.889557321607373	0.985196711297125
PRMT7	betareg	33	19	0.070491862739797	0.112310768302479	0.53023319392833	0.530726660213804	-0.0126890482156254	195.62983969992	0.889557321607373	0.985196711297125
ANO3	betareg	33	19	-0.144675111566756	0.230832983161535	0.530821591286148	0.53516893561305	0.0257379806140656	67.8903183366918	0.889557321607373	0.985196711297125
ZSCAN32	betareg	33	19	-0.0972494567194533	0.155195261804753	0.530904122928052	0.560040282384154	0.00384323125399789	261.029077229113	0.889557321607373	0.985196711297125
CHL1	betareg	33	19	-0.071651688090955	0.11437069166336	0.530995924692064	0.536569742325928	0.0138456997469115	321.507656861465	0.889557321607373	0.985196711297125
CEP97	betareg	33	19	-0.0711004740827807	0.113506537313154	0.531052730251635	0.527843300406978	0.00618990839981932	236.840969153742	0.889557321607373	0.985196711297125
INTU	betareg	33	19	-0.120432168027106	0.192317439987517	0.531173580829376	0.544335865941902	0.0150451029070043	82.7340581707052	0.889557321607373	0.985196711297125
LRP8	betareg	33	19	0.0405028777777267	0.0646833011236168	0.531202072351488	0.532368642943517	-0.00753353749955284	606.711034050964	0.889557321607373	0.985196711297125
PRR29	betareg	33	19	0.0734258247935745	0.11729314776814	0.531313183793176	0.531124401602898	-0.0130349757311482	74.258442016309	0.889557321607373	0.985196711297125
UBE3C	betareg	33	19	0.0359834367062082	0.0574847951943384	0.531338276368891	0.532251199423963	-0.00616862596394391	511.945573310484	0.889557321607373	0.985196711297125
HAUS5	betareg	33	19	-0.119997460556356	0.191755688872837	0.531457248538974	0.539655782085588	0.00794622383769736	94.4137867487294	0.889557321607373	0.985196711297125
BCAT1	betareg	33	19	-0.0647729630968856	0.103552472132018	0.53163729804851	0.531728491095686	0.0108860855533188	1803.37012341608	0.889557321607373	0.985196711297125
NDUFA4	betareg	33	19	0.0728838311214871	0.116536588811491	0.53169815435759	0.525731312735253	-9.53817231803983e-05	10438.9620169676	0.889557321607373	0.985196711297125
NDUFB5	betareg	33	19	0.0500567878669631	0.0800510273808969	0.531766962762205	0.526438565527241	-0.00873170905419169	1088.57450879758	0.889557321607373	0.985196711297125
UBL3	betareg	33	19	0.0473084483715449	0.075661183645252	0.531795773555259	0.530489943549745	-0.00827335338315828	805.393984434303	0.889557321607373	0.985196711297125
TYSND1	betareg	33	19	0.0602911893437394	0.0965677762979566	0.532403885492676	0.536049635357498	-0.00879301162464423	141.178397651179	0.889557321607373	0.985196711297125
ANKRD28	betareg	33	19	-0.0597432877215014	0.0957120818570261	0.532497576297205	0.534505882984949	0.0118951324554128	404.290625692002	0.889557321607373	0.985196711297125
ATAD2B	betareg	33	19	-0.0870415364945899	0.139503100547261	0.532667121828054	0.532975380718213	0.0101454953457611	83.2884081197559	0.889557321607373	0.985196711297125
NFIB	betareg	33	19	-0.0639049831069296	0.102643855328105	0.533554335087086	0.538673510076118	0.00598156357000787	174.716798159531	0.889557321607373	0.985196711297125
SLC25A46	betareg	33	19	-0.0683589495674999	0.109801315003236	0.533567460481469	0.531072541461482	0.0120726716644833	1104.68488307663	0.889557321607373	0.985196711297125
ME2	betareg	33	19	-0.058490231224092	0.0939820489218158	0.533708231268338	0.532002110069964	0.00834170833308793	543.080846944307	0.889557321607373	0.985196711297125
WDR3	betareg	33	19	0.0669796975842904	0.107804787516226	0.534398695568605	0.541073570212068	-0.00607235212241178	240.176374582342	0.889557321607373	0.985196711297125
FRRS1L	betareg	33	19	-0.0491626904412553	0.0791874652783525	0.534705363139601	0.533814598729811	0.0069778538686249	1460.15608633086	0.889557321607373	0.985196711297125
ZNF101	betareg	33	19	-0.115276668473796	0.185727929454037	0.534813531704815	0.539714425160704	0.0279700357474375	63.6395190152496	0.889557321607373	0.985196711297125
ST8SIA2	betareg	33	19	-0.055270674134686	0.0891453454743225	0.535253651599063	0.535830450618581	0.00946375429861894	1628.59055265458	0.889557321607373	0.985196711297125
CFLAR	betareg	33	19	-0.0664009447917169	0.107127815380634	0.535370262497735	0.535680402341943	0.00726215651242618	218.505755160981	0.889557321607373	0.985196711297125
CFAP410	betareg	33	19	-0.0561590752521075	0.0909563051759344	0.536951692185859	0.533780009279315	0.00845021473742558	532.76929646105	0.889557321607373	0.985196711297125
DROSHA	betareg	33	19	0.0749185135241218	0.121407460927834	0.537179800126437	0.540463385235724	-0.00580538722613364	161.373671779538	0.889557321607373	0.985196711297125
CRIM1	betareg	33	19	-0.0753998199935082	0.12222704249448	0.537311709898802	0.526918527758687	0.00364646068721881	498.298894204249	0.889557321607373	0.985196711297125
ADCYAP1	betareg	33	19	0.0396082152549688	0.0642320256018045	0.537470366315874	0.536729826113197	-0.00586158995914759	1171.25671863421	0.889557321607373	0.985196711297125
METTL6	betareg	33	19	0.0705970843754341	0.114554175547658	0.5377118271037	0.536862491695151	-0.0132501094247695	98.1147483146282	0.889557321607373	0.985196711297125
ACOT13	betareg	33	19	0.0656831123564126	0.106648210394457	0.537969931414448	0.539002984557004	-0.013005824318504	280.952224310479	0.889557321607373	0.985196711297125
PLEKHA3	betareg	33	19	0.0731634939700189	0.118819767872317	0.538058299081871	0.538535757835499	-0.0102449389160285	215.565239097626	0.889557321607373	0.985196711297125
IER5L	betareg	33	19	0.0705290234109272	0.11457977426825	0.538194767017711	0.563534456285665	-0.00479693158661891	550.014766473829	0.889557321607373	0.985196711297125
SECISBP2L	betareg	33	19	-0.119204193828962	0.193766967950611	0.53842689003943	0.525201495284859	0.00411243654655595	117.735463112094	0.889557321607373	0.985196711297125
CLVS2	betareg	33	19	-0.0609455980437329	0.0991037852385127	0.538576243770751	0.538728581440094	0.0103713238014531	270.977245901871	0.889557321607373	0.985196711297125
FAM241A	betareg	32	19	0.13241498653665	0.215346597865174	0.538625781782724	0.4999160689862	-0.00425018943523212	193.894969790224	0.889557321607373	0.985196711297125
TGFB2	betareg	33	19	-0.0871528999420185	0.141827298322613	0.538884856055072	0.536770430837731	0.0146700870887891	69.4873366349325	0.889557321607373	0.985196711297125
CNOT8	betareg	33	19	0.0376001301879074	0.0611884874629166	0.538887082210904	0.539772475733473	-0.00660337134244922	900.98677692482	0.889557321607373	0.985196711297125
NUDCD2	betareg	33	19	0.0773946409291378	0.125948923273755	0.538890073477353	0.533851871155949	-0.0107165753866006	308.556626779177	0.889557321607373	0.985196711297125
NFYA	betareg	33	19	-0.071673552359203	0.116653604286784	0.53894209973958	0.535941925987645	0.0126682151792337	323.878158733418	0.889557321607373	0.985196711297125
TBX3	betareg	33	19	0.0783539628674452	0.127739758071546	0.539620190579453	0.543390380275188	-0.0175973986869552	200.416842900491	0.889557321607373	0.985196711297125
ADAT1	betareg	33	19	0.0553449399653407	0.0903295729269938	0.54007464468569	0.543719931146233	-0.0065857056675031	447.873705355553	0.889557321607373	0.985196711297125
CHMP2B	betareg	33	19	0.06522276559823	0.106549411302606	0.540447562622715	0.541903731098933	-0.00905359254730178	407.991960297512	0.889557321607373	0.985196711297125
MTMR3	betareg	33	19	-0.0466221868500393	0.0761676927599615	0.540472100359483	0.53501636078727	0.00344164567207877	728.670713610259	0.889557321607373	0.985196711297125
MARF1	betareg	33	19	0.0529859428105839	0.0865758643606925	0.540526188865266	0.544107180418314	-0.0066243943811943	281.080654187292	0.889557321607373	0.985196711297125
CLVS1	betareg	33	19	0.0472402861993212	0.0773569607528743	0.541411984827709	0.540870728729075	-0.00910487845794017	291.442455745663	0.889557321607373	0.985196711297125
SLC25A16	betareg	33	19	-0.0746677281339435	0.122274535029581	0.541427071883333	0.541105312846829	0.0152150275990285	85.9531255347095	0.889557321607373	0.985196711297125
NCALD	betareg	33	19	-0.0379954905766193	0.0622479401811255	0.54160380609691	0.540980330914002	0.0065619309076684	4094.21713134246	0.889557321607373	0.985196711297125
NIT2	betareg	33	19	0.0548535768937525	0.0899223170925232	0.541854710029259	0.549643329978084	-0.00490926882340109	393.465124302798	0.889557321607373	0.985196711297125
SAMD12	betareg	33	19	-0.0958712228170165	0.157177404492396	0.541891284086882	0.545715738006584	0.00389053664457388	220.294102689207	0.889557321607373	0.985196711297125
ASPHD2	betareg	33	19	0.0619597413794219	0.101786071523221	0.54270663565852	0.543074464582178	-0.00915721218824196	396.463404984895	0.889557321607373	0.985196711297125
TGFBRAP1	betareg	33	19	0.0594219374462805	0.097646229509692	0.542827341499955	0.543274225933252	-0.0128764482742985	301.447023119873	0.889557321607373	0.985196711297125
MEX3A	betareg	33	19	0.0389673071844712	0.0640546838982967	0.542959090057737	0.545172656541213	-0.00580209276289769	592.136203641222	0.889557321607373	0.985196711297125
CGN	betareg	33	19	-0.06575940321765	0.108099486235329	0.5429732728401	0.535509493153145	0.00960873202441774	77.8969878226838	0.889557321607373	0.985196711297125
KRR1	betareg	33	19	0.0772647842452048	0.1271024161912	0.54325784157365	0.54078699311011	-0.00447794494288629	293.345065637372	0.889557321607373	0.985196711297125
SAMD4A	betareg	33	19	-0.0861727651303604	0.141854307927727	0.543536573278922	0.54212536220988	0.0106806167329107	111.961820575606	0.889557321607373	0.985196711297125
TARDBP	betareg	33	19	0.0346450494375591	0.0570562965305363	0.543712770588203	0.548003424671773	-0.00214853994299371	1588.74108056464	0.889557321607373	0.985196711297125
BLOC1S5	betareg	33	19	0.0496930026693133	0.0818462884263611	0.543751138419416	0.544369220499792	-0.00884692666759943	203.601085519623	0.889557321607373	0.985196711297125
ESRRG	betareg	33	19	0.0471335542351358	0.0776472436173482	0.543836576086873	0.541061980006281	-0.00804711520554541	1209.25207465707	0.889557321607373	0.985196711297125
ZNF223	betareg	33	19	0.0653588842045236	0.107777835466608	0.544234355814684	0.551516907795265	-0.00644059475272414	279.246334937546	0.889557321607373	0.985196711297125
ALDH6A1	betareg	33	19	0.0553083929428129	0.0914038371893619	0.54511305537465	0.546236458089993	-0.0105263653844089	210.428362993825	0.889557321607373	0.985196711297125
FBXO3	betareg	33	19	0.0740885511155588	0.122501455728652	0.545313680028966	0.552426091979127	-0.0106859790596789	976.394930757494	0.889557321607373	0.985196711297125
RCHY1	betareg	33	19	0.0713236419241003	0.118096325244234	0.545880452681558	0.548957181530875	-0.00693042224490078	795.040942726739	0.889557321607373	0.985196711297125
XKR4	betareg	33	19	-0.0287882254156234	0.0476896855276278	0.546071527937506	0.547734340030175	0.00493322509065739	2253.17958245588	0.889557321607373	0.985196711297125
CUX2	betareg	33	19	0.0589039853275352	0.0975904596687914	0.546120625600832	0.547574513055049	-0.00954955011365342	297.539396377056	0.889557321607373	0.985196711297125
NRXN2	betareg	33	19	-0.0573581678697246	0.0950513205330288	0.546213227229936	0.556406783187155	0.00719471135568472	1269.0159198995	0.889557321607373	0.985196711297125
TIFA	betareg	32	18	-0.117731602054208	0.195263081133469	0.546549695339675	0.538094203838638	0.0296803940552631	59.1647262043842	0.889557321607373	0.985196711297125
KCNB1	betareg	33	19	0.0736380543720298	0.122178614176276	0.546702816067648	0.549154842340917	-0.0157952980265899	1301.29141900525	0.889557321607373	0.985196711297125
RBM48	betareg	33	19	-0.0927730146183357	0.153948453704546	0.54675892999178	0.563279969236902	0.00443521482459476	329.659730044712	0.889557321607373	0.985196711297125
MRPL22	betareg	33	19	-0.104897647572808	0.174236423839491	0.547146170988498	0.583892823110933	0.000189029139957746	516.10960844387	0.889557321607373	0.985196711297125
RAB12	betareg	33	19	0.125786054377941	0.208968722758208	0.547215920170622	0.548711392314525	-0.00868885959729496	107.773114830147	0.889557321607373	0.985196711297125
UBXN2B	betareg	33	19	0.046822699302444	0.0777926406850155	0.547246618392075	0.547607985188702	-0.00829230075265491	1238.63912156447	0.889557321607373	0.985196711297125
NEBL	betareg	33	19	-0.0405070083030863	0.0673672262923358	0.547649134273361	0.549315049359691	0.00441476015029512	636.903374701801	0.889557321607373	0.985196711297125
NKAPD1	betareg	33	19	-0.0493254511082705	0.082117594746633	0.548060814543108	0.543766498597749	0.00413874871754527	927.756927004703	0.889557321607373	0.985196711297125
ASF1A	betareg	33	19	0.0669559968427896	0.111510385138111	0.548208846966283	0.548672857301262	-0.00924504853576117	357.262216235343	0.889557321607373	0.985196711297125
ZNF618	betareg	33	19	-0.0849942150827334	0.141615263332886	0.548388321751321	0.556756471006719	0.0144050593467833	661.979927080483	0.889557321607373	0.985196711297125
SPIN3	betareg	33	19	-0.0311852716487158	0.0519990791731918	0.548687936025986	0.552547203540057	0.00386564611322053	998.013166084921	0.889557321607373	0.985196711297125
CYRIA	betareg	33	19	0.030097768917751	0.0502239507749251	0.548992027704143	0.552852353618018	-0.00413020607213997	2185.70544165432	0.889557321607373	0.985196711297125
GPD2	betareg	33	19	-0.0590995091236338	0.0986383354277701	0.549070492702726	0.551281940228064	0.00228324842354673	337.895255639137	0.889557321607373	0.985196711297125
DRAXIN	betareg	33	19	0.0563644954218751	0.0941740404307255	0.549496922623401	0.548613043898054	-0.0095344895889091	279.993603194047	0.889557321607373	0.985196711297125
CYLD	betareg	33	19	0.0471298894305063	0.0789867570880008	0.550720445979498	0.550022500447189	-0.00535332057185547	548.039447816235	0.889557321607373	0.985196711297125
ZBTB44	betareg	33	19	-0.0665412378932945	0.111598344754897	0.551003889536377	0.547970694054427	0.00976820859803827	219.00101447301	0.889557321607373	0.985196711297125
ALG2	betareg	33	19	0.0528577121610099	0.0886830468809151	0.551155519028593	0.556645983239772	-0.00489453667770348	619.743146539063	0.889557321607373	0.985196711297125
TMEM41A	betareg	33	19	0.0562600090207485	0.0944014574230301	0.551198294000097	0.543530323052066	-0.00657686288360647	429.233999808808	0.889557321607373	0.985196711297125
MRPS35	betareg	33	19	-0.0692584873043627	0.116344261770426	0.551650146326835	0.556794552275581	0.0133053280710425	625.407616633583	0.889557321607373	0.985196711297125
PSMF1	betareg	33	19	-0.0361460165265	0.0607548590701546	0.551877849520635	0.550329038976913	0.00634476163984478	1280.59184955449	0.889557321607373	0.985196711297125
AP2A2	betareg	33	19	0.0453234827015386	0.0762637257865936	0.552311912978102	0.552688773029336	-0.00827665453726277	417.56109615091	0.889557321607373	0.985196711297125
ZNF765	betareg	33	19	0.0852137328912004	0.143392571884043	0.552332337029342	0.551163281524394	-0.000454479098064307	154.48254022258	0.889557321607373	0.985196711297125
BPTF	betareg	33	19	-0.0803955418090486	0.135296567164101	0.552366877334534	0.561380857711716	0.00230515586015376	215.922172576668	0.889557321607373	0.985196711297125
UBQLN2	betareg	33	19	0.0422130821934035	0.0711015480525187	0.552711906992872	0.558022562375263	-0.00694800337769072	4455.00956446604	0.889557321607373	0.985196711297125
UBE2QL1	betareg	33	19	0.0250697585784321	0.0422393431698208	0.552835362402092	0.548888309977311	-0.00393145306426833	2566.44948876747	0.889557321607373	0.985196711297125
PEG10	betareg	33	19	-0.0541186333620919	0.0911946718554444	0.552886232324773	0.557677775266711	0.00944755551974224	11546.3253612796	0.889557321607373	0.985196711297125
CREBBP	betareg	33	19	0.0425840312736588	0.0717869989169243	0.553047466289949	0.553100193312505	-0.00565720201327652	406.854471389736	0.889557321607373	0.985196711297125
PCMTD1	betareg	33	19	0.0663410228933326	0.11184488033273	0.553079382234525	0.54791943448257	-0.012904397692176	411.47168505329	0.889557321607373	0.985196711297125
SLC4A8	betareg	33	19	-0.113654102778138	0.192085834274371	0.554062254463954	0.547863909827202	0.0173433992508644	613.767483144833	0.889557321607373	0.985196711297125
ICA1L	betareg	33	19	-0.0465820083175964	0.0787748893056521	0.554298881494151	0.55562502109308	0.00832719228907367	395.528740689829	0.889557321607373	0.985196711297125
LIN7C	betareg	33	19	-0.0359150738018048	0.0607492008836392	0.554384810001918	0.548632175335433	0.0026435685326103	3833.86486034742	0.889557321607373	0.985196711297125
HOMEZ	betareg	33	19	0.0629100586501809	0.106415255138855	0.554403044527873	0.567660390694126	-0.00310576148142188	198.21776205793	0.889557321607373	0.985196711297125
TMEM209	betareg	33	19	-0.0569550620915547	0.0963612609852805	0.554481783067048	0.555083463432919	0.0107401555526142	138.389142832714	0.889557321607373	0.985196711297125
TTLL11	betareg	33	19	0.058067756031449	0.0982967739632689	0.554695189196731	0.561332390361824	-0.0075441961315399	283.711352675749	0.889557321607373	0.985196711297125
TTBK2	betareg	33	19	-0.043744176205882	0.0741075599094986	0.555003255487432	0.555070310421566	0.00712232077265911	1023.22567248854	0.889557321607373	0.985196711297125
USP37	betareg	33	19	-0.058251576953945	0.0987839242016849	0.555400641023002	0.56040507512414	0.00774674776514174	247.646653130256	0.889557321607373	0.985196711297125
IGDCC3	betareg	33	19	0.101150481718643	0.171542349332642	0.555423229940843	0.555649151606008	-0.0111656112454862	106.998838787635	0.889557321607373	0.985196711297125
ATP7A	betareg	33	19	-0.0766828718976264	0.130127066352344	0.55566524190017	0.55744380945846	0.0139981827344657	111.304130061884	0.889557321607373	0.985196711297125
LATS1	betareg	33	19	-0.0831606231272544	0.141195035926063	0.555876728969221	0.575078831710875	0.0111739266065543	208.623002400606	0.889557321607373	0.985196711297125
TBC1D22A	betareg	33	19	0.0465001226128418	0.0790134344629103	0.556190649598639	0.555254436278973	-0.00956756444747258	205.371160515281	0.889557321607373	0.985196711297125
PPP2R1A	betareg	33	19	-0.111571806711703	0.189631434457453	0.55628977470822	0.572250967123133	0.000678287546399264	4716.20960381056	0.889557321607373	0.985196711297125
FOXP2	betareg	28	14	0.16987886347777	0.288742516128452	0.556303889236401	0.554177442842078	-0.0127414147387863	59.5094014671989	0.889557321607373	0.985196711297125
EPHB2	betareg	33	19	0.0469676200245589	0.0798566481657428	0.556432182867773	0.557636069349171	-0.00871968543484681	463.832858903718	0.889557321607373	0.985196711297125
ASPH	betareg	33	19	0.0909309500113299	0.154607972998415	0.556439121767396	0.555674914567311	-0.00825116165697152	198.816194937771	0.889557321607373	0.985196711297125
AP5Z1	betareg	33	19	-0.102245365136929	0.174061093333788	0.556927845806775	0.563605884965189	0.00603074680202604	280.725755733759	0.889557321607373	0.985196711297125
COX7B	betareg	33	19	0.0730497631599345	0.124374682682293	0.556977881215769	0.556506489001173	-0.00673996871275364	2941.82284575277	0.889557321607373	0.985196711297125
TLCD4	betareg	33	19	0.0967578511149854	0.164743731712554	0.556986518214644	0.556065868287199	-0.014256831891944	112.69313625794	0.889557321607373	0.985196711297125
HECW1	betareg	33	19	0.0443681574304418	0.0756178351934527	0.557377017050372	0.557023437568032	-0.00771662566819123	448.65873847769	0.889557321607373	0.985196711297125
CYP2R1	betareg	33	19	-0.106295961880921	0.181189085696709	0.557433660835966	0.562299457452753	0.00439433260063904	115.395496318305	0.889557321607373	0.985196711297125
KRBA2	betareg	33	19	0.0811705214884294	0.138406202821299	0.557562454952744	0.565619717650577	-0.00119694008595809	231.613545504145	0.889557321607373	0.985196711297125
C19orf47	betareg	33	19	0.0971619160804448	0.165808987753689	0.557884231594811	0.550396117687507	-0.00422700534490659	197.214441180423	0.889557321607373	0.985196711297125
SEPTIN11	betareg	33	19	-0.0342420698799887	0.0585033211276345	0.558345141249349	0.556462795372647	0.00505013707533695	706.119542925575	0.889557321607373	0.985196711297125
RMND5A	betareg	33	19	-0.0689152335479718	0.11780804306445	0.558561823957246	0.558967934381824	0.00441310472225186	782.84718177761	0.889557321607373	0.985196711297125
RNF144A	betareg	33	19	0.0623002992983703	0.106523877178208	0.558649782111231	0.565509145225251	-0.00717639386871512	629.978685002336	0.889557321607373	0.985196711297125
TMBIM4	betareg	33	19	-0.0969975950045058	0.166020685642057	0.559052088206341	0.54941326918056	0.0109579665143645	540.356806446805	0.889557321607373	0.985196711297125
CYB5R4	betareg	33	19	0.0837942055815878	0.143441895610776	0.559107099528308	0.561181317693832	-0.0149583254523443	198.722112113012	0.889557321607373	0.985196711297125
SLC30A10	betareg	33	19	-0.0588678872805553	0.100816202079013	0.559278871265785	0.559613375480223	0.0100822997436367	203.457116602504	0.889557321607373	0.985196711297125
COMMD9	betareg	33	19	0.0555193380828209	0.0951164327593102	0.559423042518704	0.560046103858012	-0.00242743822065895	3421.23310960995	0.889557321607373	0.985196711297125
FRMD5	betareg	33	19	0.0524391347879747	0.089972139082861	0.560002711539435	0.561949206946863	-0.00944611232048077	166.690179635746	0.889557321607373	0.985196711297125
EPDR1	betareg	33	19	0.0206041985769546	0.0353599155310971	0.560095734089797	0.560656293234906	-0.00362358258988352	716.144459958174	0.889557321607373	0.985196711297125
FLVCR1	betareg	33	19	0.041221585093529	0.0707631384768824	0.560210367971145	0.56208078124262	-0.00592621050728481	484.472682832128	0.889557321607373	0.985196711297125
FBXO44	betareg	33	19	-0.0460256016208384	0.0790477458521834	0.560397859329934	0.562799016904072	0.00320092443904445	2203.30583653455	0.889557321607373	0.985196711297125
NUP50	betareg	33	19	-0.0456831240593494	0.0784790032581373	0.560495066048112	0.561503082485964	0.00572035804927415	414.500813573277	0.889557321607373	0.985196711297125
SHISAL1	betareg	33	19	0.0439766529255513	0.0756162052129941	0.560851575226683	0.558421456461866	-0.00867940780523031	618.696357981379	0.889557321607373	0.985196711297125
PRRG3	betareg	33	19	-0.115411104402258	0.198450840242653	0.560862977995524	0.553653881845526	0.000736924781982887	171.039981521636	0.889557321607373	0.985196711297125
MORC3	betareg	33	19	-0.0544700260217328	0.0936955240098983	0.561003631053983	0.562737340417077	0.0111062152673756	102.748561851977	0.889557321607373	0.985196711297125
SNX27	betareg	33	19	-0.0356002386986713	0.0613354631446371	0.561632419432715	0.563120853996553	0.0026681127607617	2616.82769755084	0.889557321607373	0.985196711297125
TRAF3	betareg	33	19	0.0568028624801834	0.097884779465597	0.561710089096426	0.561763110160598	-0.00899962876951025	479.374878167672	0.889557321607373	0.985196711297125
MAL2	betareg	33	19	0.0306996353761035	0.052918009934121	0.561823000662083	0.562672458308152	-0.00380908433852799	641.40485961705	0.889557321607373	0.985196711297125
LIMD2	betareg	33	19	0.0557597675496195	0.0961506370634157	0.561967935860609	0.556540538985394	-0.00632927473942764	517.172347677632	0.889557321607373	0.985196711297125
RASA1	betareg	33	19	-0.0460888596747802	0.0794798169236473	0.561994666109444	0.555256735818077	0.00563752890404385	249.083303839745	0.889557321607373	0.985196711297125
MTG2	betareg	33	19	-0.0734432538397226	0.126700981351751	0.562145184490348	0.574576425547917	0.00645856481808103	370.984518268012	0.889557321607373	0.985196711297125
EIF2AK2	betareg	33	19	0.0679555501879839	0.117244999733559	0.562182389008243	0.565412060892562	-0.00545952993694952	603.617216112882	0.889557321607373	0.985196711297125
AMFR	betareg	33	19	-0.0251026377189409	0.0433242508419128	0.562310478898284	0.562127605717684	0.00410957869868329	1060.47366132338	0.889557321607373	0.985196711297125
METTL13	betareg	33	19	0.0400794018671462	0.0692172679670549	0.562563791659851	0.564489448245424	-0.00629434945939057	189.778105194654	0.889557321607373	0.985196711297125
GNA12	betareg	33	19	-0.0256054244563384	0.0442291586764135	0.562638883967459	0.564981538555177	0.00451452070129294	1855.9379757659	0.889557321607373	0.985196711297125
RAB5B	betareg	33	19	-0.0364485985785592	0.0629746821131288	0.562736426913228	0.563785048478255	0.00597174429542132	2911.32074747161	0.889557321607373	0.985196711297125
RNF170	betareg	33	19	0.0721352641207982	0.124690563585148	0.562916999773245	0.559278440987568	-0.0119112106496409	494.862552430046	0.889557321607373	0.985196711297125
CNPY2	betareg	33	19	0.0540179190819316	0.0934765507372142	0.563347378566677	0.562598852994143	-0.00608694091481909	452.072809165401	0.889557321607373	0.985196711297125
DLG3	betareg	33	19	0.0504271948880576	0.0872955797710629	0.563493455598273	0.567357821172381	-0.00822658438978235	479.684619057039	0.889557321607373	0.985196711297125
C7orf31	betareg	31	17	0.117629049590571	0.203797200553497	0.563813287819836	0.554981060181662	-0.00574270889571019	86.1266947068948	0.889557321607373	0.985196711297125
CELF2	betareg	33	19	-0.0464551093347123	0.0804875588237632	0.563823739593736	0.566471667546098	0.00734461182577803	1242.16696288246	0.889557321607373	0.985196711297125
ZNF48	betareg	33	19	-0.0423986576669082	0.073473814962671	0.563900229835209	0.563226159644059	0.00792174000052253	613.1283511163	0.889557321607373	0.985196711297125
BRMS1L	betareg	33	19	0.057533975968031	0.0997811790368369	0.564208696075557	0.572917606230744	-0.00356722815688535	401.366174056675	0.889557321607373	0.985196711297125
NUDT21	betareg	33	19	-0.0248968281471477	0.0431812897828052	0.564233226380662	0.567142541696768	0.00432458533473679	1986.59883323859	0.889557321607373	0.985196711297125
CSNK1D	betareg	33	19	0.0310881616753113	0.0539336192204249	0.564334525654591	0.564038754029616	-0.00460212415869321	2780.76720455563	0.889557321607373	0.985196711297125
SWSAP1	betareg	32	19	0.106991586929639	0.185679842181615	0.564469588565574	0.557544995333672	-0.000846064546706475	183.58238163271	0.889557321607373	0.985196711297125
PRTG	betareg	33	19	0.111617974730454	0.193728091889905	0.564508444120911	0.555621095090297	-0.0111846854626786	97.80982830546	0.889557321607373	0.985196711297125
PPARA	betareg	33	19	0.0932959567913095	0.162334107835162	0.565483602730911	0.565324073933517	-0.01749357112265	103.332806104647	0.889557321607373	0.985196711297125
HLTF	betareg	33	19	-0.0756244202530613	0.131592589434815	0.565503670274275	0.577490291594486	0.0100600384417251	379.935873822077	0.889557321607373	0.985196711297125
CETN3	betareg	33	19	-0.0723493683740782	0.125902259449083	0.565529990447825	0.561353013329087	0.0159785976571097	129.477837085421	0.889557321607373	0.985196711297125
POLR1F	betareg	33	19	-0.0661100108975501	0.11504999865595	0.565548436490352	0.565108357597674	0.0119834983171124	175.257502696061	0.889557321607373	0.985196711297125
AAK1	betareg	33	19	-0.0581428037627729	0.101231152098022	0.565726358676901	0.568595523362284	0.00618193193973703	718.448301987841	0.889557321607373	0.985196711297125
ZKSCAN3	betareg	33	19	-0.0714908281514061	0.124731627997224	0.56653827431817	0.567177555036531	0.0137591553644216	125.030859244434	0.889557321607373	0.985196711297125
MRTFB	betareg	33	19	0.0597814125128445	0.104360370436113	0.566755512029536	0.55881483852482	-0.00479618237899129	396.007430962176	0.889557321607373	0.985196711297125
MTMR6	betareg	33	19	-0.0615620686470733	0.107520685670758	0.56694249311809	0.562094462717501	0.00188644399238784	1227.76608961325	0.889557321607373	0.985196711297125
FMNL3	betareg	33	19	-0.0313503510939405	0.0547616781199714	0.566992062428792	0.56354026557566	0.00294827645788755	873.937400099367	0.889557321607373	0.985196711297125
GPR61	betareg	33	19	-0.0489309495831256	0.0855293854005645	0.567257490843456	0.563700990136523	0.00646406229390258	452.850415393469	0.889557321607373	0.985196711297125
IFFO2	betareg	33	19	-0.117214915574709	0.204975260625139	0.567424219012011	0.558061145626191	0.00290498285388522	56.6010588912291	0.889557321607373	0.985196711297125
CACNA1C	betareg	33	19	-0.0742321875726739	0.129997920789441	0.567982045390198	0.561948249877647	0.00808338382941274	459.033963398145	0.889557321607373	0.985196711297125
SLC7A14	betareg	33	19	0.0446438386305057	0.0782952276631013	0.568542923857323	0.566102955778702	-0.00482491969796257	419.807363462538	0.889557321607373	0.985196711297125
SSTR2	betareg	33	19	-0.0739148938484923	0.12970994734449	0.56878111129584	0.575573004941869	0.00633123652414331	943.807642736222	0.889557321607373	0.985196711297125
FBXL20	betareg	33	19	-0.0509774435286928	0.0895417036136692	0.569142324397135	0.568222394685194	0.00727082029624395	390.763188175249	0.889557321607373	0.985196711297125
PPARGC1A	betareg	33	19	-0.0651666282056201	0.114546978891455	0.56941895792093	0.557854864250636	0.00876112241892596	391.075490686799	0.889557321607373	0.985196711297125
TRMT1L	betareg	33	19	-0.0594266282082914	0.104494118024172	0.569554400089683	0.569012835648661	0.00973233297924403	140.601118909343	0.889557321607373	0.985196711297125
GPR37	betareg	33	18	0.104864902196668	0.184554571591791	0.56989551244981	0.597366366224102	-0.00172861545954636	310.192038193299	0.889557321607373	0.985196711297125
SEMA3D	betareg	33	19	-0.0735293776594347	0.129449196391402	0.570023249059408	0.563555848420112	0.0137009586460658	427.551853598779	0.889557321607373	0.985196711297125
SNX18	betareg	30	19	0.109970408260252	0.193713904375987	0.570242110688004	0.576122684855516	-0.00431170108810704	73.7335835489367	0.889557321607373	0.985196711297125
PLEKHG3	betareg	33	19	-0.0991920824171427	0.174831918933559	0.570471777035135	0.56394085817681	0.012277674281472	56.6082704108387	0.889557321607373	0.985196711297125
DCAF11	betareg	33	19	0.0357320544379838	0.0629848362346176	0.570502214536932	0.570880067726135	-0.00503532196168491	815.243579158899	0.889557321607373	0.985196711297125
NDRG3	betareg	33	19	0.0241220804990814	0.0425228701155497	0.570528647744117	0.571881949091731	-0.00400340995615063	1970.24444045821	0.889557321607373	0.985196711297125
TTC28	betareg	33	19	-0.0535556688056374	0.0944330072387922	0.570626743960704	0.57504038934309	0.00922067111454987	385.343085810525	0.889557321607373	0.985196711297125
SCRN3	betareg	33	19	0.0858854143490423	0.151441519364278	0.570633104727312	0.566561311053851	-0.0189064419291563	184.616120026614	0.889557321607373	0.985196711297125
CNOT7	betareg	33	19	-0.0323223626554197	0.0570045279802	0.570704703010851	0.571096776831907	0.0058960084900526	1141.25681467696	0.889557321607373	0.985196711297125
LDB1	betareg	33	19	-0.0243422376852045	0.0429618097481255	0.570984768365247	0.571355695423523	0.00358194303551433	315.432300680559	0.889557321607373	0.985196711297125
ACACA	betareg	33	19	-0.0306997996124159	0.0542371729288526	0.571374231460851	0.571287942003101	0.00395135763533921	951.502576045211	0.889557321607373	0.985196711297125
EML6	betareg	33	19	-0.0659988705636808	0.116630483993824	0.571475286662861	0.571194154692648	0.00634633828126221	106.812906588369	0.889557321607373	0.985196711297125
SEC24A	betareg	33	19	-0.0638142936917412	0.112776690053132	0.571498143008471	0.572870020602585	0.0107518196122828	201.754905168683	0.889557321607373	0.985196711297125
PPAT	betareg	33	19	-0.0726717759524521	0.128607096754328	0.572027402028207	0.572806660758801	0.0162799939371627	241.702803080977	0.889557321607373	0.985196711297125
LIN54	betareg	33	19	0.0706909951318234	0.125165954308783	0.572224676014423	0.572211952530663	-0.0161297851512131	85.2799374150543	0.889557321607373	0.985196711297125
ZNF512B	betareg	33	19	-0.0784059791138966	0.139011331116867	0.572736564660282	0.571409568991186	0.0103424776624492	247.093202764707	0.889557321607373	0.985196711297125
STARD3	betareg	33	19	-0.07509787779522	0.133165181945039	0.572791362853925	0.566634988677496	0.00309999472480161	477.327925458466	0.889557321607373	0.985196711297125
MTHFSD	betareg	33	19	0.0843745905940508	0.14987447959788	0.573456426419694	0.601438647599639	-0.00669250634158262	118.182145739951	0.889557321607373	0.985196711297125
RINL	betareg	33	19	0.0633445633129137	0.112846267550613	0.574569163554616	0.577165129452711	-0.0095670646676063	90.211114847428	0.889557321607373	0.985196711297125
RPS23	betareg	33	19	0.0593146392688634	0.105715530749765	0.574744489423784	0.578195660104495	-0.00974498807945465	1819.93045777631	0.889557321607373	0.985196711297125
NRG3	betareg	33	19	0.0414343991129884	0.0738768733328535	0.574894678859943	0.578863494759119	-0.00695839837248665	481.710001759109	0.889557321607373	0.985196711297125
TTC7A	betareg	33	19	-0.0918471871625645	0.164058335783577	0.575585382006063	0.580708615176402	0.0150890333563114	142.555049621853	0.889557321607373	0.985196711297125
LBR	betareg	33	19	0.0483375401272649	0.0863452785629962	0.575604382845964	0.56934247888169	-0.00664284615892532	333.254654273686	0.889557321607373	0.985196711297125
EHD1	betareg	33	19	0.0291557029361415	0.0520902559705099	0.575673779692684	0.575032789178319	-0.00454616954104791	999.417086080217	0.889557321607373	0.985196711297125
TBC1D16	betareg	33	19	0.0567947698293673	0.101496643980481	0.575770804484379	0.575589251167925	-0.00626669941236485	1105.23234449416	0.889557321607373	0.985196711297125
URB1	betareg	33	19	0.0960237273054047	0.171674202682972	0.575931772987926	0.576077741147494	-0.0154530850852514	137.385822284724	0.889557321607373	0.985196711297125
SYS1	betareg	33	19	0.0571890382926799	0.10226219278299	0.575998407340744	0.583205190509831	-0.0080494351136063	220.492071278581	0.889557321607373	0.985196711297125
BHLHE40	betareg	33	19	0.0686990732766754	0.12306777548268	0.576693168717844	0.578045879958995	-0.0120382431562643	64.2070624736451	0.889557321607373	0.985196711297125
ASB1	betareg	33	19	-0.0495614660151652	0.0888162776315039	0.57682913743473	0.575470727150084	0.00199329318797687	612.905439568386	0.889557321607373	0.985196711297125
PUM2	betareg	33	19	-0.0579105273694514	0.103806027518888	0.576931455947046	0.576162753797901	0.0103208611794342	611.196060389025	0.889557321607373	0.985196711297125
MTA3	betareg	33	19	-0.0463876622795184	0.0833753449335828	0.577956946004268	0.573969532493687	0.0035099169690707	516.493109459065	0.889557321607373	0.985196711297125
PAG1	betareg	33	19	0.0395443351512393	0.0711129680217452	0.578157744232471	0.581208953119854	-0.00705852976248506	1346.24877083138	0.889557321607373	0.985196711297125
MRE11	betareg	33	19	0.096374328084021	0.173417576615008	0.578391588083001	0.578540043583249	-0.0167144551172092	51.177384582974	0.889557321607373	0.985196711297125
AHR	betareg	33	19	0.0799949694474975	0.144052513456757	0.578677094140853	0.576045076484241	-0.00724792801590348	61.7255569673404	0.889557321607373	0.985196711297125
UGCG	betareg	33	19	-0.029868774260885	0.0539055957871692	0.579514426426008	0.579971436220427	0.00487279719841115	692.760391142367	0.889557321607373	0.985196711297125
TIMM13	betareg	33	19	-0.0528251851008558	0.095383880296474	0.57970430318324	0.57433729006107	0.00255657044607234	2447.27412321389	0.889557321607373	0.985196711297125
SINHCAF	betareg	33	19	0.0460698681131874	0.0831907991363589	0.579725572102303	0.583091538547755	-0.0072197763426274	167.635740569936	0.889557321607373	0.985196711297125
YES1	betareg	33	19	-0.0504999785437049	0.0912098138063983	0.579805903849445	0.581858768692573	0.00882379338227664	95.7975898781942	0.889557321607373	0.985196711297125
ELAC2	betareg	33	19	0.0429608889316975	0.0776000659897973	0.579839461334258	0.580274877895439	-0.00210101749185425	666.482683384877	0.889557321607373	0.985196711297125
WDR43	betareg	33	19	-0.0670387761425322	0.121099616365211	0.579863770041412	0.583077363215022	0.0106785678246281	80.5822694487033	0.889557321607373	0.985196711297125
DOT1L	betareg	33	19	0.0918692896624327	0.165967877504262	0.579896046242861	0.571842600998284	-0.0149270220145065	166.45439614167	0.889557321607373	0.985196711297125
KCTD16	betareg	33	19	-0.0698242502248666	0.126363615189285	0.580560559429425	0.572755827341633	0.000674718462503759	774.81268929685	0.889557321607373	0.985196711297125
FBXO41	betareg	33	19	0.054042886933778	0.0979127087481753	0.58098283889608	0.581788817055247	-0.0102799696596759	1282.04536563823	0.889557321607373	0.985196711297125
CCNH	betareg	33	19	0.0802995090746011	0.145817215775833	0.581848897374425	0.588577918379271	-0.00601930511362159	234.057921601114	0.889557321607373	0.985196711297125
MEGF11	betareg	32	19	0.118456210703331	0.215164003313251	0.581949621833296	0.592297392702695	-0.017727330298879	53.0531974441793	0.889557321607373	0.985196711297125
FADS1	betareg	33	19	-0.0423090064578251	0.0768762280058579	0.582077780520514	0.581346271925006	0.0076170153062223	981.13076580444	0.889557321607373	0.985196711297125
EIF4EBP2	betareg	33	19	0.0288780495253556	0.052500630256978	0.582284062597129	0.580436075208949	-0.00274781927368391	2404.65383261007	0.889557321607373	0.985196711297125
DCLRE1B	betareg	33	19	0.042961626869157	0.0782219090685631	0.582849305352861	0.583885655013278	-0.0078982566888494	193.942074607896	0.889557321607373	0.985196711297125
PJA2	betareg	33	19	-0.0188929570701348	0.0344017507993613	0.582877867843016	0.581283287396916	0.00217624805969503	7776.5956848541	0.889557321607373	0.985196711297125
CREG2	betareg	33	19	0.0631883318910898	0.115066108560708	0.58290383604213	0.590461099867644	-0.000591662339809853	1488.95490414528	0.889557321607373	0.985196711297125
RIMS2	betareg	33	19	-0.0740423804373394	0.134835928192101	0.58291660915114	0.590610752199628	0.0146199295335338	189.383493461271	0.889557321607373	0.985196711297125
PPP2CA	betareg	33	19	0.0273351046525731	0.0497816413916878	0.582936751292236	0.583149947538766	-0.000922011000627289	7165.64054224973	0.889557321607373	0.985196711297125
NDUFAF5	betareg	33	19	0.0499552376413348	0.0910565690396925	0.583267895415302	0.585716673394406	-0.00859281950615136	181.155222994628	0.889557321607373	0.985196711297125
RPRD1A	betareg	33	19	-0.0320134031635371	0.0583551719061412	0.583282857647373	0.584350187064637	0.00542548773621042	811.472929517073	0.889557321607373	0.985196711297125
NAV1	betareg	33	19	0.0302246447108512	0.0550983565219728	0.583308809968661	0.583442120444719	-0.00561282147347596	2012.14737208656	0.889557321607373	0.985196711297125
EIF2S1	betareg	33	19	0.0289497370659656	0.0527880149070429	0.583407006823373	0.584008887246666	-0.00519736796983915	927.23702789264	0.889557321607373	0.985196711297125
MAN1A2	betareg	33	19	-0.0696715778284941	0.12711910074579	0.583636210658947	0.580596344225423	0.00587950351952212	360.702754654455	0.889557321607373	0.985196711297125
EPS15	betareg	33	19	0.0302050467991511	0.0551252630058839	0.583736712016501	0.580705516288824	-0.00434827209043452	2151.93746484035	0.889557321607373	0.985196711297125
SULF2	betareg	33	19	0.059872217763574	0.109280147684551	0.583775493570762	0.583600355887413	-0.000979708826512753	1077.5882556135	0.889557321607373	0.985196711297125
SHANK3	betareg	33	19	0.0421685151910241	0.0769913047163829	0.583894544006154	0.587343043551411	-0.00632423811942034	166.143918043682	0.889557321607373	0.985196711297125
SENP8	betareg	33	19	-0.0600119669706295	0.109660995692973	0.584207070497154	0.584668303552193	0.0104558491275795	161.135401228789	0.889557321607373	0.985196711297125
PHACTR4	betareg	33	19	-0.058192679216811	0.106414829682329	0.584483534762502	0.583328778073316	0.0061227581844073	183.405024078235	0.889557321607373	0.985196711297125
BZW1	betareg	33	19	0.0979386793837653	0.179116689966493	0.584525068315953	0.587688579105559	-0.0126419638259035	765.329319545322	0.889557321607373	0.985196711297125
RFC1	betareg	33	19	0.0506017680365421	0.0926376661634601	0.584905653287909	0.587344027465834	-0.00985761400949965	99.0841398172079	0.889557321607373	0.985196711297125
CNTNAP4	betareg	33	19	0.0626332272691568	0.114696334741105	0.585011829175609	0.586516278855664	-0.00214787957228518	326.567079729047	0.889557321607373	0.985196711297125
GSR	betareg	33	19	-0.0268625360959023	0.0492153982815877	0.585192643600762	0.58139066037627	0.00318482554216556	493.875148668653	0.889557321607373	0.985196711297125
INIP	betareg	33	19	0.0442822270977989	0.0812675202535466	0.585826059888771	0.584380818780779	-0.0056425118614482	609.828768952154	0.889557321607373	0.985196711297125
HSPH1	betareg	33	19	0.0603566292976147	0.110800149111292	0.585936347557497	0.596994435122888	-0.00210802677098937	838.750454785352	0.889557321607373	0.985196711297125
NNT	betareg	33	19	-0.0559377102049997	0.102696577819247	0.585967338252269	0.585928667389359	0.00788243847360874	568.562997679758	0.889557321607373	0.985196711297125
DPY19L2	betareg	33	19	-0.0900717140167364	0.165568253299183	0.586430732229472	0.585167851655131	0.0125625762943232	58.662698924003	0.889557321607373	0.985196711297125
POLR1B	betareg	33	19	-0.0556226580947267	0.102431895739536	0.587115426757514	0.587534803330426	0.00969456578841906	243.131334936607	0.889557321607373	0.985196711297125
FAM131A	betareg	33	19	0.0595929623863638	0.109753773354996	0.587150733703142	0.590797599576237	-0.00389209764543373	695.650442646025	0.889557321607373	0.985196711297125
SMURF2	betareg	33	19	0.058844417423438	0.108577205693872	0.587846600940034	0.586359948171304	-0.010802506231736	141.89292924583	0.889557321607373	0.985196711297125
ODF2L	betareg	33	19	0.0769172106280663	0.142330793955719	0.588913216889773	0.594563227495222	7.27765252754236e-05	435.467729966961	0.889557321607373	0.985196711297125
INTS6	betareg	33	19	-0.10399206950328	0.192739260687944	0.58950883290328	0.590469204603543	0.0177067520615124	52.3520949973458	0.889557321607373	0.985196711297125
GFPT1	betareg	33	19	-0.0378412615318044	0.0701412662426189	0.589541421030928	0.593560607021413	0.00310593838167414	1266.8554329487	0.889557321607373	0.985196711297125
ATAD1	betareg	33	19	0.0264160764720346	0.0490125091596132	0.589910308566476	0.58952563165089	-0.00305653077185155	2244.81173925304	0.889557321607373	0.985196711297125
ATG14	betareg	33	19	-0.0521491361459922	0.0967732810098372	0.589970011352311	0.588632313772054	0.00913924665519244	147.598069241731	0.889557321607373	0.985196711297125
KHK	betareg	33	19	0.041279550807222	0.0766750594658918	0.590321642101476	0.592331221988491	-0.00637499154395032	486.564933364432	0.889557321607373	0.985196711297125
RAB6B	betareg	33	19	-0.0553981602512885	0.102937330529991	0.590457160623002	0.591228554873406	0.00235307639010802	6066.38594731186	0.889557321607373	0.985196711297125
SNX2	betareg	33	19	-0.0475925614266314	0.088454051301695	0.590543629568261	0.588455017263484	0.00434077863413962	459.264090993825	0.889557321607373	0.985196711297125
TPMT	betareg	33	19	0.0557815995292647	0.103678690828235	0.590560642222453	0.592607430142244	-0.0090412808392289	75.9742269759194	0.889557321607373	0.985196711297125
MAN2A1	betareg	33	19	-0.0559968737472982	0.104126567862296	0.590731009465116	0.587039047635886	0.00649649196032986	285.342720404227	0.889557321607373	0.985196711297125
ZBTB39	betareg	33	19	0.0580774507002017	0.108076487138808	0.591009577085901	0.591584952041773	-0.0109342674933853	331.211109653532	0.889557321607373	0.985196711297125
USP9Y	quasibinomial	24	6	0.261498668886413	0.483616792821525	0.591204804154464	NA	-0.293703927266283	98.7547121501951	0.889557321607373	0.985196711297125
OSGEP	betareg	22	16	0.165947314602371	0.309013905211326	0.591252307648362	0.568336458670399	-0.0132410177950266	109.049104054261	0.889557321607373	0.985196711297125
ARSK	betareg	33	19	-0.0635585068925989	0.118383348187075	0.59134551820197	0.589738094385097	0.0104546122650741	73.7053456430322	0.889557321607373	0.985196711297125
ZNF331	betareg	33	19	-0.0515262502216828	0.0960925943881007	0.591810257503208	0.586925885229692	0.0066290206666369	659.996367988383	0.889557321607373	0.985196711297125
KDM4B	betareg	33	19	0.0294348828253423	0.05489443011376	0.591814172661426	0.593057946538799	-0.00514923777045454	537.754005121489	0.889557321607373	0.985196711297125
TRAM1	betareg	33	19	0.0727273050880983	0.135691553486279	0.591975702757695	0.590685029225042	-0.014248993263333	226.59881827013	0.889557321607373	0.985196711297125
ALDH5A1	betareg	33	19	0.0334935857909754	0.0624930962838303	0.591988563359809	0.595535143862611	-0.00242920946330904	1312.2632828649	0.889557321607373	0.985196711297125
CABLES2	betareg	33	19	0.0450780270183978	0.0841370799756733	0.592118309530447	0.595638100799268	-0.00633225543112343	1357.26757246351	0.889557321607373	0.985196711297125
SPOCK2	betareg	33	19	0.0212987126549487	0.0397663409479754	0.592237454716069	0.593546585183014	-0.00230398414448608	5450.07019104534	0.889557321607373	0.985196711297125
FHIP2B	betareg	33	19	0.0734466596129286	0.137173768878023	0.592354018876582	0.605239981635156	-4.17668602613769e-05	773.498930027254	0.889557321607373	0.985196711297125
LPIN1	betareg	33	19	0.0337295256809082	0.0630796845920453	0.592848349400289	0.592507751811203	-0.00617421280868996	363.063320554339	0.889557321607373	0.985196711297125
BNC2	betareg	33	19	-0.042174205685975	0.0788844398499269	0.592903826692108	0.594001564749012	0.00687484470130877	1443.86376735241	0.889557321607373	0.985196711297125
FKBP9	betareg	33	19	-0.0355011423641312	0.0664850836452465	0.593361226024571	0.592918069266324	0.00503913624826612	467.801825622809	0.889557321607373	0.985196711297125
ATG4B	betareg	33	19	-0.0180231695396464	0.0337618117133024	0.593457073808569	0.59449096770505	0.00326618467088339	888.96526391941	0.889557321607373	0.985196711297125
ARRB1	betareg	33	19	-0.0515845160912292	0.096633350169781	0.593468215343373	0.602261883938909	0.000712772815663602	1907.56728343024	0.889557321607373	0.985196711297125
MAP4	betareg	33	19	-0.0338325830139011	0.0634438747232941	0.59384813212782	0.59425722420507	0.00602083111388088	557.732624650703	0.889557321607373	0.985196711297125
SAMD5	betareg	33	19	-0.0677361665681501	0.127289784633969	0.594628052736964	0.593690977812895	0.00896994011892783	160.947740717789	0.889557321607373	0.985196711297125
SGTB	betareg	33	19	-0.0435582140635809	0.0820542111404121	0.595524957512682	0.591328532686934	0.00521875632641283	576.433837812056	0.889557321607373	0.985196711297125
TOM1L1	betareg	33	19	-0.0703678272866397	0.132814659428483	0.596236922835733	0.59792090336729	0.0106604818741985	55.4844416927108	0.889557321607373	0.985196711297125
PCDH17	betareg	33	19	0.0388216262045148	0.0733662216889498	0.596702438638851	0.60118943098591	-0.0030240688605973	2248.85692060291	0.889557321607373	0.985196711297125
OSBPL11	betareg	33	19	-0.0594040987902201	0.112282186383292	0.596763301632863	0.596513329665394	0.0090539591549271	93.9840283443815	0.889557321607373	0.985196711297125
ZNF620	betareg	33	19	0.0945997756335018	0.178987515748875	0.59713345373833	0.599189977779413	0.00154028097416941	243.645355509713	0.889557321607373	0.985196711297125
LYPLAL1	betareg	33	19	-0.064316901090992	0.121699158946656	0.597158644062602	0.602851510026891	0.0127584599724802	328.549880375713	0.889557321607373	0.985196711297125
TMED4	betareg	33	19	-0.0357943311073861	0.067729960464757	0.597162110474018	0.597768057520004	0.00648962723078972	545.015583276169	0.889557321607373	0.985196711297125
ZMAT3	betareg	33	19	-0.0434477516938985	0.0822339101054159	0.597260946339245	0.597632644502812	0.00744310777829957	465.314656578132	0.889557321607373	0.985196711297125
ZKSCAN2	betareg	33	19	-0.0698262420568082	0.132160766032515	0.597261152832063	0.595106960734798	0.0110626116971921	518.544587359536	0.889557321607373	0.985196711297125
TMTC2	betareg	33	19	-0.109409129807788	0.207195786540498	0.597466660446719	0.60601752170884	0.0193864709861922	106.475088690124	0.889557321607373	0.985196711297125
TOB2	betareg	33	19	-0.0679645093698459	0.128790154388425	0.597697090278231	0.597495557425819	0.0109192609953718	288.720807315907	0.889557321607373	0.985196711297125
SCO1	betareg	33	19	0.0669526067427762	0.126974301502729	0.597990427762063	0.595487778170892	-0.00493600057406763	397.73463049899	0.889557321607373	0.985196711297125
AFDN	betareg	33	19	0.0741204097145275	0.140693656315864	0.598317715665887	0.608579692947953	-0.00166267843666055	163.12623526171	0.889557321607373	0.985196711297125
RSL1D1	betareg	33	19	0.056549505823938	0.107465128461531	0.598740492931188	0.598637806734614	-0.0096083913691721	616.648083727649	0.889557321607373	0.985196711297125
VPS50	betareg	32	19	0.0894618205201037	0.170032903785506	0.598788043370238	0.613725485935048	0.000743146116037699	309.529460566879	0.889557321607373	0.985196711297125
FMC1	betareg	33	19	0.0612251783409469	0.116371032420064	0.598804530376229	0.594155182321923	-0.00136425178353626	1071.57501923568	0.889557321607373	0.985196711297125
IKZF5	betareg	33	19	-0.0390264202453979	0.0741903015732489	0.598866464915479	0.606878354826376	0.00481992712006326	388.764428035439	0.889557321607373	0.985196711297125
MOB1A	betareg	33	19	0.0439657885918868	0.0837514501653006	0.599614091391493	0.602637289487928	-0.00595554873250325	386.567560768837	0.889557321607373	0.985196711297125
CYP2U1	betareg	33	19	0.0346622488015113	0.0660935134623054	0.599970788590773	0.5993032682291	-0.00639932004235414	261.483499810276	0.889557321607373	0.985196711297125
EXOC7	betareg	33	19	0.0265038578481136	0.0505472822683549	0.600043512975576	0.596729557429878	-0.00311486671247851	1894.65076135804	0.889557321607373	0.985196711297125
NTRK3	betareg	33	19	0.0655224585278027	0.125018988918474	0.600208952759552	0.59162860884227	-0.0108940208722956	647.130750890996	0.889557321607373	0.985196711297125
SPTSSA	betareg	33	19	-0.0426231629425758	0.0813919656477608	0.60050268087059	0.597795302895366	0.00802732479288855	749.24340413912	0.889557321607373	0.985196711297125
PMAIP1	betareg	33	17	0.0993625140087362	0.189760261619334	0.600541966857811	0.604078429024263	-0.0153868900884637	85.5230716863998	0.889557321607373	0.985196711297125
WWC3	betareg	33	19	0.107604766480228	0.205565088594575	0.600655312961402	0.603170020969722	-0.0258017492017426	76.6168932725477	0.889557321607373	0.985196711297125
NSMCE3	betareg	33	19	0.0962284585056351	0.183902724790626	0.600795153627301	0.598002164825382	-0.000959673002191285	1331.43569392358	0.889557321607373	0.985196711297125
SENP1	betareg	33	19	-0.0727334501860866	0.139124167630961	0.601116764535389	0.604892944939316	0.0123852564551316	102.343440168515	0.889557321607373	0.985196711297125
ADCYAP1R1	betareg	33	19	-0.0674194065102024	0.129045453342701	0.601359157686825	0.6015887882913	0.00856157061053327	421.35277549557	0.889557321607373	0.985196711297125
SMCHD1	betareg	33	19	-0.0437126453227258	0.0837942517566825	0.601902625614377	0.603491471079062	0.00820251939043136	152.446237530912	0.889557321607373	0.985196711297125
PPM1K	betareg	33	19	-0.0322213657452683	0.0618451090792081	0.602366051431859	0.602631433639848	0.00549514466932395	489.898415462286	0.889557321607373	0.985196711297125
CYB561D1	betareg	33	19	-0.0628023702358061	0.120570380017386	0.602452271431866	0.603369462797879	0.00988781762158161	346.113964055669	0.889557321607373	0.985196711297125
CTNND1	betareg	33	19	0.0718483862485489	0.138010677288717	0.602645309729269	0.620061708386798	-0.000629822404971855	1394.26432390511	0.889557321607373	0.985196711297125
WIPF2	betareg	33	19	0.0500636158614914	0.0962055742307873	0.602797594232146	0.604391612665785	-0.00770311867532541	369.124910048455	0.889557321607373	0.985196711297125
AGO3	betareg	33	19	-0.0862532157261173	0.165963245950848	0.603263795741789	0.601191528668638	0.00663447510876026	289.710559281695	0.889557321607373	0.985196711297125
HPCAL4	betareg	33	19	-0.0207644213036483	0.0399568068550357	0.603292422505204	0.605188252356052	0.00356720654066952	3152.10979218323	0.889557321607373	0.985196711297125
RNF38	betareg	33	19	-0.0392994046287563	0.0756445162213751	0.603392957302404	0.605175464636753	0.00674241892605375	558.589230156821	0.889557321607373	0.985196711297125
IRS2	betareg	33	19	0.0608347997705319	0.117219464253775	0.603773247315409	0.593990931640607	-0.00218225232854349	404.952510630105	0.889557321607373	0.985196711297125
GDF11	betareg	33	19	0.0460381180650185	0.0887088695929284	0.603774775339913	0.608102274850891	-0.00511909026785353	207.27428869295	0.889557321607373	0.985196711297125
FHDC1	betareg	33	19	0.0680461384071936	0.131354466871666	0.604434236628088	0.601058101316529	-0.0125875261131774	172.758508746115	0.889557321607373	0.985196711297125
DENND5A	betareg	33	19	-0.0343157772382704	0.0662759545982231	0.604617949378422	0.605287479624807	0.00623634459295226	263.702280764517	0.889557321607373	0.985196711297125
KIF3B	betareg	33	19	0.0313249932758949	0.0605734649637025	0.605058068360954	0.608053160738141	-0.0046166912774753	1538.9450774882	0.889557321607373	0.985196711297125
AFAP1L2	betareg	33	19	-0.0442222349727242	0.0855310248478561	0.605134162458923	0.603578545736016	0.00696948662013728	198.416786216147	0.889557321607373	0.985196711297125
HMGB3	betareg	33	19	0.0294249042133566	0.0569798841385552	0.605569035814343	0.606167334352354	-0.00528737526514316	1492.15140498011	0.889557321607373	0.985196711297125
PAAF1	betareg	33	19	0.0701122754621158	0.135828086582059	0.605725953342809	0.604524108056748	-0.00384240777854072	385.175696541395	0.889557321607373	0.985196711297125
SNX5	betareg	33	19	0.0496926953478028	0.0963775399581341	0.606130651898711	0.607310805139012	-0.00641203137113413	193.447360964618	0.889557321607373	0.985196711297125
UBE2J2	betareg	33	19	0.0249491182523957	0.0484110704068174	0.606301637278448	0.606420385360202	-0.00465298936583369	736.362319754323	0.889557321607373	0.985196711297125
NAA40	betareg	33	19	-0.0232906961791174	0.0452672025478655	0.606891335681466	0.606087210241457	0.00376480856071949	702.882741640592	0.889557321607373	0.985196711297125
VANGL1	betareg	33	19	-0.0714313124251739	0.138895383206677	0.607055262475717	0.609670667976313	0.00500993987927145	188.739306566048	0.889557321607373	0.985196711297125
KLHL14	betareg	33	19	-0.0538580217662769	0.104797381038788	0.607304243047247	0.607918116249656	0.00882573894801556	159.641110232135	0.889557321607373	0.985196711297125
UCK1	betareg	33	19	0.0224005897639248	0.0436076350040008	0.607472212385311	0.607933792093278	-0.0042015022654579	543.666935744418	0.889557321607373	0.985196711297125
HCN1	betareg	33	19	0.0395232785310188	0.0770170451797186	0.607828400074693	0.606886472877811	-0.00868396080893275	827.682443519303	0.889557321607373	0.985196711297125
ZNF518B	betareg	33	19	-0.0603004251310416	0.117536476741044	0.607926250170605	0.608222486199264	0.0136122890200183	378.525469057029	0.889557321607373	0.985196711297125
RNF125	betareg	33	19	-0.0657899786503473	0.12831789351301	0.608153585804654	0.605328989839877	0.00982049026765607	212.977469217661	0.889557321607373	0.985196711297125
SERINC3	betareg	33	19	0.0356588802526005	0.0696211025431369	0.608521581844528	0.60932423388251	-0.00291580321722993	3453.11624533862	0.889557321607373	0.985196711297125
IKZF4	betareg	33	19	-0.0697992056709988	0.136328880818358	0.608657074031057	0.612013241181666	0.0134809512117911	292.851077700786	0.889557321607373	0.985196711297125
PDIK1L	betareg	33	19	0.035833187398894	0.0700037797280891	0.608738469380648	0.606285877579225	-0.00736529846763725	480.496686054014	0.889557321607373	0.985196711297125
F11R	betareg	33	19	-0.0584033777354743	0.114129553890555	0.608840838762881	0.605228640770705	0.0102332446188332	74.5264131721147	0.889557321607373	0.985196711297125
PDCD6IP	betareg	33	19	-0.0380744413182437	0.0745072767317479	0.609339563817036	0.614861175122323	0.00710615256570553	409.474762616247	0.889557321607373	0.985196711297125
PDRG1	betareg	33	19	0.0789292335927552	0.15464541489289	0.609779347060124	0.607856907553176	-0.000825845035363487	2253.75058274708	0.889557321607373	0.985196711297125
ALKBH8	betareg	33	19	0.0620358491323092	0.12171779611496	0.61028301937135	0.611573959473008	-0.0105643095145021	100.243540585196	0.889557321607373	0.985196711297125
UBXN4	betareg	33	19	-0.0290143332249978	0.0569286495428826	0.610288724564891	0.609891776811174	0.00524722546687658	490.701496705781	0.889557321607373	0.985196711297125
ARHGEF3	betareg	33	19	-0.024840639568442	0.0487436543836184	0.610319169668569	0.609261413891774	0.00391039146464223	364.606210152301	0.889557321607373	0.985196711297125
PHC3	betareg	33	19	-0.0647663123955423	0.127112086270375	0.610386888964014	0.609165964107724	0.00701132578915479	156.793355702511	0.889557321607373	0.985196711297125
ELOC	betareg	33	19	-0.0549612035906456	0.107898902513264	0.610488096602263	0.599741804619727	0.00110942229845459	2051.65502648955	0.889557321607373	0.985196711297125
HIPK3	betareg	33	19	-0.0659510597884244	0.12957367106874	0.610762712194971	0.600163100138845	0.00446703700308496	568.154581448977	0.889557321607373	0.985196711297125
ZNF283	betareg	33	19	-0.0634929250638952	0.124835293721809	0.611023111581756	0.611257720197047	0.010076905405569	106.44060697734	0.889557321607373	0.985196711297125
FAM13C	betareg	33	19	0.0330809292844692	0.0650431942691148	0.611033052798275	0.611123305153992	-0.00347126092856499	999.282499310774	0.889557321607373	0.985196711297125
MLLT10	betareg	33	19	0.0561066656818773	0.110386303245942	0.611260071786931	0.612791591478684	-0.0128853241113464	85.2552856162145	0.889557321607373	0.985196711297125
SMIM15	betareg	33	19	0.0611093415421565	0.120265529647398	0.611369069880925	0.613512337399926	-0.00134517693696659	1100.46079727514	0.889557321607373	0.985196711297125
QSER1	betareg	33	19	0.0523238367678423	0.103261762581011	0.612357843728346	0.617839655888836	-0.0080241101889552	163.286064259222	0.889557321607373	0.985196711297125
RNF150	betareg	33	19	-0.0473366936017916	0.0934440913725454	0.612451153103543	0.603680296609428	0.00197624233998713	1044.49424008207	0.889557321607373	0.985196711297125
ZNF623	betareg	33	19	0.0509169720624307	0.100522336859388	0.612488874414872	0.612733417588187	-0.00513967522154221	383.982782597564	0.889557321607373	0.985196711297125
GCFC2	betareg	33	19	-0.0584669539079539	0.115469005145779	0.612615690467034	0.614639065434313	0.00822694161932788	68.0102253382889	0.889557321607373	0.985196711297125
ZNF275	betareg	33	19	-0.0725528517650413	0.143624056103388	0.613447813966236	0.611779700715252	0.0158269632966712	351.951700185029	0.889557321607373	0.985196711297125
PPM1D	betareg	33	19	-0.0527857796946499	0.104502671511355	0.613478652704293	0.613502915640401	0.00859095585674541	108.134240191176	0.889557321607373	0.985196711297125
CNNM3	betareg	33	19	0.0455359520985043	0.0901523504407807	0.613488602226888	0.616104657231011	-0.00700677633801391	279.314629956547	0.889557321607373	0.985196711297125
CASTOR2	betareg	33	19	-0.0428642724279918	0.0848700432217429	0.613518280392174	0.613304738250084	0.00721245586970205	1792.51021848584	0.889557321607373	0.985196711297125
RBX1	betareg	33	19	-0.0512054548632167	0.101454912217916	0.613761524668497	0.606967753028158	0.00433556100749894	1944.65306086838	0.889557321607373	0.985196711297125
NAB1	betareg	33	19	-0.0451440295026083	0.0894682916727478	0.613852926491445	0.616204833106871	0.00350903997921807	151.065422598481	0.889557321607373	0.985196711297125
ZNF112	betareg	33	19	0.0560048314833194	0.110995642136572	0.613862402095765	0.622130110492393	-0.00178180843211744	279.768019058386	0.889557321607373	0.985196711297125
PIWIL2	betareg	29	18	-0.0992204709310523	0.196735179395989	0.614025864023483	0.618570121826156	0.016959197958689	82.1022073191779	0.889557321607373	0.985196711297125
MID2	betareg	33	19	0.0380962603972239	0.0756589777885111	0.614594524246981	0.607284751522141	-0.00570956674360759	381.361857891484	0.889557321607373	0.985196711297125
GDAP2	betareg	33	19	-0.0791397031979832	0.157182114729562	0.614619450421649	0.60741651763677	0.00647295175821986	144.684237567488	0.889557321607373	0.985196711297125
TPPP	betareg	33	19	0.0380617643240361	0.0757022846745992	0.61511738094183	0.617212038629898	-0.00640516526233169	1972.94794981147	0.889557321607373	0.985196711297125
PITPNM2	betareg	33	19	0.0386375133035663	0.0769173761417225	0.615438996457373	0.615870962864701	-0.00552957421300323	322.965307401477	0.889557321607373	0.985196711297125
SNX22	betareg	33	19	0.0930861453931557	0.185329855288638	0.615475639448792	0.603033849406323	-0.000577714916460836	6053.42888316121	0.889557321607373	0.985196711297125
NRBF2	betareg	33	19	0.0333890543809977	0.0664961494943013	0.615583029991249	0.617011208070593	-0.00559455615266849	540.864024785554	0.889557321607373	0.985196711297125
SDK2	betareg	33	19	-0.0540842389253394	0.107830825547684	0.615973081786671	0.619975402528946	0.00413819710956472	466.780811844544	0.889557321607373	0.985196711297125
POLR3H	betareg	33	19	-0.0151243517170078	0.0301667388447593	0.616118822860213	0.616828110583803	0.0027367627629388	3482.11329362766	0.889557321607373	0.985196711297125
SPIN4	betareg	33	19	0.0547427373466093	0.109283526806703	0.616424637079387	0.616964974685407	-0.0114506854910467	243.638086174	0.889557321607373	0.985196711297125
CBX5	betareg	33	19	-0.0294471047311585	0.0588022565763756	0.616524637822683	0.617835833410166	0.00458490636994987	5433.07631434197	0.889557321607373	0.985196711297125
WNK3	betareg	33	19	-0.0641070147259053	0.12830639075182	0.6173285343257	0.616864137591103	0.00716626085907401	401.010356588542	0.889557321607373	0.985196711297125
ITGA6	betareg	33	19	-0.0524630820812825	0.105096745972051	0.617646628165019	0.619751867569119	0.0035469058376499	218.800389560118	0.889557321607373	0.985196711297125
ERAP1	betareg	33	17	-0.0875275612874428	0.175843618144409	0.618654647851377	0.625208028902372	0.00939371594401774	104.751160002436	0.889557321607373	0.985196711297125
HEATR1	betareg	33	19	-0.0167959680843875	0.0337696224196871	0.618928762927031	0.619929325000887	0.00199897033845717	719.034305170376	0.889557321607373	0.985196711297125
GOLGA3	betareg	33	19	-0.031539666443617	0.063427314325656	0.619007937168998	0.618736707693246	0.00469437223528065	466.003640646771	0.889557321607373	0.985196711297125
LRRC8C	betareg	33	19	-0.0907584286744806	0.182518616385085	0.619008722698719	0.629159469506812	0.0170799912634806	169.486019945181	0.889557321607373	0.985196711297125
ANK1	betareg	33	19	0.0372456762493027	0.0751720229941114	0.620266572024079	0.620412205527049	-0.00651664592948009	261.558814908414	0.889557321607373	0.985196711297125
GXYLT1	betareg	33	19	-0.09574579493204	0.193267283783082	0.620313476486512	0.631743640768003	0.00432271689336091	136.515301375334	0.889557321607373	0.985196711297125
ZC3H10	betareg	33	19	-0.0623374683284408	0.125910322892311	0.620533640397985	0.618138507050561	0.0125493866387947	196.913220901644	0.889557321607373	0.985196711297125
RANBP17	betareg	33	19	-0.0539558976602579	0.109056476403422	0.620775269247375	0.617724863329531	0.00865507210589618	61.2255765031374	0.889557321607373	0.985196711297125
SLIT3	betareg	33	19	0.0717422883741613	0.14502900009295	0.620829221554982	0.618569733021977	-0.0169674197600624	100.096464095733	0.889557321607373	0.985196711297125
LUZP2	betareg	33	19	0.0630359956314474	0.127511402081541	0.62105495444543	0.626968816575767	-0.0129688080562085	162.202997289293	0.889557321607373	0.985196711297125
NOL4	betareg	33	19	-0.0617954996144478	0.125121357977117	0.621387750141697	0.627708501568291	0.011438062482108	192.487660952076	0.889557321607373	0.985196711297125
SORD	betareg	33	19	-0.0861343165763597	0.174449848324932	0.62148394735973	0.633496578524874	0.00850086633050545	101.504685367797	0.889557321607373	0.985196711297125
ZNF780A	betareg	33	19	0.0621942516108091	0.125969054115921	0.621499395539512	0.62357529359696	-0.0109262368522792	116.820608395314	0.889557321607373	0.985196711297125
ZSWIM6	betareg	33	19	0.0520273656119613	0.105397000048217	0.621565871285591	0.626308076980693	-0.00819793912421038	200.400607339535	0.889557321607373	0.985196711297125
FIP1L1	betareg	33	19	-0.0527418681657179	0.106940646179121	0.621879592493071	0.621734478769346	0.00957740486339418	186.492399951008	0.889557321607373	0.985196711297125
CXorf38	betareg	33	19	0.0492592171486129	0.0999181430560977	0.62201560959481	0.621941295766043	-0.00875204322650977	109.950459357467	0.889557321607373	0.985196711297125
RBSN	betareg	33	19	-0.0552131814965841	0.112085590712508	0.62229638606448	0.619735081480701	0.00510248234909502	637.017120719366	0.889557321607373	0.985196711297125
POLR2D	betareg	33	19	-0.0377221440010781	0.0765850464103529	0.622328929102006	0.624277592763949	0.0068317812372491	896.072749023731	0.889557321607373	0.985196711297125
LRRC41	betareg	33	19	-0.0520488045933911	0.10573747521408	0.622545747591647	0.626525805060649	0.00378367076931022	969.128848025807	0.889557321607373	0.985196711297125
NSUN4	betareg	33	19	0.0349870412117277	0.0710961229056178	0.622642297526685	0.62289674718481	-0.00639081462819699	206.925927034919	0.889557321607373	0.985196711297125
PLEKHG2	betareg	33	19	0.0610980666179006	0.124250264084573	0.622907471779144	0.626952392918218	-0.00513157342385013	121.990895348765	0.889557321607373	0.985196711297125
DPP10	betareg	33	19	-0.0506276001562029	0.102963834743162	0.622929497596457	0.617895356296052	0.00716778049657839	263.504772937166	0.889557321607373	0.985196711297125
ACADSB	betareg	33	19	-0.0272558199016524	0.055587241295223	0.62390386511414	0.625367332609181	0.00481735018436997	293.553079330273	0.889557321607373	0.985196711297125
TATDN3	betareg	33	19	0.034788159546923	0.0709618797689351	0.623965997163533	0.622264193082221	-0.00489499730513955	360.238043808974	0.889557321607373	0.985196711297125
TM7SF3	betareg	33	19	-0.0764535969154793	0.15595728120322	0.623977238382186	0.639063913145468	0.00404188728671595	733.022625897351	0.889557321607373	0.985196711297125
FIGN	betareg	33	19	-0.0448438552045952	0.091571735222557	0.624337109355028	0.621535689209322	0.0048941763371795	573.07071443558	0.889557321607373	0.985196711297125
SPECC1L	betareg	33	19	0.0568499703261532	0.116133662189335	0.624472257759244	0.622606076540995	-0.0112219574176345	300.742034523185	0.889557321607373	0.985196711297125
FTO	betareg	33	18	0.129167834734016	0.264073493963598	0.624745463714804	0.625470624023607	-0.00334178033622967	3543.45385470291	0.889557321607373	0.985196711297125
FOXN3	betareg	33	19	0.0441204193206408	0.0902758567929544	0.625033647363834	0.628928599229706	-0.00634127999093722	723.958159703084	0.889557321607373	0.985196711297125
VAT1L	betareg	33	19	0.0122507371243132	0.0250750374898253	0.625151068612178	0.622056253613865	-0.000798481040306413	18489.2716044503	0.889557321607373	0.985196711297125
ZC3H13	betareg	33	19	-0.0402668503842052	0.08249776125061	0.625481645818522	0.627329371276924	0.00778499459482168	341.40637488353	0.889557321607373	0.985196711297125
COMMD8	betareg	33	19	-0.0830663091677548	0.170255886603262	0.625627073004007	0.628572514810748	0.0169088522257955	95.6109774251605	0.889557321607373	0.985196711297125
APTX	betareg	33	19	0.0266258427490004	0.0545870149298583	0.625713613476106	0.627945974001366	-0.00532946494276085	397.41001193385	0.889557321607373	0.985196711297125
DCAF12	betareg	33	19	0.0227242648972726	0.046613727220948	0.625902935165468	0.625477794535115	-0.0041471756130454	591.907374911187	0.889557321607373	0.985196711297125
C6orf120	betareg	33	19	0.0470490518795082	0.0965629873047525	0.626090449011611	0.628075705324202	-0.00935265336223847	306.77648139983	0.889557321607373	0.985196711297125
KAT7	betareg	33	19	-0.0576354591779126	0.118304650552792	0.626131978074976	0.631707444062367	0.00326839133018026	908.946798274029	0.889557321607373	0.985196711297125
PABIR1	betareg	33	19	-0.0588716619618432	0.120897841868855	0.626291080598343	0.632059005747695	0.000139368168318544	925.183723394106	0.889557321607373	0.985196711297125
TCP11L1	betareg	33	19	-0.0511833142787561	0.105297819979099	0.626909436872999	0.63113555507182	0.00680683068522727	100.513712714921	0.889557321607373	0.985196711297125
DNASE1	betareg	33	19	-0.0151906621924276	0.0312516548771479	0.626913672661761	0.627588972764806	0.00274402750063771	1507.96010912856	0.889557321607373	0.985196711297125
PAQR3	betareg	33	19	-0.0500038963256361	0.102987369022726	0.627297414210013	0.63614848739845	0.00898349164740149	964.30190944416	0.889557321607373	0.985196711297125
NUP58	betareg	33	19	0.045424589437788	0.0935704213021469	0.627350893307835	0.622463946512131	-0.00511958689789048	394.55063673065	0.889557321607373	0.985196711297125
MAPKAPK2	betareg	33	19	0.0978094625659079	0.201494715531189	0.627378808041594	0.604634369347634	-0.000668387848442177	63.2447371586457	0.889557321607373	0.985196711297125
SOCS5	betareg	33	19	0.0592539729769582	0.122086647593037	0.627432633040605	0.639920804002507	-0.00299670597375011	552.108645946654	0.889557321607373	0.985196711297125
SLC9B2	betareg	33	19	-0.0386936494222764	0.0797467632221196	0.627529857915765	0.628302099964784	0.00672627226200634	279.110903031633	0.889557321607373	0.985196711297125
SMIM13	betareg	33	19	0.0431856050506644	0.0890134808989221	0.627564250850093	0.625339017711992	-0.0102452309498188	927.088592644238	0.889557321607373	0.985196711297125
ARHGAP23	betareg	33	19	-0.0317833464190334	0.0655210483334644	0.627615308254528	0.626598356090783	0.00494082109172856	338.6609202253	0.889557321607373	0.985196711297125
ATG12	betareg	33	19	0.0491727719068117	0.101441345434115	0.627860130331595	0.630995026268669	-0.00372423438472098	1428.61183196102	0.889557321607373	0.985196711297125
POP1	betareg	33	19	0.075864364688993	0.156599607863117	0.628067969741634	0.627567935981285	-0.0171447368204806	53.4286845900169	0.889557321607373	0.985196711297125
HNRNPU	betareg	33	19	-0.0443145146048868	0.0915451669809898	0.628334287167096	0.632659549184051	0.0024883464471105	1955.03235021821	0.889557321607373	0.985196711297125
ZBTB43	betareg	33	19	0.0487590687343367	0.100735456185949	0.62836397340838	0.630730498375062	-0.00162466981152577	1008.44677386997	0.889557321607373	0.985196711297125
ABCF2	betareg	33	19	-0.0273045507075346	0.05643160656167	0.628490844804225	0.628236558521835	0.00435408681292575	494.062166198276	0.889557321607373	0.985196711297125
SH3PXD2B	betareg	33	19	0.0504967888443822	0.104381499088414	0.628548081180137	0.629108393656304	-0.0105941904352494	572.857145303382	0.889557321607373	0.985196711297125
CPLX1	betareg	33	19	0.0335681039118783	0.0694956666690451	0.629078398951484	0.627087283533733	-0.00474769725160839	712.82301460268	0.889557321607373	0.985196711297125
SHH	betareg	33	19	0.108798506798844	0.225257907714627	0.629099085747857	0.632398908074626	-0.0154747994535665	89.8627044236424	0.889557321607373	0.985196711297125
CHRNA4	betareg	33	19	-0.0560603319094458	0.116226814487278	0.629567551752867	0.633863918847527	0.000449317761397713	1018.38907689668	0.889557321607373	0.985196711297125
SDC2	betareg	33	19	-0.0487249107060399	0.101169440270982	0.630078128961553	0.621009674221502	0.00639402407762775	448.456038569632	0.889557321607373	0.985196711297125
CYB5B	betareg	33	19	0.0274475043620731	0.0570163800373557	0.630234492314943	0.631101585844509	-0.00486488056865472	1674.09277525902	0.889557321607373	0.985196711297125
ELAVL1	betareg	33	19	0.0318619818194979	0.0662947590029305	0.630793088223994	0.63125024892769	-0.00532353899432905	590.609017139038	0.889557321607373	0.985196711297125
ERC1	betareg	33	19	-0.0549915620475318	0.1144687856252	0.630938290156079	0.631731966660475	0.010369932534778	1998.53067565399	0.889557321607373	0.985196711297125
FUT8	betareg	33	19	0.0674320948151365	0.140486128729293	0.631233704560797	0.647130541766152	-0.0042203511964495	406.418853081503	0.889557321607373	0.985196711297125
RBM34	betareg	33	19	-0.0448895277202011	0.0935494408473707	0.63133536006365	0.627132724187148	0.006391889700258	302.495053368951	0.889557321607373	0.985196711297125
POGZ	betareg	33	19	-0.0486547777004633	0.101448353155643	0.631510812119634	0.632906527214196	0.0086305620168047	614.177836603051	0.889557321607373	0.985196711297125
SEPTIN9	betareg	33	19	-0.0299713965329063	0.0625363327274263	0.631751016264739	0.632055085614501	0.00461060410865839	592.627056569447	0.889557321607373	0.985196711297125
CXXC4	betareg	33	19	0.0304616421529671	0.0636004693903978	0.631971991994746	0.626912378811257	-0.00430512782716806	511.710195789531	0.889557321607373	0.985196711297125
SOX11	betareg	33	19	-0.0412781112783925	0.0862307182412402	0.632156468204905	0.63019292309622	0.00770822546177443	1500.34276269224	0.889557321607373	0.985196711297125
NCOA1	betareg	33	19	0.0312185327968581	0.0652176878437257	0.632164877988613	0.632808710988315	-0.00539251510409029	178.46353419467	0.889557321607373	0.985196711297125
NLK	betareg	33	19	0.0311335698561212	0.0651762058501656	0.632875798646473	0.632965450479808	-0.0044273252000487	423.936233610527	0.889557321607373	0.985196711297125
UTP11	betareg	33	19	-0.0455118097096704	0.0952834463866643	0.63290179109119	0.6305854776194	0.00805309343073226	312.110209159581	0.889557321607373	0.985196711297125
RAB11FIP4	betareg	33	19	0.0284124509475486	0.0595096654643291	0.633046966959032	0.633519640441691	-0.00527032959284893	1406.72181239197	0.889557321607373	0.985196711297125
MLLT1	betareg	33	19	0.0339257732503769	0.0711501593787032	0.633490760575803	0.629856114622241	-0.00449953933583339	480.178936571505	0.889557321607373	0.985196711297125
DLGAP2	betareg	33	19	0.0556781813782681	0.11707642276979	0.634379857682244	0.635353487226635	-0.00982499490683577	179.393985645646	0.889557321607373	0.985196711297125
RFK	betareg	33	19	-0.0361457948664168	0.076028210143998	0.634483300327799	0.636627583948525	0.00730952251642406	2026.74085187528	0.889557321607373	0.985196711297125
FAM81A	betareg	33	19	-0.0532585087011125	0.112040585256326	0.634537421412937	0.631718359598847	0.00790657167923419	247.757940114039	0.889557321607373	0.985196711297125
RCBTB2	betareg	33	19	0.0321672867487358	0.0678133823040387	0.635250248790397	0.634863900220808	-0.00585035938800011	233.699657260209	0.889557321607373	0.985196711297125
VMP1	betareg	33	19	-0.0428107430349005	0.0902675015982393	0.635310738342477	0.642978614055691	0.00179207487611848	997.120720231336	0.889557321607373	0.985196711297125
TRIQK	betareg	33	19	-0.0410154720753283	0.0864904612736712	0.635343316907334	0.637835021502582	0.00202955614691063	526.059509674841	0.889557321607373	0.985196711297125
KCTD12	betareg	33	19	0.0692786932811825	0.146102048825958	0.635371438151619	0.640298797329082	-0.0102550499555986	688.277636413498	0.889557321607373	0.985196711297125
TCTA	betareg	33	19	0.0246278013837579	0.0519732091022723	0.635602811466664	0.635871919445848	-0.0045903970888981	1636.52600856866	0.889557321607373	0.985196711297125
THUMPD1	betareg	33	19	-0.0583076784148874	0.123126591143121	0.635814574702647	0.637280499747264	0.0104862203636076	666.615600334648	0.889557321607373	0.985196711297125
PTGFR	betareg	33	19	0.0715913416629187	0.151240806961079	0.635956394066683	0.63627574342619	0.00148039614469012	295.08066825798	0.889557321607373	0.985196711297125
BCLAF3	betareg	33	19	-0.0703568570055304	0.148765117826785	0.636256551281651	0.637150070996419	-0.000330838969457937	249.614169965342	0.889557321607373	0.985196711297125
VPS36	betareg	33	19	-0.0278196246844162	0.0588414055867827	0.636363051173151	0.638433821868952	0.0040299327022102	1002.29541903872	0.889557321607373	0.985196711297125
RABEP1	betareg	33	19	-0.0370685013780152	0.0785990072686368	0.637201340446199	0.637008642862319	0.00626377727083703	1376.49216037511	0.889557321607373	0.985196711297125
MTUS2	betareg	33	19	0.0617532601617484	0.131113750645765	0.637647904687011	0.637361337359766	-0.0123544393720542	153.397690556163	0.889557321607373	0.985196711297125
JAG1	betareg	33	19	0.0607240290275675	0.129035117688257	0.637925839474298	0.63907388078033	-0.0127321075303759	69.623011727728	0.889557321607373	0.985196711297125
ZNF326	betareg	33	19	-0.0497615584988957	0.105845400818681	0.638259035605371	0.634508108881893	0.00717014917088785	255.101662154516	0.889557321607373	0.985196711297125
TOX4	betareg	33	19	0.0318606437527897	0.0677885108432304	0.638354557451897	0.638707755058289	-0.00548739799143064	588.502941966357	0.889557321607373	0.985196711297125
CASKIN1	betareg	33	19	0.0264765687883962	0.056364885881918	0.638544243178762	0.641216934367662	-0.0035148518565326	402.963035787362	0.889557321607373	0.985196711297125
CRTC1	betareg	33	19	-0.0689712954487515	0.146851452805069	0.638592879324942	0.652777100750017	0.00060419498317764	368.539395426547	0.889557321607373	0.985196711297125
PLRG1	betareg	33	19	0.0298321479263109	0.0635642572738426	0.638839002336137	0.639333576678122	-0.00532378832435243	195.11102245391	0.889557321607373	0.985196711297125
ST3GAL2	betareg	33	19	0.0250961357930373	0.0534898613759493	0.638944151620729	0.637606256318556	-0.00464564604898002	624.490801409149	0.889557321607373	0.985196711297125
TMEM251	betareg	33	19	-0.056665503970119	0.120817668633012	0.639057700756498	0.629785316455654	0.00376312081518279	562.127641941436	0.889557321607373	0.985196711297125
CBR4	betareg	33	19	-0.0423191081842102	0.0903784618580159	0.639610618913878	0.638592258567679	0.00392565093563227	211.491773061833	0.889557321607373	0.985196711297125
ZNF462	betareg	33	19	0.0820905934102379	0.175326254004357	0.639629984264799	0.645019299655473	-0.00266973184776243	257.795347674926	0.889557321607373	0.985196711297125
ZDHHC14	betareg	33	19	0.0311964815402335	0.0666419596283458	0.639698268981949	0.643974117183516	-0.00420464958490842	1132.01897119672	0.889557321607373	0.985196711297125
CLMN	betareg	33	19	0.0762018778493947	0.162860995948931	0.639859538092477	0.64135121817444	-0.0194092835312788	66.3737506099575	0.889557321607373	0.985196711297125
PLEKHG1	betareg	33	19	-0.0741218147637956	0.158439770882698	0.63991096451464	0.640396683909221	0.0135673027835491	105.779206379505	0.889557321607373	0.985196711297125
CCDC90B	betareg	33	19	-0.0459180376757023	0.0981572622626773	0.639927107757545	0.636008213778857	0.00533342855135794	1124.2114244589	0.889557321607373	0.985196711297125
PDPK1	betareg	33	19	0.0466856360850598	0.0999552327193955	0.640453049825056	0.642179464115384	-0.0118997269345936	783.180003914471	0.889557321607373	0.985196711297125
SESTD1	betareg	33	19	-0.0428410316274232	0.0917356099286394	0.640495964558629	0.641734027920718	0.00630004095202261	1193.19509927391	0.889557321607373	0.985196711297125
RBM4	betareg	33	19	-0.0276210068227821	0.059157232939865	0.640565441293997	0.640916299686633	0.00525709093908898	521.156907933082	0.889557321607373	0.985196711297125
DDAH1	betareg	33	19	0.0240123052699117	0.0514488368403404	0.640698770338997	0.640876356232369	-0.00454234384785489	1895.1537592476	0.889557321607373	0.985196711297125
PRRG1	betareg	33	19	-0.0531632868614614	0.114105442961197	0.641277288587111	0.641114054835169	0.00441960052414378	236.941153994663	0.889557321607373	0.985196711297125
OLA1	betareg	33	19	0.0427351392817698	0.0917532149430797	0.641386036520948	0.643014538643841	-0.0040580920151855	1051.41046979243	0.889557321607373	0.985196711297125
TYRO3	betareg	33	17	0.0917391453609721	0.196965933562863	0.641386237809572	0.665354937347708	0.00107521374856596	543.52253045992	0.889557321607373	0.985196711297125
ADD1	betareg	33	19	-0.0200921743844317	0.0431472064881355	0.64145480305594	0.64532550549495	0.00198648945274041	2735.07342377055	0.889557321607373	0.985196711297125
SYT5	betareg	33	19	-0.0509402739071454	0.109446875755598	0.641620842923948	0.641764415138999	0.00750647005894303	1288.75327945088	0.889557321607373	0.985196711297125
TRAPPC6B	betareg	33	19	-0.0266392717646482	0.0572642564231393	0.64178899303745	0.646178101151041	0.00220953570136813	1550.48413369006	0.889557321607373	0.985196711297125
STX17	betareg	33	19	0.0439476052946102	0.0945765731948612	0.642162425699591	0.639446545138753	-0.00465950974722754	376.548782919299	0.889557321607373	0.985196711297125
CAB39	betareg	33	19	-0.0154867843621042	0.0333427389829437	0.6423092784399	0.642598647271786	0.00270844291891568	1506.5261828932	0.889557321607373	0.985196711297125
ELOVL6	betareg	33	19	-0.0358716066071166	0.0773937714346117	0.643009778370628	0.642642031273324	0.0064839274535577	1143.17156598517	0.889557321607373	0.985196711297125
SUSD6	betareg	33	19	-0.0555190702990288	0.119833942862081	0.643149318451964	0.643847780303963	0.00866014331511042	212.078698595899	0.889557321607373	0.985196711297125
CRTAP	betareg	33	19	0.0523654411942688	0.113042235382596	0.643193894186908	0.644521542494449	-0.00134449812380584	555.978585517786	0.889557321607373	0.985196711297125
TRAK2	betareg	33	19	-0.0801541343529772	0.173031620941528	0.643196629451035	0.646855433597772	0.0119686741478504	775.738118548489	0.889557321607373	0.985196711297125
MSRB2	betareg	33	19	0.0593712037116089	0.128186969657924	0.643248976121708	0.640956789504743	0.0003442302131517	795.637402319032	0.889557321607373	0.985196711297125
PPP6R2	betareg	33	19	-0.0411811348295574	0.0890238046866556	0.643661394288243	0.641870668744432	0.00612477180735512	188.717356614404	0.889557321607373	0.985196711297125
PXMP4	betareg	33	19	0.0238331078970831	0.0516747293714389	0.644645088558007	0.644523299925455	-0.00418231714914592	302.931065663856	0.889557321607373	0.985196711297125
UBR1	betareg	33	19	0.0575138145493346	0.124716233443273	0.644685679117767	0.640759943089252	-0.00549465131927526	320.434857415761	0.889557321607373	0.985196711297125
FAM227A	betareg	32	19	-0.0943625728953538	0.204656708692026	0.644743111353463	0.657743279091979	0.0173783908135411	81.0087176176182	0.889557321607373	0.985196711297125
HDGFL3	betareg	33	19	0.074337716898387	0.161554147266896	0.645414883347888	0.637199678609529	-0.00221222030203844	2068.15184766836	0.889557321607373	0.985196711297125
DPH3	betareg	33	19	-0.0273899821408657	0.0595534889095328	0.645571938224057	0.643257047517895	0.0031522648219643	2313.12121780192	0.889557321607373	0.985196711297125
TAB2	betareg	33	19	0.0325512619455803	0.0707865555961625	0.645623238696349	0.646364065107382	-0.00625884622672622	189.603633699291	0.889557321607373	0.985196711297125
ZNF577	betareg	33	19	-0.045162727292971	0.0982274233424392	0.64567616756235	0.650526715402738	0.00676019075822119	112.638154236125	0.889557321607373	0.985196711297125
ZNRF3	betareg	33	19	0.096102093210666	0.209262888817425	0.6460611285692	0.653414073903846	-0.0253119595687659	58.8093714347206	0.889557321607373	0.985196711297125
PWP1	betareg	33	19	0.0384637724440008	0.0838854402358744	0.64657358501661	0.646476456378316	-0.00646656658652435	265.728080284754	0.889557321607373	0.985196711297125
OXSR1	betareg	33	19	-0.0370804656597258	0.0808718566946599	0.6465868733724	0.646215127691023	0.00628249377694493	644.435111087465	0.889557321607373	0.985196711297125
CRISPLD1	betareg	32	18	-0.058306655832567	0.12724448105989	0.64679049861028	0.642075883878552	0.00989001358083996	86.3798311513126	0.889557321607373	0.985196711297125
UBA6	betareg	33	19	-0.0569373653612171	0.124301897287327	0.646911426027468	0.654503298143082	0.00294253578800528	476.834427375331	0.889557321607373	0.985196711297125
RNF138	betareg	33	19	0.0586688344738717	0.128129693960357	0.647034113255598	0.639681162159867	-0.000643361144026101	257.711708874477	0.889557321607373	0.985196711297125
LYPLA1	betareg	33	19	-0.0628360025108646	0.137286424016211	0.647167955362245	0.65155343094227	0.0170889389681501	513.751625405823	0.889557321607373	0.985196711297125
CDKN2AIP	betareg	33	19	0.0603154319741501	0.131948647040863	0.647589880790368	0.654394488894556	-0.0134042689367519	279.815094193576	0.889557321607373	0.985196711297125
HDAC2	betareg	33	19	-0.043764073659349	0.0958064977020659	0.647817315466562	0.641411751140871	0.00628584193284876	729.334731231035	0.889557321607373	0.985196711297125
GABRG3	betareg	33	19	0.0606103095310732	0.132726619994267	0.647918851297743	0.646662187181308	-0.0126821758873341	340.22419623742	0.889557321607373	0.985196711297125
SGPP2	betareg	33	19	-0.0728398564085983	0.159675075174625	0.648263785597087	0.652023986746525	0.0130137511284589	116.496228162775	0.889557321607373	0.985196711297125
RPF1	betareg	33	19	-0.0607895657035569	0.133292079543267	0.648344783498799	0.655550964249908	0.0097308013816024	263.570892534076	0.889557321607373	0.985196711297125
OSTM1	betareg	33	19	-0.0329936406376747	0.0724036000439512	0.648612475576988	0.645554216598174	0.00189422009196143	1013.45856160522	0.889557321607373	0.985196711297125
ACVR1B	betareg	33	19	-0.0529736302428437	0.116292840318994	0.648735704298822	0.649909189321055	0.00474144050392171	703.698733695297	0.889557321607373	0.985196711297125
SYK	betareg	32	19	-0.0886828212162885	0.195093318978862	0.649421383356985	0.648246967951883	0.00763800798959181	55.1234917108554	0.889557321607373	0.985196711297125
SH3GLB2	betareg	33	19	-0.0516844242239004	0.113723679377685	0.649487898990216	0.652357985330205	0.00117828617717102	1289.53824255332	0.889557321607373	0.985196711297125
ZDHHC24	betareg	33	19	0.0525318045148935	0.115609935851957	0.649549357634671	0.64972791087622	-0.00918534096437357	272.994267859534	0.889557321607373	0.985196711297125
GATAD2B	betareg	33	19	0.0757099062766839	0.166716669338963	0.649740160632483	0.668552692708099	0.000569375178806721	517.939962015426	0.889557321607373	0.985196711297125
TAF11	betareg	33	19	-0.0171667659266605	0.0378046643454456	0.649763176761891	0.647254774432879	0.00219424683521607	738.282946694899	0.889557321607373	0.985196711297125
PRCP	betareg	33	19	-0.0476058865812351	0.104859687535551	0.649831651722633	0.64990252253715	0.0063411917857087	756.53028599957	0.889557321607373	0.985196711297125
ATP6V1C1	betareg	33	19	0.0271175954307901	0.059747133628382	0.649920422794612	0.651253243170126	-0.0050705244370142	2157.08280739074	0.889557321607373	0.985196711297125
H3-3A	betareg	33	15	0.0770287670333698	0.170020990224467	0.6505095302932	0.653999227379672	0.00101925265112082	120.275836866046	0.889557321607373	0.985196711297125
SNX19	betareg	33	19	0.0358138860335222	0.0790702631718174	0.650593758791953	0.649080868709486	-0.00679920014415068	735.278951853275	0.889557321607373	0.985196711297125
TTC5	betareg	33	19	0.0585311786461614	0.129361855968431	0.650937000344216	0.662119937189224	-0.00152971226671605	1063.69705164028	0.889557321607373	0.985196711297125
KLHDC10	betareg	33	19	-0.0432419182776638	0.0955841749049103	0.650983578200866	0.653057695174578	0.000935557530613927	1199.44369005483	0.889557321607373	0.985196711297125
RNASEH1	betareg	33	19	-0.0575297674120107	0.127258071992893	0.651217361641746	0.647193912391523	0.0114303523885306	619.796589278454	0.889557321607373	0.985196711297125
ABHD5	betareg	33	19	0.0425208269718159	0.094071869796719	0.65126636475164	0.64628909246335	-0.00929973352544057	238.860312784052	0.889557321607373	0.985196711297125
RTF1	betareg	33	19	-0.0399100783912438	0.0883262703231827	0.651378244527459	0.652473739975394	0.00211628929442897	558.608660182788	0.889557321607373	0.985196711297125
LMAN1	betareg	33	19	-0.035412100753947	0.0784199344453766	0.651578685511842	0.651798307193788	0.00547661277192774	322.898561629106	0.889557321607373	0.985196711297125
ARID2	betareg	33	19	0.0519315242711122	0.115012417075013	0.651607811249271	0.648174372213753	-0.0063981509984957	171.392771997767	0.889557321607373	0.985196711297125
KLHL23	betareg	33	19	0.0311414359531706	0.0689718995830915	0.651622713378431	0.648646824748642	-0.00599718228899102	605.220873354507	0.889557321607373	0.985196711297125
MAGT1	betareg	33	19	0.0623262992773454	0.138043881533664	0.651631904051132	0.646241576198474	-0.00877831426741798	105.82638568493	0.889557321607373	0.985196711297125
DHFR	betareg	33	19	-0.0633339615918229	0.140347875737368	0.651799196441551	0.646080835563384	0.00628024869936311	64.8363102459847	0.889557321607373	0.985196711297125
RBM15B	betareg	33	19	0.0367052987153174	0.0813398173819682	0.651803120825044	0.657773658632499	-0.00328878022705716	1958.11787874092	0.889557321607373	0.985196711297125
TDP1	betareg	33	19	-0.0432196485279137	0.0958289005539246	0.651983424057928	0.65167030521528	0.00502248336244279	161.436767846097	0.889557321607373	0.985196711297125
ZNF585B	betareg	33	19	0.0820445931081684	0.181958579472483	0.652063724415118	0.66037565841708	-0.00891204159553041	238.865791647536	0.889557321607373	0.985196711297125
MFSD4B	betareg	33	19	-0.0568100754486918	0.126329887277601	0.652929482081954	0.652617242371425	0.0104783057822379	296.606221987079	0.889557321607373	0.985196711297125
PISD	betareg	33	19	0.0156566915729147	0.0348215629699471	0.652979899239532	0.653392101188364	-0.00277936070822515	558.029527149256	0.889557321607373	0.985196711297125
NXPH3	betareg	33	19	-0.0623331488598024	0.138801685506659	0.653373490444733	0.654055539832349	0.00895349619298773	109.526033312827	0.889557321607373	0.985196711297125
NKAIN1	betareg	33	19	0.0185843593749055	0.04140024773271	0.653507487311987	0.653385057285433	-0.00340483174363262	2551.05328082523	0.889557321607373	0.985196711297125
NIPSNAP3B	betareg	33	19	0.0621768670896113	0.138552670006115	0.653604948254132	0.655027909572781	-0.0113736562327711	130.006745534224	0.889557321607373	0.985196711297125
KCTD18	betareg	33	19	0.0559929484965697	0.124872628271874	0.653864183643743	0.663877905051394	-0.0116227235839849	106.691793739466	0.889557321607373	0.985196711297125
ZNF570	betareg	33	19	0.046219221723299	0.103166013424724	0.654147266437499	0.653311708638644	-0.00952883670796877	164.670408716989	0.889557321607373	0.985196711297125
CLSTN2	betareg	33	19	-0.0411705732990907	0.0920568208833047	0.654708992578475	0.654059407840074	0.00702502554836539	1766.24980106603	0.889557321607373	0.985196711297125
RAB18	betareg	33	19	0.0251818041345197	0.056327744110074	0.654832727859471	0.65449302754931	-0.00456671380523266	3629.08624274387	0.889557321607373	0.985196711297125
ARHGAP35	betareg	33	19	0.0390420412579219	0.087374019957592	0.654991958355418	0.651083331706106	-0.00492981252677612	1621.6213236623	0.889557321607373	0.985196711297125
ZSCAN25	betareg	33	19	0.0332298352527662	0.0744661105773101	0.655423134662298	0.65277125739857	-0.00328266728017989	222.046097334548	0.889557321607373	0.985196711297125
FBXO22	betareg	33	19	0.0317834959645101	0.0712498311369584	0.65553569508585	0.653893086740101	-0.00606872597197737	539.400910957088	0.889557321607373	0.985196711297125
ZNF35	betareg	33	19	0.0504501066521999	0.113096745840475	0.655540032278871	0.654982173574034	-0.00849838349305054	148.438391834102	0.889557321607373	0.985196711297125
OGFOD1	betareg	33	19	0.0832212419300546	0.186678280259082	0.655741471857284	0.644561207174312	-0.00308393692450848	525.414419559238	0.889557321607373	0.985196711297125
PIK3C3	betareg	33	19	-0.0558591554802487	0.125318009520402	0.655785609459091	0.651809499838754	0.0106449216176028	233.469354053751	0.889557321607373	0.985196711297125
PPP1R12A	betareg	33	19	-0.0550355547232065	0.123532723890226	0.655948363587132	0.660628515068723	0.000502400227914867	255.532440238235	0.889557321607373	0.985196711297125
C1orf109	betareg	33	19	0.0559015604136278	0.125499929668521	0.656008306477321	0.666074544697811	-0.00729371783152972	189.466136789887	0.889557321607373	0.985196711297125
PTGES3L	betareg	33	19	0.0354999183817066	0.0797490134415234	0.656214573668199	0.656203354452081	-0.00347152167536461	308.942269945523	0.889557321607373	0.985196711297125
HUWE1	betareg	33	19	-0.0631107971332133	0.141973874648727	0.656663768412856	0.670885215044223	0.00250185851427494	596.439394463651	0.889557321607373	0.985196711297125
PIP4K2A	betareg	33	19	0.0906784360656201	0.203999125612794	0.656678206591643	0.652442476729609	-0.0132447993397995	653.360527623185	0.889557321607373	0.985196711297125
CAMK2A	betareg	33	19	-0.0707219348076883	0.159168989279459	0.656811381987254	0.653643190828884	0.00641252735025648	270.383816219968	0.889557321607373	0.985196711297125
HECA	betareg	33	19	-0.0528763131362322	0.119055013819877	0.656946109116086	0.651576796243395	0.00328743272611867	375.281099258282	0.889557321607373	0.985196711297125
GPR180	betareg	33	19	-0.0621310980634557	0.139927596323112	0.657025815913275	0.655349913559274	0.00500399029114855	258.514484299581	0.889557321607373	0.985196711297125
NUP214	betareg	33	19	0.050324927050874	0.113390521226199	0.657173072227161	0.657252296136397	-0.00939461557169164	79.9416962712099	0.889557321607373	0.985196711297125
C10orf88	betareg	33	19	0.0449236021705514	0.101248184102053	0.657261046050766	0.651887556778229	-0.000860581448722528	476.512384544735	0.889557321607373	0.985196711297125
FAM172A	betareg	33	19	-0.0304577594981873	0.0686895689568571	0.657467964634822	0.654939933092593	0.00343851334430076	637.205422091663	0.889557321607373	0.985196711297125
RBM28	betareg	33	19	0.0393970033813485	0.0888583961037948	0.657499301061619	0.656013337352866	-0.00626761577363114	381.488566997433	0.889557321607373	0.985196711297125
TTC19	betareg	32	19	-0.0647860326589173	0.146165341039056	0.65759359956224	0.677963161390196	0.000246149960427994	3181.37668356268	0.889557321607373	0.985196711297125
TRPM7	betareg	33	19	-0.082868407424113	0.187107492939542	0.657843870947733	0.656136955385051	0.0153608663208565	78.9536657359251	0.889557321607373	0.985196711297125
DDX3Y	betareg	28	12	0.105464206902829	0.238409595344651	0.658224657977103	0.657332642377742	-0.010805579512371	167.99715550865	0.889557321607373	0.985196711297125
MTPAP	betareg	33	19	0.0354715041538091	0.0803210576469514	0.658763139529013	0.656933711186676	-0.00454500815522091	466.155108682384	0.889557321607373	0.985196711297125
EXOC5	betareg	33	19	-0.0501388553481081	0.113588612161226	0.658918077118854	0.671272620706125	0.00338666326380613	992.238645488431	0.889557321607373	0.985196711297125
PRORP	betareg	33	19	0.0453733601625069	0.102865521418891	0.659144976180119	0.661222318225977	-0.00574778803301598	255.433708117101	0.889557321607373	0.985196711297125
IQSEC1	betareg	33	19	-0.02623680804594	0.0595613982179185	0.659574864805293	0.660212907313741	0.00447135216134176	836.113017335024	0.889557321607373	0.985196711297125
SCML1	betareg	33	19	-0.0762181788688716	0.173126634373491	0.65975948791679	0.671523618837445	0.00863753525877692	68.0802724639494	0.889557321607373	0.985196711297125
SV2B	betareg	33	19	0.0559791588285391	0.127426734998736	0.660440796162226	0.660685105909999	-0.0062467913396407	1120.34176735759	0.889557321607373	0.985196711297125
SMIM12	betareg	33	19	0.0446087559646952	0.101674237338408	0.660848506861195	0.661768091635572	-0.00547463131497995	1602.90289004013	0.889557321607373	0.985196711297125
ATP6V0A2	betareg	33	19	0.0501937511155813	0.114409241146551	0.66086361739643	0.661520520848044	-0.0107494707575403	77.5512711270523	0.889557321607373	0.985196711297125
ZNF516	betareg	33	19	-0.0545085837925948	0.124735253905688	0.662115546778278	0.664686165675672	0.0112668424126126	173.122920371049	0.889557321607373	0.985196711297125
GRIK4	betareg	33	19	0.0391635404719903	0.0896475012188878	0.662211805665404	0.664171291758896	-0.00827804339331951	99.570396643464	0.889557321607373	0.985196711297125
ATM	betareg	33	19	0.0579193198577451	0.132655059260681	0.662389865278106	0.660153322773746	-0.00936004561027677	90.7779353160355	0.889557321607373	0.985196711297125
DVL3	betareg	33	19	0.0351681882094529	0.0805665649917283	0.662466052835484	0.660669452919914	-0.0063137092223978	442.63475732246	0.889557321607373	0.985196711297125
NREP	betareg	33	19	-0.0155151234242216	0.035572047566295	0.662720256532619	0.664463617847025	0.00176643955227735	10544.70694236	0.889557321607373	0.985196711297125
CEP57L1	betareg	33	19	0.0557497059693469	0.127902567059525	0.662926434298054	0.663035183731179	-0.0107879432187091	141.980582105186	0.889557321607373	0.985196711297125
ZNF254	betareg	33	19	-0.0572174350487336	0.131301693985616	0.663003082335541	0.667785682469634	0.0128716676998935	372.907030951031	0.889557321607373	0.985196711297125
TBC1D14	betareg	33	19	0.0218163669936249	0.0500909163193285	0.66317385357554	0.663102484257656	-0.00395041834529794	1661.67341666414	0.889557321607373	0.985196711297125
TRIM2	betareg	33	19	-0.0212390119070995	0.0488075672502729	0.663447618898863	0.663743745629013	0.00376423878911509	3451.53541998203	0.889557321607373	0.985196711297125
CAPN5	betareg	33	19	0.0217508725858451	0.0499972499083743	0.663532391946172	0.663847217429294	-0.00427339849404214	655.040936237331	0.889557321607373	0.985196711297125
PAWR	betareg	33	19	-0.101933756471428	0.234459501847667	0.663736197788687	0.667460226082852	0.0177477458934136	58.578186416756	0.889557321607373	0.985196711297125
P2RY1	betareg	33	19	-0.0651726296993717	0.150239349648133	0.664439483102484	0.667095449366805	0.0124384959753909	349.07068135664	0.889557321607373	0.985196711297125
PPM1A	betareg	33	19	-0.0389189846551967	0.0898669658742721	0.664961509672014	0.676265382826978	0.00571861059816127	837.922109924449	0.889557321607373	0.985196711297125
ONECUT3	betareg	33	19	-0.0513270666833539	0.118569661923697	0.665098081409419	0.660374376481139	0.00135178960105334	1567.53496981742	0.889557321607373	0.985196711297125
PDCD2	betareg	33	19	-0.0474799399098682	0.109720217067045	0.665206228407541	0.662898104306854	0.00938344012246245	347.552234183756	0.889557321607373	0.985196711297125
CCND2	betareg	33	19	-0.0350334222884357	0.0810000284727482	0.665369888943953	0.663437545674294	0.00181099317180188	1801.74210867564	0.889557321607373	0.985196711297125
SLITRK2	betareg	30	15	-0.112019619638469	0.259742415669453	0.666270639097384	0.665489287768157	0.0196114677783664	100.729553303857	0.889557321607373	0.985196711297125
USP46	betareg	33	19	-0.0577835538127018	0.134109955919004	0.666565082493462	0.673364532284647	0.00607745552602041	654.450646799599	0.889557321607373	0.985196711297125
HEATR5A	betareg	33	18	-0.0672350101778275	0.156098166276699	0.666670074008084	0.669469974292553	0.0126886858546697	71.4229429702068	0.889557321607373	0.985196711297125
AGPS	betareg	33	19	-0.0285472458237185	0.0663007158264355	0.666779450358447	0.664200220513107	0.000439063545533105	1082.42538527801	0.889557321607373	0.985196711297125
PELI1	betareg	33	19	-0.0296399977704564	0.0688689269537676	0.666917245586794	0.670119363831258	0.00546073964928181	575.67734102488	0.889557321607373	0.985196711297125
ZDHHC9	betareg	33	19	0.0487232959884741	0.113215991990517	0.666935961115587	0.671569880324742	-0.00101636626597689	1717.01070666827	0.889557321607373	0.985196711297125
MFN1	betareg	33	19	0.0504968826069463	0.117501401775296	0.667373451160852	0.662342188532623	-0.00711998877290416	259.192474534599	0.889557321607373	0.985196711297125
USP31	betareg	33	19	-0.0494429476056722	0.115051952672193	0.667381485459409	0.672700333871457	0.00826280811864272	935.307185539718	0.889557321607373	0.985196711297125
CCNYL1	betareg	33	19	0.0538254743834058	0.125299624230402	0.667505474559079	0.672311682076113	-0.0100789792496832	130.877527915681	0.889557321607373	0.985196711297125
USP35	betareg	33	19	0.061825105667738	0.144116791962904	0.667928264676116	0.670622243168712	-0.0107392697742246	119.786230616132	0.889557321607373	0.985196711297125
ZNF654	betareg	33	19	0.0582879457003654	0.136005154075616	0.668235021245241	0.674979309402399	-0.0106751797562875	93.2701779914973	0.889557321607373	0.985196711297125
ARHGAP32	betareg	33	19	0.0613855697580189	0.143264092514989	0.668302853022806	0.684162565054207	-0.000887805871909963	668.357081219134	0.889557321607373	0.985196711297125
TMEM183A	betareg	33	19	0.0445767750383803	0.104087293140163	0.668459383520024	0.672260391317706	-0.00579929469983392	617.118001704519	0.889557321607373	0.985196711297125
EIF4H	betareg	33	19	0.0190797835693582	0.044563946566013	0.668546329427409	0.66921521553315	-0.00269073371486939	2819.66953417271	0.889557321607373	0.985196711297125
APH1B	betareg	33	19	-0.0375303349230453	0.0876670437653423	0.66857770652196	0.671137272328034	0.000912611652420662	383.005239504418	0.889557321607373	0.985196711297125
NALCN	betareg	33	19	0.0232789614228454	0.0545478188913766	0.669552351189704	0.67101721076035	-0.00476316868111412	234.11664823479	0.889557321607373	0.985196711297125
CTDSP2	betareg	33	19	-0.0442148541071122	0.103607307143784	0.669558364241504	0.671316406659476	0.00614970804837338	161.78861107745	0.889557321607373	0.985196711297125
RNF187	betareg	33	19	0.0596907104330162	0.139893531316453	0.669607532783309	0.676313622619981	-0.000227612652403019	9511.53515150396	0.889557321607373	0.985196711297125
PPM1E	betareg	33	19	-0.0321536316430261	0.0754084895845437	0.669821698890924	0.669791935119255	0.00574981403585649	1304.69741046376	0.889557321607373	0.985196711297125
GLCCI1	betareg	33	19	0.0447744841129932	0.105061187280182	0.669980106626671	0.673819916107655	-0.0054036376038719	507.82460442188	0.889557321607373	0.985196711297125
ZDHHC22	betareg	33	19	0.0274827293388083	0.0644870798940786	0.669980919677283	0.670320292878473	-0.00568976334637299	925.830197106485	0.889557321607373	0.985196711297125
TOMM70	betareg	33	19	0.0211543746197742	0.0496720659560831	0.670194773114107	0.670871403822842	-0.00336019343678883	988.08753966349	0.889557321607373	0.985196711297125
LDAF1	betareg	33	19	-0.0365401491467335	0.0858606681993836	0.670417600409244	0.671801403495982	0.00786947691002162	299.939047426656	0.889557321607373	0.985196711297125
ZNF614	betareg	33	19	-0.0333776749269966	0.0784666043306508	0.670563856073779	0.671120871673181	0.00585706553245718	243.716501454516	0.889557321607373	0.985196711297125
ZNF543	betareg	33	19	0.074341766381183	0.174786818925508	0.670597425189131	0.664832112519265	-0.00262293019036542	150.258911836219	0.889557321607373	0.985196711297125
FBXO42	betareg	33	19	0.0261727173551301	0.0615634351786981	0.670738900115242	0.672134206845428	-0.00355868211856074	1010.60795009632	0.889557321607373	0.985196711297125
CREM	betareg	33	19	0.082927417335912	0.195510264733881	0.671449938060812	0.676879614393529	-0.00123808964273613	417.42491840989	0.889557321607373	0.985196711297125
ASB8	betareg	33	19	0.038708025779305	0.0912838984104334	0.671536629843665	0.677777562664732	-0.00204380212293653	1349.16478877416	0.889557321607373	0.985196711297125
SOWAHC	betareg	33	19	0.054430836264538	0.128430583192039	0.67170057513673	0.681553408640787	0.000432700397298252	416.561341846447	0.889557321607373	0.985196711297125
NHLRC2	betareg	33	19	0.0449456582369291	0.106099139807257	0.671843375192553	0.673844229657391	-0.00935279632383695	93.7476214278039	0.889557321607373	0.985196711297125
UBE2V2	betareg	33	19	0.0447015740521971	0.105559943064902	0.671951656802985	0.676069105455054	0.000245193844472383	4196.24646568251	0.889557321607373	0.985196711297125
UTP6	betareg	33	19	-0.0472452785394157	0.111649764284758	0.672181375756184	0.675933746270459	-0.000639879444482338	168.230560517404	0.889557321607373	0.985196711297125
ZNF766	betareg	33	19	0.0604885305568399	0.143245891246081	0.672827504181827	0.68169838332915	-0.000168159620514331	387.428621456639	0.889557321607373	0.985196711297125
TNKS	betareg	33	19	-0.0327868410727313	0.0776582513998114	0.672883483753195	0.673399447131045	0.00382108977714901	1547.80654348928	0.889557321607373	0.985196711297125
FMNL2	betareg	33	19	0.030735386613348	0.0728426139854076	0.673067068359624	0.668388724013827	-0.00473935632286998	300.578672522564	0.889557321607373	0.985196711297125
RPS6KA2	betareg	33	19	0.025049064683387	0.0594079871945379	0.673284352643071	0.674559542846316	-0.00220357363734694	2779.95711079534	0.889557321607373	0.985196711297125
ROBO2	betareg	33	19	0.0376025355537618	0.0891813952886599	0.673287051728793	0.672477338818364	-0.00698363480363561	287.688586018921	0.889557321607373	0.985196711297125
SIAH3	betareg	33	19	-0.0452864601686534	0.107519138930311	0.673613126740417	0.676229881052817	0.00563251084732311	693.713301369673	0.889557321607373	0.985196711297125
KLF7	betareg	33	19	-0.0208193398554097	0.049464697858053	0.673833294037111	0.674023769135876	0.00359131364493211	1899.42463580731	0.889557321607373	0.985196711297125
ZEB2	betareg	30	19	-0.09436011818453	0.224242835486498	0.673905257792079	0.678879154039748	0.00789167252581015	63.0808578566542	0.889557321607373	0.985196711297125
SPTLC2	betareg	33	19	0.028013292323896	0.0666389414336537	0.674212105695038	0.676058653274735	-0.00142500338918619	1258.63934035852	0.889557321607373	0.985196711297125
FLNB	betareg	33	19	0.0281565736002559	0.0669937575151764	0.674276151891741	0.675119393682859	-0.00314293933822377	146.003727792937	0.889557321607373	0.985196711297125
PCDH19	betareg	33	19	0.0566213259514373	0.135106046168968	0.675151802620806	0.67292157682206	-0.0137590068002096	296.761544906247	0.889557321607373	0.985196711297125
ZBTB5	betareg	33	19	0.0369517308774343	0.0882311038508191	0.675357793596895	0.673496698258173	-0.00713354952985668	354.417317109976	0.889557321607373	0.985196711297125
NOL9	betareg	33	19	0.0274289937556393	0.0655472891610262	0.675609988287335	0.674187310146146	-0.0046471213407746	290.761586950984	0.889557321607373	0.985196711297125
B4GALT5	betareg	33	19	-0.0501873645978055	0.120017955936655	0.675826142202849	0.67096073019394	0.00254331423026592	1243.34402806291	0.889557321607373	0.985196711297125
EPHA6	betareg	33	19	-0.061850229537901	0.147923450857193	0.675857028985612	0.673657415702352	-0.00112545198757102	401.952097077497	0.889557321607373	0.985196711297125
SCG3	betareg	33	19	-0.0346524712369196	0.0830122640750408	0.676358084761866	0.674614924498361	0.00671460561916554	1502.32083780794	0.889557321607373	0.985196711297125
SMG9	betareg	33	19	-0.0576478764641519	0.138140853806788	0.676449998005709	0.679971767776946	0.00529574885553228	292.894331075828	0.889557321607373	0.985196711297125
PRKG1	betareg	33	19	-0.0424703580534836	0.101871438851731	0.676750439185084	0.677382433375302	0.00512225886603333	304.935778287936	0.889557321607373	0.985196711297125
TRDMT1	betareg	33	19	0.0703345148743236	0.168716949136077	0.67676708002625	0.67947758362036	-0.015466722172685	87.9980570380642	0.889557321607373	0.985196711297125
NSD1	betareg	33	19	-0.0450308792798722	0.108021513723703	0.676773830694213	0.677130190927239	0.00808805047691881	278.066321459574	0.889557321607373	0.985196711297125
APOOL	betareg	33	19	0.0507523032533553	0.121801524785054	0.676912221419518	0.676131984872105	-0.00634113000791192	274.965905346902	0.889557321607373	0.985196711297125
EPB41L4A	betareg	33	19	-0.0375093231244751	0.0902796995473812	0.677791254021599	0.683620651977662	0.00265320283584109	486.954399847315	0.889557321607373	0.985196711297125
C5orf51	betareg	33	19	0.051128728746357	0.123114810784224	0.677927367695303	0.6798890709656	-0.0123463520885431	869.179020225621	0.889557321607373	0.985196711297125
ZNF568	betareg	33	19	-0.0860880309403388	0.207648646675436	0.678445671729239	0.681299034933858	0.00783145561384088	73.9505444409289	0.889557321607373	0.985196711297125
HOOK3	betareg	33	19	0.0353168093752639	0.0852285569884454	0.67859755257079	0.67654323084728	-0.00387707926997884	514.056724516868	0.889557321607373	0.985196711297125
PIP4K2B	betareg	33	19	-0.0362765412030076	0.0875454556098557	0.678600389551039	0.678529016383083	0.00597934513548905	2669.70307098176	0.889557321607373	0.985196711297125
MACROD2	betareg	33	19	0.0523553885333934	0.126513859768734	0.678997697265326	0.672231164945499	-0.00624788515772003	210.180775240906	0.889557321607373	0.985196711297125
ZFYVE9	betareg	33	19	0.080168998329838	0.193724992092328	0.678999425032219	0.679249612598091	0.003841556218464	54.3816298618474	0.889557321607373	0.985196711297125
CLCN7	betareg	33	19	0.0619058983719023	0.14964283647564	0.679100400979208	0.69084533738652	0.000324214901352798	852.342623519166	0.889557321607373	0.985196711297125
ARHGEF12	betareg	33	19	0.0506002885659531	0.122464337267751	0.679471906427237	0.691290817595902	-0.000682804198937017	681.915427034631	0.889557321607373	0.985196711297125
NSD2	betareg	33	19	0.0328201295145916	0.0795004690447548	0.679731622741714	0.677505360921334	-0.00624198075843712	179.789758701127	0.889557321607373	0.985196711297125
LRIF1	betareg	33	19	0.0429832352793774	0.104299603233259	0.680256510017639	0.67941847470047	-0.00744525374489508	106.110884598566	0.889557321607373	0.985196711297125
CCSER2	betareg	33	19	0.0469623125656401	0.114144194783639	0.680757474929037	0.672256714636807	-0.00388464861079093	892.393245598611	0.889557321607373	0.985196711297125
CHAF1B	betareg	23	14	-0.112644853374839	0.273875460584761	0.680852900371913	0.683402124484918	-0.0142480543119768	50.3961525494654	0.889557321607373	0.985196711297125
DBNL	betareg	33	19	-0.038269405760703	0.0930556258762253	0.680887025434177	0.674938891192709	0.00269517723381664	1367.56319321684	0.889557321607373	0.985196711297125
SEMA3C	betareg	33	19	-0.0482274511776078	0.117440073937494	0.681324918547173	0.688226186996862	0.0117393978316287	1725.91309762525	0.889557321607373	0.985196711297125
TBC1D30	betareg	33	19	-0.0261924001655481	0.0638028476041031	0.681423901153009	0.683995279655706	0.00232346477999672	736.98150265988	0.889557321607373	0.985196711297125
SP1	betareg	33	19	0.071325633364233	0.173995145689424	0.68185812705988	0.680653409684523	-0.00589936098890741	161.966844492049	0.889557321607373	0.985196711297125
TMEM127	betareg	33	19	-0.0224942250677855	0.0550115180023215	0.682612844158242	0.684852191193217	0.00261183554129033	2949.37222848103	0.889557321607373	0.985196711297125
HAP1	betareg	33	19	0.0651291457273766	0.159280254404925	0.682615584565082	0.698099254645842	6.20430894856802e-05	749.067288069566	0.889557321607373	0.985196711297125
ZBTB10	betareg	33	19	-0.0540355786985874	0.1323976259102	0.683177484082117	0.678471006356894	0.00696504178329236	452.122423361119	0.889557321607373	0.985196711297125
ARID1A	betareg	33	19	0.0342491779030927	0.0839718864327405	0.683372925740873	0.69260085160217	-0.00425944298072873	1197.99568657063	0.889557321607373	0.985196711297125
SLC2A4RG	betareg	33	19	0.0547218870137735	0.134368997255431	0.68382376487421	0.680881061495838	-0.0121768192230837	78.2066441339328	0.889557321607373	0.985196711297125
FAT3	betareg	33	19	-0.0351043905860706	0.0863961528920258	0.684508293528255	0.686047981785123	0.00583579854868218	353.237237324079	0.889557321607373	0.985196711297125
TBC1D24	betareg	33	19	0.0376257808914207	0.0926259002765408	0.684586610132589	0.683058122433782	-0.00655857669824451	785.486776123495	0.889557321607373	0.985196711297125
MBOAT2	betareg	33	19	0.0416630760860113	0.102738620752875	0.685091667895309	0.686098704060718	-0.00480713307887522	918.317612394373	0.889557321607373	0.985196711297125
TMTC3	betareg	33	19	-0.0275160262140684	0.0679511941859652	0.68552302524505	0.683798814541328	0.00437968798874974	314.267062121534	0.889557321607373	0.985196711297125
RPAP3	betareg	33	19	-0.0516561699138622	0.127654659368969	0.685730699587242	0.686922628954155	0.00850756832594644	128.29801591053	0.889557321607373	0.985196711297125
ESYT2	betareg	33	19	-0.0276311223899461	0.0683657771669099	0.686090657303635	0.689444297504905	0.00331579739751586	447.854263633038	0.889557321607373	0.985196711297125
WDR5B	betareg	33	19	0.0521089850812405	0.129303830368708	0.686950833382564	0.691173236594346	-0.00611565889688154	138.496547856853	0.889557321607373	0.985196711297125
ATL3	betareg	33	19	-0.0759601475428686	0.188689970078687	0.687267599989893	0.675255394535299	0.00467579939660235	133.905471273154	0.889557321607373	0.985196711297125
ZZZ3	betareg	33	19	0.0356651980337285	0.0886982842699198	0.687613602779757	0.687592153799946	-0.00616695512327119	258.630218643711	0.889557321607373	0.985196711297125
C1GALT1	betareg	33	19	-0.0360448211175348	0.0897017691802009	0.687809476715598	0.689931732195931	0.00695830168715014	221.673249609515	0.889557321607373	0.985196711297125
PITPNC1	betareg	33	19	-0.0254380881189176	0.063316871713041	0.687861804968861	0.687521353287898	0.00386977164640695	1914.34089162324	0.889557321607373	0.985196711297125
TM9SF3	betareg	33	19	0.0237143798462803	0.0590287437093461	0.687873234219693	0.682962529812409	-0.00221468514761898	1942.77645737551	0.889557321607373	0.985196711297125
ZNHIT6	betareg	33	19	-0.0404951686662648	0.100860287404867	0.688053765827588	0.689139157493879	0.00173271430184987	216.099876994003	0.889557321607373	0.985196711297125
SYNPO	betareg	33	19	0.0407010163144153	0.1014776987162	0.688358751898318	0.687116800436582	-0.00721551967928119	144.431554597941	0.889557321607373	0.985196711297125
PIGX	betareg	33	19	0.0409006296059845	0.102110775275499	0.688750320670335	0.682939215593286	-0.000668689813835037	664.620828318135	0.889557321607373	0.985196711297125
FGF12	betareg	33	19	0.0161347486647845	0.0402947023284869	0.688848220057426	0.688834271193207	-0.00302137224705012	1126.74970168876	0.889557321607373	0.985196711297125
ADGRL3	betareg	33	19	0.040368092477686	0.100920610675574	0.689157624594251	0.698833670656581	-0.00403358926340236	1270.26502113039	0.889557321607373	0.985196711297125
C11orf1	betareg	33	19	0.0619760420855688	0.1549538683698	0.68918268505983	0.684501477738372	-0.00181333246027675	247.852883297268	0.889557321607373	0.985196711297125
ACADM	betareg	33	19	-0.0362600267929964	0.0906865285043519	0.689274974255621	0.685616725606904	0.00580280959483376	248.888402167327	0.889557321607373	0.985196711297125
SLC29A4	betareg	33	19	0.0363295257630858	0.0908761298194728	0.689326128678223	0.688564282924749	-0.00413901833717878	1298.83760273818	0.889557321607373	0.985196711297125
AREL1	betareg	33	19	-0.0282009999292001	0.0706470512409707	0.689759431452672	0.689827669571347	0.00470272767279626	918.766314581111	0.889557321607373	0.985196711297125
DGKI	betareg	33	19	-0.0234498405767169	0.0588148514520261	0.690109765976545	0.690752582464336	0.00400934928885727	881.011374872859	0.889557321607373	0.985196711297125
SPON1	betareg	33	19	-0.0454902738552569	0.114212169779984	0.690411857106722	0.691066571635612	0.00732007252630485	960.359063620592	0.889557321607373	0.985196711297125
ZNF253	betareg	33	19	0.0688851355106451	0.173007284776227	0.690509884437429	0.693869174138408	0.00104340505015702	245.114494663502	0.889557321607373	0.985196711297125
KCNK3	betareg	33	19	0.0341989654444389	0.085916544463691	0.690594317013831	0.687567825322823	-0.00117697412397534	4747.94702424109	0.889557321607373	0.985196711297125
MGAT2	betareg	33	19	0.0581211295802615	0.146306300751267	0.69117831856124	0.706171932282089	-0.00669958587251309	944.538414891327	0.889557321607373	0.985196711297125
PTPN4	betareg	33	19	-0.0537144670657407	0.135445461536302	0.691679893757709	0.688821367136112	0.0066744051464892	120.274634747386	0.889557321607373	0.985196711297125
ZNF71	betareg	33	19	-0.0350970501687641	0.0885735765930014	0.691922520651631	0.696039633375331	0.00287466759416965	1079.56633580144	0.889557321607373	0.985196711297125
AGO1	betareg	33	19	0.050744068583837	0.12816544518805	0.692159409558107	0.675766938759564	-0.000441551428286833	510.101608882196	0.889557321607373	0.985196711297125
GOLGA1	betareg	33	19	-0.0262691489657137	0.0663716379486215	0.692260861808982	0.693232964862448	0.00488382048198509	257.409957907367	0.889557321607373	0.985196711297125
PIGK	betareg	33	19	-0.0288086595891822	0.0728545180494336	0.692527623295615	0.691067708681901	0.00537569031123806	338.882272636315	0.889557321607373	0.985196711297125
SPIRE2	betareg	33	19	0.0220836660501032	0.0558537718465693	0.692559801704322	0.692053736995711	-0.00399188473793325	432.188743537384	0.889557321607373	0.985196711297125
STX6	betareg	33	19	0.0286236367295364	0.0724021589227335	0.692590278640494	0.692957524719214	-0.00558323066754742	478.871481065034	0.889557321607373	0.985196711297125
PTCD1	betareg	33	19	0.0154271990002817	0.0390588473750327	0.692862646518648	0.693186988100619	-0.00272138691118372	1249.23090517524	0.889557321607373	0.985196711297125
BBS12	betareg	33	19	-0.0518367021639361	0.131243844107349	0.692868846129592	0.685043326625503	0.0106889549030193	273.512956205972	0.889557321607373	0.985196711297125
MFSD14B	betareg	33	19	-0.0406033115905144	0.102815528334968	0.692906213727489	0.696351297892513	0.00630788835128796	215.169041365688	0.889557321607373	0.985196711297125
PHKA2	betareg	32	17	-0.0844057649775281	0.213933418843229	0.693180766252653	0.705906278965687	0.0102356566204451	100.279042965915	0.889557321607373	0.985196711297125
TWF1	betareg	33	19	-0.0314714287635855	0.0799354795758324	0.693794870264066	0.692230717280176	0.00407845774176079	247.258553941408	0.889557321607373	0.985196711297125
RBM11	betareg	33	19	0.0521884039443116	0.132649922644285	0.694002222515034	0.692660904381774	-0.00822984754836906	110.387082553779	0.889557321607373	0.985196711297125
SPTSSB	betareg	33	19	0.031396565632224	0.0798107104551527	0.694033025087147	0.699484489182974	-0.00296423969935274	327.496293983903	0.889557321607373	0.985196711297125
GLO1	betareg	33	19	0.0187498785237644	0.047792346047663	0.694822014776771	0.694942075138554	-0.0032930790762777	1594.01673919099	0.889557321607373	0.985196711297125
SGCB	betareg	33	19	0.0295230307295767	0.0753034880318079	0.695018343962129	0.69510540875754	-0.00523740903559368	1672.29457600174	0.889557321607373	0.985196711297125
RALGPS2	betareg	33	19	0.0385914803997587	0.098549726630774	0.695358231243951	0.697261147527718	-0.00612606426295758	430.089408510317	0.889557321607373	0.985196711297125
C1orf74	betareg	32	19	-0.0735681783947366	0.187976143330117	0.69552394019829	0.696003666995671	0.0215180892776386	217.260303031322	0.889557321607373	0.985196711297125
MARK2	betareg	33	19	-0.0419459609660596	0.107184791394122	0.695544110709527	0.697337841400261	0.00615440486146216	385.622352553577	0.889557321607373	0.985196711297125
PDE4D	betareg	33	19	0.0451053555184329	0.115337420886573	0.695743249776174	0.696031592707185	-0.00368643235144086	490.620680184895	0.889557321607373	0.985196711297125
SMG1	betareg	33	19	0.0377251253310037	0.0964773557848139	0.695778241277129	0.695705227086914	-0.0081875957506089	355.675416419255	0.889557321607373	0.985196711297125
IDH2	betareg	33	19	-0.0179538308714666	0.0459150225938347	0.695780219135426	0.695108958048143	0.00327982731831005	988.097931198498	0.889557321607373	0.985196711297125
UTP23	betareg	33	19	-0.0568236707476052	0.14538040328169	0.695899266185066	0.698261306375464	0.0161951432026981	158.522210603661	0.889557321607373	0.985196711297125
ZBTB8A	betareg	33	19	0.0478157833517933	0.122426167737971	0.696116342052291	0.699385178919554	-0.00594179598483302	184.699274625397	0.889557321607373	0.985196711297125
COX15	betareg	33	19	0.0247805500660958	0.0635334122080649	0.696507225361636	0.696411441743381	-0.00440266354279558	358.404661614254	0.889557321607373	0.985196711297125
ASB6	betareg	33	19	0.0253726075474957	0.0650915027036083	0.696685127781133	0.696679831100496	-0.00496210168428137	1700.27590468333	0.889557321607373	0.985196711297125
ATP5F1A	betareg	33	19	0.0447394873422046	0.114899338800634	0.696995175379876	0.703890534364297	-0.000133628268153907	3323.43241088022	0.889557321607373	0.985196711297125
C3orf14	betareg	33	19	0.0315884842973718	0.0811781926063695	0.697183497554775	0.695641155890927	-0.000310698133481888	1794.59114264922	0.889557321607373	0.985196711297125
DIPK2A	betareg	33	19	-0.0585074005745181	0.150413817053905	0.697293724871738	0.69082653975989	0.00527600186929814	164.578537874935	0.889557321607373	0.985196711297125
SLC46A3	betareg	33	19	-0.0593996580599482	0.15289475360688	0.69764583008793	0.699840217438473	0.00101947057146672	92.6582801496468	0.889557321607373	0.985196711297125
FMR1	betareg	33	19	-0.0468798036082174	0.12073814284387	0.697811302928241	0.690351547728394	0.00683157458084077	456.634365061847	0.889557321607373	0.985196711297125
PAPPA	betareg	33	19	0.0439591769782196	0.11325405426017	0.697907542404875	0.701778053269598	-0.00657775792053914	201.237931884245	0.889557321607373	0.985196711297125
SCAMP5	betareg	33	19	-0.0503005823184855	0.129673601790403	0.69808894131552	0.701678036945606	0.00426540520530376	2381.47395689582	0.889557321607373	0.985196711297125
ATG2B	betareg	33	19	0.0482162466745853	0.124393598323634	0.698304405510713	0.693962997082132	-0.00564292898484652	235.037837973005	0.889557321607373	0.985196711297125
AP1G1	betareg	33	19	-0.0382371999340625	0.0987853183202662	0.698701637827304	0.699772208275384	0.00553001829922879	748.746357656634	0.889557321607373	0.985196711297125
NAV2	betareg	33	19	0.0379434045070025	0.0980567736177095	0.698790687721151	0.696842648031479	-0.00894486548923324	406.308601321606	0.889557321607373	0.985196711297125
NR1D2	betareg	33	19	-0.0499160686821432	0.129068677519752	0.698948422950216	0.700079197598358	0.00929299333399199	254.52712229183	0.889557321607373	0.985196711297125
METTL2B	betareg	33	19	0.0382388714945445	0.0988963251199702	0.699010789308889	0.70094631728929	-0.00264093081245376	277.003088853236	0.889557321607373	0.985196711297125
SS18L1	betareg	33	19	-0.0383953808342595	0.0993933106921064	0.699276400993792	0.698705735378972	0.00625909727988652	376.428462055289	0.889557321607373	0.985196711297125
GNG12	betareg	33	19	-0.0437853201587784	0.113436755920821	0.699504944881545	0.700505009394014	0.00870290526159072	226.805208984789	0.889557321607373	0.985196711297125
PCLO	betareg	33	19	-0.044168416118769	0.114450089512303	0.699556969117832	0.694369131328759	0.000138903495932018	538.693059956169	0.889557321607373	0.985196711297125
WDR45B	betareg	33	19	0.0124422731500039	0.0322933889565259	0.700023640444997	0.70023780890583	-0.00226473017725467	1057.69887875644	0.889557321607373	0.985196711297125
FAM222B	betareg	33	19	0.0397589757241044	0.103328732181466	0.700399370057855	0.700518476981077	-0.000106734118243392	1703.27931751206	0.889557321607373	0.985196711297125
ZNF175	betareg	33	19	0.0458262510605788	0.119168069421231	0.700569787771439	0.701429956045296	-0.0062547980081761	149.05352170309	0.889557321607373	0.985196711297125
ATE1	betareg	33	19	0.0218010438032884	0.056704114316641	0.700629957461833	0.700425803964854	-0.00382660573299913	489.62436235057	0.889557321607373	0.985196711297125
SEMA4F	betareg	33	19	0.0217198815442403	0.0565841074651706	0.701088685093136	0.701308065186001	-0.0042968797275099	1896.2888763002	0.889557321607373	0.985196711297125
IGF2BP3	betareg	33	19	0.0411043122338549	0.107239505164844	0.701501418740923	0.699480969919608	-0.00586560874810111	143.334162410602	0.889557321607373	0.985196711297125
KIAA1191	betareg	33	19	0.0190815906778072	0.0497864017143407	0.701520228465969	0.700876086814331	-0.00363106317315263	2259.55097083511	0.889557321607373	0.985196711297125
LETM1	betareg	33	19	-0.0330284842292909	0.0864086400536506	0.702286396098364	0.696459664387946	0.00117644399862974	730.798700960949	0.889557321607373	0.985196711297125
TMEM134	betareg	33	19	0.0550885040524847	0.144437104127932	0.702905472028833	0.704577306952668	0.00147399654026254	311.96254871273	0.889557321607373	0.985196711297125
CRK	betareg	33	19	0.0242646836657659	0.0637260555715535	0.703377258310412	0.704187264227731	-0.00132599795937375	2083.20637281772	0.889557321607373	0.985196711297125
DNAJC27	betareg	33	19	-0.0289415759712584	0.0762995170860705	0.704453722254084	0.704764621979171	0.00238587965703088	458.984466098269	0.889557321607373	0.985196711297125
RPS6KB1	betareg	33	19	-0.0338067972531193	0.0892159881469313	0.704738323684934	0.705931328465296	0.00465506949186231	329.100564640369	0.889557321607373	0.985196711297125
DUSP18	betareg	33	19	0.017408166221718	0.045955044266298	0.704829996748423	0.704331427962615	-0.00298809838116059	785.711742973091	0.889557321607373	0.985196711297125
TRAF7	betareg	33	19	-0.0392660394209835	0.103957238976678	0.705643532010114	0.708209043589111	0.00350016856454851	436.52369991772	0.889557321607373	0.985196711297125
CYTH1	betareg	33	19	-0.02366111394019	0.0626510690531309	0.705679495748248	0.709238991524565	0.00230905488686568	891.414528614158	0.889557321607373	0.985196711297125
DESI2	betareg	33	19	0.050111750189158	0.132731953273899	0.705771624578666	0.704515760843228	-0.00944930988646961	329.276214120828	0.889557321607373	0.985196711297125
PPP1R3B	betareg	33	19	0.0601431881616041	0.159419748466591	0.705978093163695	0.707864426598025	-0.0160596506825135	99.6153977121826	0.889557321607373	0.985196711297125
DCUN1D3	betareg	33	19	-0.0475720457157906	0.126280609418846	0.706383966877235	0.704287191937287	0.00352078661010301	270.143635131209	0.889557321607373	0.985196711297125
URI1	betareg	32	19	0.0524875625951902	0.139374773245479	0.706476098009456	0.716735554267859	-0.00241911663728742	316.812601198072	0.889557321607373	0.985196711297125
TLE4	betareg	33	19	0.0295568963279742	0.0784954767426173	0.706513500147421	0.705691354884842	-0.00470041969258154	222.364212541154	0.889557321607373	0.985196711297125
FAM167A	betareg	33	19	-0.0224478709402271	0.0597216365060353	0.707009816885056	0.707679310634079	0.00362627136700954	642.585989196351	0.889557321607373	0.985196711297125
SDHAF4	betareg	33	19	-0.0224221096143305	0.0596942732823101	0.707202575210248	0.70664185193677	0.00417937723578195	260.687958757096	0.889557321607373	0.985196711297125
PGPEP1	betareg	33	19	0.053384964711841	0.14228657858449	0.70751674536742	0.706210244287246	-0.0103077449276534	165.857978181928	0.889557321607373	0.985196711297125
C2orf68	betareg	33	19	0.0380080674439068	0.101407418884024	0.707805056777952	0.707963562637613	-0.00135409820584064	344.739092042992	0.889557321607373	0.985196711297125
PPIF	betareg	33	19	0.0217289443265964	0.0579795007233339	0.707831952750658	0.709394441509872	-0.00105282216226363	714.448039002377	0.889557321607373	0.985196711297125
NICN1	betareg	33	19	-0.0176484517613637	0.0470957066327853	0.707856894184583	0.70788498008074	0.00315620982658383	768.904676045386	0.889557321607373	0.985196711297125
DOCK5	betareg	33	19	0.0368887742236959	0.0985249925700064	0.708099064426488	0.709133535534821	-0.00632870826403219	163.730501651084	0.889557321607373	0.985196711297125
PAFAH2	betareg	33	19	0.0742670825890418	0.198502411152557	0.708302444848584	0.719430134410612	0.00276516029728503	94.9763688867454	0.889557321607373	0.985196711297125
KDSR	betareg	33	19	0.0502632610770782	0.134769362474858	0.709179984025145	0.702238573831211	-0.00400537776020899	459.859686201842	0.889557321607373	0.985196711297125
ERMP1	betareg	33	19	-0.0298657688549565	0.0801474900798972	0.709420037232715	0.709456628224777	0.00495982647302508	143.646761952994	0.889557321607373	0.985196711297125
PRPF4B	betareg	33	19	-0.0290639837952676	0.0780066329842765	0.709458460310911	0.710421931328691	0.00432358849012591	311.537061006361	0.889557321607373	0.985196711297125
AMIGO1	betareg	33	19	0.0246057458423864	0.0660616433953444	0.70954558643577	0.709810922655785	-0.00458068702265401	768.798073229322	0.889557321607373	0.985196711297125
HRH1	betareg	33	19	-0.0894765248550074	0.240603256441729	0.709979145788273	0.706993312803482	0.00508663334875689	102.739693860027	0.889557321607373	0.985196711297125
TMF1	betareg	33	19	0.0648392606220004	0.174540284525271	0.710275630659517	0.700084765714842	-0.00812915536861212	147.204272917528	0.889557321607373	0.985196711297125
AHI1	betareg	33	19	-0.0298047924217535	0.0802676143306114	0.710400855984835	0.71014516644258	0.00490367537835076	315.438424711357	0.889557321607373	0.985196711297125
TLE3	betareg	33	19	0.0373437127423378	0.100646557369525	0.710609114842771	0.711344264721516	-0.00694457793223343	157.377017318894	0.889557321607373	0.985196711297125
ACTR1A	betareg	33	19	0.0137193307357745	0.0369825653665657	0.710661720035075	0.710994591991623	-0.00223136395689695	4354.77013299508	0.889557321607373	0.985196711297125
MAVS	betareg	33	19	0.0284211448109702	0.0766470785544712	0.710782535511625	0.710780041507845	-0.00545899337311836	540.829336116347	0.889557321607373	0.985196711297125
DMXL2	betareg	33	19	0.0263841773852038	0.0712290267472006	0.711074580865525	0.711038933156323	-0.00512219016494052	385.85236950583	0.889557321607373	0.985196711297125
E2F3	betareg	33	19	0.0333416861093761	0.0900209659240443	0.711101684590115	0.713105412897939	-0.00462636220244607	309.771589801196	0.889557321607373	0.985196711297125
EGFR	betareg	33	19	-0.0796466638196447	0.215062440375711	0.711127650476118	0.710012893735223	0.00652354719936262	52.8339741114471	0.889557321607373	0.985196711297125
GUCY1A1	betareg	33	19	-0.0441453201078253	0.119259422232074	0.711261701801326	0.711506290421562	0.00801991157970275	111.767681163468	0.889557321607373	0.985196711297125
PLPP5	betareg	33	19	-0.0439475848040044	0.118981493548604	0.711855773522685	0.712594193585431	0.00712030988682456	113.145820991031	0.889557321607373	0.985196711297125
SLK	betareg	33	19	-0.0430032522399135	0.116624303747246	0.712326602869645	0.706578475240811	3.63081248458809e-05	242.887526281315	0.889557321607373	0.985196711297125
FANCF	betareg	33	19	0.0310209170984692	0.0841789962256672	0.712491969831691	0.718947056782657	-0.00385572189094409	442.441772950701	0.889557321607373	0.985196711297125
MARCHF1	betareg	33	19	-0.0306113380480792	0.0832371995586254	0.713051968508931	0.715166150115184	0.0057349022425982	442.849379879266	0.889557321607373	0.985196711297125
BRAF	betareg	33	19	-0.0287488876398888	0.0783110325541428	0.713535782746116	0.711901355732126	0.0045545073668219	322.642998326944	0.889557321607373	0.985196711297125
PANK3	betareg	33	19	-0.0262913776438948	0.0717160626495216	0.713914609135211	0.712386699192945	0.00318083656516964	1349.01681427305	0.889557321607373	0.985196711297125
MAPK14	betareg	33	19	-0.0180889913926091	0.0493539677887124	0.713980490900715	0.713361943738311	0.00234351083276788	355.28809979851	0.889557321607373	0.985196711297125
INTS2	betareg	33	19	0.0463032924173295	0.126398822937822	0.714121138928606	0.714253837497473	-0.00741394611158222	67.4352454001046	0.889557321607373	0.985196711297125
HDX	betareg	33	19	0.0391305766338353	0.10694237176603	0.714437164786491	0.713776844721354	-0.0088057858878859	93.8069761408605	0.889557321607373	0.985196711297125
PALS1	betareg	33	19	-0.0374459988652769	0.102344346850942	0.714452803557554	0.716055583281273	0.00436546286249844	159.525086846373	0.889557321607373	0.985196711297125
AASDHPPT	betareg	33	19	0.0202812015562981	0.0554511556568934	0.714552421640853	0.716269410176074	-0.00275354280080377	3606.08973880587	0.889557321607373	0.985196711297125
NMNAT1	betareg	33	19	0.048751714346027	0.133309345119234	0.714586220783438	0.711864481390824	-0.00396933242849051	145.582642781371	0.889557321607373	0.985196711297125
ASXL2	betareg	33	19	0.0506589505893987	0.138707505922416	0.714946139284981	0.720034554045014	-0.00598517133511942	167.789568774069	0.889557321607373	0.985196711297125
PTPRD	betareg	33	19	-0.0580922411830814	0.159135195747915	0.715074374174475	0.732136984063989	0.00174834804581003	299.531330603718	0.889557321607373	0.985196711297125
PDHA1	betareg	33	19	0.0319761078393844	0.0876459735743303	0.71523637357483	0.714638879497992	-0.00425286887602257	1346.33036086927	0.889557321607373	0.985196711297125
DIAPH1	betareg	33	19	-0.0312099612436066	0.0855642032131488	0.715294383465469	0.716340393667746	0.0057521962285322	283.759918053231	0.889557321607373	0.985196711297125
MAK16	betareg	33	19	0.0212310276288217	0.0582159462138673	0.715339564240821	0.714161860113885	-0.00241285795374854	413.668454827643	0.889557321607373	0.985196711297125
UBR5	betareg	33	19	0.0469302436013739	0.12881988946584	0.715627288715747	0.719410347895581	-0.00313925494187905	269.890645482868	0.889557321607373	0.985196711297125
NT5DC1	betareg	33	19	0.0317050914113488	0.0871689949441534	0.716067239188703	0.716300384445972	-0.00185801293792501	249.41160784299	0.889557321607373	0.985196711297125
IRF5	betareg	33	19	-0.0793240022189576	0.218162704529497	0.716156580081057	0.718545988362766	0.0123798280681633	100.196823069203	0.889557321607373	0.985196711297125
WDR47	betareg	33	19	-0.0345236455597291	0.0950244493201305	0.71637086473667	0.718160090008212	0.00539277690798726	1363.36409624466	0.889557321607373	0.985196711297125
MED13	betareg	33	19	0.0359755776641041	0.0991139906805905	0.716625994894	0.716980581597108	-0.00654326940555602	217.426449965252	0.889557321607373	0.985196711297125
SCUBE3	betareg	33	19	0.0336233208634049	0.0926418792070626	0.716650695471607	0.716597383180939	-0.00691786230500608	233.08852486995	0.889557321607373	0.985196711297125
OSBPL6	betareg	33	19	0.0391389878954871	0.107869136196193	0.716726137303683	0.715731751928325	-0.00804330067719182	220.258077135796	0.889557321607373	0.985196711297125
DPP8	betareg	33	19	0.0410980393327463	0.113282508637868	0.716759929048297	0.71613197694655	-0.00649299630551425	342.871305711757	0.889557321607373	0.985196711297125
BICD1	betareg	33	19	0.0447989180358316	0.123493541807139	0.716781749986998	0.712353479153236	-0.00789764386994138	947.002949831967	0.889557321607373	0.985196711297125
PARM1	betareg	33	19	-0.0297441396240619	0.0821151338268423	0.717184032962183	0.717647897721939	0.00433762238900633	802.762528272093	0.889557321607373	0.985196711297125
ABHD2	betareg	33	19	-0.0375368909929795	0.103939183250638	0.717992675536354	0.721911937295813	0.006100360580918	1190.41235453074	0.889557321607373	0.985196711297125
GALNT1	betareg	33	19	0.03372689807856	0.0934199065935339	0.718080948004207	0.715388401472716	-0.00412667544554185	582.025255181917	0.889557321607373	0.985196711297125
TENT2	betareg	33	19	-0.0586459681214209	0.162811724653286	0.718692132658226	0.721062383090469	0.0117731648057229	144.742291891448	0.889557321607373	0.985196711297125
RIMS4	betareg	33	19	-0.0368339077436689	0.102319549155971	0.718855392045597	0.713233369317865	0.00178222342484545	1791.44011488308	0.889557321607373	0.985196711297125
METTL16	betareg	33	19	-0.0512338204441853	0.142332778616206	0.718878552175017	0.720813343111422	0.0120996119723587	119.6413598356	0.889557321607373	0.985196711297125
SERAC1	betareg	33	19	-0.0200316712869061	0.0556522632838766	0.718889374368153	0.719211832568826	0.00291719045811602	317.719509067074	0.889557321607373	0.985196711297125
ARHGEF17	betareg	33	19	0.0215298214080435	0.0598594954430599	0.719091971567298	0.719760020007365	-0.00461799439258722	347.495628722589	0.889557321607373	0.985196711297125
PTDSS1	betareg	33	19	0.0404010251560011	0.112358187108026	0.719166113347062	0.717951798745082	9.57868541130377e-05	1981.08487800302	0.889557321607373	0.985196711297125
SRRD	betareg	33	19	0.0187017535634354	0.0520362132695168	0.719296758537114	0.720092230080036	-0.00287510588460696	1009.95049261798	0.889557321607373	0.985196711297125
SYT17	betareg	33	19	-0.030792628413594	0.0856901425673347	0.719334359374796	0.719293034969187	0.00564909922785964	407.512869523007	0.889557321607373	0.985196711297125
SCN2B	betareg	33	19	0.0198378597140279	0.0552633976022946	0.719618102318824	0.719864275232756	-0.00310988689114121	1076.11896845855	0.889557321607373	0.985196711297125
FLRT2	betareg	33	19	-0.0328193641025436	0.0915074732848024	0.719855229989728	0.716581597855118	0.00489756772979045	523.733141503065	0.889557321607373	0.985196711297125
SLU7	betareg	33	19	-0.0340119869691538	0.094917949233868	0.720096068585761	0.71742594745156	0.00627420479253109	177.194322462761	0.889557321607373	0.985196711297125
EPB41L4B	betareg	33	19	0.0451954375268716	0.126187093204962	0.72022198901741	0.719882105193621	-0.00996092234601282	204.160821641378	0.889557321607373	0.985196711297125
ZNF791	betareg	33	19	-0.0427259234180836	0.119446409787018	0.720568192532168	0.722035711533835	0.00471462366760826	771.241940488199	0.889557321607373	0.985196711297125
CBX3	betareg	33	19	0.0237647650747299	0.0664480441177509	0.720609511980523	0.721202354073325	-0.0053525576758204	1229.11868590404	0.889557321607373	0.985196711297125
FAF2	betareg	33	19	-0.0216925270725483	0.0606898673143317	0.720768098451681	0.725279426387157	0.00211187511369299	1150.4495432372	0.889557321607373	0.985196711297125
HERPUD1	betareg	31	18	-0.0701959976351148	0.196761769176779	0.721274265671155	0.744651815606165	4.25393412571868e-05	1327.86043271577	0.889557321607373	0.985196711297125
AGL	betareg	33	19	-0.0428453305635872	0.120245048960229	0.72160333240533	0.72096105160127	0.00289004261914851	181.386632883484	0.889557321607373	0.985196711297125
SLC8A1	betareg	33	19	0.0399443018513758	0.11210775189695	0.721613839708475	0.721278861120729	-0.00638557136403398	1315.72455876375	0.889557321607373	0.985196711297125
RALGPS1	betareg	33	19	0.0293076581870056	0.0827106619576158	0.723084436350423	0.722251497466847	-0.00372209466595226	1133.22298131476	0.889557321607373	0.985196711297125
SEMA6D	betareg	33	19	0.0215020827062631	0.0607171200733442	0.723237399951151	0.721219765167123	-0.0015536324166586	3300.95196003612	0.889557321607373	0.985196711297125
ARID3B	betareg	33	19	-0.0258033480859335	0.072917997411363	0.723437787229772	0.723714903634015	0.00420533005330794	263.116357225476	0.889557321607373	0.985196711297125
PTGER3	betareg	33	19	-0.0618989436367902	0.175176567538226	0.723824766651426	0.722974600462257	0.0042879712570299	147.559109797708	0.889557321607373	0.985196711297125
AP1S2	betareg	33	19	-0.0177178651581572	0.0501649117374377	0.723944211319611	0.723591783646188	0.00310849564963735	1757.53194443282	0.889557321607373	0.985196711297125
HNRNPR	betareg	33	19	0.0377253061227527	0.106854433895621	0.724048513204242	0.73189292082811	0.000986495896406749	1615.74883994687	0.889557321607373	0.985196711297125
DUSP10	betareg	33	19	-0.0413959063468316	0.117469470191836	0.724540440079669	0.728470967817529	3.98135277415248e-05	110.031718646858	0.889557321607373	0.985196711297125
ADPGK	betareg	33	19	-0.0172685292394542	0.0490291478670364	0.724681189853651	0.725059581606631	0.00330863142968985	581.59541185151	0.889557321607373	0.985196711297125
RELN	betareg	33	19	-0.0497384672468066	0.141408452305304	0.725036132951231	0.724827746041278	0.0103385557272671	76.0517614222502	0.889557321607373	0.985196711297125
POU3F2	betareg	31	19	-0.0619192398358313	0.176264537545891	0.725373901178381	0.732914212936878	0.000235755731551379	670.276013584056	0.889557321607373	0.985196711297125
BSDC1	betareg	31	19	0.0632215972144722	0.180018484458985	0.725442037765436	0.721547521077837	0.000209945733840695	1837.49206396815	0.889557321607373	0.985196711297125
APEH	betareg	33	19	0.0343081156498223	0.0977193260930705	0.725522077760034	0.741171270279525	-0.00326152907605784	631.329868846085	0.889557321607373	0.985196711297125
VWC2	betareg	33	17	-0.0777624889300415	0.221562753262796	0.72560879152303	0.723005529970034	0.0260107806039019	85.115763360116	0.889557321607373	0.985196711297125
XPNPEP3	betareg	33	19	-0.0433977217707876	0.123660759881383	0.725632059390426	0.723585807749094	0.00407887152367666	86.8886985445747	0.889557321607373	0.985196711297125
ARHGAP12	betareg	33	19	0.0254788673629081	0.0726780483104639	0.72590968650754	0.727932485051236	-0.00421501664662649	263.365193942174	0.889557321607373	0.985196711297125
WNT5B	betareg	33	19	0.0165658746678067	0.0472592299734987	0.725939443117612	0.726168151825278	-0.00293830509277204	238.613357315378	0.889557321607373	0.985196711297125
SLC12A6	betareg	33	19	-0.0369313446168496	0.105445018109126	0.726156586689133	0.720066931935306	0.00121158761542047	836.503828983651	0.889557321607373	0.985196711297125
NOVA2	betareg	33	19	0.045927758381294	0.131376110909017	0.726646509537385	0.732722402983695	-0.000822348693606405	1130.26140309289	0.889557321607373	0.985196711297125
SYT6	betareg	33	19	0.0282645550595298	0.0808691896679439	0.726706793481702	0.724622031696253	-0.00609533643219727	593.790077193846	0.889557321607373	0.985196711297125
SAMHD1	betareg	33	19	0.0193139812826501	0.0552645334434938	0.726727188418332	0.72690344935677	-0.00376797391799819	406.445974910281	0.889557321607373	0.985196711297125
VKORC1L1	betareg	33	19	-0.0249666503554781	0.0716190948268264	0.72738717556183	0.728070634351022	0.00320335786154454	1624.23599473991	0.889557321607373	0.985196711297125
SESN3	betareg	33	19	-0.0319084090381358	0.0915682990302987	0.727490488478256	0.727141238941384	0.00332886093105938	703.90371575651	0.889557321607373	0.985196711297125
ZNF445	betareg	33	19	-0.0476793034495974	0.1368794303304	0.727591864301643	0.728287845198549	0.0043312586077329	722.508651732589	0.889557321607373	0.985196711297125
MPP7	betareg	33	19	0.0559350837887519	0.160587423371596	0.727603277322128	0.727499711470279	-0.00788135876110653	71.9215742089621	0.889557321607373	0.985196711297125
FBXO45	betareg	33	19	0.0413042877472677	0.118610904139138	0.727664847096629	0.728226523684253	-0.0080972910553558	591.296247123127	0.889557321607373	0.985196711297125
STAG1	betareg	33	19	-0.0350548613274158	0.100713973281632	0.727792470703845	0.728218765695857	0.00599933001084221	138.771990437969	0.889557321607373	0.985196711297125
TEX261	betareg	33	19	0.0169133832535354	0.0486520674438832	0.728110893619555	0.727658230556876	-0.00333351063538328	1062.39454094809	0.889557321607373	0.985196711297125
UBA52	betareg	33	19	0.036236054070937	0.104261137183785	0.728177471592681	0.729020150669982	-0.00219073112444423	1646.00200777806	0.889557321607373	0.985196711297125
OPCML	betareg	33	19	-0.0277259844515709	0.0797848935015296	0.728208808648112	0.727807560851675	0.00423262081692331	751.458969427324	0.889557321607373	0.985196711297125
MTR	betareg	33	19	0.0467748441204619	0.134621440198487	0.728249789824881	0.734935691144683	-0.00738813911562856	275.941417031547	0.889557321607373	0.985196711297125
YIPF5	betareg	33	19	0.0376207588928243	0.108280720861444	0.728262831888003	0.732749782943647	-0.00134368150914251	1192.02779496787	0.889557321607373	0.985196711297125
NCAPG	betareg	33	19	0.0310817348269529	0.0895074149187569	0.728401118625156	0.728593060123292	-0.00532533684555454	90.3427791669211	0.889557321607373	0.985196711297125
STAG2	betareg	33	19	-0.0330206938169465	0.0950970249972704	0.728417319413781	0.726848483950878	0.00449679895265981	168.715534142158	0.889557321607373	0.985196711297125
SMAD3	betareg	33	19	0.0806677661463396	0.232319310088114	0.728420047492986	0.726069921486317	-0.0186061060793794	56.4689362611116	0.889557321607373	0.985196711297125
FAM114A2	betareg	33	19	0.0259001393336734	0.07460380914286	0.728464262751158	0.731879909792955	-0.00444056744568353	125.542540689594	0.889557321607373	0.985196711297125
SLC36A1	betareg	33	19	-0.0262551849804904	0.0756630746154518	0.728590344837437	0.72861238265381	0.00413422922496601	674.502424768461	0.889557321607373	0.985196711297125
FAM126A	betareg	33	19	-0.0364515155876341	0.105167673757265	0.728888989092047	0.72850989851804	0.00704760028820414	179.192021727401	0.889557321607373	0.985196711297125
ZNF518A	betareg	33	19	-0.0458799061282558	0.132610948033336	0.729362447226133	0.734127161609616	0.0073454347842661	539.099736967401	0.889557321607373	0.985196711297125
DUSP8	betareg	33	19	-0.0463138986845204	0.133887208821621	0.729404884210756	0.732163632520236	0.00766345071703934	869.801177403303	0.889557321607373	0.985196711297125
TTC33	betareg	33	19	-0.0309813457965618	0.0896014055135664	0.729516681420474	0.729347937950049	0.00665322618236733	432.966907973273	0.889557321607373	0.985196711297125
SUPT4H1	betareg	33	19	-0.0137418966950083	0.0397858515353154	0.729796254684545	0.729997342284851	0.00258131511698339	672.646644347317	0.889557321607373	0.985196711297125
HADH	betareg	33	19	-0.0213245408025902	0.0618130675328866	0.730106137691686	0.730248546246402	0.00388597508195372	196.574047541898	0.889557321607373	0.985196711297125
BUB3	betareg	33	19	0.052809167717866	0.153233611257266	0.730371232881526	0.738107122257216	-0.00389927570783798	1199.93258412482	0.889557321607373	0.985196711297125
C12orf73	betareg	33	19	-0.0551397555812246	0.160136926422716	0.730599028350789	0.728786547398091	0.00321717282107453	721.374861751015	0.889557321607373	0.985196711297125
CHRM3	betareg	33	19	0.0302767981034277	0.0882607863440397	0.731569919891025	0.735605113987197	-0.00199335048943931	937.282220905232	0.889557321607373	0.985196711297125
ZC3H7B	betareg	33	19	0.0463772732732522	0.135245394488536	0.7316646384785	0.736491912241116	-0.0117018308286893	65.9398649996084	0.889557321607373	0.985196711297125
TKFC	betareg	33	19	0.0514150839275932	0.150201621389583	0.732119780448864	0.742890567828165	0.000216897194914054	240.148295388437	0.889557321607373	0.985196711297125
TXNDC16	betareg	33	19	-0.0312807879695895	0.0916393994613692	0.73284274818815	0.734501625659615	0.00379934692140555	314.466702899867	0.889557321607373	0.985196711297125
KIF2A	betareg	33	19	-0.0184926619951455	0.0541904206693727	0.732912871833412	0.733546652307583	0.00326348973811411	1323.42955077427	0.889557321607373	0.985196711297125
PTGFRN	betareg	33	19	0.0227089608805853	0.0665862689389646	0.733069176191866	0.732797457794243	-0.00456433621698727	308.050148815547	0.889557321607373	0.985196711297125
VOPP1	betareg	33	19	-0.0203072949226095	0.0596061205400844	0.733335884938444	0.733418327522628	0.00300469488112003	535.270100999774	0.889557321607373	0.985196711297125
ZNF548	betareg	33	19	0.0262045911902206	0.0770234435877844	0.733694033051457	0.73554244203887	-0.00374073567384732	262.298437274215	0.889557321607373	0.985196711297125
FRY	betareg	33	19	0.0383723796954624	0.112847334377331	0.733827925913304	0.732488210627176	-0.000604393052517445	1029.99829205909	0.889557321607373	0.985196711297125
MTMR7	betareg	33	19	0.0288582200274528	0.0848761377490016	0.733853571634504	0.729934363800434	-0.00555191544213414	792.254528709376	0.889557321607373	0.985196711297125
NCBP1	betareg	33	19	-0.0218699101071031	0.0643468354032438	0.733950319839222	0.734124028325725	0.00333675318673171	429.514249351297	0.889557321607373	0.985196711297125
ENGASE	betareg	33	19	-0.0256591645428974	0.0755707549209019	0.734204260712034	0.734178426969032	0.00293004933409396	288.301877477824	0.889557321607373	0.985196711297125
TMEM86A	betareg	33	19	-0.0402046219765006	0.118430472121092	0.734249145051266	0.734427726449609	0.0043095610431033	340.584229391217	0.889557321607373	0.985196711297125
TRIM24	betareg	33	19	-0.0485919797392979	0.143576677995465	0.735032218369193	0.742682502388094	0.000364686693382158	676.31254168697	0.889557321607373	0.985196711297125
GRAMD1B	betareg	33	19	0.0405871743139997	0.119958370398954	0.735104098730375	0.735332253180093	-0.00820831789646176	398.56773404905	0.889557321607373	0.985196711297125
DCAF5	betareg	33	19	0.0336238358791115	0.0993937424464988	0.735145214154355	0.739127840141563	-0.00186621071508621	1697.34157838921	0.889557321607373	0.985196711297125
CARHSP1	betareg	33	19	0.0301919805666637	0.0893818174093886	0.735524005578946	0.735649041593414	-0.00532238377841323	777.735975600884	0.889557321607373	0.985196711297125
PWWP3A	betareg	33	19	0.0205769909381993	0.060980554477269	0.735788787208954	0.737512594412161	-0.00365903189477093	835.991430054655	0.889557321607373	0.985196711297125
LIX1L	betareg	33	19	0.0322761981748772	0.0956674930954681	0.735831252421693	0.729860832068652	-0.00395315569774198	245.938352567048	0.889557321607373	0.985196711297125
INPP5F	betareg	33	19	-0.0226946193775905	0.0672833778111696	0.735891476211394	0.736084272940982	0.00306795557923293	2291.80179392873	0.889557321607373	0.985196711297125
C2CD5	betareg	33	19	-0.0358637428595876	0.106353257360401	0.73595604119748	0.737606406482166	0.00647842170937549	248.210045496184	0.889557321607373	0.985196711297125
MAPK8	betareg	33	19	-0.0289979937751108	0.0860753017012756	0.736199076159227	0.736394092834161	0.00452658832279391	654.667876071991	0.889557321607373	0.985196711297125
FAM185A	betareg	33	19	0.0286557027349325	0.0851006682950599	0.736322619132531	0.736159799338532	-0.00631833750922215	171.587730573359	0.889557321607373	0.985196711297125
CACUL1	betareg	33	19	0.0364249052106623	0.108187376233172	0.736355497962516	0.736942463763605	-0.00996357383594436	705.044615110859	0.889557321607373	0.985196711297125
ZMIZ1	betareg	33	19	-0.021446050636572	0.0637188113048853	0.736438586002866	0.734702261432111	0.00325820250592209	2091.05810050385	0.889557321607373	0.985196711297125
PKP4	betareg	33	19	0.0655945182949381	0.1949213016023	0.736480312238404	0.737324698668675	0.00382976917014453	132.775678746797	0.889557321607373	0.985196711297125
IPPK	betareg	33	19	-0.0406350264798884	0.120971102321806	0.73694108293697	0.733541918280455	0.000969259139018421	234.029411878378	0.889557321607373	0.985196711297125
TCTN1	betareg	33	19	-0.0382228435369525	0.113805567578193	0.736975742177287	0.731631838682393	0.00386201971966378	129.638382826439	0.889557321607373	0.985196711297125
HTT	betareg	33	19	0.0252740063472431	0.0753517369972699	0.737313020414194	0.733745207664172	-0.00279449363817164	531.009339627436	0.889557321607373	0.985196711297125
ZDBF2	betareg	33	19	-0.0729160777905136	0.217494401316076	0.737432762934864	0.741380359855774	0.0212841879511026	565.380683810873	0.889557321607373	0.985196711297125
MAML1	betareg	33	19	-0.0316373485502401	0.0943857452690873	0.737480241843208	0.738562755366101	0.00526606326439958	131.692108889405	0.889557321607373	0.985196711297125
TMEM167A	betareg	33	19	0.0211311232055308	0.0631978844018825	0.738104593640907	0.737990480039612	-0.00193692134052188	1692.95816458025	0.889557321607373	0.985196711297125
RNF7	betareg	33	19	0.0323400396978277	0.0967304593441877	0.738129422080527	0.737631832560122	-0.000490850880047038	3098.0965304089	0.889557321607373	0.985196711297125
SLC45A4	betareg	33	19	-0.0472391657094088	0.14152985852075	0.738549151470072	0.733253535206875	0.00461390242502482	193.972332121139	0.889557321607373	0.985196711297125
DGKB	betareg	33	19	-0.0320699186076093	0.0961329488758827	0.738681678403944	0.738570324023374	0.00410799212193221	263.313691211795	0.889557321607373	0.985196711297125
TOMM20	betareg	33	19	0.018389387687358	0.055240118609968	0.739210422614832	0.73983238416921	-0.00361792564542628	2262.25742304552	0.889557321607373	0.985196711297125
ZNF596	betareg	33	19	0.051095931658059	0.153653114003735	0.739480926062251	0.740879932750184	-0.00573672126399871	151.424681795475	0.889557321607373	0.985196711297125
AP2B1	betareg	33	19	-0.0235824429831983	0.0711141677370526	0.74018085973953	0.740419022385429	0.00347617175905453	3306.21545962933	0.889557321607373	0.985196711297125
CREBL2	betareg	33	19	0.0126300060421254	0.0381187211551627	0.740392654147076	0.740287965610355	-0.00211485875238155	849.904447062066	0.889557321607373	0.985196711297125
CSRNP2	betareg	33	19	-0.0131071068950936	0.0395975472901011	0.740638405326119	0.740814893387889	0.00228009204370322	1359.04591240598	0.889557321607373	0.985196711297125
HECTD4	betareg	33	19	0.018109489457921	0.0547201490349079	0.740684239382805	0.739318252168693	-0.00352247827816342	804.91756932388	0.889557321607373	0.985196711297125
WDR89	betareg	33	19	-0.0388552133201623	0.117427215053079	0.740729363207143	0.745891292067374	0.00658177521471592	210.322589788587	0.889557321607373	0.985196711297125
RNF40	betareg	33	19	0.0343062473266687	0.103836570796403	0.741107605194407	0.740378991770261	-0.00192390426098793	873.264422660322	0.889557321607373	0.985196711297125
ZNF383	betareg	33	19	0.0507383332045889	0.15367079239977	0.741267345686071	0.749822977656815	-0.00345847671263608	88.2129698641198	0.889557321607373	0.985196711297125
TBC1D5	betareg	33	19	-0.0263167740785947	0.0797438475829866	0.741387602722974	0.741106497175986	0.0013623248194399	721.998191464137	0.889557321607373	0.985196711297125
PIK3R3	betareg	33	19	-0.0262227617101988	0.0794802614365821	0.741454384934263	0.743462498570074	0.00316968125146492	1755.42406977043	0.889557321607373	0.985196711297125
IGSF3	betareg	33	19	-0.0345458713829758	0.104952262041797	0.742036304848779	0.743529054779784	0.0026156594558887	708.007447208355	0.889557321607373	0.985196711297125
TBCE	betareg	33	19	0.0368163309699007	0.111895121684387	0.742136531397656	0.741344730848696	-0.00406664045431424	260.627392042458	0.889557321607373	0.985196711297125
ME1	betareg	33	19	0.0222269751699867	0.0675591419632705	0.742155492646053	0.742518263994051	-0.00390292618735878	275.575181344885	0.889557321607373	0.985196711297125
TFAM	betareg	33	19	-0.0293637494384529	0.0892667782748527	0.742198199571439	0.742475047170255	0.00378868125731325	343.499333260205	0.889557321607373	0.985196711297125
SLC30A6	betareg	33	19	-0.031320718242521	0.0952831825908757	0.742373440951234	0.742120432807971	0.0045428053550407	261.302562443045	0.889557321607373	0.985196711297125
THAP5	betareg	33	19	0.0808715933532739	0.246129761181945	0.742478460851363	0.73551546250929	-0.0165090083900125	192.006674774955	0.889557321607373	0.985196711297125
TNFAIP8L1	betareg	33	19	0.0465616343577518	0.141823961087115	0.742680430699232	0.744373327871968	-0.0139299881699206	164.443755567277	0.889557321607373	0.985196711297125
BOD1L1	betareg	33	19	-0.0317193300095305	0.0968471761567852	0.743275064613102	0.739216364223655	0.00511673549564334	274.948553880035	0.889557321607373	0.985196711297125
WDR17	betareg	33	19	-0.0421971290899327	0.128904144571448	0.74340108254063	0.740649079127901	0.00711759168199276	113.945781708119	0.889557321607373	0.985196711297125
LHFPL3	betareg	33	19	-0.0260761467747751	0.0796647467301066	0.743423191170363	0.743495365557812	0.00450917661179685	437.506241074497	0.889557321607373	0.985196711297125
GCLC	betareg	33	19	0.0447457913556134	0.136756816485971	0.743522366798046	0.740031348333243	-0.00821847655805367	117.644575098052	0.889557321607373	0.985196711297125
LARP4	betareg	33	19	-0.0468828267846687	0.143581949951997	0.744028597088243	0.740964919662836	0.00392047199919441	246.282924800352	0.889557321607373	0.985196711297125
TMX1	betareg	33	19	0.0325554010005506	0.0997457049406515	0.744133850276546	0.742782343649865	-0.00633957503153617	241.556170704903	0.889557321607373	0.985196711297125
SOS1	betareg	33	19	0.0311023978693076	0.0953129444791975	0.744183227596473	0.74444876735649	-0.00722160379952435	384.561709170971	0.889557321607373	0.985196711297125
KLHL26	betareg	33	19	0.0199130030446519	0.0610854905022765	0.744435091906663	0.746930963125145	-0.0027572754950612	355.462971258238	0.889557321607373	0.985196711297125
PRLHR	betareg	32	19	-0.0695631340566786	0.213441525282665	0.744491008369696	0.74516645001707	-0.00113293380071265	158.698307139339	0.889557321607373	0.985196711297125
MAN2A2	betareg	33	19	-0.0314308889848597	0.0964516700887326	0.744521276800977	0.753557442760992	0.00356161517124467	630.878174230303	0.889557321607373	0.985196711297125
C11orf54	betareg	33	19	0.0253271827785202	0.0778406498106634	0.744899399817354	0.742865480814398	-0.00390783271642101	102.745753753261	0.889557321607373	0.985196711297125
FAM3C	betareg	33	19	-0.0242575542493042	0.0746159052432749	0.745106165341545	0.744846362354285	0.00379363746857767	845.288847027313	0.889557321607373	0.985196711297125
TIGD5	betareg	33	19	-0.0417286656479781	0.128377963977494	0.745146717346698	0.747737384207121	0.0097659208688746	145.429679850916	0.889557321607373	0.985196711297125
SYT16	betareg	33	19	-0.0394834447380651	0.121651079152564	0.745511799662959	0.74824347423055	0.00594857304565265	534.434927914492	0.889557321607373	0.985196711297125
LIN28B	betareg	33	19	0.0366434030159085	0.112912582154541	0.745537599663209	0.744560572496187	-0.00773295470180998	87.3915752226341	0.889557321607373	0.985196711297125
TMEM74	betareg	33	19	0.030547287633692	0.0942092364129142	0.745749230795837	0.74541142108271	-0.00448488106410154	374.679531899149	0.889557321607373	0.985196711297125
KLHL18	betareg	33	19	0.0273584303533322	0.0844244041311793	0.745893883374206	0.745691506914988	-0.00525914877765604	722.043545114696	0.889557321607373	0.985196711297125
ZBED4	betareg	33	19	0.0357517655851963	0.110400581036262	0.746061630135713	0.746068782783895	-0.00120157710082696	877.055567396825	0.889557321607373	0.985196711297125
IQCK	betareg	33	19	-0.0337475709420174	0.104536838274865	0.746824401507374	0.748150170337817	0.00411501952821504	241.650833455495	0.889557321607373	0.985196711297125
ZNF792	betareg	33	19	0.0533110599803813	0.165921849754144	0.747981368247691	0.750452111110527	0.000383001114276948	77.2067841527415	0.889557321607373	0.985196711297125
OTUD4	betareg	33	19	0.0528668260258217	0.164591400358755	0.748058518014022	0.748713402600626	-0.00821529121374601	171.352426831267	0.889557321607373	0.985196711297125
MPDZ	betareg	33	19	0.038038520059047	0.11873587469186	0.748693559559804	0.751111858556385	-0.00380346369086066	96.5858076554363	0.889557321607373	0.985196711297125
KCNS2	betareg	33	19	0.0330759093969958	0.103272357980319	0.748757267730318	0.752010462602123	-0.00493817800859942	336.201961857024	0.889557321607373	0.985196711297125
ACER3	betareg	33	19	-0.0351086039035248	0.109680156433757	0.748892623601186	0.755328664446183	0.00603917900246704	533.884231285754	0.889557321607373	0.985196711297125
NECAB1	betareg	33	19	0.0342486515251563	0.107026960753155	0.748968159967811	0.756292962191127	-0.00647532982376021	552.643685704676	0.889557321607373	0.985196711297125
FBXO30	betareg	33	19	-0.038302442920424	0.120028585872087	0.749642337210657	0.747336671363742	0.0047799045547488	200.31050484612	0.889557321607373	0.985196711297125
RRM2B	betareg	33	19	-0.0302737450057025	0.0951780419988157	0.750428132022808	0.751278078876188	0.00756959608432089	462.717995517714	0.889557321607373	0.985196711297125
N4BP1	betareg	33	19	-0.0504131925961812	0.158514863204881	0.75045878001192	0.751180886494054	0.0109139874811134	158.150736549772	0.889557321607373	0.985196711297125
ZNF285	betareg	33	19	0.0495400274476823	0.155829752582866	0.750552278104163	0.746866085099419	0.00308945303481606	305.58932434509	0.889557321607373	0.985196711297125
SF3A1	betareg	33	19	0.0242714954878869	0.0764303612632283	0.750816040299714	0.750542203679381	-0.00384950130609003	331.737584396985	0.889557321607373	0.985196711297125
TRAF3IP1	betareg	33	19	-0.0257058733736552	0.0812371510241664	0.751676133522732	0.752395868146346	0.00436023495776999	122.838570752977	0.889557321607373	0.985196711297125
ZBTB40	betareg	26	12	0.0777740351526541	0.246017698550979	0.751902417296418	0.738148218166475	0.000462524849893581	263.807305664957	0.889557321607373	0.985196711297125
CHD7	betareg	33	19	-0.0450482866961752	0.142717027220019	0.752270006015922	0.754310656538076	0.0136325244684942	69.0985538280034	0.889557321607373	0.985196711297125
CCDC43	betareg	33	19	0.0263569570972934	0.0836437269122802	0.752678296688439	0.752016241448393	-0.00577209895698847	433.027011058394	0.889557321607373	0.985196711297125
TM2D1	betareg	32	19	0.0339469447420849	0.107777432513464	0.752782411317831	0.752822084303832	-0.00544389671528724	76.2681199329091	0.889557321607373	0.985196711297125
TSPYL5	betareg	33	19	-0.0201614483808334	0.0641501988874874	0.753304552763299	0.753457004702131	0.00328031377078465	1336.15913709916	0.889557321607373	0.985196711297125
PACS2	betareg	33	19	-0.0242200087520068	0.0770967518991022	0.753406483948206	0.752603774343262	0.00168265479883633	1665.74242740353	0.889557321607373	0.985196711297125
GCLM	betareg	33	19	-0.0312825707084479	0.0997501450629023	0.753817814003496	0.753573635556121	0.00771715575059153	174.515897976871	0.889557321607373	0.985196711297125
YOD1	betareg	33	19	-0.031898532899148	0.101773274475104	0.753955969298485	0.753573998581937	0.00507470425218151	200.467248049615	0.889557321607373	0.985196711297125
SBF1	betareg	33	19	-0.0328208055322458	0.104720660838639	0.753966988209797	0.753046918905572	0.00527049974053603	370.494434099464	0.889557321607373	0.985196711297125
GREB1	betareg	33	19	-0.025558665965182	0.0815611116341768	0.754000873855063	0.752608172182251	0.00347085556816935	197.134774357766	0.889557321607373	0.985196711297125
PRNP	betareg	33	19	0.0159251987645717	0.0508558621286842	0.75417140102419	0.755206861618409	-0.00296698864279496	5314.603698441	0.889557321607373	0.985196711297125
ZCCHC10	betareg	33	19	0.0474336538686975	0.151700949110854	0.75452478810799	0.75009908535788	-0.00938071426372012	282.572204972746	0.889557321607373	0.985196711297125
BTF3L4	betareg	33	19	0.0268505212573441	0.0858920949940629	0.754578807063316	0.753005423036989	0.000413223539064868	2537.05229783414	0.889557321607373	0.985196711297125
NEXMIF	betareg	33	19	0.057768424972956	0.184982238433234	0.754818817464812	0.755820710439681	-0.0132370973870822	615.670631222471	0.889557321607373	0.985196711297125
PPAN	betareg	33	19	0.0294519423789894	0.094386084178168	0.755012470021666	0.754946538345854	-0.00530910043617519	129.149523758785	0.889557321607373	0.985196711297125
ADNP2	betareg	33	19	0.0392855127876399	0.126171344582406	0.75552212159616	0.757188698128705	-0.00050594980888729	456.031226463828	0.889557321607373	0.985196711297125
CHRNB2	betareg	33	19	0.0294491051039656	0.0946796148684318	0.755770552830805	0.758399439404407	-0.00179000216397522	1659.08992459772	0.889557321607373	0.985196711297125
HMCES	betareg	33	19	-0.0204382278346377	0.0658183791359233	0.756162032437442	0.758123906554975	0.00298721462270453	702.09469610011	0.889557321607373	0.985196711297125
DMTF1	betareg	33	19	-0.0216514981775692	0.0697552040193954	0.756262431278225	0.753964658260051	0.00222430769554695	456.095136305079	0.889557321607373	0.985196711297125
ZFP37	betareg	33	19	-0.0562365895331641	0.181254301005987	0.756360603237769	0.750696429770657	-0.00368884462622948	346.546716905459	0.889557321607373	0.985196711297125
IL1RAP	betareg	32	19	0.0387461298914187	0.125220219142632	0.756999084209275	0.758967707336545	0.00178796663545261	202.788611318101	0.889557321607373	0.985196711297125
SLFN5	betareg	32	17	0.0664491582973134	0.215013119618328	0.757285779272947	0.772555990586318	-0.00299198830387373	246.137717324938	0.889557321607373	0.985196711297125
IGF2BP2	betareg	33	19	0.03313405083552	0.107402970803449	0.757700240239435	0.75263601804822	-0.00651692584615709	106.930772194266	0.889557321607373	0.985196711297125
ATF6	betareg	33	19	0.0313045493944434	0.10153296248457	0.757839550433663	0.763932104112671	-0.00196945496358163	629.738601849647	0.889557321607373	0.985196711297125
URM1	betareg	33	19	-0.0295424171461752	0.096000329009301	0.758285920080191	0.768700227209443	0.00187771565566875	1372.83858779337	0.889557321607373	0.985196711297125
EXT1	betareg	33	19	-0.0342978125032032	0.111516253969554	0.758418024795919	0.760141610891051	0.00748134326685606	121.721372232256	0.889557321607373	0.985196711297125
TBC1D23	betareg	33	19	0.0382992501505826	0.124593275148832	0.758543342293159	0.760989485380786	-0.00668689315401623	272.822443118347	0.889557321607373	0.985196711297125
RBM24	betareg	33	19	0.0343891065741565	0.11187376893302	0.758544982726462	0.756072664003949	-0.00542776729663666	108.767735610343	0.889557321607373	0.985196711297125
PABPC5	betareg	33	19	-0.0471862570943952	0.153929621163666	0.759190210511311	0.762870832079303	0.00789580008442322	266.197801417445	0.889557321607373	0.985196711297125
RILPL1	betareg	33	19	-0.0289276122549118	0.0944276113944763	0.759340483325854	0.759044762300417	0.00698237118799587	212.044083499789	0.889557321607373	0.985196711297125
SRPK1	betareg	33	19	0.013255123084738	0.0432956017845691	0.759487369555104	0.758670454878525	-0.00212397215649916	962.712595300887	0.889557321607373	0.985196711297125
NRIP1	betareg	33	19	-0.044946831164855	0.146896911287283	0.759623428007723	0.759800432169431	0.00988292817858135	1163.2596742324	0.889557321607373	0.985196711297125
BMPR2	betareg	33	19	-0.0243889647588222	0.0797980074055122	0.759883515650954	0.759955537318989	0.00381954722866433	1381.23930526491	0.889557321607373	0.985196711297125
MTO1	betareg	31	19	0.0587606757810929	0.192342635343326	0.759985367261643	0.759286685941746	-0.00439339193387491	130.642341201126	0.889557321607373	0.985196711297125
RNF152	betareg	33	19	0.0413172824781686	0.135387066489921	0.760229865420908	0.758790558536896	-0.00281418743395908	474.778041632983	0.889557321607373	0.985196711297125
DLC1	betareg	33	19	0.0343099945080402	0.112469844483785	0.760320836277341	0.759269993583077	-0.00637377471340582	214.965182672292	0.889557321607373	0.985196711297125
ALG10B	betareg	33	19	0.049949572354166	0.163979761780202	0.760664609809175	0.760858647866815	-0.0105100315276053	59.0436550737944	0.889557321607373	0.985196711297125
SMC1A	betareg	33	19	-0.037872039031806	0.12433482438917	0.760672954903271	0.76121543521484	0.00530477927260819	525.997085556685	0.889557321607373	0.985196711297125
CALN1	betareg	33	19	-0.032048923099454	0.105268803122345	0.760786266802275	0.760154519448359	0.00471560881814218	270.844472859216	0.889557321607373	0.985196711297125
SLC25A36	betareg	33	19	0.0309622602133534	0.101756925186378	0.760917103682523	0.760583030348071	-0.00716258537538667	1282.7267450445	0.889557321607373	0.985196711297125
DNAJC10	betareg	33	19	0.0255312700560183	0.083948649144906	0.761029147913878	0.7606546362342	-0.00366310127185216	427.607413648729	0.889557321607373	0.985196711297125
CSNK2A1	betareg	33	19	-0.0364916747786487	0.120018051663212	0.761088616947624	0.75341272770673	0.00196230237509517	2471.59023801834	0.889557321607373	0.985196711297125
CHD6	betareg	33	19	-0.0235416597875136	0.0774713305784992	0.761222542535737	0.761006734422845	0.00330764576628885	284.729742073916	0.889557321607373	0.985196711297125
RAB10	betareg	33	19	0.01002282391112	0.0330953697511598	0.762006682961081	0.762789536762687	-0.00170450287706981	3695.84376247379	0.889557321607373	0.985196711297125
C16orf46	betareg	33	19	0.0241794316816016	0.0798966787306191	0.762168989318268	0.759702729588575	-0.00602381182622716	117.782572265996	0.889557321607373	0.985196711297125
ZNF431	betareg	33	19	-0.0306550446017824	0.101316201673789	0.762219073496011	0.766920764361546	0.00563299652160688	213.982897962764	0.889557321607373	0.985196711297125
IPO9	betareg	33	19	-0.0241497854035903	0.0799854156126133	0.76270743795624	0.763133225562168	0.0034913931647737	2058.40129684846	0.889557321607373	0.985196711297125
HIP1	betareg	33	19	0.0396072081649458	0.131313112526825	0.762938583029882	0.767294865953689	-0.000841168792700456	1418.13789962389	0.889557321607373	0.985196711297125
LGI2	betareg	33	19	0.0253944849975987	0.0843567959207333	0.76338656769869	0.762866328793289	-0.00403639288889772	3392.87648595866	0.889557321607373	0.985196711297125
PTEN	betareg	33	19	0.0316467184667374	0.105204810793638	0.763558952416498	0.760225649430825	0.000188500883025748	1902.5772420468	0.889557321607373	0.985196711297125
UBE2G2	betareg	33	19	0.0156372467536874	0.0520230317137291	0.763732381818295	0.76420255679661	-0.00268336899596746	759.518567965989	0.889557321607373	0.985196711297125
CARD8	betareg	33	19	-0.0374214266990217	0.124508588404607	0.763755394522599	0.763945690440776	0.00536757189440318	89.4744501667701	0.889557321607373	0.985196711297125
SBNO1	betareg	33	19	0.0160081288046373	0.0532847683126775	0.76385224829602	0.764836064656467	-0.00296501463181247	939.926353963319	0.889557321607373	0.985196711297125
CCDC169	betareg	32	19	0.0671068535818484	0.22337710799048	0.763857141922234	0.763236448321162	-0.0197013974720384	57.8057001041978	0.889557321607373	0.985196711297125
WSB1	betareg	33	19	-0.0561707881508861	0.187246478522553	0.764190009657127	0.774859955881923	0.00101644603462667	2531.35694656426	0.889557321607373	0.985196711297125
ZNF714	betareg	33	19	-0.0289787892928666	0.096682896953227	0.764382919370943	0.768286300555311	0.00395434442058482	308.284194143035	0.889557321607373	0.985196711297125
KHNYN	betareg	33	19	-0.0438131513089821	0.146322388903178	0.764612817447283	0.768402404507612	-0.000180074060232406	1801.05405797701	0.889557321607373	0.985196711297125
GPRIN3	betareg	33	19	-0.038325565734142	0.127998156308134	0.764617471523096	0.764157639984231	0.00673328600269224	1146.95447808804	0.889557321607373	0.985196711297125
USP8	betareg	33	19	0.0300857364412364	0.100525068859545	0.76472190642468	0.765840620747851	-0.00393630085700857	166.795798187091	0.889557321607373	0.985196711297125
WDR1	betareg	33	19	0.0114010825772753	0.0381119203923839	0.764827567554754	0.764593746440086	-0.00194864252005111	2042.6540302946	0.889557321607373	0.985196711297125
PLBD2	betareg	33	19	0.0176553169253601	0.0590316705045441	0.764877391478843	0.7642299084046	-0.00320247428749515	715.858072091066	0.889557321607373	0.985196711297125
NAA25	betareg	33	19	0.0304421310174807	0.101998611595185	0.765354903676761	0.76427586068771	-0.00621501378008044	158.945727631592	0.889557321607373	0.985196711297125
NCEH1	betareg	33	19	-0.0232298537326272	0.0779568598922901	0.765715798366042	0.765757835506301	0.00407344664786089	175.118908871513	0.889557321607373	0.985196711297125
SYT11	betareg	33	19	0.0175272861993236	0.0588416187252473	0.765800657511184	0.765832972924918	-0.00256684195028953	10200.7120513922	0.889557321607373	0.985196711297125
GAN	betareg	33	19	-0.0471871400278173	0.158512811519508	0.765942371138848	0.771046810670312	0.00246993254736174	710.852144004457	0.889557321607373	0.985196711297125
HNRNPH3	betareg	33	19	-0.0261287707107874	0.0879636274810243	0.766435495306635	0.765973248641917	0.00374794489056841	589.012104035552	0.889557321607373	0.985196711297125
ADAM23	betareg	33	19	0.0201905870692166	0.0679758150639726	0.766446629807658	0.766173311695565	-0.00361657585030459	658.606133812723	0.889557321607373	0.985196711297125
ELAVL4	betareg	33	19	0.0330846279047501	0.111906551066285	0.767501097381399	0.764846624502292	-0.00328740830429942	261.254758204122	0.889557321607373	0.985196711297125
EEF2K	betareg	33	19	-0.0322982059235984	0.109295999239983	0.767603299744495	0.767301378097408	0.00440680179490011	304.536320177632	0.889557321607373	0.985196711297125
MGA	betareg	33	19	-0.0496132112990908	0.167902791663377	0.767621339947553	0.760390020549062	0.0136910699851289	164.601921574419	0.889557321607373	0.985196711297125
NSF	betareg	33	19	0.012867139372714	0.0435646940851919	0.76772114236018	0.766016985936926	-0.00149105885606813	5316.16041868541	0.889557321607373	0.985196711297125
RASSF8	betareg	33	19	-0.0350257965096752	0.118870548547453	0.768257474403595	0.769113668275877	0.007933526161396	90.8189191495921	0.889557321607373	0.985196711297125
CDK5R1	betareg	33	19	-0.0114907286094022	0.0390074793894418	0.768316596441377	0.768810012268103	0.00207094161705458	4369.25140716189	0.889557321607373	0.985196711297125
OTULIN	betareg	33	19	0.041106762710567	0.139585944296552	0.768382967396003	0.770135662029169	-0.00549491970369679	104.642868284839	0.889557321607373	0.985196711297125
STXBP4	betareg	18	14	0.0947879144626569	0.322434273470134	0.768776298431502	0.763814161021899	0.0109213837717484	72.0800902313525	0.889557321607373	0.985196711297125
TMEM233	betareg	33	19	0.026965886879244	0.0917620420825468	0.768859111926377	0.769164099227905	-0.00477723422882228	471.889646281463	0.889557321607373	0.985196711297125
NEK4	betareg	33	19	-0.0349545932136223	0.118954216429996	0.768873189820491	0.766619698152506	0.0095988314250953	161.691369918322	0.889557321607373	0.985196711297125
DARS1	betareg	33	19	-0.0356094001413138	0.121244646126742	0.768988115050743	0.773655302484738	0.0010164266092441	258.354501986782	0.889557321607373	0.985196711297125
SVOP	betareg	33	19	0.0249058051919704	0.0848176940338983	0.769033569912359	0.772370997700456	-0.00111594245383926	2441.6268989516	0.889557321607373	0.985196711297125
NANP	betareg	33	19	0.0319365525447935	0.108809509845202	0.769133246853978	0.770671147016941	-0.00131742277652182	161.562698270533	0.889557321607373	0.985196711297125
ATP2B3	betareg	33	19	-0.0259556236213077	0.0884852152901961	0.769267718775549	0.769115942199979	0.00362169616251845	204.698443432861	0.889557321607373	0.985196711297125
PPM1L	betareg	33	19	-0.0333601747172803	0.113750810501966	0.76931259420406	0.765830844380725	0.0031621873233991	596.43557163598	0.889557321607373	0.985196711297125
PEX26	betareg	33	19	0.0314701949542804	0.10737348802185	0.769452652937413	0.768281383963468	-0.00965846970539453	327.502154334968	0.889557321607373	0.985196711297125
EDNRA	betareg	33	19	0.0265219273037899	0.090596284376974	0.769714387428625	0.769797778159188	-0.00560195397638668	225.540549428947	0.889557321607373	0.985196711297125
KLF3	betareg	33	19	0.0259132505586767	0.0885333271469069	0.769755392455242	0.76808163833081	-0.00525143099322764	275.979270624724	0.889557321607373	0.985196711297125
MPC2	betareg	33	19	0.0210892814009908	0.0720627097470342	0.769788318948467	0.76811947089862	-0.00397220455160061	1055.144526696	0.889557321607373	0.985196711297125
BDH1	betareg	33	19	-0.0304192640099364	0.103946963438782	0.769795683993748	0.771093525145888	0.00591655115366614	244.371009358655	0.889557321607373	0.985196711297125
HDAC9	betareg	33	19	0.0449531406143284	0.153650244109741	0.769852396203347	0.769824702509899	-0.012943391539288	224.038337996634	0.889557321607373	0.985196711297125
NFIC	betareg	33	19	0.031412498014201	0.107417948395449	0.769955970668004	0.770550869619438	-0.00788467445582621	100.433031874665	0.889557321607373	0.985196711297125
SLC6A6	betareg	33	19	-0.0471621309791948	0.161303258593236	0.769994751046953	0.78366621236084	0.000793647237330645	229.430428208085	0.889557321607373	0.985196711297125
MTUS1	betareg	33	19	-0.0252892368742972	0.0865129872275366	0.770044085432162	0.770363323032468	0.00376638249459756	159.727589062516	0.889557321607373	0.985196711297125
ILF3	betareg	33	19	0.0274701098309951	0.0942518206633746	0.770703798073604	0.771818844759197	-0.00582867788533459	686.129546551356	0.889557321607373	0.985196711297125
KLF13	betareg	33	19	0.0426178035386159	0.146251695187483	0.770745103114791	0.771403714729214	-0.0102365946101939	172.110451246817	0.889557321607373	0.985196711297125
FSTL3	betareg	33	19	0.0155626869025042	0.053475276915219	0.771031563849021	0.771869205884201	-0.00184512469633737	367.694467647351	0.889557321607373	0.985196711297125
SYN3	betareg	33	19	-0.0460664472123654	0.158622896444768	0.771498872138594	0.775097753222387	0.00839965977267892	477.505883906766	0.889557321607373	0.985196711297125
GPATCH8	betareg	33	19	0.0229950057190586	0.0792031389594769	0.771564191994436	0.773167207731103	-0.000907557156378824	1020.04175802727	0.889557321607373	0.985196711297125
CCP110	betareg	33	19	-0.0285636348010218	0.0985137541992307	0.771857814889055	0.777479010399349	0.00423201871744897	418.187039458103	0.889557321607373	0.985196711297125
MRPL17	betareg	33	19	0.0249082961174982	0.085999660359287	0.772097405338333	0.774776273061594	-0.00108538769571325	561.269130399256	0.889557321607373	0.985196711297125
GABBR1	betareg	33	19	-0.0130685189575739	0.0451230067057642	0.77210707057137	0.773961717447394	0.000872152326285805	4514.10904231745	0.889557321607373	0.985196711297125
SLITRK3	betareg	33	19	-0.0201147073453345	0.0694760573912899	0.772183485841997	0.774342416398471	0.0023264786506811	1105.01952418148	0.889557321607373	0.985196711297125
ATP2B1	betareg	33	19	-0.0153614768869596	0.0531552451302964	0.772586977171096	0.773563563632525	0.00298998988917307	1322.91360911671	0.889557321607373	0.985196711297125
CTDSPL2	betareg	33	19	0.0340523080008629	0.117840962101807	0.772605600318226	0.775985537012565	-0.00126672367524049	243.351213727724	0.889557321607373	0.985196711297125
IAH1	betareg	33	19	0.0321889657334693	0.111397689029405	0.772615494621624	0.777348026201336	-0.00392465636593979	502.772912938743	0.889557321607373	0.985196711297125
TRAF4	betareg	33	19	-0.0381260602970245	0.132163524211829	0.772982077916279	0.779073580143208	0.00745114524174143	296.07979648837	0.889557321607373	0.985196711297125
PKNOX1	betareg	33	19	0.0302587210314698	0.10496503763512	0.773136790665167	0.777301633953991	-0.00382940278047004	115.641079196392	0.889557321607373	0.985196711297125
ACTR3	betareg	33	19	-0.0279453194938576	0.0971151431988465	0.773534668391705	0.778507029293001	0.00191534286845177	1807.67365682587	0.889557321607373	0.985196711297125
AFF4	betareg	33	19	-0.041653076033255	0.144990242986303	0.773896461788782	0.772854200929643	0.0074075962977124	300.642791947004	0.889557321607373	0.985196711297125
MCFD2	betareg	33	19	0.0186389735976708	0.06490388797684	0.773975973330292	0.772947444246637	-0.00353073601266237	2062.1622277229	0.889557321607373	0.985196711297125
ZNF708	betareg	33	19	-0.0573938882353244	0.199865912969542	0.773988308149552	0.77068485651258	-0.00476443547955122	350.215505855352	0.889557321607373	0.985196711297125
SSR3	betareg	33	19	0.0172906471984451	0.0602869938765278	0.774261178032128	0.774390954845219	-0.00317488843545616	785.826467017863	0.889557321607373	0.985196711297125
SHFL	betareg	33	19	-0.0113678280442988	0.0397071570720818	0.7746547427318	0.776410211736675	0.00155564737605849	617.171092222782	0.889557321607373	0.985196711297125
ARNT	betareg	33	17	-0.0536358267378692	0.187455072273507	0.774781386736767	0.771183023683303	0.0012083750176553	219.1313572214	0.889557321607373	0.985196711297125
NOL6	betareg	33	19	-0.0201331079295194	0.070407857451255	0.774916623071444	0.775935870199124	0.00389535282077506	199.440254768889	0.889557321607373	0.985196711297125
ELMOD2	betareg	33	19	-0.0233195828919617	0.0817325888602817	0.775402359828356	0.776977050606438	0.00311402487926592	729.177668944212	0.889557321607373	0.985196711297125
KLHDC2	betareg	33	19	-0.0274285722086622	0.0961541119590373	0.775447742251951	0.780073824122993	0.0057128633484781	752.125820597807	0.889557321607373	0.985196711297125
DOK6	betareg	33	19	-0.027274761395942	0.0956644744418839	0.775560965411482	0.777026060993511	0.00537552436494834	1391.76388719148	0.889557321607373	0.985196711297125
TMEM132C	betareg	33	19	0.0396548740056218	0.139320560385822	0.775927278896952	0.778577250136809	-0.00555776384666528	82.1143182273729	0.889557321607373	0.985196711297125
RBMS3	betareg	33	19	0.0183543869249262	0.0645990422735755	0.776312405684294	0.776445682543685	-0.00351607687119926	709.67706131916	0.889557321607373	0.985196711297125
KLHL28	betareg	33	19	0.0497855966983987	0.175293026716867	0.776399988387913	0.775473527599428	-0.0134895577237959	209.131349348834	0.889557321607373	0.985196711297125
TMEM170A	betareg	33	19	-0.0224963253674601	0.079213395002186	0.77641307801372	0.776198633095817	0.00375560860056237	287.324172887323	0.889557321607373	0.985196711297125
CNOT4	betareg	33	19	-0.0227999362655323	0.0804313811821166	0.776816073805854	0.776913616433238	0.00391258053452277	195.83925703155	0.889557321607373	0.985196711297125
KIAA1958	betareg	33	19	-0.0411128960173716	0.145135830258636	0.776968449699905	0.776171558993794	0.00370742557755947	131.282824388847	0.889557321607373	0.985196711297125
ARRDC4	betareg	33	19	-0.0191009170981574	0.0674680589163356	0.777092119217998	0.777258893056674	0.00362794663621628	287.908182596535	0.889557321607373	0.985196711297125
COX7A2L	betareg	33	19	0.0470921941935245	0.166400860510486	0.777173378870536	0.768659843292988	-2.96513737737887e-05	3695.2771895601	0.889557321607373	0.985196711297125
FBXO31	betareg	33	19	0.0144538267060707	0.0510893322529656	0.777243672264067	0.776614313841961	-0.00195711513114775	1001.04034816923	0.889557321607373	0.985196711297125
TIAL1	betareg	33	19	0.0267570588854339	0.0946364745000354	0.777379860650046	0.776953919709282	-0.000122323538729177	349.807660769778	0.889557321607373	0.985196711297125
AGO4	betareg	33	19	0.0312185529888225	0.110564415011637	0.777670362387881	0.777205581853985	-0.00774520621419313	164.532870490823	0.889557321607373	0.985196711297125
MTSS1	betareg	33	19	0.0169010380598222	0.0599627561452111	0.778051685227564	0.777428996633499	-0.00395395657292476	1095.1377918026	0.889557321607373	0.985196711297125
SMTNL2	betareg	33	19	0.0247863879664247	0.0879437822139403	0.778063474288752	0.77797608788984	-0.00401000771423379	99.52638964867	0.889557321607373	0.985196711297125
STARD4	betareg	33	19	-0.0269509563069574	0.0956941445986728	0.778222310958939	0.778538028098942	0.00414527658042182	237.065571951411	0.889557321607373	0.985196711297125
RUNDC3B	betareg	33	19	-0.0272269209342914	0.0966745080401966	0.778223432779553	0.777403747219667	0.00475817143127901	720.005115072687	0.889557321607373	0.985196711297125
EPG5	betareg	33	19	0.0359049410235907	0.12766028193663	0.778515733100603	0.778693313639685	-0.00603053868474704	147.78040652385	0.889557321607373	0.985196711297125
TMEM151B	betareg	33	19	0.0242903962169374	0.0865819838503016	0.779057159493944	0.77927894499169	-0.0031747432624857	994.062530196861	0.889557321607373	0.985196711297125
PRTFDC1	betareg	33	19	-0.036791642386543	0.131146766557754	0.779064829496377	0.779218372666693	-0.00113581660852327	98.765280796082	0.889557321607373	0.985196711297125
CLN8	betareg	33	19	0.0188027480512314	0.0672214609041946	0.779697343545168	0.779711918395219	-0.00252386712475416	447.44817013093	0.889557321607373	0.985196711297125
SGMS1	betareg	33	19	-0.0427040507896929	0.152794380267726	0.779871073864377	0.786128097771119	0.00855792384769048	131.235360332032	0.889557321607373	0.985196711297125
AHCYL2	betareg	33	19	0.0231527105797712	0.0830518391134533	0.780418109960097	0.778647334041412	6.41538335009778e-05	788.259380424274	0.889557321607373	0.985196711297125
ARMH4	betareg	33	19	0.0219176927139048	0.0786644441336999	0.780534459542226	0.77964294391969	-0.00402970403676889	473.108262249496	0.889557321607373	0.985196711297125
DYRK2	betareg	33	19	-0.0208117675425275	0.0747328605202677	0.780642266898686	0.781759049500434	0.00385897811777909	682.620027518938	0.889557321607373	0.985196711297125
SLC44A1	betareg	33	19	0.0309099888377176	0.11102619195934	0.780703266291408	0.781245740376966	-0.00511919024348772	167.642780346677	0.889557321607373	0.985196711297125
SEC62	betareg	33	19	-0.0210484835216504	0.075720912343845	0.781031925823038	0.782407180600679	0.00140715072675592	1453.20814890071	0.889557321607373	0.985196711297125
SARM1	betareg	33	19	-0.021306663753903	0.0767448269339547	0.781296425940257	0.780433144079401	0.00385860538131226	1288.52938850593	0.889557321607373	0.985196711297125
SLC35A3	betareg	33	19	-0.0401296012090371	0.144764370548572	0.781621672309148	0.781273077004276	0.00953465040150951	161.59965385296	0.889557321607373	0.985196711297125
SASH1	betareg	33	19	-0.0397101145458081	0.143321973476781	0.781726917527947	0.782278858062141	0.00468158593521378	116.089468469197	0.889557321607373	0.985196711297125
PVR	betareg	33	19	0.0258968848902864	0.0935800024696823	0.781983406912074	0.778521836185196	-0.00103866395376464	1019.47594713254	0.889557321607373	0.985196711297125
MON2	betareg	33	19	0.0392723657029379	0.142102753649229	0.782266989351141	0.782580469071469	-0.00215618699629621	237.013083781581	0.889557321607373	0.985196711297125
PIK3C2A	betareg	33	19	0.0347095615431951	0.125996039496349	0.782946437093347	0.785345078130975	-0.000497412227646628	207.934126054845	0.889557321607373	0.985196711297125
AMD1	betareg	33	19	0.0156597765891714	0.0569979934806779	0.783514004526788	0.783633620884577	-0.00266115391227452	662.600433195034	0.889557321607373	0.985196711297125
CACNG4	betareg	33	19	-0.0176470461453405	0.0644332060605659	0.784175891582386	0.784494084037068	0.00323323314689873	1774.93757308189	0.889557321607373	0.985196711297125
POU3F1	betareg	33	19	-0.0376164793421249	0.137358420487941	0.784194996730415	0.788297709737335	0.00414306720496307	205.371624751789	0.889557321607373	0.985196711297125
FZR1	betareg	33	19	-0.0170392935789391	0.0624418848708607	0.784943589248119	0.783983231110296	0.00137697535507431	923.767317137308	0.889557321607373	0.985196711297125
ANKIB1	betareg	33	19	-0.0304609070756147	0.111753014237926	0.785181106433889	0.785382813743546	0.00540747063531048	426.030897502677	0.889557321607373	0.985196711297125
MRAS	betareg	33	19	-0.0167485315111655	0.0615743397611746	0.785618134540369	0.785788409314274	0.0022731744311265	1152.54908177005	0.889557321607373	0.985196711297125
GPC1	betareg	33	19	-0.0170836290821256	0.0628756215813021	0.785848754679956	0.785688974735177	0.000854582016725106	2001.24480685693	0.889557321607373	0.985196711297125
IREB2	betareg	33	19	-0.0216642559452819	0.0797592917776032	0.785913861837563	0.787831908107049	0.00364481952032668	747.36286153749	0.889557321607373	0.985196711297125
FAN1	betareg	26	18	-0.057936407656281	0.213551099869445	0.786160327132362	0.797984829182981	0.00256076398183026	117.657992507207	0.889557321607373	0.985196711297125
KIF21B	betareg	33	19	0.0212242150785632	0.0784424995507823	0.786721497612041	0.786756650090526	-0.00452951305968016	1419.26734126212	0.889557321607373	0.985196711297125
HIP1R	betareg	33	19	-0.0187766663744372	0.0695221487051758	0.787097331097665	0.786036891794594	0.00304392891410765	321.065381487855	0.889557321607373	0.985196711297125
CCDC149	betareg	33	19	-0.0208026132687184	0.0770241988748134	0.787099530878922	0.787146933066795	0.00162339441076768	227.1314762528	0.889557321607373	0.985196711297125
ZNF426	betareg	33	19	0.0258621863875188	0.0959393806255447	0.787492626079117	0.791434877753044	-0.0039158610560419	302.704659219843	0.889557321607373	0.985196711297125
CXADR	betareg	33	19	-0.0210635983561395	0.0783602672019975	0.788080072209098	0.789298642774142	0.00408641143233689	4584.30182976057	0.889557321607373	0.985196711297125
PACRGL	betareg	33	19	0.0207891148389601	0.0774123688834529	0.788275762916037	0.791428714596983	-0.00327463038432313	468.333057330302	0.889557321607373	0.985196711297125
NAGA	betareg	33	19	0.0176343221023361	0.065670644675054	0.788293918616996	0.788292074723417	-0.0031729489277542	288.356979890702	0.889557321607373	0.985196711297125
HSPA4	betareg	33	19	-0.0178758959385545	0.0667663635123095	0.788900959416555	0.789289320099817	0.00106474073173262	1141.49843079083	0.889557321607373	0.985196711297125
SNPH	betareg	33	19	0.0222522724299111	0.0831467318713142	0.78898679749268	0.789567135103068	-0.0041845522986878	1219.16470827959	0.889557321607373	0.985196711297125
EPHA5	betareg	33	19	-0.0392379316354896	0.146694099300955	0.789098593191767	0.787348597160285	-0.00284747882865414	273.01940965916	0.889557321607373	0.985196711297125
FGF2	betareg	33	19	0.0421074577815017	0.158334772977534	0.790285864676794	0.784321846139404	-0.00455671552768968	238.289780647619	0.889557321607373	0.985196711297125
COPS2	betareg	33	19	0.0278959110807373	0.10496274483058	0.790416625047029	0.794513892412955	-0.00250248158501012	502.584842198661	0.889557321607373	0.985196711297125
MLEC	betareg	33	19	0.0193889075561181	0.0730435684560718	0.79066817648386	0.792496814367464	-0.00346172964302031	1590.12506422732	0.889557321607373	0.985196711297125
HCCS	betareg	33	19	0.0196280689153004	0.074074372185565	0.791026514479968	0.790375138717361	-0.00436531816685829	267.468244920048	0.889557321607373	0.985196711297125
EVI5	betareg	33	19	0.0261434894891565	0.0986921271682767	0.791086927637538	0.790772623765692	-0.00511561422811406	141.951127634292	0.889557321607373	0.985196711297125
SAMD9	betareg	32	15	-0.0642882021565886	0.242817501320557	0.791194858923367	0.805751182885807	-0.00997135033033511	81.0745373242749	0.889557321607373	0.985196711297125
KLHL42	betareg	33	19	-0.0165932037665762	0.0627911331345928	0.79157934812865	0.788771364074289	0.00110870142841486	1753.57273484136	0.889557321607373	0.985196711297125
SEMA3E	betareg	33	19	0.0309475895037159	0.117276727514367	0.791868401210088	0.792253353400166	-0.00486249244735197	527.623975690675	0.889557321607373	0.985196711297125
HMGCS1	betareg	33	19	-0.0223416470784486	0.084696350427733	0.791945409063403	0.786762762119418	0.0012456726752515	3027.07108352219	0.889557321607373	0.985196711297125
SGIP1	betareg	33	19	-0.0159764498598114	0.0605707290834474	0.791960859330072	0.791713547578259	0.00282480022834652	458.108864802857	0.889557321607373	0.985196711297125
H2AZ2	betareg	33	19	-0.0174438239552741	0.0661510585686151	0.792013544111744	0.791591959234411	0.00167485046650623	856.871937025599	0.889557321607373	0.985196711297125
NHLH1	betareg	33	19	0.0248400498695561	0.0942881092472388	0.792205003387806	0.790749404641749	-0.00371096706027056	139.859262360898	0.889557321607373	0.985196711297125
TRUB2	betareg	33	19	-0.0334187441598734	0.126896404117408	0.792277325801068	0.790284292778566	-0.000783823886987753	1067.87747220782	0.889557321607373	0.985196711297125
STX5	betareg	33	19	0.0174181597286534	0.0662339710373005	0.792566575949177	0.792814631186448	-0.00348613013320742	182.920671729026	0.889557321607373	0.985196711297125
C9orf72	betareg	33	19	-0.015406951395884	0.0586604663805272	0.792823250399431	0.792561503775204	0.00259990566769163	518.64737630528	0.889557321607373	0.985196711297125
KLHL24	betareg	33	19	-0.0328472364143343	0.125331827927105	0.79325809901079	0.791564777090156	0.00169428056575149	491.920454942011	0.889557321607373	0.985196711297125
OXA1L	betareg	32	19	-0.0469623524207128	0.179250824880658	0.793327307508644	0.795919930116311	0.00101920074947279	632.685452921765	0.889557321607373	0.985196711297125
GPCPD1	betareg	33	19	0.0270838614436914	0.103514770018995	0.793597087980841	0.794298821814043	-0.00352574100618281	177.80454203273	0.889557321607373	0.985196711297125
DSEL	betareg	33	19	0.0326465660037639	0.124861640018087	0.793736300273379	0.790906856943588	-0.00350771333572847	542.278365523447	0.889557321607373	0.985196711297125
SRGAP3	betareg	33	19	-0.0247982145218524	0.0948607640513437	0.793770963524655	0.793253707975035	0.00234630572764892	1299.00767218062	0.889557321607373	0.985196711297125
PLCB1	betareg	33	19	-0.0237266182399303	0.0908420010470646	0.793949418921793	0.794653384224149	0.0044033333862134	351.418133681326	0.889557321607373	0.985196711297125
PRKACB	betareg	33	19	0.0184035293098589	0.0705061006810317	0.794076789649738	0.793674090578215	-0.000384567688806308	4951.2640779016	0.889557321607373	0.985196711297125
PPM1F	betareg	33	19	-0.0238008887053815	0.0912223355077635	0.794161328424587	0.794143172000527	0.00311568123230557	356.280851331072	0.889557321607373	0.985196711297125
PEAK1	betareg	33	19	-0.0335219125465049	0.128560065645499	0.794286052283098	0.800761122026766	0.00278950266861729	929.776136162592	0.889557321607373	0.985196711297125
MAP2K4	betareg	33	19	0.0136884943720953	0.0525424354719855	0.794460648448107	0.794658934233412	-0.00181466049493784	2628.02927626192	0.889557321607373	0.985196711297125
MYLIP	betareg	33	19	0.0398034069149013	0.152898971927756	0.794613180562594	0.795306541779593	-0.00822575982299529	59.1991116609426	0.889557321607373	0.985196711297125
MARCHF6	betareg	33	19	0.0230131861337091	0.0884443143605751	0.794709717602973	0.790677590429288	-8.82363383420034e-06	4572.08177694537	0.889557321607373	0.985196711297125
EPHA3	betareg	33	19	-0.0213622616793346	0.0822491058044549	0.795074850248451	0.794371762319906	0.00338908027067228	282.669674750928	0.889557321607373	0.985196711297125
PEG3	betareg	31	19	-0.0344039906781725	0.132487246562452	0.795112353518525	0.792696485464595	0.00334238343649977	1233.67937546591	0.889557321607373	0.985196711297125
BRI3BP	betareg	33	19	-0.024248483080248	0.0934589406041153	0.795283425216105	0.79522059318906	0.0048482580197829	456.787930367178	0.889557321607373	0.985196711297125
ATF7IP	betareg	33	19	-0.0249393561314561	0.0961772719534338	0.795399050497553	0.794657297433248	0.00224835147691573	558.060123208143	0.889557321607373	0.985196711297125
WAC	betareg	33	19	0.0396974400695939	0.153160630566162	0.795489975078316	0.798955725368412	0.000980743778346131	610.444915066197	0.889557321607373	0.985196711297125
LRRC57	betareg	33	19	0.0238589817247917	0.0921271977937747	0.795651676542476	0.79296418836404	-0.003573184822492	354.601267982703	0.889557321607373	0.985196711297125
HMGN4	betareg	33	19	0.0138085784034937	0.0533264757565689	0.795678340540886	0.7950340750509	-0.00323895918957111	743.82151299272	0.889557321607373	0.985196711297125
MMP16	betareg	33	19	0.0316091532553619	0.122136677624205	0.795788413850753	0.795896845116479	-0.00733648104095823	476.804452585661	0.889557321607373	0.985196711297125
MTHFD2	betareg	33	19	0.0268527399767186	0.103946229743458	0.796149930385685	0.795300072826246	-0.00309232381011042	534.54093397322	0.889557321607373	0.985196711297125
PLPP3	betareg	33	19	0.0425210694263728	0.164620773476942	0.796177619351507	0.794120175843883	-0.00725602881609622	72.4288754601632	0.889557321607373	0.985196711297125
BAZ2B	betareg	33	19	0.0233701597230035	0.0906180110971802	0.796486004055462	0.796126907615231	-0.00618652690806321	214.568128755694	0.889557321607373	0.985196711297125
ARFIP1	betareg	33	19	0.031834514200868	0.123485814885202	0.79656206998713	0.797253141569381	-0.00500963195219287	181.454430814215	0.889557321607373	0.985196711297125
SLC9A6	betareg	33	19	-0.0162090024207976	0.0630368533987549	0.797074300925417	0.797490992554998	0.00219768879281873	2849.86158240257	0.889557321607373	0.985196711297125
FERMT2	betareg	33	19	-0.0180492252236085	0.070467971768188	0.797847569270917	0.798511891055169	0.00291349078241301	165.878813932423	0.889557321607373	0.985196711297125
HMGCLL1	betareg	33	19	-0.0160882655719113	0.0629333069492777	0.798228890427538	0.797534444192792	0.00176160269188768	547.013057573912	0.889557321607373	0.985196711297125
GPR158	betareg	33	19	0.0400283556603922	0.157025723902757	0.798788045960546	0.798666638316818	-0.0100412442326602	100.368886135974	0.889557321607373	0.985196711297125
CSGALNACT1	betareg	33	19	-0.0265549547102397	0.104247424198392	0.798931581920567	0.798007930537647	0.00570419713972234	87.697194849538	0.889557321607373	0.985196711297125
KCNH8	betareg	32	19	0.0406022078280288	0.160005296210516	0.799684531985754	0.799116485243787	-0.00275808162195491	68.9787102983337	0.889557321607373	0.985196711297125
CACNB2	betareg	33	19	-0.0324304549510914	0.127884061362609	0.799810294011398	0.809523876979545	0.00376246895168289	422.857845165896	0.889557321607373	0.985196711297125
SLC7A6OS	betareg	33	19	0.0190301576635672	0.075096741691409	0.799952508518052	0.800333482508266	-0.00354730442187156	450.379124336699	0.889557321607373	0.985196711297125
DYNLL2	betareg	33	19	0.0319772273740779	0.12653317253356	0.80048603300296	0.798214237186686	-0.00614797365327864	651.761603090566	0.889557321607373	0.985196711297125
WDR44	betareg	33	19	0.0430658888353869	0.170411595025262	0.800486992762075	0.794286973394656	-0.00929267436281821	159.31012592392	0.889557321607373	0.985196711297125
ETFBKMT	betareg	33	19	-0.0353817813518516	0.140019480156763	0.800506346994034	0.797915795802961	0.00375567853554939	266.078057742499	0.889557321607373	0.985196711297125
AK5	betareg	33	19	0.0160032779760569	0.0634907548154574	0.800997142551448	0.799741740079868	-0.00202073728914339	521.946931369834	0.889557321607373	0.985196711297125
SCN1A	betareg	33	19	0.0315297809117953	0.125151548094788	0.801093000326921	0.801543851669628	-0.00505438786293717	316.015047007633	0.889557321607373	0.985196711297125
ATXN1	betareg	33	19	0.0247887888983261	0.0984826149080933	0.801267346999708	0.801532094073566	-0.00527413956109165	261.558710505959	0.889557321607373	0.985196711297125
GOLT1B	betareg	33	19	0.030252675332598	0.120238232345215	0.801345526315167	0.799833948750506	-0.00630132146076056	819.111680663004	0.889557321607373	0.985196711297125
ZNF563	betareg	18	14	-0.0658037341171717	0.261758991959828	0.801512181562255	0.80699904220435	0.00754594973443393	59.0234586671122	0.889557321607373	0.985196711297125
EFCAB11	betareg	33	19	-0.0305043449682111	0.121361302472128	0.801542364447248	0.799984033466879	0.00124620112864712	71.4829632974734	0.889557321607373	0.985196711297125
HIRIP3	betareg	33	19	0.0243794483610746	0.09704359570664	0.801642777777797	0.801937277486977	-0.00180498912617376	162.834891430729	0.889557321607373	0.985196711297125
PRKCE	betareg	33	19	-0.0243723477313408	0.0971498440640043	0.801911703751927	0.79931395517773	-0.00104177727378899	1219.61213282445	0.889557321607373	0.985196711297125
AVL9	betareg	33	19	0.029581530462449	0.11793695024309	0.80194944542187	0.806931649827013	-0.00559563945138607	356.631739136115	0.889557321607373	0.985196711297125
SELENOF	betareg	33	19	0.0187341044973177	0.0747043168005946	0.801986731351768	0.800810489572654	-0.0036529172402998	1436.90808484541	0.889557321607373	0.985196711297125
PTCHD1	betareg	33	19	-0.0429341336944454	0.171297227942207	0.802091566173716	0.804989975764316	0.00273253449558061	483.29318438494	0.889557321607373	0.985196711297125
JRK	betareg	33	19	-0.0366263559092328	0.146246561991389	0.802245159375024	0.803518768236269	0.00507282560165954	567.147863972867	0.889557321607373	0.985196711297125
CCDC85C	betareg	33	19	0.0362670649635888	0.144899814076891	0.802362606301084	0.810989396383878	-0.00291892439837984	246.938021287295	0.889557321607373	0.985196711297125
PIGN	betareg	33	19	0.0297540487236845	0.119191835958395	0.80287225877421	0.802703714103538	-0.00518962586682488	60.9252965677295	0.889557321607373	0.985196711297125
PALM2AKAP2	betareg	33	19	-0.0198466204151768	0.0798528051117715	0.80371658420793	0.804076408961795	-0.000227165312522027	530.149468620918	0.889557321607373	0.985196711297125
ZNF423	betareg	32	19	0.0515045757828738	0.2072565511455	0.803742632386219	0.813245270303587	-0.00873528961345844	150.63173410087	0.889557321607373	0.985196711297125
MDGA2	betareg	33	19	-0.0220531691660653	0.0888434148244339	0.803960215294962	0.804145667539787	0.00474459343917713	147.738665227848	0.889557321607373	0.985196711297125
RNF157	betareg	33	19	-0.0257223816317896	0.103626630603673	0.803962853447464	0.80476697058313	0.00537373621179265	2939.41144919061	0.889557321607373	0.985196711297125
NUDT12	betareg	33	19	0.0309648360082795	0.124904930741493	0.804206181958496	0.804077743351643	0.00081672321812075	123.126427703646	0.889557321607373	0.985196711297125
LMO4	betareg	33	19	0.030749480356635	0.124685870443558	0.805205732783606	0.80557101296335	-0.00585737014824162	457.986268276794	0.889557321607373	0.985196711297125
ATRX	betareg	33	19	-0.0311719137842707	0.12656332355835	0.805453880128719	0.799774851852255	0.00125612872132392	950.386170645917	0.889557321607373	0.985196711297125
MYT1L	betareg	33	19	0.0189534278853977	0.0769885653728737	0.805539047487123	0.80538353527573	-0.00366485810894387	287.68690085017	0.889557321607373	0.985196711297125
CPT1A	betareg	33	19	0.0551962290797347	0.224447981441192	0.805744225274543	0.806240396036468	-0.00498174427835545	53.4393597813029	0.889557321607373	0.985196711297125
BCL9L	betareg	33	19	0.0292372045069043	0.118898245628611	0.805758824075858	0.807471061524081	-0.00181601293234071	174.528530422524	0.889557321607373	0.985196711297125
TRIM67	betareg	33	19	-0.0306967182440667	0.124876788267163	0.80582463573323	0.805671182554244	0.00376578838988313	925.699049970447	0.889557321607373	0.985196711297125
BAZ2A	betareg	33	19	-0.0281705471151298	0.114633093526699	0.80587938158836	0.804796908321206	7.80711526942278e-05	176.502576276833	0.889557321607373	0.985196711297125
SLC48A1	betareg	33	19	0.0166798163778889	0.0678793706092266	0.805893315865737	0.806019136917035	-0.00117266770611863	1162.46546412901	0.889557321607373	0.985196711297125
LSM4	betareg	33	19	0.0235439081699622	0.0960017647968998	0.806267095065405	0.799530497430848	-0.000447607151256271	3169.10551152626	0.889557321607373	0.985196711297125
GMCL1	betareg	33	19	-0.0311286466347043	0.127109106597584	0.806536137380463	0.80747005419488	0.00589080865941693	130.337805276679	0.889557321607373	0.985196711297125
TMBIM6	betareg	33	19	0.0090626245160765	0.0370426007495044	0.806724263244337	0.807065482264957	-0.00157731361753836	9152.57147106468	0.889557321607373	0.985196711297125
TNS1	betareg	33	19	-0.0384403972758857	0.157124072793208	0.806727480967035	0.805930612440424	-0.00406958795798794	197.848461603052	0.889557321607373	0.985196711297125
CDADC1	betareg	33	19	-0.0259343680204648	0.106029102619609	0.806768723747082	0.806585800403649	0.00500008641783181	52.4031701370179	0.889557321607373	0.985196711297125
FAM169A	betareg	33	19	-0.0179845206926129	0.0736136638498436	0.806991091881245	0.805739522566665	0.00135028371365877	1023.40362914576	0.889557321607373	0.985196711297125
GNPNAT1	betareg	33	19	-0.0311003473182069	0.127495696250356	0.807283077353412	0.807421836788762	0.00573986814386791	104.371327043518	0.889557321607373	0.985196711297125
MAML3	betareg	33	19	0.0222985597190282	0.091541921171051	0.80754953189271	0.804689845212953	-0.00452270524931792	632.784612013915	0.889557321607373	0.985196711297125
FAM131B	betareg	33	19	0.0159623037995076	0.0655964344945038	0.807741223677324	0.809308901929827	-0.00257346138158886	1953.97786472346	0.889557321607373	0.985196711297125
VEZT	betareg	33	19	0.0175838919307316	0.0723457027794207	0.807963785094349	0.810205940602466	-0.00364394599725445	881.044019367391	0.889557321607373	0.985196711297125
TRIM33	betareg	33	19	-0.0244804263612101	0.100736328461039	0.807993873519716	0.806512235502199	0.00467514759162866	292.096292465264	0.889557321607373	0.985196711297125
HS3ST1	betareg	33	19	0.0320456178864533	0.131893059934204	0.80803121549765	0.809175335284309	0.00083054088888344	578.203991990424	0.889557321607373	0.985196711297125
ELP4	betareg	33	19	0.0269661871288468	0.111068076251611	0.808168299629779	0.807825523718841	-0.00445470342631602	123.98031375949	0.889557321607373	0.985196711297125
FBLIM1	betareg	33	19	0.0198385420072735	0.0818477207340634	0.808482971122515	0.808390471056528	-0.0037303443257984	234.722360127004	0.889557321607373	0.985196711297125
ANKRD17	betareg	30	18	0.043872918625937	0.181190682191575	0.808674221271462	0.809893206414318	-0.00198478104113388	448.995181207092	0.889557321607373	0.985196711297125
CLCN5	betareg	33	19	0.030632334632631	0.126812253626404	0.809123767817824	0.8088907835356	-0.00846789494443138	545.864250262968	0.889557321607373	0.985196711297125
MAP3K7	betareg	33	19	0.0221272597286941	0.0916759434442662	0.809273119095795	0.816645229234743	-0.00101747604078644	432.702224659117	0.889557321607373	0.985196711297125
MRTO4	betareg	33	19	-0.0232282419942294	0.0962925133441585	0.809380088121221	0.811247362242383	0.00311738881402566	484.102294370094	0.889557321607373	0.985196711297125
CASK	betareg	33	19	-0.0169518829314311	0.0703513050110806	0.809585760760819	0.810085495950278	0.00231543855780592	2326.26789975952	0.889557321607373	0.985196711297125
FITM2	betareg	33	19	0.0158112663272985	0.0656716706346451	0.809739304862461	0.807535125438724	-0.00269806871186898	795.594691307485	0.889557321607373	0.985196711297125
CDC42EP3	betareg	33	19	-0.0191873080948696	0.0800395183808722	0.810545055359336	0.814271877278318	0.00206875104072848	908.100126905947	0.889557321607373	0.985196711297125
WDR36	betareg	33	19	-0.025016275162801	0.104469488775052	0.810748825193018	0.813054079545191	-0.000389559127151334	244.950002294504	0.889557321607373	0.985196711297125
PAK3	betareg	33	19	0.0124563938294971	0.0520568159317841	0.81088491418665	0.811304265072237	-0.00215436546901227	2121.1393403844	0.889557321607373	0.985196711297125
PCNX1	betareg	33	19	0.0351639624634026	0.147024801457116	0.810973549562773	0.810435958871108	-0.00718958265493463	214.040985489698	0.889557321607373	0.985196711297125
EPN2	betareg	33	19	0.0203232311690733	0.084978794100868	0.810984230145913	0.810983211000332	-0.00430728304876672	399.949292440295	0.889557321607373	0.985196711297125
FAM13B	betareg	33	19	0.0210276343428893	0.0880610591142438	0.811272528030698	0.812587516062833	-0.00524050184384236	827.223993966759	0.889557321607373	0.985196711297125
WDR12	betareg	33	19	-0.025804491555494	0.108367829259492	0.811788423480769	0.813779262640956	0.00639898086516105	274.555893870376	0.889557321607373	0.985196711297125
RCAN3	betareg	33	19	0.0170222701656985	0.0716436106379104	0.812194075880919	0.811137052817333	-0.00256810287463227	706.373376551638	0.889557321607373	0.985196711297125
MCC	betareg	33	19	0.0380191493413372	0.16014131841921	0.812338737751947	0.812192003459604	-0.00659961986067666	118.544176652346	0.889557321607373	0.985196711297125
BBS7	betareg	33	19	0.0342900393451769	0.144459550323989	0.812371501686078	0.81731532656587	-0.00118433424423522	185.94738852726	0.889557321607373	0.985196711297125
ZFR	betareg	33	19	0.0159757656220736	0.0673698309520209	0.812551821495899	0.811095738731689	-0.00272459772099569	664.911956115788	0.889557321607373	0.985196711297125
FAM126B	betareg	33	19	-0.0240676639528972	0.101847765301092	0.813191986576832	0.81619637988283	0.00338978211972821	755.512576173821	0.889557321607373	0.985196711297125
OGFOD2	betareg	33	19	0.0178904708019019	0.0758157840171944	0.813453695166648	0.81355017174785	-0.00301493625502572	113.185744885386	0.889557321607373	0.985196711297125
RNGTT	betareg	33	19	0.0178183033997239	0.0755856526523131	0.81363708146278	0.80931376509615	-0.000581742014865528	407.047907084598	0.889557321607373	0.985196711297125
VWA1	betareg	33	19	-0.0509041777469625	0.216020055753866	0.813707678473276	0.806860378135759	0.0101427755454606	368.065515220867	0.889557321607373	0.985196711297125
AK1	betareg	33	19	-0.0143371018136275	0.060867014801613	0.81378345084315	0.813910994580047	0.00286244988695414	850.920690538195	0.889557321607373	0.985196711297125
ZBTB46	betareg	33	19	0.024461114335845	0.103859278852398	0.813803835190052	0.816242068156634	-0.00523073396538346	245.524117723422	0.889557321607373	0.985196711297125
RIOX2	betareg	33	19	0.0229859192515881	0.0979744873794845	0.814510458788655	0.815600772759438	-0.000749616855204264	191.415613457504	0.889557321607373	0.985196711297125
DCP2	betareg	33	19	0.0210082960557907	0.0896219250372759	0.814666517523118	0.815462696066973	-0.00346301209019129	384.383075196454	0.889557321607373	0.985196711297125
MARCHF5	betareg	33	19	0.0237235237609649	0.101227964902624	0.814707519214652	0.815554533280735	-0.00147700500968926	486.778780772241	0.889557321607373	0.985196711297125
TAPBP	betareg	33	19	-0.0178997349663665	0.0765028670966565	0.815004624210135	0.815619357807615	0.00260353096552832	1381.19754357167	0.889557321607373	0.985196711297125
HDAC4	betareg	33	19	-0.0300578084589834	0.128506457353754	0.81506171858178	0.809809601264276	0.000682324827865873	419.18075605257	0.889557321607373	0.985196711297125
SHOC2	betareg	33	19	0.0102478329666998	0.0438495097897586	0.815214301819446	0.815437429195969	-0.0019831435200982	830.285753624694	0.889557321607373	0.985196711297125
TMEM263	betareg	33	19	-0.0270498706630274	0.115780058577022	0.815271058161183	0.811267421896584	0.00154721911684591	651.075846366286	0.889557321607373	0.985196711297125
MFSD4A	betareg	33	19	0.0159928207617125	0.0685102322281082	0.81542211110378	0.815241231293875	-0.00301394875255506	326.351313868159	0.889557321607373	0.985196711297125
TMEM120B	betareg	33	19	0.0133215364428237	0.0570698885576754	0.815431433305454	0.816633048573431	-0.00201324853332613	738.90755862581	0.889557321607373	0.985196711297125
RB1	betareg	33	19	-0.0299256213305082	0.128400414164307	0.815711060688293	0.815106913811495	0.00247107534882966	184.964260938099	0.889557321607373	0.985196711297125
BRWD3	betareg	33	19	-0.0542379440690611	0.233294116153898	0.816159467267368	0.810495514186057	-0.00819212556174669	52.0824014381142	0.889557321607373	0.985196711297125
SNX4	betareg	33	19	-0.0213754164686416	0.0919838087109234	0.816241032437802	0.814997922235938	0.00188081739374718	921.316319712216	0.889557321607373	0.985196711297125
ARHGAP5	betareg	33	19	-0.0263037403928682	0.113295989349863	0.816407276453558	0.812938432915861	0.00312229119059211	264.467369465609	0.889557321607373	0.985196711297125
MTFMT	betareg	33	19	-0.0403226753087925	0.173863308588238	0.816598824406838	0.810535450024497	0.0072105781831934	144.070307266221	0.889557321607373	0.985196711297125
ENPP4	betareg	33	19	0.0213540409976097	0.0921366885224382	0.816720699819161	0.816388987520595	-0.00363700328013567	195.617935644686	0.889557321607373	0.985196711297125
CMTM6	betareg	33	19	-0.0315130814577885	0.136306623566017	0.817165185717318	0.812060043669351	0.00494282417285464	291.35952058324	0.889557321607373	0.985196711297125
TBC1D25	betareg	33	19	0.0197709872418842	0.0855649962781428	0.817265109965573	0.815842676540968	-0.0009761231348202	1048.78246869671	0.889557321607373	0.985196711297125
FBXO9	betareg	33	19	-0.0225588397352293	0.0976772581600811	0.817351443300965	0.816173504168092	0.00313650273687517	985.308369279104	0.889557321607373	0.985196711297125
PRUNE1	betareg	33	19	-0.00785131213528912	0.0340384955760419	0.817579116525709	0.817300546764685	0.00125446910301643	781.566790874264	0.889557321607373	0.985196711297125
ROCK2	betareg	33	19	-0.0185982087191914	0.0808009314902049	0.817957188450357	0.818615270588861	0.00355926543742247	200.270010005689	0.889557321607373	0.985196711297125
JOSD1	betareg	33	19	0.016576114561263	0.0721630130854117	0.818321982419631	0.818374869605854	-0.00334916812405843	371.948952353826	0.889557321607373	0.985196711297125
ZNF514	betareg	33	19	0.0452708882002885	0.197100302086707	0.818336924903308	0.818127609580431	-0.00185217672390743	245.480536814971	0.889557321607373	0.985196711297125
SERINC5	betareg	33	19	0.0418879264752526	0.182682710019408	0.818640939154667	0.81982977338554	-0.00882725901483145	224.765236764747	0.889557321607373	0.985196711297125
PIK3R1	betareg	33	19	0.019744993193701	0.0862633182937494	0.818952770814944	0.818616520862085	-0.000335700569084132	1465.14412351266	0.889557321607373	0.985196711297125
SEMA4B	betareg	33	19	0.0124461965460177	0.0543867036228775	0.818988369999354	0.819269404899374	-0.0020346432920236	277.088486591516	0.889557321607373	0.985196711297125
ZC3H12C	betareg	33	19	-0.0272370454936245	0.119197828262317	0.819255327562264	0.822102585907659	0.000626613917062863	86.1646434716686	0.889557321607373	0.985196711297125
LSM14A	betareg	33	19	0.0119224588628613	0.0521880968654077	0.819295109823873	0.819090259975965	-0.00218606952274621	304.848774498356	0.889557321607373	0.985196711297125
SIM1	betareg	31	18	-0.0400515363135951	0.175351760027189	0.819329994967278	0.817574387436878	0.00961280070170432	65.4968842074319	0.889557321607373	0.985196711297125
ADAM22	betareg	33	19	-0.0242736907297495	0.106452115354118	0.819627191381128	0.818209235393602	0.00099610180411996	861.560536243201	0.889557321607373	0.985196711297125
ZNF641	betareg	33	19	0.0175233541504853	0.0768723544917053	0.819682067907832	0.819749646421764	-0.00401356340483538	478.253694172129	0.889557321607373	0.985196711297125
ZNF594	betareg	33	19	0.0212092844063209	0.0931995768394446	0.819981739946695	0.822051310898811	-0.000310013846023662	299.592217356829	0.889557321607373	0.985196711297125
ZNF138	betareg	33	19	0.0176129472894724	0.0774843788853514	0.820182967428672	0.819870558099806	-0.00309328046649137	236.50709906994	0.889557321607373	0.985196711297125
MZT1	betareg	33	19	0.0277610621161095	0.122438804468767	0.820630446210021	0.82272360230308	0.00160423461106009	333.367118860126	0.889557321607373	0.985196711297125
MTRF1L	betareg	33	19	-0.025262227494462	0.111431554459458	0.820652183241918	0.820419241245287	0.00628502077376545	175.116150573761	0.889557321607373	0.985196711297125
TRIM36	betareg	33	19	0.015644047901595	0.0690765285753933	0.820832664437146	0.822005438432807	-0.00117966015684838	1174.17170220315	0.889557321607373	0.985196711297125
FAM76A	betareg	33	19	0.0236237607223089	0.104506373599633	0.821161825452663	0.821956654926096	-0.00611093186086532	132.948441112418	0.889557321607373	0.985196711297125
CNOT6	betareg	33	19	0.0181518366469319	0.0803043965032694	0.821171947953465	0.822944026974244	-0.0022290569089527	303.086592871485	0.889557321607373	0.985196711297125
SNURF	betareg	33	19	0.0305054537716147	0.135020726553972	0.821254591211439	0.833624509037614	-0.00059866275657054	6792.51527858198	0.889557321607373	0.985196711297125
PRPF40A	betareg	33	19	-0.0210321072363034	0.0931019815568891	0.821276110126103	0.82218899853005	0.00358156233557057	156.324201663043	0.889557321607373	0.985196711297125
DCUN1D2	betareg	33	19	-0.016520777869227	0.0731923256356076	0.821421262036182	0.821476208097754	0.00260350367512071	333.78397747587	0.889557321607373	0.985196711297125
DCUN1D5	betareg	33	19	0.0210680206156158	0.0936525384079193	0.822010844157633	0.821658736900812	-0.00475145043961479	520.568773638779	0.889557321607373	0.985196711297125
TGFBR1	betareg	33	19	-0.0203884079097118	0.0907285776120291	0.822198117043213	0.824823366891261	0.00512397456709539	1516.36850261529	0.889557321607373	0.985196711297125
VHL	betareg	33	19	-0.0148129716977991	0.0659391243656342	0.822254544802139	0.821442075760358	0.00216094011221697	812.765791080385	0.889557321607373	0.985196711297125
STAT3	betareg	33	19	-0.0263470515526308	0.117383994361361	0.822405750040427	0.82107996056669	0.00799398010743777	1907.4095688462	0.889557321607373	0.985196711297125
UGGT1	betareg	33	19	-0.0289119255756541	0.129018994193983	0.822686916649468	0.824323114296315	0.00357986894185155	244.892515870682	0.889557321607373	0.985196711297125
NFE2L1	betareg	33	19	0.0170863924756476	0.0762939047042059	0.822792409947006	0.823217291661835	-0.00311759494132089	1602.45992819306	0.889557321607373	0.985196711297125
PPIG	betareg	33	19	-0.0266015787763639	0.118801902511718	0.822823111174157	0.824953588103797	0.00812017472800846	392.313361258603	0.889557321607373	0.985196711297125
ABRAXAS2	betareg	33	19	-0.00956899404915531	0.0428191672333681	0.823166189906304	0.823446481369418	0.00170275962226814	423.121063572742	0.889557321607373	0.985196711297125
UBTD2	betareg	33	19	-0.0129575070184779	0.057987505267498	0.823182623313651	0.82252195641671	0.00196868782470288	835.40845839638	0.889557321607373	0.985196711297125
GALNT7	betareg	33	19	0.0405322568844956	0.181396040098341	0.823188246300232	0.831646842058123	-0.00945380589706114	84.2139035314209	0.889557321607373	0.985196711297125
STK40	betareg	33	19	-0.00907315734869067	0.0407040478265517	0.823609032450267	0.82290217063448	0.00119316625200448	773.480775176882	0.889557321607373	0.985196711297125
SZT2	betareg	33	19	0.0172411739921512	0.07746100557015	0.823863374632508	0.823540517489518	-0.000419149042384597	249.387766356525	0.889557321607373	0.985196711297125
NUP155	betareg	33	19	-0.0337802599111495	0.151908764840307	0.824024286141317	0.823348507749993	0.00111782740483131	96.9226737328916	0.889557321607373	0.985196711297125
RTN4RL1	betareg	33	19	-0.00924783060473324	0.0415918535102753	0.824043640583872	0.825062685513846	0.0016109667666803	1454.55140627613	0.889557321607373	0.985196711297125
PIP5K1C	betareg	33	19	-0.0147167614955617	0.0663216275412635	0.824391820395412	0.826162794968355	0.000861700381470906	2159.66536866941	0.889557321607373	0.985196711297125
HCFC2	betareg	33	19	0.0271315975098563	0.122383734300783	0.824553005031021	0.823593763344062	-0.00512111196931505	168.196292289329	0.889557321607373	0.985196711297125
HIVEP3	betareg	33	19	0.039859856094189	0.180473001772049	0.825198902741244	0.826665637466023	-0.00495437265401137	828.036350799832	0.889557321607373	0.985196711297125
CNNM1	betareg	33	19	-0.0263059825398872	0.119713602087882	0.826072898246954	0.827947002420758	0.00573029488723236	358.996307187356	0.889557321607373	0.985196711297125
ST7L	betareg	33	19	0.0228347446587433	0.103931176983393	0.826096823012862	0.822485589931434	-0.00347686015338813	116.462545707542	0.889557321607373	0.985196711297125
GPC6	betareg	33	19	-0.0461151020529585	0.209925261390437	0.826125128582183	0.827128497245849	0.00208481622669171	55.2043431022843	0.889557321607373	0.985196711297125
CCR10	betareg	17	11	-0.0451712034739151	0.206034916508118	0.82646268810768	0.83809287330214	0.000505254900740354	238.191275078848	0.889557321607373	0.985196711297125
DNAJC3	betareg	33	19	-0.0319518123546089	0.145756806491055	0.82648399276739	0.824097435418328	0.00418559085703852	283.927176564514	0.889557321607373	0.985196711297125
XRN1	betareg	33	19	0.0311440731266561	0.142181302374453	0.826615159649297	0.826870761571428	-0.00604086408804055	123.193175234926	0.889557321607373	0.985196711297125
CYP20A1	betareg	33	19	0.0184493771870576	0.0842273940065206	0.826616957654932	0.825600267615647	-0.00222440900729632	228.999482229534	0.889557321607373	0.985196711297125
BAG5	betareg	33	19	-0.0172735505305642	0.0788663003705239	0.826631965128227	0.82585584846916	0.0028829091103124	854.611073876057	0.889557321607373	0.985196711297125
ZC3HAV1	betareg	33	19	0.0322019083774995	0.147500029860089	0.827181367321447	0.826905396905667	-0.00251044374571817	200.102935691558	0.889557321607373	0.985196711297125
ZC3H6	betareg	33	19	-0.0236223925099601	0.108231351444309	0.827227850478314	0.827642803195201	0.0071157820875001	100.674294541843	0.889557321607373	0.985196711297125
ZNF512	betareg	33	19	-0.00594041370220495	0.0272434712772793	0.827390875181734	0.827757988592341	0.00105080559506499	1163.14377320044	0.889557321607373	0.985196711297125
NDUFC2	betareg	33	19	0.0184515597333073	0.0848453362189909	0.827839838851917	0.825265688461567	-0.00340491619545403	2296.17971353294	0.889557321607373	0.985196711297125
MTARC1	betareg	33	19	-0.0360784694252884	0.166205327680273	0.828152485154907	0.825278559306966	0.0122739125910377	211.192731015281	0.889557321607373	0.985196711297125
DDX51	betareg	33	19	-0.0263904540339512	0.121590220801819	0.828173887497223	0.82716782398599	0.0068189618881825	259.375232195063	0.889557321607373	0.985196711297125
ANGEL1	betareg	33	19	-0.0261582168846979	0.120713523775824	0.828444754547034	0.828356045386307	0.00193843136805635	223.064855996356	0.889557321607373	0.985196711297125
TENT4B	betareg	33	19	0.0284681276274784	0.131697218418863	0.828860327649932	0.831505428537603	-0.00489863121961215	261.38877584526	0.889557321607373	0.985196711297125
ZKSCAN5	betareg	33	19	0.0182706053913401	0.0846598002769719	0.829134251967557	0.828900762352159	-0.00206962245633854	314.64650234951	0.889557321607373	0.985196711297125
FBXO33	betareg	33	19	-0.0253788274045653	0.117997538656066	0.829705496489709	0.832929019721024	0.00143564849475616	152.773059952596	0.889557321607373	0.985196711297125
KRBOX5	betareg	33	19	0.0364947817145344	0.169853078647923	0.829875786851776	0.832762236127031	0.00257460490123637	547.74311770995	0.889557321607373	0.985196711297125
KIAA0513	betareg	33	19	-0.0277890403490073	0.129365312784547	0.829914988868896	0.829987040507641	0.00276365587622442	1326.96336527773	0.889557321607373	0.985196711297125
NOM1	betareg	33	19	-0.041486604645666	0.19313936755758	0.829922169007233	0.829233985729547	-0.000211783359459329	62.5865403722515	0.889557321607373	0.985196711297125
ABL2	betareg	33	19	-0.020539272922962	0.095740874059102	0.830133911611441	0.829709279218194	0.00325760527587656	388.620103067895	0.889557321607373	0.985196711297125
KPNA4	betareg	33	19	-0.0317258446390319	0.147919907367925	0.830172851874555	0.826641284670947	0.00207556758321961	654.948852603277	0.889557321607373	0.985196711297125
NMT1	betareg	33	19	0.0144425142049299	0.0673725838949971	0.830260231181796	0.829586985026457	-0.00153410765475472	1012.89792218845	0.889557321607373	0.985196711297125
USP54	betareg	33	19	-0.03555562442214	0.165980371204072	0.830378745276272	0.833217786639317	-0.00123398047476285	53.5749489346537	0.889557321607373	0.985196711297125
GRIN2B	betareg	33	19	-0.0281685108477341	0.13180890347868	0.830775401294222	0.830383606946189	0.00341234952587193	437.115605913817	0.889557321607373	0.985196711297125
KCNT1	betareg	32	19	0.0439792058924517	0.206136858739542	0.831054328387105	0.846587696712638	-0.00945949548932559	190.204705899823	0.889557321607373	0.985196711297125
MOCS1	betareg	33	19	0.033334754595446	0.156421158793262	0.831241955541819	0.832379480858015	0.00214358819430404	213.71312429991	0.889557321607373	0.985196711297125
GOLGB1	betareg	33	19	0.0128766574998679	0.0604885741967912	0.831422499051918	0.831392610947661	-0.00233225093438626	195.041546332351	0.889557321607373	0.985196711297125
HGSNAT	betareg	33	19	-0.0168879319175292	0.0795098570953785	0.831794610297846	0.8322551677575	0.00204709509086672	1189.29772506957	0.889557321607373	0.985196711297125
CBLB	betareg	33	19	0.0289235482655071	0.136202693800105	0.831828799957123	0.836129154188231	-0.00257177239119261	190.034302525827	0.889557321607373	0.985196711297125
ELOA	betareg	33	19	0.0152528961812933	0.0718517287998551	0.831886304611629	0.833627549846038	-0.00263492142132719	453.864805689493	0.889557321607373	0.985196711297125
LDOC1	betareg	32	19	-0.0393070398326734	0.185425899094419	0.832120711546655	0.839154324833159	0.000344821715201904	6878.2620739087	0.889557321607373	0.985196711297125
PTPRO	betareg	33	19	-0.0142359047578621	0.0671592888055104	0.832128692949858	0.831001981195984	0.000861646473219544	844.324460135759	0.889557321607373	0.985196711297125
RHOBTB2	betareg	33	19	-0.014812910482271	0.069916974881952	0.832212907929394	0.832278579415971	0.00294972668532963	868.490119972667	0.889557321607373	0.985196711297125
TADA2B	betareg	33	19	-0.0191357719886704	0.0903645563242988	0.832292777823912	0.8337825715767	0.00315944192283817	600.179388276052	0.889557321607373	0.985196711297125
ADAL	betareg	33	19	0.0167451302957792	0.0791041633523004	0.832353131684929	0.831885116339619	-0.00278600797660254	131.249523782893	0.889557321607373	0.985196711297125
ARRDC3	betareg	33	19	-0.0155444872181064	0.0735843356224794	0.832694356450507	0.832766350930132	0.00211019383007315	423.297749500875	0.889557321607373	0.985196711297125
STRN3	betareg	33	19	0.032019024171674	0.151642110380823	0.832771292671635	0.83484393411574	-0.00416611920296715	218.857786175596	0.889557321607373	0.985196711297125
SLC35E1	betareg	33	19	0.0140813610928416	0.0668140610426758	0.833078879029034	0.835199866358451	-0.00105334713711278	916.653247980106	0.889557321607373	0.985196711297125
ADD3	betareg	33	19	0.0170729208721564	0.081079982814193	0.833223700862828	0.832723266870492	-0.00378212698755038	609.936263609159	0.889557321607373	0.985196711297125
LANCL2	betareg	33	19	-0.00939892374851412	0.0446828653578612	0.833396556917842	0.833250295420591	0.00104150485489556	1321.14469393563	0.889557321607373	0.985196711297125
SPOCK1	betareg	33	19	-0.0127698466159702	0.060827266968626	0.833717451138462	0.833393030911775	0.00168443274325133	5333.33295796748	0.889557321607373	0.985196711297125
CLN5	betareg	33	19	-0.0338337968789596	0.161277183486589	0.833834208296144	0.836402954278143	0.0082513816179637	255.710203243327	0.889557321607373	0.985196711297125
U2SURP	betareg	33	19	0.0186054233127355	0.0887678659593586	0.833982705693866	0.832883235997983	-0.00189575600331167	272.864428237233	0.889557321607373	0.985196711297125
LRRC8A	betareg	33	19	-0.0127935250674389	0.0610895065325362	0.83411832895132	0.833907771261347	0.00286232846708988	1556.39108307607	0.889557321607373	0.985196711297125
RANGAP1	betareg	33	19	0.00922560692452444	0.0440598929275034	0.834145464919749	0.833962804064308	-0.00181995890120421	1010.46182901274	0.889557321607373	0.985196711297125
STX1B	betareg	33	19	-0.0259470086224648	0.124238830414691	0.83456704109936	0.830159008464643	0.000523700825620999	1009.63703710662	0.889557321607373	0.985196711297125
ILDR2	betareg	31	17	-0.049042642318742	0.234839280471964	0.834577110197454	0.829768544640912	0.0115546195100601	178.252146589407	0.889557321607373	0.985196711297125
DOK4	betareg	33	19	0.00953482957892093	0.0457492727033308	0.834905032061271	0.834650006882468	-0.00175189355167643	2566.57979670826	0.889557321607373	0.985196711297125
DENND3	betareg	33	19	0.0268897834361919	0.129283483877438	0.835236101302494	0.830047940117034	-0.000683444864572679	193.108233822465	0.889557321607373	0.985196711297125
ST3GAL1	betareg	33	19	0.0272807131075151	0.131506630124823	0.835660440424697	0.836343351935801	-0.00497377342129101	198.749635023767	0.889557321607373	0.985196711297125
ZNF200	betareg	33	19	0.0172157867343977	0.0833694459594665	0.836400400868461	0.835369181421051	0.000121238687441853	307.948258845554	0.889557321607373	0.985196711297125
TMEM268	betareg	33	19	-0.0100034914242208	0.0484777326132493	0.83651573121531	0.836842744263663	0.00184512679272682	631.323062917742	0.889557321607373	0.985196711297125
C11orf58	betareg	33	19	0.0195295827857993	0.094649110401284	0.836527931901675	0.835915035037335	0.000958664785849613	2228.01044466521	0.889557321607373	0.985196711297125
GALNT13	betareg	33	19	0.0136723732885863	0.0662888007356655	0.836592002157228	0.837356107596652	-0.00280374302537292	871.848014062434	0.889557321607373	0.985196711297125
TANGO6	betareg	33	19	0.0245088254753228	0.118984182011862	0.836803490027563	0.836222727545208	-0.000557733132569989	94.2919707673775	0.889557321607373	0.985196711297125
GLRA3	betareg	33	19	-0.0264814907554542	0.128656021682428	0.836922359526712	0.835007300433557	0.00144171582531018	306.848491800292	0.889557321607373	0.985196711297125
RASEF	betareg	33	19	-0.051368744864627	0.249949949669911	0.837168901782848	0.838918897087062	0.00592721705405412	55.1402209082907	0.889557321607373	0.985196711297125
ZNF121	betareg	33	19	-0.0213403057743242	0.10389241712391	0.837253579804587	0.83713215234147	0.00350877532122622	335.872225087157	0.889557321607373	0.985196711297125
BBX	betareg	33	19	0.0316725971406186	0.154311879260778	0.837376381666386	0.837693653505301	-0.0110696676623028	115.521098578526	0.889557321607373	0.985196711297125
HIPK2	betareg	33	19	-0.0191264450975446	0.0932472329386	0.837481951245831	0.837963027479593	0.00442583203433307	1347.08363080203	0.889557321607373	0.985196711297125
JADE1	betareg	33	19	0.0328234397539612	0.160123238519523	0.83758102562671	0.838639145836853	0.0101623448486185	191.024461690064	0.889557321607373	0.985196711297125
GAREM2	betareg	33	19	-0.00665711986819407	0.0325445545193983	0.83792057251284	0.837880837303276	0.00118918538716411	1660.68812279702	0.889557321607373	0.985196711297125
KATNBL1	betareg	33	19	0.0263648924420334	0.128951754799009	0.837997581841011	0.836740695501314	-0.00394899472827459	161.15076695327	0.889557321607373	0.985196711297125
BNIP2	betareg	33	19	-0.0225922552278699	0.11058161616114	0.838116024060041	0.837831493902839	0.0052710704375525	146.982348365278	0.889557321607373	0.985196711297125
TBPL1	betareg	33	19	-0.0236034380979114	0.115660436990331	0.838294657782401	0.831875795582964	0.000699971069787532	647.010364363006	0.889557321607373	0.985196711297125
ZBTB37	betareg	33	19	0.0325947970615651	0.159876118812415	0.838450921150978	0.836092528709259	-0.00828876642418532	234.854123095354	0.889557321607373	0.985196711297125
TRAPPC13	betareg	33	19	0.0151158627557046	0.0742939061246361	0.838775248196018	0.837724132661186	-0.00249852448564823	270.798679576979	0.889557321607373	0.985196711297125
PHF2	betareg	33	19	-0.0179645847867968	0.0884293575051747	0.839016370756615	0.836304050998925	0.000956853784666352	143.414545680252	0.889557321607373	0.985196711297125
CCDC85A	betareg	33	19	-0.0175194045925268	0.0862473537664407	0.839033608564313	0.836388727178578	0.000113408303319511	1053.94527719319	0.889557321607373	0.985196711297125
ZNF670	betareg	33	19	-0.0211817835665507	0.104281601274509	0.839040454976218	0.839098756946799	0.0027440669819859	131.827279378512	0.889557321607373	0.985196711297125
SRSF1	betareg	33	19	0.0170090525228248	0.0837387312880473	0.839040853187073	0.841678841357196	-0.000481118860380688	1150.13902927334	0.889557321607373	0.985196711297125
CEND1	betareg	33	19	0.00731392540079054	0.0360257734257672	0.839119988382075	0.838952069711485	-0.00125300821112181	2344.55039918389	0.889557321607373	0.985196711297125
NAA15	betareg	33	19	0.0245517085682317	0.121254848032619	0.839541318616077	0.841008410615385	-0.00101714879669942	215.317128281485	0.889557321607373	0.985196711297125
C21orf91	betareg	33	19	-0.0296233568205975	0.146440360222147	0.839690356987528	0.838504207833018	0.00336215510378743	107.03292387778	0.889557321607373	0.985196711297125
DYM	betareg	33	19	-0.0248428973538228	0.122873600779456	0.839774018193697	0.838701663199011	0.00671982457409354	581.109552314929	0.889557321607373	0.985196711297125
NTNG2	betareg	33	19	0.0243346523554878	0.120388365848165	0.839811511045455	0.841310845693294	0.000762294929302451	444.227158184015	0.889557321607373	0.985196711297125
AGAP2	betareg	33	19	0.0230538626570122	0.114271147767176	0.840114507673158	0.837759241129889	-0.0016626973296733	187.052128444955	0.889557321607373	0.985196711297125
ZNF148	betareg	33	19	0.0217518934883902	0.107883775960866	0.840211151986645	0.843594958195722	-0.00204798167094093	979.648496028152	0.889557321607373	0.985196711297125
SLC25A53	betareg	33	19	0.0140016307820269	0.0694583361477508	0.840242612541131	0.839960082250028	-0.0028455513481912	127.812914485999	0.889557321607373	0.985196711297125
SRFBP1	betareg	33	19	-0.0229742279921228	0.114116721170915	0.840446654228274	0.840596667980657	0.00169594883059974	61.3093240540236	0.889557321607373	0.985196711297125
PIRT	betareg	33	19	0.0105507618519544	0.052441067473748	0.840547871076242	0.840495876085654	-0.00179782300123127	1199.56474540245	0.889557321607373	0.985196711297125
TRIM66	betareg	33	19	-0.0383617305997918	0.190681884133178	0.840556397761431	0.842153028531235	-0.00677975007100537	57.6571443682875	0.889557321607373	0.985196711297125
IL13RA1	betareg	33	19	0.0166310168860888	0.0832137774887761	0.841590908118281	0.842255067043206	-0.00331448639542841	194.686728600481	0.889557321607373	0.985196711297125
NMNAT2	betareg	33	19	-0.0153285149370409	0.0769932437442895	0.84219305426702	0.842530420464484	0.00407208624065574	1057.60660784301	0.889557321607373	0.985196711297125
DMWD	betareg	33	19	0.013090129331909	0.0657741677339128	0.842250019839186	0.842443379491446	-0.00211337695047223	543.834915546438	0.889557321607373	0.985196711297125
UNKL	betareg	33	19	-0.0162070617301853	0.0815364082262264	0.842441993918778	0.842248900325043	-0.000255147681002198	536.368198463431	0.889557321607373	0.985196711297125
NCOA7	betareg	33	19	-0.0303909654434095	0.153037923893555	0.842587749451551	0.844668659035086	0.000210789712976253	649.595665286409	0.889557321607373	0.985196711297125
CYTH2	betareg	33	19	0.0141652392963202	0.0715656643280341	0.84309712760813	0.844170231995227	-0.00351657814022099	1141.67907903329	0.889557321607373	0.985196711297125
PPP2R5E	betareg	33	19	-0.0254517568788581	0.128823353395786	0.843380737556729	0.846616761523303	0.0028083429538611	1218.26040454386	0.889557321607373	0.985196711297125
SFXN5	betareg	33	19	-0.0161857865746349	0.0819491777014371	0.843428413864579	0.840749423331044	0.000737715857785644	256.944998261894	0.889557321607373	0.985196711297125
GALNT2	betareg	33	19	0.0205998583067718	0.10448728743233	0.843708736951461	0.843331181566172	-0.00545603184195314	749.802681290806	0.889557321607373	0.985196711297125
KIAA1549L	betareg	33	19	0.0208461308523806	0.106000246318598	0.844092710348481	0.842134908852285	-0.00438718976751435	582.513661143225	0.889557321607373	0.985196711297125
ZNF25	betareg	33	19	-0.0102612236633462	0.052363143168976	0.844639349828686	0.844426085222228	0.00189836907504226	850.006490852334	0.889557321607373	0.985196711297125
GEMIN6	betareg	33	19	-0.0204490923707864	0.104426961751281	0.844749520905308	0.846356596054293	0.000920885999076348	158.6416593897	0.889557321607373	0.985196711297125
SDK1	betareg	33	19	-0.0222226388550754	0.113555565088769	0.844846261240595	0.847235630301054	-0.000458965140035658	160.611650090469	0.889557321607373	0.985196711297125
PSMA5	betareg	33	19	0.0233853207025179	0.119613738733708	0.844996074677867	0.844561321844619	-0.00351812043785235	584.664897328948	0.889557321607373	0.985196711297125
NCOA4	betareg	33	19	0.00795650775623021	0.0408498496350311	0.845569510558219	0.84580014823624	-0.00144981593773089	1384.89186486015	0.889557321607373	0.985196711297125
TMEM65	betareg	33	19	-0.024786649381893	0.127305427120805	0.845626073228926	0.844136355261232	0.00486069891993735	315.762887994609	0.889557321607373	0.985196711297125
TRMT5	betareg	33	19	0.022540810074002	0.115773261051631	0.845629460938646	0.84838346014784	-0.002405112515324	162.656285818631	0.889557321607373	0.985196711297125
C12orf4	betareg	33	19	0.0134534173417644	0.069160598903982	0.845765367611163	0.847216337963811	-0.00299092151201666	420.612150610751	0.889557321607373	0.985196711297125
KCNA1	betareg	33	19	-0.0332171320193993	0.170764430240017	0.845768576376021	0.843747091746769	0.0103639126593136	644.777840254945	0.889557321607373	0.985196711297125
EXOC2	betareg	33	19	-0.0137648592923444	0.07080029790234	0.845848519722101	0.845931691939501	0.0023152996102243	599.818742094804	0.889557321607373	0.985196711297125
ETF1	betareg	33	19	-0.0170804976537384	0.0878638725204021	0.845864821097965	0.845815065244421	0.00414040794656362	550.470389504935	0.889557321607373	0.985196711297125
GID4	betareg	33	19	0.0272706431712854	0.140577391314452	0.846183516897217	0.840383114622491	-0.00551210808714142	224.456451988504	0.889557321607373	0.985196711297125
OXNAD1	betareg	33	19	-0.0216019920714236	0.111484212767274	0.84635811239619	0.845698471348735	0.00340359168051229	78.8688438118063	0.889557321607373	0.985196711297125
NT5DC3	betareg	33	19	0.0310760370807864	0.16046848160974	0.846443524807737	0.849102598931192	-0.0063988586427571	632.360516683411	0.889557321607373	0.985196711297125
FAM171B	betareg	33	19	-0.0311373832126726	0.160811440121514	0.846468215862845	0.843620436131849	3.56076161335669e-05	1616.55646597375	0.889557321607373	0.985196711297125
PAPOLG	betareg	33	19	-0.0220165878359535	0.113717261316646	0.846482721336022	0.847028330311784	0.00607907883248543	174.0465560247	0.889557321607373	0.985196711297125
TIGAR	betareg	33	19	0.0279998500992909	0.144773838996652	0.846642526007189	0.842293561405352	-0.000138982820794875	354.255494585833	0.889557321607373	0.985196711297125
RNF121	betareg	33	19	0.0183341541419603	0.0948058452425002	0.846656423186872	0.845581324188069	-0.00447395578767724	211.58643019689	0.889557321607373	0.985196711297125
DRG2	betareg	33	19	0.00830009209364261	0.0430700742639565	0.84718503519543	0.847190376464872	-0.00142923790200316	219.278109558672	0.889557321607373	0.985196711297125
KIF1A	betareg	33	19	-0.0136461709562588	0.0708207238681064	0.847204789312965	0.846819820110973	0.00160967109429052	9391.97350147362	0.889557321607373	0.985196711297125
RAB33B	betareg	33	19	-0.0157180586976359	0.0816197190100766	0.84729046952277	0.845393245132549	0.00323028520105951	397.642949476774	0.889557321607373	0.985196711297125
EPB41L1	betareg	33	19	0.0165143834424102	0.0858265446465854	0.847416515269759	0.846856267633879	-0.00376903539586783	3299.60183333173	0.889557321607373	0.985196711297125
ZNF629	betareg	33	19	-0.0183600960832316	0.0955098498796483	0.847560098596094	0.847200617306398	0.00287088746627311	637.531419050082	0.889557321607373	0.985196711297125
TMEM38A	betareg	33	19	-0.0210712030033615	0.109798710548575	0.847814612844134	0.847926387867887	0.00511420124113145	749.932283401401	0.889557321607373	0.985196711297125
JAM2	betareg	33	19	0.0277888843767594	0.144841844167192	0.847854422504858	0.851452163423581	-0.00684258770963313	63.5528566208027	0.889557321607373	0.985196711297125
ACVR1	betareg	33	19	0.0140510446676177	0.0734143401551173	0.848217129123799	0.847559928071269	-0.00297977175991962	141.40809652526	0.889557321607373	0.985196711297125
SLC33A1	betareg	33	19	-0.0297949943504359	0.155682799747711	0.848225774006117	0.849741313501773	-0.0022218816217845	107.943701248394	0.889557321607373	0.985196711297125
ZC3H18	betareg	33	19	0.017210984052968	0.0901782166503548	0.848639018587451	0.849908921007825	-0.00233910393010383	87.0357659257105	0.889557321607373	0.985196711297125
ZNF8	betareg	33	19	0.0239257000999249	0.125467610355701	0.848766716005413	0.850152321921411	-0.00321815108970153	372.380023653042	0.889557321607373	0.985196711297125
DIRAS2	betareg	33	19	0.0101821890422061	0.0534095699429407	0.848804882242885	0.849232237909884	-0.00188908665136247	994.775088298536	0.889557321607373	0.985196711297125
GLTP	betareg	33	19	0.0170113176989991	0.0892610149223712	0.848855069062689	0.84829245961974	-0.00155096243809464	264.313703024365	0.889557321607373	0.985196711297125
INSIG2	betareg	33	19	-0.013849476652979	0.0726764828466284	0.848867678192805	0.849646684639492	0.0017298469813539	734.536986711512	0.889557321607373	0.985196711297125
BACH2	betareg	33	19	-0.0173983843320538	0.0918295294858073	0.849729216053104	0.85009924483099	0.00271394738078294	544.319839916565	0.889557321607373	0.985196711297125
PCSK2	betareg	33	19	0.016117341016999	0.0852298602483471	0.850010998223482	0.85064963473278	-0.000353268368499106	1180.28464893921	0.889557321607373	0.985196711297125
ZNF26	betareg	33	19	0.0236230039091138	0.125429259320357	0.850612273155842	0.850336206045008	-0.0020074691050222	231.968949265026	0.889557321607373	0.985196711297125
TIMM21	betareg	33	19	0.0346982376722428	0.184635530529447	0.85093287348554	0.844352638545403	-0.00426391197175734	473.582460478819	0.889557321607373	0.985196711297125
DDX52	betareg	33	19	-0.0222606693557944	0.118480435997561	0.850966982635956	0.850968058594006	0.00399831138967092	229.371629770165	0.889557321607373	0.985196711297125
CCNT1	betareg	33	19	0.0280018845221708	0.14913251099571	0.851060775927494	0.849948041931868	-0.00706121028347235	290.796341550979	0.889557321607373	0.985196711297125
ZNF710	betareg	33	19	0.0175996709567314	0.0937516892130804	0.851091101811083	0.850563401592397	-0.00294236276395655	196.570406960338	0.889557321607373	0.985196711297125
VEGFA	betareg	33	19	0.0226747666838916	0.120949062108815	0.851289252190848	0.854280037999485	-0.00509497594019704	136.311953165443	0.889557321607373	0.985196711297125
WDR41	betareg	33	19	-0.0241573293834523	0.129047076109463	0.851505545811607	0.850124956141444	0.00449604526968504	801.446787293266	0.889557321607373	0.985196711297125
ENDOD1	betareg	33	19	-0.0180788049854134	0.0965876725408576	0.851523365645104	0.851443607372998	0.00258653551908408	2065.53355470656	0.889557321607373	0.985196711297125
CPD	betareg	33	19	-0.019554321353337	0.104795651680297	0.851978361445672	0.848588498607575	-0.00314971480710298	442.302561413515	0.889557321607373	0.985196711297125
TBCK	betareg	33	19	-0.017659357950647	0.0947417202929499	0.852135220090439	0.853201127795071	0.00391807014381134	375.145916910742	0.889557321607373	0.985196711297125
NR5A2	betareg	33	19	-0.0183943255198453	0.0987980744383788	0.852302813552095	0.852338512458678	-0.00307135467611027	667.411303221445	0.889557321607373	0.985196711297125
KLHL3	betareg	33	19	0.0244575223480639	0.131467724856183	0.852417766781265	0.852297528710669	-0.00867845295465255	210.997119803372	0.889557321607373	0.985196711297125
PLCXD2	betareg	33	19	-0.0167452424682713	0.0903126091575922	0.852904151635004	0.852796716251904	0.00256080728406384	675.466269430558	0.889557321607373	0.985196711297125
KBTBD6	betareg	33	19	-0.0152713867308906	0.082412564097898	0.852990515610587	0.857025329749058	0.00146724805391795	2311.5250280518	0.889557321607373	0.985196711297125
MPV17L	betareg	33	19	0.0180844325748132	0.097930518351582	0.853491051795232	0.854036514333796	-0.00316648549448398	84.6532637791988	0.889557321607373	0.985196711297125
YIPF6	betareg	33	19	-0.0187452756956941	0.101656897221026	0.853701646410832	0.853461716094051	0.00576511710347584	934.524412166885	0.889557321607373	0.985196711297125
CELSR2	betareg	33	19	0.0143133804420032	0.0776739665583647	0.853797621616752	0.85422462313257	-0.00516950166064786	665.87909516224	0.889557321607373	0.985196711297125
DYRK1A	betareg	17	15	0.0484416204918963	0.263384506460049	0.854076387281636	0.846528735106071	-0.00338703615719293	394.273970496497	0.889557321607373	0.985196711297125
MAPK1IP1L	betareg	33	19	-0.0110715461084705	0.0602722886846907	0.854254969926144	0.85591377726755	0.00221026464577482	1692.90974216594	0.889557321607373	0.985196711297125
MIB1	betareg	33	19	-0.0257614839023971	0.140612424240354	0.854633908647547	0.853875205172017	-0.0073498644139759	514.151722126183	0.889557321607373	0.985196711297125
RNF165	betareg	33	19	0.0192545681959157	0.105125528887486	0.854674148174401	0.855515301423603	-0.00285878315826806	423.26262601653	0.889557321607373	0.985196711297125
LSAMP	betareg	33	19	0.0154184751636655	0.0844586627217503	0.855146043685574	0.855733489091835	-0.00274354798395859	3431.90064374057	0.889557321607373	0.985196711297125
CMPK1	betareg	33	19	0.00722716142572727	0.0395903530850794	0.85515225944326	0.855572184105806	-0.000885208698283688	1599.09896105452	0.889557321607373	0.985196711297125
NPTXR	betareg	33	19	0.019012171667254	0.104183746328085	0.855200613176679	0.856482142496061	-0.00374756165982858	1428.76022037677	0.889557321607373	0.985196711297125
RNFT2	betareg	33	19	-0.00962627883324653	0.0527929783998666	0.855315803054352	0.85522530188105	0.00192711916736786	838.28789796669	0.889557321607373	0.985196711297125
PRICKLE2	betareg	33	19	-0.0136803484474546	0.0750429553611789	0.855347113748249	0.85560927886607	0.000866041914961031	1619.05695121652	0.889557321607373	0.985196711297125
PTP4A2	betareg	33	19	-0.0138679826059061	0.076120662888857	0.855438166559781	0.854658725185274	0.00374117301075057	1865.94761345402	0.889557321607373	0.985196711297125
SLC41A2	betareg	33	19	0.0350618884673216	0.192734938094707	0.8556473469918	0.850942165011606	-0.0067614699384174	532.812478220775	0.889557321607373	0.985196711297125
KCND2	betareg	33	19	0.023496577186263	0.129186590032386	0.855676170238469	0.854036454631756	-0.00588630494993707	178.641925828565	0.889557321607373	0.985196711297125
ADD2	betareg	33	19	0.016211891376482	0.0891659441381762	0.855726281987742	0.855192228713115	-0.00261099194224816	4304.52673720863	0.889557321607373	0.985196711297125
PDZD2	betareg	33	19	-0.0189380426210665	0.104534307283251	0.856237428899878	0.856673381640612	0.00124078100443063	133.353953666974	0.889557321607373	0.985196711297125
OSBPL2	betareg	33	19	0.0110679056404607	0.0611743695497634	0.856427307375907	0.85644925706901	-0.00191543979354159	457.602778527043	0.889557321607373	0.985196711297125
RASGEF1A	betareg	33	19	-0.0175670647742319	0.0971078697484489	0.85644403888168	0.858569698877517	-0.000870223570234173	161.921375541789	0.889557321607373	0.985196711297125
GDPGP1	betareg	33	19	0.0301214310649781	0.166698483102769	0.856607696247452	0.854643166240309	-0.00118955135191775	82.7526322982515	0.889557321607373	0.985196711297125
ACSL6	betareg	33	19	0.0125696540263617	0.0695928706777549	0.856668228159293	0.856072094828535	-0.00264605636092726	446.731375959309	0.889557321607373	0.985196711297125
ANKRD46	betareg	33	19	-0.010210212428065	0.0565594312211924	0.856742912493354	0.856857526461016	0.00115957623674435	2153.01716195187	0.889557321607373	0.985196711297125
SPECC1	betareg	33	19	-0.0231282920109633	0.128153762452467	0.856781261242855	0.859250932822809	0.00828171558678176	147.186579038106	0.889557321607373	0.985196711297125
LNPK	betareg	33	19	-0.0187176240231592	0.103869697305975	0.856993256539754	0.85574988776574	0.00244537195152289	1774.3092291423	0.889557321607373	0.985196711297125
TSEN34	betareg	33	19	-0.0245666546385958	0.136446808441847	0.857116728366908	0.864358166182168	0.001268740390612	783.195096345922	0.889557321607373	0.985196711297125
NAPEPLD	betareg	33	19	0.0280173651219846	0.155728937896188	0.857222357813055	0.858257041544885	-0.00358229437588405	103.927209215411	0.889557321607373	0.985196711297125
NUBPL	betareg	33	19	0.0195458678382554	0.108820790666867	0.857454672625051	0.855406425515526	-0.00264648041998154	216.955870677368	0.889557321607373	0.985196711297125
MBD5	betareg	33	19	-0.0208381768442066	0.116117174967514	0.85757795202211	0.857502331251085	0.00350708205296688	77.7046135547199	0.889557321607373	0.985196711297125
CACNA1B	betareg	33	19	0.0102188182036267	0.0570223448829596	0.857774963100555	0.858448267405064	-0.0014977709609864	811.307353241713	0.889557321607373	0.985196711297125
ZNF540	betareg	33	19	-0.0173728103904975	0.0970836175328242	0.857979412457546	0.860042496254592	-0.000138888398866543	554.644968053059	0.889557321607373	0.985196711297125
RHBDD1	betareg	33	19	-0.0201813890695555	0.112963769870289	0.858209670601297	0.857721155978238	0.00336522528556407	143.688350244633	0.889557321607373	0.985196711297125
ZCCHC14	betareg	33	19	-0.0125765976563796	0.0706173156365497	0.85864829274984	0.858415553592936	0.00201725487483849	181.712026471265	0.889557321607373	0.985196711297125
KPNA5	betareg	33	19	-0.0178438702123645	0.100269012843309	0.858754415565458	0.857388699444107	-0.00103064111869185	502.330232653914	0.889557321607373	0.985196711297125
SPARC	betareg	33	19	0.00937107028971893	0.0526666150927241	0.858776466946968	0.859933786988166	-0.000297044493004114	2140.91029910505	0.889557321607373	0.985196711297125
HEG1	betareg	32	19	-0.045846184547218	0.257696932662502	0.858795719712877	0.858827815675447	0.00396128062213147	73.2854220835061	0.889557321607373	0.985196711297125
SLC24A2	betareg	33	19	0.0252789571572678	0.142094373551395	0.858799476337738	0.859043188358107	-0.00488503271587824	384.58108103248	0.889557321607373	0.985196711297125
STX2	betareg	33	19	-0.0143345757056517	0.0806387521036189	0.858909211244427	0.859110666873801	0.000350966081175459	484.609264325198	0.889557321607373	0.985196711297125
HBS1L	betareg	33	19	-0.0284238787649421	0.160125872121233	0.859108128920071	0.858675939950659	0.0029279735347408	419.735085695817	0.889557321607373	0.985196711297125
PPP2R2A	betareg	33	19	0.0173004488978454	0.0977681773558308	0.859544691952958	0.860780227460055	0.000479098608822915	428.101366712799	0.889770621238349	0.985432943510446
NOL12	betareg	33	19	0.0105696921670599	0.059877442037593	0.85988378332606	0.860380136741201	-0.00197794588656636	345.170226113446	0.889882934271614	0.985557331707048
GMPS	betareg	33	19	-0.0300540704253928	0.170872499970417	0.860383550725859	0.856587566315917	-0.00718044977854674	159.603802433743	0.890086545130645	0.985782833474982
TK2	betareg	33	19	-0.0130260792320161	0.0741937139510963	0.860632949519256	0.860782510277163	0.00218717919562036	351.029606006069	0.890086545130645	0.985782833474982
ZBTB41	betareg	33	19	-0.0209465252132399	0.119427644285725	0.860772469473241	0.859824333110583	0.00541240514347494	347.03767499371	0.890086545130645	0.985782833474982
NF2	betareg	33	19	-0.0100553640269269	0.0574522203241251	0.861062873158533	0.861107772603214	0.00175372523226851	1181.64471356961	0.890148320900866	0.985851250972294
STMN4	betareg	33	19	0.012506985963531	0.0717497503093015	0.861618697402155	0.861920387802173	-0.000711937380031131	6784.47380933106	0.890269255381889	0.985985187538372
TACC1	betareg	33	19	-0.0173431864159245	0.0998024125801295	0.862042117964675	0.861782976081858	-0.00306933033532124	746.48666571193	0.890269255381889	0.985985187538372
UBQLN4	betareg	33	19	0.0106361871070219	0.0612238811494982	0.862080711645211	0.860643285224354	-0.0023066042098669	308.092986180152	0.890269255381889	0.985985187538372
DHDDS	betareg	33	19	0.00686876080914929	0.0398125245396165	0.863022735387816	0.863023711446446	-0.00154557370842968	857.831657219007	0.890269255381889	0.985985187538372
SYNRG	betareg	33	19	-0.0232479037829472	0.135048545562539	0.863323699434302	0.864270420833045	-0.00359436229975426	199.014805211222	0.890269255381889	0.985985187538372
CHKA	betareg	33	19	-0.00797654855139365	0.0463457284988781	0.863351301933906	0.863320166253146	0.00123831165449664	897.91959531336	0.890269255381889	0.985985187538372
DHX40	betareg	33	19	-0.0136901465958264	0.0797574995575279	0.863714945998293	0.863644361316604	0.0020502956789612	228.023263004082	0.890269255381889	0.985985187538372
TIMM22	betareg	33	19	0.0140479151198154	0.0823324202246268	0.864519155550955	0.866865023744458	-0.00103641438287923	1347.3972876215	0.890269255381889	0.985985187538372
ARMH3	betareg	33	19	0.0150516016787024	0.0883001898535372	0.864648822877253	0.864705687349382	-0.00176664752440808	342.011396443689	0.890269255381889	0.985985187538372
SYNCRIP	betareg	33	19	-0.0150317046882224	0.0882933475316387	0.864815648710253	0.860854176931081	0.00233036801699579	424.025226318031	0.890269255381889	0.985985187538372
DAG1	betareg	33	19	-0.018047962823006	0.106161690498711	0.865006614639708	0.866093517781088	0.00255439480018208	626.872798430703	0.890269255381889	0.985985187538372
TOR1AIP2	betareg	31	18	0.0358329894628002	0.210915622375972	0.865094653079925	0.867161927871036	0.0037124516344954	219.521307641245	0.890269255381889	0.985985187538372
CPEB4	betareg	26	18	0.0350317761908964	0.206369172990166	0.865204429150244	0.866434931761702	0.000313958785813932	1396.95129788475	0.890269255381889	0.985985187538372
RAB3GAP2	betareg	33	19	-0.0145399014564789	0.0859004610542802	0.865588571686078	0.866343508727942	0.0023167824750698	421.586128553288	0.890269255381889	0.985985187538372
BRD3	betareg	33	19	0.0139954969221821	0.0828384358495047	0.865836509605477	0.865754042618378	-0.00438248782769445	1356.26741389157	0.890269255381889	0.985985187538372
SLC17A5	betareg	33	19	-0.01790109915041	0.106625792791967	0.866672069178297	0.869596053626571	0.00115975874193629	366.082452661634	0.890269255381889	0.985985187538372
TNR	betareg	33	19	0.0239922214316856	0.143036282498832	0.866791592012561	0.862183148829881	-0.00826492653727575	687.77139719273	0.890269255381889	0.985985187538372
CLTC	betareg	33	19	0.017994830665219	0.107724543189444	0.867334755775093	0.87153951733448	2.65549157869266e-05	4533.1253496128	0.890269255381889	0.985985187538372
PPP1R15B	betareg	33	19	-0.0154005344338271	0.0923748181232241	0.867592031197781	0.867593801081176	0.00215845875449426	217.438391933711	0.890269255381889	0.985985187538372
PAK5	betareg	33	19	0.018220584707832	0.109304732244191	0.86760980691066	0.871884681166579	-0.00279768123101088	313.058393452619	0.890269255381889	0.985985187538372
SMAD9	betareg	33	19	0.0161862243981797	0.0971465098937081	0.867671705308439	0.86726370624296	-0.00512457936327032	410.394613126362	0.890269255381889	0.985985187538372
INO80D	betareg	33	19	-0.0252666706925302	0.151797914951002	0.867803306620748	0.867790070693413	0.000701306582811648	184.435893860438	0.890269255381889	0.985985187538372
CS	betareg	33	19	0.00936680062946491	0.0562769391556544	0.867809762364535	0.867928979814697	-0.000753206935443705	2556.59166757553	0.890269255381889	0.985985187538372
SRRM4	betareg	33	19	0.014865176829699	0.0893788798879964	0.867907931480954	0.868204254663505	-0.00530023203113107	1057.84610371629	0.890269255381889	0.985985187538372
KLF6	betareg	33	19	0.0134194747091763	0.0807253935386356	0.867971149844486	0.867983123269959	-0.000171716639851348	986.922512885679	0.890269255381889	0.985985187538372
GRPEL1	betareg	33	19	-0.0122099160083971	0.0734668172200475	0.868002440989819	0.866725876727965	0.00266595446093372	1315.85121743794	0.890269255381889	0.985985187538372
CDK6	betareg	33	19	0.0314686414934991	0.189429528919518	0.86805998866293	0.868967402274577	-0.0133128224441148	100.35935761745	0.890269255381889	0.985985187538372
RFX5	betareg	33	19	-0.00847200083119609	0.051139320507782	0.868420509786631	0.868697757468367	0.000870007446011569	433.766830167903	0.890269255381889	0.985985187538372
ISCA2	betareg	33	19	0.0232281566283454	0.140598254882775	0.868779148341051	0.868840006476508	0.00226422424725125	641.948721561444	0.890269255381889	0.985985187538372
CNOT9	betareg	33	19	-0.0213091703215528	0.12914643376672	0.868943928728038	0.868447974162234	0.00197195364052624	398.024229921945	0.890269255381889	0.985985187538372
RERE	betareg	33	19	0.0138840818435114	0.0843963821707801	0.869329367229465	0.869032081739537	-0.000681813476012022	902.750014707547	0.890269255381889	0.985985187538372
ZNF780B	betareg	33	19	0.0413761294310939	0.251679830012727	0.869416371863304	0.873041048698481	-0.00283040879321785	104.702056719774	0.890269255381889	0.985985187538372
NFYB	betareg	33	19	0.0163441902098508	0.099767984629592	0.86987127664407	0.869650055806288	-0.000822159072342601	310.627220654541	0.890269255381889	0.985985187538372
EMC1	betareg	33	19	0.0173961565187111	0.10636778104576	0.870087585345623	0.868866094752926	-0.00111088690876992	563.310547371437	0.890269255381889	0.985985187538372
RBM12	betareg	33	19	-0.013333843861389	0.0818662658248061	0.870618049449669	0.873777944341997	0.00284218892725113	1158.64916925308	0.890269255381889	0.985985187538372
SMAP2	betareg	33	19	0.0052446006936466	0.0322637252199244	0.870869532063344	0.869913660154761	-0.000983277103969298	1716.91143838912	0.890269255381889	0.985985187538372
ELK4	betareg	33	19	-0.0247732859058317	0.152778281230533	0.871186250441996	0.870716327432107	0.00282799647457238	79.4008264565226	0.890269255381889	0.985985187538372
MIEF1	betareg	33	19	-0.0146631111645417	0.0905059573258606	0.871295881974272	0.872259115231231	0.00313394137221009	1935.81737992777	0.890269255381889	0.985985187538372
NCBP2	betareg	33	19	0.00850767043018282	0.0525993281772168	0.871506784575139	0.872165419773756	-0.00159933196349371	1742.6399220398	0.890269255381889	0.985985187538372
AMER3	betareg	33	19	0.0191697110623431	0.11855991506834	0.871551584598969	0.8710894045525	-0.000819705391940389	633.625795679958	0.890269255381889	0.985985187538372
KANSL3	betareg	33	19	0.00732864345585401	0.0454464690270848	0.87188956447562	0.871823965889552	-0.0016978230770271	557.775261164151	0.890269255381889	0.985985187538372
NRCAM	betareg	33	19	-0.00822590645340377	0.0510348700569911	0.871949995507328	0.871194245087805	0.000188281413495344	2880.27181770408	0.890269255381889	0.985985187538372
RIPK1	betareg	33	19	-0.014215009809301	0.0883200759868858	0.872133730348833	0.871933284462476	0.00180338768551902	117.990741335389	0.890269255381889	0.985985187538372
FAM98B	betareg	32	19	-0.0290640124509566	0.181512597458327	0.872785612167917	0.873470307011428	6.50675409920196e-06	65.0763569897937	0.890269255381889	0.985985187538372
KCNJ2	betareg	33	19	0.0417115813378768	0.260581086841155	0.872824824230474	0.872157627880426	-0.019969918546	66.261182556877	0.890269255381889	0.985985187538372
DCC	betareg	33	19	-0.0277870328091852	0.173877346754266	0.873032132707782	0.87433426620362	0.00693228775738542	260.640106969407	0.890269255381889	0.985985187538372
RBBP9	betareg	33	19	0.0127705568330013	0.0805300765536344	0.873998835142707	0.874066496786476	-0.00236568688614522	257.236720339238	0.890269255381889	0.985985187538372
TAF8	betareg	33	19	0.0258933320267984	0.163383146345962	0.874076790040518	0.874006026183817	-0.00214724137206712	73.0767842126295	0.890269255381889	0.985985187538372
GNB5	betareg	33	19	-0.0160395081937553	0.101550316654873	0.874499025240229	0.872477282516008	0.000926091036224087	1658.27716974533	0.890269255381889	0.985985187538372
MYLK	betareg	33	19	0.0302973164961808	0.192088129512757	0.874672612697955	0.874575387426438	0.00138484640097531	70.7777931757389	0.890269255381889	0.985985187538372
ZNF776	betareg	33	19	0.0117195932555417	0.0744260653369755	0.87487740627706	0.874236894215603	-0.00171003765950878	996.25763616992	0.890269255381889	0.985985187538372
CORO1C	betareg	33	19	-0.011863849581596	0.0755573696479119	0.875230844504128	0.875686924284144	0.00154563280748173	1932.91748965056	0.890269255381889	0.985985187538372
ABI2	betareg	33	19	-0.0144486374373625	0.0920261740394017	0.875240325346891	0.875329309828674	0.00125619906111148	2705.92704499085	0.890269255381889	0.985985187538372
CYP27C1	betareg	33	19	0.0328963014228895	0.210173369629911	0.875623284776279	0.874634654084799	-0.00914053315139207	81.9520394546421	0.890269255381889	0.985985187538372
ITCH	betareg	33	19	-0.0158902551981085	0.101751834872435	0.875901570540278	0.875782538049481	0.00154434924993831	113.748887367835	0.890269255381889	0.985985187538372
GOLGA7B	betareg	33	19	-0.0174435292592973	0.111841968696739	0.876059928614281	0.874898031407028	0.00631818402970837	775.016844552505	0.890269255381889	0.985985187538372
FGD4	betareg	33	19	-0.0214852173923271	0.138064967920936	0.876335145209862	0.877799312100573	0.00461433162572516	420.787820607512	0.890269255381889	0.985985187538372
DSTN	betareg	33	19	0.0199967033720741	0.129251921052017	0.8770491002446	0.876511146817131	0.000642935466797461	8914.00692069132	0.890269255381889	0.985985187538372
TOLLIP	betareg	33	19	0.0118116938647151	0.0763590209486264	0.877068636757811	0.876781039739426	-0.00191617915717065	1422.71992922665	0.890269255381889	0.985985187538372
UBFD1	betareg	33	19	-0.00890280847049985	0.0578200767700154	0.877629963757045	0.878372954596531	0.000102210623780354	3895.70091003418	0.890269255381889	0.985985187538372
PLAAT3	betareg	33	19	-0.00812912953518661	0.0528182144482902	0.877682518228496	0.877899073408176	0.0011474248007861	631.906476569918	0.890269255381889	0.985985187538372
RNF149	betareg	33	19	-0.0171456750417893	0.11159540187305	0.877892483064677	0.875243188492019	0.000446442738916751	250.035083961495	0.890269255381889	0.985985187538372
NIPSNAP2	betareg	33	19	0.016099174066011	0.104929036022702	0.878059849192356	0.878304568513255	-0.00300755440914186	572.419023665957	0.890269255381889	0.985985187538372
SLC10A7	betareg	33	19	-0.0150947076111481	0.0992616692394763	0.879131840173515	0.879084590951317	0.00230658908702952	85.5442052871154	0.890269255381889	0.985985187538372
TRIM52	betareg	33	19	-0.0112169795832874	0.074033544268981	0.879571747206828	0.879335684760196	0.00231005058541774	282.041723477736	0.890269255381889	0.985985187538372
PAIP2B	betareg	33	19	0.0188583826810662	0.124985535465728	0.880066810946887	0.880165007062424	-0.0072926285833713	207.459117944762	0.890269255381889	0.985985187538372
HACD2	betareg	33	19	-0.015694820743284	0.104040767126872	0.880091988283807	0.884318720963146	0.00261096746472371	698.484435419917	0.890269255381889	0.985985187538372
FAM204A	betareg	33	19	-0.0105645496998623	0.070179821555648	0.880342199154998	0.881061966526496	0.00155073873046579	544.086549864864	0.890269255381889	0.985985187538372
ZNF354C	betareg	33	19	-0.0205899729800858	0.137066035704628	0.880591547423204	0.880448954109583	0.000486386490635742	125.747154892639	0.890269255381889	0.985985187538372
SLC16A7	betareg	33	19	0.022661878817073	0.150971779819664	0.880680417555638	0.880785738821524	-0.00929939388548379	105.206705785116	0.890269255381889	0.985985187538372
NBEA	betareg	33	19	0.00989509867969242	0.065993629638515	0.88081178739272	0.881263227556645	-0.00159445732544528	1219.91292031388	0.890269255381889	0.985985187538372
STXBP5L	betareg	33	19	-0.0226607192296586	0.152311767127111	0.881728400858452	0.881839707278387	-0.00469245209427441	104.36803609894	0.890269255381889	0.985985187538372
SMARCC1	betareg	33	19	-0.0112786809950373	0.0758167463177327	0.881741122420496	0.88245032975825	0.00233001741149052	357.03983797596	0.890269255381889	0.985985187538372
LSM5	betareg	33	19	-0.0099547682934669	0.0669217704131002	0.881749078768611	0.881211702359475	0.00224972484029026	469.144545996932	0.890269255381889	0.985985187538372
C5orf24	betareg	33	19	-0.0164490596319668	0.110640472077828	0.881813031508912	0.883411835175596	0.00220378261961325	2348.03003091192	0.890269255381889	0.985985187538372
ATOX1	betareg	33	19	0.00277510778856249	0.018710337633559	0.882090632441856	0.882033272236119	-0.000477808900732374	2132.48327954664	0.890269255381889	0.985985187538372
IPMK	betareg	33	19	0.0169642988570775	0.114670580075216	0.882390579540071	0.881201735402096	-0.00417221407182714	121.835112968291	0.890269255381889	0.985985187538372
GPR83	betareg	33	19	-0.0100439341104931	0.0679512402639409	0.882492005357436	0.881824594065213	-7.01698486484457e-05	798.61064931039	0.890269255381889	0.985985187538372
CNTN2	betareg	33	19	-0.0138557541619357	0.0937567462596603	0.882513176450037	0.88209751175023	0.000629489834103063	1154.91669880115	0.890269255381889	0.985985187538372
MAP4K5	betareg	33	19	-0.0117406166525739	0.0796104922352753	0.882756523070114	0.881066784485998	0.00142215947271867	272.278154560023	0.890269255381889	0.985985187538372
L3MBTL3	betareg	33	19	0.0250272439005563	0.170082985544482	0.883015794229128	0.881817398270131	-0.00107488626054221	68.4460987976416	0.890269255381889	0.985985187538372
RAB8B	betareg	33	19	0.011012186986596	0.075053065771013	0.883348812503219	0.8815118042315	-0.00244887676001269	963.967140596907	0.890269255381889	0.985985187538372
UNC5D	betareg	33	19	-0.0146901276344476	0.100434936694521	0.883712103301437	0.883691805426673	0.00205667187671568	315.391158334491	0.890269255381889	0.985985187538372
MINAR1	betareg	33	19	-0.0133060840000966	0.0912001949155102	0.884000543128008	0.883707754693905	0.00132733750866576	572.649430911707	0.890269255381889	0.985985187538372
LNPEP	betareg	33	19	-0.0174889425865667	0.119897745228195	0.884027580219232	0.884071425346879	0.00100130566247676	529.094551426914	0.890269255381889	0.985985187538372
NDST1	betareg	33	19	0.0136749850783432	0.0942840894527726	0.884679116540949	0.884587333053778	-0.0040991433331665	676.347000761647	0.890269255381889	0.985985187538372
IFRD1	betareg	33	19	0.0198777546096221	0.137163446001996	0.884773874153121	0.886199535446731	0.00264291065979185	488.83253989994	0.890269255381889	0.985985187538372
SLC6A8	betareg	33	19	0.0156548230548522	0.108064593117478	0.884817126400005	0.88436782782409	-0.00369294026435914	137.475918222218	0.890269255381889	0.985985187538372
HOMER1	betareg	33	19	0.0152381129807863	0.105281333546654	0.884918460408929	0.884661513898474	-0.00270110684246251	145.893624282748	0.890269255381889	0.985985187538372
SLC22A23	betareg	33	19	0.0121586064224833	0.0840561290627492	0.884988276197251	0.884865765492204	-0.00272654593166455	833.708818560044	0.890269255381889	0.985985187538372
SULT4A1	betareg	33	19	-0.00601608351346157	0.0418366718216721	0.885658967141733	0.885956444150826	0.00100801528583909	4571.44969091212	0.890269255381889	0.985985187538372
RRAS2	betareg	33	19	0.0102630074360266	0.0714133127842601	0.885727259889223	0.884930182966661	-0.00107635909546782	291.916240852145	0.890269255381889	0.985985187538372
ETFA	betareg	33	19	-0.0275483292662823	0.19211394387329	0.88597761381537	0.882180147862593	0.00777129130800823	617.513301527353	0.890269255381889	0.985985187538372
TMEM87B	betareg	32	19	0.0221410966040996	0.154481559187392	0.886033373801315	0.892954170264049	-0.00381493378358607	82.5395467751527	0.890269255381889	0.985985187538372
ACTR8	betareg	33	19	0.00679394727617818	0.0475036944225287	0.886274902903374	0.886149053471703	-0.00131994637036119	441.250117749177	0.890269255381889	0.985985187538372
SENP5	betareg	33	19	0.010958059984574	0.0766237463941385	0.886281273292073	0.886535433192784	-0.00252745887400395	641.593552328709	0.890269255381889	0.985985187538372
ATXN7	betareg	33	19	0.0251689662323398	0.176036019918467	0.886308955089833	0.88546987318504	0.00271598643898064	130.615707584682	0.890269255381889	0.985985187538372
ZSCAN30	betareg	33	19	0.0114012009709044	0.0800283105079519	0.886713041936741	0.88539663668024	-0.00223137228009997	205.242459980205	0.890269255381889	0.985985187538372
KCNN3	betareg	33	19	0.0174464806367661	0.122703449839619	0.886934583762918	0.886412119983301	-0.00147159727235515	114.392283086271	0.890269255381889	0.985985187538372
NCK1	betareg	33	19	0.0176124252728361	0.123881053312781	0.886944095829266	0.891455750469054	-0.00790913431124902	193.143084415309	0.890269255381889	0.985985187538372
SLC35B4	betareg	33	19	-0.0116850530895129	0.0822406953627414	0.887013981407515	0.886745440274818	0.00144790237930673	1507.53847725043	0.890269255381889	0.985985187538372
PCSK1	betareg	33	19	0.00773902583913744	0.0545636885250332	0.887210553561061	0.887491796776892	-0.0012902995315426	1107.46426352248	0.890269255381889	0.985985187538372
TNFRSF10B	betareg	33	19	0.0121209549394389	0.0854614155334273	0.887214634791413	0.888017373837026	-0.00276748170393089	339.592150410561	0.890269255381889	0.985985187538372
DIP2B	betareg	33	19	-0.0145102981391441	0.102311358832271	0.887218316258445	0.884863218934994	0.00278036922595999	670.248158736001	0.890269255381889	0.985985187538372
MMD	betareg	33	19	0.00997137406141685	0.0703239080589876	0.887244230400854	0.886208736707306	-0.00223710083586537	1834.14067703797	0.890269255381889	0.985985187538372
RYBP	betareg	33	19	0.0161441472825347	0.114309169847038	0.887686427927218	0.88530469306597	-0.00757995419277664	594.027992847715	0.890269255381889	0.985985187538372
ABR	betareg	33	19	-0.0116689412224439	0.0829163960290534	0.888082131418249	0.887769362598829	0.00126321806258774	2142.54142161899	0.890269255381889	0.985985187538372
RPLP1	betareg	32	18	0.0310098126278391	0.221301821205897	0.888561603432464	0.903173267856515	0.000119414199031016	2387.10309877906	0.890269255381889	0.985985187538372
CDH7	betareg	33	19	0.0113643440527197	0.0812791719382449	0.888803277869408	0.888081431022351	-0.00217563426826019	458.019753929176	0.890269255381889	0.985985187538372
KLHL7	betareg	33	19	0.0196338704379096	0.140685936150678	0.889009100211056	0.885410027556041	-3.06660065232066e-05	1410.66658527753	0.890269255381889	0.985985187538372
SLC9A7	betareg	33	19	-0.0150741282335396	0.108066156406455	0.889063103209792	0.889376533469666	-0.00302730107685989	1496.35636640948	0.890269255381889	0.985985187538372
PHF20L1	betareg	33	19	0.0156975673297072	0.112654263919123	0.889179222808775	0.88943491686362	-0.00199369266386537	76.4471494640012	0.890269255381889	0.985985187538372
RNF166	betareg	33	19	-0.0103706679755883	0.0744466646267126	0.889210461916484	0.892207284588258	0.0017278332297571	165.134314449496	0.890269255381889	0.985985187538372
SLC7A6	betareg	33	19	-0.0105715687668867	0.0761214935831006	0.889546888330504	0.889741370650485	0.00180451796471847	512.417371004103	0.890269255381889	0.985985187538372
CREB5	betareg	33	19	0.0180689294561802	0.130175223837065	0.889604500737251	0.887887783877494	-0.00383137257887306	251.840379774588	0.890269255381889	0.985985187538372
IQSEC3	betareg	33	19	-0.0133859474892526	0.0966216150983434	0.889813749474709	0.889135715453607	0.00107019829562514	322.45959150122	0.890269255381889	0.985985187538372
HYPK	betareg	33	19	0.025971145797029	0.188302406799873	0.890301638140469	0.888676533689511	-0.00283536167518537	1019.51683531956	0.890269255381889	0.985985187538372
MXI1	betareg	33	19	0.0107939558701289	0.0783146823468868	0.890376356443019	0.890079778362727	-0.00150579956571646	425.111809190082	0.890269255381889	0.985985187538372
PCGF3	betareg	33	19	-0.00881820874271435	0.0639879704312565	0.890390253138298	0.890291564984236	0.00187804658387952	1012.89808442557	0.890269255381889	0.985985187538372
NHLRC3	betareg	33	19	0.00942195974066733	0.0684366420275773	0.890497912940415	0.890658598618538	-0.00241917729627553	215.828277153867	0.890269255381889	0.985985187538372
ZNF398	betareg	33	19	-0.011292380293631	0.082137720775843	0.890650568526471	0.891049377974272	-0.000333845845328095	538.060283919493	0.890269255381889	0.985985187538372
TASOR	betareg	33	19	-0.0150900719500121	0.10989527251959	0.890783234186906	0.890675113875613	-0.00108145122998461	234.823978470173	0.890269255381889	0.985985187538372
CDC42BPA	betareg	33	19	-0.0144657680070705	0.10535505028862	0.890789772253541	0.8900085016661	0.000572898989989839	325.967201734602	0.890269255381889	0.985985187538372
POLD3	betareg	33	19	-0.0128696982272387	0.0937945424116164	0.890863550657328	0.891137940539318	0.00276657674503174	117.437859535562	0.890269255381889	0.985985187538372
AP1M1	betareg	33	19	-0.0157307142692677	0.11512847712598	0.891318384423181	0.889934294367643	0.000769947198241899	2833.14459237849	0.890269255381889	0.985985187538372
NKTR	betareg	33	19	0.0125340552167172	0.0918428472345423	0.891447485399729	0.891771264245466	-0.00254088483932526	334.085486629049	0.890269255381889	0.985985187538372
ALKBH1	betareg	33	19	-0.0222235589555728	0.162985863751614	0.891542481891624	0.889418186311705	-0.00441589950285892	310.513136601117	0.890269255381889	0.985985187538372
PIGM	betareg	33	19	0.0162241819181313	0.119237558759515	0.891769077412567	0.895575259585473	-0.000687227702899985	826.465921208343	0.890269255381889	0.985985187538372
POLR3E	betareg	31	18	-0.0219034868181148	0.161214713829997	0.891927760977501	0.894842739422006	0.00391722348975446	188.207989405208	0.890269255381889	0.985985187538372
C14orf132	betareg	33	19	0.0113431572414309	0.0834895213619608	0.891929392745916	0.894129067427292	-0.00186664290729129	7471.82526009982	0.890269255381889	0.985985187538372
FPGT	betareg	33	19	-0.0143089732494355	0.105630038147763	0.892245731023242	0.890272633416741	0.00072329616197681	118.127957622521	0.890269255381889	0.985985187538372
LAMC1	betareg	33	19	0.0177198528329857	0.130815570961379	0.892250753042669	0.889699383005619	-0.00814490937623808	126.617378911128	0.890269255381889	0.985985187538372
NALF1	betareg	33	19	0.0219029181975201	0.161986706445435	0.892442445669262	0.894349946288828	0.00407362509300094	717.512354887081	0.890269255381889	0.985985187538372
TNKS2	betareg	33	19	-0.0145993528398868	0.10807521530862	0.892544579166546	0.890041917757274	0.000113762300021044	440.707518943891	0.890269255381889	0.985985187538372
CENPP	betareg	33	19	-0.0195548610928158	0.145382036964451	0.893001896750475	0.897392494631602	-0.000894994455590438	347.914925684931	0.890269255381889	0.985985187538372
GRK5	betareg	33	19	-0.0180758764585741	0.134609680620929	0.893178297885055	0.893191185523111	0.00246069274945296	176.930947767967	0.890269255381889	0.985985187538372
SPRED3	betareg	33	19	0.0123066052423541	0.0920741019266404	0.893671601730407	0.893643577617789	-0.00223534499854751	194.163285057092	0.890269255381889	0.985985187538372
ZBTB2	betareg	33	19	0.017923433585535	0.134221186365949	0.893769063788034	0.894746279274217	0.000954747430272396	172.716083175056	0.890269255381889	0.985985187538372
SNX30	betareg	33	19	-0.0118497481768904	0.0887834540377833	0.8938232867464	0.893592389586339	0.000494771296534353	975.605166242297	0.890269255381889	0.985985187538372
TFIP11	betareg	33	19	0.00632771598734733	0.0476871905934798	0.89443684903515	0.894432516266701	-0.00127882579330569	529.282919132044	0.890269255381889	0.985985187538372
THY1	betareg	33	19	-0.0222078562170904	0.167552950768036	0.894555354588095	0.900855662303129	0.000306722161656196	13428.7464245727	0.890269255381889	0.985985187538372
PTPRN2	betareg	33	19	-0.00599097040243897	0.0453449618814606	0.894889480854415	0.894822194053167	0.000910657396231683	3053.02223489564	0.890269255381889	0.985985187538372
UMPS	betareg	33	19	0.0255514272820074	0.194081882628854	0.895258904270776	0.894521348093184	0.00990513199476428	106.680991014787	0.890269255381889	0.985985187538372
SLIT1	betareg	33	19	0.00907014536752051	0.0690761370274568	0.895532854855784	0.895235712461649	-0.00185722412516867	1013.83348128507	0.890269255381889	0.985985187538372
TMEM178B	betareg	33	19	0.0129011316863873	0.0984852739741201	0.895778835245364	0.895742145318587	-0.00361094055768658	1648.988644012	0.890269255381889	0.985985187538372
ARMC9	betareg	33	19	0.0178945019100478	0.137239487491021	0.896258770620675	0.898544836596186	0.000296430390386594	195.636017334005	0.890269255381889	0.985985187538372
SEMA3A	betareg	33	19	-0.011772460344999	0.0902915182125976	0.896263579431435	0.896462127087615	0.00279070291031334	315.871946312436	0.890269255381889	0.985985187538372
CCDC91	betareg	33	19	-0.0165105632164181	0.126726457359912	0.896340905233234	0.895127483474794	-0.000443732969376878	81.2991422234252	0.890269255381889	0.985985187538372
PRKAR2A	betareg	33	19	-0.0119690637372231	0.0919190227296984	0.896397806089065	0.896642848142802	0.00160238402875393	1712.67224017328	0.890269255381889	0.985985187538372
CAMLG	betareg	33	19	-0.0138201263144057	0.106361023483093	0.896617059104593	0.895874412692627	0.00100877003203332	1138.0023307302	0.890269255381889	0.985985187538372
BBIP1	betareg	33	19	0.0116599403082326	0.0897392389995803	0.896620742248161	0.8964957128724	-0.00176427878360499	379.898168754029	0.890269255381889	0.985985187538372
RPUSD4	betareg	33	19	-0.00569154907499548	0.0438289288832146	0.89667855686005	0.896725578450476	0.00103750014782932	307.412654877745	0.890269255381889	0.985985187538372
TMED2	betareg	32	19	0.0189788912277624	0.146558641361435	0.896964469625727	0.898356173075182	-8.91780032106447e-05	4407.16602441195	0.890269255381889	0.985985187538372
ZBTB7A	betareg	33	19	0.0113849103917416	0.088031644578105	0.897098531376957	0.898615906540953	-0.0012287295574257	137.029761701493	0.890269255381889	0.985985187538372
ABHD10	betareg	33	19	0.00668667594577801	0.0518478860026855	0.897383613909895	0.897261733168639	-0.00109935850000219	922.72031934012	0.890269255381889	0.985985187538372
MFSD8	betareg	33	19	0.0126789708239908	0.0983183198641453	0.897390585173143	0.899726756328627	-0.00187820606390707	281.153915337332	0.890269255381889	0.985985187538372
PRMT9	betareg	33	19	-0.0215568757704916	0.167174925220706	0.897398778550367	0.899974070296805	0.00997606162576197	50.729402987995	0.890269255381889	0.985985187538372
PANK2	betareg	33	19	0.0119867550720976	0.094000697139241	0.898530644974175	0.898268608183743	-0.00233520187764301	410.946358987752	0.890288128156634	0.986006089390518
ST8SIA5	betareg	33	19	0.018657155339744	0.146458555697343	0.898632811748599	0.898785845938562	0.000590270586808145	120.908695165677	0.890288128156634	0.986006089390518
PDE10A	betareg	33	19	0.0119593498305276	0.0943902343748247	0.899176947459815	0.899228581234992	-0.00274682175634383	248.903837292573	0.890288128156634	0.986006089390518
AP3D1	betareg	33	19	-0.0108539499826494	0.085667734674563	0.899179250211119	0.896588827937605	0.00133716537593464	697.770097437375	0.890288128156634	0.986006089390518
ONECUT2	betareg	33	19	-0.00779146241949723	0.0615068159638591	0.899196520290193	0.899262910438437	0.00149471388873475	2615.33584462417	0.890288128156634	0.986006089390518
INTS3	betareg	33	19	-0.0157503178034651	0.124425778378026	0.899269628938167	0.901782606075772	-0.00143449364288526	418.222386610335	0.890288128156634	0.986006089390518
TSC1	betareg	33	19	-0.00742028023602199	0.0587575400951734	0.899505194022004	0.899230078345476	0.0016209405766472	772.383895504483	0.890288128156634	0.986006089390518
CHAMP1	betareg	33	19	0.0178694036830252	0.142181589995308	0.89998511456767	0.903197848339773	0.000988971576030288	302.938389790422	0.890288128156634	0.986006089390518
AK3	betareg	33	19	0.0217945823964765	0.17345411163123	0.90000864789749	0.902403054027071	-0.00191391106841494	780.565712374078	0.890288128156634	0.986006089390518
BAG1	betareg	33	19	-0.0184598067145205	0.147117784599881	0.90014642504745	0.897996912892253	0.00129823918682674	1028.67576185236	0.890288128156634	0.986006089390518
KCNJ12	betareg	33	19	-0.0182300588549649	0.146192277890928	0.900761697503695	0.902303010233825	0.00513033104343537	511.817266344052	0.890288128156634	0.986006089390518
ATP5F1E	betareg	33	19	0.0056283495324736	0.0451588205410941	0.900812870222346	0.900829889282323	-0.00133400078063094	6210.9193712393	0.890288128156634	0.986006089390518
GATAD2A	betareg	33	19	-0.0120074685566376	0.0964801814825071	0.900954801849243	0.901856656746852	0.0042586976410167	354.403963969028	0.890288128156634	0.986006089390518
MED21	betareg	33	19	0.010085744886607	0.0810644510651965	0.900985611210833	0.901632906880223	-0.00244991557366702	538.673931074709	0.890288128156634	0.986006089390518
SHANK2	betareg	33	19	-0.012936218994512	0.104122845291504	0.901125277273851	0.900593273009638	0.000941326089928354	338.844157829351	0.890288128156634	0.986006089390518
NUDT4	betareg	33	19	-0.0120146958581751	0.0971404538356805	0.901565676432167	0.90105872994074	0.00241921360208849	512.271482142641	0.890288128156634	0.986006089390518
SLC39A10	betareg	33	19	0.00912266353088748	0.073760712528943	0.901569306806787	0.900812312012664	-0.00227358784143973	1053.97183610002	0.890288128156634	0.986006089390518
E2F6	betareg	32	19	0.0240432279116657	0.194924047031901	0.901832602683122	0.902841922242914	0.00160644594302672	113.301257945505	0.890288128156634	0.986006089390518
HIC2	betareg	33	19	-0.0163199140232089	0.132404651896092	0.901902909303083	0.903269473170598	0.00735552616976144	449.467425511463	0.890288128156634	0.986006089390518
NPR3	betareg	33	19	-0.0121636836539846	0.0989772756267376	0.902191274192179	0.902592823793769	-0.000961834564464478	205.519216628283	0.890288128156634	0.986006089390518
SKIDA1	betareg	33	19	0.0162420366737505	0.132260062245677	0.902262474404847	0.901459818198125	5.25478577690067e-05	81.313634006461	0.890288128156634	0.986006089390518
TES	betareg	33	19	0.00828362995278029	0.0682362137103287	0.903377076781376	0.903146442473101	-0.0022590970399019	612.14877330325	0.89066036726738	0.986418349217756
GAS7	betareg	33	19	0.0169655189464343	0.140432322312233	0.903842149208492	0.904203383989249	-0.00105280141128675	469.239926384143	0.89066036726738	0.986418349217756
SETD6	betareg	33	19	-0.0101840412556978	0.0843858551270802	0.903941156832693	0.904776416267909	0.00130871396118658	531.988124836808	0.89066036726738	0.986418349217756
SIRT5	betareg	33	19	0.011653710501022	0.0967383972026302	0.904113825306093	0.903560821620516	-0.00223400820454702	219.431457399911	0.89066036726738	0.986418349217756
GRIK3	betareg	33	19	-0.0156293243818563	0.129861800315466	0.90420311178947	0.902434444894578	-0.00209440213323518	833.431070339208	0.89066036726738	0.986418349217756
CDC42	betareg	33	19	0.01209486298282	0.100566393827563	0.90427129403044	0.906336983239105	0.00154338744707197	8291.67065897895	0.89066036726738	0.986418349217756
PTBP2	betareg	33	19	-0.00857852018428772	0.0714660252845042	0.90445436008283	0.902790534958503	0.000665698372416931	1291.57048979654	0.89066036726738	0.986418349217756
POLR1A	betareg	33	19	-0.0153769499040078	0.128292204359267	0.904595000475019	0.904323830707068	0.00211297014319678	231.186126920641	0.89066036726738	0.986418349217756
ZFHX4	betareg	33	19	0.0158263763674482	0.132211540942314	0.904716876212822	0.90440625768464	-0.00140055810905582	162.30825912278	0.89066036726738	0.986418349217756
GPLD1	betareg	33	19	0.0166893642875492	0.139803769998482	0.90497662771252	0.904963549804253	-0.00304716284404604	422.087935251242	0.890688866482608	0.986449912482354
PTGER4	betareg	33	19	0.0101721359950115	0.0856518495657073	0.905464368069891	0.906157782928121	-0.0002960545647909	475.639750640166	0.890767416069749	0.986536907207758
ZNF829	betareg	32	19	0.0160464663041887	0.135192311887819	0.905518083054758	0.906964950970856	-0.00163905251679877	79.4452448456989	0.890767416069749	0.986536907207758
DCTD	betareg	33	19	-0.00432696069593488	0.0369181308368476	0.906698223594374	0.90664507709807	0.000814999879047634	626.423193933794	0.891694271590714	0.987563412177053
ADAM11	betareg	33	19	-0.00816943692950873	0.0705179612815612	0.907772197186707	0.907461914026074	0.000662263565557402	842.788574586544	0.891694271590714	0.987563412177053
QKI	betareg	33	19	-0.0178791132736618	0.154536196446973	0.907894022756792	0.911198349213428	0.00365491229730906	296.958104457729	0.891694271590714	0.987563412177053
SERPINB9	betareg	33	19	0.0090608229553253	0.0783211698280124	0.907899781987437	0.908668667243643	-0.000933510550529406	1081.38581762426	0.891694271590714	0.987563412177053
HPS1	betareg	33	19	0.0140235929392434	0.121274896704544	0.90794201734158	0.905446740869161	-0.00102915394213173	306.750237453572	0.891694271590714	0.987563412177053
CEP89	betareg	33	19	-0.0169457108424325	0.146575511128196	0.907961009954836	0.906495861344708	-0.00241872023982371	157.810635097002	0.891694271590714	0.987563412177053
TSFM	betareg	33	19	0.0140066736886566	0.121607986252905	0.908303325322198	0.910762145573552	0.00099358763993056	699.71718539266	0.891694271590714	0.987563412177053
UBE2H	betareg	33	19	-0.00701728720581869	0.0609287601098396	0.90830879112494	0.908679396474181	0.000996829086263923	2883.00732177746	0.891694271590714	0.987563412177053
MID1	betareg	33	19	0.0196432058674254	0.17246533032676	0.909319801627765	0.906548463806562	-0.00344864112145297	133.211037610221	0.892459757756119	0.988411198412276
IGSF9B	betareg	33	19	0.0101752278525711	0.0895891050586971	0.909573420953273	0.909807432570146	-0.000567757817022193	585.971156951676	0.892481695561321	0.988435494826923
VPS13D	betareg	33	19	0.0098332184686227	0.0871385238407475	0.910152788556082	0.911212143928407	-0.00108099880752338	180.112783059414	0.892823168132273	0.988813680297076
RIPOR2	betareg	33	19	0.0155812013036098	0.138562302835546	0.910467354285404	0.90984176798477	-0.00361994316141901	83.7420495757649	0.892904773204102	0.988904059012914
TMEM245	betareg	33	19	0.00883266500278911	0.0796638003681502	0.911716056396772	0.911852991671845	-0.00122349486751012	1274.7370425284	0.893467989563512	0.989527828714496
PDPR	betareg	33	19	-0.0115849871165687	0.104889556324186	0.912052988140688	0.911430977988023	0.00490279774634467	506.201233786232	0.893467989563512	0.989527828714496
ANKRD29	betareg	33	19	-0.00982034646960572	0.0892170625034166	0.912351865365245	0.911282089236733	0.00142465505417182	364.8558268028	0.893467989563512	0.989527828714496
ZNF286A	betareg	33	19	-0.0150560382605922	0.136940169113807	0.912452117373012	0.911309993159459	-0.0013459691293748	493.797163339491	0.893467989563512	0.989527828714496
ZNF224	betareg	33	19	0.0114487969247321	0.104285646000233	0.912581429088951	0.915545681033596	-0.0020573792785429	834.829473920659	0.893467989563512	0.989527828714496
MIS12	betareg	33	19	-0.00886807145107409	0.0809582089215632	0.912775086300181	0.912876295753178	0.00285361237061782	306.296354123554	0.893467989563512	0.989527828714496
ALDH7A1	betareg	33	19	0.00810912774880038	0.0742466479339097	0.913028971085637	0.914865901223637	-0.000668101107782743	848.679413566741	0.893467989563512	0.989527828714496
TRIM4	betareg	29	17	-0.020802481122386	0.190984040960739	0.913263869362456	0.915851178642314	0.00399526263465125	186.027394139074	0.893467989563512	0.989527828714496
CORO2A	betareg	33	19	0.0101249357756138	0.0929608353220862	0.913269001341466	0.912791838242975	-0.000853274197043434	546.69929122787	0.893467989563512	0.989527828714496
SEC61A1	betareg	33	19	-0.00637834161948807	0.0586254354235107	0.913362554632191	0.913789491197021	1.90144978370612e-05	3026.29751907347	0.893467989563512	0.989527828714496
ZFP91	betareg	33	19	0.0113439886017841	0.104557072580497	0.913602522978382	0.913156213893729	-0.0038158424389905	678.214808447563	0.893467989563512	0.989527828714496
CACNA1E	betareg	33	19	0.00808845418127573	0.074739747386963	0.913819920434281	0.913815575411387	-0.00190328389784245	885.258483932772	0.893467989563512	0.989527828714496
APLP2	betareg	33	19	-0.0034112685156012	0.0317241194572915	0.914369178124927	0.914454885009619	0.000455336969446592	5679.14023083588	0.893523373237796	0.98958916687949
DIXDC1	betareg	33	19	-0.00747894848902029	0.0696228492339427	0.914455081887061	0.914329001073164	0.000995245872495149	505.599773849232	0.893523373237796	0.98958916687949
ZBTB21	betareg	33	19	-0.017771921395733	0.165908789875395	0.914694871812338	0.917819927911509	0.00613203758485955	377.377946375176	0.893523373237796	0.98958916687949
SORCS3	betareg	33	19	-0.0158010887400075	0.147974921137827	0.914961763083933	0.915332217919516	0.00199121840522345	97.0780624318937	0.893523373237796	0.98958916687949
SPCS2	betareg	33	19	-0.0105626162269313	0.0996013293229398	0.915543515967941	0.915934653559666	0.000662934078054601	865.357565540706	0.893523373237796	0.98958916687949
ARL8B	betareg	33	19	0.00700467600537473	0.0661133247223843	0.915622392037922	0.915735922778353	-0.00172083398415111	1474.23308147301	0.893523373237796	0.98958916687949
RBM19	betareg	33	19	-0.0130187352050445	0.123282357830241	0.91589896389733	0.917338532223555	0.00280458362321579	82.9522343868511	0.893523373237796	0.98958916687949
MTERF1	betareg	33	19	-0.0127470511860912	0.120869583152449	0.916009856802525	0.916522483128277	0.00388014242845214	320.891975748043	0.893523373237796	0.98958916687949
SLC26A2	betareg	33	19	-0.0137578432582032	0.130870219023145	0.916275946139074	0.917043420686721	0.00203435324895063	201.302121142493	0.893523373237796	0.98958916687949
CPLX2	betareg	33	19	-0.0115241798093697	0.110600880797644	0.917013733370286	0.914919936800627	-0.000382913503709368	1779.45486718579	0.893523373237796	0.98958916687949
POLH	betareg	33	19	0.0161051379986076	0.155814279932615	0.917676371049907	0.922276207435324	-0.00435723437737089	91.3958371899728	0.893523373237796	0.98958916687949
MAP3K3	betareg	33	19	0.0121223008026603	0.11807335007279	0.918226834033608	0.918777851461089	0.00402728608330791	379.520770474026	0.893523373237796	0.98958916687949
GNAZ	betareg	33	19	-0.00586232951066002	0.0573529238351188	0.918586016290234	0.918167403294848	0.00105090931892865	1754.66670683622	0.893523373237796	0.98958916687949
CDK19	betareg	33	19	-0.0165075395313596	0.161527455683799	0.918600711180036	0.915274843444448	-0.00144235534179027	246.473220360236	0.893523373237796	0.98958916687949
THG1L	betareg	33	19	0.0127688737438816	0.125251558338302	0.918799674445758	0.919189638317136	-0.00415613024483771	74.8349317881454	0.893523373237796	0.98958916687949
RAD1	betareg	33	19	0.0101418901399148	0.0995315300719819	0.918839022798689	0.918787417860831	-6.84862827786899e-05	307.721761547104	0.893523373237796	0.98958916687949
AUTS2	betareg	33	19	0.00746756816037987	0.0734297772158759	0.918997398497726	0.918900438462017	-0.00254244250163552	877.444106560159	0.893523373237796	0.98958916687949
UBTF	betareg	33	19	-0.00532199399185931	0.0525857088445754	0.919386862274335	0.919694960191264	0.000963104769337748	422.636350171478	0.893523373237796	0.98958916687949
ZNF546	betareg	33	19	0.0166061516652794	0.165743417550851	0.920191958566752	0.921257597170918	-0.00147003086837308	119.337542085201	0.893523373237796	0.98958916687949
PGGT1B	betareg	33	19	-0.0179812313028	0.179482603502911	0.920198486428115	0.923948224559504	0.00198362111581271	173.42946113289	0.893523373237796	0.98958916687949
CACHD1	betareg	33	19	-0.00668646783661421	0.0670699655412229	0.920587326951321	0.919801881772305	-5.85742118864813e-05	648.910157612964	0.893523373237796	0.98958916687949
LINS1	betareg	33	19	-0.0109165819277159	0.109803129384531	0.920805130524432	0.920787287939312	0.00188382085817926	91.9497429988801	0.893523373237796	0.98958916687949
MAEA	betareg	33	19	0.004454222468714	0.0448777893956831	0.920937974266031	0.920902346137879	-0.000919777372500058	1434.64187912548	0.893523373237796	0.98958916687949
SPATA33	betareg	33	19	0.00943872293194318	0.0952398582771961	0.921055095806394	0.920113853408231	-0.00354340655522897	318.015616404148	0.893523373237796	0.98958916687949
EFNB2	betareg	33	19	-0.0106082805013977	0.107110169209335	0.921105848527714	0.921440343224507	0.00352021827896171	1485.54692270767	0.893523373237796	0.98958916687949
GPATCH11	betareg	33	19	0.0106076098327841	0.107158187787429	0.921146055657471	0.921904656753758	-0.000457627344346415	319.972276242452	0.893523373237796	0.98958916687949
ALDH1B1	betareg	33	19	-0.00558410324356832	0.0564126091203252	0.921148756513468	0.921687472221886	0.000999501113155946	786.083920208951	0.893523373237796	0.98958916687949
ATF2	betareg	33	19	0.00604318111816064	0.0610842630551236	0.921192354719958	0.920577124967052	-0.00172755006408193	933.934620800255	0.893523373237796	0.98958916687949
CCSAP	betareg	33	19	0.0104358902438063	0.105922325390903	0.92151622249298	0.918726247906978	-0.000947440108768627	690.793190535447	0.893523373237796	0.98958916687949
ZFHX3	betareg	33	19	0.00614706348912029	0.062487751079808	0.921636673266708	0.921882754601445	-0.000832538636443547	827.667554969497	0.893523373237796	0.98958916687949
AP5B1	betareg	33	19	0.0156431204258502	0.15956302481455	0.921902713251576	0.923411088491928	0.0121371349600761	478.487131320199	0.893523373237796	0.98958916687949
SPRTN	betareg	33	19	0.0125972147074546	0.12853085123965	0.921924933619389	0.922153946335396	-0.00106743108077948	127.962395160088	0.893523373237796	0.98958916687949
ZNF24	betareg	33	19	-0.010130196982323	0.104118662866336	0.922492342593025	0.922507658783912	0.001421142227525	663.666330812644	0.893523373237796	0.98958916687949
CBL	betareg	33	19	-0.0115764218384512	0.119411740233228	0.922769735196051	0.924211987248447	0.00423979104782551	748.389401339863	0.893523373237796	0.98958916687949
PXDN	betareg	33	19	0.00686185358644498	0.0710672664860533	0.92308031197128	0.923362345536471	0.000275871910882996	821.467217727237	0.893523373237796	0.98958916687949
NOVA1	betareg	33	19	-0.00887920698643683	0.0919767425577171	0.92309367328947	0.926087526030004	0.00242602677557874	1554.81014722554	0.893523373237796	0.98958916687949
DYNLT3	betareg	33	19	0.00442096961930527	0.0459143965039504	0.923292460506965	0.923020979627152	-0.00053227491374396	1033.43493150278	0.893523373237796	0.98958916687949
OSBP	betareg	33	19	-0.00744974928197339	0.0780046355851501	0.923914568583736	0.92343966973745	0.00266558391937647	822.949740667473	0.893523373237796	0.98958916687949
MRPL30	betareg	33	19	-0.00614722911051166	0.0643696146831728	0.923918542781729	0.923906526722949	0.00138725464229197	691.007479455757	0.893523373237796	0.98958916687949
ZNF583	betareg	33	19	0.00782172071615008	0.0820283245246547	0.92403373103404	0.923438554564868	0.00125639957651586	359.277222430332	0.893523373237796	0.98958916687949
EIF5A2	betareg	33	19	-0.00877397920433746	0.0923005808476972	0.924268150640414	0.923852900941185	0.000290965825622183	156.265960225943	0.893523373237796	0.98958916687949
APPBP2	betareg	33	19	-0.00852580522717166	0.0899850527543537	0.924515860880317	0.924113992017849	-0.000711218802564495	620.245818250806	0.893523373237796	0.98958916687949
PAK1	betareg	33	19	0.00535322203105134	0.0567102171565659	0.924794531913369	0.925055632191245	-0.00126101805226262	1067.06924822808	0.893523373237796	0.98958916687949
ZFP14	betareg	33	19	0.014391107650975	0.152607396457299	0.924869651872227	0.925450668062319	0.00252032941651159	402.117234488621	0.893523373237796	0.98958916687949
RETREG1	betareg	33	19	0.00704078799354641	0.0747596444493309	0.924966972152261	0.926021294623663	-0.000110019282461755	1187.1959033173	0.893523373237796	0.98958916687949
RASSF2	betareg	33	19	-0.00923368453642008	0.0980907998930159	0.925002670249438	0.925026819950001	-0.00283730774916226	557.893858918578	0.893523373237796	0.98958916687949
INSR	betareg	33	19	0.0128101643288178	0.13681188040865	0.925400360502689	0.92257789675593	-0.00512647330399607	804.746900775592	0.893523373237796	0.98958916687949
VCPIP1	betareg	33	19	-0.0175715670802872	0.18785602645371	0.925476627214311	0.922298414286349	0.00200869737205294	470.351318494351	0.893523373237796	0.98958916687949
VCAN	betareg	33	19	-0.00843233265186923	0.090205083899874	0.925522577659979	0.925114649397398	-0.000571611461197351	165.334867342832	0.893523373237796	0.98958916687949
NCOA2	betareg	33	19	0.0096260883241281	0.103428478630322	0.925847951893466	0.924800706809279	-0.00574998963834873	577.705430230044	0.893523373237796	0.98958916687949
PKD2	betareg	33	19	-0.0102406599972555	0.110187349323315	0.925952325557799	0.925305511745738	0.00268765288082934	98.6673863823558	0.893523373237796	0.98958916687949
RIOK3	betareg	33	19	-0.00822330771317644	0.088808431627107	0.926224502148007	0.925474550403125	0.000367775160381744	785.253328276755	0.893523373237796	0.98958916687949
REL	betareg	33	19	0.0135708486886341	0.147573028774362	0.926729642786364	0.926267401630385	-0.00576850091459409	96.2167666350147	0.893523373237796	0.98958916687949
MAPK8IP2	betareg	33	19	0.00969729133065872	0.105520286812119	0.926777664849299	0.928343060362944	-0.00241435358313415	2369.37290301207	0.893523373237796	0.98958916687949
RBM18	betareg	33	19	0.00514912662486766	0.0561825669501754	0.92697620403788	0.926558238065591	-0.0011014625805294	789.522686789761	0.893523373237796	0.98958916687949
NAT8L	betareg	33	19	0.0121017665851149	0.132826198157724	0.927405356309876	0.925166897096101	0.0011448260082889	339.139617944211	0.893523373237796	0.98958916687949
SF3B3	betareg	33	19	0.00705712859742125	0.0775392791551924	0.927481788153952	0.927837666075446	0.000155812367033373	627.844319501136	0.893523373237796	0.98958916687949
DACH1	betareg	33	19	0.00651900534916089	0.072129965966431	0.927986361736177	0.92788690525363	-0.00243460966986679	550.980251665451	0.893523373237796	0.98958916687949
TRIM44	betareg	33	19	-0.00868673368853942	0.0961569506466187	0.928017739042594	0.927456292324521	0.00328358981699532	2134.55924561824	0.893523373237796	0.98958916687949
SUV39H2	betareg	33	19	0.0134430058116968	0.148945013094661	0.928084719497936	0.928486125541851	0.00302895968646813	67.2164909793487	0.893523373237796	0.98958916687949
SUGT1	betareg	33	19	0.0061271253509018	0.0683556286490797	0.928576473105795	0.927355940998686	-0.00114718273105774	1110.81416185834	0.893523373237796	0.98958916687949
DGAT2	betareg	33	19	-0.00646395129718761	0.0722950667258526	0.928755533629967	0.929123127580422	0.00186959429521783	173.363819731839	0.893523373237796	0.98958916687949
ZFP30	betareg	33	19	-0.0137341697248755	0.153749699132115	0.928821156425048	0.929716337717921	0.00165474668853433	372.487900491975	0.893523373237796	0.98958916687949
IL6ST	betareg	33	19	0.00801524717800541	0.0915988082855833	0.930271035748106	0.929539640223203	-0.00196151789409671	1291.25690973397	0.893523373237796	0.98958916687949
BCKDHB	betareg	33	19	0.00951112757837935	0.108797528043516	0.930337324222618	0.929594226161935	-0.00382253840769183	281.141474357009	0.893523373237796	0.98958916687949
HS3ST4	betareg	33	19	-0.00483310699593882	0.0554946760762864	0.93059889038144	0.931187431481196	0.000879970499600114	386.57489589298	0.893523373237796	0.98958916687949
UNC13A	betareg	33	19	0.00625973636885198	0.0722502035938987	0.930957904043932	0.932330103362093	0.00106506703878576	1771.75476245656	0.893523373237796	0.98958916687949
ZNF484	betareg	33	19	0.0104437265066796	0.122311914027346	0.931954513694587	0.934967827425699	-0.000888428137480638	316.462870293703	0.893523373237796	0.98958916687949
PCBD2	betareg	33	19	-0.00770247646058288	0.0904414958580939	0.932129982770578	0.932131775553319	0.00160876656626296	150.724069689434	0.893523373237796	0.98958916687949
MTF1	betareg	33	19	-0.00978199677659079	0.115903166251845	0.932739988114242	0.932882255059943	0.000757426735262863	122.639550697034	0.893523373237796	0.98958916687949
GIT2	betareg	33	19	0.00681182667675381	0.0808953627204704	0.932893121904617	0.933534858464959	-0.00349977653628249	805.863656279234	0.893523373237796	0.98958916687949
DNAJC18	betareg	33	19	0.00592402177276542	0.0705512357473093	0.933082149058894	0.93388686886835	-0.000885482669542316	1619.49677948319	0.893523373237796	0.98958916687949
GALK2	betareg	33	19	0.0104333798016163	0.12440821617496	0.933164503987609	0.933035504134558	0.00386524745167225	158.140325104532	0.893523373237796	0.98958916687949
MCTP1	betareg	33	19	0.0127747688587346	0.153015439574385	0.933464475639313	0.93410208986189	-6.10741752878884e-05	108.453279178599	0.893523373237796	0.98958916687949
HEBP2	betareg	33	19	-0.0162938355373403	0.196376824505986	0.933873570141718	0.931901969360399	0.00163975329500724	648.128792340876	0.893523373237796	0.98958916687949
NRP2	betareg	33	19	0.00765710249910787	0.0924423199165127	0.933985810157774	0.933633486598861	-0.00174165660018461	192.165018837993	0.893523373237796	0.98958916687949
RHOU	betareg	33	19	-0.0040073154467209	0.0485300529142115	0.934190359911083	0.934158608175654	0.000951050218136119	537.898190226731	0.893523373237796	0.98958916687949
PEX11A	betareg	33	19	-0.010877295299314	0.132176572880943	0.934413187782821	0.934628273451824	0.00304815382680101	108.755382830805	0.893523373237796	0.98958916687949
STYX	betareg	33	19	0.00672736388469941	0.0818496531890971	0.934494256605348	0.933675854069169	-0.00189380221233329	382.032557926673	0.893523373237796	0.98958916687949
ETV5	betareg	33	19	0.00686526627098928	0.083534479704258	0.934499743609652	0.934519214000416	-0.00120373407281717	694.261981030141	0.893523373237796	0.98958916687949
SPCS1	betareg	33	19	0.0118157839893634	0.145055391134013	0.93507848187846	0.937663849930544	-0.000613383300887919	2193.11996302009	0.893523373237796	0.98958916687949
PDP2	betareg	33	19	-0.00963003648759832	0.118366558788512	0.935157451054049	0.935492944842115	0.00230306735386753	325.952292843773	0.893523373237796	0.98958916687949
KMT2E	betareg	33	19	-0.00904347006275098	0.11128505323048	0.935231992408698	0.936165157278022	0.000128847903034444	206.02201005522	0.893523373237796	0.98958916687949
RAC1	betareg	33	19	-0.00429450536821257	0.0528508031582123	0.935237454687806	0.935345386648218	0.00069313658114737	1699.80438603754	0.893523373237796	0.98958916687949
KAT6B	betareg	33	19	0.00855724181267576	0.105893349213961	0.935593053258966	0.936636397084321	-0.00136629518910418	373.756045556599	0.893523373237796	0.98958916687949
LMLN	betareg	33	19	-0.0146195316801075	0.181314139723867	0.935735450275865	0.935881697761015	0.00324234528278432	163.304641707621	0.893523373237796	0.98958916687949
DSCAM	betareg	32	19	0.0130672316058165	0.162431114514457	0.935881082809026	0.936835040342543	-0.000975422083028449	132.375049486872	0.893523373237796	0.98958916687949
PIAS4	betareg	33	19	0.00966695054723749	0.120289285621082	0.935947610018637	0.937745889475122	4.56420410831847e-05	155.492537140809	0.893523373237796	0.98958916687949
RPA1	betareg	32	18	-0.0171549489476143	0.213484778858857	0.935953501975177	0.937326847685318	0.000662213714491452	369.256822661051	0.893523373237796	0.98958916687949
ARSD	betareg	33	19	-0.0118113509843149	0.147491365747286	0.936172322146277	0.935824865475468	-0.000770918139155441	242.870285030995	0.893523373237796	0.98958916687949
SETBP1	betareg	33	19	-0.0076883941853677	0.096615106132096	0.93657324493958	0.936676022600246	0.000627502846894051	164.589327078055	0.893523373237796	0.98958916687949
C18orf25	betareg	33	19	-0.00731907877572247	0.092126901161205	0.936678183821474	0.936743498470492	0.0018639089120042	242.444028980877	0.893523373237796	0.98958916687949
FKBP15	betareg	33	19	0.00743058182317	0.0943313580674989	0.937214716892449	0.937085146439388	-0.00263822051235746	372.544015704877	0.893523373237796	0.98958916687949
CAMSAP2	betareg	33	19	0.00652618590823719	0.0829195826787141	0.937267266922582	0.937283300523266	-0.0026537381769938	976.288389524004	0.893523373237796	0.98958916687949
GNPTAB	betareg	33	19	-0.00568272959525401	0.0724302360171782	0.937463758788244	0.937504787132112	0.00118982955639427	453.13731924801	0.893523373237796	0.98958916687949
RAB29	betareg	33	19	0.0080156551517811	0.102309762341935	0.937552092370068	0.937286137846326	0.00081753659380595	179.804984537165	0.893523373237796	0.98958916687949
LYNX1	betareg	33	19	-0.00609017076860469	0.0778874903736339	0.937675406073867	0.937622438962769	0.000487047360846462	798.94911263818	0.893523373237796	0.98958916687949
TCF7L2	betareg	33	19	0.00933858877962058	0.119524641573989	0.937723788169809	0.938183198318653	-0.00468367498865473	117.981743107711	0.893523373237796	0.98958916687949
RNF214	betareg	33	19	-0.00628236113832763	0.0806406951463621	0.937903150729692	0.939214091827745	-8.46740253257412e-06	360.777176963709	0.893523373237796	0.98958916687949
GALNTL6	betareg	33	19	0.0105953687116256	0.136158296236441	0.937973982280756	0.936194352899845	-0.00184903840485557	79.6039655837484	0.893523373237796	0.98958916687949
ZNF616	betareg	33	19	-0.00966376065424722	0.124540417292299	0.938149919769384	0.939838261443185	0.000320711151706131	203.936421819586	0.893523373237796	0.98958916687949
PWWP2A	betareg	33	19	0.00773219180979606	0.0997294759704126	0.938200606133776	0.936945671030293	0.000345086395557168	154.536059869833	0.893523373237796	0.98958916687949
C16orf72	betareg	33	19	-0.00520677657197022	0.0672294511207461	0.938267274776472	0.93812745086093	0.000935503000138249	512.653034464986	0.893523373237796	0.98958916687949
RND3	betareg	33	19	0.00293946341864537	0.0380027939400387	0.938346218768557	0.938376153388341	-0.000264897006369817	2226.67323189582	0.893523373237796	0.98958916687949
MRPS23	betareg	33	19	-0.00768946923552371	0.0994599973084139	0.938375201504198	0.938298737456204	0.00129361057313786	734.589187788761	0.893523373237796	0.98958916687949
TMEM229A	betareg	33	19	-0.0133228388862202	0.172867475044761	0.938568122747971	0.939739837169673	0.00284165744778941	163.491543144396	0.893523373237796	0.98958916687949
TANC2	betareg	33	19	-0.00759998693440085	0.0996718630879083	0.939220145334524	0.939213164738324	0.00230524035061212	1896.46040464511	0.893523373237796	0.98958916687949
YTHDF1	betareg	33	19	0.00399890905597985	0.052505284216455	0.939290190215337	0.938753085579418	-0.00127203027461362	578.785390681484	0.893523373237796	0.98958916687949
RAB8A	betareg	33	19	-0.0104239109415877	0.136941686505427	0.939324152834136	0.939731646545198	0.00162700038257716	982.220668619021	0.893523373237796	0.98958916687949
SORT1	betareg	33	19	-0.00610924217352558	0.0805771065991986	0.939563430309587	0.940479580666513	0.000279321817814767	2214.4980442426	0.893523373237796	0.98958916687949
AMMECR1L	betareg	33	19	0.00618174424121933	0.082061925639241	0.939951964814979	0.939700058803026	-0.00135899028620273	434.361723322662	0.893523373237796	0.98958916687949
CDYL2	betareg	33	19	0.00740473703259091	0.0984379278786148	0.940037763461128	0.940537684497044	0.000430161912658826	563.387696152558	0.893523373237796	0.98958916687949
LRPPRC	betareg	33	19	0.00873382805364525	0.116111566993688	0.940040247433489	0.941355208402893	-0.00171244531003998	613.896601370469	0.893523373237796	0.98958916687949
ZNF12	betareg	33	19	-0.00982028054617713	0.131728357842509	0.940573171515907	0.940856906475405	0.00475840167173344	534.82490066018	0.893590559573016	0.98966357665039
ADCY1	betareg	33	19	0.00589189991002706	0.0794928696155424	0.940916018269193	0.941036309306629	-0.00127252885975268	1677.9353525916	0.893590559573016	0.98966357665039
TMPO	betareg	33	19	0.00956547774029815	0.129101422739126	0.940936594541531	0.940722326652183	-0.00312046991003329	108.165271667481	0.893590559573016	0.98966357665039
GALNT16	betareg	33	19	0.00523056801546159	0.070812036410002	0.941117390534914	0.940899251335373	-0.00241477370782599	489.059593243257	0.893590559573016	0.98966357665039
PHF21A	betareg	33	19	-0.00569426005852048	0.0772885247513839	0.941268703576003	0.941279849293384	0.00122596728892241	105.369890956804	0.893590559573016	0.98966357665039
GOSR1	betareg	33	19	0.00665564937739773	0.0914435179400376	0.941977791278322	0.941985464189115	-0.00263543546727416	397.977416814462	0.893810777621136	0.989907471103851
AKAP13	betareg	33	19	-0.00778971801008004	0.10730613191163	0.942129671086722	0.941344085423309	-0.00253163635320321	364.364417990376	0.893810777621136	0.989907471103851
AKAP8	betareg	33	19	-0.00479999933676455	0.0662422056680456	0.942234766570854	0.942060400807857	0.000947124781512677	205.922956635667	0.893810777621136	0.989907471103851
NSMF	betareg	33	19	-0.00426533978792241	0.0590606645200958	0.942427117436025	0.94192328427619	0.000382940203415123	2678.45129946466	0.893810777621136	0.989907471103851
FEM1A	betareg	33	19	0.00830606470028471	0.115756794911548	0.942797326073571	0.94375816950746	0.000276559811250122	1528.60612315246	0.89394219276449	0.990053015144581
SMURF1	betareg	33	19	0.00543642642011636	0.0763910407974699	0.943265832436697	0.943128770672556	-0.00145162594187601	499.550354414054	0.893972803596221	0.990086917052888
DUSP28	betareg	33	19	0.0068981159709639	0.0969766397795174	0.943292916761666	0.943375399871756	-0.000541097519670318	329.062370740793	0.893972803596221	0.990086917052888
ATCAY	betareg	33	19	0.00674065274025861	0.0952551230452542	0.943585423274123	0.943675852667962	-7.5699176039016e-05	3604.8906024333	0.894030460778197	0.990150773158262
PPM1H	betareg	33	19	0.00368825999698556	0.0529205908855829	0.944437031941382	0.944482922983153	-0.00103421090174147	1096.43250194173	0.894499969685445	0.990670760594834
FAM184B	betareg	33	19	-0.0116058308891015	0.166848325757054	0.944544536598958	0.945534511786881	-0.0030119877777002	112.660006812084	0.894499969685445	0.990670760594834
USP22	betareg	33	19	0.00689134231783672	0.0996664239042144	0.944874941146256	0.944784114328882	-0.00215788148182207	5048.42457068548	0.894593336384173	0.990774165470829
KIAA0895	betareg	33	19	0.00456610968129404	0.0668265164579601	0.945524684749502	0.945186188011114	-0.00179066370679835	609.672742848275	0.894919369010654	0.991135250994586
KCTD7	betareg	33	19	0.00654544887277321	0.0960746098402268	0.945683096292916	0.945428375611393	0.000662056117931462	1430.92027611614	0.894919369010654	0.991135250994586
KIFBP	betareg	33	19	-0.0050117664948988	0.0739796961161868	0.945988497822676	0.946057124052609	0.00141774203372187	794.138296736616	0.8949889091522	0.991212267637685
SLC38A7	betareg	33	19	-0.00628693496828842	0.0937760489881425	0.946548257958251	0.946146467294923	0.00158758257027996	880.047288993031	0.895236713479661	0.991486714266958
KCNAB1	betareg	33	19	-0.00626368574433177	0.0938592813871414	0.946792784087289	0.946372386250301	-0.000743177940894245	339.713313054764	0.895236713479661	0.991486714266958
RIF1	betareg	33	19	0.00890201076451908	0.134332861201712	0.94716421818412	0.947037766096493	-0.00468382057338422	126.365519565187	0.895236713479661	0.991486714266958
DHX36	betareg	33	19	0.00905590192757124	0.136691710928807	0.947178346830133	0.946469396059705	-0.00404079576062755	257.821686552611	0.895236713479661	0.991486714266958
PRKAB2	betareg	33	19	-0.00720074439462225	0.110362804270836	0.947978043597875	0.948052868733986	-0.00210308575188133	850.673283245789	0.895654947997956	0.991949914627369
RABGAP1L	betareg	33	19	-0.0071223870131154	0.110635474647526	0.948669992548981	0.948302116035901	-0.00427432332172203	1501.20126147551	0.895654947997956	0.991949914627369
RGMB	betareg	33	19	0.00318057538018521	0.0496937707848925	0.948967437976232	0.94888006971176	-0.000728411967959435	3003.01842412503	0.895654947997956	0.991949914627369
FLYWCH1	betareg	33	19	0.00643634019959959	0.100661682568884	0.949017747194486	0.950767731783924	0.000908452231209825	892.965276226856	0.895654947997956	0.991949914627369
SYT13	betareg	33	19	-0.00660338334837129	0.103785958546231	0.949268811629569	0.948622652758937	-0.00162108744719295	1150.52185272716	0.895654947997956	0.991949914627369
RAVER2	betareg	33	19	-0.00631391241530461	0.0997453022809815	0.949527338101691	0.948799675399012	-0.00184802079544968	103.687875025831	0.895654947997956	0.991949914627369
DLG2	betareg	33	19	-0.00653476378805027	0.10350586642448	0.949659612360131	0.950088978851454	-0.00320266653943636	350.849817335485	0.895654947997956	0.991949914627369
KCNJ3	betareg	33	19	-0.00828730464171674	0.13188285791711	0.949895206440741	0.950499345755072	0.00158714061745697	168.701904198517	0.895654947997956	0.991949914627369
KAT6A	betareg	33	19	-0.00781006759370844	0.124527223775029	0.949991260814158	0.952233313610366	0.00595961444379276	382.671773814404	0.895654947997956	0.991949914627369
AK2	betareg	33	19	0.00585207800146598	0.0935912786535469	0.950142343259963	0.950048645042402	0.00208370932651831	1162.21639477744	0.895654947997956	0.991949914627369
TULP4	betareg	33	19	0.00407235991834475	0.0651697637253451	0.950173830249052	0.950776894929174	-0.00154082840537317	2454.01447241266	0.895654947997956	0.991949914627369
SHROOM2	betareg	33	19	-0.00329493118439337	0.0532200599571195	0.950633347663643	0.950709033859722	0.00034588359081827	742.87583259139	0.895868595890717	0.992186532545305
RAB40B	betareg	33	19	-0.00635139851579587	0.103072231114003	0.950864772415903	0.950830761546465	-0.00262949675536373	277.415042468035	0.895868595890717	0.992186532545305
SERTAD4	betareg	33	19	-0.0056642136100236	0.0936926538262197	0.951793049149749	0.952569331236273	0.00148842640059123	368.867460336263	0.896402150311183	0.992777451250118
FNDC5	betareg	33	19	0.00540270577100682	0.0899385169250938	0.952099006117586	0.952056011534621	-0.0013930954595134	385.01088810916	0.896402150311183	0.992777451250118
BMPR1A	betareg	33	19	-0.00802715262791852	0.134326247964894	0.952347874682908	0.951310419915071	0.00230368651492795	181.13025521375	0.896402150311183	0.992777451250118
IGF2R	betareg	33	19	-0.00489743512815263	0.0820544309606451	0.952406359356349	0.952411065282683	0.000126616229116022	290.684327597629	0.896402150311183	0.992777451250118
LONP2	betareg	33	19	-0.0043099571615211	0.0731415503294057	0.953010851189909	0.953161716636388	-0.001696053383474	1186.45908824923	0.896402150311183	0.992777451250118
TSPAN5	betareg	33	19	-0.00396903118007084	0.0679178993065052	0.953399219335299	0.953404854890409	0.00083636258851508	805.999860679691	0.896402150311183	0.992777451250118
CSTF2T	betareg	33	19	0.00704023398501514	0.120983601514372	0.953595981071269	0.954126231905494	0.00167542482764818	640.449018704026	0.896402150311183	0.992777451250118
PTPRG	betareg	33	19	-0.00507962268800369	0.0873149698704524	0.953608556148428	0.953143984020228	-0.000273142873178419	1192.78571648229	0.896402150311183	0.992777451250118
IPO8	betareg	33	19	-0.00684441386577832	0.11817970058642	0.953816088847503	0.953289097607206	0.00110759639910046	131.802510615633	0.896402150311183	0.992777451250118
YIPF4	betareg	33	19	-0.00320818363249027	0.055750262323357	0.954110563616482	0.954206220852965	0.000254652228236903	711.262170510339	0.896402150311183	0.992777451250118
RRP15	betareg	33	19	0.00664001106014408	0.11549074096038	0.954151779317705	0.954326378284369	0.00128181392624296	139.598889707056	0.896402150311183	0.992777451250118
RAI14	betareg	33	19	-0.00478275151412523	0.0833084638524458	0.954218476774797	0.95403329904759	-0.00157569323515781	303.163265522942	0.896402150311183	0.992777451250118
TRPM3	betareg	33	19	-0.00953129332869719	0.167243611355881	0.954552780388264	0.95458317973703	0.000789811788458493	128.668951709383	0.896497966166937	0.992883568600497
CTU1	betareg	33	19	0.00991189288538531	0.177485983355242	0.955464441555548	0.959152049272598	0.00282599736045312	196.836693420917	0.896580079886369	0.992974510650404
KDELR2	betareg	33	19	0.00304349070124897	0.0545494323629984	0.955506503759643	0.955743901293582	-0.00049572315397659	2384.60935638274	0.896580079886369	0.992974510650404
AQR	betareg	33	19	-0.00412080085310512	0.0738628425852367	0.955509178332676	0.9554971321967	0.000407066492331986	365.027304580967	0.896580079886369	0.992974510650404
RANBP3	betareg	33	19	-0.00595791161534465	0.106937137976925	0.955569527914158	0.95568878993809	0.00188547076020017	124.937010198513	0.896580079886369	0.992974510650404
ACVR2B	betareg	33	19	0.00825746761429587	0.149311462665551	0.955896561051078	0.954240425344862	-0.00809446624260802	797.017781327759	0.896668916045798	0.993072897893123
NEK7	betareg	33	19	-0.0059895227011085	0.11066404307042	0.956836788356478	0.955400023747378	-0.00221765812219167	554.159214333229	0.897127487199529	0.993580771620401
ZEB1	betareg	33	19	-0.00561720493526869	0.103817683873133	0.956850364059328	0.95671671437241	-0.00135719280578718	390.272987290256	0.897127487199529	0.993580771620401
CREB1	betareg	33	19	0.0060414655950277	0.112794331442177	0.957284304887727	0.957109092944766	0.000318475607453941	533.298895816748	0.89715517995248	0.993611441717168
LRIG2	betareg	33	19	0.00570944005289403	0.106746868926421	0.957344856572601	0.956871519670086	-0.00221603817209716	335.281112330168	0.89715517995248	0.993611441717168
KCTD2	betareg	33	19	-0.00335435126273767	0.063497133168645	0.957869896599979	0.957859850711538	0.000194081509207947	971.85528260978	0.897175665151434	0.993634129350837
CCNL2	betareg	33	19	-0.00469121888482052	0.0895126488854352	0.958203243903941	0.958743531398989	-0.000280428814051607	1763.93379339849	0.897175665151434	0.993634129350837
UNC80	betareg	33	19	-0.00613335715159492	0.118412816000291	0.958690926987446	0.959118982718329	-0.00313314409712098	215.502632312604	0.897175665151434	0.993634129350837
ZNF655	betareg	33	19	0.00505623528729334	0.0980860079765349	0.958888060116014	0.959007898766471	0.00194979403624846	661.169988212151	0.897175665151434	0.993634129350837
OGT	betareg	33	19	-0.00335075748714098	0.0651661995160865	0.958991930207922	0.958945137480926	-6.17273874935796e-05	735.20201893742	0.897175665151434	0.993634129350837
EIF4E3	betareg	33	19	0.00336628336323488	0.0658611591261539	0.959236421505332	0.95938065477021	0.00168410857250204	1331.91712450976	0.897175665151434	0.993634129350837
ICA1	betareg	33	19	0.00323427513363945	0.0634486808406731	0.959345710164593	0.959351445819491	-0.000571095438713651	227.686471034177	0.897175665151434	0.993634129350837
PLAGL2	betareg	33	19	0.00653004741204332	0.129859432811021	0.959894872931429	0.959820372287043	-0.0108049137238691	155.344350893596	0.897175665151434	0.993634129350837
HINFP	betareg	33	19	0.00535582043711088	0.107115186890603	0.960121933822501	0.960040732863345	0.00238357934820372	365.243654161608	0.897175665151434	0.993634129350837
TP53RK	betareg	33	19	-0.00471060017078447	0.0947320035674495	0.960341102492736	0.960183424447632	0.00323150452241591	592.828275914903	0.897175665151434	0.993634129350837
REEP3	betareg	33	19	-0.00980443501022466	0.197207848644479	0.9603485056128	0.960221533520635	-0.00340785696172313	91.0473830213465	0.897175665151434	0.993634129350837
SHC4	betareg	33	19	-0.00554425469627911	0.111695005241335	0.960411306482056	0.960113461071752	0.003075118984746	352.319031791976	0.897175665151434	0.993634129350837
PTGIS	betareg	33	19	0.00762116855464063	0.154639259992509	0.960693345003669	0.960905720870322	-0.00140644379093355	67.2873417406825	0.897175665151434	0.993634129350837
PHOX2B	betareg	33	19	-0.00577536816602107	0.117307684130078	0.96073389179478	0.960823470594068	0.00118391923184995	619.533026758117	0.897175665151434	0.993634129350837
RBM17	betareg	33	19	-0.00379847976232434	0.0773905228275175	0.960853967385823	0.960689764237239	0.00141550797870501	341.904378646194	0.897175665151434	0.993634129350837
PLPBP	betareg	33	19	0.00383129514594592	0.0787969662162618	0.961220243379637	0.961944546580387	0.000252271411917476	614.235455797148	0.897276622322797	0.993745940777478
GAB2	betareg	33	19	-0.00398570749914834	0.0824126777305739	0.961427109292202	0.961217122292198	-0.00109183006557565	685.515233097171	0.897276622322797	0.993745940777478
B3GNT4	betareg	33	19	-0.00142557585414703	0.0306397081829922	0.962890158529465	0.962932946231164	0.000314661446082819	2037.93611148861	0.897749761121705	0.994269948367938
PSD3	betareg	33	19	0.00455172848661747	0.0978903489365442	0.962913140526904	0.96293226040708	7.56195657465604e-05	1039.99175821683	0.897749761121705	0.994269948367938
NAP1L1	betareg	33	19	-0.00475380346535708	0.102798164089753	0.96311573299046	0.962508585611428	0.000561105425645291	1049.70091332101	0.897749761121705	0.994269948367938
CBFB	betareg	33	19	-0.00343819573691271	0.0746528427068821	0.963265782095211	0.962385593029045	0.000579780777441098	2517.7825692235	0.897749761121705	0.994269948367938
PLXNA4	betareg	33	19	-0.00333265946554794	0.0724816779225994	0.963326719503499	0.963376099556125	0.000474242190572404	2273.79444595791	0.897749761121705	0.994269948367938
NLGN3	betareg	33	19	-0.00208896755389352	0.045436650437612	0.963329868084144	0.963469418277343	0.00031195312029699	1279.47719291246	0.897749761121705	0.994269948367938
ATP11C	betareg	33	19	-0.00547852827990222	0.12078615385485	0.963822552133497	0.964645420307156	0.00221534154512375	350.257435327768	0.897967343433963	0.994510923708444
STOX2	betareg	33	19	0.00265652075128799	0.0594074652306271	0.964332921738424	0.964403929337752	-0.000431926253636459	613.151085144112	0.897967343433963	0.994510923708444
ADAM12	betareg	33	19	-0.00758081132056374	0.170452097268811	0.964525993098553	0.964272316477657	-0.00155039536402123	174.134330159674	0.897967343433963	0.994510923708444
DCAF16	betareg	33	19	-0.00601224464634234	0.135373783968429	0.964575854256615	0.965026466082761	0.00429658504458875	362.736943111266	0.897967343433963	0.994510923708444
NPLOC4	betareg	33	19	0.00230148786851006	0.0521290157455049	0.964784962406195	0.964678414343859	-0.00131162440493093	1462.27623274097	0.897967343433963	0.994510923708444
TRUB1	betareg	33	19	-0.00366603651932263	0.0834500463534252	0.964959476045605	0.964450094153716	-0.000352190081672218	730.787933121827	0.897967343433963	0.994510923708444
FUT9	betareg	33	19	0.00623521110518208	0.146266258060671	0.965997131830906	0.965827048550837	0.000362883063994755	299.145574850898	0.89871624536616	0.995340342682086
DNAJC24	betareg	33	19	0.00528865565213837	0.126957217354241	0.966772140441167	0.966159738886709	-0.0034489570474009	342.981062558598	0.899101783087333	0.995767330899433
SCYL3	betareg	33	19	-0.00420436998080401	0.103260681755943	0.967522243771341	0.967381906372437	-0.00183781031944612	143.533536461676	0.899101783087333	0.995767330899433
TOR1A	betareg	33	19	0.00179248706695614	0.0441221537912358	0.967594409556161	0.96754919569554	-0.000113475161797595	677.836464666644	0.899101783087333	0.995767330899433
MGAT4C	betareg	33	19	-0.00295763806996301	0.0728697145736427	0.967624327968643	0.967395769001058	0.000621353335346064	864.289998254583	0.899101783087333	0.995767330899433
CLMP	betareg	32	19	-0.00488352286209123	0.120710619255905	0.967729228245485	0.967865617501406	0.00182333239114776	151.610518563487	0.899101783087333	0.995767330899433
STEEP1	betareg	33	19	0.00297052094562727	0.0740986908500971	0.968022402501844	0.968144994085059	-0.000325211604506481	200.011093061072	0.899101783087333	0.995767330899433
WNT4	betareg	33	19	-0.00454520862345757	0.113888822064497	0.96816553848798	0.96827124391368	0.00263555583154788	360.942795637047	0.899101783087333	0.995767330899433
CGGBP1	betareg	33	19	0.00373708057312376	0.0942971529520803	0.968387396084436	0.968128072866914	-0.00183571197017498	1896.60316684701	0.899101783087333	0.995767330899433
LRP12	betareg	33	19	0.00387977803412469	0.0982740978515245	0.968508374952958	0.969282073655568	-0.000960853748347934	515.255044330582	0.899101783087333	0.995767330899433
DNASE1L1	betareg	33	19	0.00230262507182773	0.060890716195491	0.969834626334357	0.969927203933335	8.93170724092353e-05	234.309423894389	0.899465462885108	0.996170111172306
PRKAA2	betareg	33	19	-0.00389845568334517	0.103288381419775	0.969892264808941	0.969025849682992	-0.00120017565582505	476.81693197818	0.899465462885108	0.996170111172306
SYT7	betareg	33	19	-0.00287085526463912	0.0762854620393121	0.969980249617381	0.970250562472077	0.000450229469789641	1284.60878587352	0.899465462885108	0.996170111172306
SIN3A	betareg	33	19	0.00429460290281789	0.11446452958804	0.970071133764008	0.969717953578991	0.0013113313859006	220.93423851235	0.899465462885108	0.996170111172306
TYW3	betareg	33	19	-0.00578896571044708	0.15667450682395	0.970525673316687	0.970019861359251	-0.00304377986809131	62.414006916933	0.899465462885108	0.996170111172306
SCFD2	betareg	33	19	-0.00531065731415397	0.145025254465371	0.970788917470918	0.971382627272016	0.00460581297326159	174.714018846661	0.899465462885108	0.996170111172306
FRMPD4	betareg	33	19	-0.00424745932816931	0.116105167741344	0.970817608531432	0.970990620818469	0.0033461106088742	518.757452339902	0.899465462885108	0.996170111172306
TSC22D1	betareg	33	19	-0.00535930751588234	0.148971203642272	0.97130192669881	0.972415625891917	8.6179298564096e-06	7919.09951709557	0.899465462885108	0.996170111172306
MCUR1	betareg	33	19	0.00328261600956102	0.0936969250335821	0.972052306560733	0.972193457658216	-0.00238827470189207	469.488536512586	0.899465462885108	0.996170111172306
WDR31	betareg	33	19	0.0064133866516784	0.183431515168579	0.97210893769703	0.972180438271613	0.00653312856352742	89.2767803384634	0.899465462885108	0.996170111172306
HS6ST2	betareg	33	19	-0.00301142889467456	0.0862320256743973	0.972141622575699	0.972338098768121	-0.00255081013095507	692.879378205004	0.899465462885108	0.996170111172306
LPGAT1	betareg	33	19	0.00258805772796947	0.0750634622789929	0.972495776357218	0.972340965270211	-0.00202296653158494	1902.48613169845	0.899465462885108	0.996170111172306
API5	betareg	33	19	-0.00219612498678962	0.064090793050462	0.972665163019371	0.972691712191721	0.000187129939909793	518.446280830541	0.899465462885108	0.996170111172306
AP3M2	betareg	33	19	-0.00186849067355234	0.0551941718368562	0.972994337947827	0.972989189534938	6.80026847113154e-05	642.262525819551	0.899465462885108	0.996170111172306
LDLRAD4	betareg	33	19	0.00241352602912206	0.0714688159404216	0.97306028976011	0.972888556900695	-0.000511013795548516	355.560720560052	0.899465462885108	0.996170111172306
ZNF280D	betareg	33	19	-0.00351829127118252	0.104394156573244	0.973114788645334	0.973017611132889	-9.57728070022797e-05	63.8176645546162	0.899465462885108	0.996170111172306
TENM1	betareg	33	19	-0.00306490517550005	0.0910776769772092	0.973155013036462	0.973088820991342	0.000299968399728384	507.016317452162	0.899465462885108	0.996170111172306
ZNF440	betareg	32	19	-0.00560653625204754	0.167932540825049	0.973367056627275	0.973447622797355	3.4007891946019e-05	125.84991142113	0.899465462885108	0.996170111172306
ZNF324	betareg	33	19	-0.00324051596478169	0.0973048646767222	0.973433190439944	0.973262471124024	0.0013429454894203	966.479033821496	0.899465462885108	0.996170111172306
MYH10	betareg	33	19	-0.00151285032198851	0.0456712434174324	0.973575074474319	0.973486298658268	0.000265228460098122	1156.60442888884	0.899465462885108	0.996170111172306
PLCB4	betareg	33	19	0.00340668088845489	0.103706258018807	0.973794741337832	0.973830361930072	-0.00121561395832537	169.81173172335	0.899465462885108	0.996170111172306
ILRUN	betareg	33	19	-0.00270409728931958	0.0835221934309263	0.974172366334229	0.974157825933214	0.000243818798169203	510.533082131004	0.899598945867575	0.996317945372695
IGF1R	betareg	33	19	0.00281490101681225	0.0894849951378124	0.974905337959344	0.975429384382191	0.00123157783726886	703.000324575845	0.900060431131567	0.996829046516324
FAM104A	betareg	33	19	-0.00152883904586095	0.0490658324785277	0.975142789757309	0.975181397912269	0.000266163905542567	719.363183856706	0.900064327014137	0.996833361258728
NPTX1	betareg	33	19	0.00248345521531102	0.0809757816127993	0.975533425609966	0.975452012807417	-0.0014351381597227	989.948044076659	0.900209577290026	0.996994227895025
MCM4	betareg	33	19	-0.00225617015966453	0.0772503154734022	0.976700322336817	0.97665503909037	-0.00013316937969056	239.391076364282	0.901070910326187	0.99794816583016
MIGA1	betareg	33	19	0.00267889885508939	0.0941334876229518	0.977296458362112	0.977146080392182	-1.71806507238067e-05	467.939993396156	0.901158914883998	0.998045632062889
ACOX1	betareg	33	19	-0.00245251808860932	0.088356424808585	0.977855882282311	0.977758641213786	-0.000743638792355975	237.62592596616	0.901158914883998	0.998045632062889
ZNF510	betareg	33	19	0.00202812713134718	0.0743053042253025	0.978224832810632	0.978245278125096	-0.000155799854637289	230.701541079732	0.901158914883998	0.998045632062889
LRRC7	betareg	33	19	0.00225812099279209	0.0851883687053171	0.978852642299392	0.978750921289187	0.000717452100784573	568.087102758736	0.901158914883998	0.998045632062889
CDH11	betareg	33	19	-0.00336745503434937	0.12715189490524	0.978871519530502	0.979169397411219	0.000840636400918379	212.029461914451	0.901158914883998	0.998045632062889
C21orf62	betareg	33	19	-0.00331641682819438	0.126547388970655	0.979092299384774	0.979342589538949	-0.00206962427312886	162.58264839506	0.901158914883998	0.998045632062889
DLD	betareg	33	19	-0.00263614839135057	0.102242922305615	0.979430272174277	0.979097495407581	0.000986870525282271	972.751789153441	0.901158914883998	0.998045632062889
UQCC2	betareg	33	19	-0.00259900467553494	0.100848611901645	0.979439715216571	0.979480012847009	0.000900931637205171	675.762263199311	0.901158914883998	0.998045632062889
DPF1	betareg	33	19	-0.00273747853425191	0.10637302431407	0.979468941428297	0.979952456051194	0.000963660589179026	200.909091009815	0.901158914883998	0.998045632062889
MXD1	betareg	33	19	-0.00201356985833471	0.078502725142938	0.979536759372437	0.97950135540816	-2.17990744764145e-05	258.263353024794	0.901158914883998	0.998045632062889
DLAT	betareg	33	19	0.00221270230763557	0.0863875764874464	0.97956548781454	0.979381854400208	-0.00290778924159221	681.419317737147	0.901158914883998	0.998045632062889
SNX13	betareg	33	19	-0.00191476038887209	0.0776334036071116	0.980322866176436	0.980292459540293	0.00062150379919943	228.879433016672	0.901158914883998	0.998045632062889
RANBP6	betareg	33	19	-0.00219487960953009	0.0891955492811071	0.980368035809511	0.980470604601155	0.00156366483119973	2275.36092397368	0.901158914883998	0.998045632062889
ARIH2	betareg	33	19	0.00174429151230754	0.0709645685329233	0.980390169792751	0.980335518981725	-8.68315593274166e-05	590.973086483374	0.901158914883998	0.998045632062889
CSTF1	betareg	33	19	0.0031726573498786	0.129936379522607	0.98051998359567	0.98052557385633	0.00514536363702325	240.187416571322	0.901158914883998	0.998045632062889
SCN8A	betareg	33	19	0.00274653579122543	0.112553773063806	0.980531962805819	0.98043102687903	0.000304631949411629	764.123562198738	0.901158914883998	0.998045632062889
WDFY3	betareg	33	19	-0.0014224123852525	0.0612307305084906	0.981466515204811	0.981396604540494	-6.43785388705472e-05	450.736241634844	0.901270727857043	0.998169466436064
SMCR8	betareg	33	19	-0.00326351511688441	0.1418823017581	0.981649023856482	0.981539254528665	-0.000871975983910888	137.23897702927	0.901270727857043	0.998169466436064
EARS2	betareg	33	19	0.00308903001083513	0.134364878921029	0.981658359843838	0.981600692110381	0.00506916482146555	534.068461920822	0.901270727857043	0.998169466436064
GRIK2	betareg	33	19	0.00162591868371898	0.0709401515491768	0.981714419610134	0.981542422727897	0.000515700158320369	190.115544223058	0.901270727857043	0.998169466436064
CSGALNACT2	betareg	33	19	0.00275077906345749	0.124525598981234	0.982376108400602	0.982902447098942	-0.00210742021979551	464.965634290527	0.901270727857043	0.998169466436064
IBA57	betareg	33	19	-0.00287588139904431	0.130790141374465	0.982457114504235	0.982481001813103	0.00180547516720307	117.353652001127	0.901270727857043	0.998169466436064
TMEM170B	betareg	33	19	-0.0015464765970339	0.0731103461136074	0.983123896183824	0.982897213446239	-0.000213743654207628	871.521677192762	0.901270727857043	0.998169466436064
USP14	betareg	33	19	-0.00169784509099269	0.0814358507664496	0.983366217248227	0.983507333500776	-0.000546096934876335	1579.28033808219	0.901270727857043	0.998169466436064
CDKN2AIPNL	betareg	33	19	-0.00119686385474168	0.057424126127829	0.983371274075975	0.983370413990207	0.000421077960511664	856.30871870665	0.901270727857043	0.998169466436064
IDH3A	betareg	33	19	-0.00236398446535008	0.113786686856623	0.983424677523423	0.983309989214157	0.000413785574742344	1818.85163576292	0.901270727857043	0.998169466436064
TMEM200A	betareg	33	19	-0.00135003884173585	0.065221609656867	0.983485561948311	0.983890600305434	0.000191895241451618	513.450890908677	0.901270727857043	0.998169466436064
CHURC1	betareg	33	19	0.00179609727503561	0.0872819245233845	0.983582200345406	0.983685886341414	0.000574761841293015	1140.94798049946	0.901270727857043	0.998169466436064
TMEM229B	betareg	33	19	-0.0012734401881321	0.0636092371869042	0.984027628010443	0.983980038345299	-0.00062307399039072	1727.0376401711	0.901270727857043	0.998169466436064
KBTBD11	betareg	33	19	0.00134166351838172	0.0680707118241134	0.984274833155715	0.984351757933011	-5.37456007171658e-05	1345.01794818949	0.901270727857043	0.998169466436064
RCOR3	betareg	33	19	0.00142768137648008	0.0731708453627745	0.984432971240814	0.984273832911396	-0.00171182604582728	541.621246037533	0.901270727857043	0.998169466436064
GPATCH2	betareg	33	19	-0.00244571247039244	0.128992903057181	0.98487297157826	0.984924657997742	-0.00257763168111367	162.56728059166	0.901270727857043	0.998169466436064
TTC17	betareg	33	19	0.00165178007267858	0.0871404747183525	0.984876707374244	0.984836914383889	-0.000674172829526532	192.139606464492	0.901270727857043	0.998169466436064
GATAD1	betareg	33	19	0.00163902003236857	0.0979699718906047	0.986652157264354	0.986664130464746	-0.000654060491181338	169.843893091628	0.901270727857043	0.998169466436064
ARPIN	betareg	33	19	0.00169290550725922	0.101225924809656	0.986656775853563	0.986695279633984	0.000108552404562603	131.100978785087	0.901270727857043	0.998169466436064
MED28	betareg	33	19	0.00119534286373458	0.072051823159389	0.98676366778799	0.986831979767775	-0.000466020359479816	1073.94025089015	0.901270727857043	0.998169466436064
NHEJ1	betareg	33	19	-0.00126098286115556	0.0786147813227924	0.987202462458994	0.987203851818241	-6.23906962457719e-05	222.354486374253	0.901270727857043	0.998169466436064
ZNF473	betareg	33	19	-0.00135682091317091	0.0873362947806944	0.987604890786551	0.987579746831707	0.0018251289209798	473.171756743003	0.901270727857043	0.998169466436064
PACSIN2	betareg	33	19	0.000940764499282342	0.061295770939279	0.987754587477754	0.987785954353255	-0.000285224164126582	443.186911924224	0.901270727857043	0.998169466436064
PEX3	betareg	33	18	-0.00243209055984713	0.158875061047162	0.98778630385892	0.987884107762171	0.000427410410827406	85.9853406111777	0.901270727857043	0.998169466436064
FRAS1	betareg	33	19	-0.0025513592786185	0.168848379677056	0.9879441382959	0.987540890143884	0.00186665996621392	162.79802594033	0.901270727857043	0.998169466436064
CAPZA2	betareg	33	19	0.002693393125415	0.197234006093359	0.989104566482363	0.988989809853922	0.000799575331508941	3122.42496089296	0.901270727857043	0.998169466436064
TRAPPC8	betareg	28	14	-0.00362466933452331	0.268504955879709	0.989229324078754	0.989186505721607	0.00379847478355091	240.708862949782	0.901270727857043	0.998169466436064
WAPL	betareg	33	19	0.00149140276998195	0.112912831391797	0.989461493175996	0.989395865628727	-0.00262714387369664	84.9821733148768	0.901270727857043	0.998169466436064
EEA1	betareg	33	19	-0.00142379971350301	0.112967335419178	0.989944015861652	0.989909071067606	0.00115373460402595	142.644209338225	0.901270727857043	0.998169466436064
PYGO1	betareg	33	19	0.00159424067482988	0.135889687432145	0.990639533684897	0.990545113461724	-0.00596119750578534	325.24873701027	0.901270727857043	0.998169466436064
PRELID3B	betareg	33	19	0.000938319119026347	0.0812992952978398	0.99079138737437	0.990851992523637	0.000932310715656885	404.18585277026	0.901270727857043	0.998169466436064
TBL3	betareg	33	19	0.00152394381249326	0.136948501368695	0.991121435187786	0.991161701170861	0.00396911555356612	158.352031688548	0.901270727857043	0.998169466436064
KRAS	betareg	33	19	-0.000956422199111207	0.0869933740567075	0.991228077522072	0.991226086157444	-0.00174453496724104	982.80756686972	0.901270727857043	0.998169466436064
ZC2HC1A	betareg	33	19	-0.00138916166781722	0.126890461971639	0.991265155081046	0.991398830829662	0.00364382180727044	817.385242607148	0.901270727857043	0.998169466436064
ASXL3	betareg	33	19	-0.00102658437700348	0.0956942038033513	0.991440650723096	0.991553228283264	0.000455054102728707	1009.19360497286	0.901270727857043	0.998169466436064
SMIM14	betareg	33	19	-0.000895792752547898	0.0839325570598435	0.991484524442939	0.991500275961912	0.00211590876992397	1559.63028781818	0.901270727857043	0.998169466436064
CNP	betareg	33	19	-0.000648624027943399	0.0671974444512797	0.992298530612521	0.992427410400975	0.00119987930276065	2613.61758114974	0.901270727857043	0.998169466436064
UCHL5	betareg	33	19	-0.000932412194294065	0.0979552694279213	0.99240524717002	0.992441949935429	0.00099708442819572	608.177622741653	0.901270727857043	0.998169466436064
TCERG1	betareg	33	19	0.000853330462786363	0.0904292530664195	0.992470919819802	0.99245566740235	-0.000553667110328684	327.87284706842	0.901270727857043	0.998169466436064
ARL3	betareg	33	19	-0.00091408129179811	0.0984355041799878	0.992590875879975	0.992547988266471	0.00284627628661875	1180.1334239481	0.901270727857043	0.998169466436064
ZNF347	betareg	33	19	0.00125353539375238	0.137929775246925	0.992748753725552	0.992859803905262	0.00490919957736209	209.823992753704	0.901270727857043	0.998169466436064
POLK	betareg	33	19	0.0011064027634005	0.122822673916968	0.992812648382885	0.992495454494507	0.00230470641260551	160.297328808923	0.901270727857043	0.998169466436064
DENND4A	betareg	33	19	0.00120615819902216	0.134023796846353	0.992819469103014	0.992853844136222	0.00181257078236065	105.162844614826	0.901270727857043	0.998169466436064
ZNF302	betareg	33	19	0.00083747170773882	0.0987943332042744	0.99323647701793	0.993236334743427	-0.00388785439137084	720.290451106569	0.901270727857043	0.998169466436064
RPAP2	betareg	33	19	-0.00112380826710411	0.132867068726986	0.993251461155692	0.993282818707277	0.00191263309311144	831.27885378743	0.901270727857043	0.998169466436064
NPAS3	betareg	33	19	-0.000830034456620159	0.102213803015247	0.993520792890629	0.993571580620733	-0.00056533477606869	137.072425931965	0.901270727857043	0.998169466436064
ERO1A	betareg	33	19	-0.00111829942223347	0.137927387505522	0.993530914464719	0.993864268749929	-0.0021257794321292	865.643060257445	0.901270727857043	0.998169466436064
PDK1	betareg	33	19	0.00065929175563994	0.0820191978474396	0.993586464366024	0.993582506275601	-0.000427910213029191	229.790913125843	0.901270727857043	0.998169466436064
GNA13	betareg	33	19	-0.000538942812155229	0.0673556651186766	0.993615836770623	0.993664814833767	0.000437754439175166	622.97985544228	0.901270727857043	0.998169466436064
METAP2	betareg	33	19	0.000782744352899179	0.100576090406805	0.993790439386321	0.993832353075846	-0.00024780607992929	490.570444447867	0.901270727857043	0.998169466436064
BLOC1S2	betareg	33	19	0.0010473502235458	0.137370572682792	0.993916772269733	0.993714769402412	-0.00114828710349769	1942.60597676455	0.901270727857043	0.998169466436064
ZNF280B	betareg	33	19	-0.00131951964941289	0.175187033318027	0.993990340601765	0.99392114992138	-0.00292570522840964	478.886359316021	0.901270727857043	0.998169466436064
ZNF880	betareg	32	19	0.00130361559667586	0.174744398655085	0.994047734187552	0.993995304816285	0.00420393436177494	266.678978714238	0.901270727857043	0.998169466436064
OTUB2	betareg	33	19	0.000482506805366076	0.065035696525254	0.994080463202726	0.994100402941884	-0.00100235888293036	471.286714750764	0.901270727857043	0.998169466436064
MICALL1	betareg	33	19	0.000558466683965325	0.0827329494200262	0.994614134222724	0.994520785131959	0.000442992580191141	381.687036414317	0.901270727857043	0.998169466436064
SLC6A17	betareg	33	19	0.000765845845487682	0.113582630683557	0.994620199036262	0.994622856345641	-0.00105440833884187	509.02357077439	0.901270727857043	0.998169466436064
WNK1	betareg	33	19	-0.000481486225831123	0.0755928279113033	0.994917932840734	0.994917446991884	0.000162650461610141	343.148143713503	0.901270727857043	0.998169466436064
VPS33A	betareg	33	19	-0.000419884851796644	0.0719353468940157	0.995342793874367	0.995307924153723	0.000360749610743877	752.847928992293	0.901270727857043	0.998169466436064
LANCL3	betareg	33	19	0.000741972699684581	0.128144902291644	0.99538018880842	0.995263753549651	-0.00143275579239981	454.220645087907	0.901270727857043	0.998169466436064
PPP4R2	betareg	33	19	0.000566620635155405	0.0997418365091515	0.995467344087994	0.99535792247457	-0.00371261767366946	331.888445655464	0.901270727857043	0.998169466436064
ZFP69B	betareg	33	19	0.000603383654480474	0.108403860431282	0.99555894029633	0.995547392038531	-0.00172632358370059	135.815787996141	0.901270727857043	0.998169466436064
CAMK2D	betareg	33	19	-0.000502568531730924	0.0935393970402252	0.995713145950551	0.995663869910184	-0.00136816759221401	1181.78343318747	0.901270727857043	0.998169466436064
DDX17	betareg	33	19	0.000631001946354037	0.121676620829795	0.995862274521223	0.995883267112775	-0.00231144338106936	1394.71508594144	0.901270727857043	0.998169466436064
RNF130	betareg	33	19	-0.000512180947989922	0.116900426715042	0.996504204691373	0.996530183484956	0.000891332587403107	1268.01349099499	0.901270727857043	0.998169466436064
PSMG1	betareg	33	19	-0.000512951693622457	0.1182240411732	0.996538141070139	0.996567308882594	-0.000620779954541755	196.947183411977	0.901270727857043	0.998169466436064
ZNF611	betareg	33	19	0.000329973325055586	0.0769900994978628	0.996580341924222	0.996512339160189	-0.000813494385694867	485.79479061069	0.901270727857043	0.998169466436064
SUMO2	betareg	33	19	-0.000515159004642407	0.120424235554897	0.99658676544138	0.996561612750412	0.000142708591062288	2222.51272910919	0.901270727857043	0.998169466436064
FLRT3	betareg	33	19	0.000477297255006306	0.113797955330902	0.996653481224625	0.99680305271626	0.00160670920850891	587.059385378696	0.901270727857043	0.998169466436064
PCCB	betareg	33	19	-0.000523845558638169	0.129329481409686	0.996768199052205	0.996738068295186	-0.00189848502162614	153.211106702947	0.901270727857043	0.998169466436064
ATG13	betareg	33	19	-0.000216389582499735	0.060991416603505	0.997169215696231	0.997169326465779	5.02604606548577e-05	670.808951586196	0.901369397824318	0.998278744753382
GTPBP10	betareg	33	19	-0.000358338543795971	0.107666508002993	0.997344464224834	0.997365841919629	0.000181534709409171	124.674958637891	0.901369397824318	0.998278744753382
GNA11	betareg	33	19	0.000302528739382306	0.11284425787412	0.997860921541374	0.997855904350126	-0.000419901480620239	710.359933111787	0.901625002741703	0.998561830641028
SPAG9	betareg	33	19	-0.00017474481510018	0.0844225187154919	0.998348472746251	0.998349747613537	-0.000686661817369814	1109.60217954628	0.901854375765519	0.998815864353341
NHSL2	betareg	33	19	0.000239293027691292	0.176216840306507	0.998916515848931	0.998924854169972	-0.00559584974725986	142.141832731593	0.902122917662487	0.999113278120068
RORA	betareg	33	19	-0.000189560524154059	0.170569135429537	0.999113278120068	0.99910919786042	-0.0117016597823086	181.192673588355	0.902122917662487	0.999113278120068
