ID	method	n_ref	n_comp	beta	se	p_wald	p_lrt	delta	mean_expr	qvalue	padj_BH
ITM2B	quasibinomial	33	6	0.828046672245944	0.169917968355044	2.35156746511436e-05	NA	-0.839188202652699	3309.93770713011	0.0696726184286343	0.0696726184286343
ORAI2	quasibinomial	33	6	0.443520669417433	0.0930843170898155	3.2587754176162e-05	NA	-0.484648756195587	4668.01833059074	0.0696726184286343	0.0696726184286343
EIF2A	quasibinomial	33	6	1.40509391025852	0.362122416897662	0.000440917897931248	NA	-1.2900439154167	219.041762753087	0.628454977184672	0.628454977184672
UBA6	quasibinomial	33	6	0.540896746371496	0.143695868985846	0.000613970596493485	NA	-0.59266626848826	456.140663441344	0.656334567651536	0.656334567651536
RECQL	quasibinomial	33	6	-0.405215595874609	0.116489702394288	0.00136766452127012	NA	0.413242668607757	168.02649934306	0.679932213650703	0.679932213650703
WNT5B	quasibinomial	33	6	0.230235421013654	0.0675007135064578	0.00164802675443303	NA	-0.219394290777536	230.801994283045	0.679932213650703	0.679932213650703
EIF1	quasibinomial	33	6	0.217119561528299	0.0642937213739391	0.00180821742903061	NA	-0.218110196363279	9341.16113114061	0.679932213650703	0.679932213650703
PTPMT1	quasibinomial	33	6	0.376654451189359	0.112288021099912	0.00192349659760788	NA	-0.356554083781178	966.816717560974	0.679932213650703	0.679932213650703
ST8SIA5	quasibinomial	33	6	-0.688385574621022	0.205642320344449	0.00195985705308358	NA	0.650465107244559	129.762399647051	0.679932213650703	0.679932213650703
SAP30L	quasibinomial	33	6	-0.485440437682013	0.145037685515995	0.00196250005444049	NA	0.51116624078533	325.685916367136	0.679932213650703	0.679932213650703
HDAC5	quasibinomial	33	6	0.270503177823785	0.0826903804856541	0.0024099153496256	NA	-0.249859012859159	758.644487164611	0.679932213650703	0.679932213650703
TAP2	quasibinomial	33	6	-0.961981620420441	0.294266708220827	0.00242424931238037	NA	0.977151070641726	102.337832489534	0.679932213650703	0.679932213650703
NUTF2	quasibinomial	33	6	0.311602947131884	0.0956180969436508	0.00249223083479511	NA	-0.309754894012486	3393.65241043813	0.679932213650703	0.679932213650703
B3GNT4	quasibinomial	33	6	0.134332534070443	0.0417937855799845	0.00281009356855145	NA	-0.128297586253115	2134.51498351022	0.679932213650703	0.679932213650703
GGCX	quasibinomial	33	6	0.498593014411778	0.156559998902196	0.00304086285122358	NA	-0.416273557599937	1069.17904774186	0.679932213650703	0.679932213650703
C12orf73	quasibinomial	33	6	0.54076840751682	0.170057945281713	0.00307983427940756	NA	-0.617408965845469	708.75590378036	0.679932213650703	0.679932213650703
MLLT1	quasibinomial	33	6	0.273724276246461	0.0860802129528541	0.00308009913475971	NA	-0.249161146634476	482.06596976954	0.679932213650703	0.679932213650703
QSOX1	quasibinomial	33	6	-0.526422933060468	0.165626746077365	0.00309249741229268	NA	0.452024832504898	342.599438312015	0.679932213650703	0.679932213650703
ZNF582	quasibinomial	33	6	0.629603296408985	0.198486350202693	0.00314528483813778	NA	-0.682624292558283	73.0701472994204	0.679932213650703	0.679932213650703
MLX	quasibinomial	33	6	0.20097333442911	0.0634409933213205	0.00318022550818851	NA	-0.191652707807259	501.167540269386	0.679932213650703	0.679932213650703
TPT1	quasibinomial	33	6	0.470333599445486	0.15114119319668	0.00368989380332492	NA	-0.487367643920076	2323.78241220598	0.751332662048446	0.751332662048446
PALS1	quasibinomial	33	6	-0.428863090055058	0.139166639444403	0.00399632926928332	NA	0.403361037980713	154.564299226641	0.751772051665038	0.751772051665038
BRD4	quasibinomial	33	6	0.422824882306008	0.137406714868189	0.00404367567546676	NA	-0.400887963968882	170.815976719126	0.751772051665038	0.751772051665038
SYP	quasibinomial	33	6	0.444815877114702	0.145321988872825	0.00422047622933355	NA	-0.492800538685948	3970.65756966624	0.75194818152626	0.75194818152626
DBNL	quasibinomial	33	6	-0.349049500645454	0.119212953821709	0.00596351373963348	NA	0.324149422749323	1359.65455520567	0.996388667113188	0.996388667113188
COPZ1	quasibinomial	33	6	0.10081608640763	0.0348480480752901	0.00652301064611601	NA	-0.0963374403880126	1895.59717427121	0.996388667113188	0.996388667113188
CNNM2	quasibinomial	33	6	0.396649372667831	0.14051427267639	0.00779903586220289	NA	-0.357407586563372	2111.95704292778	0.996388667113188	0.996388667113188
AATK	quasibinomial	33	6	0.370511540624872	0.131366955443342	0.00784672077339461	NA	-0.353872643866736	319.699525074098	0.996388667113188	0.996388667113188
ECPAS	quasibinomial	33	6	0.234705617583562	0.0832441280967661	0.00786552855883235	NA	-0.223007761071171	341.166425128289	0.996388667113188	0.996388667113188
SCUBE3	quasibinomial	33	6	0.436443720146686	0.155379760814456	0.00807914562427978	NA	-0.380457973607576	235.723221642938	0.996388667113188	0.996388667113188
LUC7L3	quasibinomial	33	6	0.283331288678458	0.102234425048444	0.00887888599167808	NA	-0.29659069615959	1319.78973645954	0.996388667113188	0.996388667113188
ZNF385D	quasibinomial	33	6	-0.377269947444274	0.137446782206686	0.00948899202907655	NA	0.360008081050694	524.613214234235	0.996388667113188	0.996388667113188
MRPS18C	quasibinomial	33	6	0.407538905017027	0.149496955190235	0.00994383826689531	NA	-0.43427842978995	465.763497846251	0.996388667113188	0.996388667113188
EPDR1	quasibinomial	33	6	-0.124282805657894	0.0457664207906669	0.0102064211547601	NA	0.119195067179393	727.362488255954	0.996388667113188	0.996388667113188
AK4	quasibinomial	33	6	-0.464429201850865	0.171074296849309	0.0102269498472546	NA	0.450937542928922	339.958451179329	0.996388667113188	0.996388667113188
SNX22	quasibinomial	33	6	0.9339059464442	0.3461454297107	0.0106612704677764	NA	-0.645069943801349	6266.10543104834	0.996388667113188	0.996388667113188
MGMT	quasibinomial	33	6	0.611204705334242	0.22816914294333	0.011181903635545	NA	-0.647765456761129	268.28251830728	0.996388667113188	0.996388667113188
DYNC1H1	quasibinomial	33	6	0.320266567604123	0.119746355182557	0.0112982244608505	NA	-0.344204659198364	1823.00393906824	0.996388667113188	0.996388667113188
SKI	quasibinomial	33	6	0.433817544106753	0.163176240773063	0.0117511626849685	NA	-0.431915901405483	73.4712182904632	0.996388667113188	0.996388667113188
CTC1	quasibinomial	33	6	0.495418798072893	0.186650742040725	0.0118768381973217	NA	-0.477812952375183	80.754610306842	0.996388667113188	0.996388667113188
SLC43A2	quasibinomial	33	6	-0.300571291290473	0.113394945307185	0.011982256545689	NA	0.268076831427647	483.813003512465	0.996388667113188	0.996388667113188
SUGP2	quasibinomial	33	6	-0.216685232907437	0.0821408106301625	0.0123609766661616	NA	0.212761550376289	708.811452820347	0.996388667113188	0.996388667113188
USP38	quasibinomial	33	6	-0.576348547137172	0.220933898100992	0.0132777122216918	NA	0.503715012087276	87.8519764389675	0.996388667113188	0.996388667113188
CNTN1	quasibinomial	33	6	-0.163480516125137	0.0626831671343416	0.0132986696427177	NA	0.151925715736573	4349.96360776884	0.996388667113188	0.996388667113188
SPRED1	quasibinomial	33	6	0.227863048366071	0.0877273494679747	0.0136476979541622	NA	-0.220654629709372	450.234047460335	0.996388667113188	0.996388667113188
EIF2S2	quasibinomial	33	6	0.248036262703288	0.0959123154575593	0.0140283626700627	NA	-0.247437947482039	348.417013597535	0.996388667113188	0.996388667113188
MTG1	quasibinomial	33	6	-0.559778330959647	0.21882410070327	0.0150099472115984	NA	0.56877667879188	1293.88301881066	0.996388667113188	0.996388667113188
TECPR2	quasibinomial	33	6	0.325264620611892	0.127503853122389	0.0152692023677377	NA	-0.322803622525059	252.846931328322	0.996388667113188	0.996388667113188
ASPH	quasibinomial	33	6	-0.534047330958865	0.20973742201426	0.0154449454022723	NA	0.430201002448336	188.479793338033	0.996388667113188	0.996388667113188
COA5	quasibinomial	33	6	0.188397536087939	0.074202126762159	0.0157181342174471	NA	-0.179658485638421	480.061064164663	0.996388667113188	0.996388667113188
BRD3OS	quasibinomial	33	6	0.284582822658833	0.112441747242061	0.0160246940857997	NA	-0.282930457282662	2405.97699928296	0.996388667113188	0.996388667113188
C1orf115	quasibinomial	33	6	-0.330517819668687	0.131324287360907	0.016576604051439	NA	0.299846680660618	144.530333799038	0.996388667113188	0.996388667113188
PDCD4	quasibinomial	33	6	0.228614410224794	0.0913458698209197	0.0171435597458641	NA	-0.219146402863459	395.962499318444	0.996388667113188	0.996388667113188
WDR36	quasibinomial	33	6	-0.355939960334866	0.142317777767948	0.0172137093461915	NA	0.35024720524603	227.697985039938	0.996388667113188	0.996388667113188
ATG5	quasibinomial	33	6	-0.25634208531008	0.103231219081176	0.0179606637576375	NA	0.24181468925546	417.035001234649	0.996388667113188	0.996388667113188
RASA1	quasibinomial	33	6	-0.259996554162757	0.104843642086011	0.0181034786723741	NA	0.250267467056713	242.398653209023	0.996388667113188	0.996388667113188
SURF4	quasibinomial	33	6	0.104559393749002	0.0423545007409524	0.0185900004203443	NA	-0.0999814082447918	2003.80640471375	0.996388667113188	0.996388667113188
FCHSD1	quasibinomial	33	6	-0.206094333746763	0.0835847070415554	0.0187216292931966	NA	0.205087254761427	1188.02248382328	0.996388667113188	0.996388667113188
VPS53	quasibinomial	33	6	-0.149889700644429	0.0608448718648614	0.0188203531522176	NA	0.141564286026073	688.851717357781	0.996388667113188	0.996388667113188
NSUN4	quasibinomial	33	6	-0.229922175179317	0.0938170262217151	0.0193949889765901	NA	0.222506275667514	197.264255862341	0.996388667113188	0.996388667113188
IGSF9B	quasibinomial	33	6	0.297983327188901	0.121638982107957	0.0194415442513271	NA	-0.298459338762884	590.881422986365	0.996388667113188	0.996388667113188
TRMT9B	quasibinomial	33	6	0.289562836882765	0.118438564936637	0.0196675836988213	NA	-0.283856476223726	277.93711257891	0.996388667113188	0.996388667113188
INTS3	quasibinomial	33	6	-0.446791195065215	0.183252856265423	0.0199816152225055	NA	0.359107086808602	422.060608882021	0.996388667113188	0.996388667113188
RGS16	quasibinomial	33	6	-0.338059015491987	0.13943697805222	0.0206336052217058	NA	0.308815762552516	260.013641847478	0.996388667113188	0.996388667113188
ZNF605	quasibinomial	33	6	0.402181757824129	0.166313470172004	0.0209380347659852	NA	-0.41030392491606	579.760571364668	0.996388667113188	0.996388667113188
LHX9	quasibinomial	33	6	-0.403481549680454	0.167614363223856	0.0214851350135076	NA	0.276769136253611	1029.36073297177	0.996388667113188	0.996388667113188
NSD2	quasibinomial	33	6	0.256220265061557	0.106547399883553	0.0216084743315905	NA	-0.242445634777677	187.30042210806	0.996388667113188	0.996388667113188
UQCRB	quasibinomial	33	6	0.259713355617741	0.108541566391551	0.0222224472746728	NA	-0.259152036372437	1590.27881488084	0.996388667113188	0.996388667113188
HEMK1	quasibinomial	33	6	0.537818765764193	0.226632508609079	0.0232630927732367	NA	-0.505306978638209	116.606838844992	0.996388667113188	0.996388667113188
OSGEP	quasibinomial	22	6	1.03030044382522	0.436537334177511	0.0239706317374201	NA	-1.12646998789824	112.443057795275	0.996388667113188	0.996388667113188
HNRNPA0	quasibinomial	33	6	-0.766504483965513	0.325187720806736	0.0241405537291057	NA	0.541193509483995	2402.06735615448	0.996388667113188	0.996388667113188
ALG2	quasibinomial	33	6	-0.322661923603276	0.137105958544369	0.0243501347814566	NA	0.294998031784823	632.076400702516	0.996388667113188	0.996388667113188
APBB2	quasibinomial	33	6	-0.198002678651604	0.0847133600805046	0.0252690279849563	NA	0.205604296294121	968.011840126902	0.996388667113188	0.996388667113188
RNASEH2C	quasibinomial	33	6	0.281123102381585	0.120280175459508	0.0252742519265413	NA	-0.253806735028955	1196.02088334638	0.996388667113188	0.996388667113188
RHPN1	quasibinomial	33	6	0.30894521743743	0.132304909020291	0.0253988521160968	NA	-0.294761130503395	170.17483391732	0.996388667113188	0.996388667113188
MRPS22	quasibinomial	33	6	0.147528898685487	0.0631910294483375	0.025425226730126	NA	-0.14181827435167	958.670592518558	0.996388667113188	0.996388667113188
NOL3	quasibinomial	33	6	0.255713690930961	0.10966920567486	0.0255994715724315	NA	-0.239377265769996	800.037272034617	0.996388667113188	0.996388667113188
GLCCI1	quasibinomial	33	6	-0.397978811379609	0.170685967045888	0.0256017323441379	NA	0.367584767073102	501.373424749146	0.996388667113188	0.996388667113188
SPPL2B	quasibinomial	33	6	0.237336885545482	0.101884532621384	0.0257300838079655	NA	-0.229988043413041	332.151561219628	0.996388667113188	0.996388667113188
LIMA1	quasibinomial	33	6	-0.708945604514811	0.305912199496625	0.0264483072352463	NA	0.610758731031981	100.724821267211	0.996388667113188	0.996388667113188
RBBP4	quasibinomial	33	6	0.232933437762402	0.10058329151991	0.0265488203386193	NA	-0.224403206033362	1651.51787534363	0.996388667113188	0.996388667113188
ERAP1	quasibinomial	33	6	-0.779747135118378	0.33881888131104	0.0274420083641181	NA	0.657647708088028	101.872007473309	0.996388667113188	0.996388667113188
CLHC1	quasibinomial	33	6	0.397462495555751	0.173854718211326	0.0284096403763649	NA	-0.372734200447411	66.1127359853475	0.996388667113188	0.996388667113188
DIRAS2	quasibinomial	33	6	-0.180277791564911	0.0792385446967088	0.0291324787650066	NA	0.172068627449512	903.338385614183	0.996388667113188	0.996388667113188
IGFBP5	quasibinomial	33	6	0.261601405895449	0.115249253047966	0.0294818673287497	NA	-0.24085026531573	914.252701938154	0.996388667113188	0.996388667113188
NECTIN3	quasibinomial	33	6	-0.386046639566362	0.17008822183113	0.0294945987939555	NA	0.36676590994085	137.267856011177	0.996388667113188	0.996388667113188
ESYT2	quasibinomial	33	6	0.212726490882867	0.0938026727545933	0.0296203671194562	NA	-0.197788579308428	433.273481111754	0.996388667113188	0.996388667113188
GNPDA1	quasibinomial	33	6	0.22183938427522	0.0981171589628842	0.0300832194106552	NA	-0.208606375596553	337.315022461651	0.996388667113188	0.996388667113188
KIAA0930	quasibinomial	33	6	0.222711975497026	0.0985470425782898	0.0301519494821194	NA	-0.21385850335896	1225.61389463344	0.996388667113188	0.996388667113188
CNOT7	quasibinomial	33	6	-0.181812428250081	0.0805424767149821	0.0303303554111877	NA	0.173678823900085	1127.36616711475	0.996388667113188	0.996388667113188
GPAT4	quasibinomial	33	6	0.22843683100586	0.10223202811631	0.0319349415657878	NA	-0.24489678553543	1133.47802226005	0.996388667113188	0.996388667113188
MANEA	quasibinomial	33	6	-0.454530220431429	0.203985620665267	0.0323865769146331	NA	0.42433305136559	121.75722143086	0.996388667113188	0.996388667113188
GPCPD1	quasibinomial	33	6	0.297177564619837	0.133453546271964	0.0324901946926884	NA	-0.281222120845403	182.453301175043	0.996388667113188	0.996388667113188
NFX1	quasibinomial	33	6	0.216412475978897	0.097416101829548	0.032878713433529	NA	-0.206464737350223	156.226445334012	0.996388667113188	0.996388667113188
CD55	quasibinomial	31	4	-0.901328031407911	0.406231090173045	0.0330835102515542	NA	0.651659417308551	224.144908948191	0.996388667113188	0.996388667113188
TNRC6A	quasibinomial	33	6	0.276761819307238	0.125090504756705	0.0335508814443999	NA	-0.271676880751202	327.58744036868	0.996388667113188	0.996388667113188
TUBA4A	quasibinomial	33	6	0.220124774175955	0.0995840318134811	0.0337051154952576	NA	-0.217886091603533	4436.26623304872	0.996388667113188	0.996388667113188
CASZ1	quasibinomial	33	6	0.279309149027285	0.126416005518443	0.0337804222948003	NA	-0.255836499030722	170.110963630281	0.996388667113188	0.996388667113188
SASH1	quasibinomial	33	6	-0.489387177859091	0.221891652049142	0.0340777817894772	NA	0.463684703837505	122.23278500849	0.996388667113188	0.996388667113188
MRPL52	quasibinomial	33	6	0.197630363253781	0.0898967934386875	0.0346228370515753	NA	-0.192586468588968	849.730000304901	0.996388667113188	0.996388667113188
SHTN1	quasibinomial	33	6	0.241618244950259	0.110161381072141	0.0350187933165021	NA	-0.224979929751493	1498.32748579699	0.996388667113188	0.996388667113188
ZNF516	quasibinomial	33	6	0.345077756416327	0.157568666618438	0.0352767639878021	NA	-0.342273686932636	166.060616756399	0.996388667113188	0.996388667113188
KLF6	quasibinomial	33	6	-0.307593922042533	0.140561204550561	0.0354094918452303	NA	0.274603222727379	969.909062114301	0.996388667113188	0.996388667113188
DGKB	quasibinomial	33	6	0.278563341846214	0.127618966300561	0.0358493621396968	NA	-0.272506765315487	294.178167614213	0.996388667113188	0.996388667113188
NDUFA10	quasibinomial	33	6	0.278345237022561	0.127598749526749	0.0359580977680696	NA	-0.277636454661401	1491.79405424028	0.996388667113188	0.996388667113188
EMC8	quasibinomial	33	6	-0.185527992261885	0.0850881894548947	0.0360372621188617	NA	0.174100660562805	448.345917416145	0.996388667113188	0.996388667113188
CISD3	quasibinomial	33	6	0.351883024117656	0.161487634626801	0.0361503130915167	NA	-0.338956787045294	428.023011502296	0.996388667113188	0.996388667113188
RNASET2	quasibinomial	33	6	0.26386184086395	0.121202832857562	0.036309659883234	NA	-0.254723107619419	219.388541186137	0.996388667113188	0.996388667113188
MAPKAPK2	quasibinomial	33	6	0.673450102261042	0.309569342609201	0.0364375460622669	NA	-0.497590935208237	63.315936767938	0.996388667113188	0.996388667113188
STK16	quasibinomial	33	6	-0.360937635288026	0.166253038858272	0.0367969140774937	NA	0.363891924628434	469.408775393783	0.996388667113188	0.996388667113188
MED21	quasibinomial	33	6	-0.242273160036686	0.111774156883744	0.0370823517527009	NA	0.232803703601828	525.406075808322	0.996388667113188	0.996388667113188
CLN3	quasibinomial	33	6	0.472316217606944	0.217940028745528	0.0371102320528979	NA	-0.50099707143896	277.526926641696	0.996388667113188	0.996388667113188
ELFN2	quasibinomial	33	6	0.547115653649135	0.253203743742624	0.0376401578151577	NA	-0.548199765770875	75.7557333318322	0.996388667113188	0.996388667113188
AAK1	quasibinomial	33	6	0.270519047523272	0.125415044070524	0.0379558621226253	NA	-0.269302450719799	712.329498146017	0.996388667113188	0.996388667113188
GNG12	quasibinomial	33	6	-0.317367028507117	0.147170254540628	0.0380001773156489	NA	0.30239523693388	281.777402283595	0.996388667113188	0.996388667113188
LMF1	quasibinomial	33	6	0.173459852870311	0.080570639669699	0.0383006670869327	NA	-0.164362947718057	236.334246961282	0.996388667113188	0.996388667113188
TOP1	quasibinomial	33	6	-0.257692768828116	0.119843552829932	0.038524943649756	NA	0.241669757223649	156.822572324425	0.996388667113188	0.996388667113188
KPNA4	quasibinomial	33	6	-0.510315024477305	0.237848331002299	0.0389253786553422	NA	0.41153382282243	652.998757526755	0.996388667113188	0.996388667113188
CORO2A	quasibinomial	33	6	-0.304190889594059	0.142105452603601	0.0393514087151505	NA	0.283084754040649	542.695444841604	0.996388667113188	0.996388667113188
THAP5	quasibinomial	33	6	0.916160885888427	0.428463915558988	0.0395555714112769	NA	-0.779870605605995	181.052203681317	0.996388667113188	0.996388667113188
GXYLT1	quasibinomial	33	6	-0.552706939234455	0.258723900117038	0.0397266022768856	NA	0.61301980546041	133.667772543514	0.996388667113188	0.996388667113188
DTX4	quasibinomial	33	6	0.213852123301395	0.100302747096217	0.0400957869432159	NA	-0.193454626708098	1480.32698014208	0.996388667113188	0.996388667113188
MGAT4C	quasibinomial	33	6	-0.254088999370655	0.119542656453056	0.0406762455373229	NA	0.237042487037227	837.400431010736	0.996388667113188	0.996388667113188
TPMT	quasibinomial	33	6	0.346996531191488	0.163502894739757	0.0409661128919454	NA	-0.329137048840609	75.0833204892539	0.996388667113188	0.996388667113188
C12orf29	quasibinomial	33	6	-0.440365916510625	0.208776752562839	0.0421460857686289	NA	0.411858976583199	141.420970392752	0.996388667113188	0.996388667113188
MLXIP	quasibinomial	33	6	0.214411845512224	0.101766514035952	0.0423641801996689	NA	-0.212940275609829	576.020320245265	0.996388667113188	0.996388667113188
NADK2	quasibinomial	33	6	-0.188643135776252	0.0896072092246849	0.0425192869386545	NA	0.18429448624255	257.225978057971	0.996388667113188	0.996388667113188
CHST12	quasibinomial	33	6	0.382806087354261	0.181935388945334	0.0426255347332181	NA	-0.345471012084765	605.955186812719	0.996388667113188	0.996388667113188
VPS26B	quasibinomial	33	6	0.113621846884484	0.0540775043401348	0.0429034158970447	NA	-0.106538987438003	3397.55482826697	0.996388667113188	0.996388667113188
CBFB	quasibinomial	33	6	-0.197613117108668	0.094055770171301	0.0429101377178125	NA	0.156812331119683	2409.43314965473	0.996388667113188	0.996388667113188
PRR29	quasibinomial	33	6	0.419702939526828	0.20011191220545	0.0432549846734993	NA	-0.403936038571857	77.1685134759831	0.996388667113188	0.996388667113188
ARRB1	quasibinomial	33	6	-0.271393912376453	0.129403434070539	0.043261693015189	NA	0.255345664470657	1903.46188013086	0.996388667113188	0.996388667113188
MTRNR2L1	quasibinomial	33	6	-0.882813002083284	0.421519209084698	0.0435361545824213	NA	0.954371780916961	2289.95206237039	0.996388667113188	0.996388667113188
BAALC	quasibinomial	33	6	0.0998230152263591	0.0476870064545854	0.0436369162018049	NA	-0.0954309555823448	2982.67099062734	0.996388667113188	0.996388667113188
CLSTN1	quasibinomial	33	6	0.210437877026519	0.100566974820698	0.0437110118260759	NA	-0.189382693128732	2129.59353364573	0.996388667113188	0.996388667113188
HPS4	quasibinomial	33	6	-0.821496151799646	0.392927652623088	0.0438830132249618	NA	0.559597603626496	309.174349389107	0.996388667113188	0.996388667113188
GIN1	quasibinomial	33	6	0.386389720765904	0.185282348921492	0.0443899899137612	NA	-0.364514827070369	63.6270024070648	0.996388667113188	0.996388667113188
NECTIN1	quasibinomial	33	6	0.256138391765483	0.123401434090851	0.0453377606087154	NA	-0.237881146197366	320.574609504044	0.996388667113188	0.996388667113188
SEMA3D	quasibinomial	33	6	-0.3605829876083	0.173737250171387	0.0453575258580629	NA	0.215101424825014	467.63442646276	0.996388667113188	0.996388667113188
TECPR1	quasibinomial	33	6	0.263390750594246	0.127121310184195	0.0457005376850722	NA	-0.244481028183974	286.354797954719	0.996388667113188	0.996388667113188
MAP4K2	quasibinomial	33	6	0.447312235899905	0.216705236439335	0.046477561856747	NA	-0.42237501033553	96.1063852698927	0.996388667113188	0.996388667113188
MYEF2	quasibinomial	33	6	0.253691941352483	0.122981221719459	0.0466079183336879	NA	-0.240747954159196	509.997016815807	0.996388667113188	0.996388667113188
SZRD1	quasibinomial	33	6	0.195509339589922	0.095215570424016	0.0475724341981893	NA	-0.188404635530523	224.820942807234	0.996388667113188	0.996388667113188
XPOT	quasibinomial	33	6	0.299275958765739	0.145795356018656	0.047635986473323	NA	-0.283190884157352	323.245504537172	0.996388667113188	0.996388667113188
BOD1L1	quasibinomial	33	6	-0.263556307458403	0.128601785060757	0.0479763251925615	NA	0.222902810762141	272.043811008506	0.996388667113188	0.996388667113188
SCAMP2	quasibinomial	33	6	0.273966107108807	0.133912688666858	0.0483424589603515	NA	-0.276943495606596	112.526979488903	0.996388667113188	0.996388667113188
SLITRK1	quasibinomial	33	6	-0.345277523957776	0.16900380941998	0.0486377689508479	NA	0.210954285425699	810.213513527787	0.996388667113188	0.996388667113188
RBM34	quasibinomial	33	6	0.280757900732726	0.137482456982627	0.0487295968392974	NA	-0.276259698855588	314.528813158581	0.996388667113188	0.996388667113188
STX2	quasibinomial	33	6	0.226687139066501	0.111635255073516	0.0499469013162468	NA	-0.202574626951787	476.723466665734	0.996388667113188	0.996388667113188
KCNK12	quasibinomial	33	6	0.301810693957263	0.148888959205079	0.0503237102684729	NA	-0.282354177842319	944.721960967249	0.996388667113188	0.996388667113188
LAMP2	quasibinomial	30	6	0.659136161032463	0.325387579151822	0.050473241113634	NA	-0.746834879312641	54.6609831981839	0.996388667113188	0.996388667113188
CHST11	quasibinomial	33	6	0.324129873489118	0.160158678558494	0.0506772399185127	NA	-0.308743316763572	453.554057237974	0.996388667113188	0.996388667113188
ZC3H13	quasibinomial	33	6	0.242186862993682	0.119874044629071	0.0510524025817441	NA	-0.236365899106868	336.399366414591	0.996388667113188	0.996388667113188
PIK3C2A	quasibinomial	33	6	-0.374903298919724	0.185685647540458	0.0511964928885288	NA	0.359170276510675	202.346838454161	0.996388667113188	0.996388667113188
MAP4K4	quasibinomial	33	6	0.1544551328497	0.0765469689744833	0.0513317440938342	NA	-0.149739098336948	602.698495134781	0.996388667113188	0.996388667113188
NDUFC2	quasibinomial	33	6	0.207746565577816	0.102965401456716	0.0513478989534552	NA	-0.198023496164269	2335.54192049999	0.996388667113188	0.996388667113188
DMWD	quasibinomial	33	6	0.184535911061768	0.0914761826631882	0.0513832942556818	NA	-0.178732477004508	552.294536209173	0.996388667113188	0.996388667113188
TM9SF3	quasibinomial	33	6	-0.14144305822749	0.0701245967148006	0.051414599708283	NA	0.12790747125298	1881.79662097556	0.996388667113188	0.996388667113188
CMIP	quasibinomial	33	6	-0.370681480454412	0.184233050799146	0.0519643878325569	NA	0.367170751154213	304.716137779807	0.996388667113188	0.996388667113188
ERO1A	quasibinomial	33	6	0.42034952660471	0.208932960682366	0.0519796100882658	NA	-0.372429931303051	858.607585688539	0.996388667113188	0.996388667113188
NCOA7	quasibinomial	33	6	-0.527077015504557	0.261984875342416	0.0519825512938949	NA	0.418746225391071	637.442536659911	0.996388667113188	0.996388667113188
LYRM7	quasibinomial	33	6	0.293979760690474	0.1461737658708	0.0520593013358681	NA	-0.294397847524197	422.894220333688	0.996388667113188	0.996388667113188
TP53BP1	quasibinomial	33	6	0.24154394030234	0.120167906869415	0.0521825425950107	NA	-0.213487386956789	2090.73784437427	0.996388667113188	0.996388667113188
COG3	quasibinomial	33	6	-0.18685399937395	0.0933884651434635	0.0532145075380223	NA	0.179666292633384	324.995361956689	0.996388667113188	0.996388667113188
PSME3IP1	quasibinomial	33	6	0.119794343970306	0.0599379344958378	0.0534614796123989	NA	-0.117338370887373	2018.42452120133	0.996388667113188	0.996388667113188
RFT1	quasibinomial	33	6	-0.399621340549504	0.200093026640038	0.0536272670067557	NA	0.38426893354273	137.395449286861	0.996388667113188	0.996388667113188
ZCCHC8	quasibinomial	25	5	0.714340407769722	0.357696073093654	0.0536406736329077	NA	-0.871636718905703	148.659076781036	0.996388667113188	0.996388667113188
RHOF	quasibinomial	33	6	0.1569572766973	0.0786274252182357	0.0537366329254359	NA	-0.150295678634043	288.946809329759	0.996388667113188	0.996388667113188
TMEM242	quasibinomial	33	6	-0.227230404965076	0.113869657025994	0.0538145541705411	NA	0.211459004922866	1362.69925613726	0.996388667113188	0.996388667113188
SLC16A10	quasibinomial	33	6	0.461855916346245	0.231650343388265	0.054016195742389	NA	-0.448671294249637	55.6400835164493	0.996388667113188	0.996388667113188
PRKRIP1	quasibinomial	33	6	0.113887119117214	0.0572660833508335	0.0545932675994516	NA	-0.10834221548547	834.412355642394	0.996388667113188	0.996388667113188
FAM184B	quasibinomial	33	6	0.409987374927499	0.206762400174962	0.0552709080742192	NA	-0.398428983887606	113.29379987859	0.996388667113188	0.996388667113188
ENTPD7	quasibinomial	33	6	0.300615432669523	0.151956088169733	0.0558078156472964	NA	-0.293650446149719	201.241651868462	0.996388667113188	0.996388667113188
LIG3	quasibinomial	33	6	-0.23011010171561	0.116729130729364	0.0566344943779624	NA	0.229849233804731	220.025564642132	0.996388667113188	0.996388667113188
SHISA9	quasibinomial	33	6	-0.222674856530614	0.113193912403331	0.0571267115666553	NA	0.209910839764138	161.195865540274	0.996388667113188	0.996388667113188
CPLX1	quasibinomial	33	6	0.185341226344938	0.0942608869269729	0.0572395836576986	NA	-0.168291681241586	751.549917708155	0.996388667113188	0.996388667113188
SLC6A8	quasibinomial	33	6	0.291181333488498	0.148841160831587	0.0584443044188488	NA	-0.277694642328419	148.995576064773	0.996388667113188	0.996388667113188
ANKRD29	quasibinomial	33	6	-0.228837073640113	0.117113916906081	0.058732779126235	NA	0.19924785917154	351.450894350238	0.996388667113188	0.996388667113188
AHR	quasibinomial	33	6	-0.480389080943335	0.245884426792049	0.0587636188278321	NA	0.425187929224219	63.3168404742885	0.996388667113188	0.996388667113188
SBF2	quasibinomial	33	6	-0.169396747121796	0.0867498369053008	0.0588885207188567	NA	0.165913517689593	308.831676138674	0.996388667113188	0.996388667113188
FAM76A	quasibinomial	33	6	-0.274645011110091	0.14088993877362	0.0593017770045537	NA	0.2604276585987	129.288150634401	0.996388667113188	0.996388667113188
ABCA1	quasibinomial	33	6	-0.380395380648305	0.195342003499534	0.0595535683648299	NA	0.356730619956237	114.165451644947	0.996388667113188	0.996388667113188
DERL2	quasibinomial	33	6	0.156196708013729	0.0803743744027705	0.0600485135537821	NA	-0.148923297916807	799.693172026213	0.996388667113188	0.996388667113188
OSBPL9	quasibinomial	33	6	-0.366952388128777	0.189017283357295	0.0602988510549488	NA	0.30272885570838	677.314369548904	0.996388667113188	0.996388667113188
FAXC	quasibinomial	33	6	-0.195435291043372	0.100786649145153	0.0605848510948536	NA	0.204326533163787	1228.99145732538	0.996388667113188	0.996388667113188
ATF5	quasibinomial	33	6	0.314877833622612	0.162427936667489	0.0606517260268575	NA	-0.289396372872448	53.2748855643495	0.996388667113188	0.996388667113188
ZHX3	quasibinomial	33	6	0.336859802524893	0.173836159642773	0.0607489384205098	NA	-0.299678240235776	424.208280935791	0.996388667113188	0.996388667113188
CHORDC1	quasibinomial	33	6	-0.274977934049705	0.141985656325498	0.0608933898071022	NA	0.266936753536247	206.575986049911	0.996388667113188	0.996388667113188
TIAM2	quasibinomial	33	6	-0.555103071860647	0.287139834821755	0.0613314703145698	NA	0.482740877525006	79.1662776736805	0.996388667113188	0.996388667113188
C1orf74	quasibinomial	32	6	-0.752237461681228	0.389512028273545	0.0615851059826595	NA	0.617273069676815	212.671560689617	0.996388667113188	0.996388667113188
SRD5A3	quasibinomial	33	6	0.297847378269536	0.154271805769825	0.0616573544756477	NA	-0.276492994408728	301.968823916988	0.996388667113188	0.996388667113188
NKIRAS1	quasibinomial	33	6	0.299211131595211	0.155076348536918	0.0618141644425953	NA	-0.292652376472014	961.658489295332	0.996388667113188	0.996388667113188
RERE	quasibinomial	33	6	0.240553170405318	0.124780574815007	0.0620244018722063	NA	-0.214176169763017	951.859114280256	0.996388667113188	0.996388667113188
MALT1	quasibinomial	33	6	-0.334510963364978	0.173895875650266	0.0625650378103388	NA	0.334563838118772	96.6873741298617	0.996388667113188	0.996388667113188
MAP3K1	quasibinomial	33	6	-0.26251739350013	0.136564822082396	0.0627386856726231	NA	0.203617000784594	130.426362510935	0.996388667113188	0.996388667113188
RAC1	quasibinomial	33	6	-0.135436364467418	0.0704823737122573	0.0628334334587176	NA	0.129184279825201	1724.02683611996	0.996388667113188	0.996388667113188
ARFIP1	quasibinomial	33	6	-0.325463557348879	0.169516981337698	0.0630443602277712	NA	0.325230150939031	171.56413968113	0.996388667113188	0.996388667113188
ZNF74	quasibinomial	33	6	-0.254692616190295	0.132744714269229	0.0632119969123402	NA	0.230323482721039	957.295927256891	0.996388667113188	0.996388667113188
DDA1	quasibinomial	33	6	-0.263799709005979	0.137499710662561	0.0632273787465185	NA	0.247051495786681	986.629372399703	0.996388667113188	0.996388667113188
ZNF93	quasibinomial	33	6	-0.302985214315379	0.157987590455543	0.0633281318181534	NA	0.311762408947416	131.548950139112	0.996388667113188	0.996388667113188
HDGFL3	quasibinomial	33	6	0.439957674971859	0.229524748558808	0.0634539192219947	NA	-0.371238872846244	2043.59900680843	0.996388667113188	0.996388667113188
CD2BP2	quasibinomial	33	6	0.144104726322693	0.075256089340831	0.0637121324488358	NA	-0.135064282356448	1029.26447676544	0.996388667113188	0.996388667113188
NCKAP1	quasibinomial	33	6	0.377669257353257	0.198128595500184	0.0648646681687482	NA	-0.351006470414973	1003.89593445176	0.996388667113188	0.996388667113188
ZNF423	quasibinomial	32	6	0.505265124343705	0.265219323107007	0.0650118541530344	NA	-0.530586208621478	153.112676247454	0.996388667113188	0.996388667113188
TMTC3	quasibinomial	33	6	-0.188624686537753	0.0991301113679537	0.0653189858837374	NA	0.163482741221132	311.074365293435	0.996388667113188	0.996388667113188
SH3GLB2	quasibinomial	33	6	0.272564299142764	0.143641579483543	0.0660318785295238	NA	-0.276967590366143	1297.75835962255	0.996388667113188	0.996388667113188
TCF7L2	quasibinomial	33	6	-0.324904108778891	0.171225225961912	0.0660326763757935	NA	0.313647530668012	125.123480160886	0.996388667113188	0.996388667113188
CYRIB	quasibinomial	33	6	0.226396505251083	0.119730868378096	0.0669415707962728	NA	-0.216177675896737	1157.65785965055	0.996388667113188	0.996388667113188
VPS50	quasibinomial	32	6	0.492275941857776	0.261131253319471	0.0677311953661311	NA	-0.561803965494677	315.129182420428	0.996388667113188	0.996388667113188
URI1	quasibinomial	32	6	0.35082864551264	0.186118456401439	0.0677578288703846	NA	-0.364627277496948	304.192196638359	0.996388667113188	0.996388667113188
UBQLN4	quasibinomial	33	6	0.155078651615665	0.0822975026897547	0.0678424661076731	NA	-0.149016578344146	311.818002718117	0.996388667113188	0.996388667113188
CCDC43	quasibinomial	33	6	-0.232709442059664	0.123599471015119	0.0680648328680921	NA	0.214798948929385	427.160856495012	0.996388667113188	0.996388667113188
GGA2	quasibinomial	32	6	-0.741739512317847	0.394929379617786	0.0687111374809176	NA	0.565310557396066	591.087945619993	0.996388667113188	0.996388667113188
GET4	quasibinomial	33	6	0.132511302236961	0.0705997303511592	0.0688828709998738	NA	-0.127146878496702	708.042687175211	0.996388667113188	0.996388667113188
FUT8	quasibinomial	33	6	-0.371222774807407	0.19792818732957	0.0690797708235225	NA	0.322040015407416	427.4870046631	0.996388667113188	0.996388667113188
DDX24	quasibinomial	33	6	-0.20382780718682	0.108843344940159	0.0694865692101682	NA	0.186560095867645	1410.48126554015	0.996388667113188	0.996388667113188
MCTP1	quasibinomial	33	6	0.386446381542206	0.20659513047874	0.0697885051919802	NA	-0.361435975927594	104.912359783703	0.996388667113188	0.996388667113188
CMSS1	quasibinomial	33	6	0.386209897858039	0.206477408238435	0.0697997448248633	NA	-0.43661974607511	237.227603379016	0.996388667113188	0.996388667113188
GTF2H5	quasibinomial	33	6	0.211290149235938	0.113015385706387	0.0699282643290325	NA	-0.206381552740668	1967.1540659066	0.996388667113188	0.996388667113188
PYROXD1	quasibinomial	33	6	0.281426435520466	0.150584110407512	0.0700241616677866	NA	-0.300615943062403	248.733385257982	0.996388667113188	0.996388667113188
DRAXIN	quasibinomial	33	6	0.254672448957297	0.136861977200854	0.071190557305945	NA	-0.240525650280195	293.653429477165	0.996388667113188	0.996388667113188
SRD5A1	quasibinomial	33	6	0.189869849475591	0.102386163298852	0.0721163301251592	NA	-0.184840596704835	1622.27362343921	0.996388667113188	0.996388667113188
RFX5	quasibinomial	33	6	-0.131774187877722	0.0711658762506934	0.0725278187494725	NA	0.127499466342955	434.652785999549	0.996388667113188	0.996388667113188
COMMD8	quasibinomial	33	6	-0.436518587642214	0.235972222843157	0.072789834792187	NA	0.419174761519675	94.2480236151332	0.996388667113188	0.996388667113188
ZNF543	quasibinomial	33	6	-0.531006602140752	0.287321872334025	0.0730485805591389	NA	0.421773799585979	148.60432606919	0.996388667113188	0.996388667113188
MMD	quasibinomial	33	6	-0.189470071706084	0.102847773192237	0.0739256014856649	NA	0.163655608881469	1768.73212933786	0.996388667113188	0.996388667113188
ULK1	quasibinomial	33	6	0.136754777695838	0.0742558924998325	0.0740108377104654	NA	-0.130837794360881	268.735390192367	0.996388667113188	0.996388667113188
MZT1	quasibinomial	33	6	-0.310812919713717	0.168805638915394	0.0740740819222308	NA	0.302618158560476	313.544761764064	0.996388667113188	0.996388667113188
COL5A1	quasibinomial	33	6	0.48482843762377	0.26336145864644	0.0741225804587523	NA	-0.441120368872072	149.313126162544	0.996388667113188	0.996388667113188
RPL14	quasibinomial	33	6	0.302717979299718	0.164976406088686	0.0750288691276151	NA	-0.29292323898022	1020.54455779525	0.996388667113188	0.996388667113188
USP47	quasibinomial	33	6	-0.213079371662555	0.116161887204625	0.0751177224644875	NA	0.198699600818028	534.506538382915	0.996388667113188	0.996388667113188
AP1S2	quasibinomial	33	6	-0.128297900365467	0.0700243654817089	0.0754434474779383	NA	0.122863629522312	1522.55857218403	0.996388667113188	0.996388667113188
KCNMB4	quasibinomial	33	6	0.293335668119774	0.160561621936886	0.0762476228687875	NA	-0.285679339698732	306.080519764691	0.996388667113188	0.996388667113188
POMT2	quasibinomial	33	6	0.227860468238871	0.124793872581533	0.0764077279852692	NA	-0.214788229332704	194.976397486728	0.996388667113188	0.996388667113188
PHB	quasibinomial	33	6	0.148292594227948	0.0812482558100337	0.0765180538084604	NA	-0.144190873623277	1431.80357871856	0.996388667113188	0.996388667113188
RPAP3	quasibinomial	33	6	0.375366562863123	0.205667244976988	0.0765277513412972	NA	-0.349338944300469	135.931323881195	0.996388667113188	0.996388667113188
NMNAT1	quasibinomial	33	6	-0.371850680625889	0.203795646828712	0.076603457742308	NA	0.31635245858172	146.23642420441	0.996388667113188	0.996388667113188
SUB1	quasibinomial	33	6	-0.132980699098628	0.0729358951732266	0.0768152843188376	NA	0.126029756733118	2935.46705635225	0.996388667113188	0.996388667113188
EPHA5	quasibinomial	33	6	-0.37479628077016	0.205757761814119	0.0770807183309627	NA	0.372702121560438	250.503278707022	0.996388667113188	0.996388667113188
ATP6V1C1	quasibinomial	33	6	0.184686897463976	0.101426606725012	0.0771815405246652	NA	-0.177097855489344	2065.01311949297	0.996388667113188	0.996388667113188
SLC25A3	quasibinomial	33	6	0.241267699665665	0.13289910306689	0.0780355555521498	NA	-0.239696061170733	2755.75455215052	0.996388667113188	0.996388667113188
PEX3	quasibinomial	33	6	-0.361925267847846	0.199585251278989	0.0783549255339986	NA	0.345358667416935	87.2178188894475	0.996388667113188	0.996388667113188
MRS2	quasibinomial	33	6	0.189297997123166	0.104506146004091	0.0786747804394368	NA	-0.18356665709228	492.713049970618	0.996388667113188	0.996388667113188
S100PBP	quasibinomial	33	6	0.200852018867208	0.110920224214031	0.0787661660495333	NA	-0.183486994568227	589.320065588594	0.996388667113188	0.996388667113188
MCPH1	quasibinomial	33	6	0.280399990276614	0.154903147073013	0.0788635376629494	NA	-0.262939331995591	75.6857198880954	0.996388667113188	0.996388667113188
RAB40B	quasibinomial	33	6	0.215222819586091	0.11891325410749	0.0789029122810107	NA	-0.202042910041693	278.809092757286	0.996388667113188	0.996388667113188
FAM91A1	quasibinomial	33	6	-0.174245646086307	0.0962944608669188	0.0789671910753404	NA	0.167972684785363	278.585111919118	0.996388667113188	0.996388667113188
NDUFAF6	quasibinomial	33	6	0.219647154119927	0.121530639822046	0.0793113381090908	NA	-0.207290731604533	190.871054361308	0.996388667113188	0.996388667113188
PTP4A3	quasibinomial	33	6	-0.281640461082655	0.155876278645626	0.0793939144622618	NA	0.244127898991438	584.22099122714	0.996388667113188	0.996388667113188
CDS1	quasibinomial	33	6	0.258808314160229	0.143484281324225	0.0798853879568862	NA	-0.274999671751372	163.054630733185	0.996388667113188	0.996388667113188
TIPRL	quasibinomial	33	6	-0.28117202996217	0.156099279053102	0.0802863305293562	NA	0.260256559995686	857.919698503683	0.996388667113188	0.996388667113188
POU2F1	quasibinomial	33	6	0.233878556260336	0.129964750313926	0.0805573361328725	NA	-0.225249532900142	166.318402330428	0.996388667113188	0.996388667113188
TMEM229A	quasibinomial	33	6	-0.599465317657683	0.333157035395943	0.0805905510672337	NA	0.485376695275347	152.058191840842	0.996388667113188	0.996388667113188
RANBP3	quasibinomial	33	6	0.256136640635127	0.142357072383981	0.0806055152080921	NA	-0.235617289302463	133.888946310408	0.996388667113188	0.996388667113188
DYNC1LI2	quasibinomial	33	6	-0.143323133261136	0.079783211200599	0.0810655746009513	NA	0.137521084873372	1680.55816219235	0.996388667113188	0.996388667113188
UNC80	quasibinomial	33	6	-0.278737848876021	0.155493548399623	0.0816840193873712	NA	0.27727024047294	228.121685118289	0.996388667113188	0.996388667113188
FAF1	quasibinomial	33	6	0.223660025433677	0.124793783790058	0.0817433394175984	NA	-0.21419760155034	260.051916876663	0.996388667113188	0.996388667113188
CGN	quasibinomial	33	6	-0.252184737475801	0.140787421719261	0.0819052840009115	NA	0.25136989119488	80.3981284430894	0.996388667113188	0.996388667113188
SERPINB1	quasibinomial	33	6	-0.30748755591723	0.171669300443892	0.0819187854139213	NA	0.287416033446486	110.090717857953	0.996388667113188	0.996388667113188
ADAM10	quasibinomial	33	6	0.433876769366615	0.242608745795448	0.082374343664121	NA	-0.493814112834122	541.355452488553	0.996388667113188	0.996388667113188
LRPPRC	quasibinomial	33	6	0.298746004566451	0.167605025172197	0.0833543456253815	NA	-0.304745481423353	628.883451366802	0.996388667113188	0.996388667113188
CNP	quasibinomial	33	6	0.173354036972931	0.0972944325823035	0.0834694666380245	NA	-0.16411457168231	2621.32881003107	0.996388667113188	0.996388667113188
ERCC1	quasibinomial	33	6	0.212191757056385	0.119482324266201	0.0844404785028742	NA	-0.195492160423059	537.786969202948	0.996388667113188	0.996388667113188
TDRP	quasibinomial	33	6	0.148850580045666	0.0838507698780284	0.084564856731237	NA	-0.143448075250078	321.99088029296	0.996388667113188	0.996388667113188
CHRAC1	quasibinomial	33	6	0.386939199077036	0.217981363655962	0.0845786564234297	NA	-0.335379875976045	106.213893107338	0.996388667113188	0.996388667113188
SAP30BP	quasibinomial	33	6	0.101712468117292	0.0573580456999369	0.0848832667641302	NA	-0.0977727900614566	768.217009200319	0.996388667113188	0.996388667113188
TRIP11	quasibinomial	33	6	0.414132326924341	0.233552005590382	0.084899984698033	NA	-0.36738901837055	94.6056034098048	0.996388667113188	0.996388667113188
ADAT1	quasibinomial	33	6	0.2290527240353	0.129434989634868	0.08550057034374	NA	-0.227254252732268	415.358239884257	0.996388667113188	0.996388667113188
RBM24	quasibinomial	33	6	-0.274693688185549	0.155355172534352	0.0857498319948643	NA	0.239483766464495	106.528746821299	0.996388667113188	0.996388667113188
COG5	quasibinomial	33	6	0.181209779371205	0.10264384500472	0.0862167164572037	NA	-0.174123072024988	349.830252889073	0.996388667113188	0.996388667113188
PHIP	quasibinomial	33	6	-0.250399783887841	0.141843921770643	0.0862344018300897	NA	0.241067828966291	268.222998135816	0.996388667113188	0.996388667113188
LRP10	quasibinomial	33	6	-0.25358225597984	0.143737186471086	0.0864242112592381	NA	0.242430064789533	166.445399397101	0.996388667113188	0.996388667113188
PPP6R2	quasibinomial	33	6	0.24086125981473	0.136683555563325	0.0867711432987571	NA	-0.228636574964446	199.688310951476	0.996388667113188	0.996388667113188
IP6K1	quasibinomial	33	6	0.14876176535233	0.0845089789909825	0.0870931674833606	NA	-0.138832771145036	1381.53438066873	0.996388667113188	0.996388667113188
SLC8A1	quasibinomial	33	6	0.278483798966112	0.158470773480565	0.0876084971680895	NA	-0.261816337262285	1316.10862782704	0.996388667113188	0.996388667113188
ICMT	quasibinomial	33	6	0.193940368530361	0.110428459488784	0.0877930114553736	NA	-0.194968162427527	1414.92677645672	0.996388667113188	0.996388667113188
MBTD1	quasibinomial	33	6	0.581479670672236	0.331612099845224	0.0882722032711232	NA	-0.431073557930195	69.6330146015088	0.996388667113188	0.996388667113188
TRIM66	quasibinomial	33	6	-0.519244655570083	0.296207941440529	0.0883627468213912	NA	0.507360669429504	60.9338407088274	0.996388667113188	0.996388667113188
ALG14	quasibinomial	33	6	0.36561463097816	0.208959480001268	0.0889359149055537	NA	-0.368931519517915	266.517892815962	0.996388667113188	0.996388667113188
QKI	quasibinomial	33	6	-0.477230333835662	0.272776104444493	0.0889639760807826	NA	0.43339118378714	314.447461115682	0.996388667113188	0.996388667113188
FLRT3	quasibinomial	33	6	-0.321034066411782	0.183632863710585	0.0891906499824586	NA	0.317070790687406	650.520682726614	0.996388667113188	0.996388667113188
BCR	quasibinomial	33	6	0.314815160836126	0.180223072615254	0.0894420264924615	NA	-0.307678503637431	443.755821291015	0.996388667113188	0.996388667113188
RFLNB	quasibinomial	33	6	-0.200051887060639	0.114669950810793	0.0898333176791309	NA	0.189425588911874	189.847914742619	0.996388667113188	0.996388667113188
MAP9	quasibinomial	33	6	-0.279005802067377	0.159987179544763	0.089950395505346	NA	0.265804209288059	318.402240538816	0.996388667113188	0.996388667113188
CSTF2T	quasibinomial	33	6	-0.356358297345585	0.204377942947823	0.0900037915940007	NA	0.330096270954994	668.639239568185	0.996388667113188	0.996388667113188
GTPBP10	quasibinomial	33	6	0.25570999237188	0.146762803936712	0.0902320197641147	NA	-0.252404230251906	121.79220426014	0.996388667113188	0.996388667113188
PPP2R2D	quasibinomial	33	6	-0.362196804369943	0.208642969258849	0.0913672151666073	NA	0.288294161169412	812.726927785313	0.996388667113188	0.996388667113188
PLXNA3	quasibinomial	33	6	-0.290987561183033	0.167707320348793	0.0915237053609002	NA	0.252164739394947	506.342850866796	0.996388667113188	0.996388667113188
RHEB	quasibinomial	33	6	0.210155577901227	0.121246053343754	0.0918458722322654	NA	-0.194076726166986	1589.13845707474	0.996388667113188	0.996388667113188
MEGF9	quasibinomial	33	6	0.194691143887368	0.112486139269526	0.0922960628686492	NA	-0.185200832010521	556.683138379388	0.996388667113188	0.996388667113188
PHACTR2	quasibinomial	33	6	-0.310796530923786	0.179603505000092	0.0923578692030157	NA	0.296292693066426	166.392708555845	0.996388667113188	0.996388667113188
ZNF276	quasibinomial	33	6	-0.248544389195747	0.143750898476426	0.0926230894452461	NA	0.24060397000239	192.746847258746	0.996388667113188	0.996388667113188
TMED4	quasibinomial	33	6	-0.160838696307276	0.0930316282787677	0.0926472373368779	NA	0.153646668539094	563.229338324825	0.996388667113188	0.996388667113188
EIF3E	quasibinomial	32	6	-0.548255761302784	0.317358443320777	0.0928831515140909	NA	0.446848035640053	127.236924957033	0.996388667113188	0.996388667113188
RAB15	quasibinomial	33	6	0.063550007403568	0.036853458696691	0.093459030522798	NA	-0.0603658046604642	6567.39482729271	0.996388667113188	0.996388667113188
CISD2	quasibinomial	33	6	0.132617101686425	0.0769245475888033	0.0935335415761464	NA	-0.124398253655228	1239.46604690156	0.996388667113188	0.996388667113188
ZNF92	quasibinomial	33	6	-0.269168414094713	0.156185026673496	0.0936422661498736	NA	0.252446985419156	253.467217523718	0.996388667113188	0.996388667113188
WNK1	quasibinomial	33	6	-0.173856913534976	0.101005964143929	0.0940343681574558	NA	0.166091387989371	356.527432030325	0.996388667113188	0.996388667113188
HCFC1	quasibinomial	33	6	0.287561459893289	0.167082931841154	0.0940680833713138	NA	-0.213400058446624	229.507373057947	0.996388667113188	0.996388667113188
SHH	quasibinomial	33	6	0.760318151285452	0.441920894502913	0.0941756050722809	NA	-0.612232713810072	95.5136228172337	0.996388667113188	0.996388667113188
SMAD2	quasibinomial	33	6	0.148350069608283	0.0863260840801047	0.0945436368473594	NA	-0.139753274485347	1014.55375325358	0.996388667113188	0.996388667113188
AP1M1	quasibinomial	33	6	-0.32520017594745	0.189324918126356	0.0946915589348901	NA	0.287059881220374	2819.11568506863	0.996388667113188	0.996388667113188
ATP13A3	quasibinomial	33	6	-0.207076212080497	0.120628920180024	0.0948845456165893	NA	0.161421592835443	339.636923415115	0.996388667113188	0.996388667113188
ZMYM2	quasibinomial	33	6	0.214071724198322	0.124897645948705	0.0953775801243913	NA	-0.202878465686276	442.249980023231	0.996388667113188	0.996388667113188
TNFAIP8L1	quasibinomial	33	6	0.281013037536965	0.164115529476883	0.095691699865891	NA	-0.266756254775205	163.471791981602	0.996388667113188	0.996388667113188
NDUFA9	quasibinomial	33	6	0.27481898599265	0.160501921544355	0.0956992573969318	NA	-0.269754869175856	1422.62318053896	0.996388667113188	0.996388667113188
TRAM2	quasibinomial	33	6	0.586749178871985	0.342722003848702	0.0957403705761424	NA	-0.493284977249183	93.116978008127	0.996388667113188	0.996388667113188
TTLL11	quasibinomial	33	6	0.228047603863337	0.133421535621248	0.0962631762918391	NA	-0.224970463883627	279.594471881286	0.996388667113188	0.996388667113188
TMEM161B	quasibinomial	33	6	-0.254822546551687	0.149115496143597	0.0963254214220768	NA	0.243309028950792	109.213872724958	0.996388667113188	0.996388667113188
ERCC2	quasibinomial	33	6	-0.168822712049759	0.0988155983734905	0.0964062611987411	NA	0.176271844814005	240.528251097648	0.996388667113188	0.996388667113188
ZNF652	quasibinomial	33	6	0.156229896560275	0.0914529754215498	0.096435054203823	NA	-0.153395694559662	717.786468226286	0.996388667113188	0.996388667113188
GLTP	quasibinomial	33	6	-0.263762900131148	0.15449571007326	0.096633474450463	NA	0.253355770068145	261.260624512997	0.996388667113188	0.996388667113188
SMIM10L1	quasibinomial	33	6	0.269817360924647	0.158374710389985	0.0973086596512924	NA	-0.206281683548646	1982.24793792975	0.996388667113188	0.996388667113188
RAE1	quasibinomial	33	6	0.161728010615353	0.0949602349593493	0.0974128273112773	NA	-0.158778747193741	588.68895678873	0.996388667113188	0.996388667113188
NFKBIE	quasibinomial	33	6	0.295395050554265	0.173600367189692	0.0977027554264656	NA	-0.311080192749805	177.327262601192	0.996388667113188	0.996388667113188
TMEM245	quasibinomial	33	6	0.156958687207687	0.0923469650228027	0.0980667253613656	NA	-0.14318692359018	1280.67566528208	0.996388667113188	0.996388667113188
MFN1	quasibinomial	33	6	0.281979578254278	0.166094289244174	0.0984388128638228	NA	-0.270172479147188	253.890071508942	0.996388667113188	0.996388667113188
ZNF254	quasibinomial	33	6	-0.324608947726657	0.191235383240668	0.0984915247362451	NA	0.32806819625202	342.776174073592	0.996388667113188	0.996388667113188
SRGAP2	quasibinomial	33	6	0.1692388115455	0.099766312613099	0.0986975294533667	NA	-0.155577043475151	561.164965543428	0.996388667113188	0.996388667113188
UTP25	quasibinomial	33	6	-0.319841032166723	0.188644806778367	0.0988668065173806	NA	0.306490321934507	121.1843739635	0.996388667113188	0.996388667113188
ZNF181	quasibinomial	33	6	0.312577683786689	0.184405622230745	0.0989456382101301	NA	-0.273103541866381	297.295336500704	0.996388667113188	0.996388667113188
NFIA	quasibinomial	33	6	0.299344853462457	0.176627960570922	0.0989990535679773	NA	-0.284480959887833	160.040397269007	0.996388667113188	0.996388667113188
TMEFF2	quasibinomial	32	6	0.423943920833049	0.250303215354886	0.0992012534174989	NA	-0.459542813160654	1276.97611474764	0.996388667113188	0.996388667113188
MAPK8IP2	quasibinomial	33	6	0.222537173419475	0.131511190315395	0.0995024034956634	NA	-0.239911505789485	2414.40872839091	0.996388667113188	0.996388667113188
WIZ	quasibinomial	33	6	-0.289324222899626	0.171013650353464	0.0995667517594359	NA	0.254562449192619	478.556935974545	0.996388667113188	0.996388667113188
PSMD12	quasibinomial	33	6	-0.126050001204774	0.0747818379916962	0.100775657865357	NA	0.121083538728242	593.140498027841	0.996388667113188	0.996388667113188
RSBN1L	quasibinomial	33	6	-0.224978356567252	0.133595068377849	0.101074984826046	NA	0.223166861386513	121.301500760921	0.996388667113188	0.996388667113188
MAPKAPK5	quasibinomial	33	6	0.239120281654267	0.14201938236255	0.101136597936922	NA	-0.226762098763959	379.8268155307	0.996388667113188	0.996388667113188
MAP2K6	quasibinomial	33	6	0.223684745325785	0.132854556441647	0.101143310950115	NA	-0.226799321346744	427.281882211182	0.996388667113188	0.996388667113188
WDFY3	quasibinomial	33	6	0.145434135144933	0.0863846695844647	0.101166170489304	NA	-0.136978962404726	447.816709253739	0.996388667113188	0.996388667113188
SLC25A33	quasibinomial	33	6	0.213213142088728	0.1267805937324	0.101520691903446	NA	-0.225843964110188	473.10054971881	0.996388667113188	0.996388667113188
THY1	quasibinomial	33	6	0.356768465113751	0.212568018522408	0.102182786361811	NA	-0.380399919776077	13650.1833750469	0.996388667113188	0.996388667113188
RBL2	quasibinomial	33	6	-0.391527700116439	0.23354024826847	0.10255384872161	NA	0.400780508352194	182.457576421275	0.996388667113188	0.996388667113188
MED22	quasibinomial	31	6	0.465106046873781	0.278392980902937	0.10370470022765	NA	-0.511281912585847	476.154722053879	0.996388667113188	0.996388667113188
NANP	quasibinomial	33	6	-0.284915981768139	0.170808254278112	0.104230569147634	NA	0.253958352608902	154.788884343482	0.996388667113188	0.996388667113188
YTHDC1	quasibinomial	33	6	-0.18479726940074	0.110913366204986	0.104612010356996	NA	0.177211450569097	206.14221628979	0.996388667113188	0.996388667113188
NOL4	quasibinomial	33	6	-0.363858557203387	0.21851768546113	0.104816488150836	NA	0.332555993026285	193.573621675511	0.996388667113188	0.996388667113188
BPTF	quasibinomial	33	6	0.249582993588469	0.149980669265696	0.105021662402371	NA	-0.247206822152112	219.865660114665	0.996388667113188	0.996388667113188
CLTC	quasibinomial	33	6	0.257207773275397	0.154988849989534	0.105945734656529	NA	-0.253916147022867	4620.16640712377	0.996388667113188	0.996388667113188
TRDMT1	quasibinomial	33	6	0.362837691603185	0.219162648060041	0.106750873886783	NA	-0.359159608309122	80.0282190704	0.996388667113188	0.996388667113188
NTNG2	quasibinomial	33	6	0.272732462795637	0.164997913299996	0.107285950972371	NA	-0.271796066502281	408.446331700263	0.996388667113188	0.996388667113188
WDR41	quasibinomial	33	6	-0.355531710551351	0.215186040527608	0.107437297400961	NA	0.323500225467472	772.436451548699	0.996388667113188	0.996388667113188
SLC25A36	quasibinomial	33	6	-0.254584053960708	0.154139106021989	0.107551100786323	NA	0.243280827373012	1201.23690591667	0.996388667113188	0.996388667113188
EYA3	quasibinomial	33	6	0.500180081961494	0.302849582589523	0.10756588638972	NA	-0.419780478749526	273.273159628404	0.996388667113188	0.996388667113188
PREP	quasibinomial	33	6	0.281641147355328	0.170930847518991	0.108366281181939	NA	-0.290107498951922	889.862702019916	0.996388667113188	0.996388667113188
NMT1	quasibinomial	33	6	0.181566765075997	0.110266059659919	0.108586624114554	NA	-0.163441565585394	1026.25538256049	0.996388667113188	0.996388667113188
SAMD14	quasibinomial	33	6	0.116830448651551	0.0709684754169811	0.108668132412827	NA	-0.111841719796888	1579.36117756191	0.996388667113188	0.996388667113188
FHDC1	quasibinomial	33	6	0.331322882098778	0.201310596033989	0.108751116627674	NA	-0.319829731782927	171.221607614771	0.996388667113188	0.996388667113188
RTF1	quasibinomial	33	6	-0.190791893257591	0.115952320431992	0.108832994120886	NA	0.200333024813643	548.94042479612	0.996388667113188	0.996388667113188
TMEM97	quasibinomial	33	6	-0.179538603159672	0.109196869202593	0.109094415149436	NA	0.165899055879365	992.179307447258	0.996388667113188	0.996388667113188
MLLT10	quasibinomial	33	6	0.299661980558343	0.18266070409637	0.109851143939395	NA	-0.272515797188928	86.0728619181069	0.996388667113188	0.996388667113188
NAP1L1	quasibinomial	33	6	-0.225750547354875	0.137818654184144	0.110376820935613	NA	0.178146530487314	1037.65355625698	0.996388667113188	0.996388667113188
PRDM4	quasibinomial	33	6	0.103864494455609	0.0634542054038635	0.110625291938153	NA	-0.0987479560006303	398.546963808892	0.996388667113188	0.996388667113188
SZT2	quasibinomial	33	6	-0.203994045902308	0.124687533757114	0.110793345407826	NA	0.190167473376607	254.017414203247	0.996388667113188	0.996388667113188
ACTR10	quasibinomial	33	6	0.180734430106368	0.110886293795991	0.112089362073473	NA	-0.143206182365326	1482.28266216188	0.996388667113188	0.996388667113188
ARNT	quasibinomial	33	6	-0.497746813583789	0.306098729036224	0.112900330067706	NA	0.401015248220322	227.747931091321	0.996388667113188	0.996388667113188
ENDOD1	quasibinomial	33	6	-0.219220030557031	0.134921808470777	0.113179459737819	NA	0.207575127488166	2041.89614311371	0.996388667113188	0.996388667113188
C2orf69	quasibinomial	33	6	-0.356861643600643	0.219805556916239	0.113449308856854	NA	0.330933776495019	716.85813675524	0.996388667113188	0.996388667113188
ARF3	quasibinomial	33	6	0.101682349693907	0.0626373368948014	0.11348851803198	NA	-0.0980500926625071	3015.65917342034	0.996388667113188	0.996388667113188
NEBL	quasibinomial	33	6	-0.154137509457881	0.0949511983747856	0.11349204645985	NA	0.135374779064793	591.824808582907	0.996388667113188	0.996388667113188
GFPT1	quasibinomial	33	6	-0.133642032223944	0.0826323862468905	0.114790463029804	NA	0.136866584509283	1212.38238212276	0.996388667113188	0.996388667113188
ZMIZ2	quasibinomial	33	6	-0.273868928938905	0.169354895531189	0.114828976132221	NA	0.24750434769744	619.973039583417	0.996388667113188	0.996388667113188
RALGPS2	quasibinomial	33	6	-0.218834119368242	0.135393739354896	0.115013335292347	NA	0.197268135837623	395.447032984789	0.996388667113188	0.996388667113188
CREB5	quasibinomial	33	6	0.279669096904413	0.173515226522239	0.115991425721894	NA	-0.301896569463159	273.68791113717	0.996388667113188	0.996388667113188
GID8	quasibinomial	33	6	0.170631012530642	0.105869154193431	0.116006306750364	NA	-0.157941090059065	661.24524031532	0.996388667113188	0.996388667113188
CXXC4	quasibinomial	33	6	-0.136496006103032	0.0846999790360343	0.116048354732947	NA	0.135188526312656	525.912899293685	0.996388667113188	0.996388667113188
GFRA1	quasibinomial	33	6	0.2525996293121	0.156788550076993	0.1161442377655	NA	-0.221760755836405	1523.47195829127	0.996388667113188	0.996388667113188
KIAA0232	quasibinomial	33	6	-0.234103970567519	0.145377139864204	0.11631108959919	NA	0.222698336592914	659.542383619173	0.996388667113188	0.996388667113188
LIN28B	quasibinomial	33	6	0.279592293971509	0.173656021102757	0.116373825965404	NA	-0.267604722961472	86.7367088904113	0.996388667113188	0.996388667113188
COX15	quasibinomial	33	6	0.140598602124288	0.0875608502811394	0.117320684089912	NA	-0.136005007973656	352.683672852239	0.996388667113188	0.996388667113188
UBE2I	quasibinomial	33	6	-0.195906906085359	0.122010617886378	0.117336095682784	NA	0.184272132557561	950.720342522716	0.996388667113188	0.996388667113188
SLC30A9	quasibinomial	33	6	0.312640563221598	0.195166382651444	0.118162017122598	NA	-0.284103307271422	1698.79119910752	0.996388667113188	0.996388667113188
SLC25A27	quasibinomial	33	6	-0.113159214821376	0.0707419560786777	0.118675607967723	NA	0.108286313853448	377.629792139196	0.996388667113188	0.996388667113188
MINPP1	quasibinomial	33	6	-0.133844546213001	0.0836804441411908	0.11870523753177	NA	0.125135847357338	349.419631275241	0.996388667113188	0.996388667113188
UTP6	quasibinomial	33	6	-0.259510889925143	0.16225811849967	0.118727817108364	NA	0.229548456422301	171.163609324841	0.996388667113188	0.996388667113188
NKAP	quasibinomial	33	6	0.259474645214826	0.16234672432425	0.118971969635792	NA	-0.252338924780619	80.3694489774568	0.996388667113188	0.996388667113188
MPI	quasibinomial	33	6	0.380734799834931	0.238278348729123	0.119065022629451	NA	-0.43116699485058	376.356946187237	0.996388667113188	0.996388667113188
MECR	quasibinomial	33	6	0.19750639034442	0.123741697045944	0.119453442368226	NA	-0.191051333603276	361.154380863364	0.996388667113188	0.996388667113188
FSD1L	quasibinomial	33	6	-0.187290279125796	0.117367955343576	0.119535150017	NA	0.162405270711581	703.511306512531	0.996388667113188	0.996388667113188
DARS1	quasibinomial	33	6	-0.260770204985512	0.163508948668474	0.119740187892716	NA	0.267897995637719	263.919678296787	0.996388667113188	0.996388667113188
KIAA1143	quasibinomial	33	6	0.306348499902977	0.192111692186087	0.119785027075405	NA	-0.277010584538695	433.015387500696	0.996388667113188	0.996388667113188
N6AMT1	quasibinomial	33	6	0.131759575628324	0.0826275301345809	0.119788767592196	NA	-0.12627258951582	298.662463692541	0.996388667113188	0.996388667113188
TMTC4	quasibinomial	33	6	-0.195574572405713	0.122807684717075	0.12025884820584	NA	0.182208238048385	273.408394987944	0.996388667113188	0.996388667113188
PTGER4	quasibinomial	33	6	-0.228210689596744	0.143367093670109	0.120424117157915	NA	0.231655124468215	516.317249640692	0.996388667113188	0.996388667113188
NUP214	quasibinomial	33	6	0.246837200692155	0.155077682850165	0.120444906957048	NA	-0.235879393973656	82.9857940071092	0.996388667113188	0.996388667113188
ZNF175	quasibinomial	33	6	0.287234701743561	0.180538653733544	0.120605556954201	NA	-0.283081452652295	149.004007276781	0.996388667113188	0.996388667113188
CTNNBIP1	quasibinomial	33	6	0.1669969271554	0.105031870546423	0.120836330690639	NA	-0.162483186185033	1724.94590767445	0.996388667113188	0.996388667113188
ETFBKMT	quasibinomial	33	6	-0.317746627085298	0.199986950292269	0.121091111194714	NA	0.301449316673109	252.708387352273	0.996388667113188	0.996388667113188
TAF1	quasibinomial	33	6	-0.388453659242596	0.244536576860369	0.121160541271373	NA	0.358662682466653	83.4879214794923	0.996388667113188	0.996388667113188
SMIM15	quasibinomial	33	6	-0.30491748164568	0.192096880248846	0.121436599222513	NA	0.27197932983526	1069.3404172354	0.996388667113188	0.996388667113188
CLMN	quasibinomial	33	6	0.336602275300341	0.212112492694874	0.121528757910937	NA	-0.317898347960581	68.890889769662	0.996388667113188	0.996388667113188
NCOA1	quasibinomial	33	6	0.150171844452901	0.0946597168886004	0.121634442687249	NA	-0.144870227459484	186.402182751543	0.996388667113188	0.996388667113188
MAGT1	quasibinomial	33	6	-0.350630267762591	0.22113082465031	0.121819575949192	NA	0.304668368707726	110.925266195029	0.996388667113188	0.996388667113188
SYT6	quasibinomial	33	6	-0.181861372726231	0.114708587484537	0.121865702589589	NA	0.174352587090568	606.256876608203	0.996388667113188	0.996388667113188
GTF3C4	quasibinomial	33	6	-0.24636434981814	0.155402773172998	0.121886811677502	NA	0.234903704303326	266.181541015341	0.996388667113188	0.996388667113188
TPM3	quasibinomial	33	6	-0.258243357754849	0.163003162679993	0.122124272806649	NA	0.23522850205695	3395.51953137234	0.996388667113188	0.996388667113188
SELENOF	quasibinomial	33	6	-0.165566248527977	0.104553784713928	0.122291374886509	NA	0.153826998376172	1447.45871432068	0.996388667113188	0.996388667113188
LYPLA1	quasibinomial	33	6	-0.287581695488972	0.181665002467812	0.122409512400205	NA	0.274419329684776	504.306734042663	0.996388667113188	0.996388667113188
MTARC1	quasibinomial	33	6	-0.441273184958518	0.278877366927982	0.122572326184727	NA	0.392061982538213	216.634880129148	0.996388667113188	0.996388667113188
NCAPG	quasibinomial	33	6	-0.206701750364428	0.130651183752429	0.122625145689041	NA	0.197791663115457	84.3311845985027	0.996388667113188	0.996388667113188
MTMR7	quasibinomial	33	6	-0.171923033385684	0.10896073240059	0.123598152892055	NA	0.149043469785212	727.146131002166	0.996388667113188	0.996388667113188
HDLBP	quasibinomial	33	6	0.13409652882799	0.0851216677029752	0.124172474857911	NA	-0.128264616918156	1267.05260514569	0.996388667113188	0.996388667113188
PPM1A	quasibinomial	33	6	-0.224962921824327	0.142844564669399	0.124281509380616	NA	0.214381159605107	815.463359908746	0.996388667113188	0.996388667113188
TMEM68	quasibinomial	33	6	0.221177721083108	0.140459787221416	0.124329975285893	NA	-0.215829113121854	121.769386599353	0.996388667113188	0.996388667113188
MCTS1	quasibinomial	33	6	0.272826362078747	0.17326359311177	0.124338653127111	NA	-0.278136202333856	638.774431461277	0.996388667113188	0.996388667113188
C12orf4	quasibinomial	33	6	0.181559129893385	0.115308323852974	0.124356736694964	NA	-0.16554806183726	415.299433372477	0.996388667113188	0.996388667113188
BIVM	quasibinomial	33	6	-0.183014780070236	0.116491956364715	0.125168432505257	NA	0.164586763834776	673.292617459264	0.996388667113188	0.996388667113188
WSCD1	quasibinomial	33	6	0.160966263156769	0.10258310633879	0.125615288468475	NA	-0.153792205006002	194.167014355996	0.996388667113188	0.996388667113188
ZNF703	quasibinomial	33	6	0.213897687624713	0.136405102716757	0.125854112675192	NA	-0.204544083864817	250.069343387755	0.996388667113188	0.996388667113188
MMACHC	quasibinomial	33	6	0.339392443599334	0.21655069395816	0.126050426017393	NA	-0.368144172557048	3300.83817850773	0.996388667113188	0.996388667113188
WBP11	quasibinomial	33	6	-0.241221077744435	0.15395331689362	0.126148588952463	NA	0.25570245462023	881.475985445586	0.996388667113188	0.996388667113188
PDCD6IP	quasibinomial	33	6	0.19029551713079	0.121483563866442	0.126245761696647	NA	-0.193536826533593	405.621945179684	0.996388667113188	0.996388667113188
JAKMIP2	quasibinomial	33	6	0.16066420124918	0.1027378953501	0.126856224827583	NA	-0.152865430882658	378.667501879064	0.996388667113188	0.996388667113188
LINS1	quasibinomial	33	6	0.229936719559447	0.147180485334069	0.127220457998405	NA	-0.218397467082705	91.0579567880933	0.996388667113188	0.996388667113188
DROSHA	quasibinomial	33	6	-0.314408927467419	0.201277259096478	0.127269534019305	NA	0.296398874267338	164.10060425066	0.996388667113188	0.996388667113188
HEXA	quasibinomial	33	6	0.288986034342737	0.185031076196319	0.127327123162554	NA	-0.280608545672493	286.396847722404	0.996388667113188	0.996388667113188
NIPSNAP3B	quasibinomial	33	6	0.310004225198991	0.198757531120106	0.127825897896285	NA	-0.289304132826766	119.345572016923	0.996388667113188	0.996388667113188
POT1	quasibinomial	30	6	0.472893347294893	0.303309897501335	0.127968020716321	NA	-0.551823596517921	110.875987046809	0.996388667113188	0.996388667113188
PUM2	quasibinomial	33	6	0.213198016004838	0.136836447675297	0.128218874469616	NA	-0.204343863341377	592.640870045838	0.996388667113188	0.996388667113188
ZNF682	quasibinomial	33	6	-0.383823340684495	0.246357178022517	0.128231801016387	NA	0.326505652070236	104.129641612066	0.996388667113188	0.996388667113188
KDSR	quasibinomial	33	6	-0.336094890387602	0.215928087043058	0.128583422067967	NA	0.331154538895625	467.374873605749	0.996388667113188	0.996388667113188
CDH6	quasibinomial	33	6	0.193596595746187	0.12443987537744	0.128766153613294	NA	-0.192462795118153	425.614647147382	0.996388667113188	0.996388667113188
KCND2	quasibinomial	33	6	-0.292374235132565	0.188026761140671	0.128952491981757	NA	0.269186587302356	172.517750683789	0.996388667113188	0.996388667113188
AFAP1L2	quasibinomial	33	6	-0.192348468200501	0.123886590266508	0.129511276388793	NA	0.178287552236319	196.702447815322	0.996388667113188	0.996388667113188
SSBP2	quasibinomial	33	6	-0.229996377647522	0.148208289087513	0.12969573113387	NA	0.221285604137607	1070.13628928425	0.996388667113188	0.996388667113188
DRG2	quasibinomial	33	6	0.0862023180032031	0.0556165378287119	0.130151990464744	NA	-0.0825247485932077	226.800142539199	0.996388667113188	0.996388667113188
MYNN	quasibinomial	33	6	-0.331928628206756	0.214365430149649	0.130516007814788	NA	0.302393753543966	124.747211574511	0.996388667113188	0.996388667113188
ABCD2	quasibinomial	33	6	-0.323534805734636	0.209154841281006	0.130890652696863	NA	0.244112226944714	118.283095063279	0.996388667113188	0.996388667113188
NUP98	quasibinomial	33	6	0.180516113071792	0.11678701401226	0.131175405679599	NA	-0.172668294908551	90.1562087915987	0.996388667113188	0.996388667113188
GLIPR2	quasibinomial	33	6	0.123957908179721	0.0802424881234083	0.131391576504875	NA	-0.119185613659011	289.383763949766	0.996388667113188	0.996388667113188
SGPP1	quasibinomial	33	6	-0.287391861554327	0.186149180212669	0.131612166404844	NA	0.307713664995114	308.527894219779	0.996388667113188	0.996388667113188
ABHD13	quasibinomial	33	6	-0.22443721174786	0.145381376494556	0.131635609429182	NA	0.220887124580077	461.480815865761	0.996388667113188	0.996388667113188
TUBGCP4	quasibinomial	33	6	-0.194829763872934	0.126292093855222	0.131899812576705	NA	0.186892592604768	802.936329995757	0.996388667113188	0.996388667113188
IGLON5	quasibinomial	33	6	0.172697108418615	0.112030391473195	0.132184065112671	NA	-0.153162129281724	660.792209535653	0.996388667113188	0.996388667113188
ADD3	quasibinomial	33	6	-0.18278917795396	0.118834475160743	0.132996480292358	NA	0.173182869016652	618.037154623687	0.996388667113188	0.996388667113188
TASOR	quasibinomial	33	6	0.326560714023317	0.212481622488401	0.133312551515646	NA	-0.282919689498739	233.489251162615	0.996388667113188	0.996388667113188
RBM33	quasibinomial	33	6	0.226643230684599	0.147550598067337	0.133520979638742	NA	-0.21575282061018	230.86588747166	0.996388667113188	0.996388667113188
CBLB	quasibinomial	33	6	-0.307978256880957	0.200568632297562	0.133646335416451	NA	0.283113507233734	188.164782660932	0.996388667113188	0.996388667113188
MTHFD2	quasibinomial	33	6	-0.23620858488453	0.153871829467046	0.133750727515382	NA	0.216526723742263	517.829051902121	0.996388667113188	0.996388667113188
SEC24A	quasibinomial	33	6	0.227221014913971	0.148165958857549	0.134129239870359	NA	-0.203061819129108	188.939449899105	0.996388667113188	0.996388667113188
RGS6	quasibinomial	33	6	0.394581015033986	0.257526489882848	0.134464172802492	NA	-0.403965874005498	120.496679343675	0.996388667113188	0.996388667113188
FBXO9	quasibinomial	33	6	0.21119249685106	0.137909898575689	0.134665106456609	NA	-0.194701651502792	975.938007355328	0.996388667113188	0.996388667113188
CSMD3	quasibinomial	33	6	0.234365591976762	0.153060693994871	0.134711069700269	NA	-0.206698107903999	75.7195901164424	0.996388667113188	0.996388667113188
CARNMT1	quasibinomial	33	6	-0.248245517474582	0.162357710276719	0.135252039856535	NA	0.23706695196484	70.2592881652994	0.996388667113188	0.996388667113188
NEUROD1	quasibinomial	28	5	0.442072608643074	0.289531257326566	0.135784097536728	NA	-0.531758221151933	297.131754979693	0.996388667113188	0.996388667113188
ETNK1	quasibinomial	33	6	0.358036902978111	0.23493204248835	0.136493924983696	NA	-0.291256755152283	1226.76652430547	0.996388667113188	0.996388667113188
SHANK2	quasibinomial	33	6	-0.234916193343851	0.154165733519121	0.136546782767458	NA	0.211473250219281	331.022195403549	0.996388667113188	0.996388667113188
BRD7	quasibinomial	33	6	-0.283028124494433	0.185745231175519	0.136558311398815	NA	0.261543234065484	159.428491084039	0.996388667113188	0.996388667113188
RSPRY1	quasibinomial	33	6	-0.176702246515062	0.116390054207098	0.137948491805979	NA	0.168973653898762	286.11622508888	0.996388667113188	0.996388667113188
ATG7	quasibinomial	33	6	0.193278176918437	0.127359487042367	0.13810201428824	NA	-0.175374968109404	673.421251658444	0.996388667113188	0.996388667113188
SLITRK5	quasibinomial	33	6	0.223545897100764	0.147306040010612	0.138106735541829	NA	-0.178322992984092	1116.23593384973	0.996388667113188	0.996388667113188
MARCHF7	quasibinomial	33	6	0.285105322208336	0.18791635704967	0.13819941429336	NA	-0.245011751391974	469.538423594482	0.996388667113188	0.996388667113188
VWC2	quasibinomial	33	6	0.503658049794283	0.332392661104198	0.138689062563545	NA	-0.508094420542244	78.6842389291538	0.996388667113188	0.996388667113188
EMB	quasibinomial	33	6	0.197245837417894	0.130257265545277	0.138934410893568	NA	-0.186420203830321	296.730138264006	0.996388667113188	0.996388667113188
EIF1AD	quasibinomial	33	6	0.170370965731589	0.112529228413685	0.139001093880164	NA	-0.160778110331072	335.803965744949	0.996388667113188	0.996388667113188
PAIP1	quasibinomial	33	6	0.241889979976862	0.159910105774888	0.139343587205342	NA	-0.224797668396096	226.462631878368	0.996388667113188	0.996388667113188
PELO	quasibinomial	33	6	-0.22883881401165	0.151536661700891	0.139988508976719	NA	0.216742092450962	496.020642473399	0.996388667113188	0.996388667113188
UBE2J1	quasibinomial	33	6	-0.0513803477141762	0.0340241309120402	0.139990255004096	NA	0.0494311818777511	1068.27276567656	0.996388667113188	0.996388667113188
RPS6KA6	quasibinomial	33	6	0.197215970868836	0.130642504457168	0.140125071992492	NA	-0.198640472511081	291.988432068754	0.996388667113188	0.996388667113188
RINL	quasibinomial	33	6	0.276998611674591	0.18352882147281	0.14019963527649	NA	-0.265700718723854	87.95223583893	0.996388667113188	0.996388667113188
TRIM67	quasibinomial	33	6	0.250296853546317	0.165850242871773	0.140229758437907	NA	-0.240402274620405	878.083007786952	0.996388667113188	0.996388667113188
PPARA	quasibinomial	33	6	0.413725182906157	0.274239592014856	0.140369158291191	NA	-0.383050170342562	100.158681371277	0.996388667113188	0.996388667113188
MLEC	quasibinomial	33	6	-0.158078130246876	0.104811428081897	0.140474229370328	NA	0.153804675672937	1630.99553749908	0.996388667113188	0.996388667113188
KMT5A	quasibinomial	33	6	0.213993859624833	0.14207242040508	0.140980909077922	NA	-0.204250648227417	111.721600165237	0.996388667113188	0.996388667113188
JPT2	quasibinomial	33	6	-0.127037859715014	0.084376105667097	0.141138708463443	NA	0.108322724574392	852.189952515143	0.996388667113188	0.996388667113188
MPC2	quasibinomial	33	6	0.143400033239064	0.095443351031511	0.141947464203744	NA	-0.134753376911702	1053.66427958423	0.996388667113188	0.996388667113188
HUS1	quasibinomial	33	6	0.198857807015686	0.132476503085659	0.142303356224303	NA	-0.186666927021368	149.258454623297	0.996388667113188	0.996388667113188
PJA2	quasibinomial	33	6	-0.0759913702980874	0.0506274356849767	0.142326020528104	NA	0.0706766236276861	7574.87031636889	0.996388667113188	0.996388667113188
RALBP1	quasibinomial	33	6	0.165587995346255	0.110490805737401	0.142928400156547	NA	-0.153414773150357	190.159124604486	0.996388667113188	0.996388667113188
CCDC47	quasibinomial	33	6	0.133988704557176	0.0894119271635594	0.142955150765482	NA	-0.129413530056955	286.212498418796	0.996388667113188	0.996388667113188
TRAPPC2L	quasibinomial	33	6	0.203803422580693	0.136041247488956	0.143072855891018	NA	-0.207533665197703	1423.37904358367	0.996388667113188	0.996388667113188
RAB18	quasibinomial	33	6	-0.118633442234708	0.0792685857633833	0.143461302172818	NA	0.111210577601851	3407.29565550615	0.996388667113188	0.996388667113188
SLC36A4	quasibinomial	33	6	-0.193154977616002	0.129116883912024	0.143625048834373	NA	0.170290351861855	435.083326989059	0.996388667113188	0.996388667113188
SPATA13	quasibinomial	33	6	-0.272019323328355	0.182053673833524	0.144092678901824	NA	0.253600461989215	114.46640611319	0.996388667113188	0.996388667113188
CHM	quasibinomial	33	6	0.187470104467926	0.12564666575624	0.144647685055998	NA	-0.167400506975878	296.405620676217	0.996388667113188	0.996388667113188
ELP2	quasibinomial	33	6	0.1484948412929	0.0995539002057616	0.14476248773527	NA	-0.133016387409282	629.626997631898	0.996388667113188	0.996388667113188
IER3IP1	quasibinomial	33	6	0.103414432718559	0.0693534031690295	0.144887871659754	NA	-0.0987883676181508	809.692406219603	0.996388667113188	0.996388667113188
MOCS1	quasibinomial	33	6	0.317878936275534	0.213318499401043	0.14513943035195	NA	-0.287097801629442	218.175995982974	0.996388667113188	0.996388667113188
CALN1	quasibinomial	33	6	0.207668903890256	0.139526150588092	0.14560449778001	NA	-0.196809615520102	276.040106106172	0.996388667113188	0.996388667113188
MACROD2	quasibinomial	33	6	0.29562082019404	0.198767955931782	0.145898956429197	NA	-0.256940991980183	208.556475730526	0.996388667113188	0.996388667113188
SUPT7L	quasibinomial	33	6	0.140980872545608	0.0948026423470969	0.145942978022108	NA	-0.138912986061796	819.096045861462	0.996388667113188	0.996388667113188
GRB10	quasibinomial	33	6	0.164380427974415	0.110751065913418	0.146697947572933	NA	-0.143640335494735	779.444231232575	0.996388667113188	0.996388667113188
CDHR3	quasibinomial	33	6	0.284745093133491	0.191853464055513	0.146712014446248	NA	-0.277164633140769	110.240146591297	0.996388667113188	0.996388667113188
PDXK	quasibinomial	33	6	0.140437239246604	0.0946932465474824	0.147003912198803	NA	-0.13670021922044	2936.28710768669	0.996388667113188	0.996388667113188
UVSSA	quasibinomial	33	6	0.296504348251932	0.200200864041968	0.147544572205287	NA	-0.281713250587747	148.991282320981	0.996388667113188	0.996388667113188
MICOS10	quasibinomial	33	6	0.239763798501467	0.162003850754069	0.147822248139179	NA	-0.251892226753278	1904.97389064431	0.996388667113188	0.996388667113188
EPHA3	quasibinomial	33	6	-0.194998365664867	0.131796581005888	0.147941264981165	NA	0.187749605305571	298.419438507807	0.996388667113188	0.996388667113188
C19orf25	quasibinomial	33	6	-0.162401140960242	0.109805432175119	0.148087619322837	NA	0.157491107129874	1345.45131447848	0.996388667113188	0.996388667113188
ATXN7	quasibinomial	33	6	-0.525204010881213	0.355953899942041	0.149022892498949	NA	0.4221156866144	131.113430993715	0.996388667113188	0.996388667113188
SIRT3	quasibinomial	33	6	0.108033966780986	0.0732220980906452	0.149037539979866	NA	-0.103389498042428	404.600041056042	0.996388667113188	0.996388667113188
IGF2BP2	quasibinomial	33	6	-0.201574044436048	0.136761535655993	0.149444297290949	NA	0.195160722492918	110.090540222636	0.996388667113188	0.996388667113188
MED14	quasibinomial	33	6	0.295010887726441	0.200227926946321	0.149587334018844	NA	-0.27619473679498	66.6059026537631	0.996388667113188	0.996388667113188
PHACTR4	quasibinomial	33	6	-0.191340740140122	0.130088061396376	0.150264310829595	NA	0.173545550019769	180.609157717521	0.996388667113188	0.996388667113188
CDH11	quasibinomial	33	6	-0.291951935955114	0.198749797203085	0.150780000641097	NA	0.297477303493729	234.839924646496	0.996388667113188	0.996388667113188
PIP4K2B	quasibinomial	33	6	0.176525277270477	0.120173446662756	0.150785733349757	NA	-0.16675204554165	2628.55062636783	0.996388667113188	0.996388667113188
GPATCH2	quasibinomial	33	6	-0.265663196725508	0.180906485851902	0.150896320376863	NA	0.271855406045329	155.698115567262	0.996388667113188	0.996388667113188
USP37	quasibinomial	33	6	-0.181272171715882	0.123545898822569	0.151238398039094	NA	0.170138432011871	231.278847079623	0.996388667113188	0.996388667113188
ARL6	quasibinomial	33	6	0.160255959569496	0.109236417561166	0.151289642812009	NA	-0.150641813152621	362.068786697944	0.996388667113188	0.996388667113188
NASP	quasibinomial	33	6	0.151821935210606	0.103551457240049	0.151535098264476	NA	-0.146183796944189	201.62331581367	0.996388667113188	0.996388667113188
DYNLT3	quasibinomial	33	6	-0.0813379501899762	0.0555222500560075	0.151857347795185	NA	0.0763919577998849	983.14771097593	0.996388667113188	0.996388667113188
TANGO6	quasibinomial	33	6	-0.26541666343465	0.181248443214313	0.152015092811758	NA	0.245812003494233	96.3495386605621	0.996388667113188	0.996388667113188
ENY2	quasibinomial	33	6	-0.162555649175824	0.11101206667154	0.152035262835116	NA	0.149031322163545	1095.25948730405	0.996388667113188	0.996388667113188
WDR47	quasibinomial	33	6	-0.202224514733466	0.138215221476078	0.152359608425326	NA	0.201625721973151	1300.02464811707	0.996388667113188	0.996388667113188
CYB561D1	quasibinomial	33	6	0.243229149187379	0.166305637763193	0.152514829300154	NA	-0.229282899462982	350.545818571187	0.996388667113188	0.996388667113188
TTLL7	quasibinomial	33	6	-0.174401840803636	0.119263623882905	0.152574985433594	NA	0.164306420838087	538.175851430477	0.996388667113188	0.996388667113188
TMBIM4	quasibinomial	33	6	0.307260066239383	0.210559491534274	0.153412281384505	NA	-0.294988452921154	554.485868277247	0.996388667113188	0.996388667113188
GLG1	quasibinomial	33	6	0.161211561358278	0.110492904733507	0.153476184820789	NA	-0.156088905368992	1693.12735511134	0.996388667113188	0.996388667113188
ELAPOR2	quasibinomial	33	6	0.168424060258117	0.115570735565929	0.153941318967077	NA	-0.172597726175879	301.239052293159	0.996388667113188	0.996388667113188
STRBP	quasibinomial	33	6	0.170873517963659	0.117276785190566	0.154027452551664	NA	-0.163766125314557	518.081321259383	0.996388667113188	0.996388667113188
AP2B1	quasibinomial	33	6	0.150267126917446	0.103347334547418	0.154855289813304	NA	-0.141961212265334	3311.38461345237	0.996388667113188	0.996388667113188
SF3B1	quasibinomial	33	6	0.170862184690888	0.117616172525329	0.155211488512539	NA	-0.168425689620575	666.423184912451	0.996388667113188	0.996388667113188
KIF1A	quasibinomial	33	6	0.13867956530612	0.0956043892124791	0.155807081570119	NA	-0.124681039078624	10017.4024046791	0.996388667113188	0.996388667113188
FIP1L1	quasibinomial	33	6	-0.239036276921099	0.164825196204206	0.155894450436144	NA	0.228432951419172	185.707185112099	0.996388667113188	0.996388667113188
ST3GAL1	quasibinomial	33	6	0.283804606237799	0.196126526975512	0.156781145613922	NA	-0.272527597522542	221.811571123958	0.996388667113188	0.996388667113188
AGGF1	quasibinomial	33	6	-0.195178016620027	0.134887344452888	0.156802855231073	NA	0.183019518759732	131.124833946908	0.996388667113188	0.996388667113188
SKP1	quasibinomial	33	6	0.259697767591277	0.179662764222054	0.15722005766024	NA	-0.226754035875127	7540.74443217931	0.996388667113188	0.996388667113188
TMEM251	quasibinomial	33	6	-0.269093626417607	0.186239130120197	0.157385056123592	NA	0.233090630944965	552.15606326876	0.996388667113188	0.996388667113188
B3GLCT	quasibinomial	33	6	-0.343992663347006	0.238136229746589	0.15748610759836	NA	0.337226796211168	297.999927941883	0.996388667113188	0.996388667113188
GOLPH3L	quasibinomial	33	6	-0.130713788338383	0.0904966815436123	0.157518591506448	NA	0.124473973465452	186.023537864061	0.996388667113188	0.996388667113188
DOK6	quasibinomial	33	6	-0.225570068513878	0.156177591549389	0.157542749536566	NA	0.2160244884856	1406.88823015379	0.996388667113188	0.996388667113188
AP5Z1	quasibinomial	33	6	-0.407729218350295	0.282355925411871	0.15762436970778	NA	0.324922626873592	288.887309454189	0.996388667113188	0.996388667113188
POLR1D	quasibinomial	33	6	-0.115844126201094	0.0802890545623236	0.157956570534059	NA	0.111283731413771	506.228945819516	0.996388667113188	0.996388667113188
TRAPPC2	quasibinomial	33	6	0.253413317734513	0.175699143784394	0.158103471809427	NA	-0.220705231390419	767.067011558065	0.996388667113188	0.996388667113188
PDZD8	quasibinomial	33	6	-0.296381737801528	0.205590558620565	0.158300359289221	NA	0.278971309201216	827.542112890334	0.996388667113188	0.996388667113188
LRP12	quasibinomial	33	6	-0.228087624533137	0.158291221936474	0.158489768231069	NA	0.248185416266902	511.734918045716	0.996388667113188	0.996388667113188
SLC25A53	quasibinomial	33	6	-0.138651102431144	0.0965363947092687	0.159807828255141	NA	0.130098518597448	120.888197503302	0.996388667113188	0.996388667113188
SWAP70	quasibinomial	33	6	-0.21228578880867	0.147831159591877	0.159880090022935	NA	0.202794908888251	119.443424086356	0.996388667113188	0.996388667113188
FAM172A	quasibinomial	33	6	-0.154257267967211	0.107465019352161	0.160045035286197	NA	0.125229723164883	609.755623264789	0.996388667113188	0.996388667113188
ZNF461	quasibinomial	33	6	-0.306199333763439	0.213340742228479	0.160089993398969	NA	0.265708811603987	184.421655530028	0.996388667113188	0.996388667113188
MRPL30	quasibinomial	33	6	-0.133701527139899	0.0932023080105352	0.160296487533005	NA	0.126094326876973	670.964385838318	0.996388667113188	0.996388667113188
ZNF639	quasibinomial	33	6	-0.271812109286055	0.189649176042023	0.160663318155105	NA	0.242495880806472	508.479128580946	0.996388667113188	0.996388667113188
IAH1	quasibinomial	33	6	0.212752206805221	0.14859337799945	0.161078627952227	NA	-0.208839650644778	503.305459987365	0.996388667113188	0.996388667113188
ZFYVE16	quasibinomial	33	6	0.183473322997051	0.128155482299918	0.16111507990017	NA	-0.173910818076993	221.062438935715	0.996388667113188	0.996388667113188
CHST9	quasibinomial	32	5	-0.682619642895726	0.476879397516729	0.161176511320247	NA	0.687024361136984	62.9130529422673	0.996388667113188	0.996388667113188
PAPOLG	quasibinomial	33	6	-0.249059997815153	0.174052250378432	0.161313332588544	NA	0.233952696712183	173.010290004526	0.996388667113188	0.996388667113188
NFYB	quasibinomial	33	6	-0.193438951759472	0.135277203992218	0.161599555978871	NA	0.183558538478471	300.101185776557	0.996388667113188	0.996388667113188
MXRA7	quasibinomial	33	6	0.101723130952226	0.0711539194164174	0.161691952027182	NA	-0.094129724364819	1479.35895291377	0.996388667113188	0.996388667113188
CCDC14	quasibinomial	33	6	-0.222529823915523	0.155871015566962	0.16225382189014	NA	0.207044444516849	193.767213405378	0.996388667113188	0.996388667113188
RPF1	quasibinomial	33	6	0.307778804176689	0.215653792009474	0.162386642060134	NA	-0.279815925032145	297.290212240401	0.996388667113188	0.996388667113188
RPS6KB1	quasibinomial	33	6	-0.196804129496615	0.137910845810469	0.162429740222822	NA	0.200304957462452	318.891218555274	0.996388667113188	0.996388667113188
SPRYD7	quasibinomial	33	6	0.207522864340228	0.145491328275999	0.162624426517105	NA	-0.193721550158213	346.232246201215	0.996388667113188	0.996388667113188
CHRM3	quasibinomial	33	6	-0.203135648797988	0.142456306215198	0.162741482953178	NA	0.174528921606661	926.502205516837	0.996388667113188	0.996388667113188
WSB2	quasibinomial	33	6	-0.0684343874904597	0.0480248812388037	0.163020549636013	NA	0.061038124793887	3951.06026312525	0.996388667113188	0.996388667113188
SSBP3	quasibinomial	33	6	0.134402090168874	0.0943725669937967	0.16325404430997	NA	-0.127012420083101	573.1423131122	0.996388667113188	0.996388667113188
NDUFAF4	quasibinomial	33	6	0.149731371154037	0.105168559306786	0.163379760110277	NA	-0.142573601276959	953.604178011977	0.996388667113188	0.996388667113188
SULF1	quasibinomial	33	6	-0.179161958193856	0.125857950318741	0.163437957947801	NA	0.173626481179693	148.862165800044	0.996388667113188	0.996388667113188
CRISPLD1	quasibinomial	32	6	0.298364844885292	0.209628243563006	0.163501406175142	NA	-0.319547492134865	89.4195727831072	0.996388667113188	0.996388667113188
KIF26B	quasibinomial	33	6	0.248436073633223	0.174559635840544	0.163526891187952	NA	-0.241149578025721	887.444952511201	0.996388667113188	0.996388667113188
NOL9	quasibinomial	33	6	0.130913762860787	0.0919857328682548	0.163532546061948	NA	-0.12461615313127	288.938910502604	0.996388667113188	0.996388667113188
MRPS35	quasibinomial	33	6	0.206772983689521	0.145293188580495	0.163547911674842	NA	-0.200630735542463	620.550260905115	0.996388667113188	0.996388667113188
KIAA0895	quasibinomial	33	6	-0.134844378983809	0.0947961274307398	0.163742501369175	NA	0.131390294284214	582.806710222087	0.996388667113188	0.996388667113188
FOXK1	quasibinomial	33	6	-0.145161126672564	0.102058396699758	0.163780868473804	NA	0.138273501848245	420.624090693196	0.996388667113188	0.996388667113188
OGFOD2	quasibinomial	33	6	-0.154953752019345	0.109092971067821	0.1643438695866	NA	0.148248340127363	117.156987256887	0.996388667113188	0.996388667113188
CBX6	quasibinomial	33	6	0.266102308301241	0.187371990674388	0.164401845294057	NA	-0.250958073206201	1018.51468716833	0.996388667113188	0.996388667113188
GPR61	quasibinomial	33	6	-0.201209261331678	0.141706070783015	0.164481665406221	NA	0.164869141065136	435.792322024078	0.996388667113188	0.996388667113188
XKR6	quasibinomial	33	6	0.148652093294096	0.104698710012406	0.16450984320842	NA	-0.137219340163937	825.07653331751	0.996388667113188	0.996388667113188
USP35	quasibinomial	33	6	0.288412622393829	0.203355378034558	0.164955361054253	NA	-0.277447231834312	118.167529960218	0.996388667113188	0.996388667113188
GFOD1	quasibinomial	33	6	0.120115132971454	0.0847414640730391	0.165198447713125	NA	-0.112734249542573	1643.82059089153	0.996388667113188	0.996388667113188
ADAP2	quasibinomial	33	6	0.237439040948493	0.1677306041924	0.165730785229985	NA	-0.224321479448813	68.5241584967695	0.996388667113188	0.996388667113188
GATAD2A	quasibinomial	33	6	0.205169360359358	0.144937401269295	0.165738163420487	NA	-0.200882070380578	354.49957772159	0.996388667113188	0.996388667113188
FUBP1	quasibinomial	33	6	0.167559855349048	0.118420186076497	0.165916214557662	NA	-0.158070673763662	581.777579713219	0.996388667113188	0.996388667113188
SLC35A3	quasibinomial	33	6	0.278579632276526	0.197127456035397	0.166430491227746	NA	-0.269042167488567	152.013627798981	0.996388667113188	0.996388667113188
DDX17	quasibinomial	33	6	0.280288282527594	0.198364637610225	0.166488935965692	NA	-0.219761196250811	1483.35362981103	0.996388667113188	0.996388667113188
NPR3	quasibinomial	33	6	0.215566395148436	0.152599246609122	0.166595316640823	NA	-0.182168092885561	216.781435869438	0.996388667113188	0.996388667113188
ARPIN	quasibinomial	33	6	-0.182915602094661	0.129506389156554	0.166660964015258	NA	0.175729126208614	123.313317751608	0.996388667113188	0.996388667113188
DNAL1	quasibinomial	32	6	0.403331369390592	0.285726407722994	0.166896546958439	NA	-0.41144625693227	217.740262130703	0.996388667113188	0.996388667113188
FLNB	quasibinomial	33	6	0.125110654222835	0.0886421728008665	0.16695140698172	NA	-0.117659323815655	164.982498910701	0.996388667113188	0.996388667113188
TMEM183A	quasibinomial	33	6	0.195249832030148	0.138379749214045	0.167080484143418	NA	-0.193600202810296	588.079191368009	0.996388667113188	0.996388667113188
MED7	quasibinomial	33	6	0.118019872653749	0.0836455557350625	0.167086055054799	NA	-0.110879009181137	589.940902419928	0.996388667113188	0.996388667113188
RND3	quasibinomial	33	6	-0.0821007219864462	0.0582032637603183	0.167193163914135	NA	0.0812133475800735	2109.63141013824	0.996388667113188	0.996388667113188
MRPS11	quasibinomial	33	6	0.158201985078437	0.112258969253908	0.167582094081245	NA	-0.158539886635783	1049.62067554221	0.996388667113188	0.996388667113188
RETREG1	quasibinomial	33	6	-0.174929330262195	0.124267403818442	0.168044457474638	NA	0.168856866491566	1225.68807451727	0.996388667113188	0.996388667113188
UBE3A	quasibinomial	33	6	0.358688498086763	0.25514119312397	0.168586547236105	NA	-0.371255709176893	888.361279905439	0.996388667113188	0.996388667113188
DBT	quasibinomial	33	6	-0.184851165969631	0.131534120055293	0.168732634931332	NA	0.201172424054683	286.657244708016	0.996388667113188	0.996388667113188
IDH3A	quasibinomial	33	6	0.21952677945097	0.156365409700246	0.169149839914142	NA	-0.175356344613269	1791.58856328375	0.996388667113188	0.996388667113188
MYLIP	quasibinomial	33	6	-0.281999605263539	0.200864262299245	0.169150788245518	NA	0.26578486644507	60.5374506916235	0.996388667113188	0.996388667113188
HEATR5A	quasibinomial	33	6	-0.362496878993162	0.258209083939233	0.169163274978557	NA	0.341616192142163	71.2345391633309	0.996388667113188	0.996388667113188
CNIH1	quasibinomial	33	6	0.135156063698153	0.096309414739511	0.169321844492345	NA	-0.132177551409593	1856.39267208463	0.996388667113188	0.996388667113188
KRR1	quasibinomial	33	6	-0.291610384984075	0.207830018515555	0.169390731563514	NA	0.249940814080798	309.649934841566	0.996388667113188	0.996388667113188
PRKAR2B	quasibinomial	33	6	-0.179257206789758	0.127776491603802	0.169456726304772	NA	0.156737263141275	2915.65829712543	0.996388667113188	0.996388667113188
U2SURP	quasibinomial	33	6	-0.168236698214955	0.120048890673925	0.169899600645583	NA	0.156237641738948	270.765236724179	0.996388667113188	0.996388667113188
IGF1R	quasibinomial	33	6	-0.20670351765126	0.147606270421362	0.170205434697219	NA	0.191658564119403	718.256979979344	0.996388667113188	0.996388667113188
PHF20L1	quasibinomial	33	6	0.222086533798942	0.158712974378885	0.170524638731249	NA	-0.210906797413132	80.0147845536557	0.996388667113188	0.996388667113188
SBNO1	quasibinomial	33	6	-0.104409075486481	0.0746219360069417	0.170561104489265	NA	0.104456614862489	921.367504386193	0.996388667113188	0.996388667113188
STAM2	quasibinomial	33	6	-0.15598496307107	0.111604181656302	0.171011180141941	NA	0.121505075026569	490.307714621905	0.996388667113188	0.996388667113188
RAB31	quasibinomial	33	6	-0.196390612874578	0.140616220789463	0.171315297463601	NA	0.185757276955719	392.612169713977	0.996388667113188	0.996388667113188
ITPRIPL2	quasibinomial	33	6	-0.4475478153546	0.32050853491706	0.171397329353379	NA	0.408472807745626	100.397085108377	0.996388667113188	0.996388667113188
AQR	quasibinomial	33	6	-0.151881011208577	0.108798425611774	0.171511552859544	NA	0.145587263446905	362.387606090402	0.996388667113188	0.996388667113188
HSPA4	quasibinomial	33	6	0.148331910041637	0.106277702178049	0.171596476331439	NA	-0.138551123659702	1161.20329103353	0.996388667113188	0.996388667113188
FZR1	quasibinomial	33	6	0.138461812268415	0.0992274020927569	0.171686800728319	NA	-0.127387023855378	952.287915808885	0.996388667113188	0.996388667113188
IL1RAP	quasibinomial	32	6	0.296448042600646	0.212453225194105	0.171699414720689	NA	-0.290178672523131	180.900944127153	0.996388667113188	0.996388667113188
ZFHX4	quasibinomial	33	6	-0.257749288200565	0.184791441190853	0.171862393225329	NA	0.249494464924118	175.863970455548	0.996388667113188	0.996388667113188
ANKRD46	quasibinomial	33	6	-0.114519328196546	0.0821051605070048	0.171869393412497	NA	0.111437635130184	2087.39460419087	0.996388667113188	0.996388667113188
SFXN1	quasibinomial	33	6	-0.150795314595839	0.108159578579826	0.17204765754315	NA	0.105706023880746	1185.15198667687	0.996388667113188	0.996388667113188
C17orf75	quasibinomial	33	6	0.180438470915468	0.129465149137166	0.172188604502764	NA	-0.173716904943315	351.519660092296	0.996388667113188	0.996388667113188
PTP4A1	quasibinomial	33	6	-0.0814344483593451	0.058466152232852	0.172450823236119	NA	0.0774525110987334	2356.77500518676	0.996388667113188	0.996388667113188
DCTN5	quasibinomial	33	6	0.178737078866731	0.128386517715422	0.172651382657204	NA	-0.170825056718742	2256.82161350495	0.996388667113188	0.996388667113188
LRRTM4	quasibinomial	33	6	-0.342316882432459	0.245979322801309	0.172810728933303	NA	0.324150606129784	52.3685390194472	0.996388667113188	0.996388667113188
MAPKAP1	quasibinomial	33	6	0.0948836693232906	0.0682077819579966	0.172976536986749	NA	-0.0906587193201314	420.216469952845	0.996388667113188	0.996388667113188
IER3	quasibinomial	33	6	-0.172218727385041	0.123903541212827	0.173324273225353	NA	0.162732118875691	237.942223145875	0.996388667113188	0.996388667113188
LDB2	quasibinomial	33	6	-0.279113387771225	0.201060883703519	0.173848521960522	NA	0.267240114246641	144.038793975034	0.996388667113188	0.996388667113188
ACVR1	quasibinomial	33	6	-0.146814989522616	0.105798225900398	0.174003973820294	NA	0.138604306465666	146.891433918798	0.996388667113188	0.996388667113188
PAQR3	quasibinomial	33	6	-0.223743370372671	0.161247796626272	0.174038364838422	NA	0.242857577948059	950.627181601494	0.996388667113188	0.996388667113188
SGPL1	quasibinomial	33	6	0.154996246095045	0.111711793799199	0.174071412580846	NA	-0.164579682670808	996.838599914283	0.996388667113188	0.996388667113188
SLC9B2	quasibinomial	33	6	-0.173375570321838	0.124967041474829	0.174100125262172	NA	0.164542393790006	279.300243218665	0.996388667113188	0.996388667113188
SLC4A8	quasibinomial	33	6	0.384843266068799	0.277548751915954	0.174339433485974	NA	-0.355553050424035	607.632769262155	0.996388667113188	0.996388667113188
ANTXR2	quasibinomial	33	6	-0.275670441252646	0.198891317189118	0.174503903579832	NA	0.25199090554399	263.306930508385	0.996388667113188	0.996388667113188
ODF2L	quasibinomial	33	6	0.269247293675291	0.194407263826593	0.174828223747156	NA	-0.257061848156757	427.342787240411	0.996388667113188	0.996388667113188
TIMM22	quasibinomial	33	6	-0.16739870895876	0.120879366885611	0.174865869798086	NA	0.175583253161859	1368.12822755294	0.996388667113188	0.996388667113188
TLK1	quasibinomial	33	6	-0.176112268448233	0.127190779828029	0.174929645856834	NA	0.167376662686203	447.41627611282	0.996388667113188	0.996388667113188
PLXDC1	quasibinomial	33	6	0.304958050398674	0.220369130679242	0.175166304941041	NA	-0.305726289075238	138.749884416781	0.996388667113188	0.996388667113188
SLC45A4	quasibinomial	33	6	0.308633022499241	0.223263909066115	0.175616920980896	NA	-0.284173834361092	201.518928450378	0.996388667113188	0.996388667113188
TTC30A	quasibinomial	33	6	-0.490040727423485	0.354580632844979	0.175720275834106	NA	0.43884652195165	288.807680378217	0.996388667113188	0.996388667113188
DENND6A	quasibinomial	33	6	-0.246001699623755	0.178236476134586	0.176278238005338	NA	0.235926915236238	88.7765230474869	0.996388667113188	0.996388667113188
RNF121	quasibinomial	33	6	0.18807934062301	0.136319336289412	0.176431388867116	NA	-0.175323895691017	223.784049041336	0.996388667113188	0.996388667113188
ZNF280D	quasibinomial	33	6	-0.17824373167349	0.129217497272243	0.176519378422232	NA	0.171230395194378	58.0561053191972	0.996388667113188	0.996388667113188
ZNF383	quasibinomial	33	6	-0.320969823840235	0.232735459548249	0.176607970093712	NA	0.294375369340093	85.1877716434493	0.996388667113188	0.996388667113188
ACER3	quasibinomial	33	6	0.224349868596205	0.162708960515054	0.17669269835343	NA	-0.210035284567808	506.592090944587	0.996388667113188	0.996388667113188
SLC35F6	quasibinomial	33	6	0.216969228865286	0.157482857913125	0.177032049110538	NA	-0.213196336465787	552.653588357841	0.996388667113188	0.996388667113188
PLXNA1	quasibinomial	33	6	0.141914281053941	0.103020957197937	0.177094545049633	NA	-0.129821288852598	1322.09584672742	0.996388667113188	0.996388667113188
AKR1C1	quasibinomial	33	6	0.343090978478966	0.249216322156758	0.177354672709475	NA	-0.360884793148173	293.707210833165	0.996388667113188	0.996388667113188
GOLGA3	quasibinomial	33	6	0.128997315371252	0.0939137088521005	0.178309201078995	NA	-0.122471912292286	486.946541727181	0.996388667113188	0.996388667113188
GRK5	quasibinomial	33	6	-0.24653275843785	0.17970849701574	0.178840846971095	NA	0.235338700753933	171.797219477182	0.996388667113188	0.996388667113188
PELI2	quasibinomial	33	6	-0.166579690129213	0.121504564471786	0.179110525432419	NA	0.124828501681831	559.378209471723	0.996388667113188	0.996388667113188
IGSF3	quasibinomial	33	6	0.197967932394933	0.144565238386818	0.179596959053921	NA	-0.150896169988824	749.200165861422	0.996388667113188	0.996388667113188
CAND1	quasibinomial	33	6	0.179295165686432	0.13102019662384	0.179890552088829	NA	-0.173270968346121	1511.17231119555	0.996388667113188	0.996388667113188
POP1	quasibinomial	33	6	-0.300866416178985	0.219863133788744	0.179899376999831	NA	0.288572241432434	53.8263931881533	0.996388667113188	0.996388667113188
RTRAF	quasibinomial	33	6	0.227941914965659	0.166882179412791	0.180688380520506	NA	-0.232842662348765	1017.05897310612	0.996388667113188	0.996388667113188
TLE3	quasibinomial	33	6	0.191467733155667	0.140216546971258	0.180803744386568	NA	-0.184331223157462	159.69311101229	0.996388667113188	0.996388667113188
AXIN2	quasibinomial	33	6	0.253692612457261	0.185795952620839	0.180827970872202	NA	-0.246778889885364	65.5429918877512	0.996388667113188	0.996388667113188
ROBO2	quasibinomial	33	6	0.143775545743176	0.105330117006795	0.180964129139777	NA	-0.138270018207429	292.204942672701	0.996388667113188	0.996388667113188
SLC7A6	quasibinomial	33	6	0.1396495632354	0.102390461889829	0.181309181871635	NA	-0.134367171849106	507.20566296596	0.996388667113188	0.996388667113188
ZNF277	quasibinomial	33	6	0.189824467309228	0.139266772270956	0.181579015752074	NA	-0.180741982819232	120.698918325555	0.996388667113188	0.996388667113188
USPL1	quasibinomial	33	6	0.271476428958999	0.199233350147497	0.181710935834792	NA	-0.270751910635483	545.740082850801	0.996388667113188	0.996388667113188
RANBP17	quasibinomial	33	6	-0.223950622823863	0.164471694265656	0.182013914863165	NA	0.211635995757109	59.5156836674606	0.996388667113188	0.996388667113188
XKR4	quasibinomial	33	6	-0.0919109843987191	0.0675867388480144	0.182558750849511	NA	0.0880733360455199	2202.95869645521	0.996388667113188	0.996388667113188
JAG2	quasibinomial	33	6	-0.349776290725326	0.257285755135796	0.18268768602397	NA	0.305537721726626	683.625465453523	0.996388667113188	0.996388667113188
NCAPD3	quasibinomial	33	6	0.205000643073372	0.15082358601527	0.182774772146544	NA	-0.18179521665764	511.312261841411	0.996388667113188	0.996388667113188
KIF3B	quasibinomial	33	6	0.108906740172217	0.0801783047746541	0.183057812393892	NA	-0.110725907434324	1489.93654424706	0.996388667113188	0.996388667113188
WDR3	quasibinomial	33	6	0.210934084560098	0.155325025069655	0.183148786817308	NA	-0.220925542521081	235.4302911258	0.996388667113188	0.996388667113188
MRPL42	quasibinomial	33	6	0.120529760195926	0.08884471584464	0.183584063731506	NA	-0.113340917130986	789.64728824922	0.996388667113188	0.996388667113188
RNF166	quasibinomial	33	6	0.129660810468312	0.0956722679641672	0.18401712226404	NA	-0.125790195571686	165.272221738054	0.996388667113188	0.996388667113188
TMEM200A	quasibinomial	33	6	-0.125055352255084	0.0922818497949551	0.184053227450602	NA	0.126220721241371	489.836861464025	0.996388667113188	0.996388667113188
UBE2N	quasibinomial	33	6	0.154303431492031	0.113947969310159	0.184365442584777	NA	-0.150951287281274	5382.69931345148	0.996388667113188	0.996388667113188
TIAL1	quasibinomial	33	6	0.187183118970869	0.13827236086734	0.184501114195311	NA	-0.188729594636086	362.524650593096	0.996388667113188	0.996388667113188
TMEM8B	quasibinomial	33	6	-0.186464459908608	0.137749879644149	0.184527191567089	NA	0.179161776848195	482.072467224442	0.996388667113188	0.996388667113188
ABCC4	quasibinomial	33	6	0.246580702709004	0.182251368186772	0.18474064271284	NA	-0.215595937169149	65.425364629879	0.996388667113188	0.996388667113188
FBXL20	quasibinomial	33	6	-0.176632648142931	0.130585394020348	0.184850986014436	NA	0.17051230387115	383.80197758938	0.996388667113188	0.996388667113188
CEP89	quasibinomial	33	6	-0.304145398238684	0.225249204525907	0.18559933537612	NA	0.306795364212969	152.957625904358	0.996388667113188	0.996388667113188
WIPF2	quasibinomial	33	6	0.194649354343611	0.144386483123304	0.186282624355094	NA	-0.187475631204324	367.198717600846	0.996388667113188	0.996388667113188
ARL5B	quasibinomial	33	6	0.157845303723937	0.117347612652679	0.187241487098966	NA	-0.139078025736359	559.252515810536	0.996388667113188	0.996388667113188
SEMA3C	quasibinomial	33	6	-0.224952770405001	0.16736347577996	0.187565180413605	NA	0.243511440888855	1924.26438704188	0.996388667113188	0.996388667113188
SUGT1	quasibinomial	33	6	0.159545321542048	0.118733367331948	0.187683482029746	NA	-0.134145768846344	1123.1597701215	0.996388667113188	0.996388667113188
PLPPR4	quasibinomial	33	6	-0.187797931261741	0.139987799041351	0.188388302979309	NA	0.195176952230866	1280.27237573707	0.996388667113188	0.996388667113188
LDLRAD3	quasibinomial	33	6	-0.203369669560212	0.151674153699411	0.18861264277929	NA	0.229375847832883	1042.90947088954	0.996388667113188	0.996388667113188
FOS	quasibinomial	33	6	0.110782707033799	0.0826729892402444	0.188877052183305	NA	-0.114360335760859	444.160991369443	0.996388667113188	0.996388667113188
RIMS2	quasibinomial	33	6	-0.273792651659662	0.204792875648592	0.189872538657914	NA	0.266868025311616	188.453561207679	0.996388667113188	0.996388667113188
EFCAB11	quasibinomial	33	6	0.253461838144149	0.189648799047156	0.190016289950428	NA	-0.232083189837841	71.4807106193471	0.996388667113188	0.996388667113188
TENT4B	quasibinomial	33	6	-0.288186036310745	0.215665088481687	0.190085359385809	NA	0.311526531046192	264.593958434816	0.996388667113188	0.996388667113188
RIMS4	quasibinomial	33	6	0.186040740242373	0.139339091452725	0.190441800227141	NA	-0.161455665832524	1762.33535772352	0.996388667113188	0.996388667113188
ZBTB6	quasibinomial	33	6	-0.218036830761489	0.163355735088293	0.190580860919746	NA	0.225095806589807	173.630330183872	0.996388667113188	0.996388667113188
DYRK1A	quasibinomial	17	5	0.623112446847328	0.467054782221044	0.190777014140467	NA	-0.0945715352526047	405.134769857057	0.996388667113188	0.996388667113188
HOMER1	quasibinomial	33	6	-0.196341181824979	0.147315162139725	0.191210313057419	NA	0.187972713731529	140.830062454824	0.996388667113188	0.996388667113188
PAK5	quasibinomial	33	6	-0.217933233224277	0.163524913870502	0.191234666361619	NA	0.233476742988719	310.55950494279	0.996388667113188	0.996388667113188
BCL2	quasibinomial	33	6	0.451674381038328	0.339099729942101	0.19147558269098	NA	-0.408754741253102	58.2023663100362	0.996388667113188	0.996388667113188
PCMTD2	quasibinomial	33	6	-0.115348111873589	0.0866476460208173	0.191719366576333	NA	0.099835946904076	625.577023826359	0.996388667113188	0.996388667113188
RRAGD	quasibinomial	33	6	0.215995907738425	0.162548491851508	0.192509551824488	NA	-0.204707311524595	151.071540983486	0.996388667113188	0.996388667113188
LCOR	quasibinomial	33	6	0.308524857005249	0.232293272015833	0.192718524862355	NA	-0.379671364299341	388.587517441771	0.996388667113188	0.996388667113188
UQCC2	quasibinomial	33	6	0.176568630440523	0.133113419001542	0.193280497618463	NA	-0.170826111931419	680.54073709972	0.996388667113188	0.996388667113188
TBC1D14	quasibinomial	33	6	0.0934692046798249	0.0704895913401337	0.193428781562591	NA	-0.0891001214823103	1656.48005157953	0.996388667113188	0.996388667113188
TENM4	quasibinomial	24	4	-0.816788431080665	0.616357153987885	0.193695522361002	NA	0.601363796017149	972.58321227306	0.996388667113188	0.996388667113188
RPP30	quasibinomial	33	6	0.23606562452499	0.178164544989302	0.19376128931477	NA	-0.247406212198613	126.010893102688	0.996388667113188	0.996388667113188
HMGB3	quasibinomial	33	6	-0.114768721002232	0.0866202434755987	0.193768626362827	NA	0.110177068958204	1423.49378255319	0.996388667113188	0.996388667113188
SUPT16H	quasibinomial	33	6	0.090088020728469	0.0680485092043206	0.194124995667162	NA	-0.0819033591976784	752.491046202759	0.996388667113188	0.996388667113188
ZNF587	quasibinomial	33	6	-0.165410500146781	0.124988121947652	0.194279443494939	NA	0.159565251676243	327.423917610582	0.996388667113188	0.996388667113188
PRNP	quasibinomial	33	6	-0.100409139096537	0.0758908665167011	0.194390319333016	NA	0.100830659571456	5367.03418420706	0.996388667113188	0.996388667113188
LDAF1	quasibinomial	33	6	-0.187729321338237	0.141926995267882	0.194507261745523	NA	0.177522926746073	298.67628404674	0.996388667113188	0.996388667113188
NDRG1	quasibinomial	33	6	0.118870986487198	0.0898830835703454	0.194576655566485	NA	-0.113128883135554	243.855175862058	0.996388667113188	0.996388667113188
SPARC	quasibinomial	33	6	-0.0802832348625119	0.0607512971957208	0.194906289356459	NA	0.0779071415056672	3400.81984070795	0.996388667113188	0.996388667113188
APPBP2	quasibinomial	33	6	-0.17032925759401	0.129117598811672	0.195674888572686	NA	0.157453993924048	605.277731824837	0.996388667113188	0.996388667113188
EYA1	quasibinomial	33	6	-0.151080152620679	0.114535035484754	0.195709804633259	NA	0.1412603307327	350.008067865487	0.996388667113188	0.996388667113188
RCOR3	quasibinomial	33	6	-0.150571081184108	0.114312200343496	0.196333130916362	NA	0.124417509882806	525.558684687934	0.996388667113188	0.996388667113188
TPPP	quasibinomial	33	6	0.139745419665663	0.106206935287629	0.196800252515693	NA	-0.152701201162517	1894.73715036073	0.996388667113188	0.996388667113188
ANO3	quasibinomial	33	6	-0.542548582575597	0.413119839606207	0.197628262582613	NA	0.469370200130516	69.9519863763864	0.996388667113188	0.996388667113188
FBXO44	quasibinomial	33	6	-0.137892610669121	0.105046698811085	0.197833887268185	NA	0.130105296332897	2280.95533530576	0.996388667113188	0.996388667113188
NMNAT2	quasibinomial	33	6	-0.162128114097723	0.123601546144618	0.198160769717834	NA	0.152323528371113	1027.45363646005	0.996388667113188	0.996388667113188
HMGCS1	quasibinomial	33	6	-0.146206892143676	0.111502178299399	0.198312020494086	NA	0.133440915958149	2696.12853681166	0.996388667113188	0.996388667113188
RALA	quasibinomial	33	6	0.146415852680383	0.111748470451649	0.198653100849644	NA	-0.141773905867906	1437.3129119853	0.996388667113188	0.996388667113188
DHFR2	quasibinomial	33	6	-0.201590612079591	0.153956083244914	0.198928801907272	NA	0.181583015753061	158.312638226304	0.996388667113188	0.996388667113188
TRMT1L	quasibinomial	33	6	-0.193855214995374	0.148121021105065	0.199143595841344	NA	0.185193150803431	134.183437986543	0.996388667113188	0.996388667113188
PRXL2A	quasibinomial	33	6	0.118373522251746	0.0905179983798869	0.199488334081123	NA	-0.106306323534395	2543.58591504664	0.996388667113188	0.996388667113188
DLD	quasibinomial	33	6	0.197191155069883	0.150829453268132	0.199607971748436	NA	-0.171261503098216	943.334391881047	0.996388667113188	0.996388667113188
LRRC4	quasibinomial	33	6	-0.388004833836284	0.29705548656207	0.200014207707631	NA	0.331110528667643	264.095172890385	0.996388667113188	0.996388667113188
POFUT1	quasibinomial	33	6	0.173059539316542	0.132507809273746	0.20006022414355	NA	-0.174515168784616	245.684297709711	0.996388667113188	0.996388667113188
KCTD18	quasibinomial	33	6	-0.238196199340883	0.182471385497972	0.200276762095935	NA	0.224999984017323	104.603122110406	0.996388667113188	0.996388667113188
MRPL22	quasibinomial	33	6	0.288572621345954	0.221139329839469	0.200429509481215	NA	-0.35483002790601	522.375667245873	0.996388667113188	0.996388667113188
FLVCR1	quasibinomial	33	6	0.128270452902418	0.0983643634427698	0.200733539183413	NA	-0.122775275257372	463.381049457749	0.996388667113188	0.996388667113188
FAT3	quasibinomial	33	6	0.177848253790149	0.136429047622632	0.200881492192119	NA	-0.170925462081903	392.860794732437	0.996388667113188	0.996388667113188
RAPGEF4	quasibinomial	33	6	-0.119680736390089	0.0918107781558092	0.200893822983916	NA	0.108764092295365	494.68678112656	0.996388667113188	0.996388667113188
CLPX	quasibinomial	33	6	0.191347413590291	0.146860426663127	0.201109381699026	NA	-0.182631421913685	139.835160848452	0.996388667113188	0.996388667113188
NSD1	quasibinomial	33	6	-0.205743877067835	0.157963663673544	0.201259450626424	NA	0.196355168018406	284.683144722254	0.996388667113188	0.996388667113188
ALDH6A1	quasibinomial	33	6	-0.161507423724922	0.124043076134543	0.20141124720861	NA	0.146658366117313	206.407772404712	0.996388667113188	0.996388667113188
RIOX2	quasibinomial	33	6	-0.199962282268756	0.153633767002261	0.20157199766038	NA	0.190019928831453	190.144890007893	0.996388667113188	0.996388667113188
ZNF778	quasibinomial	33	6	0.263649395202194	0.202615323263907	0.2016804121635	NA	-0.30323426687455	397.389828774744	0.996388667113188	0.996388667113188
LRIG2	quasibinomial	33	6	-0.181334476893907	0.139394592953728	0.201802155818023	NA	0.178932274930571	327.795223318812	0.996388667113188	0.996388667113188
RNF168	quasibinomial	33	6	-0.295661913161281	0.227518605945787	0.202264833016661	NA	0.292559733284589	277.633084957537	0.996388667113188	0.996388667113188
ZNF623	quasibinomial	33	6	-0.200749194746094	0.154537962329587	0.202427086690673	NA	0.199602370466094	374.741658883383	0.996388667113188	0.996388667113188
RPS15A	quasibinomial	33	6	0.209787348694831	0.16155130796265	0.202579204420427	NA	-0.215540007214779	588.387250613798	0.996388667113188	0.996388667113188
UFL1	quasibinomial	33	6	-0.287091688608872	0.221313498775759	0.203042527816202	NA	0.270224826022764	56.1424672726633	0.996388667113188	0.996388667113188
MIA3	quasibinomial	33	6	-0.148597631989618	0.114620327168582	0.203309299133369	NA	0.151742694830516	300.896969111118	0.996388667113188	0.996388667113188
ZCCHC14	quasibinomial	33	6	0.126525758068757	0.097664738837071	0.203623587807866	NA	-0.122610090804088	179.651410929448	0.996388667113188	0.996388667113188
TLCD4	quasibinomial	33	6	-0.273994326848641	0.211507815943631	0.203650036765435	NA	0.261975427064735	111.228442460155	0.996388667113188	0.996388667113188
FBXO28	quasibinomial	33	6	-0.105527274442231	0.081461978826856	0.203655513000232	NA	0.100348958515608	459.091182086564	0.996388667113188	0.996388667113188
TMEM120B	quasibinomial	33	6	-0.108767208677137	0.0840088723885979	0.203896545484137	NA	0.108094460334045	744.267983088248	0.996388667113188	0.996388667113188
ONECUT2	quasibinomial	33	6	-0.126588241690734	0.0978329501273081	0.204165828539913	NA	0.122006476364966	2522.27141986956	0.996388667113188	0.996388667113188
ST3GAL2	quasibinomial	33	6	0.105856063681239	0.0818286647638223	0.204265526972283	NA	-0.105099291526667	643.618886126126	0.996388667113188	0.996388667113188
ZDHHC21	quasibinomial	33	6	0.159177281570731	0.123064133356594	0.204327312527748	NA	-0.158132766015947	350.088422413508	0.996388667113188	0.996388667113188
PLPP5	quasibinomial	33	6	-0.211605914722006	0.163598295946715	0.20432788149774	NA	0.205027147602559	113.212915984137	0.996388667113188	0.996388667113188
GABRA3	quasibinomial	33	6	-0.128684516062662	0.0995153621792383	0.204442795143971	NA	0.122878316557529	896.785249556842	0.996388667113188	0.996388667113188
PKNOX1	quasibinomial	33	6	0.181930920225351	0.140785142463504	0.204734564673344	NA	-0.154882554468811	117.242641756995	0.996388667113188	0.996388667113188
LRPAP1	quasibinomial	33	6	0.201692389693079	0.156148118681387	0.204935212444296	NA	-0.193296811784133	1065.44334720803	0.996388667113188	0.996388667113188
TOR1A	quasibinomial	33	6	0.0854136545138139	0.0661528974768004	0.205112868816086	NA	-0.0827584555118525	702.252219374664	0.996388667113188	0.996388667113188
STK32A	quasibinomial	33	6	0.187758365639095	0.145441555048788	0.205181821000787	NA	-0.163474497690926	560.376258313109	0.996388667113188	0.996388667113188
PPIA	quasibinomial	33	6	0.0874021821072921	0.0677691881445387	0.205610892551677	NA	-0.0888928077585821	5493.34109917493	0.996388667113188	0.996388667113188
PRTG	quasibinomial	33	6	-0.391309887898301	0.303413921691903	0.205615660271632	NA	0.319809894708079	97.5287587703993	0.996388667113188	0.996388667113188
VEGFA	quasibinomial	33	6	-0.229859575521332	0.178323540857431	0.205851722788503	NA	0.242461103826189	148.464519892494	0.996388667113188	0.996388667113188
POU6F2	quasibinomial	33	6	-0.235180904483962	0.182460963857812	0.205873996752388	NA	0.224189997481066	194.134249296661	0.996388667113188	0.996388667113188
CASTOR2	quasibinomial	33	6	0.146047726183304	0.113328210655396	0.205950858527238	NA	-0.138670693941612	1660.40273169503	0.996388667113188	0.996388667113188
HCN4	quasibinomial	33	6	0.205662163477875	0.15972662077524	0.206338412050145	NA	-0.196184382225691	161.916845325678	0.996388667113188	0.996388667113188
ZNF285	quasibinomial	33	6	-0.326142682397667	0.253449577975388	0.206604984463414	NA	0.301545959496826	309.436723066551	0.996388667113188	0.996388667113188
UBE2K	quasibinomial	33	6	0.153399150212339	0.11927984343056	0.20687078153744	NA	-0.152165219754818	1039.70623079793	0.996388667113188	0.996388667113188
ZNF324	quasibinomial	33	6	-0.205429641811395	0.15981103650995	0.207074715339451	NA	0.151851124923166	1004.70960814646	0.996388667113188	0.996388667113188
NEPRO	quasibinomial	33	6	0.125296998838543	0.0975102434597078	0.207244314977229	NA	-0.117034031720261	312.874784383772	0.996388667113188	0.996388667113188
ATP6V1G2	quasibinomial	33	6	-0.077385094758857	0.060247590002516	0.207420985945505	NA	0.0723963933451532	5215.71928014277	0.996388667113188	0.996388667113188
ZNF462	quasibinomial	33	6	-0.416962308879963	0.32535763889534	0.208425722766807	NA	0.384156818010949	267.662720932984	0.996388667113188	0.996388667113188
POU6F1	quasibinomial	33	6	0.230466064635382	0.179905380788322	0.208602857537568	NA	-0.22271875714005	166.087661621041	0.996388667113188	0.996388667113188
PAK1	quasibinomial	33	6	0.104024141710826	0.0812289438145794	0.208745756093632	NA	-0.0969085910857583	1012.97067066492	0.996388667113188	0.996388667113188
ESRRG	quasibinomial	33	6	-0.147649037683883	0.115364855800801	0.209018565209894	NA	0.127120917126614	1022.91149737235	0.996388667113188	0.996388667113188
RASAL2	quasibinomial	33	6	-0.185344574931502	0.144833743090915	0.20906670366732	NA	0.155425126346268	861.879286272302	0.996388667113188	0.996388667113188
C1orf50	quasibinomial	33	6	-0.1680665197078	0.131363597813352	0.209173254109367	NA	0.146397161485853	790.389122975716	0.996388667113188	0.996388667113188
UCK1	quasibinomial	33	6	0.08544088846407	0.0667831036812255	0.209180445297858	NA	-0.0820120269014333	553.66708673809	0.996388667113188	0.996388667113188
INSR	quasibinomial	33	6	0.27823174348591	0.217517206032608	0.209268706563015	NA	-0.252492252179858	826.561332495773	0.996388667113188	0.996388667113188
UQCC1	quasibinomial	33	6	-0.0637290855864145	0.0498439999431346	0.2094617386969	NA	0.0609664941680683	862.471528986494	0.996388667113188	0.996388667113188
RNGTT	quasibinomial	33	6	-0.124762287483505	0.0975913950445175	0.209516088611449	NA	0.0750292316089493	393.399269174117	0.996388667113188	0.996388667113188
GOLGA2	quasibinomial	33	6	0.192519349897956	0.150626673670018	0.209617935071445	NA	-0.177222538019285	259.70035898395	0.996388667113188	0.996388667113188
ACBD3	quasibinomial	33	6	-0.143064731953496	0.111943199162523	0.209656532686304	NA	0.14435452161765	549.493425140828	0.996388667113188	0.996388667113188
KANSL3	quasibinomial	33	6	0.0820137618267455	0.0643314420158912	0.210756365211346	NA	-0.0771534012015561	555.152729938095	0.996388667113188	0.996388667113188
HACD2	quasibinomial	33	6	0.164138873404791	0.128768665001597	0.210820255370318	NA	-0.145406306711075	689.720380462946	0.996388667113188	0.996388667113188
CANT1	quasibinomial	33	6	0.145591122553216	0.114350879754694	0.211340147846647	NA	-0.138319774993987	260.177624487769	0.996388667113188	0.996388667113188
F7	quasibinomial	28	6	-0.52738197778908	0.414572592037347	0.211721337745327	NA	0.403499211110242	92.3636336217389	0.996388667113188	0.996388667113188
SKIDA1	quasibinomial	33	6	-0.265952038321621	0.209192272539214	0.211996034893362	NA	0.239291289731953	81.8606267242321	0.996388667113188	0.996388667113188
BAG1	quasibinomial	33	6	0.252372661388702	0.198547820900086	0.212078874084228	NA	-0.272101990407517	1043.5981088512	0.996388667113188	0.996388667113188
SERINC5	quasibinomial	33	6	-0.298432327742802	0.234799781137072	0.212108722084454	NA	0.361286471802787	205.741326072437	0.996388667113188	0.996388667113188
MAPK13	quasibinomial	33	6	0.239635066472144	0.188783362574735	0.212686819212107	NA	-0.23143188775107	84.1691729588684	0.996388667113188	0.996388667113188
C14orf132	quasibinomial	33	6	0.138862269097743	0.109431867577824	0.212837411531511	NA	-0.153372465828694	7636.86018036978	0.996388667113188	0.996388667113188
DLGAP2	quasibinomial	33	6	0.218364929043081	0.17216564080551	0.213047623686973	NA	-0.210697346441171	178.688902529207	0.996388667113188	0.996388667113188
PCDH17	quasibinomial	33	6	-0.136385913272774	0.10757297463325	0.213222878442596	NA	0.133050454646786	2262.32301630981	0.996388667113188	0.996388667113188
RAB27B	quasibinomial	33	6	-0.135562442347472	0.10712416642378	0.214062680093972	NA	0.120812414788223	578.611279293486	0.996388667113188	0.996388667113188
ZNF570	quasibinomial	33	6	0.180049283076347	0.142278724014533	0.214063190178628	NA	-0.174580511105974	155.349865978787	0.996388667113188	0.996388667113188
KDM5D	quasibinomial	25	4	-0.676515988632459	0.534609209780998	0.214073307255127	NA	0.65222648027152	110.053201620563	0.996388667113188	0.996388667113188
IQCK	quasibinomial	33	6	0.182985219848171	0.144620466022479	0.214130440984267	NA	-0.170517681073504	245.496479189622	0.996388667113188	0.996388667113188
POP4	quasibinomial	33	6	-0.159149917795999	0.125910936637052	0.214587974939332	NA	0.142341222586507	664.285187860271	0.996388667113188	0.996388667113188
POLR3D	quasibinomial	33	6	-0.190688067726993	0.151018940015228	0.215053598318079	NA	0.175987350647933	282.953968921045	0.996388667113188	0.996388667113188
SH3PXD2B	quasibinomial	33	6	0.168351971233561	0.133330357046556	0.215056631870677	NA	-0.166809519332026	561.906285212534	0.996388667113188	0.996388667113188
GABRG1	quasibinomial	33	6	0.199793793824572	0.158269578295536	0.2151647116968	NA	-0.192764535354627	168.317646523312	0.996388667113188	0.996388667113188
VAPB	quasibinomial	33	6	0.108153043402144	0.0858587031297456	0.216126290057013	NA	-0.102775576969528	1342.83624264822	0.996388667113188	0.996388667113188
RGMB	quasibinomial	33	6	0.0856296381309253	0.0680101369744128	0.216337303073773	NA	-0.0810843249703566	2892.7646319115	0.996388667113188	0.996388667113188
CDK5R1	quasibinomial	33	6	-0.0794615418366944	0.0631392287468988	0.216536762008691	NA	0.0760884630037089	4366.86077694439	0.996388667113188	0.996388667113188
DCLK1	quasibinomial	33	6	-0.143231030979494	0.113824409675474	0.216594725981635	NA	0.143457919710574	2556.58108729551	0.996388667113188	0.996388667113188
RUNDC3B	quasibinomial	33	6	-0.179623497747086	0.143011548103405	0.217433202473217	NA	0.154052301574573	707.369442873423	0.996388667113188	0.996388667113188
CADM2	quasibinomial	33	6	-0.203959591273591	0.162533524950044	0.217838280598582	NA	0.18831466467462	1288.44385083821	0.996388667113188	0.996388667113188
UBE2Q2	quasibinomial	33	6	-0.168029110750883	0.133904698637208	0.217851203468576	NA	0.168064463382551	560.104306036405	0.996388667113188	0.996388667113188
UBXN2B	quasibinomial	33	6	0.14552142549396	0.116116709448121	0.218428290616758	NA	-0.140250231494986	1181.21000220227	0.996388667113188	0.996388667113188
PHC1	quasibinomial	33	6	-0.122888386386309	0.0981595307185689	0.218899237943008	NA	0.119971921226417	631.515743353716	0.996388667113188	0.996388667113188
FAM169A	quasibinomial	33	6	-0.144615538361185	0.115532793251814	0.218970531375721	NA	0.126953887186154	935.46807758579	0.996388667113188	0.996388667113188
RND2	quasibinomial	33	6	0.132623970333413	0.106113111341158	0.219652507719322	NA	-0.121285207139173	1508.59199701343	0.996388667113188	0.996388667113188
IFRD1	quasibinomial	33	6	0.202507641894096	0.16212144079325	0.219914366543648	NA	-0.221306942617356	490.528867625193	0.996388667113188	0.996388667113188
BICD1	quasibinomial	33	6	-0.206086181423731	0.164998896036415	0.219948794689577	NA	0.181968615136029	929.389274262048	0.996388667113188	0.996388667113188
HDAC11	quasibinomial	33	6	0.0704316710153954	0.0564168003505768	0.220165294616684	NA	-0.0684732692456643	563.668542540682	0.996388667113188	0.996388667113188
LRRC8A	quasibinomial	33	6	-0.123997673727329	0.0993723273346431	0.220385147293975	NA	0.117351141949524	1613.53700016193	0.996388667113188	0.996388667113188
ARID3A	quasibinomial	33	6	0.228235545589067	0.182934824457604	0.220448766521933	NA	-0.208891566351744	151.662427369923	0.996388667113188	0.996388667113188
AP3D1	quasibinomial	33	6	0.140344046020409	0.112497715795535	0.220486833689103	NA	-0.129872209306288	739.798783495888	0.996388667113188	0.996388667113188
MORC2	quasibinomial	33	6	-0.278966639487582	0.223930573465227	0.22112289390027	NA	0.332722797713852	530.226155563594	0.996388667113188	0.996388667113188
FAM185A	quasibinomial	33	6	0.161919494111107	0.130169719641094	0.221799316948548	NA	-0.148634519793631	167.498998969629	0.996388667113188	0.996388667113188
PACRGL	quasibinomial	33	6	0.116385306288631	0.0936022845187203	0.221984169439901	NA	-0.114133792382509	476.433112915579	0.996388667113188	0.996388667113188
RIF1	quasibinomial	33	6	0.265034411043737	0.213160779027967	0.222001607806376	NA	-0.250842715620657	131.747340098724	0.996388667113188	0.996388667113188
MINAR1	quasibinomial	33	6	0.149438238956648	0.120213813345399	0.222092870251117	NA	-0.126425019984337	526.349926804257	0.996388667113188	0.996388667113188
UBTD2	quasibinomial	33	6	-0.106417227193455	0.0856737506924782	0.222450525772675	NA	0.0964215792730181	784.359196542941	0.996388667113188	0.996388667113188
SHOC2	quasibinomial	33	6	-0.0788572132409013	0.0635512835750547	0.222916624283485	NA	0.0775201885099121	787.968495181464	0.996388667113188	0.996388667113188
TAB2	quasibinomial	33	6	-0.124107722122528	0.10012894575322	0.223415189916582	NA	0.12048286676713	193.630868330533	0.996388667113188	0.996388667113188
RRP1	quasibinomial	33	6	0.141965579512486	0.11453713536268	0.223417713470283	NA	-0.144170649308097	500.695221959645	0.996388667113188	0.996388667113188
VAT1L	quasibinomial	33	6	-0.0418925661550317	0.0338038122544748	0.223486020368796	NA	0.0349902128921671	17721.9168904193	0.996388667113188	0.996388667113188
TMOD3	quasibinomial	33	6	0.198177743330084	0.159931970368779	0.223539964911599	NA	-0.190482261056496	568.669574309759	0.996388667113188	0.996388667113188
MYH10	quasibinomial	33	6	0.0761533322237377	0.0614569796124307	0.223541939390308	NA	-0.0714007394017488	1187.10620721992	0.996388667113188	0.996388667113188
MEAK7	quasibinomial	33	6	-0.255930790754987	0.206559707278884	0.223584488128952	NA	0.233548208306103	820.146879751544	0.996388667113188	0.996388667113188
EMC10	quasibinomial	33	6	-0.203048256339165	0.16388413872117	0.223599712854083	NA	0.183957531281529	913.280251859122	0.996388667113188	0.996388667113188
ECD	quasibinomial	33	6	-0.129523874134116	0.104560975128717	0.223685444555583	NA	0.13273410496028	240.17530337091	0.996388667113188	0.996388667113188
CLUAP1	quasibinomial	33	6	0.263005500451093	0.212422871597948	0.223911602359618	NA	-0.309489659627537	346.034127103537	0.996388667113188	0.996388667113188
TTL	quasibinomial	33	6	0.174419932877767	0.140920862801397	0.224060635454455	NA	-0.175721238258308	2935.80790584105	0.996388667113188	0.996388667113188
WIPI2	quasibinomial	33	6	-0.15237849281522	0.123117917196667	0.22407985732261	NA	0.147976594545916	745.740765281481	0.996388667113188	0.996388667113188
CACHD1	quasibinomial	33	6	-0.118210352727683	0.0955504773329182	0.224267591070515	NA	0.104796902638935	618.936186485344	0.996388667113188	0.996388667113188
CABLES2	quasibinomial	33	6	0.154107541962042	0.124604341938893	0.22440540214453	NA	-0.111587574473634	1397.69679551333	0.996388667113188	0.996388667113188
SEMA4F	quasibinomial	33	6	0.0906830689170837	0.0733223109653631	0.224406084146197	NA	-0.0835199679680588	1917.80738214526	0.996388667113188	0.996388667113188
PTPRE	quasibinomial	33	6	0.169033426663858	0.136799136571188	0.224824892536965	NA	-0.160696207164273	219.126498158367	0.996388667113188	0.996388667113188
SRSF10	quasibinomial	33	6	-0.128042831024762	0.103636589841994	0.224874103497398	NA	0.116004061312528	947.309837305734	0.996388667113188	0.996388667113188
GABRQ	quasibinomial	33	6	0.234818378341505	0.190059764443072	0.224874370959923	NA	-0.231934167144935	155.0530316235	0.996388667113188	0.996388667113188
THAP2	quasibinomial	33	6	0.211037358072406	0.170985396598893	0.22533601003456	NA	-0.197316645832542	150.93318990276	0.996388667113188	0.996388667113188
PRCP	quasibinomial	33	6	0.191279394985749	0.155074285324337	0.225620401956092	NA	-0.177937410027348	773.958949176939	0.996388667113188	0.996388667113188
CUL5	quasibinomial	33	6	-0.16091214973775	0.130562651173628	0.225995506059341	NA	0.180953390826298	271.146570010875	0.996388667113188	0.996388667113188
TCF3	quasibinomial	33	6	-0.184483463049392	0.149808781967821	0.226361533763244	NA	0.179843457514841	106.896836105769	0.996388667113188	0.996388667113188
POLR1G	quasibinomial	33	6	-0.177174935606484	0.143892790617405	0.226421125164211	NA	0.143353609505896	603.21911937329	0.996388667113188	0.996388667113188
TEAD1	quasibinomial	33	6	-0.466292986346179	0.378702564257975	0.226423858735612	NA	0.466667057365708	85.2216273577534	0.996388667113188	0.996388667113188
NUP93	quasibinomial	33	6	-0.110545720199077	0.0897959793049546	0.226503006319451	NA	0.104193758326943	895.638131462124	0.996388667113188	0.996388667113188
ADCY5	quasibinomial	33	6	0.0894189418331584	0.0726719267243613	0.226735677994677	NA	-0.0779455083452391	745.46526770213	0.996388667113188	0.996388667113188
ZNF223	quasibinomial	33	6	0.151679642048114	0.123299701743627	0.226837882148264	NA	-0.144340032648377	283.417649581195	0.996388667113188	0.996388667113188
FARSB	quasibinomial	33	6	0.18111291919238	0.147400544387937	0.22737738236886	NA	-0.158446516675785	768.065903488684	0.996388667113188	0.996388667113188
DYNLL2	quasibinomial	33	6	-0.199156063847798	0.162186400328551	0.227661696869361	NA	0.186638253590232	653.739796678483	0.996388667113188	0.996388667113188
SUV39H2	quasibinomial	33	6	0.283037809486175	0.230598644243088	0.227862366341581	NA	-0.277521088657461	65.3146217024189	0.996388667113188	0.996388667113188
GALNT2	quasibinomial	33	6	0.178403229020902	0.145363264704424	0.227903956125611	NA	-0.167876869179458	742.183006636577	0.996388667113188	0.996388667113188
FGF13	quasibinomial	33	6	0.212401909675888	0.173117448136678	0.228040776269444	NA	-0.199671179728958	9837.86489843519	0.996388667113188	0.996388667113188
CCDC127	quasibinomial	33	6	0.164481591291025	0.134228644137727	0.228613033615428	NA	-0.160413712152793	720.175550230095	0.996388667113188	0.996388667113188
NRDE2	quasibinomial	33	6	-0.0640719352318374	0.0523102475576187	0.228813522391626	NA	0.0618629593201946	537.99368436966	0.996388667113188	0.996388667113188
KSR1	quasibinomial	33	6	0.151283759079511	0.123639951136388	0.229283435371821	NA	-0.142293759992631	215.416600598569	0.996388667113188	0.996388667113188
LSM5	quasibinomial	33	6	0.12301156320418	0.100663208820537	0.229869927571798	NA	-0.124328398066347	454.2495502384	0.996388667113188	0.996388667113188
SNTB2	quasibinomial	33	6	-0.209881058864292	0.171869617763286	0.230186299992998	NA	0.206648840268928	99.8209875377889	0.996388667113188	0.996388667113188
NR1D2	quasibinomial	33	6	-0.243729802428805	0.199599098092003	0.230211604839975	NA	0.235611848260155	259.90383637764	0.996388667113188	0.996388667113188
RSRC1	quasibinomial	33	6	0.194404939740532	0.159365542401694	0.230671271210126	NA	-0.191203729313063	123.62903887628	0.996388667113188	0.996388667113188
PIP5KL1	quasibinomial	33	6	0.0820258082044799	0.0672455531376641	0.230698533510518	NA	-0.0785330730847545	398.008133574141	0.996388667113188	0.996388667113188
DCUN1D3	quasibinomial	33	6	-0.212424155671807	0.174174915987515	0.230770741696592	NA	0.17752482932895	270.457871643581	0.996388667113188	0.996388667113188
WDR17	quasibinomial	33	6	-0.228800891180788	0.187610582208015	0.230789579477844	NA	0.218409474237967	108.775739811835	0.996388667113188	0.996388667113188
ATRNL1	quasibinomial	33	6	0.129924960029857	0.1065789837059	0.230978249111134	NA	-0.127750855981826	580.771984171726	0.996388667113188	0.996388667113188
PLCB4	quasibinomial	33	6	-0.176518252736035	0.144910885138285	0.231327998650747	NA	0.168483752178639	178.515544174298	0.996388667113188	0.996388667113188
MRPL11	quasibinomial	33	6	-0.166279866256119	0.136575181244254	0.231560313495459	NA	0.158822688066508	297.214467907463	0.996388667113188	0.996388667113188
RHOBTB2	quasibinomial	33	6	-0.118276771005468	0.097160091071464	0.23161961357038	NA	0.113643990708866	851.228674798509	0.996388667113188	0.996388667113188
PPP2R2B	quasibinomial	33	6	0.163776747762939	0.134660946692299	0.232041790413384	NA	-0.149074419891473	1646.37455494214	0.996388667113188	0.996388667113188
KDM4C	quasibinomial	33	6	-0.18350212237902	0.150889722808748	0.232072487781006	NA	0.175571905425208	87.3937008271819	0.996388667113188	0.996388667113188
PTDSS1	quasibinomial	33	6	0.199700800538909	0.164359472906642	0.232490008153215	NA	-0.182929185404312	2025.97948171719	0.996388667113188	0.996388667113188
ZSCAN25	quasibinomial	33	6	0.145049153739646	0.119395643662613	0.232551484940751	NA	-0.135728910498653	219.535315737439	0.996388667113188	0.996388667113188
DIS3	quasibinomial	33	6	0.216468495549532	0.178272894734536	0.232780508795508	NA	-0.202177099202387	224.029517926815	0.996388667113188	0.996388667113188
PLEKHG3	quasibinomial	33	6	-0.29135168573837	0.240005481975526	0.23289961557304	NA	0.281353323683288	59.5954374209565	0.996388667113188	0.996388667113188
TIGD1	quasibinomial	32	6	0.348645492119708	0.287223601568131	0.232933811849939	NA	-0.353752671616746	569.149637778858	0.996388667113188	0.996388667113188
FAR2	quasibinomial	33	6	-0.0833811475840097	0.0686943311689715	0.232951690998381	NA	0.079767251009351	585.104083816268	0.996388667113188	0.996388667113188
SLC6A1	quasibinomial	33	6	-0.190664518625595	0.157270227553055	0.233503759658302	NA	0.177456009344574	202.674965164937	0.996388667113188	0.996388667113188
SMURF1	quasibinomial	33	6	0.137631315958432	0.113533061030397	0.233533766069204	NA	-0.128724531442407	506.578786110599	0.996388667113188	0.996388667113188
ELAPOR1	quasibinomial	33	6	0.177027688481995	0.146071275588435	0.233658794243275	NA	-0.164788282301884	171.368283479199	0.996388667113188	0.996388667113188
ZMAT3	quasibinomial	33	6	-0.141513440585375	0.116804523718813	0.233804737908694	NA	0.138131913305141	449.8114489774	0.996388667113188	0.996388667113188
LIN7C	quasibinomial	33	6	-0.103963637712289	0.0858327321077046	0.233920259492919	NA	0.0783831388497205	3534.57765898642	0.996388667113188	0.996388667113188
ZBTB33	quasibinomial	33	6	-0.169343606492702	0.139858404408191	0.234076735348719	NA	0.145826594805774	618.015222210015	0.996388667113188	0.996388667113188
TKFC	quasibinomial	33	6	0.257657546033086	0.212933775338303	0.234374277059861	NA	-0.256666111758949	236.908088854448	0.996388667113188	0.996388667113188
RRP8	quasibinomial	33	6	0.226833173353351	0.187593569824852	0.234701224122651	NA	-0.209811216329345	215.226407269419	0.996388667113188	0.996388667113188
TMEM59	quasibinomial	33	6	0.136597894190147	0.113001875303833	0.234838780572153	NA	-0.133441548012854	1843.07937638054	0.996388667113188	0.996388667113188
PSENEN	quasibinomial	33	6	-0.208874436981769	0.172840349795263	0.234963608072621	NA	0.211950259695349	1981.28497896621	0.996388667113188	0.996388667113188
SLC25A4	quasibinomial	33	6	0.149288602545864	0.123585797266817	0.235155916186789	NA	-0.168008528426003	4701.76225936315	0.996388667113188	0.996388667113188
ZKSCAN3	quasibinomial	33	6	-0.220674260085304	0.182757788192043	0.235348510110893	NA	0.208289069664123	128.412036613752	0.996388667113188	0.996388667113188
NEK4	quasibinomial	33	6	-0.170826679171933	0.14148130868369	0.235368749063262	NA	0.164358230271462	159.580326053882	0.996388667113188	0.996388667113188
RDH10	quasibinomial	33	6	0.228174881876886	0.189369269800151	0.236318291385542	NA	-0.231135594470477	130.264688389543	0.996388667113188	0.996388667113188
YTHDF2	quasibinomial	33	6	-0.229083282653265	0.190130548775871	0.236336093622809	NA	0.228176698909353	409.002619070709	0.996388667113188	0.996388667113188
RAPGEF1	quasibinomial	33	6	0.125093773214696	0.103855774543866	0.236480407224962	NA	-0.121034973767802	508.766215167941	0.996388667113188	0.996388667113188
KIAA1549L	quasibinomial	33	6	0.200054895323725	0.166155828230233	0.236661751609045	NA	-0.221665733808577	574.284861847711	0.996388667113188	0.996388667113188
COL1A1	quasibinomial	31	6	0.287094300341516	0.23847316024545	0.236713101308911	NA	-0.330091358963234	371.620909867401	0.996388667113188	0.996388667113188
WDFY2	quasibinomial	33	6	-0.207222156520331	0.172250347361216	0.237040026391024	NA	0.201043307406916	297.150309671243	0.996388667113188	0.996388667113188
BBS5	quasibinomial	33	6	-0.119521408135145	0.0994048449905139	0.237291846510524	NA	0.11539499115811	134.032862672075	0.996388667113188	0.996388667113188
UBFD1	quasibinomial	33	6	0.099038973668797	0.0823699530397562	0.237292731339607	NA	-0.0930119756044922	3852.66482209533	0.996388667113188	0.996388667113188
SORL1	quasibinomial	33	6	0.403622671373286	0.335713443917604	0.237325008875297	NA	-0.365840360694373	135.556169354747	0.996388667113188	0.996388667113188
DLG2	quasibinomial	33	6	0.191096103254604	0.159011989177513	0.237520702746383	NA	-0.174216172297765	360.988618358305	0.996388667113188	0.996388667113188
CDH7	quasibinomial	33	6	-0.133870926086812	0.111421744386049	0.237632557510231	NA	0.126455366698528	429.031707594638	0.996388667113188	0.996388667113188
SLIT1	quasibinomial	33	6	0.109871056744551	0.0914807804852847	0.237805025646201	NA	-0.103415045078518	1013.5854777056	0.996388667113188	0.996388667113188
ATP11C	quasibinomial	33	6	-0.163959758935843	0.136582290585846	0.238028030692137	NA	0.181379252599258	339.579243019277	0.996388667113188	0.996388667113188
LMO3	quasibinomial	33	6	-0.143551858798029	0.119627666742531	0.23820354608262	NA	0.126375584209646	633.726221050547	0.996388667113188	0.996388667113188
LONP2	quasibinomial	33	6	0.133177921498015	0.111164225653881	0.238955966742785	NA	-0.119250621550576	1192.63007077586	0.996388667113188	0.996388667113188
NNT	quasibinomial	33	6	-0.170956827232556	0.142736555006731	0.239078889770328	NA	0.157670158998657	552.057576783891	0.996388667113188	0.996388667113188
TRAM1	quasibinomial	33	6	0.223799523018976	0.186968263609587	0.239354557927514	NA	-0.215286824786892	228.809695204099	0.996388667113188	0.996388667113188
MED13	quasibinomial	33	6	0.147205978504989	0.122996057793352	0.239415013096665	NA	-0.141721089259371	208.962878844415	0.996388667113188	0.996388667113188
CNDP2	quasibinomial	33	6	-0.267835773174155	0.223897842896179	0.239643673108799	NA	0.240367515004993	2290.20245275754	0.996388667113188	0.996388667113188
PCSK1	quasibinomial	33	6	-0.0892612360420615	0.0746504081559675	0.239843075989571	NA	0.089304294951366	1133.07180654041	0.996388667113188	0.996388667113188
DMAC2L	quasibinomial	33	6	0.172781318811674	0.144564508554085	0.240050628171084	NA	-0.168710917704666	129.184490926078	0.996388667113188	0.996388667113188
CASK	quasibinomial	33	6	0.119693444351551	0.100302163687075	0.240767174315888	NA	-0.113470846551388	2111.7712997795	0.996388667113188	0.996388667113188
TRMT6	quasibinomial	33	6	-0.16573786683195	0.138935351300432	0.240927608509656	NA	0.14433895638906	80.9517454566006	0.996388667113188	0.996388667113188
FMNL3	quasibinomial	33	6	0.086038867788602	0.0721895603145519	0.241340465290169	NA	-0.0841681448786798	892.477298156209	0.996388667113188	0.996388667113188
SEZ6L	quasibinomial	33	6	0.117295751446834	0.0986060660653493	0.242234943054248	NA	-0.101808340909061	2254.84281139862	0.996388667113188	0.996388667113188
B4GALNT1	quasibinomial	33	6	0.116900899434367	0.0983833973989232	0.242748165332377	NA	-0.112035764695583	1448.64605413429	0.996388667113188	0.996388667113188
TPR	quasibinomial	33	6	-0.17933274718708	0.150943703993561	0.242802879634779	NA	0.172440756933837	83.3479144238262	0.996388667113188	0.996388667113188
ZZZ3	quasibinomial	33	6	0.158723454109439	0.133604532037139	0.242829135317899	NA	-0.152480784739988	254.674338946737	0.996388667113188	0.996388667113188
PCCB	quasibinomial	33	6	-0.224672821859607	0.189187883390154	0.24300221143239	NA	0.20954213240856	153.717857332047	0.996388667113188	0.996388667113188
DOT1L	quasibinomial	33	6	0.29082649747705	0.245616548232733	0.244365708486917	NA	-0.263867525557595	174.966657768604	0.996388667113188	0.996388667113188
SCYL3	quasibinomial	33	6	0.188449849480763	0.159220991137067	0.244558379656968	NA	-0.180608613090546	147.534822600106	0.996388667113188	0.996388667113188
TRUB1	quasibinomial	33	6	-0.138413503025003	0.116957664111634	0.244607061908956	NA	0.123545096407337	687.353767316497	0.996388667113188	0.996388667113188
WSB1	quasibinomial	33	6	0.291286153926068	0.246344156676279	0.245003641773575	NA	-0.295230076725958	2497.24622738852	0.996388667113188	0.996388667113188
IPP	quasibinomial	33	6	-0.149479498258095	0.126463788761191	0.245176436899541	NA	0.143624338751935	84.4918524891429	0.996388667113188	0.996388667113188
AKAP8	quasibinomial	33	6	-0.134693677278956	0.114045149086361	0.245544259014722	NA	0.129431551664848	211.082416189023	0.996388667113188	0.996388667113188
NALCN	quasibinomial	33	6	0.0892817989490619	0.0756192725462772	0.245693482528103	NA	-0.0814946294312809	234.010842462529	0.996388667113188	0.996388667113188
RASEF	quasibinomial	33	6	-0.43566315350188	0.369042541059163	0.24575323703511	NA	0.428031404370901	54.4383001358756	0.996388667113188	0.996388667113188
GFM1	quasibinomial	33	6	0.334064933967444	0.28304578697571	0.245860091735292	NA	-0.362525335876729	588.751972032793	0.996388667113188	0.996388667113188
ANKRD6	quasibinomial	33	6	-0.119159571492283	0.101016499081786	0.246113477290829	NA	0.110932313989923	560.460218075883	0.996388667113188	0.996388667113188
ZNF365	quasibinomial	33	6	-0.182471563638598	0.154752542237365	0.246304655800056	NA	0.166201914123118	213.485220989042	0.996388667113188	0.996388667113188
TRIB2	quasibinomial	33	6	-0.0923074839144805	0.0782895261245515	0.246330422363247	NA	0.0877780682771636	2088.00603705245	0.996388667113188	0.996388667113188
DTWD1	quasibinomial	33	6	0.166895667829463	0.141568287851373	0.246388209046508	NA	-0.163106163911657	121.643003195943	0.996388667113188	0.996388667113188
FBXO21	quasibinomial	33	6	-0.235621201373778	0.20000791648261	0.246721020949519	NA	0.22116040653056	1573.30005459564	0.996388667113188	0.996388667113188
IER5L	quasibinomial	33	6	0.198531709037042	0.168545621191823	0.246779474977987	NA	-0.201205547691564	570.141420537073	0.996388667113188	0.996388667113188
PPIP5K2	quasibinomial	33	6	0.278665788937362	0.236817596235854	0.247252048407813	NA	-0.217868881474853	797.389647468164	0.996388667113188	0.996388667113188
EEA1	quasibinomial	33	6	-0.191224304279823	0.162533074142489	0.247325019231748	NA	0.188803764166163	138.260245986946	0.996388667113188	0.996388667113188
FNDC3B	quasibinomial	33	5	-0.330193428641017	0.281102360019582	0.248069855068267	NA	0.316196099589059	68.747797618573	0.996388667113188	0.996388667113188
HAUS2	quasibinomial	33	6	-0.19283200683156	0.164186241990842	0.248135639452632	NA	0.176479445507744	281.785434607761	0.996388667113188	0.996388667113188
CTIF	quasibinomial	33	6	0.133561561279413	0.113724351843327	0.248150961889661	NA	-0.132884291714652	1169.19307175613	0.996388667113188	0.996388667113188
ZNF546	quasibinomial	33	6	0.28730473835621	0.244663933232263	0.248209918624868	NA	-0.301839981811422	120.611412665423	0.996388667113188	0.996388667113188
RNF214	quasibinomial	33	6	-0.133570395678778	0.113796588208295	0.24841493100179	NA	0.13315377013938	371.197501265893	0.996388667113188	0.996388667113188
SLC7A6OS	quasibinomial	33	6	-0.123656586458686	0.105377335444896	0.248533478087461	NA	0.118929862848276	447.865138241527	0.996388667113188	0.996388667113188
DUT	quasibinomial	33	6	0.163574800450951	0.139403996240217	0.248564327144839	NA	-0.164168907940962	1054.97138639393	0.996388667113188	0.996388667113188
MPP2	quasibinomial	33	6	-0.0994607440022154	0.0848117978666163	0.248826987389051	NA	0.0932333300420149	1706.99616378404	0.996388667113188	0.996388667113188
DISP2	quasibinomial	33	6	0.163119548656913	0.139114235886813	0.248892192764183	NA	-0.135248176891905	2103.63007552659	0.996388667113188	0.996388667113188
SOCS2	quasibinomial	33	6	-0.250314000860761	0.213482529622372	0.248904630719385	NA	0.226940520403745	1333.56802327069	0.996388667113188	0.996388667113188
FHL1	quasibinomial	33	6	-0.123973320174419	0.105798142960744	0.249196093796476	NA	0.118584016518181	3191.34327600732	0.996388667113188	0.996388667113188
PAICS	quasibinomial	33	6	0.126059482004629	0.107662453030731	0.249558560672576	NA	-0.117999439677414	668.028122215335	0.996388667113188	0.996388667113188
RTCA	quasibinomial	33	6	0.156414808350213	0.13360141601636	0.249606094738152	NA	-0.147958532752904	471.612602819232	0.996388667113188	0.996388667113188
AGPAT4	quasibinomial	33	6	-0.14933100396782	0.128015924571904	0.251298027521842	NA	0.137632088254791	794.489653772432	0.996388667113188	0.996388667113188
SH3PXD2A	quasibinomial	33	6	0.10724274392701	0.0919429110036575	0.251336926001659	NA	-0.0975665428198411	714.943884746998	0.996388667113188	0.996388667113188
FAM131A	quasibinomial	33	6	0.171286178302957	0.146850594810543	0.251340201021002	NA	-0.178553849817152	695.928128045766	0.996388667113188	0.996388667113188
TXNDC17	quasibinomial	33	6	0.0776824467121541	0.0666485578783726	0.251677043061959	NA	-0.0747260361337343	838.306485582097	0.996388667113188	0.996388667113188
GLO1	quasibinomial	33	6	0.0817808944792535	0.0701759182150568	0.251750305849024	NA	-0.0781747995360096	1610.74806095144	0.996388667113188	0.996388667113188
UBQLN2	quasibinomial	33	6	-0.131659843071417	0.113015069931967	0.251907562467062	NA	0.145008105467859	4370.24844093083	0.996388667113188	0.996388667113188
PGPEP1	quasibinomial	33	6	0.245605099473588	0.211041631976897	0.252387372711073	NA	-0.236813255422955	170.492302005341	0.996388667113188	0.996388667113188
ZNF426	quasibinomial	33	6	0.144547919200616	0.124241180789449	0.25251918178869	NA	-0.137076320115559	296.925197479712	0.996388667113188	0.996388667113188
DNAJC3	quasibinomial	33	6	0.226047466229703	0.194329164328589	0.252609885518601	NA	-0.211053102191049	285.233813263472	0.996388667113188	0.996388667113188
DNAJC21	quasibinomial	33	6	0.200474655152189	0.172587591008937	0.253265846301832	NA	-0.19371455704015	134.298218294478	0.996388667113188	0.996388667113188
MAFB	quasibinomial	33	6	-0.274707362787399	0.236515098980153	0.253307117095611	NA	0.270676717730705	602.821905556002	0.996388667113188	0.996388667113188
ACADM	quasibinomial	33	6	-0.159536148068989	0.137360126465314	0.253321069596171	NA	0.145313848518984	246.650272234341	0.996388667113188	0.996388667113188
BNIP2	quasibinomial	33	6	0.161478609409411	0.139101566776079	0.25355216287437	NA	-0.155292710002674	147.392264739323	0.996388667113188	0.996388667113188
ANKLE2	quasibinomial	33	6	0.0801843039979595	0.0690777901794739	0.253586545853175	NA	-0.0822535457612797	429.511504508363	0.996388667113188	0.996388667113188
FBXO31	quasibinomial	33	6	0.0840223723874277	0.0723877130366582	0.253608907113223	NA	-0.0760971887935642	1002.47421118169	0.996388667113188	0.996388667113188
RWDD2B	quasibinomial	33	6	0.135835541874138	0.117099626670093	0.253900922637327	NA	-0.133659524858567	246.836230851134	0.996388667113188	0.996388667113188
EPN2	quasibinomial	33	6	0.138265840534893	0.119204864758248	0.253940614188937	NA	-0.135869295586999	396.006743183854	0.996388667113188	0.996388667113188
PRMT9	quasibinomial	33	5	-0.314397055727209	0.27125756513879	0.254288652429268	NA	0.277792716154292	52.1866498901351	0.996388667113188	0.996388667113188
PERP	quasibinomial	33	6	-0.122823546623993	0.106038515660622	0.254587725575656	NA	0.12089932197322	684.080719614306	0.996388667113188	0.996388667113188
B3GALNT2	quasibinomial	33	6	0.209932255818812	0.181342129332551	0.254842747468509	NA	-0.226834381684933	344.921470864857	0.996388667113188	0.996388667113188
NEU1	quasibinomial	33	6	0.259695184883253	0.224351927593377	0.254892536531578	NA	-0.271778187017683	649.907756977738	0.996388667113188	0.996388667113188
ILF3	quasibinomial	33	6	0.182952748443203	0.158055229957195	0.254896858247785	NA	-0.179674853335757	705.771589602991	0.996388667113188	0.996388667113188
PPFIBP1	quasibinomial	33	6	0.250784354534584	0.216824606124932	0.255260046206762	NA	-0.212111713189039	125.105990723064	0.996388667113188	0.996388667113188
MTHFD1	quasibinomial	33	6	0.222663998973588	0.192556439653508	0.255367363546346	NA	-0.223170513538981	114.301900273874	0.996388667113188	0.996388667113188
MARF1	quasibinomial	33	6	0.151142086600693	0.130831200620664	0.255816276652579	NA	-0.135525436064877	291.623305984452	0.996388667113188	0.996388667113188
ZSCAN32	quasibinomial	33	6	0.252217322883317	0.218377302383783	0.255930895319734	NA	-0.192711954776831	256.682283381156	0.996388667113188	0.996388667113188
DUSP3	quasibinomial	33	6	-0.0483343454596286	0.0418824052717097	0.25629971101853	NA	0.046694258790095	1931.32539615766	0.996388667113188	0.996388667113188
HCCS	quasibinomial	33	6	-0.130380161641429	0.113241411764667	0.257394262615131	NA	0.117994678977795	265.604102643948	0.996388667113188	0.996388667113188
PSEN1	quasibinomial	33	6	0.143059893081629	0.124268765922902	0.257448398494673	NA	-0.131347580529345	676.397136768436	0.996388667113188	0.996388667113188
C18orf25	quasibinomial	33	6	-0.12805710481315	0.11124679928837	0.257491163069867	NA	0.119987750116366	224.525364948829	0.996388667113188	0.996388667113188
PSMC2	quasibinomial	33	6	-0.450258112627434	0.391267789377191	0.257629614072407	NA	0.452428705526671	814.155933081649	0.996388667113188	0.996388667113188
KLHL23	quasibinomial	33	6	-0.112988416578584	0.0982312921333733	0.257848426667699	NA	0.10763736057246	564.48750966745	0.996388667113188	0.996388667113188
SECISBP2L	quasibinomial	33	6	-0.269118534982554	0.233980044279455	0.25786916504194	NA	0.0821910753163625	111.807923226557	0.996388667113188	0.996388667113188
PPM1H	quasibinomial	33	6	-0.0890367552337166	0.0774783722372971	0.258273728128521	NA	0.0857873125498463	1103.52371536857	0.996388667113188	0.996388667113188
OSGIN2	quasibinomial	33	6	-0.127774283244489	0.111336164486592	0.25889984064785	NA	0.128501998907803	233.867392820664	0.996388667113188	0.996388667113188
ZFAND3	quasibinomial	33	6	0.116563801211192	0.101593301419367	0.259016740168504	NA	-0.111141962179965	284.62697494783	0.996388667113188	0.996388667113188
THAP6	quasibinomial	33	6	-0.223173920840437	0.194564348507816	0.25914428701101	NA	0.211991344378929	114.020004937675	0.996388667113188	0.996388667113188
GPC6	quasibinomial	33	6	0.317621406837134	0.277274666814986	0.25976964251824	NA	-0.303679982652812	63.4898889274269	0.996388667113188	0.996388667113188
FEM1A	quasibinomial	33	6	0.228433704577772	0.199418266981878	0.259774304812955	NA	-0.39169877111658	1520.80437633966	0.996388667113188	0.996388667113188
TCP11L1	quasibinomial	33	6	-0.155434953510047	0.135767998386648	0.260037157414695	NA	0.154625021056446	97.0796065005795	0.996388667113188	0.996388667113188
FRAS1	quasibinomial	33	6	0.244792512583918	0.213997550417311	0.260427192274765	NA	-0.202583583124373	172.046504761447	0.996388667113188	0.996388667113188
CERS6	quasibinomial	33	6	0.134148568578913	0.117318979586258	0.260612102869504	NA	-0.149391982662771	2631.85923959414	0.996388667113188	0.996388667113188
ADAL	quasibinomial	33	6	-0.140771911093801	0.123117182892985	0.260634122904591	NA	0.134594509670708	125.686827030501	0.996388667113188	0.996388667113188
BLOC1S2	quasibinomial	33	6	0.229992812041026	0.201241343808918	0.260850019044508	NA	-0.25642219077749	1923.45451822153	0.996388667113188	0.996388667113188
VASH2	quasibinomial	33	6	-0.11910139191564	0.104221373318138	0.260889916473988	NA	0.115728412906529	376.747002440997	0.996388667113188	0.996388667113188
UBE2H	quasibinomial	33	6	0.0959385671570466	0.0839773484459885	0.261028965599973	NA	-0.0920174803007249	2924.18497279828	0.996388667113188	0.996388667113188
MSANTD4	quasibinomial	33	6	-0.0900312985147534	0.078852124636419	0.261299557508701	NA	0.0851106781061391	736.378987899486	0.996388667113188	0.996388667113188
ATF6	quasibinomial	33	6	0.1682908181229	0.147409625176957	0.26134865975838	NA	-0.206042197624906	644.19755397975	0.996388667113188	0.996388667113188
ATF2	quasibinomial	33	6	-0.103788609629745	0.0909309052501155	0.261452618327756	NA	0.0891785499760601	854.562410217854	0.996388667113188	0.996388667113188
MAPK9	quasibinomial	33	6	0.0992781173794921	0.0870451246773074	0.261807569858684	NA	-0.0949814005654191	1387.43332396596	0.996388667113188	0.996388667113188
TPP2	quasibinomial	33	6	0.213832389317771	0.187609271622863	0.262120297774029	NA	-0.198106934526288	86.0924847662012	0.996388667113188	0.996388667113188
TAPBP	quasibinomial	33	6	0.118549925648916	0.104084844408356	0.262449825704883	NA	-0.111899816750049	1368.67478801152	0.996388667113188	0.996388667113188
NRIP3	quasibinomial	33	6	-0.0920687671194916	0.08086142917126	0.26260400872185	NA	0.0883021975742717	550.105655709405	0.996388667113188	0.996388667113188
SAMD4A	quasibinomial	33	6	0.223149856515555	0.196021162165538	0.262687392887902	NA	-0.203559102748449	117.650051014423	0.996388667113188	0.996388667113188
LIMD2	quasibinomial	33	6	0.152475255005874	0.133946880279488	0.262716411090687	NA	-0.173571620610338	519.414798712256	0.996388667113188	0.996388667113188
PTBP1	quasibinomial	33	6	0.110470521884639	0.0971447220088168	0.263190897509049	NA	-0.102462056099951	207.567630516943	0.996388667113188	0.996388667113188
GM2A	quasibinomial	33	6	-0.416814480966751	0.366629737201323	0.263311907247757	NA	0.324073071927098	238.531352361843	0.996388667113188	0.996388667113188
LYPLAL1	quasibinomial	33	6	-0.19803361222917	0.174442287958078	0.263990050778671	NA	0.191913619485763	322.067219118108	0.996388667113188	0.996388667113188
WDR45B	quasibinomial	33	6	-0.0490323551942681	0.0432267054113299	0.264375170828804	NA	0.0474135921820064	1070.70499221546	0.996388667113188	0.996388667113188
ATOX1	quasibinomial	33	6	-0.0280227517731307	0.0247158763677214	0.264586773459556	NA	0.0268263378862584	2179.10894934362	0.996388667113188	0.996388667113188
FANCA	quasibinomial	33	6	0.125118121977444	0.110401207930055	0.264790320919916	NA	-0.118276039320508	102.676211463201	0.996388667113188	0.996388667113188
ATP5F1E	quasibinomial	33	6	-0.0691374159922048	0.0610150148947943	0.264865932906644	NA	0.0666306960006874	6309.59358122087	0.996388667113188	0.996388667113188
KAT6A	quasibinomial	33	6	0.211103882251116	0.18632395664096	0.264918778104028	NA	-0.224794754956756	377.459594877144	0.996388667113188	0.996388667113188
ZNF566	quasibinomial	33	6	-0.250139826579556	0.220835621605689	0.265041771969228	NA	0.206546249821339	423.120892036763	0.996388667113188	0.996388667113188
ANKRD17	quasibinomial	30	5	-0.402815986772832	0.355792140927636	0.265261581657592	NA	0.337228947265067	454.178175517518	0.996388667113188	0.996388667113188
RNF40	quasibinomial	33	6	0.137615175098889	0.121738221549317	0.265986996099909	NA	-0.138166071174701	883.243447873826	0.996388667113188	0.996388667113188
ABCB8	quasibinomial	33	6	-0.15391015698972	0.136237650937193	0.266278165906248	NA	0.142578485776203	305.473180269499	0.996388667113188	0.996388667113188
SYN3	quasibinomial	33	6	-0.306901413626786	0.271674923241002	0.26630066059364	NA	0.280357865575116	496.772815489229	0.996388667113188	0.996388667113188
NCOR1	quasibinomial	33	6	-0.115130258591283	0.101917312766766	0.266309118257935	NA	0.111128761711497	328.464914459452	0.996388667113188	0.996388667113188
WDR55	quasibinomial	33	6	-0.0749898046580337	0.0664436999374996	0.26673433286854	NA	0.0668904702503727	457.69906440667	0.996388667113188	0.996388667113188
CACNB4	quasibinomial	33	6	-0.270235726964773	0.239541695295553	0.266936393473025	NA	0.240904833807734	217.694187944117	0.996388667113188	0.996388667113188
CCNY	quasibinomial	33	6	0.185884907857535	0.164788253408155	0.266983746902868	NA	-0.125339160739212	1245.67461341073	0.996388667113188	0.996388667113188
ZNF180	quasibinomial	33	6	0.298812195659939	0.26565749224124	0.268327655511635	NA	-0.29881477372872	184.238571433222	0.996388667113188	0.996388667113188
INTS7	quasibinomial	33	6	-0.136288180205936	0.121189194006643	0.268416395907539	NA	0.141984196578685	139.597120327273	0.996388667113188	0.996388667113188
SEPTIN11	quasibinomial	33	6	-0.0833008856154403	0.0741091687341519	0.268650971393119	NA	0.0881420827672872	660.766126231511	0.996388667113188	0.996388667113188
TAF8	quasibinomial	33	6	-0.218772541740936	0.194692746744608	0.26879678355104	NA	0.224851799494304	69.3125288015022	0.996388667113188	0.996388667113188
AGPAT5	quasibinomial	33	6	0.0673128260912177	0.0599155211721793	0.268888365356467	NA	-0.0642110291983928	1193.08365838826	0.996388667113188	0.996388667113188
NOL12	quasibinomial	33	6	-0.0950063682200088	0.0845862505120461	0.269002680269201	NA	0.0906396034035393	357.161452989507	0.996388667113188	0.996388667113188
SFRP1	quasibinomial	33	6	-0.150357539085632	0.133884281668672	0.269064775459232	NA	0.14027023460558	278.36063836988	0.996388667113188	0.996388667113188
TIMM13	quasibinomial	33	6	-0.138807947546378	0.123683747108462	0.269383175711743	NA	0.110584036592712	2542.98227857856	0.996388667113188	0.996388667113188
TMEM263	quasibinomial	33	6	-0.204417028281199	0.182202099136267	0.269532694057368	NA	0.118334430393345	622.741973155751	0.996388667113188	0.996388667113188
NSMF	quasibinomial	33	6	0.0925559348848082	0.0825518937224568	0.269843095023816	NA	-0.0967827031355713	2634.88761239548	0.996388667113188	0.996388667113188
LIG4	quasibinomial	33	6	-0.245635313714536	0.219214354890586	0.270119899979716	NA	0.26710814967496	536.353308235327	0.996388667113188	0.996388667113188
CYTH2	quasibinomial	33	6	0.155801248707089	0.139121427981234	0.270385350386186	NA	-0.151341779526517	1139.68988042859	0.996388667113188	0.996388667113188
RPL35A	quasibinomial	33	6	0.164825287829572	0.147208730448937	0.270479258304052	NA	-0.180709954348973	694.523953796879	0.996388667113188	0.996388667113188
RAB8B	quasibinomial	33	6	-0.115173441506343	0.102929015487403	0.27077819867618	NA	0.0926718587987138	889.273903080118	0.996388667113188	0.996388667113188
RAB39B	quasibinomial	33	6	-0.0796283943929246	0.0711898006210614	0.270956385005669	NA	0.0768983040575194	745.253428333505	0.996388667113188	0.996388667113188
FKBP14	quasibinomial	33	6	-0.24651237813406	0.220399238726908	0.270979741548363	NA	0.227650390921221	123.797776629073	0.996388667113188	0.996388667113188
TBC1D25	quasibinomial	33	6	-0.152157783304104	0.136105185671545	0.271206525399929	NA	0.129209227152587	1047.71920931152	0.996388667113188	0.996388667113188
SHANK3	quasibinomial	33	6	-0.120803111501042	0.108096398385987	0.27137201950334	NA	0.113601100058793	177.551922632163	0.996388667113188	0.996388667113188
TSEN34	quasibinomial	33	6	-0.237908900572357	0.212916784916133	0.271443713579248	NA	0.213323771421152	812.038261261559	0.996388667113188	0.996388667113188
PPP1R8	quasibinomial	33	6	-0.135841278935691	0.121650149683518	0.271749230214163	NA	0.125625045667735	442.799975691557	0.996388667113188	0.996388667113188
TRIM33	quasibinomial	33	6	-0.137451108022485	0.123195927288457	0.272147601457488	NA	0.130338838451199	283.630282909567	0.996388667113188	0.996388667113188
RALB	quasibinomial	33	6	-0.0483486040948116	0.0433903400109818	0.272756353441211	NA	0.0463338874911064	940.668513687331	0.996388667113188	0.996388667113188
GCLC	quasibinomial	33	6	-0.211445234860646	0.189861202165419	0.273005123741171	NA	0.200777799522674	113.940886495673	0.996388667113188	0.996388667113188
ARHGEF3	quasibinomial	33	6	-0.0765399871819922	0.0687375833599146	0.27307844407017	NA	0.0705415635863498	354.606795372479	0.996388667113188	0.996388667113188
ERGIC2	quasibinomial	33	6	0.175065213683349	0.157310352046188	0.273351527317668	NA	-0.177202664347569	334.060606369949	0.996388667113188	0.996388667113188
LMTK2	quasibinomial	33	6	0.153420589651773	0.137900298698164	0.273486268788294	NA	-0.15080989833736	399.139882459801	0.996388667113188	0.996388667113188
WDPCP	quasibinomial	33	6	-0.306543053633605	0.275738365197727	0.273838223198403	NA	0.225750317052367	75.863876710244	0.996388667113188	0.996388667113188
HNRNPLL	quasibinomial	33	6	-0.184248391214848	0.165825661174108	0.274101357031617	NA	0.172698407675101	197.091545918956	0.996388667113188	0.996388667113188
LGALSL	quasibinomial	33	6	0.0853722933320095	0.0768779336786299	0.274358447105255	NA	-0.0799225479092997	786.597820128063	0.996388667113188	0.996388667113188
GK5	quasibinomial	33	6	0.196320212747781	0.176797741790395	0.274387711092201	NA	-0.188681624527953	146.587720398908	0.996388667113188	0.996388667113188
TOX4	quasibinomial	33	6	0.099831129627839	0.0899060721234317	0.274400029424139	NA	-0.0950723851707569	589.537038641894	0.996388667113188	0.996388667113188
ZNF331	quasibinomial	33	6	-0.169418717008697	0.152621075838102	0.274541322071872	NA	0.158389849570976	658.014230122247	0.996388667113188	0.996388667113188
ZNF507	quasibinomial	33	6	-0.142564056753228	0.128485404418729	0.27474839493185	NA	0.138272847862617	189.236908634636	0.996388667113188	0.996388667113188
GPATCH11	quasibinomial	33	6	0.171136023447384	0.154239093085161	0.274758471293255	NA	-0.168206205292608	302.097955653356	0.996388667113188	0.996388667113188
CYRIA	quasibinomial	33	6	0.0782740171873908	0.0705988217044538	0.275113513832115	NA	-0.0690712505369901	2103.06104518493	0.996388667113188	0.996388667113188
PLEKHB2	quasibinomial	33	6	-0.0619671383115747	0.0559090139179232	0.275266240886151	NA	0.055843049872786	7150.65550336973	0.996388667113188	0.996388667113188
ATXN10	quasibinomial	33	6	0.12123217170731	0.109476706240728	0.275682925787541	NA	-0.11407815588162	2155.41936531923	0.996388667113188	0.996388667113188
MYO9A	quasibinomial	33	6	-0.0900482266138318	0.0813621678791223	0.275947586312201	NA	0.0903147108436423	601.595867255442	0.996388667113188	0.996388667113188
IRF5	quasibinomial	33	6	-0.39179519945817	0.354302388296786	0.276347200147064	NA	0.361566853993303	99.0016837335622	0.996388667113188	0.996388667113188
PTPN3	quasibinomial	33	6	0.14869216506065	0.134496322568135	0.276463911719912	NA	-0.145684654433649	350.118487902774	0.996388667113188	0.996388667113188
APH1B	quasibinomial	33	6	-0.12609698826204	0.114084940389182	0.276574025394262	NA	0.132968397288857	372.771932910204	0.996388667113188	0.996388667113188
FCF1	quasibinomial	29	6	0.303009021985395	0.274281580330087	0.276810487221815	NA	-0.317757924242914	144.34037636656	0.996388667113188	0.996388667113188
RPS6KA2	quasibinomial	33	6	-0.110292454429894	0.0998548565768214	0.276899985942895	NA	0.0970782089176077	2510.67097828156	0.996388667113188	0.996388667113188
DDX3X	quasibinomial	33	6	-0.0656207048520825	0.0595665432051449	0.278137909401621	NA	0.0639436715311343	1965.7260716478	0.996388667113188	0.996388667113188
ATP2B4	quasibinomial	33	6	0.13588260648867	0.123522395920491	0.278812924269927	NA	-0.115135893967269	1454.50836325334	0.996388667113188	0.996388667113188
DNAJC10	quasibinomial	33	6	0.164775450934823	0.149841024557669	0.278983128186304	NA	-0.152218575423243	424.822840609058	0.996388667113188	0.996388667113188
ST8SIA2	quasibinomial	33	6	-0.13825138731199	0.125803268694881	0.279292471552927	NA	0.13249052542351	1696.73795042799	0.996388667113188	0.996388667113188
ATRN	quasibinomial	33	6	0.101956575881118	0.0927995432897278	0.279410221042897	NA	-0.110273172512553	365.426870552471	0.996388667113188	0.996388667113188
MYLK	quasibinomial	33	6	-0.280228149763149	0.255123197278746	0.279527347799789	NA	0.267634842661232	74.8615513385392	0.996388667113188	0.996388667113188
DCLRE1B	quasibinomial	33	6	0.112588932044002	0.102504710851048	0.279538164115605	NA	-0.108630131127024	181.93540660927	0.996388667113188	0.996388667113188
ZNF711	quasibinomial	33	6	-0.14461112697176	0.131732289053062	0.279802069609613	NA	0.150790299093489	1130.52019748074	0.996388667113188	0.996388667113188
RANBP6	quasibinomial	33	6	-0.15880342094996	0.14473403739593	0.280041932273295	NA	0.164988841311838	2217.51670852958	0.996388667113188	0.996388667113188
PDSS2	quasibinomial	33	6	0.129868889690772	0.118421267245618	0.280274694716732	NA	-0.123163353674477	184.309104489985	0.996388667113188	0.996388667113188
TXNDC15	quasibinomial	33	6	0.100542497564935	0.0917214365434241	0.280488800407646	NA	-0.0981917421988577	478.141775301112	0.996388667113188	0.996388667113188
PDE4DIP	quasibinomial	33	6	-0.0696464446633894	0.0635658171979526	0.280710442997171	NA	0.0670121793462398	406.136779497403	0.996388667113188	0.996388667113188
TAF10	quasibinomial	33	6	0.0486214818764868	0.0443847100464186	0.280798137248798	NA	-0.0453808763850588	3030.17544920834	0.996388667113188	0.996388667113188
ENPP4	quasibinomial	33	6	-0.146121597099426	0.133507473986191	0.281218581109947	NA	0.135613348341897	185.310598424916	0.996388667113188	0.996388667113188
ANGEL1	quasibinomial	33	6	0.172576028914083	0.157679284859322	0.281221851081837	NA	-0.185581541527139	225.73575633984	0.996388667113188	0.996388667113188
ANKRD40	quasibinomial	33	6	0.13606889386645	0.124335742558875	0.281268660922356	NA	-0.128966121604026	251.605866246352	0.996388667113188	0.996388667113188
ZNF793	quasibinomial	33	6	-0.208581543147867	0.1908551061094	0.2819123430828	NA	0.202255790156457	195.934190022128	0.996388667113188	0.996388667113188
TIA1	quasibinomial	33	6	-0.076427318564124	0.0699670289954052	0.282148714532319	NA	0.0746896867838898	661.775249478709	0.996388667113188	0.996388667113188
SLC9A3R2	quasibinomial	31	6	-0.557415057310087	0.510851152873646	0.282661926041622	NA	0.427465924484623	387.344986513125	0.996388667113188	0.996388667113188
PAG1	quasibinomial	33	6	0.0994261511374167	0.0912423387667114	0.283294327455538	NA	-0.0963704355139693	1333.22344873287	0.996388667113188	0.996388667113188
NUDCD2	quasibinomial	33	6	-0.202980730377813	0.186310054735034	0.283387769067073	NA	0.18882877612046	305.805191186837	0.996388667113188	0.996388667113188
ZNF214	quasibinomial	33	6	-0.27636190260041	0.253681537995845	0.283419613054947	NA	0.26536463308158	124.102382697534	0.996388667113188	0.996388667113188
CCDC85A	quasibinomial	33	6	-0.140563455151246	0.129149319036222	0.283865611701774	NA	0.0992809127301405	1015.77057126168	0.996388667113188	0.996388667113188
PTPN9	quasibinomial	33	6	0.0605633455555413	0.055692633484273	0.284267175115856	NA	-0.0584974023965147	787.397514685476	0.996388667113188	0.996388667113188
ODR4	quasibinomial	33	6	0.13114008332155	0.120671766298324	0.284575115191627	NA	-0.127537484547054	154.01430381232	0.996388667113188	0.996388667113188
CHRDL1	quasibinomial	33	6	-0.175943978278582	0.161945676778573	0.284711183923441	NA	0.177822027060382	119.584116440591	0.996388667113188	0.996388667113188
CSGALNACT2	quasibinomial	33	6	-0.201877553169933	0.185946779923213	0.285044661081649	NA	0.246534738861578	456.9675353662	0.996388667113188	0.996388667113188
GCA	quasibinomial	33	6	0.204769046505676	0.188639200926759	0.285117770837688	NA	-0.195852121191	170.293311574266	0.996388667113188	0.996388667113188
TMEM38A	quasibinomial	33	6	0.182083369229221	0.167970175136624	0.28576619976429	NA	-0.180959626085103	791.162967286737	0.996388667113188	0.996388667113188
ABHD18	quasibinomial	33	6	0.264724479079943	0.244317096230663	0.285982132687007	NA	-0.21267597769608	73.8030361931119	0.996388667113188	0.996388667113188
GREB1	quasibinomial	33	6	0.122898045920086	0.113531291607603	0.286430554895616	NA	-0.115129152032937	192.473892839285	0.996388667113188	0.996388667113188
AASDHPPT	quasibinomial	33	6	-0.0869394200563774	0.080349611222014	0.286644986549297	NA	0.0865577306576434	3541.40596011639	0.996388667113188	0.996388667113188
CCDC90B	quasibinomial	33	6	-0.195634719189822	0.18081292985502	0.286663010791073	NA	0.168264391579373	1089.3236948825	0.996388667113188	0.996388667113188
AIFM2	quasibinomial	33	6	0.25169903470658	0.232766719508014	0.286942247382234	NA	-0.234544550338943	55.9949157496469	0.996388667113188	0.996388667113188
EXOC6	quasibinomial	33	6	0.187217043720869	0.173190283651393	0.287093790065873	NA	-0.176817617841064	90.1096889655197	0.996388667113188	0.996388667113188
CHID1	quasibinomial	33	6	0.1516426122549	0.140378134982356	0.287421425660403	NA	-0.157444651878549	497.011398922691	0.996388667113188	0.996388667113188
MRTFB	quasibinomial	33	6	0.156062473638677	0.144522336850447	0.287594257863166	NA	-0.168123832630248	393.514747307886	0.996388667113188	0.996388667113188
UBXN2A	quasibinomial	33	6	0.192657343008575	0.178431043449899	0.287647066542704	NA	-0.194748238704381	178.662542735921	0.996388667113188	0.996388667113188
NIPSNAP2	quasibinomial	33	6	-0.171808692602093	0.15920433568132	0.287892678880314	NA	0.164053197588197	568.418297937172	0.996388667113188	0.996388667113188
RAB11FIP1	quasibinomial	33	6	0.211340813736363	0.195895481061485	0.288036057787642	NA	-0.203668439131481	81.7935957345476	0.996388667113188	0.996388667113188
CREG2	quasibinomial	33	6	-0.235999724339877	0.218844018514935	0.288234991364056	NA	0.224759720153603	1564.98513606917	0.996388667113188	0.996388667113188
CNPY2	quasibinomial	33	6	0.127808617025801	0.118590837138729	0.288527517775999	NA	-0.112755740860403	474.394592157988	0.996388667113188	0.996388667113188
NUDT5	quasibinomial	33	6	0.1496811441921	0.138991947571696	0.288889696803098	NA	-0.143085478611408	233.737522377981	0.996388667113188	0.996388667113188
AKAP13	quasibinomial	33	6	0.156595399648802	0.14553265270186	0.28928180448825	NA	-0.150927946719501	355.041226079869	0.996388667113188	0.996388667113188
FAM126A	quasibinomial	33	6	-0.168984783262143	0.157092238530789	0.289419128504903	NA	0.162745290595752	180.12157635647	0.996388667113188	0.996388667113188
PRRG1	quasibinomial	33	6	-0.169975822219988	0.15802114520696	0.289441992064488	NA	0.168703854969982	221.189319724596	0.996388667113188	0.996388667113188
CDHR1	quasibinomial	33	6	0.192945728954232	0.179442168708954	0.28961822614276	NA	-0.198063566150534	658.35827733298	0.996388667113188	0.996388667113188
DMD	quasibinomial	33	6	0.207077826776466	0.192643993586746	0.289763051443266	NA	-0.211550666447181	135.466932927931	0.996388667113188	0.996388667113188
PAAF1	quasibinomial	33	6	0.177898922458401	0.165619334583723	0.290108212665257	NA	-0.164867025844018	375.924252280965	0.996388667113188	0.996388667113188
HIP1R	quasibinomial	33	6	0.10284765557755	0.0957530470568234	0.290130604553346	NA	-0.09558960095651	325.919548600477	0.996388667113188	0.996388667113188
NAB1	quasibinomial	33	6	0.148919080848388	0.138681894620149	0.290252149947973	NA	-0.136555205486565	149.18791062795	0.996388667113188	0.996388667113188
PDP1	quasibinomial	33	6	-0.140046411184912	0.130447844885466	0.290356532390326	NA	0.153797449834773	1820.83504159736	0.996388667113188	0.996388667113188
SMC1A	quasibinomial	33	6	0.186681855979415	0.173931815703007	0.290478942944285	NA	-0.176734621090948	517.344951544424	0.996388667113188	0.996388667113188
RTL10	quasibinomial	33	6	-0.165972550502612	0.154766210600387	0.290875686392117	NA	0.159761811999118	608.703672258696	0.996388667113188	0.996388667113188
BCKDHB	quasibinomial	33	6	-0.169826190163284	0.15836768235904	0.290899749696133	NA	0.157271520207365	250.470791669108	0.996388667113188	0.996388667113188
SSX2IP	quasibinomial	33	6	-0.12569601662803	0.117318958007066	0.291320407755028	NA	0.125635809331876	189.94010134624	0.996388667113188	0.996388667113188
DDHD1	quasibinomial	33	6	0.156703811466843	0.146262790666077	0.29132873145355	NA	-0.150085139726256	564.798663225654	0.996388667113188	0.996388667113188
MACF1	quasibinomial	33	6	0.0832247094009807	0.0776853691039965	0.291364428255526	NA	-0.0800841147401788	567.295752331062	0.996388667113188	0.996388667113188
ARL1	quasibinomial	33	6	0.100893429196332	0.0942275815423812	0.291613946380356	NA	-0.0940460583708241	780.252835673593	0.996388667113188	0.996388667113188
KIF21B	quasibinomial	33	6	0.111256322566814	0.103909975130332	0.291632948060443	NA	-0.105776317443027	1437.2038574914	0.996388667113188	0.996388667113188
EPB41L1	quasibinomial	33	6	0.132329808242119	0.123597876843092	0.29165567680636	NA	-0.122971876757009	3407.78455687565	0.996388667113188	0.996388667113188
FBLIM1	quasibinomial	33	6	0.122543360055632	0.1144708132815	0.291712158807657	NA	-0.118192135417858	242.472180140997	0.996388667113188	0.996388667113188
CBLL1	quasibinomial	33	6	-0.166079193635882	0.15516153916502	0.291781993277822	NA	0.173751759187856	547.971462673291	0.996388667113188	0.996388667113188
ZNF429	quasibinomial	33	6	-0.287189597730033	0.268321181183886	0.291801019505185	NA	0.264314734696074	294.02820652032	0.996388667113188	0.996388667113188
ALDH2	quasibinomial	33	6	0.221463281415516	0.207290614636223	0.292666764842922	NA	-0.217466589186422	1382.46899556903	0.996388667113188	0.996388667113188
NCAM2	quasibinomial	33	6	-0.107925718900526	0.101039373328177	0.292762778802975	NA	0.103290507968248	898.697159838176	0.996388667113188	0.996388667113188
ARMH4	quasibinomial	33	6	0.125063483051287	0.117112835397629	0.292881215022296	NA	-0.118111708189932	474.410322964269	0.996388667113188	0.996388667113188
HGSNAT	quasibinomial	33	6	0.117251756059983	0.109862995052112	0.293163536946475	NA	-0.109476308230547	1178.26069341476	0.996388667113188	0.996388667113188
KDM4A	quasibinomial	33	6	-0.0813092990499039	0.0762221869884034	0.293392285228728	NA	0.0785568979936008	297.202892850876	0.996388667113188	0.996388667113188
DCAF17	quasibinomial	33	6	-0.106179223024553	0.0995534785020771	0.293475106879974	NA	0.113051564353349	459.830454523122	0.996388667113188	0.996388667113188
PKD2	quasibinomial	33	6	-0.18896237804701	0.177302248524525	0.293827385720047	NA	0.165456515963124	99.3247673280994	0.996388667113188	0.996388667113188
ZBTB20	quasibinomial	33	6	0.16298908421241	0.152994631994828	0.294022987072053	NA	-0.147239242826493	1018.26254481969	0.996388667113188	0.996388667113188
BAG4	quasibinomial	33	6	-0.20145039771845	0.189262835698753	0.294438281291875	NA	0.143374095775606	532.081024604544	0.996388667113188	0.996388667113188
SHROOM2	quasibinomial	33	6	0.0814470830294601	0.0765672328284011	0.29473396732959	NA	-0.0811923651746397	675.567550268809	0.996388667113188	0.996388667113188
CAMK1D	quasibinomial	33	6	0.139422985411074	0.13111960506227	0.294915456845264	NA	-0.13101541196573	980.066906244246	0.996388667113188	0.996388667113188
MTFMT	quasibinomial	33	6	0.237057353671481	0.223052755150292	0.295157225022614	NA	-0.238175681805129	143.8049761657	0.996388667113188	0.996388667113188
GID4	quasibinomial	33	6	0.243417616815302	0.229258129417754	0.295615376817685	NA	-0.219178964835581	231.007409613584	0.996388667113188	0.996388667113188
RBM39	quasibinomial	33	6	-0.081648947927895	0.0769044446644981	0.295646145183166	NA	0.0769638525923611	530.502839482032	0.996388667113188	0.996388667113188
EIF5	quasibinomial	33	6	0.110706980999781	0.104319677769623	0.295854546047018	NA	-0.102244531653701	1332.29733436903	0.996388667113188	0.996388667113188
RRP7A	quasibinomial	33	6	0.0997615170972314	0.0940272964400227	0.295963659186668	NA	-0.0949024778833616	945.648266795123	0.996388667113188	0.996388667113188
KCNN3	quasibinomial	33	6	-0.175523642013371	0.165477146308272	0.296085717539324	NA	0.175516201124853	118.625107875976	0.996388667113188	0.996388667113188
CALU	quasibinomial	33	6	-0.145925512613709	0.137594147213877	0.296158334742086	NA	0.128346563796745	1420.37696352813	0.996388667113188	0.996388667113188
CDK9	quasibinomial	33	6	-0.202984843560782	0.1915501868383	0.296541777206649	NA	0.178178812782805	849.732059429146	0.996388667113188	0.996388667113188
NUP155	quasibinomial	33	6	0.253753832884685	0.239526303210172	0.296674950493179	NA	-0.235227105430146	96.6690509222473	0.996388667113188	0.996388667113188
PHF21B	quasibinomial	33	6	0.234711693170983	0.221757851742274	0.297116963524369	NA	-0.220767349684917	94.5791423175991	0.996388667113188	0.996388667113188
GGACT	quasibinomial	33	6	-0.170108357570574	0.160795979649813	0.297341728765629	NA	0.164769623301389	139.69784669629	0.996388667113188	0.996388667113188
SEMA4B	quasibinomial	33	6	0.0826670529185509	0.0781820966813315	0.297588483727232	NA	-0.0797840478732968	268.861330357412	0.996388667113188	0.996388667113188
TLN2	quasibinomial	33	6	0.104819638249684	0.0991524816372819	0.297682748604653	NA	-0.100985584517757	474.771052491245	0.996388667113188	0.996388667113188
ZNF514	quasibinomial	33	6	0.331781812160753	0.3138660154376	0.297716466101184	NA	-0.390713522675091	237.571351486235	0.996388667113188	0.996388667113188
GPD2	quasibinomial	33	6	0.151398554728135	0.14326204788021	0.297845378056966	NA	-0.149295178334144	323.652113311249	0.996388667113188	0.996388667113188
LUZP1	quasibinomial	33	6	0.18839286473726	0.178283360804766	0.297885831780613	NA	-0.175599796065872	377.358646494778	0.996388667113188	0.996388667113188
DHFR	quasibinomial	33	6	-0.206073107509897	0.195133739943608	0.298175732642385	NA	0.203369479067326	62.9696611762814	0.996388667113188	0.996388667113188
DENND6B	quasibinomial	33	6	0.168966306876648	0.160102631445979	0.298490435222588	NA	-0.155605255830794	405.35354997516	0.996388667113188	0.996388667113188
HNRNPR	quasibinomial	33	6	-0.205965367661201	0.195310441271064	0.298855104598148	NA	0.205657837866436	1614.83004672096	0.996388667113188	0.996388667113188
VLDLR	quasibinomial	33	6	-0.12214291166168	0.115825476652366	0.298860108463213	NA	0.118378506569285	222.094921533036	0.996388667113188	0.996388667113188
TBC1D15	quasibinomial	33	6	0.174773882807485	0.165756435631132	0.29892368696009	NA	-0.163868049451087	181.393732328008	0.996388667113188	0.996388667113188
PARP8	quasibinomial	33	6	0.195439850204087	0.185443718792932	0.299148423959102	NA	-0.188404270235876	132.515744288529	0.996388667113188	0.996388667113188
AP2A2	quasibinomial	33	6	0.126902169039137	0.12041192869285	0.299150024336853	NA	-0.124423889420256	438.703896108701	0.996388667113188	0.996388667113188
MAP1LC3B	quasibinomial	33	6	0.0603547395506643	0.0572685754877159	0.299154990259298	NA	-0.0576352632846317	11406.8076933453	0.996388667113188	0.996388667113188
SH2B3	quasibinomial	33	6	0.191804059669499	0.18200225709831	0.299170304373477	NA	-0.169399195893828	190.031435862883	0.996388667113188	0.996388667113188
EXT1	quasibinomial	33	6	-0.164897908786833	0.156480711523196	0.299199539648177	NA	0.153667918323832	129.580519667119	0.996388667113188	0.996388667113188
SYNPO	quasibinomial	33	6	-0.145765058394928	0.138351610505628	0.299292798805663	NA	0.133981328573625	146.746582355507	0.996388667113188	0.996388667113188
TAFA5	quasibinomial	33	6	0.100661738581667	0.0955980784441987	0.299571027984122	NA	-0.0969244289142712	1278.38427529005	0.996388667113188	0.996388667113188
AGAP1	quasibinomial	33	6	0.10284569379323	0.0977458059354367	0.299929630418402	NA	-0.0986330367639385	1001.77992171443	0.996388667113188	0.996388667113188
PHOX2B	quasibinomial	33	6	-0.192693502838821	0.183169825246409	0.300011636007614	NA	0.178332079239063	679.721560932936	0.996388667113188	0.996388667113188
MDM2	quasibinomial	33	6	-0.108074216590102	0.102825303510817	0.300440144946602	NA	0.104782337942175	400.10614078817	0.996388667113188	0.996388667113188
USP3	quasibinomial	33	6	0.10313047338526	0.0981985574009482	0.300812961916884	NA	-0.100001155175008	385.49850734144	0.996388667113188	0.996388667113188
RBM12B	quasibinomial	33	6	-0.149543882745037	0.142443493075162	0.300983785386076	NA	0.147761234946739	534.295338047446	0.996388667113188	0.996388667113188
TBCE	quasibinomial	33	6	-0.178770088538607	0.170472097990622	0.30151480477756	NA	0.15583926874544	260.405102921536	0.996388667113188	0.996388667113188
IGF2BP3	quasibinomial	33	6	-0.158929302931033	0.151590735978437	0.301635631882312	NA	0.160688445202882	133.747871884176	0.996388667113188	0.996388667113188
NUDT16	quasibinomial	33	6	0.102430372147526	0.0977199429441069	0.301729649071152	NA	-0.100176386333962	538.17398219943	0.996388667113188	0.996388667113188
RAB21	quasibinomial	33	6	0.0881620137495187	0.0841824713235619	0.302152468604234	NA	-0.0822389080426884	660.302285761985	0.996388667113188	0.996388667113188
NAA30	quasibinomial	33	6	0.0923220672162694	0.0881849373880608	0.302315505370597	NA	-0.0881684521822428	513.098022158864	0.996388667113188	0.996388667113188
TRANK1	quasibinomial	33	6	0.243354806249557	0.232494688517765	0.30240783147473	NA	-0.199817455723379	87.726121786409	0.996388667113188	0.996388667113188
RBM14	quasibinomial	33	6	0.238163007819948	0.227567537492341	0.302476784488858	NA	-0.24722259520276	497.152308051838	0.996388667113188	0.996388667113188
VAPA	quasibinomial	33	6	-0.13384968316266	0.127933302165584	0.30261959066893	NA	0.126387184232434	4311.34568409867	0.996388667113188	0.996388667113188
GPN2	quasibinomial	33	6	0.179749476498724	0.171844995053658	0.302732505565036	NA	-0.171282679656684	141.77014876741	0.996388667113188	0.996388667113188
SNIP1	quasibinomial	33	6	-0.286645210335177	0.27409101599037	0.302821155792488	NA	0.250311522673851	118.385675742536	0.996388667113188	0.996388667113188
TUBGCP2	quasibinomial	33	6	-0.16662553546906	0.15933405623802	0.302839731758581	NA	0.151982582987184	344.943893798848	0.996388667113188	0.996388667113188
CHKA	quasibinomial	33	6	0.0710183160878984	0.0679268937333778	0.302954119320151	NA	-0.066990840825305	895.398992949147	0.996388667113188	0.996388667113188
PMEPA1	quasibinomial	33	6	0.15920589551885	0.152333408117727	0.303134622653233	NA	-0.150977909767728	323.45364943277	0.996388667113188	0.996388667113188
CPEB1	quasibinomial	33	6	-0.140070798540565	0.134053176637847	0.303237133606264	NA	0.1240760465696	350.979284491084	0.996388667113188	0.996388667113188
TADA2B	quasibinomial	33	6	-0.146190415121304	0.139972201104072	0.303449181330437	NA	0.142274841970378	587.146827768039	0.996388667113188	0.996388667113188
TRMT5	quasibinomial	33	6	-0.166460253757881	0.159617672460515	0.304159251021638	NA	0.160494921869192	157.832335564764	0.996388667113188	0.996388667113188
PRMT7	quasibinomial	33	6	-0.173120171288002	0.166039204984256	0.304260748239575	NA	0.165805772478871	197.961834621154	0.996388667113188	0.996388667113188
NFYA	quasibinomial	33	6	0.170168338545108	0.163223965265297	0.304307020857138	NA	-0.167416207369397	292.302562004257	0.996388667113188	0.996388667113188
LANCL3	quasibinomial	33	6	-0.201019392610297	0.192856590219355	0.304407216988443	NA	0.111523573366845	394.187144741485	0.996388667113188	0.996388667113188
SLC2A13	quasibinomial	33	6	-0.170489794167243	0.163650623889166	0.304651514196444	NA	0.160417432375253	671.458240103443	0.996388667113188	0.996388667113188
ATXN3	quasibinomial	33	6	0.153858716498444	0.14772603172542	0.304778352191121	NA	-0.146347686150944	115.11310950484	0.996388667113188	0.996388667113188
SATB2	quasibinomial	33	6	-0.197837024343104	0.190379689281766	0.305851221453035	NA	0.194447664247444	85.4130458672812	0.996388667113188	0.996388667113188
ZDHHC18	quasibinomial	33	6	-0.084056648528844	0.0809038027346991	0.30594317334986	NA	0.0812373084483427	657.901846978991	0.996388667113188	0.996388667113188
SENP2	quasibinomial	33	6	0.249605911867778	0.240263839982383	0.305983412329072	NA	-0.244977994257655	321.684382914699	0.996388667113188	0.996388667113188
BHLHE41	quasibinomial	33	6	-0.229524097714042	0.221097245859762	0.306336103194375	NA	0.262174254315738	90.7551965126746	0.996388667113188	0.996388667113188
LETM1	quasibinomial	33	6	0.115434561431852	0.11127748245745	0.306683210758647	NA	-0.105174795917482	731.48386220117	0.996388667113188	0.996388667113188
RPS6KL1	quasibinomial	33	6	0.23637788010099	0.227938700308444	0.306836589198722	NA	-0.247100729923878	374.35511581707	0.996388667113188	0.996388667113188
PDCD2	quasibinomial	33	6	0.159699312278501	0.154022497750405	0.306913260005092	NA	-0.158955938757001	341.950120293682	0.996388667113188	0.996388667113188
LLPH	quasibinomial	33	6	0.0799365136383877	0.0771730783959403	0.307395483042255	NA	-0.0763264251927009	159.722179375677	0.996388667113188	0.996388667113188
RNFT2	quasibinomial	33	6	0.0777275056857842	0.0750759886431601	0.307621195972632	NA	-0.0773404022664248	832.017734976494	0.996388667113188	0.996388667113188
MAL2	quasibinomial	33	6	-0.080846077408908	0.0781236460609765	0.307837605294782	NA	0.0747526104845168	640.532521367522	0.996388667113188	0.996388667113188
ZNF526	quasibinomial	31	6	0.270384461313493	0.261353348238312	0.307972342593539	NA	-0.258217085627902	213.513657224193	0.996388667113188	0.996388667113188
DLC1	quasibinomial	33	6	-0.14800550875545	0.143222834711755	0.308507909238164	NA	0.142018614419825	228.352498379213	0.996388667113188	0.996388667113188
EPG5	quasibinomial	33	6	0.191350562208336	0.185220285437914	0.308644451879152	NA	-0.168976815910088	153.185076278307	0.996388667113188	0.996388667113188
C3orf80	quasibinomial	33	6	-0.160955095182107	0.155826174101929	0.308728814056813	NA	0.178425733593511	287.814565635379	0.996388667113188	0.996388667113188
TRPM3	quasibinomial	33	6	-0.276465963186364	0.267773572273807	0.308937729023733	NA	0.253536242553909	129.407958472822	0.996388667113188	0.996388667113188
PSMD10	quasibinomial	33	6	-0.0680145340274505	0.0658993698634169	0.30910618618124	NA	0.0591289822899885	1572.40935029514	0.996388667113188	0.996388667113188
KCNT1	quasibinomial	32	5	-0.343562227554522	0.332995916065851	0.309275161702002	NA	0.272622068038456	200.470653045242	0.996388667113188	0.996388667113188
KRBOX5	quasibinomial	33	6	0.301865877122179	0.292690717249259	0.30945233508072	NA	-0.289588619535319	508.786174171705	0.996388667113188	0.996388667113188
PEG3	quasibinomial	31	5	-0.268206182873685	0.26010100437628	0.309538293608117	NA	0.25403832752635	1239.80023046223	0.996388667113188	0.996388667113188
PSMA5	quasibinomial	33	6	-0.182720094754964	0.177205271651292	0.309557041922288	NA	0.176269658211845	585.573656146089	0.996388667113188	0.996388667113188
CCNK	quasibinomial	33	6	-0.172833244553262	0.167671466107854	0.30971240700189	NA	0.166938040780983	67.396095426126	0.996388667113188	0.996388667113188
EARS2	quasibinomial	33	6	-0.211586721312502	0.205367763683404	0.309945083271877	NA	0.176111173372518	544.61145222232	0.996388667113188	0.996388667113188
AFDN	quasibinomial	33	6	-0.212476456133812	0.206320526697591	0.310151172937789	NA	0.310616291087846	166.866889012616	0.996388667113188	0.996388667113188
AMD1	quasibinomial	33	6	-0.0908200627254007	0.088192428723163	0.310170800678034	NA	0.0882673932837613	651.852091370228	0.996388667113188	0.996388667113188
STAG1	quasibinomial	33	6	0.144336309165989	0.140397258224019	0.310975992815671	NA	-0.13719399639989	138.322977522508	0.996388667113188	0.996388667113188
KAZN	quasibinomial	33	6	-0.172724374152386	0.16808923090629	0.311199093677505	NA	0.166214646196428	154.974519374035	0.996388667113188	0.996388667113188
ARL3	quasibinomial	33	6	0.159435514440734	0.155194310405052	0.311313775010009	NA	-0.150702031806032	1175.9565324115	0.996388667113188	0.996388667113188
AARD	quasibinomial	23	5	0.472838164065268	0.461072058844634	0.312154236229914	NA	-0.494640257920178	51.5406037656424	0.996388667113188	0.996388667113188
COX19	quasibinomial	33	6	0.103230117415498	0.100701929795297	0.312346468538507	NA	-0.102282579913072	526.566825386293	0.996388667113188	0.996388667113188
DMXL1	quasibinomial	33	6	-0.159018870611434	0.155302255125567	0.31289294590194	NA	0.148299226811301	74.9046863987967	0.996388667113188	0.996388667113188
TSR1	quasibinomial	33	6	0.0660388095380672	0.0646080658823485	0.31372569431795	NA	-0.0633398057763924	642.301576183961	0.996388667113188	0.996388667113188
TMEM134	quasibinomial	33	6	0.216026172621565	0.211543151163931	0.314170522917386	NA	-0.209829668115752	319.505448070054	0.996388667113188	0.996388667113188
KCNB1	quasibinomial	33	6	0.171971246273027	0.168483723134681	0.314400594782473	NA	-0.166227685802606	1296.95846043782	0.996388667113188	0.996388667113188
UGDH	quasibinomial	33	6	-0.126397861439408	0.124151288671333	0.315618915063841	NA	0.119436701148777	169.401088105731	0.996388667113188	0.996388667113188
SMPD3	quasibinomial	33	6	-0.111363187605336	0.109412789154545	0.315745136140319	NA	0.106965347316142	1441.52248370335	0.996388667113188	0.996388667113188
ASXL2	quasibinomial	33	6	0.205316037034014	0.202071633684439	0.316575484455005	NA	-0.195685382409735	165.364427297966	0.996388667113188	0.996388667113188
ZNF253	quasibinomial	33	6	-0.298495816358966	0.294000331080346	0.316934736911663	NA	0.276124664403754	229.30607293439	0.996388667113188	0.996388667113188
RCCD1	quasibinomial	33	6	0.134936007775786	0.132923035032224	0.317003735794432	NA	-0.126680551921154	314.19629485346	0.996388667113188	0.996388667113188
ZBTB8B	quasibinomial	33	6	0.197007904995406	0.194075867565319	0.317020750795675	NA	-0.174468633623105	226.047467010523	0.996388667113188	0.996388667113188
DAG1	quasibinomial	33	6	0.151777361360654	0.149580685860844	0.317219154840007	NA	-0.16656710036358	638.160077120103	0.996388667113188	0.996388667113188
TENM3	quasibinomial	33	6	0.153957275742001	0.151793494988879	0.317421716051966	NA	-0.142013661254798	729.1408806817	0.996388667113188	0.996388667113188
ZNF484	quasibinomial	33	6	-0.192959587419958	0.190253538285339	0.317436475607492	NA	0.203296011036245	299.139683820307	0.996388667113188	0.996388667113188
HS6ST2	quasibinomial	33	6	-0.124605608040127	0.122868812694215	0.317477875784747	NA	0.119001272618086	632.654767573911	0.996388667113188	0.996388667113188
CRK	quasibinomial	33	6	-0.103461593253117	0.102071979965035	0.317723148958129	NA	0.101328532434986	2036.18476821476	0.996388667113188	0.996388667113188
SDC2	quasibinomial	33	6	-0.153839988056075	0.151892047474188	0.318094871231274	NA	0.146389752359738	485.227995954604	0.996388667113188	0.996388667113188
VPS36	quasibinomial	33	6	0.0802907375393177	0.0793799532590133	0.318731512316516	NA	-0.0654369204872299	973.662080880161	0.996388667113188	0.996388667113188
SEMA3E	quasibinomial	33	6	-0.173767229700017	0.171920095749901	0.319075740855439	NA	0.172517714352515	536.171746420032	0.996388667113188	0.996388667113188
NUBPL	quasibinomial	33	6	-0.174131868686349	0.172348544684544	0.319263131600968	NA	0.123465608081865	215.987451098812	0.996388667113188	0.996388667113188
TRIO	quasibinomial	33	6	-0.185567394006173	0.183861905730204	0.319769234027532	NA	0.189610196283636	236.069710501489	0.996388667113188	0.996388667113188
NHLRC2	quasibinomial	33	6	0.1737477902532	0.172247728500787	0.320037405270268	NA	-0.173481844622035	90.9158992903258	0.996388667113188	0.996388667113188
PPP1R9A	quasibinomial	33	6	-0.191608190952241	0.190129201196874	0.32047740313097	NA	0.181314287121639	641.980140610847	0.996388667113188	0.996388667113188
TBC1D24	quasibinomial	33	6	0.126863656327651	0.12609412313879	0.321271499107975	NA	-0.138730712314714	777.627565427817	0.996388667113188	0.996388667113188
ARFGEF3	quasibinomial	33	6	0.0832677478119376	0.082779603828281	0.321369163768856	NA	-0.0796861689053347	867.877898700837	0.996388667113188	0.996388667113188
TMEM267	quasibinomial	33	6	-0.215165884302888	0.214044512141374	0.321681327722018	NA	0.209532459121156	118.999914565825	0.996388667113188	0.996388667113188
CHL1	quasibinomial	33	6	-0.248460438432707	0.247415599839154	0.322163757649619	NA	0.23627097590952	343.454671006414	0.996388667113188	0.996388667113188
ZNF229	quasibinomial	33	6	-0.112645756373726	0.112225005584273	0.322388929601341	NA	0.109137383268429	272.865733712778	0.996388667113188	0.996388667113188
PWWP2A	quasibinomial	33	6	0.141428010450671	0.141109177558886	0.323097542189271	NA	-0.125824712176007	150.78676621142	0.996388667113188	0.996388667113188
NCBP2	quasibinomial	33	6	-0.0749846691618351	0.0748544421775854	0.323345019522922	NA	0.0787088993878964	1708.04555379222	0.996388667113188	0.996388667113188
TDP1	quasibinomial	33	6	0.15448701439146	0.154357548444049	0.323774338988597	NA	-0.14280300481972	154.512877897718	0.996388667113188	0.996388667113188
DR1	quasibinomial	33	6	-0.156903296859891	0.156775444903612	0.323785413337931	NA	0.145872789606839	722.972835070176	0.996388667113188	0.996388667113188
C11orf54	quasibinomial	33	6	0.103714046453777	0.103794218160845	0.324543009016841	NA	-0.0969988383922121	98.7665753401094	0.996388667113188	0.996388667113188
CAMSAP2	quasibinomial	33	6	0.12711170881648	0.127225559711907	0.324601486596122	NA	-0.102576277319457	973.803697584897	0.996388667113188	0.996388667113188
ING5	quasibinomial	33	6	0.129653305256293	0.129846688017947	0.324885438548455	NA	-0.124112288326301	294.693763235632	0.996388667113188	0.996388667113188
TXNL1	quasibinomial	33	6	0.113759476994954	0.113960357415256	0.325016095213405	NA	-0.108365646909034	657.417910383002	0.996388667113188	0.996388667113188
SERINC3	quasibinomial	33	6	0.102444678651697	0.102772145094575	0.325696995369883	NA	-0.0970337611805596	3538.96415931969	0.996388667113188	0.996388667113188
DNMT3A	quasibinomial	33	6	-0.169289194135711	0.169918493803204	0.325944608431246	NA	0.156002783491163	225.745136575868	0.996388667113188	0.996388667113188
CCNC	quasibinomial	33	6	-0.145796484847443	0.146412695212685	0.326186590127827	NA	0.121059688129051	541.428477446005	0.996388667113188	0.996388667113188
NRG3	quasibinomial	33	6	-0.106244298760937	0.106881208835499	0.327025932674373	NA	0.11024050599202	474.716348545227	0.996388667113188	0.996388667113188
SNRPD1	quasibinomial	33	6	0.0877836737114575	0.0883872368690777	0.327443469406785	NA	-0.0839932786887169	557.289265982754	0.996388667113188	0.996388667113188
NDC1	quasibinomial	33	6	0.135529368311832	0.136505837040969	0.327599464218045	NA	-0.109135703771316	186.134860250688	0.996388667113188	0.996388667113188
CTNND1	quasibinomial	33	6	0.201074774500164	0.202724958447873	0.328073829975043	NA	-0.141095127124715	1399.6172214895	0.996388667113188	0.996388667113188
PPP1R14C	quasibinomial	33	6	0.0474550682755692	0.0478747517841877	0.328375154235471	NA	-0.0459993831095032	1852.5020908303	0.996388667113188	0.996388667113188
WDR12	quasibinomial	33	6	0.148737564291213	0.150129529807683	0.328618500656493	NA	-0.142571875954539	272.678907363612	0.996388667113188	0.996388667113188
CTCF	quasibinomial	33	6	0.079869177354437	0.0806398188156836	0.328755672325897	NA	-0.0707919512403221	290.655676013325	0.996388667113188	0.996388667113188
RTN4RL1	quasibinomial	33	6	0.060574960532952	0.0612204372606936	0.329231263781802	NA	-0.0628873856860249	1465.92513067036	0.996388667113188	0.996388667113188
UEVLD	quasibinomial	33	6	0.120051089439644	0.121370679045198	0.329389869539741	NA	-0.117616564621357	135.283395242187	0.996388667113188	0.996388667113188
BCL9L	quasibinomial	33	6	-0.155696918140017	0.157495438242078	0.329653813109339	NA	0.161097559030021	177.711866137174	0.996388667113188	0.996388667113188
SLC2A4RG	quasibinomial	33	6	-0.184836926542296	0.187201613122398	0.330239150381069	NA	0.157494966044621	77.9208537947776	0.996388667113188	0.996388667113188
MIDEAS	quasibinomial	33	6	-0.194598447928855	0.197122070903106	0.330321567183263	NA	0.120444528276109	259.792995121805	0.996388667113188	0.996388667113188
PTPRO	quasibinomial	33	6	-0.0964216797059015	0.09770258987447	0.330470403604356	NA	0.0874824984012149	836.968168839215	0.996388667113188	0.996388667113188
TMED5	quasibinomial	33	6	0.0869971619157171	0.0882576671399366	0.331037142956521	NA	-0.0841738345770134	426.251430754456	0.996388667113188	0.996388667113188
MID2	quasibinomial	33	6	-0.0967984548628674	0.0983305648567974	0.331666220714571	NA	0.0742273243280726	344.808588029477	0.996388667113188	0.996388667113188
JPH3	quasibinomial	33	6	0.112315296171272	0.114151169531352	0.331909332721947	NA	-0.105234683897418	1342.48349205347	0.996388667113188	0.996388667113188
CGGBP1	quasibinomial	33	6	-0.136770755954704	0.139015137992283	0.331939414303871	NA	0.111231146927565	1791.93317931437	0.996388667113188	0.996388667113188
GDAP2	quasibinomial	33	6	-0.247513088739971	0.251589932063766	0.331968234094723	NA	0.294849281499129	140.463979156168	0.996388667113188	0.996388667113188
RBFOX2	quasibinomial	33	6	0.0538635675797656	0.0547762344533431	0.332190057623134	NA	-0.0521682127030214	3407.75141133416	0.996388667113188	0.996388667113188
CCDC25	quasibinomial	33	6	0.0968851523171494	0.0985450970286051	0.332278728969911	NA	-0.0933321542500653	278.350634874611	0.996388667113188	0.996388667113188
SLC35B4	quasibinomial	33	6	-0.1247891918505	0.126951307227975	0.332369237925196	NA	0.125339038300397	1487.33017603997	0.996388667113188	0.996388667113188
HECA	quasibinomial	33	6	0.155233389859801	0.15795503332087	0.332466020901492	NA	-0.12927496638999	366.768840508521	0.996388667113188	0.996388667113188
VPS13A	quasibinomial	33	6	-0.189497193953927	0.192910723397344	0.332691447166928	NA	0.198457433599687	203.112778547262	0.996388667113188	0.996388667113188
ALPK3	quasibinomial	32	6	0.281601931592376	0.28678732041026	0.332878950500185	NA	-0.276658157071308	86.6593640161733	0.996388667113188	0.996388667113188
ZNF879	quasibinomial	32	5	-0.443741989103994	0.452046315639835	0.333019624095074	NA	0.439300456555075	212.266455931167	0.996388667113188	0.996388667113188
NAGK	quasibinomial	33	6	0.156841536724277	0.159835280025138	0.333194404294189	NA	-0.152698970134374	767.213416665921	0.996388667113188	0.996388667113188
HIGD1A	quasibinomial	33	6	-0.0728453416648644	0.0742519484886592	0.333298198509345	NA	0.0657218713043429	1780.15021258031	0.996388667113188	0.996388667113188
TADA2A	quasibinomial	33	6	0.133033845944485	0.135808636487666	0.334022080657473	NA	-0.129783583654477	165.466210992946	0.996388667113188	0.996388667113188
HAS3	quasibinomial	33	6	0.130877105130355	0.133633251113705	0.3341160935124	NA	-0.122635955504416	303.929474202741	0.996388667113188	0.996388667113188
KLHL7	quasibinomial	33	6	0.193480494549052	0.197667379822371	0.334387286972367	NA	-0.182847488961164	1360.38011988018	0.996388667113188	0.996388667113188
KBTBD6	quasibinomial	33	6	-0.125049622873079	0.127800370842316	0.334554099633856	NA	0.151109032517165	2294.56763895243	0.996388667113188	0.996388667113188
GATAD2B	quasibinomial	33	6	0.260513375108951	0.266304196207236	0.334661993363487	NA	-0.242079455625078	511.554890187951	0.996388667113188	0.996388667113188
INVS	quasibinomial	33	6	0.154694120035096	0.158195713706523	0.334851872815913	NA	-0.140313365354803	75.9948487557537	0.996388667113188	0.996388667113188
ATP6V0A2	quasibinomial	33	6	0.155462073684706	0.159084196169033	0.335161164709498	NA	-0.148460146882689	81.2646795099558	0.996388667113188	0.996388667113188
PXK	quasibinomial	33	6	-0.0944520008682055	0.0966568069700329	0.335181698172405	NA	0.0896306129700921	208.445786543521	0.996388667113188	0.996388667113188
ERBIN	quasibinomial	33	6	0.134896011671363	0.138114410987423	0.335421728504271	NA	-0.131663027006471	225.095566872359	0.996388667113188	0.996388667113188
KIAA1549	quasibinomial	33	6	0.128865714249344	0.132011830103605	0.335680392843095	NA	-0.119939614693599	936.012480928558	0.996388667113188	0.996388667113188
XPNPEP3	quasibinomial	33	6	0.177827060582255	0.18223186063925	0.335846177909462	NA	-0.174355334405151	83.1552539049815	0.996388667113188	0.996388667113188
NCEH1	quasibinomial	33	6	0.111982195681201	0.11479086583301	0.335990989986475	NA	-0.107395290083985	179.533433282207	0.996388667113188	0.996388667113188
TBCK	quasibinomial	33	6	-0.145167720544854	0.149048315813319	0.336758050123341	NA	0.138770927914715	372.165953535144	0.996388667113188	0.996388667113188
PRORP	quasibinomial	33	6	0.132987608755002	0.13658459951179	0.336904657563275	NA	-0.130116498115673	253.066028539641	0.996388667113188	0.996388667113188
ZBTB16	quasibinomial	33	6	0.22410617736405	0.230287675123	0.337153107063819	NA	-0.208678726961948	51.0650527427745	0.996388667113188	0.996388667113188
HIRIP3	quasibinomial	33	6	-0.154289241916397	0.158727468368212	0.337701530108595	NA	0.149234183174858	162.873457265653	0.996388667113188	0.996388667113188
INCENP	quasibinomial	33	6	-0.470866387978609	0.484486280464287	0.33777546147873	NA	0.387290650210167	67.9451673017323	0.996388667113188	0.996388667113188
SPIN3	quasibinomial	33	6	-0.0769417369289045	0.0791890730369703	0.337906617594437	NA	0.0752697455817461	952.669091132036	0.996388667113188	0.996388667113188
ZFP37	quasibinomial	33	6	0.209501947054975	0.215671398912264	0.338017726204444	NA	-0.149244299073126	331.044183404868	0.996388667113188	0.996388667113188
PEG10	quasibinomial	33	6	-0.154631664669813	0.15918948032732	0.338030286062647	NA	0.150361581705657	10674.5696659365	0.996388667113188	0.996388667113188
KDELR2	quasibinomial	33	6	0.0800006262204691	0.0823769429095442	0.338136049498587	NA	-0.0735545009210264	2358.70585421084	0.996388667113188	0.996388667113188
WWC2	quasibinomial	33	6	-0.163234858689166	0.168430363088881	0.339118634171913	NA	0.152637077424409	52.9108560734054	0.996388667113188	0.996388667113188
PAPOLA	quasibinomial	33	6	0.094396425090205	0.0974952300249727	0.339579972307175	NA	-0.0858690468992488	466.837539433651	0.996388667113188	0.996388667113188
SLC30A7	quasibinomial	33	6	-0.209251470670267	0.216163262766336	0.339673859099784	NA	0.178738916630566	289.820239248926	0.996388667113188	0.996388667113188
MEX3A	quasibinomial	33	6	0.0883123221499461	0.0912594855980357	0.339831174705121	NA	-0.092313382483665	574.574553408125	0.996388667113188	0.996388667113188
CAMK2D	quasibinomial	33	6	0.104094223266707	0.10767831285154	0.340319419948224	NA	-0.10247352425264	1155.15291123395	0.996388667113188	0.996388667113188
CCDC93	quasibinomial	33	6	0.123547417796322	0.127821544097322	0.340394890647388	NA	-0.102131412614014	758.559717326145	0.996388667113188	0.996388667113188
TARDBP	quasibinomial	33	6	-0.0903149309382351	0.0934791629321316	0.340597764230361	NA	0.0928166827006575	1574.2127084547	0.996388667113188	0.996388667113188
PDZD2	quasibinomial	33	6	-0.139493580577458	0.144555097741473	0.341172673232552	NA	0.136191026850606	135.011562091337	0.996388667113188	0.996388667113188
SRGAP2C	quasibinomial	33	6	0.246119640974359	0.255230929973858	0.341510445911136	NA	-0.183764175914576	79.3183444130044	0.996388667113188	0.996388667113188
FBXL17	quasibinomial	33	6	-0.204737506838092	0.212327086340973	0.341533443060161	NA	0.17199465303229	95.4364720928836	0.996388667113188	0.996388667113188
MEF2C	quasibinomial	33	6	-0.122003464891381	0.126538997091259	0.34158197603074	NA	0.115595207517859	379.224006154413	0.996388667113188	0.996388667113188
CHURC1	quasibinomial	33	6	-0.12019620549993	0.124721115055133	0.341798124721995	NA	0.11065955775926	1147.37486492997	0.996388667113188	0.996388667113188
KRBOX4	quasibinomial	33	6	0.103004124956055	0.106882222571576	0.341799915018304	NA	-0.0993908019552358	211.708806583017	0.996388667113188	0.996388667113188
NPTX1	quasibinomial	33	6	0.111483993674916	0.115691506816121	0.341841717154153	NA	-0.109787309809546	939.923774581014	0.996388667113188	0.996388667113188
SHC3	quasibinomial	33	6	0.159633632940607	0.165703790750456	0.341972372439871	NA	-0.150973428879838	941.677288056508	0.996388667113188	0.996388667113188
SAR1B	quasibinomial	33	6	-0.128607518289046	0.133531647794653	0.342092841129108	NA	0.128326132904049	690.297987963932	0.996388667113188	0.996388667113188
USP9Y	quasibinomial	24	4	-0.440241960080163	0.457101708650503	0.342096747766227	NA	0.624099095910743	128.474728889521	0.996388667113188	0.996388667113188
ZC4H2	quasibinomial	33	6	-0.0472505630921412	0.0490636737932396	0.342131487224401	NA	0.0419604883202214	1324.64407835718	0.996388667113188	0.996388667113188
LRCH2	quasibinomial	33	6	0.148227380194777	0.153976344006937	0.342320730038428	NA	-0.141527746091859	116.996959778657	0.996388667113188	0.996388667113188
GALNT1	quasibinomial	33	6	-0.12011996994052	0.124800073228247	0.342401973098235	NA	0.108519447895504	590.408813892136	0.996388667113188	0.996388667113188
LMAN1	quasibinomial	33	6	0.12086448539443	0.125638539403782	0.342648309969372	NA	-0.113952707749406	326.602634437553	0.996388667113188	0.996388667113188
ZNF248	quasibinomial	33	6	0.0924240115729135	0.0961175970922821	0.342861039624853	NA	-0.0842244678176058	582.509574065697	0.996388667113188	0.996388667113188
TMCO1	quasibinomial	33	6	-0.147204329272534	0.153169870636538	0.343118466982598	NA	0.140902657999898	1233.13462312986	0.996388667113188	0.996388667113188
VPS26A	quasibinomial	33	6	0.0615382300763705	0.0640341150690958	0.343133438157369	NA	-0.0586266188124863	953.602329183638	0.996388667113188	0.996388667113188
ZDHHC14	quasibinomial	33	6	0.090607677061069	0.0942854157017469	0.343147822208271	NA	-0.0873655970500874	1154.0296511542	0.996388667113188	0.996388667113188
MSMO1	quasibinomial	33	6	0.0924363535810654	0.096222014507367	0.343314681899483	NA	-0.0882781868247737	2068.98330539838	0.996388667113188	0.996388667113188
DDX3Y	quasibinomial	28	4	-0.482456188534516	0.502373422493182	0.343465103617257	NA	0.47419860503417	220.211343372528	0.996388667113188	0.996388667113188
MAPK14	quasibinomial	33	6	0.0685207511645123	0.0713902544193	0.343737168963577	NA	-0.0703636296699185	342.847968385185	0.996388667113188	0.996388667113188
CNOT11	quasibinomial	33	6	0.0870068927756188	0.0906870310774872	0.343928794595589	NA	-0.083124523782499	347.22075855806	0.996388667113188	0.996388667113188
CSRNP2	quasibinomial	33	6	-0.0501087687742158	0.052284898492708	0.344445379620514	NA	0.0492636762116705	1338.6144284753	0.996388667113188	0.996388667113188
PRRC2C	quasibinomial	33	6	-0.0789736731156021	0.0825408966541187	0.345239679483412	NA	0.0863653928015195	709.524080281507	0.996388667113188	0.996388667113188
ABR	quasibinomial	33	6	0.0978874419314717	0.102331375499102	0.345343838390654	NA	-0.0828256749639288	2173.26831845377	0.996388667113188	0.996388667113188
ERMP1	quasibinomial	33	6	0.0980254793261731	0.102504815591632	0.345479217376147	NA	-0.0940537545050551	144.370813676601	0.996388667113188	0.996388667113188
ANK1	quasibinomial	33	6	0.103335070123067	0.108106650839235	0.345697836609291	NA	-0.0994576716108221	270.557761933971	0.996388667113188	0.996388667113188
CEND1	quasibinomial	33	6	0.0506255241027989	0.0529715127038186	0.345772580843242	NA	-0.048976928762193	2314.29859996052	0.996388667113188	0.996388667113188
ARFGEF2	quasibinomial	33	6	-0.256126625442806	0.268162480301455	0.346069102599263	NA	0.241481723657679	433.535646317504	0.996388667113188	0.996388667113188
ZC3H12C	quasibinomial	33	6	0.150038245519504	0.157122279926876	0.346170528421164	NA	-0.151216177156643	81.8431052711169	0.996388667113188	0.996388667113188
GPR26	quasibinomial	33	6	0.146138018242322	0.153174448391597	0.346595157384562	NA	-0.137198403501892	303.423537099711	0.996388667113188	0.996388667113188
YIPF5	quasibinomial	33	6	-0.14786573282506	0.155238142857671	0.347371044562503	NA	0.157882036301793	1215.21815485511	0.996388667113188	0.996388667113188
ZNF320	quasibinomial	33	6	-0.165853950189113	0.174211329795938	0.347611835440511	NA	0.157699262516929	227.371535756824	0.996388667113188	0.996388667113188
ZZEF1	quasibinomial	33	6	0.106149627818616	0.111512611446978	0.347672047966303	NA	-0.0971013883029079	253.770602076552	0.996388667113188	0.996388667113188
ATP8A2	quasibinomial	33	6	0.137352036040204	0.14438129855584	0.347968342192061	NA	-0.13675146889508	4009.17514271286	0.996388667113188	0.996388667113188
NETO2	quasibinomial	33	6	-0.0693036887091343	0.0728756056871691	0.348132724236586	NA	0.0708875409061354	860.319289497868	0.996388667113188	0.996388667113188
CLCN5	quasibinomial	33	6	0.166902357820868	0.175638516748282	0.348495985435255	NA	-0.159707232330662	531.480928539191	0.996388667113188	0.996388667113188
DPF1	quasibinomial	33	6	0.161902136633889	0.170382095935451	0.348511423590168	NA	-0.160416770152327	191.621998190719	0.996388667113188	0.996388667113188
LZTFL1	quasibinomial	33	6	0.136493391664756	0.143661442570557	0.348574131727366	NA	-0.125944433301497	125.149276491614	0.996388667113188	0.996388667113188
RPL32	quasibinomial	33	6	0.146942580386156	0.154675022278104	0.348622270895363	NA	-0.145576065415317	2021.34043128792	0.996388667113188	0.996388667113188
DPP10	quasibinomial	33	6	-0.12896225236753	0.135754499584589	0.348643200115199	NA	0.121337076349131	274.544116982945	0.996388667113188	0.996388667113188
GABRG3	quasibinomial	33	6	0.170689285878083	0.179689974706807	0.348671651465473	NA	-0.161944124613174	367.427188721256	0.996388667113188	0.996388667113188
SFMBT2	quasibinomial	33	6	0.156032092879427	0.164446606638764	0.349212314106205	NA	-0.15604416903103	191.182003507739	0.996388667113188	0.996388667113188
GFER	quasibinomial	33	6	0.0813572835089872	0.0857451152662708	0.349214469244214	NA	-0.076934172151378	239.25673130295	0.996388667113188	0.996388667113188
RIMS3	quasibinomial	33	6	-0.0882586365743794	0.0930364236579031	0.349305243908822	NA	0.0816972507784728	3276.38250258084	0.996388667113188	0.996388667113188
NDST1	quasibinomial	33	6	0.132943750708136	0.140155676745594	0.349356711639598	NA	-0.128004013212312	670.606616788199	0.996388667113188	0.996388667113188
PDE7A	quasibinomial	33	6	-0.374152368080888	0.39445732618007	0.349366313017699	NA	0.332411819116901	264.799073377056	0.996388667113188	0.996388667113188
IPO9	quasibinomial	33	6	-0.124692652656459	0.131498386851152	0.349506597065165	NA	0.103818151242036	2036.11792314225	0.996388667113188	0.996388667113188
RAB3IP	quasibinomial	33	6	0.132499055703208	0.13982673773921	0.349832965825939	NA	-0.129478375794993	529.091321978414	0.996388667113188	0.996388667113188
OSTM1	quasibinomial	33	6	-0.104238477976558	0.110010681879558	0.34986512467544	NA	0.094336689574568	1007.23370707422	0.996388667113188	0.996388667113188
POLR1A	quasibinomial	33	6	-0.169640011482642	0.179080044294094	0.349987944008226	NA	0.185256774842504	231.148122756269	0.996388667113188	0.996388667113188
GPR37	quasibinomial	33	6	0.235675582740795	0.248849642818657	0.3501013685239	NA	-0.210564464906948	303.865148879098	0.996388667113188	0.996388667113188
RWDD4	quasibinomial	33	6	0.169484211826196	0.179014542695962	0.350251052719385	NA	-0.150600126485061	78.6143260656546	0.996388667113188	0.996388667113188
KLHDC2	quasibinomial	33	6	-0.14240654782892	0.150422761085156	0.350277927678052	NA	0.141031113237169	766.313850007334	0.996388667113188	0.996388667113188
OLA1	quasibinomial	33	6	0.121619455450248	0.128556093242876	0.350613152166493	NA	-0.122197080774664	1047.79548321248	0.996388667113188	0.996388667113188
FIGN	quasibinomial	33	6	-0.118502370798766	0.125313540575048	0.350811801683742	NA	0.102286786322613	589.267107911055	0.996388667113188	0.996388667113188
ZNRF3	quasibinomial	33	6	-0.273092703275752	0.288820159824293	0.350862676918938	NA	0.26522282480419	59.0863693528335	0.996388667113188	0.996388667113188
SIRPA	quasibinomial	24	5	0.42398527642508	0.448481895712656	0.350946726551264	NA	-0.151082390397996	161.405283223162	0.996388667113188	0.996388667113188
BTBD9	quasibinomial	33	6	0.293016753593063	0.309952032628741	0.350955374748809	NA	-0.29690119846853	449.524541650509	0.996388667113188	0.996388667113188
SPTSSB	quasibinomial	33	6	-0.112588247657755	0.119139306569021	0.351130594183437	NA	0.118162783602024	329.292315333522	0.996388667113188	0.996388667113188
PMAIP1	quasibinomial	33	6	-0.251876802837621	0.266554244034605	0.351169390819375	NA	0.28025112931703	111.22181257279	0.996388667113188	0.996388667113188
LAMC1	quasibinomial	33	6	0.165568082788095	0.175249675432879	0.351260487676911	NA	-0.143132400756367	145.165142497567	0.996388667113188	0.996388667113188
CCDC6	quasibinomial	33	6	0.107780581407121	0.114257920120003	0.351988985399773	NA	-0.0996933952565447	783.173833561698	0.996388667113188	0.996388667113188
RNF149	quasibinomial	33	6	0.131454967150805	0.139416391619515	0.352198190645124	NA	-0.131732520571845	249.603466727126	0.996388667113188	0.996388667113188
FAM98B	quasibinomial	32	6	0.252508536495158	0.267923093001513	0.352414176235478	NA	-0.217920341188413	66.2270919505656	0.996388667113188	0.996388667113188
C11orf58	quasibinomial	33	6	-0.151194267091178	0.160514693971311	0.352682861826042	NA	0.140964285611989	2223.7040676228	0.996388667113188	0.996388667113188
INPP4A	quasibinomial	33	6	0.0941554322059196	0.099974321289558	0.352752510874683	NA	-0.0844030109528162	912.707659737487	0.996388667113188	0.996388667113188
CCSER1	quasibinomial	33	6	-0.207012987948729	0.219825253642732	0.35279291866788	NA	0.164183353452069	110.075829838034	0.996388667113188	0.996388667113188
TXLNG	quasibinomial	33	6	-0.106048705477269	0.112618508878343	0.352819647047327	NA	0.102792520296121	151.312963957217	0.996388667113188	0.996388667113188
C1GALT1	quasibinomial	33	6	0.141854805733056	0.150684015467961	0.352949639902837	NA	-0.139741146143033	220.542993810519	0.996388667113188	0.996388667113188
CCAR1	quasibinomial	33	6	0.217808218869145	0.231695558570444	0.35362873111188	NA	-0.199036851650737	65.8657790698548	0.996388667113188	0.996388667113188
YIPF4	quasibinomial	33	6	0.0797252618031571	0.0848139455561281	0.353659237024784	NA	-0.0754762612891751	709.42803573394	0.996388667113188	0.996388667113188
JAZF1	quasibinomial	33	6	-0.0719419298063419	0.076552969637723	0.353778165673338	NA	0.0600589572753445	772.70725054108	0.996388667113188	0.996388667113188
PANK3	quasibinomial	33	6	-0.104624903158323	0.111390330971982	0.354032621808082	NA	0.089950597725368	1259.08080515435	0.996388667113188	0.996388667113188
HYPK	quasibinomial	33	6	0.218742555450886	0.232889132506783	0.354036470712908	NA	-0.259024920800662	1043.03540910277	0.996388667113188	0.996388667113188
BCAT1	quasibinomial	33	6	-0.156792119789397	0.166974809666038	0.354157728211407	NA	0.135016242666445	1830.09368029137	0.996388667113188	0.996388667113188
SORBS2	quasibinomial	33	6	-0.133513779518707	0.142214309329095	0.354256760895811	NA	0.121673098270332	272.409494010406	0.996388667113188	0.996388667113188
MFSD4A	quasibinomial	33	6	0.092834314364654	0.0989551258087483	0.354598838002414	NA	-0.0887682094049966	324.708923387427	0.996388667113188	0.996388667113188
SAMD8	quasibinomial	33	6	-0.171877387667052	0.183253605725778	0.354712680469337	NA	0.167738065347044	1148.46546114268	0.996388667113188	0.996388667113188
SEL1L	quasibinomial	33	6	-0.100890195467033	0.107645759735671	0.355056497082778	NA	0.0935625096471424	1042.74884549028	0.996388667113188	0.996388667113188
CYTH1	quasibinomial	33	6	0.0808357654417841	0.0862485997633906	0.355057081689547	NA	-0.0745170135606927	873.111730710007	0.996388667113188	0.996388667113188
ZFP91	quasibinomial	33	6	-0.143754648593152	0.153495403840387	0.355412687031107	NA	0.110894836194576	660.924277970844	0.996388667113188	0.996388667113188
RAD18	quasibinomial	33	6	0.253140999141771	0.270365298011204	0.355538494513024	NA	-0.236286237940878	63.6457594101137	0.996388667113188	0.996388667113188
HSDL2	quasibinomial	33	6	0.109491845545491	0.117012690397329	0.355825951325532	NA	-0.107497079896165	153.790533080496	0.996388667113188	0.996388667113188
CEP70	quasibinomial	33	6	-0.168550627051922	0.180211526720611	0.356045858746259	NA	0.167921159934988	59.0238135119813	0.996388667113188	0.996388667113188
C1orf21	quasibinomial	33	6	0.176424447021475	0.188638212659066	0.356066332637779	NA	-0.166518448656821	417.897158497481	0.996388667113188	0.996388667113188
MPV17L	quasibinomial	33	6	0.141142971444955	0.150918079789344	0.356078483245029	NA	-0.134159513806639	79.4735413840427	0.996388667113188	0.996388667113188
CBFA2T2	quasibinomial	33	6	-0.103521436226399	0.110728938755674	0.356241304938144	NA	0.0990904960445065	562.959863512974	0.996388667113188	0.996388667113188
VMA21	quasibinomial	33	6	-0.0845389228028885	0.0904340078099415	0.356289678743775	NA	0.0658813459829355	1621.87889867134	0.996388667113188	0.996388667113188
HS3ST4	quasibinomial	33	6	0.0692225796066702	0.0740935748067525	0.356571578371195	NA	-0.066327353565602	381.525080847115	0.996388667113188	0.996388667113188
PIK3R3	quasibinomial	33	6	0.105220714351964	0.112642949051413	0.356648144338451	NA	-0.0945747433691628	1654.11147164523	0.996388667113188	0.996388667113188
PRSS12	quasibinomial	33	6	-0.0798391528839471	0.0854993575574774	0.356805834587157	NA	0.0708822669514184	393.421764506623	0.996388667113188	0.996388667113188
RPP14	quasibinomial	33	6	0.121185270878464	0.129889207358222	0.357217404422334	NA	-0.128263341965312	774.34632307405	0.996388667113188	0.996388667113188
TSR2	quasibinomial	33	6	0.0748202378779255	0.0801942764226285	0.357218563663896	NA	-0.0702793960166555	1441.60568035728	0.996388667113188	0.996388667113188
ZC3H10	quasibinomial	33	6	-0.172145515555815	0.184669186712502	0.35762805082788	NA	0.167716142092702	191.60291180472	0.996388667113188	0.996388667113188
CHRNA7	quasibinomial	33	5	-0.275411096419765	0.295557248936559	0.357804610375845	NA	0.234604637606639	78.2363805036487	0.996388667113188	0.996388667113188
NUCKS1	quasibinomial	33	6	-0.0975753917354314	0.104767641106047	0.35805247831555	NA	0.0858083091439578	1221.22489776033	0.996388667113188	0.996388667113188
NEURL1	quasibinomial	33	6	0.07671953720029	0.082392409492804	0.358155660652744	NA	-0.0753505062085975	459.094905411651	0.996388667113188	0.996388667113188
GOSR1	quasibinomial	33	6	-0.125684832527577	0.134990644934833	0.358198928606534	NA	0.120609517352887	396.33766725925	0.996388667113188	0.996388667113188
USP8	quasibinomial	33	6	0.15422232486765	0.165739573679801	0.358481197390454	NA	-0.134053200385164	170.999744928842	0.996388667113188	0.996388667113188
LRRC57	quasibinomial	33	6	0.129169957261622	0.138868485584801	0.358659632688062	NA	-0.123773376600508	349.38948832035	0.996388667113188	0.996388667113188
MKKS	quasibinomial	33	6	-0.258167577955929	0.277621914074703	0.358779735162877	NA	0.236903954051909	589.07694074048	0.996388667113188	0.996388667113188
SLC29A4	quasibinomial	33	6	0.111870471340746	0.120451580968859	0.359375477826837	NA	-0.104845663703134	1347.1564642229	0.996388667113188	0.996388667113188
HNRNPA2B1	quasibinomial	33	6	0.117654384388879	0.126795414530804	0.359810908354919	NA	-0.123600136473148	3400.27204204147	0.996388667113188	0.996388667113188
DSCAM	quasibinomial	32	6	0.230380773595888	0.248297634714809	0.359844698420399	NA	-0.227659130940883	138.802684665167	0.996388667113188	0.996388667113188
TBC1D22A	quasibinomial	33	6	-0.111621457424071	0.120417881957695	0.360300340704769	NA	0.108002106448587	200.858381749047	0.996388667113188	0.996388667113188
PPP1R2	quasibinomial	33	6	0.0855301113601971	0.0922900831197841	0.360401640845431	NA	-0.0816367109349895	1367.29333512907	0.996388667113188	0.996388667113188
XRRA1	quasibinomial	33	6	0.109988762711534	0.118691583354123	0.360440548820889	NA	-0.108986858076731	333.35304634723	0.996388667113188	0.996388667113188
NCAN	quasibinomial	33	6	0.0756381483130899	0.081644556571961	0.360565921732521	NA	-0.0729484844434946	1100.90424995163	0.996388667113188	0.996388667113188
RNF180	quasibinomial	33	6	-0.167320398965359	0.180663527433354	0.360713697768096	NA	0.124681470930462	188.971336492607	0.996388667113188	0.996388667113188
ZNF71	quasibinomial	33	6	-0.106049374230689	0.114512000549823	0.360736967706822	NA	0.0940751764079947	1062.93554377769	0.996388667113188	0.996388667113188
TAF11	quasibinomial	33	6	0.046970716432643	0.0508080645460709	0.361570055452641	NA	-0.0453148614837131	747.673926957198	0.996388667113188	0.996388667113188
ANKIB1	quasibinomial	33	6	-0.158968503638253	0.171967337286494	0.361602184549747	NA	0.154283837722323	421.944292870862	0.996388667113188	0.996388667113188
PITPNC1	quasibinomial	33	6	-0.0980603844734845	0.106089809444739	0.361651553960127	NA	0.0894884765483689	1831.94026387409	0.996388667113188	0.996388667113188
PGAP1	quasibinomial	33	6	-0.129088150605664	0.13977120219354	0.362035197298559	NA	0.129686522992477	918.216452872277	0.996388667113188	0.996388667113188
PPIG	quasibinomial	33	6	-0.173802817802012	0.188262875849964	0.362228019665068	NA	0.167890214330901	398.278744269577	0.996388667113188	0.996388667113188
RBM28	quasibinomial	33	6	0.122496232168972	0.132778786167308	0.362553549950445	NA	-0.118102468812473	368.780049822375	0.996388667113188	0.996388667113188
GNL1	quasibinomial	33	6	0.11985865022857	0.129981717879996	0.362779506780953	NA	-0.116974639379719	474.671762064934	0.996388667113188	0.996388667113188
QRSL1	quasibinomial	33	6	0.217075525663013	0.235569569864814	0.363102088079308	NA	-0.206066181074237	113.609989702379	0.996388667113188	0.996388667113188
RAB23	quasibinomial	33	6	-0.138507501429471	0.150312249581922	0.363116010900069	NA	0.119697197987747	316.004176504196	0.996388667113188	0.996388667113188
ARRDC3	quasibinomial	33	6	-0.0975123972165278	0.105823801543797	0.363118681606661	NA	0.093038363205292	429.348539854033	0.996388667113188	0.996388667113188
H2AZ2	quasibinomial	33	6	0.0852012994830693	0.0925299386362873	0.363459888401935	NA	-0.0804178498069241	839.018543783799	0.996388667113188	0.996388667113188
DVL3	quasibinomial	33	6	0.0966273723471536	0.104941232070807	0.363470732895725	NA	-0.0945064929923843	469.55675754018	0.996388667113188	0.996388667113188
MECP2	quasibinomial	33	6	0.0858128811429327	0.0931967237562001	0.363473104880877	NA	-0.0831757650648634	805.245467070468	0.996388667113188	0.996388667113188
BRAP	quasibinomial	33	6	0.114785625725358	0.124678292103652	0.363533340317097	NA	-0.112727854478192	305.962580304233	0.996388667113188	0.996388667113188
ZFP69B	quasibinomial	33	6	-0.144935360011408	0.157443274873229	0.363584018213335	NA	0.138285878919563	128.373031556107	0.996388667113188	0.996388667113188
PDCL	quasibinomial	33	6	-0.134748525437089	0.146467113539823	0.363874757289647	NA	0.133002439316237	303.972635032067	0.996388667113188	0.996388667113188
ZNF142	quasibinomial	33	6	-0.1979615420456	0.215263339992068	0.364063748936152	NA	0.174324514775842	180.756774890745	0.996388667113188	0.996388667113188
PITPNB	quasibinomial	33	6	-0.0803530851261428	0.0874770417134441	0.364611941087576	NA	0.0769535559649039	1571.64388370176	0.996388667113188	0.996388667113188
ZBTB44	quasibinomial	33	6	-0.152875887563193	0.166589542201287	0.365067210495379	NA	0.148885073932471	221.376222839817	0.996388667113188	0.996388667113188
PSMB2	quasibinomial	33	6	0.0927529249726805	0.101113639854833	0.365256393969836	NA	-0.0877282912099761	1414.78542717791	0.996388667113188	0.996388667113188
RAB8A	quasibinomial	33	6	-0.175901163229958	0.191948689220527	0.365730219528063	NA	0.172288198150104	975.334977183596	0.996388667113188	0.996388667113188
URB1	quasibinomial	33	6	-0.206821688283619	0.225717632967269	0.365788003018377	NA	0.198358278249253	140.978994955902	0.996388667113188	0.996388667113188
BRI3BP	quasibinomial	33	6	0.122979370385348	0.134249180377401	0.365907964054951	NA	-0.116194210040218	443.077193484906	0.996388667113188	0.996388667113188
TRUB2	quasibinomial	33	6	0.142246655439107	0.155351932217203	0.366120907389112	NA	-0.148114465453235	1094.78218138315	0.996388667113188	0.996388667113188
PEX26	quasibinomial	33	6	-0.12992335776804	0.141895157861631	0.366127172831847	NA	0.124954653673595	323.45461186993	0.996388667113188	0.996388667113188
EFNA5	quasibinomial	33	6	-0.15405223206845	0.168329509796048	0.366358321791167	NA	0.138436390368867	1323.24985460596	0.996388667113188	0.996388667113188
BSDC1	quasibinomial	31	6	0.251265917160878	0.275047612359209	0.367211142197297	NA	-0.266884938272571	1869.43584605003	0.996388667113188	0.996388667113188
HSPA4L	quasibinomial	33	6	-0.119034976010039	0.130317450560549	0.367269683085512	NA	0.108674694007205	366.334332794348	0.996388667113188	0.996388667113188
FHIP2A	quasibinomial	33	6	-0.128330214774842	0.140509900011966	0.367324218260138	NA	0.117742686550273	509.196351033543	0.996388667113188	0.996388667113188
ADCYAP1R1	quasibinomial	33	6	0.150285199809747	0.164573141244356	0.367394806741115	NA	-0.136794427773278	432.650924341346	0.996388667113188	0.996388667113188
C2CD2L	quasibinomial	33	6	-0.161164005919789	0.176530269895117	0.367512976461549	NA	0.149558669087342	555.002773149706	0.996388667113188	0.996388667113188
OTUB2	quasibinomial	33	6	-0.0857220424785493	0.0939274396394545	0.367675246831288	NA	0.0831706941432278	435.396660919231	0.996388667113188	0.996388667113188
UBE2G2	quasibinomial	33	6	0.0654440613719372	0.071722246802209	0.36776646016095	NA	-0.0626732558836258	767.800582501272	0.996388667113188	0.996388667113188
CYB5B	quasibinomial	33	6	-0.0780583886702562	0.0856701056380063	0.368448898966001	NA	0.080110654806727	1620.33172110241	0.996388667113188	0.996388667113188
TULP4	quasibinomial	33	6	0.0884862803742224	0.0971295392062669	0.368520469855755	NA	-0.0800713276734961	2387.147393767	0.996388667113188	0.996388667113188
ARSD	quasibinomial	33	6	0.216856116377292	0.238149642692529	0.368741561684413	NA	-0.197913108540445	237.487817960597	0.996388667113188	0.996388667113188
DESI2	quasibinomial	33	6	-0.161123690548167	0.176981211348566	0.36883909977776	NA	0.15957759701054	315.213401524014	0.996388667113188	0.996388667113188
LATS1	quasibinomial	33	6	-0.188638646144716	0.207317676823059	0.369098338119265	NA	0.208488729427495	199.176500420349	0.996388667113188	0.996388667113188
PPIF	quasibinomial	33	6	0.0832685754464291	0.0915421925514498	0.36924490502884	NA	-0.0814287744780579	718.866316557907	0.996388667113188	0.996388667113188
SGPP2	quasibinomial	33	6	-0.225095595319528	0.2475544101644	0.36942304195637	NA	0.203221178256293	124.690070632232	0.996388667113188	0.996388667113188
MTREX	quasibinomial	33	6	0.061039753123747	0.0671301162782969	0.369424088034486	NA	-0.0623522932709417	511.183683225205	0.996388667113188	0.996388667113188
ADGRL1	quasibinomial	33	6	-0.0449190713813731	0.0494144832345178	0.369553582299054	NA	0.0430999549662647	1010.72245586125	0.996388667113188	0.996388667113188
ZNF597	quasibinomial	33	6	-0.26542314047607	0.292761389664844	0.37080784872338	NA	0.322893171626089	129.73594031055	0.996388667113188	0.996388667113188
ADD1	quasibinomial	33	6	-0.0571040368286056	0.0629867831901896	0.370816126757607	NA	0.0625605929289882	2763.80702658327	0.996388667113188	0.996388667113188
E2F6	quasibinomial	32	6	0.241945584858324	0.266974561690117	0.371000768511861	NA	-0.227671305176161	115.088373531379	0.996388667113188	0.996388667113188
CHRM2	quasibinomial	33	6	-0.107249519241677	0.118352337671202	0.371032678850037	NA	0.09942690573639	1486.53395118728	0.996388667113188	0.996388667113188
PANK2	quasibinomial	33	6	0.130797377844426	0.144357229272086	0.37109584825691	NA	-0.123174817883613	410.855396494426	0.996388667113188	0.996388667113188
PVR	quasibinomial	33	6	0.125914353850806	0.139077774229128	0.37146928888776	NA	-0.152121539916669	1046.29548946943	0.996388667113188	0.996388667113188
ARMC9	quasibinomial	33	6	-0.188218860458874	0.20801738804428	0.37174581466795	NA	0.17661739114313	189.028875681097	0.996388667113188	0.996388667113188
OXCT1	quasibinomial	33	6	0.0815466922362846	0.0901292455231741	0.371770729012418	NA	-0.0714173516446808	2113.51156683904	0.996388667113188	0.996388667113188
CELF5	quasibinomial	33	6	0.110882368010541	0.12258771715626	0.371906884554633	NA	-0.0874661118731709	703.728310374012	0.996388667113188	0.996388667113188
LARP4	quasibinomial	33	6	-0.199469139552376	0.220572298728799	0.372005709442634	NA	0.163222240435695	239.850418886765	0.996388667113188	0.996388667113188
EPS15	quasibinomial	33	6	-0.0704709546620724	0.0779437807760841	0.372110265214057	NA	0.0644145578028893	2104.30388094345	0.996388667113188	0.996388667113188
LYRM2	quasibinomial	33	6	0.0883725589053568	0.0977903301473559	0.372335746567625	NA	-0.0862266783257663	858.056044987527	0.996388667113188	0.996388667113188
CLIC4	quasibinomial	33	6	-0.104685181168459	0.115863574259975	0.372426329492339	NA	0.101864856605796	444.516166575781	0.996388667113188	0.996388667113188
RNF187	quasibinomial	33	6	-0.188472612242025	0.20862248952949	0.372482007766125	NA	0.17583198750595	9572.61601619199	0.996388667113188	0.996388667113188
ANKRD9	quasibinomial	33	6	0.14625342524417	0.16191838173133	0.372566060393636	NA	-0.130732798689686	536.078829800509	0.996388667113188	0.996388667113188
STT3B	quasibinomial	33	6	-0.0825970341906033	0.0914758690021775	0.372731449951298	NA	0.0793605013617256	787.277193018112	0.996388667113188	0.996388667113188
TOMM20	quasibinomial	33	6	0.0744140050030646	0.0824245314929408	0.372796432985216	NA	-0.0701928014924841	2273.0430618193	0.996388667113188	0.996388667113188
ZNF302	quasibinomial	33	6	0.154585527530232	0.171255796120832	0.372877650267256	NA	-0.141664707473963	710.726915798088	0.996388667113188	0.996388667113188
BCORL1	quasibinomial	33	6	0.216680822979112	0.240050559343361	0.372883960466417	NA	-0.207062983038998	52.4502984497181	0.996388667113188	0.996388667113188
TBL3	quasibinomial	33	6	0.150089681270593	0.166292317831394	0.372926511658924	NA	-0.139435202689208	155.516254175561	0.996388667113188	0.996388667113188
HBS1L	quasibinomial	33	6	0.204463573002618	0.226558982282741	0.372974374700971	NA	-0.201840356938534	407.56238348475	0.996388667113188	0.996388667113188
TWF1	quasibinomial	33	6	-0.106175982059528	0.117651275092837	0.372979828651292	NA	0.0936914610827864	234.15505283005	0.996388667113188	0.996388667113188
SBF1	quasibinomial	33	6	0.13519051929624	0.149812944168102	0.373015464128731	NA	-0.130787724992306	386.073257938888	0.996388667113188	0.996388667113188
HSPH1	quasibinomial	33	6	0.153180575787682	0.169833440042326	0.373250917772563	NA	-0.149014491571482	869.07622309168	0.996388667113188	0.996388667113188
SLC35C1	quasibinomial	33	6	0.0722239799726585	0.0800827053216814	0.373292053592419	NA	-0.0694242251662567	516.29228874834	0.996388667113188	0.996388667113188
CLVS1	quasibinomial	33	6	-0.0884754744798329	0.0981673918805246	0.373604313071691	NA	0.081769683158494	279.349637699157	0.996388667113188	0.996388667113188
UBE2R2	quasibinomial	33	6	0.0843206025986778	0.093577442529582	0.373705606392744	NA	-0.0862747083683237	1375.70726378123	0.996388667113188	0.996388667113188
USP15	quasibinomial	33	6	0.0869755547612109	0.096548691372271	0.37382712338267	NA	-0.0801572856139991	457.120655795826	0.996388667113188	0.996388667113188
ZBTB8OS	quasibinomial	33	6	-0.145795634468253	0.161921994512357	0.374057863359432	NA	0.138175285290897	172.78948274575	0.996388667113188	0.996388667113188
ZNF681	quasibinomial	33	6	-0.196530883956332	0.21832311828543	0.374174882397722	NA	0.197002516235303	115.086320077602	0.996388667113188	0.996388667113188
LIMS1	quasibinomial	33	6	0.125520511683862	0.139442633765801	0.374187887508883	NA	-0.119275031906243	148.697341313237	0.996388667113188	0.996388667113188
MRPS33	quasibinomial	33	6	0.141536994819539	0.157279873304093	0.374320898763291	NA	-0.143481788011285	650.644525615981	0.996388667113188	0.996388667113188
C2orf72	quasibinomial	33	6	-0.173336502949892	0.192643799228234	0.374388132079586	NA	0.14786604408447	408.43206999261	0.996388667113188	0.996388667113188
METTL9	quasibinomial	33	6	-0.0667133256812535	0.074161892805363	0.374500369601311	NA	0.071538714204624	2132.15991126707	0.996388667113188	0.996388667113188
NUDCD3	quasibinomial	33	6	0.099672146164269	0.1108592104381	0.37475020340761	NA	-0.100824431160131	5756.41296577616	0.996388667113188	0.996388667113188
PRLHR	quasibinomial	32	6	0.25402384065855	0.282574262743691	0.374815609566653	NA	-0.268057567296281	160.924182792317	0.996388667113188	0.996388667113188
LARS1	quasibinomial	33	6	0.110729514627117	0.123220816855392	0.374992357396681	NA	-0.110331207426573	319.052168311861	0.996388667113188	0.996388667113188
CBX3	quasibinomial	33	6	0.0841011637102247	0.0935913067557737	0.375006294118934	NA	-0.0795831583944194	1237.18308359014	0.996388667113188	0.996388667113188
KIT	quasibinomial	33	6	0.0984012014985521	0.109569028680001	0.375282328810853	NA	-0.0950103604550055	160.386690818307	0.996388667113188	0.996388667113188
VWA1	quasibinomial	33	6	0.23799249151335	0.265030960553957	0.375332274652844	NA	-0.219798300425067	377.803760172929	0.996388667113188	0.996388667113188
MXD4	quasibinomial	33	6	0.0595391671158693	0.0663395268874397	0.375589094291217	NA	-0.0573581241408375	849.533447557754	0.996388667113188	0.996388667113188
PSMD9	quasibinomial	33	6	0.0905794564663378	0.100941329689321	0.375664850473785	NA	-0.0902454654079764	604.076065015039	0.996388667113188	0.996388667113188
GPC1	quasibinomial	33	6	0.0775064450334376	0.0864661129244302	0.376174359536253	NA	-0.0719676759857146	2073.46363028443	0.996388667113188	0.996388667113188
NEGR1	quasibinomial	33	6	-0.103338368079204	0.115414119140034	0.376705945916015	NA	0.0915177967367616	1192.5973332456	0.996388667113188	0.996388667113188
ALDH3A2	quasibinomial	33	6	0.109952914504697	0.122811987567008	0.376745788587678	NA	-0.107158919298049	858.402654884393	0.996388667113188	0.996388667113188
SNX19	quasibinomial	33	6	0.101482194334452	0.1133521931129	0.37675237629257	NA	-0.0965298926139692	748.788776108965	0.996388667113188	0.996388667113188
TFDP2	quasibinomial	33	6	0.152519726259417	0.170514878059099	0.377182772469592	NA	-0.135470590100027	197.683744963707	0.996388667113188	0.996388667113188
PCDH19	quasibinomial	33	6	-0.170648476059562	0.190829242799188	0.377298185858441	NA	0.152206830439361	292.946811319395	0.996388667113188	0.996388667113188
CCNT2	quasibinomial	33	6	0.187308215685292	0.209525009044788	0.377446479425611	NA	-0.228365977615771	819.681362731076	0.996388667113188	0.996388667113188
TRIQK	quasibinomial	33	6	-0.118211706243936	0.132238899427247	0.377467875073177	NA	0.130016061840499	508.51536692003	0.996388667113188	0.996388667113188
ARID3B	quasibinomial	33	6	0.091541388932216	0.102460116056876	0.377727017739636	NA	-0.0858012705702832	254.42779048352	0.996388667113188	0.996388667113188
ZNF561	quasibinomial	33	6	0.110770842204025	0.124049129898879	0.377977785161862	NA	-0.105946446814525	207.875938967577	0.996388667113188	0.996388667113188
SORCS3	quasibinomial	33	6	-0.199700390992472	0.223801841359869	0.378321420458445	NA	0.19200413262287	97.1866234523571	0.996388667113188	0.996388667113188
ELOA	quasibinomial	33	6	0.100333426352795	0.112473933076718	0.378453332534761	NA	-0.0835646540338845	447.383532618653	0.996388667113188	0.996388667113188
VSTM2B	quasibinomial	33	6	-0.133595931660924	0.149797453670578	0.378567282196371	NA	0.141148206470471	284.423754354439	0.996388667113188	0.996388667113188
SDAD1	quasibinomial	33	6	0.120217337668113	0.135054917713698	0.379470457553112	NA	-0.10964488457136	142.155017106348	0.996388667113188	0.996388667113188
SPRY4	quasibinomial	33	6	-0.118767328636862	0.133432935578611	0.379495152149024	NA	0.109390919151434	401.784080022359	0.996388667113188	0.996388667113188
WAC	quasibinomial	33	6	-0.215380515348984	0.242468112660297	0.380452279299931	NA	0.191479437488129	613.131715735463	0.996388667113188	0.996388667113188
FGFBP3	quasibinomial	33	6	0.101222477677331	0.113975807706935	0.380547186950467	NA	-0.0934159752332925	457.139776152852	0.996388667113188	0.996388667113188
RAVER2	quasibinomial	33	6	-0.12015765946469	0.135320964396551	0.380631693365058	NA	0.117149929722911	101.403906207296	0.996388667113188	0.996388667113188
TYSND1	quasibinomial	33	6	0.125095001939775	0.140881459727199	0.380631976066861	NA	-0.121150431031978	139.288527720867	0.996388667113188	0.996388667113188
POU3F2	quasibinomial	31	6	-0.28737080004996	0.32398110019723	0.381134285388026	NA	0.293838718208436	635.698415685615	0.996388667113188	0.996388667113188
GTPBP4	quasibinomial	33	6	0.148141897798107	0.167018431412337	0.381144541623122	NA	-0.139957408934892	248.904906256457	0.996388667113188	0.996388667113188
TYW3	quasibinomial	33	6	0.216715093577439	0.244478762127204	0.381432415459038	NA	-0.185320656915528	60.9275785291102	0.996388667113188	0.996388667113188
TRAPPC6B	quasibinomial	33	6	0.072482810984112	0.0817983352090439	0.381603138161508	NA	-0.0681122316056912	1509.60667781866	0.996388667113188	0.996388667113188
SOCS6	quasibinomial	33	6	-0.162307167503907	0.183204967903782	0.381700832821239	NA	0.165094945622817	294.841083551153	0.996388667113188	0.996388667113188
ZSWIM6	quasibinomial	33	6	-0.134335363191115	0.151644459511036	0.381740562495976	NA	0.128582626145478	196.103671769058	0.996388667113188	0.996388667113188
PPP1R15B	quasibinomial	33	6	-0.115142964729494	0.130017965954425	0.381881241186297	NA	0.110406045978167	210.921575872447	0.996388667113188	0.996388667113188
CPNE3	quasibinomial	33	6	-0.0848375117378155	0.0958653609447199	0.382214921679936	NA	0.0831757885161446	624.11160120478	0.996388667113188	0.996388667113188
RMND5A	quasibinomial	33	6	0.133937110339798	0.151403783218097	0.382390519955493	NA	-0.123527410812462	758.076577209351	0.996388667113188	0.996388667113188
GNPTAB	quasibinomial	33	6	0.0936573117519101	0.105915431334016	0.382587492452087	NA	-0.0914855269462948	454.143965834737	0.996388667113188	0.996388667113188
ARL6IP1	quasibinomial	33	6	-0.0690897691432373	0.0781730635725975	0.38283222429875	NA	0.0619965188606829	10548.6953523999	0.996388667113188	0.996388667113188
PLCB1	quasibinomial	33	6	-0.122075496949759	0.138268980746685	0.383322896451431	NA	0.10551152117318	358.582650582054	0.996388667113188	0.996388667113188
GRIK3	quasibinomial	33	6	0.154236557310082	0.174698484265162	0.38332891288235	NA	-0.144142551600408	814.54635019643	0.996388667113188	0.996388667113188
FAM210A	quasibinomial	33	6	-0.11841461254885	0.134140323273644	0.383385502175346	NA	0.105815250269971	290.238288315327	0.996388667113188	0.996388667113188
ATP5F1A	quasibinomial	33	6	0.156383642268378	0.177211814890583	0.383545068426783	NA	-0.192755699007008	3327.02067777824	0.996388667113188	0.996388667113188
GLS	quasibinomial	33	6	0.0950990408988085	0.107773911970336	0.383584238787856	NA	-0.0799120557277177	2062.06461724858	0.996388667113188	0.996388667113188
RNF41	quasibinomial	32	6	0.206094858037253	0.233813609441431	0.38408800752259	NA	-0.166227620563933	2098.45565623621	0.996388667113188	0.996388667113188
SSTR2	quasibinomial	33	6	-0.176056898935633	0.20004809635814	0.38482294171844	NA	0.122912204377174	1102.11548357599	0.996388667113188	0.996388667113188
PLEKHA3	quasibinomial	33	6	0.177444735961293	0.201640488092638	0.384858932093091	NA	-0.166988113104671	212.48910289942	0.996388667113188	0.996388667113188
ZNF134	quasibinomial	33	6	-0.0470736505548491	0.0535017316629585	0.384940491948373	NA	0.045298832083188	569.614727115346	0.996388667113188	0.996388667113188
BUB3	quasibinomial	33	6	0.167450505354499	0.19034855532151	0.385019691883257	NA	-0.141255438047411	1155.91010534637	0.996388667113188	0.996388667113188
PARD6B	quasibinomial	33	6	-0.167939279019403	0.190907219937709	0.385027211409321	NA	0.183122975428398	196.997361103238	0.996388667113188	0.996388667113188
ACTR3	quasibinomial	33	6	0.111833072580982	0.127145788432547	0.385093949437185	NA	-0.0887341635109615	1776.96584805883	0.996388667113188	0.996388667113188
TEX261	quasibinomial	33	6	0.0629022568257222	0.0715874580844414	0.385569087574702	NA	-0.0580567221650261	1076.47582682943	0.996388667113188	0.996388667113188
SNX30	quasibinomial	33	6	0.0965193611401318	0.109855754698592	0.385609842335111	NA	-0.0558295290736223	927.168014332465	0.996388667113188	0.996388667113188
BCAR1	quasibinomial	33	6	0.207210736231037	0.235940409782686	0.385806470484961	NA	-0.192239578754667	960.093254760457	0.996388667113188	0.996388667113188
SETX	quasibinomial	33	6	0.124173190273231	0.141576494893504	0.386426679682827	NA	-0.120129587899656	313.63926492438	0.996388667113188	0.996388667113188
RELN	quasibinomial	33	6	-0.170780956192878	0.194733731899071	0.386468250944584	NA	0.14227271896256	84.3010036155191	0.996388667113188	0.996388667113188
PPARGC1A	quasibinomial	33	6	-0.131311096342289	0.149751501740741	0.386541822760289	NA	0.0933302640280051	386.474385184692	0.996388667113188	0.996388667113188
EEF2K	quasibinomial	33	6	0.140242715976901	0.159970701931943	0.386639583217653	NA	-0.154244956991516	306.586338533206	0.996388667113188	0.996388667113188
FAM189A1	quasibinomial	33	6	-0.0730704063650664	0.0833613325822398	0.386707715234559	NA	0.0646591782697555	448.888083360901	0.996388667113188	0.996388667113188
CSGALNACT1	quasibinomial	33	6	-0.139851130942851	0.159595145258449	0.386848935978763	NA	0.15259325169231	84.1505997476199	0.996388667113188	0.996388667113188
DUSP28	quasibinomial	33	6	-0.107614747414854	0.122822337383911	0.386905039408154	NA	0.101557760225082	319.938881814437	0.996388667113188	0.996388667113188
TMEM170A	quasibinomial	33	6	0.103535969969229	0.118200575046896	0.387037809006091	NA	-0.0991829644840527	287.125230485697	0.996388667113188	0.996388667113188
PAIP2B	quasibinomial	33	6	0.176817414274674	0.201923269217105	0.387181638314319	NA	-0.168310099882355	188.579244933493	0.996388667113188	0.996388667113188
MAPK4	quasibinomial	33	6	-0.0745208750210215	0.085134316097399	0.387360460454939	NA	0.0646437035324822	397.829883509744	0.996388667113188	0.996388667113188
AKT2	quasibinomial	33	6	-0.141765842782151	0.162054952669943	0.387645897994261	NA	0.128585319017461	136.608214554091	0.996388667113188	0.996388667113188
DCAF11	quasibinomial	33	6	0.0771896391370124	0.0882775203679296	0.387862557495515	NA	-0.0720665050742692	818.772953411808	0.996388667113188	0.996388667113188
SWSAP1	quasibinomial	32	6	0.261184637307373	0.29873337874022	0.387911210632225	NA	-0.236179604041694	178.971316010688	0.996388667113188	0.996388667113188
DUS4L-BCAP29	quasibinomial	33	6	0.23617602036045	0.27016454680954	0.387972214534788	NA	-0.15627914632542	648.599206999843	0.996388667113188	0.996388667113188
PHKA2	quasibinomial	32	6	0.270768652956245	0.309903259514949	0.388226444189597	NA	-0.276586003658767	104.263157813183	0.996388667113188	0.996388667113188
MKRN1	quasibinomial	33	6	-0.0446654875336358	0.0511269889378219	0.388280893028534	NA	0.042693754679098	1407.12726353904	0.996388667113188	0.996388667113188
SOS1	quasibinomial	33	6	0.120201788556905	0.137606395555559	0.388334447775536	NA	-0.117058414801877	388.179531801845	0.996388667113188	0.996388667113188
FECH	quasibinomial	33	6	-0.170108914031372	0.195002137158865	0.388966176416211	NA	0.159317137362618	386.652398402676	0.996388667113188	0.996388667113188
PANX1	quasibinomial	33	6	-0.10047849698481	0.115239245852803	0.389198431961672	NA	0.0949738598024001	487.888542521556	0.996388667113188	0.996388667113188
SPRYD4	quasibinomial	33	6	-0.0945946816282745	0.108510150073766	0.389280929575756	NA	0.0910501526878972	774.845948645869	0.996388667113188	0.996388667113188
POLD3	quasibinomial	33	6	0.116880317371834	0.134162457020584	0.389589834739139	NA	-0.109766171949402	118.238523534321	0.996388667113188	0.996388667113188
CUX2	quasibinomial	33	6	0.115550177492145	0.132795372209294	0.39015432120704	NA	-0.103794990686389	315.961215039185	0.996388667113188	0.996388667113188
RMI1	quasibinomial	33	6	-0.12747476945521	0.146629147927262	0.390568646940521	NA	0.123145065212334	317.857242636337	0.996388667113188	0.996388667113188
ZNF189	quasibinomial	33	6	-0.0921789742374913	0.106058234880198	0.390694355373892	NA	0.103350658121527	383.855615623455	0.996388667113188	0.996388667113188
NDUFB5	quasibinomial	33	6	0.0991992178936976	0.114212256326614	0.391009474822265	NA	-0.0937370562057575	1080.10505579891	0.996388667113188	0.996388667113188
INTS2	quasibinomial	33	6	0.165828154692124	0.191002802498697	0.39120051281484	NA	-0.150399693275955	66.2283806528977	0.996388667113188	0.996388667113188
CYLD	quasibinomial	33	6	0.0829473130500501	0.095658130289066	0.391781141152885	NA	-0.0739209980324036	525.335972759452	0.996388667113188	0.996388667113188
H3-3A	quasibinomial	33	5	-0.277112339777953	0.319649994201572	0.391888238863345	NA	0.330040843499847	121.026345268422	0.996388667113188	0.996388667113188
AVL9	quasibinomial	33	6	-0.147327763678415	0.170242440137585	0.392712718345812	NA	0.132712111950772	347.335039170018	0.996388667113188	0.996388667113188
CBR4	quasibinomial	33	6	0.12005120389528	0.138745986845108	0.392788926390561	NA	-0.113744524370672	199.296476903621	0.996388667113188	0.996388667113188
LRRTM3	quasibinomial	33	6	-0.139029439207252	0.160767431734095	0.393044893246607	NA	0.137961980553985	161.474450877923	0.996388667113188	0.996388667113188
PAGR1	quasibinomial	33	6	-0.142619233272455	0.164930603903904	0.393079231488125	NA	0.13304505027012	308.034913350534	0.996388667113188	0.996388667113188
VSTM2A	quasibinomial	33	6	-0.050116504427268	0.0579691870060518	0.393179805253639	NA	0.0485981698496777	1052.56540937101	0.996388667113188	0.996388667113188
GSTO2	quasibinomial	33	6	0.252832837261182	0.292515577034617	0.393286621977391	NA	-0.221788437622629	82.3903847829406	0.996388667113188	0.996388667113188
DMTF1	quasibinomial	33	6	-0.0912170469415581	0.105606763461934	0.393610225246479	NA	0.091664014835564	454.300667278528	0.996388667113188	0.996388667113188
NOL4L	quasibinomial	33	6	-0.0550711630472169	0.0637871734546979	0.393818653439601	NA	0.0521292049179881	4078.10266286792	0.996388667113188	0.996388667113188
SRGAP1	quasibinomial	33	6	-0.215465561586856	0.249714523939391	0.394095423360962	NA	0.146240139688606	1159.88925973357	0.996388667113188	0.996388667113188
NRG1	quasibinomial	33	6	-0.101579872206121	0.11778553888953	0.39433072204904	NA	0.0933332232862833	1038.17488930212	0.996388667113188	0.996388667113188
WDR91	quasibinomial	32	6	-0.239126329662201	0.277415620932972	0.394566883888299	NA	0.224506356749133	151.295375878959	0.996388667113188	0.996388667113188
ZNF398	quasibinomial	33	6	-0.103914878844355	0.12064798590889	0.394931865094309	NA	0.108232351708911	515.731363910295	0.996388667113188	0.996388667113188
TMX3	quasibinomial	33	6	-0.114070811843878	0.132439875855706	0.394933902864461	NA	0.0676258387883613	350.411103227521	0.996388667113188	0.996388667113188
GRIK4	quasibinomial	33	6	0.0990941670885171	0.115185472738211	0.395478164888046	NA	-0.0796940596817132	97.282061022986	0.996388667113188	0.996388667113188
ZNF268	quasibinomial	33	6	0.154990442270735	0.180430852900556	0.396184675250513	NA	-0.18920876574341	433.079333996718	0.996388667113188	0.996388667113188
KPNA5	quasibinomial	33	6	0.127111861246834	0.147984187847603	0.396209808862552	NA	-0.108582284998835	469.686295537317	0.996388667113188	0.996388667113188
TMEM33	quasibinomial	33	6	0.127774087031803	0.14881819647786	0.396407860158594	NA	-0.119742836465497	944.568899240742	0.996388667113188	0.996388667113188
GGPS1	quasibinomial	33	6	-0.0937060757721515	0.109234076324312	0.396813699162624	NA	0.0873971349790493	1468.50638424228	0.996388667113188	0.996388667113188
PRKAA2	quasibinomial	33	6	0.126190209962997	0.147160299075742	0.397001564793576	NA	-0.159218529999002	466.288812152651	0.996388667113188	0.996388667113188
STK10	quasibinomial	33	6	0.183022212542243	0.213664596201264	0.397500445938967	NA	-0.16955946905406	113.59667044883	0.996388667113188	0.996388667113188
FRS2	quasibinomial	33	6	-0.102366339404104	0.119512920301826	0.397531551107284	NA	0.102847082253829	316.365677379013	0.996388667113188	0.996388667113188
SEMA4D	quasibinomial	33	6	0.157795168822938	0.184351220196416	0.397848410631471	NA	-0.168943378451072	235.562111354662	0.996388667113188	0.996388667113188
ZNF75D	quasibinomial	33	6	0.123602036795318	0.144448421281942	0.397993425501212	NA	-0.118343938157646	101.074203760676	0.996388667113188	0.996388667113188
KIRREL1	quasibinomial	33	6	0.121921701692559	0.142531856580835	0.398147993494246	NA	-0.115599213955884	196.256003268081	0.996388667113188	0.996388667113188
EGFR	quasibinomial	33	6	0.243742600001754	0.285340213325725	0.398793643729747	NA	-0.22703819966885	62.4932890538127	0.996388667113188	0.996388667113188
TGFB2	quasibinomial	33	6	-0.174788853944015	0.204636228609698	0.39883367505619	NA	0.167943840518702	70.4511534362845	0.996388667113188	0.996388667113188
OSBPL10	quasibinomial	33	6	-0.0967880524126489	0.113319294008533	0.398847991530389	NA	0.0790183422394434	383.808323612205	0.996388667113188	0.996388667113188
VEZT	quasibinomial	33	6	-0.0754390138252322	0.088347141603536	0.398970929355088	NA	0.0768821078044973	860.787096433827	0.996388667113188	0.996388667113188
ANAPC1	quasibinomial	33	6	-0.136312696321654	0.159788513669106	0.399414444084991	NA	0.12584165578813	50.4727396866678	0.996388667113188	0.996388667113188
NBPF9	quasibinomial	33	6	-0.237220731983622	0.278370837228487	0.399910582382319	NA	0.253556223034767	92.6354655792964	0.996388667113188	0.996388667113188
KLF13	quasibinomial	33	6	-0.17473726121285	0.205138585033785	0.400115440977391	NA	0.165943118471229	172.572313519587	0.996388667113188	0.996388667113188
KCTD16	quasibinomial	33	6	-0.166620187469763	0.195636970785417	0.400181467209015	NA	0.0746214202867317	783.123817572742	0.996388667113188	0.996388667113188
FAM13B	quasibinomial	33	6	0.109541294597593	0.128637600875259	0.400253152407064	NA	-0.0964600002471435	799.218735188841	0.996388667113188	0.996388667113188
PAPPA2	quasibinomial	32	6	0.673351145191989	0.791593884679961	0.400758626833458	NA	-0.475293248992538	136.488434643213	0.996388667113188	0.996388667113188
DESI1	quasibinomial	33	6	0.116543627581911	0.137069660465493	0.400964716413293	NA	-0.107414068594675	960.032763102744	0.996388667113188	0.996388667113188
NQO1	quasibinomial	33	6	0.115793622260844	0.136281861159304	0.401287375373592	NA	-0.112948640285607	217.546894186379	0.996388667113188	0.996388667113188
PXDN	quasibinomial	33	6	-0.0984489311028856	0.115883570180234	0.401349026895449	NA	0.088591746488167	842.08625753798	0.996388667113188	0.996388667113188
SLC12A2	quasibinomial	33	6	-0.15938416439934	0.187810172215056	0.401845933087374	NA	0.165102729380632	172.588696718347	0.996388667113188	0.996388667113188
ARFRP1	quasibinomial	33	6	0.040818146826703	0.0481024715101258	0.401889026789129	NA	-0.0384737626235934	861.540365237016	0.996388667113188	0.996388667113188
HNRNPU	quasibinomial	33	6	-0.12091178393084	0.142518649008256	0.4019844666251	NA	0.105307191714687	1923.55528358827	0.996388667113188	0.996388667113188
PAN3	quasibinomial	33	6	-0.0861439672837816	0.10177346912706	0.403064049670524	NA	0.0827046394667785	218.757468403539	0.996388667113188	0.996388667113188
ZNF792	quasibinomial	33	6	0.195580807795506	0.231124875536112	0.403182777237884	NA	-0.175588150115965	69.2327291165992	0.996388667113188	0.996388667113188
CMTM6	quasibinomial	33	6	-0.176130180025915	0.208379987991982	0.403720613567451	NA	0.146527845137702	285.941693562979	0.996388667113188	0.996388667113188
TMEM150C	quasibinomial	33	6	-0.0931239722941811	0.110218019808051	0.403901593174478	NA	0.0911449238145914	555.941427963189	0.996388667113188	0.996388667113188
JADE2	quasibinomial	33	6	0.267819406837877	0.317182682378351	0.404197657165664	NA	-0.275076518761626	66.8973858287205	0.996388667113188	0.996388667113188
GDF11	quasibinomial	33	6	0.0998169004665512	0.11822622588704	0.404243000013115	NA	-0.0990956103130336	207.824050588111	0.996388667113188	0.996388667113188
KCTD2	quasibinomial	33	6	0.070371571916823	0.0833521997890409	0.404253786287985	NA	-0.0682083583506597	961.87635889093	0.996388667113188	0.996388667113188
HMCES	quasibinomial	33	6	-0.0780644577554228	0.0926114392310105	0.404994428710996	NA	0.0746210423715168	691.328457690948	0.996388667113188	0.996388667113188
GNPDA2	quasibinomial	33	6	0.127363465512872	0.151266958527313	0.405516844619264	NA	-0.119932473079091	116.694874804696	0.996388667113188	0.996388667113188
GLUL	quasibinomial	33	6	-0.0618281906706544	0.073443691624554	0.405590445500411	NA	0.0570157384757813	990.026844235385	0.996388667113188	0.996388667113188
MAP3K9	quasibinomial	33	6	0.0991181677897547	0.117785917815111	0.405774711474238	NA	-0.0961048693368666	841.22489709449	0.996388667113188	0.996388667113188
ARSA	quasibinomial	33	6	0.204158168534336	0.242809572002913	0.406158856940145	NA	-0.176128580002405	100.866061994624	0.996388667113188	0.996388667113188
MEF2D	quasibinomial	33	6	0.134460824132934	0.159999645639391	0.40639876652896	NA	-0.144947935749316	258.819674202742	0.996388667113188	0.996388667113188
GMPS	quasibinomial	33	6	0.193709943303297	0.230657787440936	0.406712182316356	NA	-0.182728395853668	153.015640323698	0.996388667113188	0.996388667113188
MAGI2	quasibinomial	33	6	-0.108737074134718	0.129517765747929	0.406857117777422	NA	0.0995462233420756	292.983304971702	0.996388667113188	0.996388667113188
PIGN	quasibinomial	33	6	-0.15288040905424	0.182170883373016	0.407044750623439	NA	0.177787370390789	62.0093570166058	0.996388667113188	0.996388667113188
SCD	quasibinomial	33	6	0.076813979609348	0.0915799645386324	0.407294010393152	NA	-0.0521722570636501	4710.6174142182	0.996388667113188	0.996388667113188
POLH	quasibinomial	33	6	-0.176372638026562	0.210284737478835	0.407311479847371	NA	0.135227038165312	92.432095452471	0.996388667113188	0.996388667113188
CLINT1	quasibinomial	33	6	-0.170657740320032	0.203572115801727	0.407542180680005	NA	0.215744335801406	459.640379233696	0.996388667113188	0.996388667113188
TRPM7	quasibinomial	33	6	0.226327378419615	0.270173118223019	0.407876524205792	NA	-0.226582431847498	77.6928473727685	0.996388667113188	0.996388667113188
GOLGA7B	quasibinomial	33	6	0.143602537048032	0.171540317485078	0.408196168304573	NA	-0.137765180572624	803.076400741397	0.996388667113188	0.996388667113188
ZNF264	quasibinomial	33	6	-0.138954837722472	0.166229815674401	0.408870565648986	NA	0.11440183055474	224.616797007779	0.996388667113188	0.996388667113188
WDR13	quasibinomial	33	6	0.157505991642592	0.188828713224471	0.409869842541761	NA	-0.147253329742116	368.602378587868	0.996388667113188	0.996388667113188
HIPK1	quasibinomial	33	6	-0.129383936678719	0.155114694924736	0.409871580283424	NA	0.105744806705953	336.511690472928	0.996388667113188	0.996388667113188
THOC5	quasibinomial	33	6	0.114701893874085	0.137607947306448	0.410192196307291	NA	-0.111695467533043	238.807167332648	0.996388667113188	0.996388667113188
GRIN3A	quasibinomial	33	6	0.094419059810937	0.113351659534951	0.41050734362758	NA	-0.084361688576741	1641.78764160861	0.996388667113188	0.996388667113188
ARNTL2	quasibinomial	33	6	0.117372085313009	0.14095879412178	0.410677166554896	NA	-0.115098321593664	199.673186370826	0.996388667113188	0.996388667113188
BICRAL	quasibinomial	33	6	0.115740310196372	0.13901369652289	0.41072581736963	NA	-0.0908523596032688	165.917302588986	0.996388667113188	0.996388667113188
SNX4	quasibinomial	33	6	-0.112748693068748	0.135440828633655	0.410795316440049	NA	0.101911218322072	870.38589891571	0.996388667113188	0.996388667113188
ACO1	quasibinomial	33	6	-0.246368087082571	0.296008943654745	0.410883120596467	NA	0.216234560114672	260.785118664876	0.996388667113188	0.996388667113188
UCHL5	quasibinomial	33	6	0.126580911264508	0.152145132860853	0.411063911676632	NA	-0.11805502677682	584.41944903871	0.996388667113188	0.996388667113188
CPT1A	quasibinomial	33	6	-0.233996413526524	0.281283180951641	0.41111161481125	NA	0.224553504845665	58.8095866712585	0.996388667113188	0.996388667113188
PDE10A	quasibinomial	33	6	0.115997973554108	0.1394740556544	0.411227313162427	NA	-0.114065843123672	228.727152136738	0.996388667113188	0.996388667113188
BBS7	quasibinomial	33	6	-0.158323273957964	0.190414844560318	0.411347855383172	NA	0.172717396432403	180.044443431617	0.996388667113188	0.996388667113188
ACBD5	quasibinomial	33	6	0.0733346981924806	0.0882295181482183	0.41150608252474	NA	-0.0701326477420592	504.511734874608	0.996388667113188	0.996388667113188
ATE1	quasibinomial	33	6	0.0731683632755075	0.0881326446075931	0.412048885911002	NA	-0.0731693556682687	453.565789653195	0.996388667113188	0.996388667113188
LRCH4	quasibinomial	33	6	0.119998118335552	0.144643812573596	0.412381429075344	NA	-0.113074989572102	198.564728825993	0.996388667113188	0.996388667113188
DNAJC5	quasibinomial	33	6	0.0707737368613141	0.0853264971516722	0.412473479491403	NA	-0.0645822182870242	1647.11163650565	0.996388667113188	0.996388667113188
SPATA6	quasibinomial	33	6	-0.126939510459802	0.153090173424262	0.412621303345296	NA	0.12196328255172	61.7018726540636	0.996388667113188	0.996388667113188
RNF216	quasibinomial	33	6	0.0965910094074334	0.116516529079443	0.412728228724534	NA	-0.0878057698600538	515.822226215947	0.996388667113188	0.996388667113188
SLC35E3	quasibinomial	33	6	0.091920197199044	0.110933019290732	0.412940325316839	NA	-0.087954160153985	381.613444468831	0.996388667113188	0.996388667113188
RNF111	quasibinomial	33	6	0.133563680708089	0.161259529888453	0.413139685885028	NA	-0.13457848552874	315.732695443716	0.996388667113188	0.996388667113188
PXMP4	quasibinomial	33	6	-0.0622946327515328	0.0752418170410476	0.413322520073908	NA	0.0597955793357225	295.536587514242	0.996388667113188	0.996388667113188
CAB39L	quasibinomial	33	6	0.059382850740116	0.0717738420252354	0.413638322568299	NA	-0.0518374983269989	613.044690802838	0.996388667113188	0.996388667113188
CFLAR	quasibinomial	33	6	-0.124031314241356	0.149991961665838	0.413884828268693	NA	0.120913543386017	205.401495326863	0.996388667113188	0.996388667113188
CHIC1	quasibinomial	33	6	0.147451934564278	0.178369253250634	0.414026310349871	NA	-0.132988867036671	153.924579800618	0.996388667113188	0.996388667113188
GUF1	quasibinomial	33	6	0.0761243746928483	0.0921670889914524	0.414433618201151	NA	-0.0731911706252096	337.488742846031	0.996388667113188	0.996388667113188
GPALPP1	quasibinomial	33	6	0.125505008501721	0.152070056399035	0.414785377068396	NA	-0.119482788439116	92.4499733353207	0.996388667113188	0.996388667113188
NREP	quasibinomial	33	6	-0.0401114018050791	0.0486389325080201	0.415140274199232	NA	0.0389918619178604	10515.9659334726	0.996388667113188	0.996388667113188
TMBIM6	quasibinomial	33	6	0.0441589792460656	0.0535616124437443	0.415266256272334	NA	-0.0409210733878118	9317.1513354234	0.996388667113188	0.996388667113188
EXOC5	quasibinomial	33	6	0.1297963110314	0.157443531116717	0.415295888216445	NA	-0.132042758369561	938.424282711925	0.996388667113188	0.996388667113188
SYNCRIP	quasibinomial	33	6	-0.0812091081663805	0.0985123863076694	0.41532102089964	NA	0.0646214708231894	405.434478753922	0.996388667113188	0.996388667113188
PSMF1	quasibinomial	33	6	-0.0698646380524595	0.0847736133611488	0.415445669862302	NA	0.0686918506500865	1291.89808421932	0.996388667113188	0.996388667113188
PIKFYVE	quasibinomial	33	6	-0.112572755648247	0.136626815954078	0.415551361221132	NA	0.107211145192557	174.369903318087	0.996388667113188	0.996388667113188
AK2	quasibinomial	33	6	0.10799633100942	0.13120491683861	0.416017626965894	NA	-0.0989129391915263	1165.84689920848	0.996388667113188	0.996388667113188
SETD1B	quasibinomial	33	6	-0.101715682541109	0.123848385649415	0.417039395051857	NA	0.0986796029177488	106.476861760134	0.996388667113188	0.996388667113188
SPOCK2	quasibinomial	33	6	0.0451427513723074	0.054966548024342	0.417047901618467	NA	-0.0449761910431383	5401.16400637013	0.996388667113188	0.996388667113188
HRH1	quasibinomial	33	6	0.267193314023946	0.325490321393386	0.41726256729475	NA	-0.22250768312037	102.616133954937	0.996388667113188	0.996388667113188
HIVEP3	quasibinomial	33	6	0.225589771559954	0.275041887665301	0.417652331999529	NA	-0.22145801744358	823.645383722862	0.996388667113188	0.996388667113188
SMTNL2	quasibinomial	33	6	-0.115349758659934	0.14064541946043	0.417683626971576	NA	0.111413972423066	98.3099880145236	0.996388667113188	0.996388667113188
SLC33A1	quasibinomial	33	6	0.15077249105955	0.183976580010704	0.418035676202946	NA	-0.170643356349856	106.321904170812	0.996388667113188	0.996388667113188
COX11	quasibinomial	33	6	0.0645459715969347	0.0787831572562555	0.418167124984856	NA	-0.0588742728810565	527.179900915116	0.996388667113188	0.996388667113188
ZNF226	quasibinomial	33	6	0.0923068115788282	0.112729060960063	0.418419674230164	NA	-0.0886650504485761	443.32417275124	0.996388667113188	0.996388667113188
NOL6	quasibinomial	33	6	-0.0834218153803134	0.10202970794847	0.419104024445147	NA	0.0781842727992736	203.369497114262	0.996388667113188	0.996388667113188
SPTSSA	quasibinomial	33	6	-0.0997006342357219	0.122039919232226	0.419482722506806	NA	0.0951637173503931	710.280602135027	0.996388667113188	0.996388667113188
RAD51D	quasibinomial	33	6	-0.092494416897256	0.113242849410585	0.419579537698722	NA	0.0874635099336981	255.735270625833	0.996388667113188	0.996388667113188
MOB1A	quasibinomial	33	6	0.100218617695851	0.122718931913731	0.419651539601073	NA	-0.0935431148051598	375.338400405559	0.996388667113188	0.996388667113188
FLRT2	quasibinomial	33	6	0.0970446757383532	0.11886836646591	0.419790914340058	NA	-0.0946285044161771	519.687419081557	0.996388667113188	0.996388667113188
ZC2HC1A	quasibinomial	33	6	-0.132540804807212	0.162427840563424	0.420020256847308	NA	0.136025800026223	772.674933855774	0.996388667113188	0.996388667113188
TOB1	quasibinomial	33	6	-0.154359886451617	0.189311931675106	0.420372935452207	NA	0.208826397849064	210.627153097322	0.996388667113188	0.996388667113188
ULK2	quasibinomial	33	6	0.0929871566498117	0.114142924038203	0.420778320710267	NA	-0.0949190162591761	744.101013813333	0.996388667113188	0.996388667113188
C4orf33	quasibinomial	33	6	0.110954834790495	0.136235176131039	0.420902301660359	NA	-0.111349897215628	166.089009021363	0.996388667113188	0.996388667113188
ARID1A	quasibinomial	33	6	-0.0938513227432539	0.115429073908217	0.421677495828821	NA	0.111922260285358	1263.5066528133	0.996388667113188	0.996388667113188
FER	quasibinomial	33	6	0.0958591652276723	0.117945833986405	0.421861911486548	NA	-0.0898071802415584	378.420639102097	0.996388667113188	0.996388667113188
DYRK2	quasibinomial	33	6	-0.0873592189477497	0.107519499594268	0.421999060330814	NA	0.0992610396448376	663.64359993593	0.996388667113188	0.996388667113188
NAA15	quasibinomial	33	6	0.143857321004779	0.177365089159485	0.422801039588894	NA	-0.1427662382845	220.497579806755	0.996388667113188	0.996388667113188
TBC1D1	quasibinomial	33	6	0.138513759579178	0.171061562060151	0.423566234919189	NA	-0.135360661885854	107.535043899017	0.996388667113188	0.996388667113188
RNF144A	quasibinomial	33	6	0.125001484224098	0.154562299694084	0.424125448318094	NA	-0.109081640961519	597.196558200158	0.996388667113188	0.996388667113188
ZNF618	quasibinomial	33	6	-0.213136681984549	0.263915900822964	0.424779603489711	NA	0.178177101724904	663.699979031778	0.996388667113188	0.996388667113188
TMEM248	quasibinomial	33	6	0.0685253647592769	0.0848545830153665	0.424797133851551	NA	-0.0599271290100612	1508.2893590894	0.996388667113188	0.996388667113188
H6PD	quasibinomial	33	6	0.161184701656501	0.199638171099846	0.424898368337233	NA	-0.153450820145339	184.061015911242	0.996388667113188	0.996388667113188
NAV2	quasibinomial	33	6	0.118200637443793	0.146463778764565	0.425099782082751	NA	-0.129130486356058	401.534809694612	0.996388667113188	0.996388667113188
STX1B	quasibinomial	33	6	0.131625682473263	0.163139086867108	0.425212781584899	NA	-0.113468803134431	1047.44301447596	0.996388667113188	0.996388667113188
CHD2	quasibinomial	33	6	0.175904598115794	0.218100352086155	0.425383658125206	NA	-0.113751671393302	466.068248369986	0.996388667113188	0.996388667113188
CLSTN2	quasibinomial	33	6	0.10155332194391	0.125950974510123	0.425519072403431	NA	-0.0983201417277948	1849.76192403551	0.996388667113188	0.996388667113188
RAB30	quasibinomial	33	6	-0.14753790334027	0.183198219909001	0.426057796785525	NA	0.0526313546037199	714.609976331672	0.996388667113188	0.996388667113188
RNASEH1	quasibinomial	33	6	-0.17039453639012	0.211685528806812	0.426287753346447	NA	0.145794352088924	612.944834008614	0.996388667113188	0.996388667113188
MFSD14B	quasibinomial	33	6	-0.122071264642898	0.151704558291774	0.426445721114658	NA	0.133391501802648	227.014152570304	0.996388667113188	0.996388667113188
SGTB	quasibinomial	33	6	-0.0887594698054438	0.11046840251784	0.427119025628947	NA	0.0648989006935439	543.464066635864	0.996388667113188	0.996388667113188
RBPJ	quasibinomial	33	6	-0.0866090731765482	0.107864496641264	0.427426720712873	NA	0.0868099878690031	614.436020579281	0.996388667113188	0.996388667113188
GLT1D1	quasibinomial	33	6	0.0549368982216383	0.0684609847939806	0.427704951850586	NA	-0.0519444007291855	439.135848263792	0.996388667113188	0.996388667113188
LRRC27	quasibinomial	33	6	0.199425511040748	0.248541125343565	0.427745583275029	NA	-0.207172984240001	114.999864049945	0.996388667113188	0.996388667113188
APLP2	quasibinomial	33	6	-0.0373364749972326	0.0465986270716632	0.428401439683522	NA	0.0360710071499142	6022.98238082519	0.996388667113188	0.996388667113188
TSC22D1	quasibinomial	33	6	-0.185284152831975	0.231634712397662	0.429165752358008	NA	0.18252413055182	8029.90019887255	0.996388667113188	0.996388667113188
HS3ST1	quasibinomial	33	6	-0.165812839193592	0.207300565258372	0.429183617194523	NA	0.158497787755654	550.695758970909	0.996388667113188	0.996388667113188
ING1	quasibinomial	33	6	-0.131109847502108	0.163939194153271	0.429252227389677	NA	0.125053198615588	267.131552143379	0.996388667113188	0.996388667113188
RER1	quasibinomial	33	6	0.0647741155355677	0.0810270033759078	0.429442604101999	NA	-0.0595937172686564	1595.00077649255	0.996388667113188	0.996388667113188
FBXO3	quasibinomial	33	6	-0.139434424664973	0.174461014899895	0.42954799222418	NA	0.163988291200831	969.903850698971	0.996388667113188	0.996388667113188
HECTD4	quasibinomial	33	6	-0.0568782563365303	0.0711701845997338	0.429572661585171	NA	0.0557987875076484	821.138956960607	0.996388667113188	0.996388667113188
ASXL3	quasibinomial	33	6	-0.127587824567942	0.159679634344387	0.429665806057954	NA	0.145812511327857	988.891009799357	0.996388667113188	0.996388667113188
FBN1	quasibinomial	33	6	-0.187300081647146	0.234506985593411	0.429852667527644	NA	0.175934688456038	71.1074796703226	0.996388667113188	0.996388667113188
TRMT10B	quasibinomial	33	6	-0.163332410979798	0.204566154237814	0.430003793506323	NA	0.144893451055421	102.216147393639	0.996388667113188	0.996388667113188
SCN2B	quasibinomial	33	6	0.0622425631778312	0.0780589058253288	0.430607300154483	NA	-0.0677269636165612	1097.05549803373	0.996388667113188	0.996388667113188
IKZF5	quasibinomial	33	6	-0.0858701507590827	0.107710823648739	0.430693692606702	NA	0.100242588407587	369.314043694506	0.996388667113188	0.996388667113188
KIF1C	quasibinomial	33	6	-0.154638972298776	0.194043948505698	0.430866212881665	NA	0.149307631040602	74.7404839921365	0.996388667113188	0.996388667113188
CHAMP1	quasibinomial	33	6	-0.216031057137089	0.271148612932558	0.430981945840933	NA	0.261384139993115	298.074167863393	0.996388667113188	0.996388667113188
CCDC149	quasibinomial	33	6	-0.0949421838040284	0.119200895046218	0.4311177052632	NA	0.0968292224460401	226.335265515599	0.996388667113188	0.996388667113188
XIAP	quasibinomial	33	6	0.122141459989477	0.153525413263425	0.431640055654099	NA	-0.109474702819008	467.412516750068	0.996388667113188	0.996388667113188
CNOT6L	quasibinomial	33	6	0.17859597326339	0.224935373436791	0.432553027271179	NA	-0.167975445686787	156.216167400836	0.996388667113188	0.996388667113188
LRRC59	quasibinomial	33	6	0.0576733619448433	0.0726621160183755	0.432707073975322	NA	-0.056139870996147	797.827666173367	0.996388667113188	0.996388667113188
TMEM65	quasibinomial	33	6	-0.1302448930531	0.164112508418263	0.432757699558793	NA	0.126180975896046	301.523600636766	0.996388667113188	0.996388667113188
PELI1	quasibinomial	33	6	-0.0839252160016927	0.105757478471833	0.432797225808077	NA	0.0867146550779126	553.859164751336	0.996388667113188	0.996388667113188
ICA1L	quasibinomial	33	6	-0.0949804823680269	0.119763064158019	0.433080625263229	NA	0.0828639682666629	379.907741471007	0.996388667113188	0.996388667113188
KCNK3	quasibinomial	33	6	-0.110782416187981	0.139689765548504	0.433086113277892	NA	0.0976404098365001	5033.77905999628	0.996388667113188	0.996388667113188
PGK1	quasibinomial	33	6	0.0978094650296124	0.123360477021541	0.433192565787149	NA	-0.0997262499725273	5068.93023827864	0.996388667113188	0.996388667113188
GNPTG	quasibinomial	33	6	0.0759455983099503	0.0958814108782282	0.433650866071148	NA	-0.0698207808597482	794.884990241011	0.996388667113188	0.996388667113188
POM121C	quasibinomial	33	6	0.11140618641366	0.140789545772879	0.434101277222543	NA	-0.114538461577325	182.264125425405	0.996388667113188	0.996388667113188
CHMP2B	quasibinomial	33	6	-0.126341334254917	0.159699350700793	0.43420259820606	NA	0.123912528009873	414.396972592423	0.996388667113188	0.996388667113188
RANBP2	quasibinomial	33	6	-0.0809710529147409	0.102378172014857	0.434328349784777	NA	0.0776079722251663	284.234638721714	0.996388667113188	0.996388667113188
ATRX	quasibinomial	33	6	-0.153458712414987	0.194060159397596	0.434398880123023	NA	0.141943168721512	946.781025568178	0.996388667113188	0.996388667113188
SPECC1L	quasibinomial	33	6	0.119910961282619	0.151754522954217	0.434753229949493	NA	-0.104374602973166	311.696215976473	0.996388667113188	0.996388667113188
SIPA1L1	quasibinomial	33	6	-0.157780158432449	0.199734951205049	0.434877906469581	NA	0.15077983084488	79.4973688597733	0.996388667113188	0.996388667113188
RASL10B	quasibinomial	33	6	0.0738173922758504	0.0934478154046801	0.434887104721663	NA	-0.0711780517539024	888.659343305835	0.996388667113188	0.996388667113188
TIMM21	quasibinomial	33	6	-0.203463837546791	0.257982983705498	0.435613783022625	NA	0.0989207759717136	483.025819106288	0.996388667113188	0.996388667113188
ARHGAP5	quasibinomial	33	6	-0.131851237179065	0.167268456792253	0.435850556439935	NA	0.108588360397294	260.865004954878	0.996388667113188	0.996388667113188
PAFAH2	quasibinomial	33	6	0.219736139493322	0.278812651388593	0.435935554492575	NA	-0.226917298131479	96.7427189141739	0.996388667113188	0.996388667113188
TMEM87B	quasibinomial	32	6	0.200483441543908	0.254431930566897	0.436021565634557	NA	-0.295090066514358	88.220182010369	0.996388667113188	0.996388667113188
HMGN4	quasibinomial	33	6	-0.068043488897117	0.0863629461522332	0.436071598710137	NA	0.0576071240251201	723.17509132104	0.996388667113188	0.996388667113188
GDAP1L1	quasibinomial	33	6	-0.0573554485482294	0.072801140003523	0.436095293231842	NA	0.0546133983940856	1533.34657481964	0.996388667113188	0.996388667113188
BACH2	quasibinomial	33	6	0.101758032527083	0.129265243017552	0.436461341281371	NA	-0.0979239970231303	539.030764191393	0.996388667113188	0.996388667113188
PDE3B	quasibinomial	33	6	-0.0845479579493287	0.107454687099734	0.43668032676164	NA	0.0755376561413167	158.642916611366	0.996388667113188	0.996388667113188
SH3BGRL	quasibinomial	33	6	-0.0787528175101917	0.100095481259324	0.436707679996765	NA	0.0716571707353957	2102.96061897176	0.996388667113188	0.996388667113188
PM20D2	quasibinomial	33	6	-0.136130965275703	0.173056049657933	0.436792979321866	NA	0.15226407305465	208.513537063214	0.996388667113188	0.996388667113188
SCAI	quasibinomial	33	6	0.173021406656265	0.220024329453857	0.436940562031879	NA	-0.159407585261004	284.941051606692	0.996388667113188	0.996388667113188
ZNF224	quasibinomial	33	6	-0.120665234330342	0.153522258472244	0.437169032267581	NA	0.124532894908305	820.599358845816	0.996388667113188	0.996388667113188
REXO4	quasibinomial	33	6	0.0775083330931941	0.0986781734588387	0.437465660866215	NA	-0.0724718383783354	197.311536238086	0.996388667113188	0.996388667113188
ITFG1	quasibinomial	33	6	0.0407555675248649	0.0519094482883204	0.437661022394493	NA	-0.0391004088058704	1132.91649615841	0.996388667113188	0.996388667113188
ZNF275	quasibinomial	33	6	-0.181557971405021	0.231295357412822	0.437757378331611	NA	0.14342107170504	339.9742538298	0.996388667113188	0.996388667113188
STXBP5	quasibinomial	33	6	-0.109514447632878	0.139551425686237	0.437873743372958	NA	0.086849849517959	196.334583051728	0.996388667113188	0.996388667113188
ARID4A	quasibinomial	33	6	0.115565270694708	0.147293232701038	0.437970569837182	NA	-0.111818910902274	117.895580869505	0.996388667113188	0.996388667113188
SSH1	quasibinomial	33	6	0.200547123590924	0.255662905934332	0.438070774409458	NA	-0.203113986581784	689.414935198556	0.996388667113188	0.996388667113188
TMEM170B	quasibinomial	33	6	-0.0780388477172946	0.0996137932383174	0.438653393968051	NA	0.0611297507387338	782.265598070478	0.996388667113188	0.996388667113188
KICS2	quasibinomial	33	6	0.1448793327946	0.185204590814829	0.439318597842487	NA	-0.172998760794476	61.7977383674212	0.996388667113188	0.996388667113188
WNT4	quasibinomial	33	6	0.128331164299303	0.164274764015496	0.439938254930761	NA	-0.127328149914195	367.18109097232	0.996388667113188	0.996388667113188
CDS2	quasibinomial	33	6	0.0814580045496995	0.104422872892031	0.440588624457459	NA	-0.0768654577435595	2314.25445500662	0.996388667113188	0.996388667113188
NDUFAF5	quasibinomial	33	6	0.106900987543824	0.137146133964156	0.440943304447692	NA	-0.103442500712954	175.614185817496	0.996388667113188	0.996388667113188
ZNF432	quasibinomial	33	6	-0.182700105438567	0.23440924495184	0.440978857585577	NA	0.150195746819877	198.226639527407	0.996388667113188	0.996388667113188
PABPC5	quasibinomial	33	6	-0.186095241907402	0.238785942924298	0.441018022692417	NA	0.229633932357261	240.947249803386	0.996388667113188	0.996388667113188
MARCKS	quasibinomial	33	6	0.106415573584713	0.136554249595917	0.441045706105677	NA	-0.0686505982986855	5517.74000759235	0.996388667113188	0.996388667113188
FBXO41	quasibinomial	33	6	0.103071534491382	0.132285198263496	0.441121300171712	NA	-0.0996683182068103	1318.30546277088	0.996388667113188	0.996388667113188
SMIM12	quasibinomial	33	6	-0.104362606582086	0.134027689593715	0.441410259250223	NA	0.096566726960147	1639.55313677767	0.996388667113188	0.996388667113188
SEMA3A	quasibinomial	33	6	-0.113914349042699	0.146295564150722	0.441413503679488	NA	0.119850816499121	335.114991783742	0.996388667113188	0.996388667113188
DPP8	quasibinomial	33	6	0.11919354692019	0.15318315622732	0.441732038173742	NA	-0.113925653990528	344.330233775397	0.996388667113188	0.996388667113188
VHL	quasibinomial	33	6	-0.0680593501557264	0.0874822501215659	0.441809042733929	NA	0.056029595120299	753.279535513041	0.996388667113188	0.996388667113188
UBR5	quasibinomial	33	6	-0.145362366328514	0.186857492079593	0.441836543115025	NA	0.135696838813766	277.615030929989	0.996388667113188	0.996388667113188
FERMT2	quasibinomial	33	6	-0.0754277757757904	0.0970084398734534	0.442065495830621	NA	0.0677033703382482	163.311257762774	0.996388667113188	0.996388667113188
SMCHD1	quasibinomial	33	6	0.0961901645895969	0.123756261686631	0.442230439610889	NA	-0.0913134469089723	147.621985400866	0.996388667113188	0.996388667113188
MRAS	quasibinomial	33	6	0.0726634819683866	0.0935168663469423	0.442373410415214	NA	-0.0670208887894573	1112.12207764308	0.996388667113188	0.996388667113188
PRKACA	quasibinomial	33	6	0.114379253181888	0.1472065783025	0.442379891213135	NA	-0.107380598855051	306.043744658904	0.996388667113188	0.996388667113188
PPM1B	quasibinomial	31	6	0.311269576917263	0.400631223695281	0.442409224310916	NA	-0.420151585833785	529.241102616456	0.996388667113188	0.996388667113188
DNAJB5	quasibinomial	33	6	0.047433574185245	0.0610870813628984	0.442675267912574	NA	-0.0458318575373952	693.860266425584	0.996388667113188	0.996388667113188
CDC27	quasibinomial	33	6	0.0680917126006474	0.0877464088962576	0.442958079552858	NA	-0.066886239624893	328.551814576757	0.996388667113188	0.996388667113188
ZNF614	quasibinomial	33	6	-0.0902897488474999	0.116479410777213	0.443453229176915	NA	0.0863135494724336	234.086145442348	0.996388667113188	0.996388667113188
NANOS1	quasibinomial	33	6	0.103203450203651	0.133182509828192	0.443601285746854	NA	-0.0945537926125626	864.65227243594	0.996388667113188	0.996388667113188
ATP11A	quasibinomial	33	6	0.124693993211376	0.160958123284311	0.443720322365211	NA	-0.118638568424401	583.827793710276	0.996388667113188	0.996388667113188
KLF12	quasibinomial	33	6	-0.12000470327015	0.154973442212567	0.443919728189091	NA	0.125920072557339	397.763028682463	0.996388667113188	0.996388667113188
YWHAZ	quasibinomial	33	6	0.0330319031599632	0.0426736580471946	0.444093736989139	NA	-0.0320189656308875	17594.1892786221	0.996388667113188	0.996388667113188
ZNF704	quasibinomial	33	6	-0.124245107040749	0.160516470574317	0.444108332780055	NA	0.132368707688145	775.373974707899	0.996388667113188	0.996388667113188
EEF1AKMT2	quasibinomial	33	6	0.0841221269641286	0.108709827262238	0.444231337071626	NA	-0.0789348947389394	223.316835060472	0.996388667113188	0.996388667113188
DNAJC24	quasibinomial	33	6	0.146685869086515	0.189622617608176	0.444380374937413	NA	-0.1347483135862	344.453898422886	0.996388667113188	0.996388667113188
NUP50	quasibinomial	33	6	-0.0888748161528928	0.114922982606941	0.44451173232657	NA	0.0871730689453608	397.152036976722	0.996388667113188	0.996388667113188
POGZ	quasibinomial	33	6	0.122222125875033	0.158078869791525	0.4446113631279	NA	-0.109946823347754	625.81559652385	0.996388667113188	0.996388667113188
SENP1	quasibinomial	33	6	-0.157945526647937	0.204328739376999	0.444713398390323	NA	0.143051517185826	101.175301285139	0.996388667113188	0.996388667113188
ASB1	quasibinomial	33	6	-0.0899939718952399	0.116515747406942	0.445076272863665	NA	0.0956089085039332	593.561663470904	0.996388667113188	0.996388667113188
GRPEL1	quasibinomial	33	6	-0.0912159514449457	0.118107174577047	0.445111903581166	NA	0.0861202509692602	1336.25359743832	0.996388667113188	0.996388667113188
ADAM11	quasibinomial	33	6	0.0780534930449875	0.101126347183298	0.445388836837031	NA	-0.0710448606989418	823.849637799726	0.996388667113188	0.996388667113188
ZNF496	quasibinomial	33	6	-0.131748082973177	0.170738645835515	0.445508895560754	NA	0.117204290399125	401.344754478885	0.996388667113188	0.996388667113188
KIAA1958	quasibinomial	33	6	0.166068538644747	0.215238724031036	0.445556184502323	NA	-0.182692902521346	128.798091869524	0.996388667113188	0.996388667113188
CLOCK	quasibinomial	33	6	0.0994041281065225	0.128840740653939	0.445572544706532	NA	-0.0963956210633542	296.432676406286	0.996388667113188	0.996388667113188
DHDDS	quasibinomial	33	6	0.0418862411883132	0.0543247376311081	0.445860756140079	NA	-0.0400172698442308	867.606667118754	0.996388667113188	0.996388667113188
WDR26	quasibinomial	33	6	0.0850782537622487	0.110344558521299	0.445867097668279	NA	-0.0805228978853677	421.453355467653	0.996388667113188	0.996388667113188
ETV3	quasibinomial	33	6	0.0954176697437197	0.123969361011391	0.446649122727083	NA	-0.0904355482001434	128.681595879414	0.996388667113188	0.996388667113188
WDR43	quasibinomial	33	6	-0.13120490710099	0.170539194970208	0.446844827847141	NA	0.130703924862142	79.6141994412008	0.996388667113188	0.996388667113188
ARGLU1	quasibinomial	33	6	-0.107474812379068	0.139710262135822	0.44689409943318	NA	0.104985221039742	1119.45865477621	0.996388667113188	0.996388667113188
ST6GALNAC5	quasibinomial	33	6	-0.0759018725584936	0.0987972707611579	0.447486297811878	NA	0.0742047594939229	1000.01891968866	0.996388667113188	0.996388667113188
PLBD2	quasibinomial	33	6	-0.0639928405742693	0.0833152371845749	0.447590617449191	NA	0.0629680628414164	727.522810056052	0.996388667113188	0.996388667113188
PLEKHD1	quasibinomial	33	6	-0.152927143996582	0.199251815499411	0.447927253289171	NA	0.150062730495953	256.314632290877	0.996388667113188	0.996388667113188
TMEM233	quasibinomial	33	6	-0.104366735397159	0.135981717868154	0.447927994705908	NA	0.100711746780085	492.149609345027	0.996388667113188	0.996388667113188
KMT2E	quasibinomial	33	6	-0.1280138948446	0.166800615561467	0.447950919814465	NA	0.121541952152921	212.301142806815	0.996388667113188	0.996388667113188
SLC22A23	quasibinomial	33	6	0.0850558439185	0.110832675594241	0.44797488998708	NA	-0.0828059526091635	844.060379276735	0.996388667113188	0.996388667113188
NRBF2	quasibinomial	33	6	-0.0779527478043742	0.101630705821454	0.4482131486138	NA	0.0868073753614124	557.846776306625	0.996388667113188	0.996388667113188
MOB1B	quasibinomial	33	6	-0.137832534840708	0.179718538848589	0.448262506203547	NA	0.127461892171049	168.074333480684	0.996388667113188	0.996388667113188
SMAD3	quasibinomial	33	6	0.252699547621673	0.329519809565765	0.448299741400284	NA	-0.234492969287167	66.1361707055514	0.996388667113188	0.996388667113188
GPLD1	quasibinomial	33	6	0.148687561563096	0.19392502253131	0.448384874136936	NA	-0.145862815877844	392.119782065588	0.996388667113188	0.996388667113188
KCNK10	quasibinomial	33	6	-0.0776449905148933	0.101271343399672	0.448399297693365	NA	0.0702897286190973	592.354629026297	0.996388667113188	0.996388667113188
ABCA5	quasibinomial	33	6	0.160154437176852	0.209228047619443	0.449132532586296	NA	-0.131642022233758	135.159192200421	0.996388667113188	0.996388667113188
WDR31	quasibinomial	33	6	-0.228852099271215	0.299155766739992	0.449403361065129	NA	0.221804392487388	84.7272650420243	0.996388667113188	0.996388667113188
HDAC4	quasibinomial	33	6	0.118575026895761	0.155005622466567	0.449415517151815	NA	-0.127204860749408	407.838118817197	0.996388667113188	0.996388667113188
KLHL24	quasibinomial	33	6	-0.145709164409411	0.190552897492524	0.449596136049212	NA	0.132201501123259	480.221572795485	0.996388667113188	0.996388667113188
CDON	quasibinomial	33	6	-0.203454479593592	0.266136009322568	0.449707611740957	NA	0.187076217765465	142.059590255484	0.996388667113188	0.996388667113188
ZFR	quasibinomial	33	6	-0.0705359241418634	0.092293904889507	0.449838307095758	NA	0.0611271402809945	673.328147323751	0.996388667113188	0.996388667113188
FAM210B	quasibinomial	33	6	0.108010120990881	0.141346638922701	0.44989871752841	NA	-0.1042660671725	129.674252967134	0.996388667113188	0.996388667113188
C5orf24	quasibinomial	33	6	-0.131871654251134	0.172692473502849	0.450210090820305	NA	0.149697211227437	2265.05280670498	0.996388667113188	0.996388667113188
SEPTIN7	quasibinomial	33	6	0.0888953037377467	0.116449272091768	0.450350789265152	NA	-0.0595340335979845	2606.4692665982	0.996388667113188	0.996388667113188
CETN3	quasibinomial	33	6	-0.158467217724111	0.207697688959538	0.450593104208881	NA	0.147654329318345	123.701408192361	0.996388667113188	0.996388667113188
DIP2B	quasibinomial	33	6	-0.0931003135264107	0.122117795332249	0.450940112958985	NA	0.062488496159955	671.045826993408	0.996388667113188	0.996388667113188
PRKAB2	quasibinomial	33	6	-0.118251957299227	0.155306505784795	0.451512220639169	NA	0.119361240174392	856.520867359042	0.996388667113188	0.996388667113188
RPRD2	quasibinomial	33	6	0.188769098295559	0.248549760910757	0.452649481135019	NA	-0.217771070992372	949.311354666682	0.996388667113188	0.996388667113188
TMEM74	quasibinomial	33	6	-0.107084779447681	0.141074578070458	0.452895714492572	NA	0.110470050469513	356.67299801812	0.996388667113188	0.996388667113188
GABBR2	quasibinomial	33	6	0.068781424503007	0.090658025466409	0.453116623907885	NA	-0.0586650134948353	1441.65311671334	0.996388667113188	0.996388667113188
RAB3C	quasibinomial	33	6	0.119424203999108	0.157456690046193	0.453254540230387	NA	-0.132321029807412	4037.42927939528	0.996388667113188	0.996388667113188
METAP1	quasibinomial	33	6	-0.0595083448090349	0.0785417434729055	0.453722721942566	NA	0.0567289533836875	440.389647158344	0.996388667113188	0.996388667113188
CDKN2AIP	quasibinomial	33	6	-0.133500707169853	0.176245217788862	0.453837294399644	NA	0.169177759918866	282.110412210239	0.996388667113188	0.996388667113188
RICTOR	quasibinomial	33	6	-0.121218621296358	0.160062834207059	0.453927396864521	NA	0.133731629546922	270.179220701177	0.996388667113188	0.996388667113188
MRTO4	quasibinomial	33	6	-0.119092045036376	0.157288563777251	0.454023517070937	NA	0.100188383344261	497.99614692788	0.996388667113188	0.996388667113188
KCND3	quasibinomial	33	6	-0.0866125568903149	0.11447603876891	0.454352685730166	NA	0.0840255785715271	431.782793747926	0.996388667113188	0.996388667113188
IFNAR2	quasibinomial	33	6	0.140351512820404	0.185518857166273	0.454391053657136	NA	-0.133145988776546	166.032398102445	0.996388667113188	0.996388667113188
SPATA2	quasibinomial	33	6	0.0696900019238149	0.0921500085650488	0.454549691076602	NA	-0.0642082092434854	330.751933847898	0.996388667113188	0.996388667113188
SCFD2	quasibinomial	33	6	0.137512415340162	0.181894741074737	0.454707674233695	NA	-0.124558133501566	178.087653228382	0.996388667113188	0.996388667113188
IPO8	quasibinomial	33	6	-0.113922238041918	0.150692631191964	0.454713109051449	NA	0.100139245616145	129.462114340466	0.996388667113188	0.996388667113188
CD200	quasibinomial	33	6	-0.0690013964542166	0.0913044533654949	0.454868228484023	NA	0.0715788363296534	2863.71167516139	0.996388667113188	0.996388667113188
TRAK2	quasibinomial	33	6	-0.205471176406373	0.272101556956063	0.455224629913228	NA	0.192149771330415	747.757085045748	0.996388667113188	0.996388667113188
KANSL1L	quasibinomial	33	6	-0.146946548658746	0.194725723917866	0.45551685714365	NA	0.155301691758232	136.012155406163	0.996388667113188	0.996388667113188
JOSD1	quasibinomial	33	6	0.0812836031368708	0.107754714243381	0.45569123389432	NA	-0.077696026840629	375.47021716013	0.996388667113188	0.996388667113188
RWDD1	quasibinomial	33	6	0.134943055265032	0.178894847800447	0.455705604491925	NA	-0.129317302629022	168.70837488981	0.996388667113188	0.996388667113188
SLC17A5	quasibinomial	33	6	-0.120904454515234	0.160397935345499	0.456023794212105	NA	0.112103571282429	375.573006642537	0.996388667113188	0.996388667113188
ELOVL6	quasibinomial	33	6	0.0760327025976181	0.100897431689176	0.45615057085661	NA	-0.0716274286932489	1087.35090788564	0.996388667113188	0.996388667113188
DELE1	quasibinomial	33	6	-0.108620219588417	0.144260526149455	0.456517968890158	NA	0.0909364872959464	289.638585032417	0.996388667113188	0.996388667113188
LSM14A	quasibinomial	33	6	-0.0553180565638364	0.0735383834049723	0.456939911016464	NA	0.0533969521050411	309.986048920614	0.996388667113188	0.996388667113188
PDPK1	quasibinomial	33	6	-0.103263341258714	0.137503827266205	0.457681364840749	NA	0.0992857625956292	786.219133033052	0.996388667113188	0.996388667113188
MRPL19	quasibinomial	33	6	0.111299445201215	0.148213064668739	0.45770691998965	NA	-0.106451966445196	381.201364373232	0.996388667113188	0.996388667113188
ASB6	quasibinomial	33	6	0.0706432730924429	0.0940833957232098	0.457756932515466	NA	-0.0661980383247672	1748.38943986761	0.996388667113188	0.996388667113188
CXorf38	quasibinomial	33	6	-0.109812096934823	0.146271935783021	0.457827456954365	NA	0.10464793863908	108.585636593476	0.996388667113188	0.996388667113188
MMP16	quasibinomial	33	6	0.149930784652048	0.199715000053844	0.457836749910231	NA	-0.147556941973921	493.341476366331	0.996388667113188	0.996388667113188
ADAM12	quasibinomial	33	6	0.180745973120745	0.240767281552395	0.457845961891358	NA	-0.207142089391095	184.897499467779	0.996388667113188	0.996388667113188
PPP2R2A	quasibinomial	33	6	-0.120793183632867	0.160958881742076	0.457993539071072	NA	0.129966367590317	438.39479588799	0.996388667113188	0.996388667113188
WDFY1	quasibinomial	33	6	-0.0864743016552635	0.115294116589583	0.458247769790961	NA	0.0533218452847566	681.055843336611	0.996388667113188	0.996388667113188
ZNFX1	quasibinomial	33	6	0.10178835999607	0.135747642258527	0.458364916844653	NA	-0.103798714437366	157.36353778615	0.996388667113188	0.996388667113188
DCAF5	quasibinomial	33	6	-0.128788920501494	0.171864305246204	0.458645170127101	NA	0.12832386295992	1697.3287224178	0.996388667113188	0.996388667113188
PDK3	quasibinomial	33	6	-0.121192611667421	0.161787816091348	0.458811932002802	NA	0.121401592840907	1114.74682823668	0.996388667113188	0.996388667113188
NFIC	quasibinomial	33	6	0.112193120179053	0.149798956481778	0.458886735793178	NA	-0.105824777362541	108.157038433288	0.996388667113188	0.996388667113188
IKZF4	quasibinomial	33	6	-0.161981612766196	0.216281109277844	0.458897313370302	NA	0.144299219235974	291.822840690221	0.996388667113188	0.996388667113188
MBNL2	quasibinomial	33	6	-0.1148655062579	0.153374355003949	0.458907830082892	NA	0.112543243420795	386.555748776579	0.996388667113188	0.996388667113188
AKAP11	quasibinomial	33	6	0.166955635799168	0.22296824431817	0.458988699660523	NA	-0.25149710512973	413.754050210974	0.996388667113188	0.996388667113188
KCNH5	quasibinomial	33	6	-0.158304919599605	0.211453824589719	0.459069963803203	NA	0.090648052316979	163.120706285599	0.996388667113188	0.996388667113188
NT5DC1	quasibinomial	33	6	0.0888873505409659	0.118789272425876	0.459291683931415	NA	-0.0805681656700115	239.924311226824	0.996388667113188	0.996388667113188
BCL9	quasibinomial	33	6	-0.103239220372	0.138005634200789	0.459409476077141	NA	0.0981747925855777	302.044839492213	0.996388667113188	0.996388667113188
GRAMD1B	quasibinomial	33	6	0.119954633411429	0.160360435955512	0.459438295776472	NA	-0.106380399161129	384.331640409205	0.996388667113188	0.996388667113188
TBX3	quasibinomial	33	6	-0.142021169187211	0.190137018375349	0.460087712043848	NA	0.166446042194086	191.147942705253	0.996388667113188	0.996388667113188
FARP1	quasibinomial	33	6	-0.0915043155363451	0.122564623514962	0.460302895099787	NA	0.087873847894734	1998.65050195606	0.996388667113188	0.996388667113188
UBXN4	quasibinomial	33	6	-0.055123109110633	0.0738341689794431	0.460303025563067	NA	0.0528759103340062	493.450849122648	0.996388667113188	0.996388667113188
ZNF236	quasibinomial	33	6	-0.142817257608629	0.191315407408577	0.460349723977449	NA	0.126504341999079	59.3023922010107	0.996388667113188	0.996388667113188
GAS7	quasibinomial	33	6	0.157053694233954	0.21040070138585	0.460380228387319	NA	-0.156392954314637	445.68033530273	0.996388667113188	0.996388667113188
ZNF880	quasibinomial	32	6	-0.205302045428281	0.275102999193336	0.460485787059991	NA	0.162608336331865	276.105532681577	0.996388667113188	0.996388667113188
ATP11B	quasibinomial	33	6	-0.121200059023342	0.162526503729092	0.460812892744445	NA	0.116844766721032	142.559610644555	0.996388667113188	0.996388667113188
CELF2	quasibinomial	33	6	0.0814477909904628	0.109271894937864	0.461025710733937	NA	-0.0889291414251934	1179.53011024947	0.996388667113188	0.996388667113188
FAM117B	quasibinomial	33	6	-0.0908080247165888	0.121836477603433	0.46105022698448	NA	0.102143742046098	537.49931377356	0.996388667113188	0.996388667113188
ALG1	quasibinomial	33	6	0.0743372528768213	0.0997385571340467	0.461053777851116	NA	-0.0791675939744681	387.806511775965	0.996388667113188	0.996388667113188
CDIN1	quasibinomial	33	6	-0.0648731098796654	0.0870499037542081	0.461101908978207	NA	0.059400242790266	293.771367638093	0.996388667113188	0.996388667113188
GLYR1	quasibinomial	33	6	-0.0899206277167571	0.12068171032589	0.461182335843095	NA	0.122867983476282	987.88283557588	0.996388667113188	0.996388667113188
ATG2B	quasibinomial	33	6	0.122049225052849	0.163875837213122	0.461384806916302	NA	-0.117347672958838	239.17419273585	0.996388667113188	0.996388667113188
OTULIN	quasibinomial	33	6	-0.154064094799127	0.207060276291956	0.461810004634383	NA	0.148157479326925	106.468266317187	0.996388667113188	0.996388667113188
BTBD7	quasibinomial	33	6	0.113342052732358	0.1523391181018	0.461835596095707	NA	-0.113054615389114	224.507580454249	0.996388667113188	0.996388667113188
VPS4A	quasibinomial	33	6	0.111087967983717	0.149425210685184	0.462179837904654	NA	-0.107469935940474	2355.28953745086	0.996388667113188	0.996388667113188
CAP2	quasibinomial	33	6	-0.138394340891069	0.186275214112179	0.46246608102034	NA	0.136676955484534	410.880754629921	0.996388667113188	0.996388667113188
RNF157	quasibinomial	33	6	-0.116193210585789	0.156395313975593	0.4624724665756	NA	0.108986313954722	2925.23442938298	0.996388667113188	0.996388667113188
SESTD1	quasibinomial	33	6	-0.0978029261823351	0.131707446504339	0.4626928017264	NA	0.094503688440365	1126.41976497901	0.996388667113188	0.996388667113188
TSPYL4	quasibinomial	33	6	-0.0760027283858281	0.102440137006513	0.4630837565198	NA	0.0839017608885977	3752.41306193245	0.996388667113188	0.996388667113188
SLC48A1	quasibinomial	33	6	0.073303697019439	0.098807278243914	0.463106331225778	NA	-0.0724066109594067	1207.4135544794	0.996388667113188	0.996388667113188
CNOT4	quasibinomial	33	6	-0.0806811662859098	0.108784608190617	0.463241446857934	NA	0.0785835155870635	187.916349242166	0.996388667113188	0.996388667113188
IPPK	quasibinomial	33	6	0.104929921933779	0.141612960980206	0.463658623869521	NA	-0.102545110364801	234.749658774734	0.996388667113188	0.996388667113188
CNTNAP4	quasibinomial	33	6	0.124431439747913	0.167960642172467	0.463733942308317	NA	-0.112412580895541	343.370811186431	0.996388667113188	0.996388667113188
LDOC1	quasibinomial	32	6	0.220683043682702	0.298010707578447	0.46392337465013	NA	-0.19968433254158	6960.18335590922	0.996388667113188	0.996388667113188
PACSIN1	quasibinomial	33	6	0.107676900693877	0.145491634511678	0.464181239353853	NA	-0.122515492200364	418.995561829112	0.996388667113188	0.996388667113188
NSFL1C	quasibinomial	33	6	0.120369963436291	0.162679858959877	0.464283502101051	NA	-0.123720112095167	1266.7270680437	0.996388667113188	0.996388667113188
KNOP1	quasibinomial	33	6	0.165246934166675	0.223339769775383	0.464300848759264	NA	-0.158288791943848	132.276477734261	0.996388667113188	0.996388667113188
KLHL3	quasibinomial	33	6	-0.141489231395362	0.191360479370829	0.464603142883463	NA	0.136228090531343	205.306891258031	0.996388667113188	0.996388667113188
NLK	quasibinomial	33	6	0.0631468347922234	0.0854209022853656	0.464688550682969	NA	-0.0637855861952313	421.732992659088	0.996388667113188	0.996388667113188
MPDZ	quasibinomial	33	6	-0.138366582951729	0.187213769177298	0.464784457430321	NA	0.134753819175385	100.555696569331	0.996388667113188	0.996388667113188
ZNF805	quasibinomial	33	6	0.188086088601902	0.254494825311863	0.464800484655844	NA	-0.189094441292435	364.352453443444	0.996388667113188	0.996388667113188
EMSY	quasibinomial	33	6	0.160371401869187	0.217053634719858	0.464920712239562	NA	-0.156562077792209	80.0105655041156	0.996388667113188	0.996388667113188
AGFG1	quasibinomial	33	6	-0.0891486977233319	0.120800222930115	0.465443451794507	NA	0.0855566714906499	399.229312068404	0.996388667113188	0.996388667113188
CNNM3	quasibinomial	33	6	-0.0954504099826003	0.129427694762568	0.465745882554965	NA	0.0891706466826707	279.550639734296	0.996388667113188	0.996388667113188
POLE3	quasibinomial	33	6	-0.072107744276285	0.0978089969577344	0.465896181311974	NA	0.0673792107012781	919.554777186658	0.996388667113188	0.996388667113188
SLC30A10	quasibinomial	33	6	-0.105063673422502	0.142584066336704	0.466121895521205	NA	0.105124491403087	199.852063547086	0.996388667113188	0.996388667113188
HOOK3	quasibinomial	33	6	-0.0847826860350839	0.115095128307649	0.466255713449598	NA	0.100999531377496	501.389204020875	0.996388667113188	0.996388667113188
ZNF780B	quasibinomial	33	6	0.549800311254949	0.74680940160333	0.466515468432822	NA	-0.441393898678373	106.608696339844	0.996388667113188	0.996388667113188
PPTC7	quasibinomial	33	6	-0.142005221022241	0.192909876832612	0.466561658725705	NA	0.115143447891374	352.290824076882	0.996388667113188	0.996388667113188
TSPAN5	quasibinomial	33	6	-0.0757898814396358	0.103089206118911	0.46712344627911	NA	0.0729288723764033	843.622675652992	0.996388667113188	0.996388667113188
TYRO3	quasibinomial	33	6	0.206928230184129	0.281631743430826	0.467387923757147	NA	-0.170005376675595	526.43966329808	0.996388667113188	0.996388667113188
TOLLIP	quasibinomial	33	6	0.0777772717432182	0.105859046309708	0.467401570181114	NA	-0.0743392843275631	1421.99928571556	0.996388667113188	0.996388667113188
RAB11FIP2	quasibinomial	33	6	-0.141763573167891	0.193078926861405	0.467701635303835	NA	0.0855039576514536	583.496477802301	0.996388667113188	0.996388667113188
ZNF551	quasibinomial	32	6	-0.262875167215803	0.358064944193425	0.467744372997439	NA	0.253273713953228	204.115285119895	0.996388667113188	0.996388667113188
FAM227A	quasibinomial	32	6	0.228779936877505	0.311640433333206	0.467768398874088	NA	-0.18930401193537	76.7409431691798	0.996388667113188	0.996388667113188
METTL13	quasibinomial	33	6	-0.0729238426073543	0.0993561589641025	0.46785930843955	NA	0.0744705692781705	186.874600956215	0.996388667113188	0.996388667113188
CREM	quasibinomial	33	6	-0.222266399243832	0.302990721440289	0.46809346376828	NA	0.205538210229714	432.045487141254	0.996388667113188	0.996388667113188
RFK	quasibinomial	33	6	-0.078825599099574	0.107488470420674	0.468234872609116	NA	0.081635127396596	1987.71159760596	0.996388667113188	0.996388667113188
MLLT3	quasibinomial	32	6	0.209932394587378	0.286527482423169	0.4686335297355	NA	-0.285274359123848	387.031987669072	0.996388667113188	0.996388667113188
RPS29	quasibinomial	33	6	0.140589047468822	0.191990575520493	0.468879009798557	NA	-0.133322912943626	195.133575936256	0.996388667113188	0.996388667113188
NCOA4	quasibinomial	33	6	0.0408821550664925	0.0559014895524619	0.469448963923713	NA	-0.037874240540426	1339.33886250639	0.996388667113188	0.996388667113188
SEC24B	quasibinomial	33	6	-0.0835830942681912	0.114306880811173	0.469514278602674	NA	0.0805050698432094	158.293960744975	0.996388667113188	0.996388667113188
SMARCA5	quasibinomial	33	6	-0.0847951296127477	0.115975196765838	0.469555173387287	NA	0.0825485986041255	368.499835750365	0.996388667113188	0.996388667113188
CUL3	quasibinomial	33	6	0.0972760133132939	0.133137981507951	0.469861718494256	NA	-0.0932414108636795	445.638847310305	0.996388667113188	0.996388667113188
ZFP1	quasibinomial	33	6	0.0624427307707393	0.0855042852481094	0.470074610146372	NA	-0.0570027407482739	624.485551823911	0.996388667113188	0.996388667113188
C14orf119	quasibinomial	33	6	-0.112945651815039	0.154708825121313	0.470216227094627	NA	0.105834817588492	1757.26990217918	0.996388667113188	0.996388667113188
ARL15	quasibinomial	33	6	0.0856685481409316	0.117381333137251	0.470350195282482	NA	-0.0945566652508737	799.333427934431	0.996388667113188	0.996388667113188
GABRB2	quasibinomial	33	6	-0.102799912011375	0.140883275326959	0.470440538433586	NA	0.0896498852377054	327.090930882547	0.996388667113188	0.996388667113188
BRD3	quasibinomial	33	6	-0.0889395299934528	0.122011513945008	0.470886001671788	NA	0.0831198723611429	1310.31113785621	0.996388667113188	0.996388667113188
PACSIN2	quasibinomial	33	6	0.0535789369436183	0.0735024921615014	0.47088801509055	NA	-0.0517561706944385	432.36127787292	0.996388667113188	0.996388667113188
MAST4	quasibinomial	33	6	0.112252562451223	0.154097555492197	0.471183510734008	NA	-0.104696449780589	495.92462389826	0.996388667113188	0.996388667113188
PPP1R12B	quasibinomial	33	6	-0.154994756120883	0.212883549030149	0.47141214043707	NA	0.147767807638287	1550.91775043482	0.996388667113188	0.996388667113188
PRKAR2A	quasibinomial	33	6	-0.0763488888823007	0.104906254674032	0.471587989808763	NA	0.0996295020213182	1726.92917874973	0.996388667113188	0.996388667113188
CEP43	quasibinomial	33	6	0.14356957704206	0.197437016170521	0.471960217116078	NA	-0.146715658314083	302.066583477009	0.996388667113188	0.996388667113188
CELSR2	quasibinomial	33	6	0.0854686723704557	0.117585291658789	0.472142364133816	NA	-0.0794444632344117	696.417490742531	0.996388667113188	0.996388667113188
BAG5	quasibinomial	33	6	-0.0786330428315177	0.108318421287163	0.472700274688358	NA	0.0725395825420298	812.899775095859	0.996388667113188	0.996388667113188
AMIGO1	quasibinomial	33	6	0.0674128126921686	0.0929245953489807	0.472994676773846	NA	-0.0659565174107978	761.595214210362	0.996388667113188	0.996388667113188
ZNF107	quasibinomial	32	6	0.214271418889312	0.295452703202616	0.473131725243578	NA	-0.193562122458333	60.0186281908622	0.996388667113188	0.996388667113188
UBE2V2	quasibinomial	33	6	0.0971718165003746	0.134175972806653	0.473749203871387	NA	-0.0908156467791698	4172.70240005552	0.996388667113188	0.996388667113188
SLC41A2	quasibinomial	33	6	0.225197091753249	0.311120281868839	0.473982774378897	NA	-0.273822349326684	523.121352041203	0.996388667113188	0.996388667113188
FOXN3	quasibinomial	33	6	-0.0960950523556608	0.132902689439995	0.474454756603059	NA	0.0873405126635953	759.401554074807	0.996388667113188	0.996388667113188
SH3RF1	quasibinomial	33	6	0.0861185190523895	0.119128543710463	0.474542155208137	NA	-0.0827186789605723	198.39643612595	0.996388667113188	0.996388667113188
RRAS2	quasibinomial	33	6	-0.0766280636613814	0.106012777970364	0.474593742891286	NA	0.0749749606913899	284.540541431042	0.996388667113188	0.996388667113188
CD59	quasibinomial	33	6	-0.0423883162041759	0.0586716994302925	0.474807944354219	NA	0.0387360328739748	3445.95220726693	0.996388667113188	0.996388667113188
FAM204A	quasibinomial	33	6	-0.0672240125252557	0.0931195927647213	0.475145227437154	NA	0.0689170039113614	523.498860660553	0.996388667113188	0.996388667113188
KIFBP	quasibinomial	33	6	-0.0804931570011103	0.111656720907767	0.475759925862827	NA	0.0794588325363692	797.424969902636	0.996388667113188	0.996388667113188
PGBD4	quasibinomial	33	6	-0.171948427333904	0.238589377760838	0.475887993607082	NA	0.132711732154982	182.39878643538	0.996388667113188	0.996388667113188
SRP19	quasibinomial	33	6	-0.125902976858812	0.1747422750187	0.475997997378684	NA	0.121102554190014	55.4088062079608	0.996388667113188	0.996388667113188
CEBPG	quasibinomial	33	6	-0.0580010686215819	0.0805561194945787	0.476301001441546	NA	0.054010550341851	1152.34332603725	0.996388667113188	0.996388667113188
SGCB	quasibinomial	33	6	-0.0772424078041737	0.107285192764357	0.47632261270726	NA	0.0691996376168788	1561.25765446144	0.996388667113188	0.996388667113188
RAD1	quasibinomial	33	6	-0.108349543607977	0.150493030830238	0.476327974707244	NA	0.104807313007032	295.442793242712	0.996388667113188	0.996388667113188
GEMIN6	quasibinomial	33	6	0.0932237469610627	0.129676733415401	0.476979088260335	NA	-0.0947999086678623	161.38923973281	0.996388667113188	0.996388667113188
CCDC91	quasibinomial	33	6	-0.123661629469539	0.172172404328123	0.477374920607306	NA	0.111954511698223	76.4841705427566	0.996388667113188	0.996388667113188
PRKAA1	quasibinomial	33	6	0.0825953152401385	0.115010434957459	0.477428532793467	NA	-0.0814743487021322	385.233319548599	0.996388667113188	0.996388667113188
UBTF	quasibinomial	33	6	0.0558192878963921	0.077740264509894	0.477508959607317	NA	-0.0518654775091446	416.895646857469	0.996388667113188	0.996388667113188
ZNF549	quasibinomial	33	6	-0.113229196141461	0.157717909393649	0.477570228182254	NA	0.113230917999148	101.62011702326	0.996388667113188	0.996388667113188
ALKBH8	quasibinomial	33	6	-0.142037666754723	0.197865405045188	0.477614266718525	NA	0.147748712997966	98.4730464711549	0.996388667113188	0.996388667113188
PTPDC1	quasibinomial	33	6	-0.130737586453462	0.182127725136954	0.477623588268123	NA	0.12663106734686	128.606383979635	0.996388667113188	0.996388667113188
KLHL28	quasibinomial	33	6	-0.184106169524843	0.257172496983114	0.478811106239619	NA	0.168338154418001	206.690181262079	0.996388667113188	0.996388667113188
SGSM1	quasibinomial	33	6	0.0676317306380452	0.0946116141237022	0.479451981837397	NA	-0.0643064658002174	316.814809735013	0.996388667113188	0.996388667113188
POGK	quasibinomial	33	6	-0.0437651587331162	0.0612517361791895	0.47964878872344	NA	0.0408470581881259	1204.71753317209	0.996388667113188	0.996388667113188
EHD3	quasibinomial	33	6	0.137956959845616	0.193151412185757	0.479813856496192	NA	-0.118243038895608	1370.07415434561	0.996388667113188	0.996388667113188
NCOA2	quasibinomial	33	6	-0.115814823801731	0.162321131544542	0.480272254910193	NA	0.0731008664581773	552.729032322273	0.996388667113188	0.996388667113188
FGF9	quasibinomial	33	6	-0.122235229287177	0.171353408195809	0.48035800305832	NA	0.155192116962971	757.891380552672	0.996388667113188	0.996388667113188
SETBP1	quasibinomial	33	6	-0.0814892863402242	0.114299417807991	0.480605983359967	NA	0.0786596535246172	169.878649575802	0.996388667113188	0.996388667113188
SPIN4	quasibinomial	33	6	-0.105927211860118	0.148588176841598	0.48063929876991	NA	0.107002681227517	231.671083298664	0.996388667113188	0.996388667113188
RAB6B	quasibinomial	33	6	0.10390766144313	0.145908350947008	0.481096502324665	NA	-0.0794351351037612	6186.96605643953	0.996388667113188	0.996388667113188
SLX4IP	quasibinomial	33	6	-0.135730748505737	0.190788779558557	0.4815395843399	NA	0.117529993575197	298.487543927442	0.996388667113188	0.996388667113188
MLF1	quasibinomial	33	6	-0.1130323794427	0.158898652306896	0.481582434568596	NA	0.114773475766505	285.397695259615	0.996388667113188	0.996388667113188
MFSD8	quasibinomial	33	6	-0.0990472838561382	0.13927119068503	0.481684019541558	NA	0.11789125893877	277.774987999555	0.996388667113188	0.996388667113188
PRKG1	quasibinomial	33	6	-0.106672266117559	0.150047698706705	0.481843426593151	NA	0.101711744930286	290.10056300767	0.996388667113188	0.996388667113188
RAB10	quasibinomial	33	6	-0.0332618265077888	0.0468220198980541	0.482170201167729	NA	0.0338277613191738	3561.42896067689	0.996388667113188	0.996388667113188
EXOG	quasibinomial	33	6	0.100347183026413	0.14135590850966	0.482475327986469	NA	-0.0976422211632885	459.398381643208	0.996388667113188	0.996388667113188
KCNMA1	quasibinomial	33	6	0.11455659005056	0.161384417717352	0.482508105489257	NA	-0.110687874965144	494.242383979119	0.996388667113188	0.996388667113188
PGRMC2	quasibinomial	33	6	-0.0647460132009396	0.0912221286826528	0.4825538032872	NA	0.063737037388025	646.48881301068	0.996388667113188	0.996388667113188
DKK3	quasibinomial	33	6	-0.108568987556431	0.153034440049949	0.48275020632182	NA	0.0977987329137008	13858.2099578416	0.996388667113188	0.996388667113188
MGLL	quasibinomial	33	6	0.0833640236405808	0.117525121771681	0.482818910970162	NA	-0.0795618075515479	316.677730993369	0.996388667113188	0.996388667113188
NBEA	quasibinomial	33	6	-0.072102580475349	0.10165674140399	0.482852269783749	NA	0.0737134434385023	1200.66833290336	0.996388667113188	0.996388667113188
JAG1	quasibinomial	33	6	-0.146208673658949	0.206270508069359	0.483131047450471	NA	0.139863745365471	81.8045929620626	0.996388667113188	0.996388667113188
PPM1K	quasibinomial	33	6	-0.0621576745866015	0.0877316813088721	0.48332879588556	NA	0.0571825155240722	484.193952107265	0.996388667113188	0.996388667113188
LRRC49	quasibinomial	33	6	0.0993092967087635	0.140213930199077	0.483468371018531	NA	-0.0901449675068728	270.86884068955	0.996388667113188	0.996388667113188
CNTN2	quasibinomial	33	6	-0.0962467529005177	0.135893779087112	0.483480604237455	NA	0.0980065160682663	1215.84640224535	0.996388667113188	0.996388667113188
C3orf33	quasibinomial	33	6	0.107549969329792	0.151963223486555	0.483795264145336	NA	-0.103785080353264	127.356830897847	0.996388667113188	0.996388667113188
CMC2	quasibinomial	33	6	0.16942208233717	0.239667466005699	0.484305795173147	NA	-0.132541771666511	862.885684654721	0.996388667113188	0.996388667113188
AHI1	quasibinomial	33	6	0.0799436388078867	0.113218490062577	0.484799570129096	NA	-0.0773638525302278	325.045763738685	0.996388667113188	0.996388667113188
CCNG2	quasibinomial	33	6	0.135018909617123	0.191258729015982	0.484892647994119	NA	-0.101187009437212	379.684647954273	0.996388667113188	0.996388667113188
STIMATE	quasibinomial	33	6	0.081130537511145	0.114972755546067	0.485076251341612	NA	-0.078858812223419	603.074484047681	0.996388667113188	0.996388667113188
ANKRD12	quasibinomial	33	6	-0.211066921433568	0.299215873583135	0.485229825434884	NA	0.154030574090652	307.021632818429	0.996388667113188	0.996388667113188
PARD3	quasibinomial	33	6	0.124543045935592	0.17657280127896	0.485269615508792	NA	-0.106312669030291	109.178282811767	0.996388667113188	0.996388667113188
MFSD9	quasibinomial	33	6	0.0731218061334378	0.103675979092632	0.485296471653527	NA	-0.0703891087941758	309.127542762397	0.996388667113188	0.996388667113188
CBX8	quasibinomial	33	6	0.146050766988341	0.207181640044668	0.4855121876282	NA	-0.150588408056474	99.9588960003572	0.996388667113188	0.996388667113188
WDR37	quasibinomial	33	6	-0.0616144170402684	0.0874832125199543	0.485906139729798	NA	0.0618286625070523	935.250663545756	0.996388667113188	0.996388667113188
HEATR1	quasibinomial	33	6	-0.0367593486028271	0.0522096132020253	0.486046030998469	NA	0.0363025614772849	666.08738382575	0.996388667113188	0.996388667113188
RHOBTB1	quasibinomial	33	6	0.0968790801481413	0.137704763166468	0.486381270695121	NA	-0.093913360603715	186.854549367373	0.996388667113188	0.996388667113188
GPR173	quasibinomial	33	6	0.114192666027772	0.162354100127146	0.486487005828332	NA	-0.126429158521959	184.84915308833	0.996388667113188	0.996388667113188
C18orf32	quasibinomial	33	6	0.167460223766049	0.238191642669124	0.48667613844233	NA	-0.0591838406979611	3561.16332693604	0.996388667113188	0.996388667113188
SPTB	quasibinomial	33	6	0.118249131783434	0.168312468112538	0.486978454965536	NA	-0.114232391459111	132.542695398208	0.996388667113188	0.996388667113188
RAB3GAP2	quasibinomial	33	6	-0.0903453319445103	0.128616565951425	0.487051025132321	NA	0.0932029031456561	418.515435333623	0.996388667113188	0.996388667113188
TIMM50	quasibinomial	33	6	0.101834124773606	0.145048459778219	0.487278657943069	NA	-0.0873054811149891	543.272962679839	0.996388667113188	0.996388667113188
MCMBP	quasibinomial	33	6	-0.107354655962425	0.153044422915569	0.48765377902984	NA	0.111616236706432	203.651448340628	0.996388667113188	0.996388667113188
MAP3K13	quasibinomial	33	6	0.0774089659415579	0.110421578198326	0.487918529556589	NA	-0.0746528153140068	428.117670929501	0.996388667113188	0.996388667113188
ATF1	quasibinomial	33	6	0.19497499397837	0.278165889988512	0.487980485352382	NA	-0.175748117999645	53.5223085925634	0.996388667113188	0.996388667113188
DMAC1	quasibinomial	33	6	0.109203269872765	0.155857667982886	0.488147179757059	NA	-0.0807943719671707	1215.9485580586	0.996388667113188	0.996388667113188
CYP20A1	quasibinomial	33	6	0.078083276070937	0.111545238558897	0.488545428053851	NA	-0.074093724503329	222.223791491675	0.996388667113188	0.996388667113188
CCNJL	quasibinomial	33	6	-0.0683323682580844	0.0976163715257612	0.48854858716441	NA	0.0659695163484096	169.845074686669	0.996388667113188	0.996388667113188
PDE4D	quasibinomial	33	6	0.125596293736342	0.179509104122644	0.488760789668822	NA	-0.153568611411852	487.444554216862	0.996388667113188	0.996388667113188
DNLZ	quasibinomial	33	6	-0.084645986676045	0.121017271599899	0.488891315097412	NA	0.0790503420456889	601.472184062049	0.996388667113188	0.996388667113188
GPR155	quasibinomial	33	6	-0.0694404779184345	0.0994570564299885	0.48966802803719	NA	0.0662448435862106	348.379489049878	0.996388667113188	0.996388667113188
ICA1	quasibinomial	33	6	-0.0635573214444932	0.0910433790181907	0.489727482074394	NA	0.0609329044606972	227.883156823551	0.996388667113188	0.996388667113188
NADK	quasibinomial	33	6	0.0452883393977175	0.0649013267238059	0.489910536065295	NA	-0.0434790170851885	255.366729030685	0.996388667113188	0.996388667113188
ZNF594	quasibinomial	33	6	-0.241284392051411	0.345995134692606	0.490182055927734	NA	0.227710944410081	282.300312431327	0.996388667113188	0.996388667113188
NR5A2	quasibinomial	33	6	-0.129248314109454	0.185345447559082	0.490198204608071	NA	0.0793099737768113	469.291408570557	0.996388667113188	0.996388667113188
SRSF3	quasibinomial	33	6	0.138046833114517	0.198050199679883	0.490388502326713	NA	-0.126286008071249	2381.32039313988	0.996388667113188	0.996388667113188
RNF13	quasibinomial	33	6	-0.128317433955548	0.184323040412737	0.490929122454185	NA	0.114058341965919	566.658200516812	0.996388667113188	0.996388667113188
METRN	quasibinomial	33	6	-0.147398810681556	0.211761057056833	0.490986779242268	NA	0.130286714440588	393.456400339395	0.996388667113188	0.996388667113188
EIF2AK2	quasibinomial	33	6	0.129669237413278	0.186325384216653	0.491069010096142	NA	-0.123166748890152	603.362114109452	0.996388667113188	0.996388667113188
FAM81A	quasibinomial	33	6	0.116514660463055	0.16743296213531	0.491094106445803	NA	-0.088189401468241	216.990893102283	0.996388667113188	0.996388667113188
TRIM2	quasibinomial	33	6	-0.0454273011545116	0.0652978715858823	0.49121473334312	NA	0.045197374462522	3355.06699328676	0.996388667113188	0.996388667113188
TIFA	quasibinomial	32	6	-0.197091417890855	0.28364855273236	0.491740608908594	NA	0.182801251559737	55.7630496489628	0.996388667113188	0.996388667113188
VKORC1L1	quasibinomial	33	6	-0.0850722779263685	0.122466019142945	0.491854189680107	NA	0.0608331594298187	1599.52508580168	0.996388667113188	0.996388667113188
TSFM	quasibinomial	33	6	-0.129733527683028	0.186784684394182	0.491915089614704	NA	0.149035804285661	718.01221777421	0.996388667113188	0.996388667113188
TMF1	quasibinomial	33	6	0.186292493578461	0.268356023624874	0.492139807478363	NA	-0.128685940493172	138.439541290343	0.996388667113188	0.996388667113188
MTDH	quasibinomial	33	6	-0.0691389979139626	0.0997784790106966	0.492929267368766	NA	0.0650627534175795	234.895126982913	0.996388667113188	0.996388667113188
MTHFSD	quasibinomial	33	6	-0.157053742829198	0.226726876738913	0.493068631889662	NA	0.164507153079494	117.488437355982	0.996388667113188	0.996388667113188
NLGN4Y	quasibinomial	29	5	0.29120229514456	0.420472651880312	0.493155894137621	NA	-0.214330230238273	273.496989110828	0.996388667113188	0.996388667113188
TUNAR	quasibinomial	33	6	0.0386069595576891	0.0557961779105534	0.493547259814426	NA	-0.0343036519412455	1439.4752670426	0.996388667113188	0.996388667113188
CHMP7	quasibinomial	33	6	0.0579686491356897	0.0837988084700542	0.493651833434216	NA	-0.0530968386629715	881.462737630648	0.996388667113188	0.996388667113188
ADAM22	quasibinomial	33	6	0.0993641257483019	0.143671113422025	0.49374588493585	NA	-0.0932522724614662	909.02098053252	0.996388667113188	0.996388667113188
NKX6-1	quasibinomial	31	6	0.168870799983619	0.244257398072452	0.49389737167136	NA	-0.142111128145713	101.666739270157	0.996388667113188	0.996388667113188
ZNF737	quasibinomial	33	6	0.137650515515579	0.199274944956951	0.494274368003781	NA	-0.157126377738786	221.172984238199	0.996388667113188	0.996388667113188
ATP7A	quasibinomial	33	6	-0.128387076605675	0.185882424325876	0.494316001443666	NA	0.117912449100166	113.991962738701	0.996388667113188	0.996388667113188
PLXDC2	quasibinomial	33	6	-0.0863479174531531	0.125032166214608	0.494368205057713	NA	0.076732526661912	294.280388650507	0.996388667113188	0.996388667113188
GRIN2A	quasibinomial	33	6	0.128725834501426	0.186566133817148	0.494760302986365	NA	-0.137308574656623	257.181272922971	0.996388667113188	0.996388667113188
GCFC2	quasibinomial	33	6	0.115937488080349	0.168111548357988	0.494964137925004	NA	-0.10897713854465	67.7491072602178	0.996388667113188	0.996388667113188
CCN3	quasibinomial	33	6	-0.107006367716289	0.155288475354242	0.495315256954943	NA	0.0919277648540984	167.684691818512	0.996388667113188	0.996388667113188
PLOD2	quasibinomial	33	6	-0.110156870733373	0.159913606679189	0.495457484790166	NA	0.0966543547197164	50.8589927035695	0.996388667113188	0.996388667113188
BZW1	quasibinomial	33	6	-0.192128506433765	0.278946575251224	0.495512110247519	NA	0.17977301708464	757.987470276337	0.996388667113188	0.996388667113188
ZNF827	quasibinomial	33	6	-0.0602671580902971	0.087529143994067	0.495652842078422	NA	0.0545409476549778	394.67253757567	0.996388667113188	0.996388667113188
KIF21A	quasibinomial	33	6	-0.0774705627864031	0.112528074266335	0.495704308335904	NA	0.0712579479135902	881.942637781665	0.996388667113188	0.996388667113188
TANGO2	quasibinomial	33	6	0.0977944073175406	0.142161748993525	0.496043900399329	NA	-0.104828175804929	896.165346386776	0.996388667113188	0.996388667113188
OSBPL2	quasibinomial	33	6	0.0564952852191907	0.0822000653343965	0.496429304806504	NA	-0.0541281809910161	464.252808187025	0.996388667113188	0.996388667113188
KIF2A	quasibinomial	33	6	0.0524073944152329	0.0763023546376967	0.496710364234345	NA	-0.0514263272165343	1266.67610329047	0.996388667113188	0.996388667113188
SFXN5	quasibinomial	33	6	-0.0860743701133854	0.125341316362683	0.496784229380282	NA	0.0783473304980294	242.902196458626	0.996388667113188	0.996388667113188
SH3BP5	quasibinomial	30	6	-0.193265233679471	0.281432756970027	0.496784732209152	NA	0.185876010456619	1399.53889104815	0.996388667113188	0.996388667113188
YAF2	quasibinomial	33	6	0.125709219074147	0.183318885063833	0.497394066881941	NA	-0.106120669014947	232.25125456843	0.996388667113188	0.996388667113188
FOSL2	quasibinomial	33	6	-0.190324805239511	0.277727575869352	0.497672942377368	NA	0.193041181993946	96.6229422233077	0.996388667113188	0.996388667113188
REL	quasibinomial	33	6	0.150160809408918	0.219440926110781	0.498299546379055	NA	-0.138593334718814	93.9616099716973	0.996388667113188	0.996388667113188
NR2C2	quasibinomial	33	6	0.0788675514005248	0.115271877589013	0.498362417101375	NA	-0.0745696646545486	988.350062547698	0.996388667113188	0.996388667113188
ZBTB40	quasibinomial	26	6	-0.269063354351659	0.393364413319058	0.49847590326229	NA	-0.0236742894702346	254.378883936129	0.996388667113188	0.996388667113188
ELOC	quasibinomial	33	6	0.101156195180344	0.147952175736812	0.498660930181514	NA	-0.0966585589484683	2012.56061566246	0.996388667113188	0.996388667113188
ETFA	quasibinomial	33	6	0.230570566448049	0.337490472773039	0.498983800780447	NA	-0.106875294860556	610.768778760701	0.996388667113188	0.996388667113188
SHB	quasibinomial	33	6	0.159151716956481	0.232991159267227	0.499052980632714	NA	-0.16426173290733	119.773835306312	0.996388667113188	0.996388667113188
MARCHF5	quasibinomial	33	6	-0.098051546510264	0.143570762488959	0.499134898173142	NA	0.0890345627865625	471.962536664532	0.996388667113188	0.996388667113188
B3GALT6	quasibinomial	33	6	0.0613901839416082	0.089895058244912	0.499159757539508	NA	-0.0585349883102835	3494.6085798453	0.996388667113188	0.996388667113188
CSMD1	quasibinomial	33	6	-0.118756547565999	0.173902773054014	0.499171596057205	NA	0.119988643338801	202.822585638418	0.996388667113188	0.996388667113188
CYB5A	quasibinomial	33	6	0.163154172873509	0.239000528689148	0.499320522691826	NA	-0.145955568735933	509.92298293662	0.996388667113188	0.996388667113188
MPRIP	quasibinomial	33	6	0.102248790307279	0.149814706009646	0.499414333259504	NA	-0.0980508005425795	426.139092561581	0.996388667113188	0.996388667113188
IL17RA	quasibinomial	33	6	0.138595385887028	0.20307731183628	0.499430393373124	NA	-0.14187573977923	150.553439159048	0.996388667113188	0.996388667113188
ZNF747	quasibinomial	33	6	0.0926067073422375	0.135738573948982	0.499575812314708	NA	-0.0937746101892492	324.179423694045	0.996388667113188	0.996388667113188
BRAF	quasibinomial	33	6	0.0885693232755884	0.129852713033802	0.499680649215949	NA	-0.0791732344591647	324.692998242482	0.996388667113188	0.996388667113188
LRCH1	quasibinomial	33	6	-0.120165596618357	0.176419254010547	0.500267194494962	NA	0.115886005909253	87.3666237959736	0.996388667113188	0.996388667113188
GRIN2B	quasibinomial	33	6	0.121060574045075	0.177800285962209	0.500427836830051	NA	-0.116779005097324	440.698955732045	0.996388667113188	0.996388667113188
METTL14	quasibinomial	33	6	0.132334299105611	0.194360556990812	0.500433704755154	NA	-0.162355746628165	282.206509567268	0.996388667113188	0.996388667113188
CDC42EP3	quasibinomial	33	6	-0.0859051851551483	0.126178771683425	0.500464285873969	NA	0.052622579256543	920.464312694334	0.996388667113188	0.996388667113188
MGAT4A	quasibinomial	33	6	0.0811446963238263	0.119212407520757	0.500556797659154	NA	-0.066110986830569	574.979915159219	0.996388667113188	0.996388667113188
PWWP3A	quasibinomial	33	6	0.0616730343996147	0.0906152224062656	0.500600426720737	NA	-0.0587173106644334	843.760030137944	0.996388667113188	0.996388667113188
TIGAR	quasibinomial	33	6	0.145786542204286	0.214474805457502	0.501142111875296	NA	-0.167719987588604	336.972572868413	0.996388667113188	0.996388667113188
STRIP1	quasibinomial	33	6	-0.0352090163412299	0.0518043420336809	0.501194421983872	NA	0.0331840618894652	848.598615817837	0.996388667113188	0.996388667113188
POGLUT1	quasibinomial	33	6	-0.122594424457945	0.18042908064752	0.501315382551053	NA	0.10039370927625	336.469276949897	0.996388667113188	0.996388667113188
ZDHHC9	quasibinomial	33	6	-0.120258306119808	0.177002971336223	0.50134441633583	NA	0.107887389276672	1663.29742841482	0.996388667113188	0.996388667113188
NRIP1	quasibinomial	33	6	-0.192574088515032	0.283561537466823	0.501524520793597	NA	0.177809182330247	1199.88822453672	0.996388667113188	0.996388667113188
GAN	quasibinomial	33	6	-0.143618676163624	0.211482307457185	0.501537880029121	NA	0.138313011982228	700.219976578787	0.996388667113188	0.996388667113188
ABI2	quasibinomial	33	6	0.0827895458163376	0.121974947979037	0.501764930376941	NA	-0.0803789987607702	2590.48284119425	0.996388667113188	0.996388667113188
CC2D1B	quasibinomial	33	6	0.150507367828325	0.221927430583782	0.502115216173359	NA	-0.153488114611716	158.586946344658	0.996388667113188	0.996388667113188
VPS35	quasibinomial	33	6	0.106079634395826	0.156464429584903	0.502242721372478	NA	-0.106860754601642	1673.4290067888	0.996388667113188	0.996388667113188
PLEKHA1	quasibinomial	33	6	-0.117802308334377	0.173787816494723	0.502322822401527	NA	0.127388496883654	1214.55704260997	0.996388667113188	0.996388667113188
PPAT	quasibinomial	33	6	-0.124984141518018	0.184394463524879	0.502349651055355	NA	0.119839065932165	241.451300856969	0.996388667113188	0.996388667113188
BTF3L4	quasibinomial	33	6	-0.0863532128763058	0.127425222678967	0.502431711867151	NA	0.0845899570676407	2514.73549915866	0.996388667113188	0.996388667113188
MTF2	quasibinomial	33	6	-0.112874157297961	0.166651727501646	0.502664741159971	NA	0.113494857735576	193.461248860663	0.996388667113188	0.996388667113188
AGL	quasibinomial	33	6	-0.124396725286021	0.183757836463536	0.502881310759607	NA	0.0953951951715789	182.896802373333	0.996388667113188	0.996388667113188
TMEM47	quasibinomial	33	6	-0.0772792798677076	0.114221065736508	0.503121848619509	NA	0.085011103652745	980.261471981777	0.996388667113188	0.996388667113188
SF3B3	quasibinomial	33	6	-0.0770367516473803	0.113866636898372	0.503136881236463	NA	0.0710540030754621	637.874427853927	0.996388667113188	0.996388667113188
SYT11	quasibinomial	33	6	-0.0501490988501581	0.0742305900324588	0.503743454530775	NA	0.0551257363430227	10247.4537997891	0.996388667113188	0.996388667113188
SPRING1	quasibinomial	33	6	0.125246183171329	0.185491297849598	0.503976939925978	NA	-0.141043126760492	1978.12000888828	0.996388667113188	0.996388667113188
ABRAXAS2	quasibinomial	33	6	-0.0478670089675005	0.0709166693918257	0.504126210186278	NA	0.0486309560665008	415.448271771141	0.996388667113188	0.996388667113188
SIRT5	quasibinomial	33	6	-0.0961864823415921	0.142571330262228	0.504327260820874	NA	0.099093808830704	211.671651092094	0.996388667113188	0.996388667113188
DLAT	quasibinomial	33	6	-0.0920582483996696	0.136581461368312	0.504727891389277	NA	0.0752365245587581	663.454184467631	0.996388667113188	0.996388667113188
UBA52	quasibinomial	33	6	0.0985847117056738	0.14636515027425	0.505019361168806	NA	-0.0964603844276349	1722.53491992791	0.996388667113188	0.996388667113188
ALAD	quasibinomial	33	6	-0.0529239228487673	0.0785776583815188	0.50503781927859	NA	0.0349035240786456	560.67317895566	0.996388667113188	0.996388667113188
TCTN1	quasibinomial	33	6	0.0932935632705041	0.138532967700509	0.505090826906101	NA	-0.086816821278741	129.819069233632	0.996388667113188	0.996388667113188
GTPBP1	quasibinomial	33	6	-0.0856851119092094	0.127253848485777	0.505153279462362	NA	0.083580761320513	589.57117232231	0.996388667113188	0.996388667113188
PRKCE	quasibinomial	33	6	0.0830654701168976	0.123378555469103	0.505205494765368	NA	-0.082714065125222	1181.14955842156	0.996388667113188	0.996388667113188
TSPAN9	quasibinomial	33	6	-0.140297295628851	0.208568114072304	0.505575075731464	NA	0.154734605874139	147.546488584903	0.996388667113188	0.996388667113188
PTPRD	quasibinomial	33	6	-0.147489128889795	0.219358997444772	0.505766709847052	NA	0.210036138628248	300.34461415914	0.996388667113188	0.996388667113188
MLYCD	quasibinomial	33	6	0.123123192275307	0.183189006223453	0.505926441715423	NA	-0.126487857410051	501.715067216196	0.996388667113188	0.996388667113188
GAS2L3	quasibinomial	33	6	-0.254623257442955	0.379051791496278	0.506160916579715	NA	0.237060150712396	75.6341106834502	0.996388667113188	0.996388667113188
USF3	quasibinomial	33	6	-0.165414519986573	0.246385379881566	0.506395201346272	NA	0.105695864968774	288.663845907732	0.996388667113188	0.996388667113188
POLI	quasibinomial	33	6	0.0953917170747787	0.142148174903054	0.506579330213474	NA	-0.0914874922018712	121.87499646731	0.996388667113188	0.996388667113188
SMAD9	quasibinomial	33	6	-0.0980807222563648	0.146199008242825	0.506705887949725	NA	0.0918436824762183	433.217870011515	0.996388667113188	0.996388667113188
ZNF660	quasibinomial	33	6	-0.175449064303756	0.261530925819523	0.506716800791664	NA	0.166956883849729	93.7919777571777	0.996388667113188	0.996388667113188
DCTN4	quasibinomial	33	6	-0.0616271667320931	0.092051496051343	0.507578425463236	NA	0.058077493866146	1078.13766907029	0.996388667113188	0.996388667113188
POLR1B	quasibinomial	33	6	-0.0974758426153435	0.145615704351118	0.507629479224116	NA	0.0972732538677846	228.904547142204	0.996388667113188	0.996388667113188
FAM124A	quasibinomial	33	6	-0.0780146878199223	0.116630719457273	0.507945395884024	NA	0.0706883485292696	139.433269010893	0.996388667113188	0.996388667113188
RTP1	quasibinomial	29	6	0.23639419675354	0.353575597010124	0.50814815616345	NA	-0.14639043109751	155.351536222551	0.996388667113188	0.996388667113188
SEC22B	quasibinomial	33	6	-0.0820891358450668	0.122848506468513	0.50837980716312	NA	0.0900692644723818	514.547582035796	0.996388667113188	0.996388667113188
CALCOCO1	quasibinomial	33	6	-0.116762298069107	0.17476303569754	0.508440685225761	NA	0.0963144649521984	622.604355571543	0.996388667113188	0.996388667113188
C2CD5	quasibinomial	33	6	-0.0916939344607216	0.137273856500194	0.508537966063513	NA	0.093631830250556	234.517227651451	0.996388667113188	0.996388667113188
RSPH3	quasibinomial	33	6	-0.123779806696274	0.185338856561362	0.508605333869352	NA	0.138796121104074	221.007835830013	0.996388667113188	0.996388667113188
EIF3M	quasibinomial	33	6	0.0806312759078069	0.120759954351293	0.508704968231684	NA	-0.0764245942571238	357.471495287114	0.996388667113188	0.996388667113188
SLIT3	quasibinomial	33	6	0.12905434090232	0.193335062752116	0.508819978148704	NA	-0.125917568544291	109.023118624869	0.996388667113188	0.996388667113188
RABGEF1	quasibinomial	33	6	0.0317917637533108	0.0476512551286374	0.509034938669413	NA	-0.0299933567404159	567.390840933953	0.996388667113188	0.996388667113188
GFRA2	quasibinomial	33	6	-0.0484865253153717	0.0726868754993564	0.50910784991916	NA	0.0462675127292718	563.29809193172	0.996388667113188	0.996388667113188
CORO1C	quasibinomial	33	6	0.074432551842102	0.111615393653534	0.509230213510602	NA	-0.072689845420545	1923.2288614234	0.996388667113188	0.996388667113188
LMO4	quasibinomial	33	6	0.10525572767786	0.158001487239102	0.509670324567612	NA	-0.106668896632655	448.339643926653	0.996388667113188	0.996388667113188
KCNH8	quasibinomial	32	6	-0.181483261642971	0.272486892933545	0.509760983750354	NA	0.167462172444667	71.2746920611939	0.996388667113188	0.996388667113188
SHISAL1	quasibinomial	33	6	0.0714888301519618	0.107347348368147	0.509803682831944	NA	-0.0662606577120002	570.820727142836	0.996388667113188	0.996388667113188
PTTG1IP	quasibinomial	33	6	0.0366363927756279	0.0550131455465582	0.509804303078831	NA	-0.028458070864407	2775.38268625574	0.996388667113188	0.996388667113188
NRCAM	quasibinomial	33	6	-0.0496843599430002	0.0746081309008469	0.509816591624701	NA	0.0470683064782457	2870.74242216342	0.996388667113188	0.996388667113188
MCM4	quasibinomial	33	6	0.0657917210642352	0.0988090108292818	0.509873574240497	NA	-0.0638983213062154	237.743729398621	0.996388667113188	0.996388667113188
RAN	quasibinomial	33	6	-0.0591033075076412	0.0887687952895838	0.509896074618111	NA	0.0620631333763224	3585.94614853367	0.996388667113188	0.996388667113188
TRIM71	quasibinomial	33	6	0.133679859789452	0.200798665518169	0.509940906246594	NA	-0.117019549984051	197.3811959459	0.996388667113188	0.996388667113188
MON1B	quasibinomial	33	6	-0.0897981595143727	0.134972419202694	0.510214636398311	NA	0.0863604434320939	800.624428420526	0.996388667113188	0.996388667113188
PCYT1A	quasibinomial	33	6	0.0621818140603306	0.0934948418099178	0.510356582956653	NA	-0.0584646323188122	325.024548691577	0.996388667113188	0.996388667113188
ASB8	quasibinomial	33	6	-0.0936146256529149	0.140883785385526	0.510736847066303	NA	0.109979697823561	1387.22613152316	0.996388667113188	0.996388667113188
FNIP2	quasibinomial	33	6	-0.114301499047378	0.172082653918551	0.510899193285845	NA	0.11423842480895	540.557442440978	0.996388667113188	0.996388667113188
ARL8B	quasibinomial	33	6	0.0631498386139631	0.0951821733801088	0.511380821963534	NA	-0.0596772400571096	1481.20401493928	0.996388667113188	0.996388667113188
SNRNP48	quasibinomial	33	6	-0.16752341638411	0.252634440702765	0.511606605807892	NA	0.164400408009589	83.1689565705879	0.996388667113188	0.996388667113188
BCLAF1	quasibinomial	33	6	-0.14504507991385	0.218822834199854	0.511773345057094	NA	0.112290696624774	907.024626603876	0.996388667113188	0.996388667113188
TAB3	quasibinomial	33	6	-0.0842678972609692	0.127154358736781	0.511850091479529	NA	0.0799066773190379	261.583924174116	0.996388667113188	0.996388667113188
BAZ2B	quasibinomial	33	6	0.0890544933077089	0.134542579751037	0.512366457900937	NA	-0.0830224768698707	217.008589063259	0.996388667113188	0.996388667113188
STK24	quasibinomial	33	6	0.0823281621541197	0.124380814210646	0.51236748208018	NA	-0.0790215954156018	1719.51711763214	0.996388667113188	0.996388667113188
DSTN	quasibinomial	33	6	0.122423807292067	0.185308282834063	0.513162336760241	NA	-0.102848981480874	8645.65682715944	0.996388667113188	0.996388667113188
CRTC1	quasibinomial	33	6	0.173929046286735	0.263516683328345	0.513554691620196	NA	-0.157576322026884	362.759580119916	0.996388667113188	0.996388667113188
ACTR1A	quasibinomial	33	6	0.0354013084164621	0.0537158472540504	0.514178023962176	NA	-0.0336684498539493	4329.90984976967	0.996388667113188	0.996388667113188
SCRN3	quasibinomial	33	6	0.135821543325078	0.206140367524586	0.514285150633158	NA	-0.128055427910447	169.567866233261	0.996388667113188	0.996388667113188
SLU7	quasibinomial	33	6	-0.0787815655149704	0.119570620609565	0.514290437503664	NA	0.080509075465596	187.827537055291	0.996388667113188	0.996388667113188
BCL7A	quasibinomial	33	6	-0.157692071465527	0.239434808615725	0.51446134818235	NA	0.128820230207647	869.117602264476	0.996388667113188	0.996388667113188
TFAM	quasibinomial	33	6	-0.08004470089894	0.121679575568845	0.514949811580171	NA	0.0903685078985637	321.068818163787	0.996388667113188	0.996388667113188
CMPK1	quasibinomial	33	6	0.0385106188989802	0.0585453911524171	0.514975890506923	NA	-0.0364697993844907	1527.09560071851	0.996388667113188	0.996388667113188
CDV3	quasibinomial	33	6	0.0715583765892106	0.108854642261579	0.515239633558559	NA	-0.0556678056516358	1520.49992464281	0.996388667113188	0.996388667113188
SCG3	quasibinomial	33	6	0.0850103467354303	0.129463789941684	0.515710659494515	NA	-0.0775248701107251	1565.36940627066	0.996388667113188	0.996388667113188
SPOPL	quasibinomial	33	6	-0.136834248730454	0.208428977773102	0.515794017385056	NA	0.146638948018682	133.338665554271	0.996388667113188	0.996388667113188
ATP5MC3	quasibinomial	33	6	0.0800477324073863	0.122041129690925	0.516172363311566	NA	-0.0632000577008932	4874.24086690512	0.996388667113188	0.996388667113188
CCP110	quasibinomial	33	6	-0.0938245243722896	0.143092165450078	0.51630899634902	NA	0.113998671186458	405.297529493193	0.996388667113188	0.996388667113188
PRPF4B	quasibinomial	33	6	-0.063006929192166	0.0960951870753071	0.516322282407488	NA	0.05800086423169	325.923060139558	0.996388667113188	0.996388667113188
TES	quasibinomial	33	6	-0.0665437454413028	0.101489799870066	0.516324040802762	NA	0.0616099618255897	604.276918707684	0.996388667113188	0.996388667113188
NTNG1	quasibinomial	27	5	0.234123024604937	0.357103490047932	0.516357464184683	NA	-0.0950495628036513	505.275501226635	0.996388667113188	0.996388667113188
SIM1	quasibinomial	31	6	-0.269585090256029	0.411325064318724	0.516491219235411	NA	0.258808297741852	72.2557118748375	0.996388667113188	0.996388667113188
STAT3	quasibinomial	33	6	-0.130152815079809	0.198656123922281	0.516643903825101	NA	0.111153474360814	1982.90853132015	0.996388667113188	0.996388667113188
ZNF576	quasibinomial	33	6	-0.115195506553197	0.175865753717451	0.516737318059689	NA	0.108892589733251	445.324723455469	0.996388667113188	0.996388667113188
CNOT8	quasibinomial	33	6	-0.0570770531443329	0.0871452336452784	0.516772203279578	NA	0.0541804662073671	886.623777977759	0.996388667113188	0.996388667113188
CUL2	quasibinomial	33	6	-0.117976139752047	0.180661677985587	0.518008681980473	NA	0.113765624036355	455.954647222901	0.996388667113188	0.996388667113188
COX7A2L	quasibinomial	33	6	-0.177568972647704	0.272265935622699	0.518539509428607	NA	0.172809871795049	3722.96553785116	0.996388667113188	0.996388667113188
FAM3C	quasibinomial	33	6	-0.0699739840059958	0.107398439553351	0.518955905670252	NA	0.0645269499423036	858.002787032362	0.996388667113188	0.996388667113188
ZADH2	quasibinomial	33	6	0.0984619607721129	0.151258778785657	0.519329608951646	NA	-0.0685101137575334	410.659068285033	0.996388667113188	0.996388667113188
KHK	quasibinomial	33	6	0.0694812809443093	0.106939267958567	0.520110636874841	NA	-0.0622508994294815	499.823309279886	0.996388667113188	0.996388667113188
PPP1CB	quasibinomial	33	6	0.0524081052128883	0.080731146089521	0.520467069707924	NA	-0.0515400108096261	3830.60364793815	0.996388667113188	0.996388667113188
BAIAP2L1	quasibinomial	33	6	0.162740839627556	0.250779568137897	0.520613059051113	NA	-0.160940195968762	58.1410691246544	0.996388667113188	0.996388667113188
KNDC1	quasibinomial	33	6	-0.0686809484058181	0.106016255742953	0.52131957450431	NA	0.0662638560545149	180.520468508784	0.996388667113188	0.996388667113188
MAFG	quasibinomial	33	6	0.0584135952831997	0.0901792086383501	0.521373260725503	NA	-0.0574860917011616	1318.30574504305	0.996388667113188	0.996388667113188
INIP	quasibinomial	33	6	0.0747881605687807	0.115722581169596	0.522319219032019	NA	-0.0709848914324728	610.398050451336	0.996388667113188	0.996388667113188
IGDCC3	quasibinomial	33	6	-0.163842569844408	0.253532625177077	0.522340016960701	NA	0.156811794650025	109.364012021269	0.996388667113188	0.996388667113188
GPR12	quasibinomial	33	6	-0.110756350020909	0.1719757093354	0.523758676959146	NA	0.107916137735275	318.887656265579	0.996388667113188	0.996388667113188
EXOC7	quasibinomial	33	6	0.0451019124766378	0.0700939617038561	0.524126515055797	NA	-0.042663569282705	1894.94669040281	0.996388667113188	0.996388667113188
YY1	quasibinomial	33	6	0.0634842589762524	0.0987559198156732	0.524517193311172	NA	-0.0606636827738317	716.292366499314	0.996388667113188	0.996388667113188
CALB1	quasibinomial	33	6	-0.0699712531715012	0.108885735897425	0.524663610793934	NA	0.0662302858039071	547.624027192105	0.996388667113188	0.996388667113188
MGA	quasibinomial	33	6	-0.155484579752346	0.241997278868	0.524731771446616	NA	0.147822749910236	160.299168988724	0.996388667113188	0.996388667113188
EIF3H	quasibinomial	33	6	-0.172962671162934	0.269305632553473	0.524892983831102	NA	0.165767689207924	614.665273319818	0.996388667113188	0.996388667113188
ACOT13	quasibinomial	33	6	0.113363162229796	0.17662743260513	0.525171067773485	NA	-0.105531245409455	279.111209162873	0.996388667113188	0.996388667113188
STMN4	quasibinomial	33	6	-0.0600724632317878	0.0937095304317442	0.525666079112303	NA	0.0563756691908865	6872.74654623779	0.996388667113188	0.996388667113188
DCAF10	quasibinomial	33	6	0.0516339969259861	0.0806116261239967	0.526001140389628	NA	-0.048873398930698	432.165031808821	0.996388667113188	0.996388667113188
TRERF1	quasibinomial	33	6	-0.126939435957629	0.198235808822148	0.526118222610093	NA	0.122738680680136	87.640360813004	0.996388667113188	0.996388667113188
LIX1	quasibinomial	33	6	-0.0799331720662918	0.124866062117697	0.526243069116287	NA	0.0753105590078464	440.778782749664	0.996388667113188	0.996388667113188
KCTD7	quasibinomial	33	6	-0.0982428289276643	0.153475926808814	0.526263937635862	NA	0.088837643214734	1419.78755042387	0.996388667113188	0.996388667113188
PGBD5	quasibinomial	33	6	-0.0812689980020026	0.12696272772486	0.526275238607411	NA	0.0821074816150356	537.41043190895	0.996388667113188	0.996388667113188
EDNRA	quasibinomial	33	6	-0.0817587176683755	0.127789360473438	0.526473391389284	NA	0.0777081396835512	252.629831389426	0.996388667113188	0.996388667113188
SFT2D2	quasibinomial	33	6	-0.129772961794503	0.202979584936508	0.526764449140131	NA	0.140585611873883	376.921557691135	0.996388667113188	0.996388667113188
SNPH	quasibinomial	33	6	0.0761851022217406	0.119215322019577	0.526947887810869	NA	-0.0820448806915896	1215.86248884017	0.996388667113188	0.996388667113188
ZNF101	quasibinomial	33	6	-0.184337722105644	0.288639643507117	0.527212481961169	NA	0.175244734916464	61.2959058587037	0.996388667113188	0.996388667113188
BCL10	quasibinomial	33	6	-0.0546887293324351	0.0856427574307482	0.527260753191837	NA	0.0518714423961427	142.561858046195	0.996388667113188	0.996388667113188
KDM7A	quasibinomial	33	6	0.186486625406688	0.292119022085147	0.527373592210695	NA	-0.185211353189637	56.4710533539508	0.996388667113188	0.996388667113188
CYP51A1	quasibinomial	33	6	0.0619963478874191	0.0971779373037783	0.527647174983588	NA	-0.0588358731063016	1387.84645580924	0.996388667113188	0.996388667113188
GAB2	quasibinomial	33	6	0.0733890138281194	0.115060934006154	0.527737210911248	NA	-0.068882696320972	674.647574204658	0.996388667113188	0.996388667113188
STARD3	quasibinomial	33	6	0.125228702839947	0.196421133936995	0.527914359026308	NA	-0.135785520309683	497.492463116506	0.996388667113188	0.996388667113188
LBR	quasibinomial	33	6	-0.0739508331468183	0.116152272990922	0.528481258292157	NA	0.0628753267078759	313.434501682344	0.996388667113188	0.996388667113188
BEND4	quasibinomial	33	6	-0.170133529638533	0.26724856158695	0.528519792125123	NA	0.183559706068923	246.522130409215	0.996388667113188	0.996388667113188
SLF2	quasibinomial	33	6	0.147962320541681	0.232486150914633	0.528633513598411	NA	-0.124627119830508	192.697651518255	0.996388667113188	0.996388667113188
SLC35D1	quasibinomial	33	6	-0.21144309670554	0.332612697463312	0.52910462790334	NA	0.18671587669857	171.002350950252	0.996388667113188	0.996388667113188
CLIP3	quasibinomial	33	6	0.0424295883735646	0.066815339653966	0.52954025658292	NA	-0.0410306738095718	3899.71176976025	0.996388667113188	0.996388667113188
PCMTD1	quasibinomial	33	6	-0.106190538241832	0.167254160624225	0.529619184858699	NA	0.0846501013569227	398.595370599655	0.996388667113188	0.996388667113188
SLC1A2	quasibinomial	33	6	0.124301903182536	0.195843040793863	0.529750411181898	NA	-0.138369523692008	889.224684510103	0.996388667113188	0.996388667113188
BID	quasibinomial	33	6	0.069194978418832	0.109111412724761	0.530094464691212	NA	-0.0661339518351752	598.5692085369	0.996388667113188	0.996388667113188
AP4E1	quasibinomial	33	6	-0.140757390380733	0.221985229640856	0.530148399139417	NA	0.133111697649209	69.5201735316166	0.996388667113188	0.996388667113188
PEDS1	quasibinomial	33	6	0.0723233074823284	0.114076925107476	0.530211165552287	NA	-0.0657921251138368	828.923215180267	0.996388667113188	0.996388667113188
NEDD4L	quasibinomial	33	6	0.0538298007722885	0.0849593852687169	0.530464470843892	NA	-0.033605185557542	1807.91553834399	0.996388667113188	0.996388667113188
ZEB1	quasibinomial	33	6	-0.0972718923334083	0.153627408928905	0.530739974023697	NA	0.0866471232170332	386.421439119532	0.996388667113188	0.996388667113188
KDM5C	quasibinomial	33	6	-0.116563437290437	0.184118289994676	0.530790070901767	NA	0.0993578399082005	112.880446351653	0.996388667113188	0.996388667113188
DDX19B	quasibinomial	33	6	0.0824447863337424	0.130262780397407	0.53090536852375	NA	-0.0794609514290609	268.068279928389	0.996388667113188	0.996388667113188
EPB41L4A	quasibinomial	33	6	0.0833731964153057	0.131767586058334	0.531022933200831	NA	-0.0667826044620607	471.47207949759	0.996388667113188	0.996388667113188
RANBP10	quasibinomial	33	6	-0.0912796574298488	0.144285246453799	0.53108480283219	NA	0.0935747053246808	314.063798921269	0.996388667113188	0.996388667113188
PLPPR5	quasibinomial	33	6	-0.0534654767681735	0.0845675536950074	0.531350326494972	NA	0.0471040114297777	466.66965156575	0.996388667113188	0.996388667113188
RGS17	quasibinomial	33	6	0.0604975954617839	0.095706674694861	0.531419689552331	NA	-0.054947519592078	616.9824298593	0.996388667113188	0.996388667113188
SV2C	quasibinomial	33	6	0.122508956925481	0.193841539548691	0.531490084316136	NA	-0.126421718484711	3519.0000010731	0.996388667113188	0.996388667113188
HSPA5	quasibinomial	33	6	0.062641434711045	0.0991602277802532	0.531675036114355	NA	-0.0584428071674503	4164.93578384683	0.996388667113188	0.996388667113188
PIP5K1A	quasibinomial	33	6	0.0498583242583653	0.078955372285997	0.531833050081239	NA	-0.0484404398909846	192.639135626882	0.996388667113188	0.996388667113188
CDC14B	quasibinomial	33	6	-0.132292884848511	0.209501437686181	0.531839168089292	NA	0.128251610961689	94.2781488261345	0.996388667113188	0.996388667113188
UBN2	quasibinomial	33	6	0.198310959208959	0.314162251357085	0.531986415547121	NA	-0.217297921967209	316.482141726873	0.996388667113188	0.996388667113188
RC3H2	quasibinomial	33	6	-0.0884099706457788	0.140110076968219	0.532137457930191	NA	0.085019499080354	553.523457066031	0.996388667113188	0.996388667113188
CLEC2D	quasibinomial	32	6	0.168697082424837	0.267438521269144	0.53227666224808	NA	-0.170110282667739	77.6785585072813	0.996388667113188	0.996388667113188
EP400	quasibinomial	33	6	-0.0790343616935841	0.125393930252994	0.532599693441883	NA	0.0754245150427713	218.726335945659	0.996388667113188	0.996388667113188
RALGPS1	quasibinomial	33	6	0.0698411634316337	0.110849662781864	0.532752013755957	NA	-0.0788254066377356	1092.49255902329	0.996388667113188	0.996388667113188
TSPAN14	quasibinomial	33	6	-0.0652731256563709	0.103681159199393	0.53307327274255	NA	0.0623592545572735	1266.93506540021	0.996388667113188	0.996388667113188
NAXD	quasibinomial	33	6	0.0325403996681263	0.051690501110676	0.533094300552612	NA	-0.0294317126823413	1642.68537053291	0.996388667113188	0.996388667113188
MMAB	quasibinomial	33	6	0.0802856305133039	0.127584849796592	0.53325689593637	NA	-0.0771496574928367	493.932771645006	0.996388667113188	0.996388667113188
SLC12A6	quasibinomial	33	6	-0.0923184718377719	0.146900549973119	0.533794337164717	NA	0.028831812435751	840.491872455764	0.996388667113188	0.996388667113188
BMPR2	quasibinomial	33	6	-0.0789265861669006	0.125639952292563	0.533953211407243	NA	0.0754277936486777	1396.54353639172	0.996388667113188	0.996388667113188
VIRMA	quasibinomial	33	6	-0.150058414048819	0.238875477704559	0.533959553429451	NA	0.206744516653003	73.1218339425907	0.996388667113188	0.996388667113188
MARCHF6	quasibinomial	33	6	-0.07809665176811	0.124352766916785	0.534064263928341	NA	0.0855776064625265	4533.24820756277	0.996388667113188	0.996388667113188
SEC61A1	quasibinomial	33	6	0.0522511365636761	0.083302090923241	0.534567003472577	NA	-0.0477961408380282	3097.30834598932	0.996388667113188	0.996388667113188
ANKRD28	quasibinomial	33	6	0.0918097234815589	0.146418834858026	0.534705563412488	NA	-0.0924127914079896	397.114717261479	0.996388667113188	0.996388667113188
CALM3	quasibinomial	33	6	0.0259829313904093	0.0414543356973153	0.534867887421471	NA	-0.0251261575290886	11785.7875429782	0.996388667113188	0.996388667113188
LRRC28	quasibinomial	33	6	0.0906646257897202	0.144659729438051	0.534894037311144	NA	-0.0936893707073743	184.409245765353	0.996388667113188	0.996388667113188
SRCIN1	quasibinomial	33	6	-0.121383825041744	0.193704668756545	0.534959024539057	NA	0.101174400369346	875.611555827578	0.996388667113188	0.996388667113188
ZNF699	quasibinomial	33	6	0.16346708548567	0.260916975645077	0.53504574629074	NA	-0.25203929633801	75.7399624289402	0.996388667113188	0.996388667113188
ZDHHC24	quasibinomial	33	6	-0.103545679957771	0.165301795452869	0.535114529140064	NA	0.100160168173328	286.165102135757	0.996388667113188	0.996388667113188
REEP3	quasibinomial	33	6	-0.172920547743118	0.27650920453488	0.53578488453703	NA	0.131462111524501	93.4828695528345	0.996388667113188	0.996388667113188
SLC39A10	quasibinomial	33	6	-0.0657627527006738	0.10532505072967	0.536427794321076	NA	0.050547251596201	1028.57443504801	0.996388667113188	0.996388667113188
MAP4	quasibinomial	33	6	-0.0577437139884904	0.092513740117044	0.536567582159412	NA	0.0555211563679737	583.161321084212	0.996388667113188	0.996388667113188
ZCCHC10	quasibinomial	33	6	-0.1376561921238	0.220758538469539	0.536959489403788	NA	0.117847350664288	269.796063770752	0.996388667113188	0.996388667113188
POLR1F	quasibinomial	33	6	-0.104760031031275	0.16804662969315	0.537064302249558	NA	0.100847996674619	179.399522090086	0.996388667113188	0.996388667113188
ZNF280B	quasibinomial	33	6	0.149067871887414	0.239193991010873	0.537187361844331	NA	-0.156993771159992	464.053069321571	0.996388667113188	0.996388667113188
TM2D2	quasibinomial	33	6	0.0591121180449846	0.0949101486490352	0.537438880462533	NA	-0.0506309778964525	1276.53788166479	0.996388667113188	0.996388667113188
ARIH1	quasibinomial	33	6	0.0668404664208214	0.107403833408474	0.537759458275402	NA	-0.0705262321618276	1327.16859146203	0.996388667113188	0.996388667113188
MOSMO	quasibinomial	33	6	0.113529525076079	0.182435565109613	0.537778431079674	NA	-0.107000881300836	219.515962778119	0.996388667113188	0.996388667113188
PSME3	quasibinomial	33	6	0.0285525723176759	0.0459031130202939	0.537961116621013	NA	-0.0275360566732165	1867.18120524964	0.996388667113188	0.996388667113188
TIGD5	quasibinomial	33	6	-0.117234323016653	0.188628222216842	0.538291506681492	NA	0.106379168550868	148.887931914974	0.996388667113188	0.996388667113188
ZNF615	quasibinomial	33	6	-0.10570125883373	0.1702644275206	0.538749018044768	NA	0.145587006044937	231.881149411386	0.996388667113188	0.996388667113188
DLG3	quasibinomial	33	6	0.0739564429081511	0.11918445885369	0.538934818654905	NA	-0.0730034129099856	479.764732353585	0.996388667113188	0.996388667113188
NDRG4	quasibinomial	33	6	0.0308850825742994	0.0498152758711871	0.53927881574099	NA	-0.0238165046927804	15534.3063110321	0.996388667113188	0.996388667113188
TMED10	quasibinomial	33	6	-0.0632446069076495	0.102054812517804	0.5394610939754	NA	0.0587138662799207	2266.10987274565	0.996388667113188	0.996388667113188
KPNA6	quasibinomial	33	6	0.0508055031175726	0.0821839255091125	0.540450606128424	NA	-0.0494356248090471	1206.0414256849	0.996388667113188	0.996388667113188
CWC25	quasibinomial	33	6	-0.191160152468026	0.309368155634455	0.540638028204379	NA	0.170005677042023	81.7696604555379	0.996388667113188	0.996388667113188
RNF130	quasibinomial	33	6	0.110895099463279	0.179520116895503	0.540751622663158	NA	-0.1209565354244	1247.60652887492	0.996388667113188	0.996388667113188
ZNF585B	quasibinomial	33	6	0.161193763402149	0.26176626965043	0.542015482792666	NA	-0.147367238611102	237.32381937509	0.996388667113188	0.996388667113188
WDR89	quasibinomial	33	6	0.100959820921898	0.164034059424877	0.542219012554943	NA	-0.103686288539236	206.338695343257	0.996388667113188	0.996388667113188
ZNF2	quasibinomial	33	6	-0.187709314368814	0.305035461974452	0.542292122050434	NA	0.136293598350949	121.809081434553	0.996388667113188	0.996388667113188
ZNF251	quasibinomial	33	6	-0.0496700121010231	0.0808426487611772	0.542922335590463	NA	0.0391663366235062	539.505773723198	0.996388667113188	0.996388667113188
GRIK2	quasibinomial	33	6	0.0537887324835644	0.0875562391787521	0.542968087632089	NA	-0.0601484524973126	202.187755989874	0.996388667113188	0.996388667113188
RNF213	quasibinomial	33	6	0.134486856405188	0.219015999233571	0.543153031936537	NA	-0.119530631951052	107.676428263801	0.996388667113188	0.996388667113188
PITPNM3	quasibinomial	33	6	0.0894814165425842	0.145896304721608	0.543628929205923	NA	-0.0850197099058557	344.062140978184	0.996388667113188	0.996388667113188
CAB39	quasibinomial	33	6	-0.0286337752572319	0.0466904823802238	0.543664283701465	NA	0.0273800540094262	1450.71126586097	0.996388667113188	0.996388667113188
USB1	quasibinomial	33	6	0.0366076491439373	0.0596953650615263	0.543681839699496	NA	-0.0349478945838352	1778.57485601643	0.996388667113188	0.996388667113188
MPP7	quasibinomial	33	6	0.15628516089945	0.255121094276808	0.54410608362383	NA	-0.161152515471521	65.4631899025927	0.996388667113188	0.996388667113188
CSTF1	quasibinomial	33	6	-0.121666556963911	0.198628786080433	0.544145136073039	NA	0.120989755518868	245.390898658528	0.996388667113188	0.996388667113188
ZMYM6	quasibinomial	33	6	-0.110589277108191	0.180573051264291	0.544208716556596	NA	0.122179327316497	133.183173306566	0.996388667113188	0.996388667113188
ZFP30	quasibinomial	33	6	-0.145807773039098	0.238088790124172	0.544225640610609	NA	0.147384250064636	352.964594905276	0.996388667113188	0.996388667113188
CCDC152	quasibinomial	32	6	-0.195362553228121	0.319311045079875	0.544607594676909	NA	0.187187247830178	53.2420842312404	0.996388667113188	0.996388667113188
ZNF8	quasibinomial	33	6	-0.105516877449749	0.172619301223489	0.544971324100687	NA	0.0963891103304063	376.10118728489	0.996388667113188	0.996388667113188
NEU3	quasibinomial	33	6	0.0933897354594649	0.152830855752336	0.545104377227871	NA	-0.0884187024947037	296.288481686892	0.996388667113188	0.996388667113188
LRATD1	quasibinomial	33	6	0.116199133438463	0.190382391318808	0.545575664363563	NA	0.025256789078423	1218.20039243631	0.996388667113188	0.996388667113188
IPO5	quasibinomial	33	6	-0.0604389990157006	0.0990317202733709	0.545606187404327	NA	0.0605248226926592	613.062830823027	0.996388667113188	0.996388667113188
CDKL1	quasibinomial	33	6	0.102122208511804	0.167331852760045	0.545607439840863	NA	-0.115501653079443	146.363206318976	0.996388667113188	0.996388667113188
TMEM182	quasibinomial	33	6	0.0985216700491048	0.161457836412177	0.545670871813682	NA	-0.0879788400354693	198.494316499321	0.996388667113188	0.996388667113188
DPH3	quasibinomial	33	6	0.0417095561179698	0.0683790877489834	0.545818401117936	NA	-0.0417440896944581	2187.7354429535	0.996388667113188	0.996388667113188
HUWE1	quasibinomial	33	6	0.131626774078622	0.215920844582861	0.546059898571999	NA	-0.106752879289193	633.003136523406	0.996388667113188	0.996388667113188
TTC17	quasibinomial	33	6	-0.0689491925229865	0.113132383142565	0.546158659584194	NA	0.0651897069452139	196.287885683233	0.996388667113188	0.996388667113188
SLCO5A1	quasibinomial	33	6	-0.0767905670325996	0.12600473377986	0.546178181670107	NA	0.0766471494035762	293.205370453224	0.996388667113188	0.996388667113188
LINGO1	quasibinomial	33	6	0.0599735727296694	0.0984860328561991	0.546486751014449	NA	-0.0581009442710118	6580.61845061436	0.996388667113188	0.996388667113188
SP1	quasibinomial	33	6	0.150265487890428	0.246853782035205	0.546639095935444	NA	-0.161436377123319	165.504345296552	0.996388667113188	0.996388667113188
LPGAT1	quasibinomial	33	6	-0.0650907116052548	0.107056147822115	0.547109317600261	NA	0.0638451698309424	1878.07444521356	0.996388667113188	0.996388667113188
INSIG2	quasibinomial	33	6	0.05928088860237	0.0975141599618198	0.547164747859178	NA	-0.0562974462284325	722.792942965911	0.996388667113188	0.996388667113188
NEK7	quasibinomial	33	6	-0.100935583255845	0.166095013098659	0.547310966854774	NA	0.0680917516987051	528.838723288786	0.996388667113188	0.996388667113188
CFL2	quasibinomial	33	6	-0.0394513917726639	0.0649580806733547	0.547548197049663	NA	0.0396528011259457	1967.71655200536	0.996388667113188	0.996388667113188
WTIP	quasibinomial	33	6	0.148837268739339	0.245149726595989	0.547684742973561	NA	-0.142566418809011	63.5785341592444	0.996388667113188	0.996388667113188
ZPR1	quasibinomial	33	6	0.0927424385949628	0.152839487326138	0.547902379968428	NA	-0.0896809981778682	619.579823650681	0.996388667113188	0.996388667113188
PTCD3	quasibinomial	33	6	-0.063170729462172	0.104113867285449	0.547935041640324	NA	0.0598436278046103	479.883507190935	0.996388667113188	0.996388667113188
NDRG3	quasibinomial	33	6	0.0363054766871893	0.0598634353073954	0.548115443775595	NA	-0.0341528163368886	2004.49864072797	0.996388667113188	0.996388667113188
C3orf70	quasibinomial	33	6	-0.100126067514837	0.165115768534732	0.548163008304029	NA	0.0903438972599258	589.339423441716	0.996388667113188	0.996388667113188
LRP8	quasibinomial	33	6	0.0593546238199831	0.097925890251844	0.548347720796495	NA	-0.0563081756180175	597.833923512555	0.996388667113188	0.996388667113188
ZNF548	quasibinomial	33	6	0.0678461182322562	0.111963683573007	0.548447762144536	NA	-0.0614514036111123	246.855556540206	0.996388667113188	0.996388667113188
ADNP2	quasibinomial	33	6	-0.133478940937162	0.22059749495972	0.549029778688602	NA	0.138282571349495	461.531784587301	0.996388667113188	0.996388667113188
COL6A1	quasibinomial	33	6	0.0413122325591482	0.0683072739313819	0.549213217221896	NA	-0.041483094633737	3378.42477061428	0.996388667113188	0.996388667113188
HNRNPH3	quasibinomial	33	6	-0.0722946161071846	0.119591826918552	0.549402815487992	NA	0.0566487205553232	571.963737951737	0.996388667113188	0.996388667113188
FAM131B	quasibinomial	33	6	0.0519669667275539	0.0860026726000381	0.54957569526205	NA	-0.0585154039840485	1912.14742673755	0.996388667113188	0.996388667113188
SORCS1	quasibinomial	33	6	0.12943687044003	0.214214526626963	0.549581488255882	NA	-0.117793251114844	209.072217986981	0.996388667113188	0.996388667113188
ELK4	quasibinomial	33	6	-0.133604396436126	0.221189902498031	0.549721955615136	NA	0.116354967221336	77.9037512659968	0.996388667113188	0.996388667113188
AGPS	quasibinomial	33	6	0.062724272513339	0.103849673446118	0.549744768651675	NA	-0.0637002929854894	1023.20004383559	0.996388667113188	0.996388667113188
ALKBH1	quasibinomial	33	6	-0.136870604739352	0.226621902809201	0.549765056824678	NA	0.175705661168657	306.44710255466	0.996388667113188	0.996388667113188
OGFOD1	quasibinomial	33	6	0.155197616226994	0.257026442037354	0.549857435227837	NA	-0.168553554351731	530.546440408923	0.996388667113188	0.996388667113188
GTPBP3	quasibinomial	33	6	0.0546376533453417	0.0905842010222155	0.550284736001274	NA	-0.0506999640953956	288.655074704953	0.996388667113188	0.996388667113188
CCNYL1	quasibinomial	33	6	-0.105747007221554	0.175436839597795	0.550551653563953	NA	0.116404733243	125.348287061249	0.996388667113188	0.996388667113188
TMEM209	quasibinomial	33	6	0.0783488667817416	0.130008088209684	0.550629201357565	NA	-0.0745299821823604	140.112766062313	0.996388667113188	0.996388667113188
PPM1D	quasibinomial	33	6	-0.092198521613283	0.153007376162275	0.550675535817061	NA	0.0903814950726957	104.05956667571	0.996388667113188	0.996388667113188
TFB1M	quasibinomial	33	6	0.0949812437064966	0.157799156539452	0.551112090901373	NA	-0.0940037662234452	137.686169619486	0.996388667113188	0.996388667113188
KSR2	quasibinomial	33	6	-0.0503960765199263	0.0837506894510328	0.551225956721064	NA	0.0495862129741241	981.426690997557	0.996388667113188	0.996388667113188
GALNT13	quasibinomial	33	6	0.0581639554722086	0.0966927573519993	0.551361238066879	NA	-0.0521429883883839	863.247255148296	0.996388667113188	0.996388667113188
DUSP16	quasibinomial	33	6	0.0873098389454063	0.145413835258046	0.552092576856322	NA	-0.0893884197630262	155.198262654443	0.996388667113188	0.996388667113188
TK2	quasibinomial	33	6	-0.0609154079055435	0.101567162883207	0.552532885234143	NA	0.0584147814499789	355.341822299989	0.996388667113188	0.996388667113188
VASH1	quasibinomial	33	6	0.0860628286648286	0.143581135199571	0.552765469462038	NA	-0.0664206234769346	1199.17474166003	0.996388667113188	0.996388667113188
FBXO30	quasibinomial	33	6	0.109464406635779	0.182692923627879	0.552917412855222	NA	-0.103205100764972	187.104029539373	0.996388667113188	0.996388667113188
ZNF765	quasibinomial	33	6	0.126513749315417	0.21123770990094	0.553085590004264	NA	-0.151867616744192	143.807885683831	0.996388667113188	0.996388667113188
SLC46A3	quasibinomial	33	6	0.143919321815761	0.240316144181207	0.553112977252149	NA	-0.132770532229739	90.5288107947343	0.996388667113188	0.996388667113188
CFAP298	quasibinomial	33	6	0.15471008962027	0.258543843920463	0.553432703585707	NA	-0.150099681390882	284.188921826687	0.996388667113188	0.996388667113188
DCUN1D2	quasibinomial	33	6	0.0622404706076903	0.104017414721735	0.553448720126447	NA	-0.0595558414121516	335.994411092238	0.996388667113188	0.996388667113188
PEX19	quasibinomial	33	6	0.0659174219135979	0.110183649943494	0.553524828901527	NA	-0.0611007749708508	1198.19689802591	0.996388667113188	0.996388667113188
RNF141	quasibinomial	33	6	-0.0609905450845792	0.101973925981758	0.553624486985233	NA	0.0354050478458746	638.628095972534	0.996388667113188	0.996388667113188
TIAM1	quasibinomial	33	6	-0.0747798550325439	0.125048255347966	0.553684803369596	NA	0.0739942569831625	168.824758283004	0.996388667113188	0.996388667113188
ZNF790	quasibinomial	33	6	0.0765651051443907	0.128039232141037	0.553702208448374	NA	-0.0855847173798701	142.626875157056	0.996388667113188	0.996388667113188
FMR1	quasibinomial	33	6	-0.083350289995616	0.139508784589509	0.554049361073449	NA	0.0384380578800698	428.527934263657	0.996388667113188	0.996388667113188
AFF3	quasibinomial	33	6	0.147949085614251	0.247701130230252	0.554159445723402	NA	-0.136965935028894	1017.13213052861	0.996388667113188	0.996388667113188
FAM219B	quasibinomial	33	6	0.0235853840115106	0.0394878799980396	0.554164132957139	NA	-0.0218797786398914	3240.69838045544	0.996388667113188	0.996388667113188
TMCC1	quasibinomial	33	6	0.0782516571113702	0.131109718195761	0.554454968821696	NA	-0.0922614849460766	804.362374939525	0.996388667113188	0.996388667113188
SS18L1	quasibinomial	33	6	-0.0737226181325789	0.12359343262885	0.554684749436459	NA	0.0694646147680992	387.711653762347	0.996388667113188	0.996388667113188
ATP2B3	quasibinomial	33	6	-0.0793564657954186	0.133041256548313	0.554693252985315	NA	0.0720185310911782	211.514413405556	0.996388667113188	0.996388667113188
C15orf61	quasibinomial	33	6	-0.129046999558441	0.216608364748941	0.555167672720466	NA	0.121373659419308	293.469520443132	0.996388667113188	0.996388667113188
ZNF106	quasibinomial	33	6	-0.0666912834454155	0.112032105232752	0.555481256888284	NA	0.0661079525093791	364.271887320346	0.996388667113188	0.996388667113188
PTBP2	quasibinomial	33	6	-0.0576077184224303	0.0968709825692615	0.555879323092064	NA	0.0431909353223184	1253.67386154112	0.996388667113188	0.996388667113188
P2RY1	quasibinomial	33	6	0.136096427301233	0.228931754018251	0.556011724209789	NA	-0.142946400180551	300.630862963341	0.996388667113188	0.996388667113188
TMEM127	quasibinomial	33	6	-0.0502334250641989	0.0846184317131209	0.556566130032573	NA	0.0431242159986639	2966.94463742907	0.996388667113188	0.996388667113188
ESS2	quasibinomial	33	6	0.0939535591070154	0.158266595879254	0.556569605266587	NA	-0.0885655389753203	301.292446353866	0.996388667113188	0.996388667113188
UBL3	quasibinomial	33	6	-0.0670379229082114	0.112993834825478	0.556802999154149	NA	0.0649352040932312	774.460290344008	0.996388667113188	0.996388667113188
AGK	quasibinomial	33	6	0.0772087640422653	0.130250181078679	0.557144139626431	NA	-0.0859434618864655	839.274817822026	0.996388667113188	0.996388667113188
B4GALT5	quasibinomial	33	6	0.0862485459653835	0.145589868727308	0.557385859566021	NA	-0.0607310174998358	1288.98644156663	0.996388667113188	0.996388667113188
MBTPS2	quasibinomial	33	6	-0.0544028305023328	0.0918403656233061	0.557415418735716	NA	0.0595432569879176	988.759544290124	0.996388667113188	0.996388667113188
SOCS5	quasibinomial	33	6	-0.101264958209452	0.170979149412564	0.557480297405726	NA	0.138471149899295	537.859168684077	0.996388667113188	0.996388667113188
LARP1	quasibinomial	33	6	-0.0490022205284685	0.0830363201046629	0.558894648266733	NA	0.0485588893630366	1899.02607086069	0.996388667113188	0.996388667113188
ITCH	quasibinomial	33	6	-0.0905375895246244	0.153445943185318	0.558961434502802	NA	0.0846633849209302	110.21485728896	0.996388667113188	0.996388667113188
WDR44	quasibinomial	33	6	-0.157061331291128	0.266361634832253	0.559209885200072	NA	0.132487550947262	152.633885704021	0.996388667113188	0.996388667113188
YWHAE	quasibinomial	33	6	0.0271385666130581	0.0460331689181088	0.559283316171282	NA	-0.0235565841982415	9397.6045606708	0.996388667113188	0.996388667113188
FAM104A	quasibinomial	33	6	-0.0407963073158815	0.0692114553978053	0.55934916912928	NA	0.0368374766491786	718.345297925102	0.996388667113188	0.996388667113188
FAIM2	quasibinomial	33	6	-0.0588546187566074	0.0999415944592952	0.559716823083601	NA	0.0574938311277536	2400.58365192866	0.996388667113188	0.996388667113188
ACAP2	quasibinomial	33	6	-0.104392779740764	0.177419483188142	0.560045172585895	NA	0.103882722385326	105.718066989413	0.996388667113188	0.996388667113188
FBRSL1	quasibinomial	33	6	0.0876249963734279	0.148943876345208	0.560102520753157	NA	-0.0855504605563616	297.768414689593	0.996388667113188	0.996388667113188
CD164	quasibinomial	33	6	0.0305958922811708	0.0520371834215596	0.560332625266437	NA	-0.0237871424531266	1161.183980948	0.996388667113188	0.996388667113188
GORAB	quasibinomial	33	6	-0.175183368549246	0.298146758960843	0.560590076008401	NA	0.218114936246233	89.7561086769008	0.996388667113188	0.996388667113188
SPPL3	quasibinomial	33	6	0.0866045703164126	0.147464640236556	0.560778551687144	NA	-0.0811529437675253	2056.05610039041	0.996388667113188	0.996388667113188
JDP2	quasibinomial	33	6	-0.0682290921189712	0.1162225507894	0.560934527290301	NA	0.0654307566185024	141.057118185218	0.996388667113188	0.996388667113188
DNAAF9	quasibinomial	33	6	-0.0879872494902632	0.150251409472301	0.561901479342099	NA	0.083840123737758	1051.43769177783	0.996388667113188	0.996388667113188
ANXA11	quasibinomial	32	6	-0.188092640044949	0.3219505550539	0.56281368121458	NA	0.170089957460709	87.6367294523863	0.996388667113188	0.996388667113188
PHF24	quasibinomial	33	6	0.0672385075509058	0.115113958216122	0.562896494558991	NA	-0.0665556632998779	2304.31242598743	0.996388667113188	0.996388667113188
MRPL50	quasibinomial	33	6	0.0763050603501267	0.130720826282584	0.563148338168275	NA	-0.0749964530321731	519.866730632862	0.996388667113188	0.996388667113188
PHTF2	quasibinomial	33	6	0.156452695824327	0.268044365289484	0.563177125277961	NA	-0.103296662925012	263.85891797032	0.996388667113188	0.996388667113188
APEH	quasibinomial	33	6	0.0760619910741095	0.130375758697653	0.56336090993287	NA	-0.0996018486691344	657.606343984882	0.996388667113188	0.996388667113188
MIEF1	quasibinomial	33	6	-0.0945355163001369	0.162198373269426	0.563738387044793	NA	0.0667317306060617	1914.0681740313	0.996388667113188	0.996388667113188
TLK2	quasibinomial	33	6	0.121662981335168	0.208840698215102	0.563921694759796	NA	-0.123279351726417	283.201874229647	0.996388667113188	0.996388667113188
HINT3	quasibinomial	33	6	-0.0522660336186216	0.0897213749240416	0.563939286459437	NA	0.0513515118350672	836.404202369501	0.996388667113188	0.996388667113188
ARL4A	quasibinomial	33	6	-0.0987062308494573	0.169515805389898	0.564108302302886	NA	0.106202588774277	406.519434340992	0.996388667113188	0.996388667113188
UBE2QL1	quasibinomial	33	6	0.0352969513902444	0.0606249706257548	0.564151800902595	NA	-0.0345806899033891	2528.82384289721	0.996388667113188	0.996388667113188
PRPF38A	quasibinomial	33	6	0.0619652337418265	0.106662192060055	0.564997706428393	NA	-0.0463380698190686	427.511728229906	0.996388667113188	0.996388667113188
RBM19	quasibinomial	33	6	0.0972639923934212	0.167463390925649	0.565091652715208	NA	-0.090157604405754	85.4165482849687	0.996388667113188	0.996388667113188
HTT	quasibinomial	33	6	0.0554349509935598	0.0955757194009111	0.565622829962886	NA	-0.0519273372355608	537.964555038699	0.996388667113188	0.996388667113188
C11orf1	quasibinomial	33	6	-0.14651364417103	0.252625696779191	0.565654488557324	NA	0.136122993084483	245.616212607146	0.996388667113188	0.996388667113188
KIF3A	quasibinomial	33	6	0.0746396719516242	0.128917333572107	0.566315072919748	NA	-0.0722354138840657	902.564756894409	0.996388667113188	0.996388667113188
OARD1	quasibinomial	33	6	0.109668027201839	0.18947480794355	0.566430579123413	NA	-0.102657861501679	393.280025827879	0.996388667113188	0.996388667113188
ZNF611	quasibinomial	33	6	0.0646482811373519	0.111803839474087	0.566811391999035	NA	-0.0558251347792296	447.531513154679	0.996388667113188	0.996388667113188
CAVIN1	quasibinomial	33	6	0.124757322328865	0.215967945424038	0.56718771583245	NA	-0.131772366072154	188.815471357863	0.996388667113188	0.996388667113188
HEY1	quasibinomial	33	6	-0.0805384890781216	0.139668271792732	0.567872208011394	NA	0.0776403092810229	400.166530327306	0.996388667113188	0.996388667113188
NIPAL3	quasibinomial	33	6	0.0484781856585061	0.0841291057217404	0.568143316019097	NA	-0.0413456727624604	1836.53688828446	0.996388667113188	0.996388667113188
KIF1B	quasibinomial	33	6	0.0625614290349061	0.108642370719249	0.568402796691027	NA	-0.0591299220547945	4321.79615348896	0.996388667113188	0.996388667113188
UBE3C	quasibinomial	33	6	0.0487726966255699	0.0848122534609817	0.568924903210893	NA	-0.0472897918051427	521.736422098198	0.996388667113188	0.996388667113188
G3BP1	quasibinomial	33	6	-0.0965455594051115	0.167963841591339	0.569103474801756	NA	0.0901625693751458	870.621150846091	0.996388667113188	0.996388667113188
SCAMP5	quasibinomial	33	6	-0.098162247658429	0.170819711768412	0.569200852312455	NA	0.116375751865167	2537.57955388681	0.996388667113188	0.996388667113188
KLHDC10	quasibinomial	33	6	-0.0815342540498285	0.141885566446625	0.569204946808284	NA	0.0628749769838844	1176.00989892095	0.996388667113188	0.996388667113188
RBFA	quasibinomial	33	6	0.114989337581534	0.200414580891785	0.569800941201047	NA	-0.112055612864337	222.124657053925	0.996388667113188	0.996388667113188
ADCYAP1	quasibinomial	33	6	0.0515753428190911	0.0900051143773254	0.570290036248685	NA	-0.0528130523756432	1219.61254804863	0.996388667113188	0.996388667113188
MIGA1	quasibinomial	33	6	0.0654618615028145	0.114262473533964	0.570369731988783	NA	-0.0564133820139366	465.229588595335	0.996388667113188	0.996388667113188
SEC62	quasibinomial	33	6	0.0646464582726234	0.113164577300564	0.571473398820269	NA	-0.0709593952908643	1485.93383135171	0.996388667113188	0.996388667113188
PLPP3	quasibinomial	33	6	-0.120157256254709	0.210503880405061	0.571776929772388	NA	0.0900649381252189	82.4802264223928	0.996388667113188	0.996388667113188
SLC5A3	quasibinomial	33	6	-0.161025565280556	0.28222827594752	0.571949268549981	NA	0.138252062960169	857.727503803109	0.996388667113188	0.996388667113188
RSL1D1	quasibinomial	33	6	0.0901419959544535	0.158016532699461	0.572010642507672	NA	-0.0838243346832344	622.260870969695	0.996388667113188	0.996388667113188
FAM126B	quasibinomial	33	6	-0.0877628906321133	0.153909411142244	0.572168214958786	NA	0.112982312627937	711.663518831978	0.996388667113188	0.996388667113188
PRSS23	quasibinomial	33	6	-0.102899209499704	0.18055762565917	0.572387933373482	NA	0.139142952634439	579.426085333141	0.996388667113188	0.996388667113188
LHFPL6	quasibinomial	33	6	-0.0581696601557552	0.102129080989612	0.572607181423231	NA	0.0639547812351503	1236.72262766338	0.996388667113188	0.996388667113188
FKBP15	quasibinomial	33	6	-0.0760645941320872	0.133763065448948	0.573223512623841	NA	0.0698204502746447	377.409865201734	0.996388667113188	0.996388667113188
SINHCAF	quasibinomial	33	6	-0.0674666659277686	0.118693897390075	0.573386534327671	NA	0.0590352031151392	163.801554658837	0.996388667113188	0.996388667113188
DRP2	quasibinomial	33	6	-0.128411215192787	0.225962699731808	0.573469711891131	NA	0.121945699029751	127.641754032033	0.996388667113188	0.996388667113188
ITSN1	quasibinomial	33	6	-0.11023795313282	0.194035279033769	0.573571416011484	NA	0.108989047395726	642.418979083437	0.996388667113188	0.996388667113188
SLC49A4	quasibinomial	33	6	0.102747506629261	0.18087881596538	0.573630146127767	NA	-0.0918445508846364	206.104464950165	0.996388667113188	0.996388667113188
KRIT1	quasibinomial	33	6	0.0924974098840463	0.162952441132708	0.573906676556324	NA	-0.0723289983977654	59.1755496713427	0.996388667113188	0.996388667113188
ARHGAP24	quasibinomial	33	6	0.0942891821453785	0.166125197557051	0.573943851435712	NA	-0.0925258662256945	113.834924127159	0.996388667113188	0.996388667113188
PNMA8B	quasibinomial	33	6	-0.184481510051715	0.325175113025075	0.574111346661021	NA	0.170067988803051	664.100097576297	0.996388667113188	0.996388667113188
MAK16	quasibinomial	33	6	-0.0538101142955394	0.0948558900589015	0.574142883809917	NA	0.0450237120090453	400.660823551004	0.996388667113188	0.996388667113188
URM1	quasibinomial	33	6	0.0686693755283747	0.12136627456538	0.575137696985909	NA	-0.0709340704489635	1394.50645349402	0.996388667113188	0.996388667113188
ZNF710	quasibinomial	33	6	0.0731135892589752	0.129337646768551	0.575480950788039	NA	-0.0683973833056413	188.480672493097	0.996388667113188	0.996388667113188
SUMO2	quasibinomial	33	6	0.1035381233554	0.183315798284397	0.575807219688005	NA	-0.119986164963102	2180.7061839632	0.996388667113188	0.996388667113188
ABCE1	quasibinomial	33	6	0.0431457791130043	0.0764728072091237	0.576217560225226	NA	-0.0409931856592815	298.13381531073	0.996388667113188	0.996388667113188
SHFL	quasibinomial	33	6	0.0333845147965945	0.0591837002191922	0.576294789210118	NA	-0.029939232512671	640.292143642662	0.996388667113188	0.996388667113188
PITPNM2	quasibinomial	33	6	0.067209772727671	0.119212443942594	0.576497689421857	NA	-0.067712749359271	334.735961112555	0.996388667113188	0.996388667113188
TMED8	quasibinomial	33	6	-0.0664074259596473	0.117878153747271	0.57678385147616	NA	0.0246126626612599	1053.60408496	0.996388667113188	0.996388667113188
STS	quasibinomial	33	6	-0.0775873809818946	0.137751822550199	0.576862098317723	NA	0.0791728701744958	644.271232918657	0.996388667113188	0.996388667113188
XRN1	quasibinomial	33	6	0.115281873735528	0.204740546000348	0.576981364468484	NA	-0.116961035314941	121.696318801783	0.996388667113188	0.996388667113188
NFIB	quasibinomial	33	6	0.0679612729948853	0.120887454957786	0.577572127472404	NA	-0.0635807050070503	201.168553825826	0.996388667113188	0.996388667113188
SPIRE2	quasibinomial	33	6	-0.0456561836902135	0.0812495319586941	0.577747893586621	NA	0.0445025586410366	425.57936101625	0.996388667113188	0.996388667113188
PPP1R3B	quasibinomial	33	6	-0.113958043501863	0.202825880964594	0.577797705653534	NA	0.108311614182341	84.1989509093025	0.996388667113188	0.996388667113188
KRAS	quasibinomial	33	6	-0.0735304297315429	0.130909130937343	0.577906206749687	NA	0.0706527358878261	948.018840915413	0.996388667113188	0.996388667113188
NOM1	quasibinomial	33	6	0.148130731602028	0.263849971671123	0.578088418544915	NA	-0.13992816691898	62.0169787629911	0.996388667113188	0.996388667113188
EFR3B	quasibinomial	33	6	0.0393921523692415	0.070205521115101	0.578305960903064	NA	-0.0368464930030965	3670.99690397013	0.996388667113188	0.996388667113188
RNF11	quasibinomial	33	6	-0.0552993693528443	0.0985909877508721	0.578441392169657	NA	0.0545394464454719	1671.83138482395	0.996388667113188	0.996388667113188
TOR1AIP2	quasibinomial	31	6	-0.188465240607974	0.336015984584965	0.578451525557246	NA	0.169200830817388	220.122491564963	0.996388667113188	0.996388667113188
LYNX1	quasibinomial	33	6	0.0618864917291749	0.110404489335321	0.578679828291167	NA	-0.058459117444725	823.712878514131	0.996388667113188	0.996388667113188
DYRK3	quasibinomial	33	6	-0.106698616381517	0.190387277657204	0.57875666417781	NA	0.0901583208117868	202.852440239443	0.996388667113188	0.996388667113188
ADH5	quasibinomial	33	6	0.0465626915126693	0.0830843971402488	0.578758631719233	NA	-0.0459590803189836	961.691651088599	0.996388667113188	0.996388667113188
FOXJ2	quasibinomial	33	6	0.0717520444989767	0.128041309377761	0.57878859970237	NA	-0.0661646259683304	282.170123971542	0.996388667113188	0.996388667113188
DPY19L4	quasibinomial	33	6	0.12456603011776	0.222694657459734	0.57947956003293	NA	-0.138649823853553	97.5906338773794	0.996388667113188	0.996388667113188
FAM136A	quasibinomial	33	6	-0.0397597804070103	0.0710992304031039	0.579575825658784	NA	0.036289994567437	973.836590436616	0.996388667113188	0.996388667113188
PPM1F	quasibinomial	33	6	0.0657033861308432	0.117502052163258	0.579607789308012	NA	-0.0564047307853211	360.888425047778	0.996388667113188	0.996388667113188
RC3H1	quasibinomial	33	6	-0.0859965571125205	0.154100942260528	0.58036038179682	NA	0.0841929457997267	351.996683364079	0.996388667113188	0.996388667113188
SLC25A46	quasibinomial	33	6	-0.088249600632756	0.158168661063455	0.580432813635477	NA	0.0706534094441298	1042.76384862654	0.996388667113188	0.996388667113188
DNAJC16	quasibinomial	33	6	-0.0656737829229533	0.117713537500372	0.580455973697277	NA	0.0677477528402542	380.070904869251	0.996388667113188	0.996388667113188
POLK	quasibinomial	33	6	0.112452842963044	0.201620025676973	0.580567773115223	NA	-0.0913351283903184	153.368022861358	0.996388667113188	0.996388667113188
MRI1	quasibinomial	33	6	-0.0731917928577977	0.131263278367888	0.58066982335334	NA	0.0712489442801802	139.174424692434	0.996388667113188	0.996388667113188
SMIM19	quasibinomial	33	6	0.0708714341050871	0.127131291806523	0.580756887659259	NA	-0.0734884393214246	444.194709329087	0.996388667113188	0.996388667113188
CDC40	quasibinomial	33	6	-0.0878508438683173	0.157600889848401	0.580784197073912	NA	0.0837485842649983	69.2955253256654	0.996388667113188	0.996388667113188
PCSK2	quasibinomial	33	6	-0.0726341133731987	0.130346683260467	0.580911337212024	NA	0.0788763088754774	1103.58423961648	0.996388667113188	0.996388667113188
PIP5K1C	quasibinomial	33	6	0.0451067708565925	0.080953991100953	0.580943575058762	NA	-0.0393079013255767	2188.08715269664	0.996388667113188	0.996388667113188
KLF10	quasibinomial	33	6	-0.0888014712612214	0.15939798332966	0.581000910654691	NA	0.109196051834858	193.873723913368	0.996388667113188	0.996388667113188
RPS6KC1	quasibinomial	33	6	0.111672406635978	0.200458746756309	0.581015191970834	NA	-0.118213183249967	478.46098736698	0.996388667113188	0.996388667113188
UTP23	quasibinomial	33	6	-0.129875943251752	0.233196235807293	0.581113736553607	NA	0.132841461611243	162.242098985882	0.996388667113188	0.996388667113188
DDAH1	quasibinomial	33	6	-0.0408303365760627	0.073349514991793	0.581305655292065	NA	0.0383895117839591	1892.08351605817	0.996388667113188	0.996388667113188
KLHL8	quasibinomial	33	6	0.0824332999691725	0.148121726500988	0.581393845275918	NA	-0.0872510994774317	468.251705128847	0.996388667113188	0.996388667113188
SANBR	quasibinomial	33	6	0.0652535449047317	0.117379057391542	0.581801224102355	NA	-0.0572359626755872	312.360373694547	0.996388667113188	0.996388667113188
HDAC2	quasibinomial	33	6	0.0898984292931111	0.161761054896386	0.581918385373186	NA	-0.0589774274197335	719.657353464544	0.996388667113188	0.996388667113188
ZNF26	quasibinomial	33	6	-0.110179538768955	0.198516880469771	0.582415480159544	NA	0.085384174896585	237.676487250171	0.996388667113188	0.996388667113188
HIVEP2	quasibinomial	33	6	0.0773534853447056	0.139401540270362	0.582494328251751	NA	-0.0757682610599249	288.305196786605	0.996388667113188	0.996388667113188
FMC1	quasibinomial	33	6	-0.10022443816647	0.180625991732883	0.582510692819094	NA	0.0968579885581049	1058.67901980168	0.996388667113188	0.996388667113188
ZNF510	quasibinomial	33	6	0.0640503080769111	0.115445825465896	0.582554260255708	NA	-0.0605637781415614	227.877271972663	0.996388667113188	0.996388667113188
BNC2	quasibinomial	33	6	-0.0635943152475642	0.114765110329556	0.583016184366011	NA	0.0569145651759725	1389.85043491034	0.996388667113188	0.996388667113188
TTC21B	quasibinomial	33	6	0.136973459458533	0.247313649112142	0.583206240054187	NA	-0.174358623786928	73.9729528501648	0.996388667113188	0.996388667113188
SUPT6H	quasibinomial	28	5	0.208353774238886	0.376259787011839	0.583270797350255	NA	-0.249610670655314	235.010142390396	0.996388667113188	0.996388667113188
ING3	quasibinomial	33	6	0.138744325212679	0.250712493502014	0.58350756973515	NA	-0.133371317496473	128.012913195691	0.996388667113188	0.996388667113188
AK1	quasibinomial	33	6	0.0467972269165072	0.0848716410852968	0.584870828008037	NA	-0.047048616997184	837.762874759702	0.996388667113188	0.996388667113188
ORC2	quasibinomial	33	6	0.110621113557562	0.200834183733287	0.585264178726291	NA	-0.111792087022344	61.8893817469771	0.996388667113188	0.996388667113188
RBM18	quasibinomial	33	6	-0.0448518491782725	0.0814697190867333	0.585450163686881	NA	0.0398894649116162	746.245050047429	0.996388667113188	0.996388667113188
BLACAT1	quasibinomial	33	6	-0.114644985714996	0.208361193174131	0.585661569924071	NA	0.131740866214834	148.177877185558	0.996388667113188	0.996388667113188
TOB2	quasibinomial	33	6	-0.103001198298	0.187347632225417	0.585957307362607	NA	0.0986206309455067	287.483139301557	0.996388667113188	0.996388667113188
MAGI1	quasibinomial	33	6	-0.0865121952774835	0.157436446808981	0.586147999743788	NA	0.0859630561723647	348.415222415487	0.996388667113188	0.996388667113188
SRFBP1	quasibinomial	33	6	-0.096310937315966	0.175355955233947	0.586334287109311	NA	0.0920737983072418	58.4408965372365	0.996388667113188	0.996388667113188
MED12L	quasibinomial	33	6	0.244964427078657	0.446163151562936	0.586459408609846	NA	-0.272160814909194	115.980715302189	0.996388667113188	0.996388667113188
EXD2	quasibinomial	33	6	-0.0431507541735487	0.0786156010307381	0.586570689638503	NA	0.0392524842515886	298.154979700762	0.996388667113188	0.996388667113188
GPN1	quasibinomial	33	6	0.0352545348997638	0.0642418912444586	0.586641888940306	NA	-0.0328781664054693	716.662989131984	0.996388667113188	0.996388667113188
WDR5B	quasibinomial	33	6	-0.107131461503817	0.195324479122592	0.586844604674104	NA	0.115695776519738	138.185225331176	0.996388667113188	0.996388667113188
OSBPL11	quasibinomial	33	6	-0.0942942830227324	0.171933065362079	0.586874105677427	NA	0.0931272129673735	91.5803959561807	0.996388667113188	0.996388667113188
OSBP	quasibinomial	33	6	-0.0432077839186691	0.0787969221075035	0.586936893978869	NA	0.0549062563565035	826.111729161132	0.996388667113188	0.996388667113188
EIF1AX	quasibinomial	33	6	0.0812825844660723	0.148260922619356	0.587007147210443	NA	-0.0762404419424478	846.419008385197	0.996388667113188	0.996388667113188
DCUN1D1	quasibinomial	33	6	0.0626802520284835	0.114330550798209	0.58700917694786	NA	-0.0716980320780576	661.330342694411	0.996388667113188	0.996388667113188
ADPGK	quasibinomial	33	6	-0.0407158875012407	0.0743112033912866	0.58723104629359	NA	0.0396354733292767	588.147109217879	0.996388667113188	0.996388667113188
TBC1D12	quasibinomial	33	6	0.14261476154391	0.260438744420584	0.587445882533889	NA	-0.133300525084444	234.177746778959	0.996388667113188	0.996388667113188
LANCL1	quasibinomial	33	6	0.0360360948110254	0.0658232374563368	0.587531891821805	NA	-0.0317648811261559	2353.21642962478	0.996388667113188	0.996388667113188
NKAIN1	quasibinomial	33	6	0.0316201165819607	0.0578078526753561	0.587858869144798	NA	-0.0295221861525073	2444.61050828785	0.996388667113188	0.996388667113188
C1orf52	quasibinomial	33	6	0.0618572056016479	0.113208870391991	0.588258305991501	NA	-0.0602672245992461	708.627081886553	0.996388667113188	0.996388667113188
FGF18	quasibinomial	33	6	-0.0962370242986285	0.176152675007562	0.588306972624777	NA	0.0774876262312005	233.679893269995	0.996388667113188	0.996388667113188
KLHL18	quasibinomial	33	6	-0.0695777881444896	0.127446389071568	0.588571934078804	NA	0.0647314873194422	701.957906009328	0.996388667113188	0.996388667113188
GPRIN3	quasibinomial	33	6	-0.104020949350479	0.190797104699645	0.589079539289933	NA	0.113969258536492	1192.55231549096	0.996388667113188	0.996388667113188
FBXW8	quasibinomial	33	6	0.0843835444016661	0.154963026828631	0.589522926953084	NA	-0.0834950720015898	222.937027585301	0.996388667113188	0.996388667113188
SMAD4	quasibinomial	33	6	0.0606543416162418	0.111398163124879	0.589562017512703	NA	-0.0544852714277967	285.213596976285	0.996388667113188	0.996388667113188
PLEKHA2	quasibinomial	33	6	0.146787392378592	0.269782188231518	0.589825093641387	NA	-0.147337045217731	74.3844029752775	0.996388667113188	0.996388667113188
DENND1B	quasibinomial	33	6	-0.0946259457597422	0.174035878380715	0.590084338132717	NA	0.0959017458825489	166.612396323188	0.996388667113188	0.996388667113188
RBM15B	quasibinomial	33	6	0.0615366320987295	0.113196400484023	0.590144294293461	NA	-0.0551976011276593	1953.15477093141	0.996388667113188	0.996388667113188
POLR3E	quasibinomial	31	6	0.148613012406398	0.273508968797249	0.59032823768105	NA	-0.147327657082398	185.698132946854	0.996388667113188	0.996388667113188
ACVR2B	quasibinomial	33	6	-0.122391589483913	0.225743945712051	0.591136915242498	NA	0.132223178580087	780.479517994009	0.996388667113188	0.996388667113188
LONRF2	quasibinomial	33	6	-0.0877854495735988	0.161979691761454	0.591284497190174	NA	0.0929292602525043	2406.9547198694	0.996388667113188	0.996388667113188
STARD13	quasibinomial	33	6	-0.0898821360973313	0.165890142334365	0.591377336090793	NA	0.0830919971769769	96.0030254985063	0.996388667113188	0.996388667113188
VEZF1	quasibinomial	33	6	-0.0653937018057733	0.120795501062859	0.591689878316381	NA	0.0647041348172167	291.7651472808	0.996388667113188	0.996388667113188
CYB5D1	quasibinomial	33	6	-0.0540475726773232	0.0998525112855215	0.591747633076924	NA	0.0516658542823977	384.329036505625	0.996388667113188	0.996388667113188
FBXO45	quasibinomial	33	6	-0.0913330839413446	0.168749726453813	0.591774959296663	NA	0.0880103916452609	572.915396075667	0.996388667113188	0.996388667113188
LRRC7	quasibinomial	33	6	-0.0612696684421748	0.113240866731876	0.591896202079651	NA	0.0521558032614458	535.454185942591	0.996388667113188	0.996388667113188
SPECC1	quasibinomial	33	6	-0.114747279314426	0.212122036758932	0.59196903392434	NA	0.0979923630042324	144.075983694067	0.996388667113188	0.996388667113188
SF3A1	quasibinomial	33	6	0.060611779224042	0.112159532199165	0.592339052534326	NA	-0.0580999779644006	339.378976311968	0.996388667113188	0.996388667113188
TCEANC	quasibinomial	33	6	-0.0828144378550328	0.153256821992867	0.592368421712066	NA	0.0802270933704591	76.5068837140921	0.996388667113188	0.996388667113188
GPATCH2L	quasibinomial	33	6	-0.0892752659225801	0.165289907991799	0.592539361452428	NA	0.116970734828138	905.930133729465	0.996388667113188	0.996388667113188
SLC7A14	quasibinomial	33	6	-0.0598687649861468	0.110879833647887	0.592655661878261	NA	0.0236137913815765	414.01561161492	0.996388667113188	0.996388667113188
STK39	quasibinomial	33	6	-0.0346461354845276	0.064171479792151	0.592685342202291	NA	0.0348227929174378	472.989472564481	0.996388667113188	0.996388667113188
TMEM192	quasibinomial	33	6	0.123450009511404	0.228741955430019	0.592827362210305	NA	-0.143096489664713	432.169923566527	0.996388667113188	0.996388667113188
TIMP2	quasibinomial	33	6	-0.0888046189326619	0.164606707914912	0.592960717848509	NA	0.0381526126002274	2007.03441041359	0.996388667113188	0.996388667113188
HEATR3	quasibinomial	32	6	-0.170269050217673	0.315743037328852	0.593118468717738	NA	0.153341005591228	71.6375697024714	0.996388667113188	0.996388667113188
BAZ2A	quasibinomial	33	6	-0.0862535477186179	0.16007386041985	0.593411120598681	NA	0.0820663237014753	178.900228009638	0.996388667113188	0.996388667113188
TMCC3	quasibinomial	33	6	-0.0682564960883742	0.126704153936968	0.593498712059846	NA	0.0673856146970762	352.800146764126	0.996388667113188	0.996388667113188
TMEM151B	quasibinomial	33	6	0.0702805993976863	0.13048609911739	0.593568096413528	NA	-0.0782752729035988	1035.67575341738	0.996388667113188	0.996388667113188
ZNF382	quasibinomial	33	6	0.114785978853616	0.213131578305706	0.593593642814919	NA	-0.107102507116192	313.048364127774	0.996388667113188	0.996388667113188
STX16	quasibinomial	33	6	-0.0824680902526312	0.153178012417352	0.593721944642588	NA	0.0731203654372006	651.678508818095	0.996388667113188	0.996388667113188
CXADR	quasibinomial	33	6	-0.0659011001912318	0.122449126476467	0.593851061653654	NA	0.0688250222814002	4495.50347646818	0.996388667113188	0.996388667113188
RNF115	quasibinomial	33	6	0.0812722920223629	0.151070913550333	0.593999428393998	NA	-0.077890530786414	444.073121500341	0.996388667113188	0.996388667113188
TM2D1	quasibinomial	32	6	0.15597495487634	0.289942364240084	0.594015047456531	NA	-0.14265504470484	78.6535556042626	0.996388667113188	0.996388667113188
IL13RA1	quasibinomial	33	6	0.0640992587838635	0.119280255548924	0.594403052704441	NA	-0.0587775274294788	210.509832021031	0.996388667113188	0.996388667113188
DOCK4	quasibinomial	33	6	-0.0849306911799987	0.158050861984434	0.594417135645276	NA	0.0925430526392426	186.703926999191	0.996388667113188	0.996388667113188
SLC36A1	quasibinomial	33	6	0.0567379171323831	0.105586881489239	0.594420825391187	NA	-0.0554506807177447	645.641341412357	0.996388667113188	0.996388667113188
KLHL20	quasibinomial	33	6	0.0971190658995088	0.180939719757508	0.594837332678197	NA	-0.0825457433098293	201.21974608974	0.996388667113188	0.996388667113188
RNF150	quasibinomial	33	6	-0.0701491535607081	0.130753508449031	0.595007526156762	NA	0.0247634816647039	1043.69340850902	0.996388667113188	0.996388667113188
SLC25A16	quasibinomial	33	6	0.102033336879691	0.190274288131977	0.595182392172516	NA	-0.0996350492168418	81.3678576291027	0.996388667113188	0.996388667113188
C19orf47	quasibinomial	33	6	-0.11108083653324	0.207380059991754	0.595595755325894	NA	0.113397134910063	201.832433112167	0.996388667113188	0.996388667113188
VPS13D	quasibinomial	33	6	0.0597493240871783	0.111553856235888	0.59561577801911	NA	-0.0571115999932381	185.843083659128	0.996388667113188	0.996388667113188
ZNF260	quasibinomial	33	6	-0.0677191223433178	0.126568491886896	0.596005916440801	NA	0.0599877747280015	589.595066751431	0.996388667113188	0.996388667113188
RNF152	quasibinomial	33	6	-0.100211927062143	0.187301118644458	0.596011540986803	NA	0.0605469509329212	440.09903995843	0.996388667113188	0.996388667113188
RNF170	quasibinomial	33	6	0.0953346122151918	0.178193976408422	0.596029626267722	NA	-0.0983328974475927	494.143764076298	0.996388667113188	0.996388667113188
SPCS1	quasibinomial	33	6	-0.124510851070038	0.232907455367838	0.596310865596249	NA	0.198537410931786	2251.21536112855	0.996388667113188	0.996388667113188
SLC10A7	quasibinomial	33	6	0.0760833949726553	0.142371813626987	0.596443897531366	NA	-0.0728444795812416	83.3099973295865	0.996388667113188	0.996388667113188
MAN2A1	quasibinomial	33	6	-0.0844764881264123	0.158208079389136	0.596745868628033	NA	0.0739370761502151	291.459451533087	0.996388667113188	0.996388667113188
NOPCHAP1	quasibinomial	33	6	0.0784834121596302	0.147005309532787	0.59679833305028	NA	-0.0817388655983572	374.732088593848	0.996388667113188	0.996388667113188
IGF2BP1	quasibinomial	33	6	-0.137776063181444	0.258116009978116	0.59687072683333	NA	0.127059199025746	60.1484103780561	0.996388667113188	0.996388667113188
TMTC2	quasibinomial	33	6	-0.183836138413892	0.345567665707107	0.598098666789031	NA	0.161198938634174	110.95686370012	0.996388667113188	0.996388667113188
TOMM70	quasibinomial	33	6	0.0366022441962496	0.0688317136491764	0.598248619205377	NA	-0.030886571142205	973.409786744568	0.996388667113188	0.996388667113188
DHCR24	quasibinomial	33	6	-0.035231570475051	0.0662593472814994	0.598277388834782	NA	0.0303948295066473	5376.14084097664	0.996388667113188	0.996388667113188
YPEL2	quasibinomial	33	6	-0.0943561455725674	0.177667279458537	0.598715335072905	NA	0.090786861297148	176.263997599116	0.996388667113188	0.996388667113188
GCNT2	quasibinomial	33	6	-0.0899276013220284	0.169345670833856	0.598752081707914	NA	0.0880214638288122	148.081485482251	0.996388667113188	0.996388667113188
TSPYL1	quasibinomial	33	6	-0.110658953246059	0.208422460491479	0.598816525271495	NA	0.123289104615094	3108.53868258011	0.996388667113188	0.996388667113188
SPON1	quasibinomial	33	6	-0.095626600777963	0.180157859534946	0.598914203844459	NA	0.0980423335997968	1082.62869877197	0.996388667113188	0.996388667113188
SLC30A6	quasibinomial	33	6	0.0723865316535517	0.13647078931034	0.599171809307243	NA	-0.070980115205572	265.785933735454	0.996388667113188	0.996388667113188
MTRR	quasibinomial	33	6	0.0680894772222991	0.128622483865003	0.599887498497824	NA	-0.0599687213253097	104.878536045517	0.996388667113188	0.996388667113188
MEX3D	quasibinomial	33	6	-0.117191446470437	0.221489187730182	0.600071267747443	NA	0.129487516003197	76.8390523476368	0.996388667113188	0.996388667113188
AMER3	quasibinomial	33	6	0.0775363798284691	0.146621048276695	0.600267058668022	NA	-0.0875019389654812	631.809165860004	0.996388667113188	0.996388667113188
AMFR	quasibinomial	33	6	-0.0341440962615035	0.064605717034149	0.600488128105036	NA	0.0322006844795853	1075.32987751753	0.996388667113188	0.996388667113188
DCX	quasibinomial	33	6	-0.200138337447369	0.378986060681675	0.600770141187178	NA	0.19992210321506	7026.84547492209	0.996388667113188	0.996388667113188
ATF7IP	quasibinomial	33	6	-0.069129231911987	0.131089793504926	0.601282777635434	NA	0.0604540811632159	540.76211754064	0.996388667113188	0.996388667113188
NOS1AP	quasibinomial	33	6	-0.0781356756537255	0.148206299791954	0.601374654247149	NA	0.0712447168240713	254.348328339422	0.996388667113188	0.996388667113188
ETV6	quasibinomial	33	6	-0.0847700468633782	0.160841047601151	0.601489056498321	NA	0.0812262426153769	115.230446010399	0.996388667113188	0.996388667113188
SNORC	quasibinomial	33	6	-0.0798023031884679	0.151487871421198	0.601662446720732	NA	0.0755612586424615	134.113893225742	0.996388667113188	0.996388667113188
RBBP5	quasibinomial	33	6	-0.095396689987478	0.181102511119944	0.601686394091459	NA	0.0908024695352041	259.049213931419	0.996388667113188	0.996388667113188
CDK19	quasibinomial	33	6	-0.118615694348834	0.225412274539977	0.602056556146585	NA	0.216180445357047	233.982798417665	0.996388667113188	0.996388667113188
CAPN5	quasibinomial	33	6	0.0372773106635507	0.0708653945803765	0.602185005141629	NA	-0.0350587621062308	662.510996446574	0.996388667113188	0.996388667113188
RBX1	quasibinomial	33	6	0.0818371491279131	0.155731610670954	0.602548483112877	NA	-0.0694759375406747	1972.85075341628	0.996388667113188	0.996388667113188
PDIA3	quasibinomial	33	6	-0.0448547933515317	0.0854923586260222	0.603124116380152	NA	0.044015968820625	1860.19260183135	0.996388667113188	0.996388667113188
C3orf14	quasibinomial	33	6	-0.0725747143560273	0.138348108325268	0.603181839487626	NA	0.0841786596235484	1757.75508867312	0.996388667113188	0.996388667113188
TGFBRAP1	quasibinomial	33	6	0.0799295299518425	0.152421239347167	0.603306768322556	NA	-0.0787890112472353	299.083882703261	0.996388667113188	0.996388667113188
TBPL1	quasibinomial	33	6	0.0890898491717762	0.170036375778497	0.603618570401883	NA	-0.0791666576952248	637.060348080612	0.996388667113188	0.996388667113188
ZNF626	quasibinomial	33	6	0.117489538801395	0.224623179704358	0.604234114579548	NA	-0.152667844326625	149.686946820638	0.996388667113188	0.996388667113188
KBTBD2	quasibinomial	33	6	0.0406121069366868	0.0776510047771439	0.60426412486476	NA	-0.0462315542392293	773.904268773037	0.996388667113188	0.996388667113188
SMCR8	quasibinomial	33	6	0.105864846303008	0.202830885526528	0.605002272028991	NA	-0.12890329146269	138.888114162866	0.996388667113188	0.996388667113188
USP31	quasibinomial	33	6	-0.107809324987191	0.206643092998556	0.605153164492678	NA	0.11066466222983	930.954114142046	0.996388667113188	0.996388667113188
NPAS3	quasibinomial	33	6	-0.0759741224356826	0.145894034108959	0.605820985652189	NA	0.0676006354552641	139.669616100294	0.996388667113188	0.996388667113188
ATL3	quasibinomial	33	6	-0.144128638977869	0.276885306210985	0.605967936757503	NA	0.139423396557871	130.379942841767	0.996388667113188	0.996388667113188
PIK3C3	quasibinomial	33	6	0.0909066644528942	0.17505805510369	0.606824025458474	NA	-0.0881567723208175	235.467696707229	0.996388667113188	0.996388667113188
NHLRC3	quasibinomial	33	6	-0.0524549913955748	0.10111981631319	0.607205927728199	NA	0.0496156564680271	221.08026792853	0.996388667113188	0.996388667113188
SECISBP2	quasibinomial	33	6	-0.0721579514317795	0.139208725046422	0.607480215657934	NA	0.069195525234326	81.5902795286331	0.996388667113188	0.996388667113188
PRDM11	quasibinomial	33	6	-0.146354483463007	0.282391316049296	0.607532157832439	NA	0.163895074870828	151.944151990093	0.996388667113188	0.996388667113188
AP4B1	quasibinomial	33	6	-0.150898354994786	0.291197058052554	0.607579256006539	NA	0.160878284199512	209.353973978221	0.996388667113188	0.996388667113188
EEF1A1	quasibinomial	33	6	0.104301997903846	0.201282240573979	0.607587784457521	NA	-0.107941674861958	559.251766117158	0.996388667113188	0.996388667113188
SPAST	quasibinomial	33	6	-0.0695091903083451	0.134193983030345	0.607734376488936	NA	0.0697237097032038	727.176664113827	0.996388667113188	0.996388667113188
STOX2	quasibinomial	33	6	-0.0498821499301781	0.0964923554510262	0.608439558742659	NA	0.0472507318224242	607.589130142443	0.996388667113188	0.996388667113188
TRAF3IP1	quasibinomial	33	6	-0.0654104240192733	0.126536319903338	0.608456408370659	NA	0.0615322642595411	121.850718029692	0.996388667113188	0.996388667113188
MFAP3	quasibinomial	33	6	0.0544953628931201	0.105499465516519	0.60872150759774	NA	-0.049623596962592	886.915887356389	0.996388667113188	0.996388667113188
ZNF326	quasibinomial	33	6	-0.0778343785491442	0.150864129361898	0.609151820725518	NA	0.0710239403825285	257.314429961293	0.996388667113188	0.996388667113188
EIF5A2	quasibinomial	33	6	0.0672777138345751	0.130607753174052	0.609712501044119	NA	-0.0686967336879091	149.622632819942	0.996388667113188	0.996388667113188
SMN1	quasibinomial	33	6	-0.0683216956263029	0.132657537527047	0.609774472454807	NA	0.0669278997222381	86.4880140096286	0.996388667113188	0.996388667113188
NUFIP2	quasibinomial	33	6	0.0872142678223245	0.169447647707657	0.609999706842716	NA	-0.0882151683898299	380.760489817352	0.996388667113188	0.996388667113188
PGAP2	quasibinomial	33	6	0.0325983429891061	0.0633461020662202	0.610062300890508	NA	-0.0311362825293943	213.600344293405	0.996388667113188	0.996388667113188
CFAP410	quasibinomial	33	6	-0.061238048596125	0.119083669244815	0.610313439650524	NA	0.0557175723613078	548.701245273862	0.996388667113188	0.996388667113188
HIPK3	quasibinomial	33	6	-0.0889483907990975	0.173057959087309	0.610495769840056	NA	0.0170429315926504	530.809193930352	0.996388667113188	0.996388667113188
TLE4	quasibinomial	33	6	0.0587471974317192	0.114311687997633	0.610536713969756	NA	-0.0575584848205541	236.216321870993	0.996388667113188	0.996388667113188
SLC6A6	quasibinomial	33	6	-0.115624729396416	0.225750808278229	0.611743038049032	NA	0.171922294644347	221.40545266755	0.996388667113188	0.996388667113188
CEP350	quasibinomial	33	6	0.0832082679552272	0.162511330334228	0.611856212785962	NA	0.0414120392395114	369.143433809124	0.996388667113188	0.996388667113188
EPHA7	quasibinomial	33	6	0.0805656789359353	0.157823020055437	0.612919147617175	NA	-0.0805776294770145	174.322584503419	0.996388667113188	0.996388667113188
SPOCK1	quasibinomial	33	6	-0.0466366613104601	0.0914056386349957	0.61310264995538	NA	0.0453345975751045	5113.36283377858	0.996388667113188	0.996388667113188
ZC3H11A	quasibinomial	33	6	-0.0435580168902645	0.0853924064041935	0.613188666124219	NA	0.0420905604137391	506.401346074191	0.996388667113188	0.996388667113188
GOLGA8A	quasibinomial	33	6	-0.0473169017792845	0.092767933066428	0.613213443097618	NA	0.0387909595995404	802.294325154451	0.996388667113188	0.996388667113188
KCMF1	quasibinomial	33	6	-0.076862253823077	0.150769513531563	0.613391608610486	NA	0.0709514377813168	932.274249911835	0.996388667113188	0.996388667113188
LYRM4	quasibinomial	33	6	-0.0521422444510559	0.10229004739831	0.613426804357317	NA	0.0465098657349938	513.875871284132	0.996388667113188	0.996388667113188
MCUR1	quasibinomial	33	6	0.0732774089581057	0.143926510609747	0.613855582531078	NA	-0.0630487171854559	464.350717699903	0.996388667113188	0.996388667113188
KCNJ3	quasibinomial	33	6	-0.0996484822695823	0.195780406480313	0.613959536177906	NA	0.112703952344346	159.671082898453	0.996388667113188	0.996388667113188
CAMK2A	quasibinomial	33	6	0.100407247750462	0.197408700465776	0.614205568726817	NA	-0.100861935617071	252.38241686609	0.996388667113188	0.996388667113188
ABLIM1	quasibinomial	33	6	0.0571118613229988	0.112295655585111	0.614234345583105	NA	-0.0541542435674878	4009.49953002437	0.996388667113188	0.996388667113188
SPATA33	quasibinomial	33	6	0.0755361618210009	0.148546327250053	0.614291517935847	NA	-0.0689733208435847	324.153714642477	0.996388667113188	0.996388667113188
GMEB1	quasibinomial	33	6	0.108212355224564	0.212982966860907	0.614584743787166	NA	-0.0920308275094279	166.053062273675	0.996388667113188	0.996388667113188
KREMEN1	quasibinomial	33	6	-0.0954632881508469	0.187976178006651	0.614745814146703	NA	0.0916578762157796	136.318895414442	0.996388667113188	0.996388667113188
PHF21A	quasibinomial	33	6	-0.0575281177970052	0.1134172374184	0.615177826731375	NA	0.0548764694749272	104.957710005353	0.996388667113188	0.996388667113188
N4BP1	quasibinomial	33	6	-0.109499864320311	0.216042992314605	0.615443508536364	NA	0.0976637066888955	166.935934971588	0.996388667113188	0.996388667113188
GPR161	quasibinomial	33	6	0.0631251352495908	0.1246763602204	0.615812304096811	NA	-0.0607703737789371	608.460325901617	0.996388667113188	0.996388667113188
ZDHHC23	quasibinomial	33	6	-0.0660321154322501	0.130552163447912	0.616174241825567	NA	0.0642204299221846	275.033388781648	0.996388667113188	0.996388667113188
IKZF2	quasibinomial	33	6	-0.146950906541607	0.290751629946732	0.616433968120057	NA	-0.039512280031219	117.963111550866	0.996388667113188	0.996388667113188
CTDSP2	quasibinomial	33	6	-0.0706314603945167	0.139776380175729	0.616503291765656	NA	0.0682047747344151	169.510956580467	0.996388667113188	0.996388667113188
SLC16A2	quasibinomial	33	6	-0.0589647213578715	0.116769314270853	0.616746551272373	NA	0.0563864663722889	1149.98909636444	0.996388667113188	0.996388667113188
UBE2Q1	quasibinomial	33	6	0.0509337628579991	0.10091703227987	0.616926144667041	NA	-0.0490072093268702	353.551132891236	0.996388667113188	0.996388667113188
LIX1L	quasibinomial	33	6	0.0654141434271642	0.129626969267689	0.616978661001927	NA	-0.0679801582374473	231.061752118401	0.996388667113188	0.996388667113188
LTN1	quasibinomial	33	6	-0.0741438469121731	0.147263477280098	0.617782832010198	NA	0.066940061291768	167.500970107244	0.996388667113188	0.996388667113188
PHLDB1	quasibinomial	33	6	0.0385539768117938	0.0765808721486066	0.617807987454127	NA	-0.0374586327370313	449.662861589426	0.996388667113188	0.996388667113188
STRN	quasibinomial	33	6	0.0946819718572923	0.188129063725204	0.617918845453682	NA	-0.104491261088755	134.29214168571	0.996388667113188	0.996388667113188
ADCY1	quasibinomial	33	6	0.0607857182319013	0.120910967655686	0.618302120403271	NA	-0.0585868371541404	1760.51812129523	0.996388667113188	0.996388667113188
HEG1	quasibinomial	32	6	0.230497220546223	0.458563093144156	0.618357916897521	NA	-0.217177064220292	89.7476147767213	0.996388667113188	0.996388667113188
MANSC1	quasibinomial	32	6	-0.153602773688482	0.305961534345202	0.618788178871363	NA	0.160384029265572	391.568268153343	0.996388667113188	0.996388667113188
FKBP7	quasibinomial	33	6	-0.0798176386690648	0.159023649090929	0.618864684143012	NA	0.0824389245153407	112.24147872547	0.996388667113188	0.996388667113188
CSNK1G2	quasibinomial	33	6	0.0584861408630968	0.116565960700901	0.618990151170582	NA	-0.0545742892165711	386.84503004459	0.996388667113188	0.996388667113188
KHNYN	quasibinomial	33	6	0.107926798558752	0.215185403782714	0.61912265509978	NA	-0.0873091541746734	1817.96946098885	0.996388667113188	0.996388667113188
MAP2K7	quasibinomial	33	6	0.098420498293627	0.196447633851017	0.619506706678419	NA	-0.0929663005452701	52.4042775604731	0.996388667113188	0.996388667113188
CERT1	quasibinomial	33	6	-0.072401191550949	0.144781734390013	0.620154605078847	NA	0.0760375266593868	229.436201173809	0.996388667113188	0.996388667113188
MESD	quasibinomial	33	6	-0.0816076315677173	0.163241165863518	0.620259599222459	NA	0.0813840898904021	897.144090615305	0.996388667113188	0.996388667113188
SNX9	quasibinomial	33	6	-0.0620310939678912	0.124249840947769	0.620730699005628	NA	0.0577788683602102	299.684574789959	0.996388667113188	0.996388667113188
SORT1	quasibinomial	33	6	0.0487792103988393	0.0977133469928527	0.620756924796499	NA	-0.0363794281001838	2214.36798727426	0.996388667113188	0.996388667113188
CACNG4	quasibinomial	33	6	0.0470516661467464	0.0942548603160127	0.620764637636809	NA	-0.0448706691457697	1746.27973743039	0.996388667113188	0.996388667113188
EFHD2	quasibinomial	33	6	0.0534060937927299	0.107364493377759	0.621998097664069	NA	-0.0541121756710238	246.055457726892	0.996388667113188	0.996388667113188
GABBR1	quasibinomial	33	6	0.0317156210812256	0.0638066846082454	0.622256277088685	NA	-0.022373116391884	4575.09823547905	0.996388667113188	0.996388667113188
GNA13	quasibinomial	33	6	-0.0461576199442966	0.0928832623728979	0.622337031273826	NA	0.051116342351233	596.222572101375	0.996388667113188	0.996388667113188
RAB33B	quasibinomial	33	6	-0.0494391733667403	0.0995199455081789	0.622452731915287	NA	0.0416011162199098	362.061377684339	0.996388667113188	0.996388667113188
SRRD	quasibinomial	33	6	-0.0353253729048346	0.0711411591688212	0.62260862026722	NA	0.0324796868490349	994.894879840831	0.996388667113188	0.996388667113188
CEP250	quasibinomial	33	6	-0.118598975553995	0.239067058647398	0.622931496844812	NA	0.114492372890361	131.354363820235	0.996388667113188	0.996388667113188
PNPT1	quasibinomial	33	6	-0.0706147723567601	0.142351211463477	0.622952877504733	NA	0.0692056414612786	107.934033523139	0.996388667113188	0.996388667113188
CDC73	quasibinomial	33	6	-0.0727409434421323	0.146688654494947	0.623074099525355	NA	0.0754444222839888	119.866677791267	0.996388667113188	0.996388667113188
SGMS1	quasibinomial	33	6	-0.10354147990286	0.208935588946404	0.623297697879899	NA	0.143344916261464	131.517563835357	0.996388667113188	0.996388667113188
ZNF419	quasibinomial	33	6	0.107048409375597	0.216906848768451	0.624726214956936	NA	-0.0852625375049836	298.386406543268	0.996388667113188	0.996388667113188
ABHD2	quasibinomial	33	6	0.0840992430236505	0.170441677793563	0.624798253770933	NA	-0.0607474235827365	1204.00802772017	0.996388667113188	0.996388667113188
RAB3D	quasibinomial	33	6	-0.0366070638557795	0.0742417122076983	0.625036033359643	NA	0.0331273132854617	883.307513081092	0.996388667113188	0.996388667113188
B3GAT2	quasibinomial	33	6	-0.0799614721547196	0.162167717762744	0.625036463006953	NA	0.0128245329450638	3776.4792547812	0.996388667113188	0.996388667113188
CACNG2	quasibinomial	33	6	0.062325457496469	0.126473031964251	0.625234008542307	NA	-0.0600131226515589	490.073740605807	0.996388667113188	0.996388667113188
QSER1	quasibinomial	33	6	-0.076225273331717	0.154688508772702	0.62525512695747	NA	0.0907815770563522	163.541371220419	0.996388667113188	0.996388667113188
CACNB2	quasibinomial	33	6	0.094172831809384	0.191327342257102	0.625645728462972	NA	-0.0711850631406302	416.824165071295	0.996388667113188	0.996388667113188
CCSER2	quasibinomial	33	6	-0.0717884539390201	0.145990671230213	0.625977954869933	NA	0.025945355568517	864.724344089444	0.996388667113188	0.996388667113188
COL18A1	quasibinomial	33	6	-0.045794114751982	0.0931280070502928	0.625978062638133	NA	0.043328179713317	429.479041744152	0.996388667113188	0.996388667113188
PURB	quasibinomial	33	6	0.0941967441312042	0.191654933670583	0.626147192483925	NA	-0.106017229229734	189.029343945292	0.996388667113188	0.996388667113188
PLEKHO1	quasibinomial	33	6	0.105127215855857	0.21408277155107	0.626450041006453	NA	-0.119608616189463	890.960944266914	0.996388667113188	0.996388667113188
AP4M1	quasibinomial	33	6	-0.042237480110751	0.0860955996371306	0.626779549388445	NA	0.043324861796364	757.584381001089	0.996388667113188	0.996388667113188
HUNK	quasibinomial	33	6	-0.0820941414790038	0.167380071476115	0.62686547111014	NA	0.0774010791036402	331.452795620927	0.996388667113188	0.996388667113188
EXTL3	quasibinomial	33	6	-0.054264364995836	0.110651978331703	0.626907287080981	NA	0.062502669475953	1074.77678436274	0.996388667113188	0.996388667113188
CLN8	quasibinomial	33	6	-0.0497009283233565	0.101497695117255	0.627418835413392	NA	0.0477596285526771	437.342496277894	0.996388667113188	0.996388667113188
SORBS1	quasibinomial	33	6	0.0516792906550616	0.105615740396034	0.62767187828454	NA	-0.0463679930897411	613.951765873655	0.996388667113188	0.996388667113188
RPA1	quasibinomial	32	6	-0.14800241151017	0.30260928570828	0.627830818254615	NA	0.141629845562313	373.660391081406	0.996388667113188	0.996388667113188
TMEM237	quasibinomial	33	6	0.071043211153194	0.145341491303531	0.628030895323346	NA	-0.0754210861528749	458.437271966255	0.996388667113188	0.996388667113188
HDAC9	quasibinomial	33	6	-0.101022141252918	0.206891746367003	0.628393287597799	NA	0.0947193038114463	212.808854061894	0.996388667113188	0.996388667113188
FAM241A	quasibinomial	32	6	0.158771986250146	0.32527163538887	0.628508134232197	NA	-0.144273968168021	188.603753319777	0.996388667113188	0.996388667113188
ZNF24	quasibinomial	33	6	-0.0776872361066956	0.159176489550142	0.628553000017278	NA	0.0749239359944203	663.646957508714	0.996388667113188	0.996388667113188
ZSCAN30	quasibinomial	33	6	-0.056284005281564	0.115444443395158	0.628914360310999	NA	0.0555380379189901	194.709463173125	0.996388667113188	0.996388667113188
CTTNBP2NL	quasibinomial	33	6	-0.0502369579928779	0.103071307743241	0.629013878291479	NA	0.0596015494978957	904.43490375723	0.996388667113188	0.996388667113188
PPCS	quasibinomial	32	6	-0.165824968720361	0.340294157592205	0.629084808020731	NA	0.120716885788619	1094.24650789548	0.996388667113188	0.996388667113188
EFCAB14	quasibinomial	33	6	0.0778691131504067	0.159818462216541	0.629129784684449	NA	-0.0695632021837413	179.346099321981	0.996388667113188	0.996388667113188
CDK13	quasibinomial	33	6	0.12159682587406	0.249663243822788	0.629264059258507	NA	-0.0554871003002475	170.794732244355	0.996388667113188	0.996388667113188
TENT5A	quasibinomial	33	6	0.0679890805008306	0.139687188925858	0.629488249089787	NA	-0.063182321736665	251.480538061701	0.996388667113188	0.996388667113188
PIGK	quasibinomial	33	6	0.0502943182717021	0.103346226011304	0.629534078602585	NA	-0.0499101674152847	327.495806211803	0.996388667113188	0.996388667113188
MFHAS1	quasibinomial	33	6	-0.0849568927148985	0.174608518506612	0.629605709228371	NA	0.0834848766296353	190.809664532674	0.996388667113188	0.996388667113188
KCNN1	quasibinomial	33	6	0.0836298237049563	0.171907685279654	0.629658614938876	NA	-0.0869216791476467	150.011531603603	0.996388667113188	0.996388667113188
INTS6	quasibinomial	33	6	0.138689324069648	0.285135441519116	0.629716823973155	NA	-0.131060490270721	51.4020595740189	0.996388667113188	0.996388667113188
FAM43B	quasibinomial	33	6	-0.0514800917457877	0.105891480380224	0.629884617265669	NA	0.041505414447616	390.146266363453	0.996388667113188	0.996388667113188
PRKAR1B	quasibinomial	33	6	0.0439825268137521	0.0904718262729501	0.629893631029254	NA	-0.0409265800098294	1318.67424490469	0.996388667113188	0.996388667113188
CPLANE1	quasibinomial	33	6	0.101854789769707	0.209765708223495	0.63030185347667	NA	-0.0777395013740256	130.391017666574	0.996388667113188	0.996388667113188
RBFOX3	quasibinomial	33	6	0.0934767468327287	0.192554250280107	0.630377577623052	NA	-0.0801464287340464	260.906515869399	0.996388667113188	0.996388667113188
RAI14	quasibinomial	33	6	-0.0588112850437625	0.12128562374675	0.630769116416486	NA	0.0541668393205356	323.249291210985	0.996388667113188	0.996388667113188
PRELID3B	quasibinomial	33	6	-0.0589208654010654	0.121633216803833	0.631109609574926	NA	0.0622089262047043	378.243495147098	0.996388667113188	0.996388667113188
CYFIP2	quasibinomial	33	6	0.0458288854472338	0.0946311319173717	0.631197088814618	NA	-0.0410914916420398	1842.89231454624	0.996388667113188	0.996388667113188
CDKL5	quasibinomial	33	6	0.0524331087827132	0.108305647027652	0.631315164571287	NA	-0.0523966397310833	315.588300514143	0.996388667113188	0.996388667113188
PLCXD2	quasibinomial	33	6	-0.0650225629175711	0.134423354255779	0.631601035080508	NA	0.0638885312819511	674.219825805163	0.996388667113188	0.996388667113188
CTDSPL	quasibinomial	33	6	-0.0853005514917201	0.176432611497267	0.631770348012311	NA	0.0833393578010752	115.920908207584	0.996388667113188	0.996388667113188
TMEM167A	quasibinomial	33	6	0.0464358852747446	0.0960464866255089	0.631770919141387	NA	-0.0443051766288094	1622.07460503036	0.996388667113188	0.996388667113188
MRPS25	quasibinomial	33	6	-0.0667254999664057	0.138199420289846	0.632229624910814	NA	0.0452878728347789	321.155023519931	0.996388667113188	0.996388667113188
WDR5	quasibinomial	33	6	0.049699023548505	0.102964968362057	0.63232906316791	NA	-0.0475784212903529	423.836989890022	0.996388667113188	0.996388667113188
RIC8B	quasibinomial	33	6	-0.0447324278923833	0.0926877547548047	0.632374580448432	NA	0.0518566180326034	420.4034332066	0.996388667113188	0.996388667113188
GPR180	quasibinomial	33	6	-0.119050895104753	0.24690675237845	0.632687301565207	NA	0.113633602233718	259.52349345699	0.996388667113188	0.996388667113188
GNS	quasibinomial	33	6	-0.0439218561877099	0.0911900882143232	0.633051477049466	NA	0.0439808949719074	1020.57028485892	0.996388667113188	0.996388667113188
ETV5	quasibinomial	33	6	0.0597129194353407	0.124025371097039	0.633188189740466	NA	-0.0569261940527793	615.306911043074	0.996388667113188	0.996388667113188
FAHD2A	quasibinomial	33	6	0.100836461530744	0.209864383236323	0.633873077127802	NA	-0.0956418041466144	125.341447660377	0.996388667113188	0.996388667113188
CDC42BPA	quasibinomial	33	6	0.0754398780307941	0.157114180798871	0.634101367520977	NA	-0.0796785658120552	332.668160710116	0.996388667113188	0.996388667113188
TLNRD1	quasibinomial	33	6	-0.111496270430314	0.232224432427767	0.634127174762052	NA	0.124062261362817	486.50782868168	0.996388667113188	0.996388667113188
ILRUN	quasibinomial	33	6	-0.053822469803338	0.112186322436248	0.634382908621653	NA	0.0547188536544968	509.58263996429	0.996388667113188	0.996388667113188
PGAP6	quasibinomial	33	6	0.0569329310538837	0.118779906293787	0.63469634257068	NA	-0.0538608934289502	449.472112067743	0.996388667113188	0.996388667113188
FRMD5	quasibinomial	33	6	0.0640467906681269	0.133676545390547	0.634834976491167	NA	-0.0597314488659188	166.346982572292	0.996388667113188	0.996388667113188
HCFC2	quasibinomial	33	6	0.0821262632092548	0.171440919375418	0.634892920112587	NA	-0.0891738696307625	161.092723676732	0.996388667113188	0.996388667113188
CYP27C1	quasibinomial	33	6	0.131692032820028	0.274979036130496	0.634976547033495	NA	-0.146118411682932	75.574315157643	0.996388667113188	0.996388667113188
ST6GAL2	quasibinomial	33	6	-0.0741768408595516	0.154886807535492	0.634981216145495	NA	0.0730207270923612	497.351867596751	0.996388667113188	0.996388667113188
ZNF766	quasibinomial	33	6	-0.118550045755246	0.247577171537342	0.635029970854326	NA	0.136019127758256	375.952490242863	0.996388667113188	0.996388667113188
RAB3B	quasibinomial	33	6	0.0427721121260971	0.0893408845724201	0.635092623242078	NA	-0.0515248088917551	14993.2852678444	0.996388667113188	0.996388667113188
GREM2	quasibinomial	33	6	0.0763192291295146	0.159427435438516	0.635123319710403	NA	-0.0722606241965102	154.843647829948	0.996388667113188	0.996388667113188
RSF1	quasibinomial	33	6	-0.0760797457362006	0.158954092876471	0.63518044455213	NA	0.0780716157645785	327.891032492548	0.996388667113188	0.996388667113188
SSH2	quasibinomial	33	6	0.0851387358946594	0.177963203270873	0.635335959995202	NA	-0.110484727293902	527.859353261679	0.996388667113188	0.996388667113188
RB1	quasibinomial	33	6	-0.0887944027028601	0.185715360553034	0.635537084934589	NA	0.0795942321937228	181.600084609521	0.996388667113188	0.996388667113188
FYTTD1	quasibinomial	33	6	0.0754181299735188	0.1577750707553	0.635614950334687	NA	-0.060375062694055	2318.4448493677	0.996388667113188	0.996388667113188
EXOC8	quasibinomial	33	6	-0.0884316679477291	0.185096004960885	0.635790663802343	NA	0.0992054211321665	307.550284541854	0.996388667113188	0.996388667113188
PSMG1	quasibinomial	33	6	0.093427331875296	0.195852314660577	0.636306324326385	NA	-0.118044012234951	193.461808265614	0.996388667113188	0.996388667113188
CPEB2	quasibinomial	33	6	-0.0999527079538326	0.209551889752257	0.636339043167498	NA	0.0831129549924139	446.373186541498	0.996388667113188	0.996388667113188
DGCR2	quasibinomial	33	6	0.0390465989222721	0.0818893385010934	0.636452953723217	NA	-0.0369616251415264	2673.72874763648	0.996388667113188	0.996388667113188
NECAB1	quasibinomial	33	6	0.0681404074049716	0.14291480915371	0.636474903686133	NA	-0.0719252650690981	497.504142768144	0.996388667113188	0.996388667113188
TMOD2	quasibinomial	33	6	0.0556664657424663	0.116782030699434	0.636559937776258	NA	-0.0533713778863912	3574.08061735886	0.996388667113188	0.996388667113188
ZBTB5	quasibinomial	33	6	0.0580452991232494	0.121862451144373	0.63680788963448	NA	-0.047111920435577	349.458135321784	0.996388667113188	0.996388667113188
C8orf33	quasibinomial	33	6	0.0289290510827551	0.0607736268912679	0.637022946160403	NA	-0.026972856116842	1289.39706265122	0.996388667113188	0.996388667113188
GPT2	quasibinomial	33	6	-0.0388066846765088	0.0815310085417286	0.637050239789465	NA	0.0384282869266867	437.624318417903	0.996388667113188	0.996388667113188
SURF6	quasibinomial	33	6	0.131309413309714	0.275963988608007	0.637158667638793	NA	-0.086339113377759	873.40331638859	0.996388667113188	0.996388667113188
ACACA	quasibinomial	33	6	-0.0362571798479656	0.0762063852575421	0.637190189854474	NA	0.0311000133728112	991.061349041313	0.996388667113188	0.996388667113188
SENP8	quasibinomial	33	6	-0.0846435804771715	0.178009924293489	0.637385544588622	NA	0.0932611429352322	164.232486701226	0.996388667113188	0.996388667113188
NDUFA5	quasibinomial	33	6	-0.134718625985856	0.283574087579664	0.637685697078657	NA	0.138142536436548	4631.53884778982	0.996388667113188	0.996388667113188
COMMD2	quasibinomial	33	6	-0.0608667155054312	0.128152993565168	0.63777059128453	NA	0.0591166272478325	695.235194288313	0.996388667113188	0.996388667113188
CEP57L1	quasibinomial	33	6	-0.0848219663743014	0.17861789102883	0.637822861515815	NA	0.0790013632007665	134.569667222792	0.996388667113188	0.996388667113188
ZNF592	quasibinomial	33	6	0.050799473104195	0.10700088118233	0.637908913685435	NA	-0.0519225512267398	215.424235316705	0.996388667113188	0.996388667113188
FHIP2B	quasibinomial	33	6	-0.115063024229225	0.242561918202549	0.638185558932853	NA	0.0819568526818924	792.603917429801	0.996388667113188	0.996388667113188
VPS54	quasibinomial	33	6	-0.0697041777791735	0.147003651569712	0.638326233105151	NA	0.0687453474546618	105.245720792595	0.996388667113188	0.996388667113188
PEX5L	quasibinomial	33	6	0.0684156939385965	0.144292232812571	0.638340032419031	NA	-0.0684434586775224	660.719846018623	0.996388667113188	0.996388667113188
RPGRIP1L	quasibinomial	33	6	-0.0943492845716488	0.199011850793843	0.638380964958801	NA	0.086445464999866	73.3496656479404	0.996388667113188	0.996388667113188
KCNAB1	quasibinomial	33	6	-0.0652348529305018	0.137686180622541	0.638589258931675	NA	0.0473939542916701	339.651287442201	0.996388667113188	0.996388667113188
SLC25A40	quasibinomial	32	6	0.114667628726515	0.242052923855698	0.638634578646819	NA	-0.0884263594734407	259.548158482366	0.996388667113188	0.996388667113188
OSBPL6	quasibinomial	33	6	0.0738242964990123	0.15587196657199	0.638710975775447	NA	-0.070359956546084	217.319695839356	0.996388667113188	0.996388667113188
NALF1	quasibinomial	33	6	-0.128968938222743	0.272469332797694	0.638914083781575	NA	0.118262633864768	752.560730327883	0.996388667113188	0.996388667113188
NHSL2	quasibinomial	33	6	0.142758803505004	0.301710950597183	0.639033891544809	NA	-0.132668330184923	137.057669077629	0.996388667113188	0.996388667113188
PDP2	quasibinomial	33	6	-0.0801934627462647	0.169722326886525	0.639504456856367	NA	0.0752981067468254	312.009995543625	0.996388667113188	0.996388667113188
CENPC	quasibinomial	33	6	0.195776989205795	0.414805837510685	0.639875728572374	NA	-0.169954651563327	50.2217497295886	0.996388667113188	0.996388667113188
KLHL36	quasibinomial	33	6	0.0655027796667286	0.138803179754858	0.63991909749912	NA	-0.0850219806916719	466.808007983379	0.996388667113188	0.996388667113188
SAMD12	quasibinomial	33	6	-0.101388093359348	0.215103135221644	0.640318321707385	NA	0.102222227723289	224.155385133606	0.996388667113188	0.996388667113188
RAB29	quasibinomial	33	6	-0.0807674359509794	0.171483533727861	0.640568632274018	NA	0.0767292199071665	181.458907256771	0.996388667113188	0.996388667113188
TMEM106B	quasibinomial	33	6	0.145519015305538	0.309309663689706	0.640942367635787	NA	-0.145314803050686	1098.25707745255	0.996388667113188	0.996388667113188
EPN1	quasibinomial	33	6	0.12839464525797	0.27294220600737	0.640980706044558	NA	-0.110062048922928	295.155221367804	0.996388667113188	0.996388667113188
ATM	quasibinomial	33	6	-0.0892151430340753	0.189787726270895	0.641214872885344	NA	0.0865506650384313	90.430404360115	0.996388667113188	0.996388667113188
IRGQ	quasibinomial	33	6	-0.089867050875314	0.191190388700561	0.641242450017791	NA	0.0339262540915209	4817.74491730939	0.996388667113188	0.996388667113188
ZNF112	quasibinomial	33	6	0.0735913863361053	0.156608861609346	0.641337206020654	NA	-0.0332074360406582	271.077108828384	0.996388667113188	0.996388667113188
PIRT	quasibinomial	33	6	-0.0380133724835655	0.0809126054156303	0.641406422420207	NA	0.0365149246134175	1258.45299449677	0.996388667113188	0.996388667113188
RPL27A	quasibinomial	33	6	0.07423009087426	0.158224111903658	0.641875210061255	NA	-0.0729127202108546	1798.52146168844	0.996388667113188	0.996388667113188
SIK2	quasibinomial	33	6	0.081127197860575	0.172949443345316	0.641921089418408	NA	-0.0609534630624091	153.347270638303	0.996388667113188	0.996388667113188
PTGFRN	quasibinomial	33	6	0.0467915407180569	0.0998407296224955	0.642217343199652	NA	-0.0434995042811078	312.281309076629	0.996388667113188	0.996388667113188
TGOLN2	quasibinomial	33	6	-0.0808379846738776	0.172522907435715	0.642286764132227	NA	0.037677938656832	2330.3294013658	0.996388667113188	0.996388667113188
GLCE	quasibinomial	33	6	-0.086918849972902	0.185892201786066	0.64298569762861	NA	0.0756018720279707	144.625380753965	0.996388667113188	0.996388667113188
GZF1	quasibinomial	33	6	-0.104732304882772	0.224168586069077	0.643250112953426	NA	0.0952277429126736	295.771220701178	0.996388667113188	0.996388667113188
CRIM1	quasibinomial	33	6	-0.0841235300787167	0.180117738075882	0.643360516767286	NA	0.0699052295813528	501.37397256355	0.996388667113188	0.996388667113188
EFNB2	quasibinomial	33	6	-0.0890885914577672	0.191000319837317	0.643796814094815	NA	0.0910870125973161	1410.57032742291	0.996388667113188	0.996388667113188
AGO4	quasibinomial	33	6	0.0771968453696057	0.165562106512492	0.643910487416608	NA	-0.0722888006807292	154.96444015904	0.996388667113188	0.996388667113188
LRP11	quasibinomial	33	6	-0.0536701742768687	0.115290602084605	0.644442359409976	NA	0.0616987595020094	607.576750707982	0.996388667113188	0.996388667113188
STX17	quasibinomial	33	6	0.0616969010169111	0.132674308508049	0.644793715491614	NA	-0.0564099218218228	385.182710347404	0.996388667113188	0.996388667113188
ADGRL3	quasibinomial	33	6	-0.0667547226993722	0.143558174750754	0.644810759581917	NA	0.0841064189075388	1259.09555918377	0.996388667113188	0.996388667113188
SYS1	quasibinomial	33	6	-0.0632037994757351	0.135926544279501	0.644822267155336	NA	0.0497871914718261	219.681558650708	0.996388667113188	0.996388667113188
PAQR8	quasibinomial	33	6	-0.0435673841630388	0.0937524790145852	0.64501975153241	NA	0.0450245296677783	954.149496315201	0.996388667113188	0.996388667113188
ATMIN	quasibinomial	33	6	0.0295038464209619	0.0635012547824133	0.645082269860053	NA	-0.024077685459854	1950.80230713822	0.996388667113188	0.996388667113188
PSPC1	quasibinomial	33	6	-0.11867950756717	0.255624208265511	0.645326945241651	NA	0.123480052377638	132.107586961913	0.996388667113188	0.996388667113188
CEP78	quasibinomial	33	6	-0.1809789356261	0.389929493236528	0.64542688365668	NA	0.135401511800358	218.250588230059	0.996388667113188	0.996388667113188
N4BP3	quasibinomial	33	6	0.0615406753701868	0.13262549155093	0.645507760318114	NA	-0.0594191871061977	253.424274073362	0.996388667113188	0.996388667113188
KMT5B	quasibinomial	33	6	-0.0697211874497253	0.150329073254162	0.645669520743457	NA	0.0585348257819943	1157.33576835557	0.996388667113188	0.996388667113188
EEF2KMT	quasibinomial	33	6	-0.0484295305485044	0.104482963552219	0.645864210568789	NA	0.0517240272772854	343.278099326812	0.996388667113188	0.996388667113188
NAA10	quasibinomial	33	6	0.0821462199022346	0.177359149490237	0.646114650481322	NA	-0.0747445864746924	1055.43605301534	0.996388667113188	0.996388667113188
VAMP2	quasibinomial	33	6	-0.0472083570032117	0.101946129226868	0.646179615754909	NA	0.0255635459095734	9188.14731351987	0.996388667113188	0.996388667113188
SIRT1	quasibinomial	33	6	-0.0627653232781426	0.135632087737214	0.646399638389669	NA	0.0607753120225068	158.061517821535	0.996388667113188	0.996388667113188
THUMPD1	quasibinomial	33	6	-0.0980494502252244	0.212176852540171	0.646860886328632	NA	0.0990483231795174	651.695613932074	0.996388667113188	0.996388667113188
SUSD5	quasibinomial	33	6	0.0674927131712307	0.14627774426325	0.647365673268343	NA	-0.0568076926382554	208.248805186817	0.996388667113188	0.996388667113188
INO80D	quasibinomial	33	6	0.0945282580862407	0.204884546325645	0.647385428552171	NA	-0.0922637886176809	179.878205391008	0.996388667113188	0.996388667113188
ZNF596	quasibinomial	33	6	-0.0988707717842015	0.214297185752161	0.647386180162652	NA	0.100180575684583	149.430464517699	0.996388667113188	0.996388667113188
PYGO1	quasibinomial	33	6	-0.0945620028416594	0.204981362112827	0.647423280656833	NA	0.0645070375124188	305.95505995672	0.996388667113188	0.996388667113188
CPEB4	quasibinomial	26	6	0.175917358356988	0.381622117858452	0.647670032099425	NA	-0.209140359462356	1352.60539587758	0.996388667113188	0.996388667113188
ZNF620	quasibinomial	33	6	-0.146709682879947	0.318298095333979	0.647708049807889	NA	0.165459926910131	243.87015788469	0.996388667113188	0.996388667113188
SCML1	quasibinomial	33	6	-0.109186015460364	0.236995761842823	0.647857542001277	NA	0.112093047604178	64.2033722425389	0.996388667113188	0.996388667113188
LRRC58	quasibinomial	33	6	0.0661401039587367	0.143688411255113	0.648146353195856	NA	-0.0755874132378916	240.042584647118	0.996388667113188	0.996388667113188
AP5B1	quasibinomial	33	6	0.0922926781457818	0.200614733098421	0.648326110557247	NA	-0.0897111909121608	485.48230649899	0.996388667113188	0.996388667113188
SETD6	quasibinomial	33	6	-0.0531967861217355	0.115683708647511	0.648470061680368	NA	0.0512812097281595	546.599391662258	0.996388667113188	0.996388667113188
RABGAP1L	quasibinomial	33	6	-0.0754579931312362	0.164323493198417	0.648927107186801	NA	0.0419708463037412	1423.48023303625	0.996388667113188	0.996388667113188
HIPK2	quasibinomial	33	6	-0.0701297482197424	0.152855617973425	0.649216237913496	NA	0.0680483505425931	1396.56479341245	0.996388667113188	0.996388667113188
GNG4	quasibinomial	33	6	0.0382036852271972	0.083492974768895	0.650090970394909	NA	-0.0368142900257541	2420.42207556517	0.996388667113188	0.996388667113188
FAM13C	quasibinomial	33	6	0.040808674216186	0.0891888982856558	0.650101193800684	NA	-0.0345042237392797	982.61891834141	0.996388667113188	0.996388667113188
FAM133A	quasibinomial	33	6	-0.0858927668256114	0.187734078633312	0.650122341173745	NA	0.0802707967326281	90.1910257921134	0.996388667113188	0.996388667113188
KCNJ12	quasibinomial	33	6	-0.106760301644744	0.233509965885856	0.650353994299578	NA	0.0802697648200067	525.912070111503	0.996388667113188	0.996388667113188
HELZ	quasibinomial	33	6	-0.0647881751119574	0.1418515224028	0.650685485989869	NA	0.0585287270267501	213.416756960058	0.996388667113188	0.996388667113188
CCND2	quasibinomial	33	6	-0.0448679569529869	0.0984281655393334	0.651317469062065	NA	0.0440091753048163	1674.61582288034	0.996388667113188	0.996388667113188
ETF1	quasibinomial	33	6	0.0603519410880809	0.132412462350333	0.651358221328363	NA	-0.0588017881493563	566.589348856373	0.996388667113188	0.996388667113188
TRIM13	quasibinomial	33	6	0.0527144652810681	0.115692499492552	0.651461185019774	NA	-0.049112335281706	672.851226844453	0.996388667113188	0.996388667113188
MAPRE1	quasibinomial	33	6	-0.0296452568636501	0.0650770227067903	0.651533702968722	NA	0.0290624749716719	1801.12513352112	0.996388667113188	0.996388667113188
MTUS1	quasibinomial	33	6	-0.058628888288412	0.128711990272326	0.651559766891192	NA	0.0608038682099867	163.718641182188	0.996388667113188	0.996388667113188
API5	quasibinomial	33	6	0.0403925308043013	0.0887496083143396	0.651827144048571	NA	-0.0376474611009571	507.517680398461	0.996388667113188	0.996388667113188
DSEL	quasibinomial	33	6	0.0786000641769927	0.172785630469481	0.651990860848518	NA	-0.132292004236169	544.767600925016	0.996388667113188	0.996388667113188
CDKN2AIPNL	quasibinomial	33	6	0.0365278046060681	0.08035199815635	0.652206015662111	NA	-0.0348507356964454	879.807715893928	0.996388667113188	0.996388667113188
KCNS2	quasibinomial	33	6	-0.065617778084755	0.144389954902047	0.652312175764091	NA	0.0557220746815325	327.457982644856	0.996388667113188	0.996388667113188
INPP5K	quasibinomial	33	6	0.0288394427822505	0.0635682554038514	0.652862087407476	NA	-0.027492415075048	456.461725157644	0.996388667113188	0.996388667113188
EIF4H	quasibinomial	33	6	0.0286673769790118	0.0631956676963236	0.652896282482347	NA	-0.0236517586590539	2809.86775353673	0.996388667113188	0.996388667113188
TNR	quasibinomial	33	6	0.0994804491653418	0.219341898252865	0.652959205220744	NA	-0.116923901834829	639.409329319521	0.996388667113188	0.996388667113188
CS	quasibinomial	33	6	0.0335434121864785	0.0739675772842943	0.65299664792059	NA	-0.0322957072419843	2558.76831283471	0.996388667113188	0.996388667113188
SRSF1	quasibinomial	33	6	-0.058116737498666	0.128282513706374	0.653318173210002	NA	0.0558668340644104	1150.91674071626	0.996388667113188	0.996388667113188
UBR1	quasibinomial	33	6	-0.0617924631339468	0.136504462808062	0.65357479832596	NA	0.0549649581385233	313.492776148134	0.996388667113188	0.996388667113188
FAM76B	quasibinomial	33	6	-0.0695820773456836	0.153726963604562	0.653605510268186	NA	0.0694674899246371	122.108361566386	0.996388667113188	0.996388667113188
TTC19	quasibinomial	32	6	0.103731349922657	0.229229381280342	0.653685478824047	NA	0.0173776327241171	3159.39465788088	0.996388667113188	0.996388667113188
ANKRD44	quasibinomial	33	6	-0.0986761937590963	0.218133358695797	0.653796527126048	NA	0.0978183763131665	179.151585231717	0.996388667113188	0.996388667113188
EML6	quasibinomial	33	6	0.0754568963946347	0.167072650277724	0.654313846205229	NA	-0.0714805610697405	111.77381672449	0.996388667113188	0.996388667113188
CHD7	quasibinomial	33	6	-0.108109876849422	0.239615668563234	0.654642741538601	NA	0.124459955142781	67.5850103677456	0.996388667113188	0.996388667113188
AUTS2	quasibinomial	33	6	-0.0488925722460046	0.108549678190781	0.655187929191922	NA	0.0427121065813538	889.796000869861	0.996388667113188	0.996388667113188
TMEM168	quasibinomial	33	6	-0.103138906712307	0.229271109040246	0.655588420708035	NA	0.0825092994297101	234.650413315394	0.996388667113188	0.996388667113188
DSE	quasibinomial	31	6	0.168950577487995	0.375609739770693	0.655625667815717	NA	-0.17750375027699	118.26242591561	0.996388667113188	0.996388667113188
EIF3L	quasibinomial	31	6	0.15536100950415	0.345752502169185	0.655955508935854	NA	-0.126413339181525	736.472112316884	0.996388667113188	0.996388667113188
PDRG1	quasibinomial	33	6	-0.118893458780028	0.264707810834168	0.656092574654752	NA	0.114218848108043	2314.69841950916	0.996388667113188	0.996388667113188
LHFPL2	quasibinomial	33	6	-0.0516193764693761	0.115060044898881	0.656464004204927	NA	0.0526473243548975	473.146376800003	0.996388667113188	0.996388667113188
AMACR	quasibinomial	33	6	-0.0348846536616765	0.0777982095859251	0.656628864281473	NA	0.0188386444244169	1086.83693028923	0.996388667113188	0.996388667113188
AK3	quasibinomial	33	6	0.100642729743245	0.224760091182809	0.657072485654182	NA	-0.0826375808136884	782.961179623621	0.996388667113188	0.996388667113188
TMEM108	quasibinomial	33	6	-0.0406266066765175	0.0908377146627112	0.657454697496489	NA	0.0396871817619693	149.782174293655	0.996388667113188	0.996388667113188
PHETA1	quasibinomial	33	6	0.0494802926255018	0.110716601692453	0.657693801420661	NA	-0.0481254594262182	366.892098144922	0.996388667113188	0.996388667113188
RCHY1	quasibinomial	33	6	0.0721967792578514	0.161587420475575	0.65777417526799	NA	-0.079403775341525	767.298615547667	0.996388667113188	0.996388667113188
YIPF6	quasibinomial	33	6	-0.0809844311628579	0.181299745243939	0.65785210360524	NA	0.0723758095929503	925.631038383003	0.996388667113188	0.996388667113188
TRAF6	quasibinomial	33	6	-0.0905307935953279	0.202812593725626	0.658074868620313	NA	0.0912784274366004	170.840227591821	0.996388667113188	0.996388667113188
EGR1	quasibinomial	33	6	0.104552985486007	0.234228146296338	0.658077846797397	NA	0.0101625412575375	103.423204907178	0.996388667113188	0.996388667113188
TRIM4	quasibinomial	29	5	-0.180785020642909	0.405277202668217	0.658288844234004	NA	0.143812121254676	181.453036644413	0.996388667113188	0.996388667113188
TMEM18	quasibinomial	33	6	0.0598266623561747	0.134198430831561	0.658481989450985	NA	-0.0594393756098036	400.684423228038	0.996388667113188	0.996388667113188
SYT17	quasibinomial	33	6	-0.060331108069352	0.135451318695335	0.658767772261581	NA	0.0571562443066625	438.359553589687	0.996388667113188	0.996388667113188
OAZ2	quasibinomial	33	6	0.021486341622941	0.0482491435018352	0.658830291398678	NA	-0.0206842155666681	3429.7801775541	0.996388667113188	0.996388667113188
ZMYND11	quasibinomial	33	6	-0.0286482814190778	0.0643358234181223	0.658850218397603	NA	0.0279072270982117	884.682478235205	0.996388667113188	0.996388667113188
PTAR1	quasibinomial	33	6	-0.0960480366467075	0.215769275857373	0.658957932421256	NA	0.0705258913129019	267.646783997294	0.996388667113188	0.996388667113188
TRIM36	quasibinomial	33	6	-0.0456638013521298	0.102617134511605	0.659065533787306	NA	0.0458125092757967	1094.70134041154	0.996388667113188	0.996388667113188
KATNBL1	quasibinomial	33	6	0.0820756522088308	0.184445323594178	0.659069556178809	NA	-0.0806516096958239	151.780514365258	0.996388667113188	0.996388667113188
RAB35	quasibinomial	33	6	0.0438443500293212	0.0986642802301786	0.659504190652176	NA	-0.0459307666300594	559.318501279081	0.996388667113188	0.996388667113188
CHAF1B	quasibinomial	23	4	-0.228656192876487	0.515582685614767	0.660140281310996	NA	0.224008081368939	51.1927314253205	0.996388667113188	0.996388667113188
NUFIP1	quasibinomial	33	6	0.0557127395581076	0.125854258107213	0.66072351098009	NA	-0.0534726765985144	63.254312007372	0.996388667113188	0.996388667113188
DOK4	quasibinomial	33	6	0.0287721711248384	0.0650443618782725	0.660959778855294	NA	-0.0285354107328276	2441.4626184785	0.996388667113188	0.996388667113188
LRRC55	quasibinomial	33	6	-0.128557633669114	0.290627423801005	0.660961019321139	NA	0.106939187789097	173.040408627677	0.996388667113188	0.996388667113188
AKR1C2	quasibinomial	33	6	-0.128269181995887	0.290046397105311	0.661038687992636	NA	0.121766668532506	242.473246025653	0.996388667113188	0.996388667113188
LSAMP	quasibinomial	33	6	-0.0536768636476545	0.121386971825432	0.661067726010544	NA	0.0316845386341912	3436.42303164193	0.996388667113188	0.996388667113188
IL6ST	quasibinomial	33	6	-0.0584194485905552	0.132153780053019	0.661167815382738	NA	0.036085678666238	1316.47950025202	0.996388667113188	0.996388667113188
SLC30A8	quasibinomial	31	6	0.219506471043714	0.496573167153771	0.661177870282443	NA	-0.194897492100135	54.1187266142791	0.996388667113188	0.996388667113188
TMEM19	quasibinomial	33	6	0.0479031014504276	0.108526135570443	0.661640644913029	NA	-0.0498681967082941	507.682036445338	0.996388667113188	0.996388667113188
HADH	quasibinomial	33	6	0.0380469269398152	0.0862415791433138	0.66180557192859	NA	-0.0364734523064841	195.783375550982	0.996388667113188	0.996388667113188
NFIX	quasibinomial	33	6	-0.117126454922037	0.265536830520542	0.661858481003241	NA	0.125335894979265	61.5765095142061	0.996388667113188	0.996388667113188
PKP4	quasibinomial	33	6	-0.128146706074688	0.290703612875947	0.662057383903502	NA	0.128895216376759	134.39609985464	0.996388667113188	0.996388667113188
SPTY2D1	quasibinomial	33	6	-0.0783686759088899	0.177792196850373	0.662077184220073	NA	0.076061137390174	73.4321783600069	0.996388667113188	0.996388667113188
PDE4A	quasibinomial	33	6	0.0619006190573675	0.140672717104056	0.662618797056671	NA	-0.0581589608048443	302.543080262584	0.996388667113188	0.996388667113188
KPNA1	quasibinomial	33	6	-0.088218899198269	0.200521384323132	0.662679971031174	NA	0.0534903688356838	1565.34270167873	0.996388667113188	0.996388667113188
TSN	quasibinomial	33	6	-0.0258687425241648	0.0588298882787728	0.662842456365455	NA	0.0266881416570141	1480.32950396965	0.996388667113188	0.996388667113188
SIKE1	quasibinomial	33	6	0.0663358754894633	0.150884652433954	0.662896129418033	NA	-0.0640440053387332	1012.71648250147	0.996388667113188	0.996388667113188
ISY1	quasibinomial	33	6	0.103503493445592	0.235556492328841	0.663072916465045	NA	-0.10854311384839	239.120368632001	0.996388667113188	0.996388667113188
CREBBP	quasibinomial	33	6	0.0483726053282424	0.110126035280784	0.663182124772577	NA	-0.0526405595636982	416.223803405959	0.996388667113188	0.996388667113188
GREB1L	quasibinomial	33	6	-0.0548149123832757	0.124860684689031	0.663353700692963	NA	0.0491558667314247	225.93056380579	0.996388667113188	0.996388667113188
GRIA1	quasibinomial	33	6	0.0366517065491668	0.0834949825628277	0.663382129319258	NA	-0.0341781071469754	665.129005570355	0.996388667113188	0.996388667113188
PAWR	quasibinomial	33	6	-0.139708760331547	0.318593484433143	0.663706294640434	NA	0.157795530532174	64.153094119845	0.996388667113188	0.996388667113188
ZNF283	quasibinomial	33	6	0.0751190831740216	0.171393560459486	0.663873663119234	NA	-0.0724309395245081	103.436289269951	0.996388667113188	0.996388667113188
CYB5R3	quasibinomial	31	6	-0.130493508474577	0.29775286457	0.663890194226375	NA	0.10995885005699	4946.7719626751	0.996388667113188	0.996388667113188
PEX11A	quasibinomial	33	6	0.0841789366808131	0.192144438043015	0.66400416262646	NA	-0.0790664408694202	106.646175765645	0.996388667113188	0.996388667113188
IQSEC1	quasibinomial	33	6	-0.0332373525491961	0.0758880643149292	0.6640929939571	NA	0.0324221777985881	871.848686398033	0.996388667113188	0.996388667113188
ZNF234	quasibinomial	33	6	-0.086745317870395	0.198604175041598	0.664957500954167	NA	0.0922831745906421	203.576906696067	0.996388667113188	0.996388667113188
TRAF4	quasibinomial	33	6	-0.0832616320753096	0.191145350246699	0.665806548118575	NA	0.0796072168078734	294.48276255644	0.996388667113188	0.996388667113188
LRRC8B	quasibinomial	33	6	-0.0848511964584875	0.19509553715297	0.666289639212133	NA	0.0815820332026728	171.389005046181	0.996388667113188	0.996388667113188
SMAD5	quasibinomial	33	6	-0.0743323359526094	0.171328054064275	0.6670530445836	NA	0.0679326186907479	188.469533703704	0.996388667113188	0.996388667113188
MFSD4B	quasibinomial	33	6	0.0641479050406645	0.147923353849613	0.667199294989729	NA	-0.0654297180131999	294.226050857902	0.996388667113188	0.996388667113188
TBRG1	quasibinomial	33	6	-0.0359653100266154	0.082974521806628	0.667347727668407	NA	0.0334495046330353	1137.07684045778	0.996388667113188	0.996388667113188
STAR	quasibinomial	33	6	0.0932949265052519	0.215557600823449	0.667810123164452	NA	-0.110583672961124	114.68806516375	0.996388667113188	0.996388667113188
ARID1B	quasibinomial	33	6	-0.0680983880882542	0.157396232130843	0.667919250273124	NA	0.0828062719211376	1043.16304203442	0.996388667113188	0.996388667113188
FUT9	quasibinomial	33	6	0.0802812957497038	0.185853580655395	0.668420126245001	NA	-0.0764183365986431	285.175343394549	0.996388667113188	0.996388667113188
ZNF568	quasibinomial	33	6	0.130170688813431	0.301349613504014	0.668420753941515	NA	-0.144326554884828	70.4558977220915	0.996388667113188	0.996388667113188
PTBP3	quasibinomial	33	6	0.0871952593656839	0.201874217183782	0.668442625186665	NA	-0.0773094588766041	274.261542749167	0.996388667113188	0.996388667113188
RAB11FIP5	quasibinomial	33	6	0.0398090246228328	0.0923787045559798	0.669159628545485	NA	-0.0337433485756002	291.143971007999	0.996388667113188	0.996388667113188
RPS27L	quasibinomial	33	6	-0.113949835604157	0.264477913228388	0.669220637883918	NA	0.101513051956108	259.318112638251	0.996388667113188	0.996388667113188
SEPHS1	quasibinomial	33	6	-0.0438781891040525	0.101943671617542	0.669531957565362	NA	0.0418443683357416	395.976754402675	0.996388667113188	0.996388667113188
CEP97	quasibinomial	33	6	-0.0753307047360476	0.175263562449014	0.669965819818237	NA	0.0696247480342624	224.195829315115	0.996388667113188	0.996388667113188
LDLRAD4	quasibinomial	33	6	-0.0516999080277041	0.120340644215951	0.670110531168095	NA	0.0390542197610258	420.094174163362	0.996388667113188	0.996388667113188
FBXW2	quasibinomial	33	6	-0.0487185618058841	0.113441127849839	0.670219953171483	NA	0.0394424079345851	923.710671680288	0.996388667113188	0.996388667113188
RHBDD1	quasibinomial	33	6	-0.0753182912429807	0.175468378855402	0.670378368496747	NA	0.0688630712099079	142.44082801437	0.996388667113188	0.996388667113188
ZNF121	quasibinomial	33	6	-0.0590934064615446	0.138183400659758	0.671529573580419	NA	0.0571240803008647	318.346080063369	0.996388667113188	0.996388667113188
BEND6	quasibinomial	31	6	-0.159877675504201	0.373970149423424	0.67162349793151	NA	0.173231356499509	103.178301720475	0.996388667113188	0.996388667113188
FAM217B	quasibinomial	33	6	-0.0502803978305354	0.117763431428328	0.672022786380032	NA	0.0466673756187931	614.895173612987	0.996388667113188	0.996388667113188
SPRED2	quasibinomial	33	6	0.0261643618531725	0.0613014817314103	0.672128513669687	NA	-0.0263224921484064	762.436504962511	0.996388667113188	0.996388667113188
HAUS5	quasibinomial	33	6	-0.0980038818130207	0.229623036186203	0.672136563288281	NA	0.086885801679393	97.7348484220195	0.996388667113188	0.996388667113188
POLR2J3	quasibinomial	33	6	-0.0728725408909085	0.170969165105236	0.672548817108374	NA	0.0701593997651391	110.7001490599	0.996388667113188	0.996388667113188
CYCS	quasibinomial	33	6	0.0741950296993511	0.174084169842793	0.672570483563132	NA	-0.0559581398397788	5119.07041423942	0.996388667113188	0.996388667113188
CACNA1E	quasibinomial	33	6	0.0445836151808845	0.104740053443005	0.672961987376803	NA	-0.0432815029973211	912.458850956036	0.996388667113188	0.996388667113188
MLLT6	quasibinomial	33	6	0.0558113169694175	0.131245443305993	0.673262187138721	NA	-0.0505543188794325	186.361361756787	0.996388667113188	0.996388667113188
TMEM199	quasibinomial	33	6	0.0543031834876134	0.127961532219435	0.673892410721918	NA	-0.0481125561271674	1007.48019618574	0.996388667113188	0.996388667113188
UNKL	quasibinomial	33	6	0.0544976005919634	0.128591361087514	0.674301740349828	NA	-0.0571701497946507	558.581672257742	0.996388667113188	0.996388667113188
GARRE1	quasibinomial	33	6	0.0659767026687904	0.155789746268939	0.674522949064659	NA	-0.0642450876952359	149.856308668514	0.996388667113188	0.996388667113188
CPPED1	quasibinomial	33	6	0.0303772855032462	0.0717752651544498	0.674718483810416	NA	-0.0292534814525112	231.532570456127	0.996388667113188	0.996388667113188
ZKSCAN2	quasibinomial	33	6	0.0863200232014164	0.204056249766729	0.674868112610752	NA	-0.104505564481462	472.455802984486	0.996388667113188	0.996388667113188
WDR33	quasibinomial	33	6	0.0704340012601053	0.1667949204018	0.675404223208666	NA	-0.0689139422003452	436.892734246343	0.996388667113188	0.996388667113188
ZNF148	quasibinomial	33	6	-0.0681257553332324	0.161365598454344	0.675473923596347	NA	0.0673749016499041	971.456196775227	0.996388667113188	0.996388667113188
PWP1	quasibinomial	33	6	-0.0543403297267258	0.12875075373809	0.675563795622125	NA	0.0584680018249242	270.641457774653	0.996388667113188	0.996388667113188
TOM1L1	quasibinomial	33	6	-0.0912497196341905	0.216486363614315	0.675965143130349	NA	0.0785677710330277	58.3119047903041	0.996388667113188	0.996388667113188
RFC1	quasibinomial	33	6	0.0518529407508737	0.123028182690572	0.675987750856781	NA	-0.0504692899682989	100.960535009228	0.996388667113188	0.996388667113188
MOCS3	quasibinomial	33	6	-0.0566015852598219	0.134340833564917	0.676091769985776	NA	0.0663193143802411	411.610954205442	0.996388667113188	0.996388667113188
YKT6	quasibinomial	33	6	0.0298749211636392	0.0709830354889317	0.676420250864966	NA	-0.0284709762898036	1486.12068465293	0.996388667113188	0.996388667113188
SNX5	quasibinomial	33	6	0.0536146156169858	0.127758187425591	0.677300935530758	NA	-0.0478566775190002	197.593535434897	0.996388667113188	0.996388667113188
TMOD1	quasibinomial	33	6	0.0247708261107961	0.0590701632994903	0.677526162016271	NA	-0.0236395834286649	2006.50271666902	0.996388667113188	0.996388667113188
CDYL2	quasibinomial	33	6	0.0651669048593413	0.155542797118329	0.677802235952399	NA	-0.0567964928059786	541.252210052158	0.996388667113188	0.996388667113188
TTC33	quasibinomial	33	6	-0.056953926046167	0.135974069603583	0.677878789227935	NA	0.0552202298778256	420.232513506065	0.996388667113188	0.996388667113188
SERPINB9	quasibinomial	33	6	0.0492359808812677	0.117646705358674	0.678133399146567	NA	-0.040426033196491	1024.01495164019	0.996388667113188	0.996388667113188
C16orf46	quasibinomial	33	6	0.0527133446855591	0.125967407780822	0.678161620116564	NA	-0.0504671446777563	119.424653457303	0.996388667113188	0.996388667113188
NSMCE3	quasibinomial	33	6	-0.118112604504866	0.282419367249929	0.678343416974345	NA	0.167089340140125	1365.83798624469	0.996388667113188	0.996388667113188
EHD1	quasibinomial	33	6	0.0327244175779844	0.0783981161024281	0.678925622567756	NA	-0.0335890425768518	993.460753443479	0.996388667113188	0.996388667113188
TBC1D16	quasibinomial	33	6	0.0589012450444349	0.141127557699768	0.678962977597092	NA	-0.0683007870198634	1090.4391095142	0.996388667113188	0.996388667113188
GABRG2	quasibinomial	33	6	-0.0839226863128944	0.20112386270204	0.679030418358336	NA	0.113111861050795	1944.32051892102	0.996388667113188	0.996388667113188
FRAT2	quasibinomial	33	6	0.0391233048306081	0.0937832636105064	0.679103909110174	NA	-0.0380247155922982	346.698193376188	0.996388667113188	0.996388667113188
MYO6	quasibinomial	33	6	-0.0580384643223305	0.139157922431406	0.679175041047563	NA	0.0554847467626991	135.435672634581	0.996388667113188	0.996388667113188
TMEM132B	quasibinomial	33	6	0.0475774634878974	0.114085675392249	0.679201349319003	NA	-0.0460647360118724	1503.08900495693	0.996388667113188	0.996388667113188
C22orf39	quasibinomial	33	6	-0.0597618149677031	0.143435497437139	0.67948166672139	NA	0.0499498598603967	1277.5996368357	0.996388667113188	0.996388667113188
COPS2	quasibinomial	33	6	-0.0593150885657411	0.14246408616033	0.679695290081197	NA	0.0641820242489263	510.406318378895	0.996388667113188	0.996388667113188
SNX1	quasibinomial	33	6	0.0756702136465298	0.181825209239126	0.679826539576322	NA	-0.0722629412441007	186.791727190099	0.996388667113188	0.996388667113188
FLYWCH1	quasibinomial	33	6	0.0615279178343772	0.147929412214379	0.680002355070709	NA	-0.0592684628572582	896.494481965012	0.996388667113188	0.996388667113188
MEIS2	quasibinomial	33	6	-0.0617638166358944	0.148497760192795	0.680004760697511	NA	0.0587436819950859	135.277027885066	0.996388667113188	0.996388667113188
AMPH	quasibinomial	33	6	0.0279936292823189	0.0673075949178592	0.680018011976853	NA	-0.0250132426896823	1285.97981960512	0.996388667113188	0.996388667113188
NAT8L	quasibinomial	33	6	0.0699501552407702	0.168323145593834	0.680261116936238	NA	-0.0666465550052671	361.857813361696	0.996388667113188	0.996388667113188
P4HA2	quasibinomial	33	6	-0.0583107631038992	0.140389850103191	0.680421920002837	NA	0.0924154987208343	346.765155889098	0.996388667113188	0.996388667113188
RSPO2	quasibinomial	33	6	0.0522922601342848	0.126404556249212	0.681625421598252	NA	-0.0738446807615292	291.359401068329	0.996388667113188	0.996388667113188
CARHSP1	quasibinomial	33	6	-0.0514186265505487	0.124332403770141	0.681721168433073	NA	0.0494860790499984	759.060149628646	0.996388667113188	0.996388667113188
CACNA1B	quasibinomial	33	6	-0.0288175071619138	0.0696850056756864	0.681734346988954	NA	0.0288094936138049	854.341065385579	0.996388667113188	0.996388667113188
RSU1	quasibinomial	33	6	0.0492092469295271	0.119085282233695	0.681961223815863	NA	-0.0406532995689416	902.401319092286	0.996388667113188	0.996388667113188
MTO1	quasibinomial	31	6	-0.116869088722336	0.282909523081237	0.682055497911161	NA	0.123805052114782	129.075135220735	0.996388667113188	0.996388667113188
PCGF3	quasibinomial	33	6	0.0389125991066157	0.0942079365518649	0.68208956125765	NA	-0.0387060619194184	998.624178005323	0.996388667113188	0.996388667113188
COX7B	quasibinomial	33	6	-0.0755549358991505	0.182949282904126	0.682138306474588	NA	0.046103174043093	3001.41411799861	0.996388667113188	0.996388667113188
PCYT2	quasibinomial	33	6	-0.0326404388179385	0.0791145823638139	0.682436827027654	NA	0.0315613266617026	1002.41984037664	0.996388667113188	0.996388667113188
UNC13A	quasibinomial	33	6	0.0463599041581287	0.112436432565203	0.682618832785458	NA	-0.0460961109790384	1716.01128451152	0.996388667113188	0.996388667113188
TSC22D2	quasibinomial	33	6	-0.0530563280484427	0.128692721221732	0.682654858200029	NA	0.0495705680775054	548.723278638691	0.996388667113188	0.996388667113188
RCAN3	quasibinomial	33	6	-0.045908673594495	0.111521004559148	0.683099233138025	NA	0.0316649118532709	667.498003470599	0.996388667113188	0.996388667113188
UTP11	quasibinomial	33	6	0.0521833440849918	0.126803967024601	0.683194910744231	NA	-0.04944469642164	313.205079663924	0.996388667113188	0.996388667113188
ANKRD34A	quasibinomial	33	6	0.0392588269218308	0.0954284094542958	0.683290856704226	NA	-0.0380760386879439	457.894536802554	0.996388667113188	0.996388667113188
UNC5B	quasibinomial	32	6	0.157025620390399	0.381823531678071	0.683395287430395	NA	-0.1591530506183	54.029720103172	0.996388667113188	0.996388667113188
DERL1	quasibinomial	33	6	0.0228592305701779	0.0555998971480387	0.68347795975829	NA	-0.0259497361852372	1115.24687121722	0.996388667113188	0.996388667113188
USP45	quasibinomial	33	6	0.0740196192307774	0.180212421229343	0.683770440258395	NA	-0.0404394563123715	88.5246564053015	0.996388667113188	0.996388667113188
ALDH5A1	quasibinomial	33	6	-0.0315947471255992	0.0769366924447029	0.683825922270956	NA	0.0267339518598337	1260.67347584774	0.996388667113188	0.996388667113188
ROCK2	quasibinomial	33	6	-0.0474576453726645	0.115700648402033	0.684176795749301	NA	0.0455538248891838	194.295729755048	0.996388667113188	0.996388667113188
ASAH2B	quasibinomial	33	6	-0.0977430986305716	0.238410073747886	0.684320138155109	NA	0.0771534169330224	210.102282134885	0.996388667113188	0.996388667113188
MBD5	quasibinomial	33	6	0.0690326346099524	0.168435362518741	0.684416399058823	NA	-0.065624143310056	77.139512706083	0.996388667113188	0.996388667113188
UMPS	quasibinomial	33	6	0.11758923769126	0.287004325919714	0.684513808610604	NA	-0.120515393129492	108.96102592982	0.996388667113188	0.996388667113188
LGI2	quasibinomial	33	6	0.0447460521579958	0.109232907726177	0.684567221648911	NA	-0.0429735148754663	3246.29309547938	0.996388667113188	0.996388667113188
RTL8B	quasibinomial	33	6	-0.0716026024267322	0.174933819970541	0.684804496943644	NA	0.0892467980284772	657.597570858229	0.996388667113188	0.996388667113188
ADSL	quasibinomial	33	6	0.101516370148015	0.248397705952255	0.685260870761174	NA	-0.122147880104115	414.094590832531	0.996388667113188	0.996388667113188
NICN1	quasibinomial	33	6	0.0287391871670599	0.07032563521959	0.685279812722938	NA	-0.027517776492535	769.055557091876	0.996388667113188	0.996388667113188
RALYL	quasibinomial	33	6	0.0311943347495505	0.0763886765539853	0.685494648315204	NA	-0.03155224196697	730.066164327122	0.996388667113188	0.996388667113188
MAEA	quasibinomial	33	6	0.0250387946949763	0.0613654925081892	0.685739063602938	NA	-0.0237920788070332	1430.04158594048	0.996388667113188	0.996388667113188
LMLN	quasibinomial	33	6	0.107671232877489	0.263888173202038	0.685745511555826	NA	-0.105736539867864	155.256215947828	0.996388667113188	0.996388667113188
NFASC	quasibinomial	33	6	0.0507176115487939	0.124438897086156	0.686071399157967	NA	-0.0543131924923654	1737.11568089184	0.996388667113188	0.996388667113188
THG1L	quasibinomial	33	6	-0.0678808360271642	0.166651324404911	0.686251746546353	NA	0.0642260309159533	74.2318689939519	0.996388667113188	0.996388667113188
ZNF207	quasibinomial	33	6	-0.0643510196893207	0.158163248879951	0.686584970534347	NA	0.0655056373768621	1016.87499380823	0.996388667113188	0.996388667113188
ATF7	quasibinomial	33	6	-0.0862301082002875	0.211949527712216	0.686600907691843	NA	0.0752350081615954	288.234275524162	0.996388667113188	0.996388667113188
NUS1	quasibinomial	33	6	-0.0591364780870555	0.145459962129113	0.686815234773213	NA	0.0618043655862763	240.842764133015	0.996388667113188	0.996388667113188
RRM2B	quasibinomial	33	6	-0.058255584777065	0.1434944646526	0.687230290346922	NA	0.059619562587924	440.362730002909	0.996388667113188	0.996388667113188
F11R	quasibinomial	33	6	0.059896966941212	0.147613508993494	0.687382480194609	NA	-0.0565004732746123	82.7868876347079	0.996388667113188	0.996388667113188
KCTD15	quasibinomial	33	6	-0.0589389913771816	0.145386886987249	0.687655320851085	NA	0.0714997363034536	218.319315943892	0.996388667113188	0.996388667113188
SUPT3H	quasibinomial	33	6	0.0881292192653865	0.217456550858369	0.687743692976459	NA	-0.0880792773272351	61.4173140719487	0.996388667113188	0.996388667113188
TBL1XR1	quasibinomial	33	6	0.0824050749740696	0.20364265496989	0.688193399247589	NA	-0.0821979866852011	814.202046003695	0.996388667113188	0.996388667113188
LRRTM2	quasibinomial	33	6	-0.0397816369236757	0.0983567530458759	0.688333679039719	NA	0.0341462849439652	440.053298100458	0.996388667113188	0.996388667113188
ZNF136	quasibinomial	33	6	-0.0804040825840175	0.198811929394657	0.688362716368016	NA	0.024943876613442	511.237292789149	0.996388667113188	0.996388667113188
RGS4	quasibinomial	33	6	-0.020490464647991	0.0507127830833368	0.688634826831062	NA	0.0225210345855028	2992.72947641597	0.996388667113188	0.996388667113188
ZFHX3	quasibinomial	33	6	0.0362743894445375	0.08978067313643	0.688646422417302	NA	-0.0351289049537153	810.723051008005	0.996388667113188	0.996388667113188
HINFP	quasibinomial	33	6	-0.0694248952770878	0.171876449888851	0.688726660665317	NA	0.0799748680839001	371.123931804556	0.996388667113188	0.996388667113188
GRIP2	quasibinomial	33	6	-0.0893545495689022	0.221372727854748	0.688934163438685	NA	0.075447391307956	268.248262036535	0.996388667113188	0.996388667113188
SYT14	quasibinomial	33	6	0.10519548343206	0.260729542430526	0.689059905560431	NA	-0.0686003508821988	423.685456450052	0.996388667113188	0.996388667113188
REPS2	quasibinomial	33	6	0.126126586920351	0.312639200851262	0.689089448270832	NA	-0.177088516159272	171.468489410619	0.996388667113188	0.996388667113188
NOVA2	quasibinomial	33	6	0.0829856013597021	0.205777189148103	0.689196183473839	NA	-0.0822362746051359	1097.71035735373	0.996388667113188	0.996388667113188
SLITRK2	quasibinomial	30	6	0.158404112896036	0.392910173040445	0.689285727745353	NA	-0.050453598349652	117.281511834102	0.996388667113188	0.996388667113188
SEMA5A	quasibinomial	33	6	-0.0852369204660585	0.211457937501929	0.689332692658758	NA	0.0822182678984489	179.841734815397	0.996388667113188	0.996388667113188
AFAP1	quasibinomial	33	6	0.0551166709023707	0.136982085048723	0.689863022933877	NA	-0.0356390582855159	1320.64612866497	0.996388667113188	0.996388667113188
TKT	quasibinomial	32	6	-0.0902585237388499	0.22444596793218	0.690026976781484	NA	0.0861812702100301	640.112557273874	0.996388667113188	0.996388667113188
PDGFA	quasibinomial	33	6	-0.0779030454628333	0.194338185411765	0.690957520606888	NA	0.0688172797492272	166.204238409323	0.996388667113188	0.996388667113188
WBP4	quasibinomial	33	6	0.0766336335674276	0.1912783161685	0.691120847377814	NA	-0.0740564130079686	90.1160835863929	0.996388667113188	0.996388667113188
DGKI	quasibinomial	33	6	0.0332791201549275	0.0830837143963518	0.691186628185049	NA	-0.0310651232323318	876.035807962103	0.996388667113188	0.996388667113188
DRGX	quasibinomial	33	6	0.0430389083853821	0.107480486391453	0.691270265762374	NA	-0.0380742862807611	415.059052956936	0.996388667113188	0.996388667113188
SELENOI	quasibinomial	33	6	0.0690380123002239	0.172523477886919	0.691466350931094	NA	-0.0772168368480774	802.90051169983	0.996388667113188	0.996388667113188
TAOK1	quasibinomial	33	6	-0.0611547226239643	0.152841528735243	0.691500940531483	NA	0.0593606007434959	1430.03843880797	0.996388667113188	0.996388667113188
GSR	quasibinomial	33	6	-0.0268102103419604	0.0670374718529605	0.691639431000983	NA	0.0283768602064439	483.034629093081	0.996388667113188	0.996388667113188
RPP25	quasibinomial	33	6	-0.0563149163965121	0.140990409602449	0.692007999001895	NA	0.0629794707683914	555.551483276818	0.996388667113188	0.996388667113188
M6PR	quasibinomial	33	6	0.0284622999116005	0.0712770337480716	0.692084185726463	NA	-0.0235711708266134	527.799956488947	0.996388667113188	0.996388667113188
FAM167A	quasibinomial	33	6	0.0348149366501185	0.0872124196005582	0.692173508014938	NA	-0.0407614602919965	591.320539376027	0.996388667113188	0.996388667113188
CCNDBP1	quasibinomial	33	6	0.0641433251434018	0.16078000377528	0.692353184039498	NA	-0.0756612098505127	1033.41850013155	0.996388667113188	0.996388667113188
ACVR1B	quasibinomial	33	6	0.0600537928247199	0.150541647607951	0.692377098189366	NA	-0.046137256985319	720.403799442206	0.996388667113188	0.996388667113188
ST8SIA1	quasibinomial	33	6	0.0455722204495296	0.114284765907854	0.692492378456654	NA	-0.0443978841401731	917.372938060504	0.996388667113188	0.996388667113188
ILDR2	quasibinomial	31	6	-0.164054972974063	0.41228260983957	0.693106898378589	NA	0.124928906141736	182.134264601475	0.996388667113188	0.996388667113188
TIPARP	quasibinomial	33	6	-0.0994341357150239	0.250272424165841	0.693556236424605	NA	0.107600657765713	55.3559069975788	0.996388667113188	0.996388667113188
RSBN1	quasibinomial	33	6	0.0652213153053021	0.164387965190584	0.693958992925045	NA	-0.0652809779902097	331.140465022742	0.996388667113188	0.996388667113188
AGO2	quasibinomial	33	6	-0.0617026195308562	0.155588475289874	0.694088046697267	NA	0.0511131910922596	532.096254741197	0.996388667113188	0.996388667113188
FAM107B	quasibinomial	33	6	-0.0224604609004007	0.0567191414449305	0.694512973518178	NA	0.0220507986850435	947.936537476173	0.996388667113188	0.996388667113188
PUS1	quasibinomial	27	6	-0.163742624459915	0.414941640544605	0.695520763673631	NA	0.119270714832873	63.0384743907693	0.996388667113188	0.996388667113188
NKIRAS2	quasibinomial	33	6	-0.0490268752019661	0.124330629603018	0.695732453698984	NA	0.0441021898656855	3111.26769853839	0.996388667113188	0.996388667113188
MKRN2	quasibinomial	33	6	-0.0184905449892415	0.0469064270910057	0.695824572142242	NA	0.0159320412626576	562.756500501391	0.996388667113188	0.996388667113188
RBM12	quasibinomial	33	6	-0.0566133825906899	0.143745553263775	0.696085191246942	NA	0.0899181884406011	1111.03028879574	0.996388667113188	0.996388667113188
MRPS14	quasibinomial	33	6	-0.0390868175251963	0.0993665088626658	0.696439561203505	NA	0.0378445889628043	618.960076218763	0.996388667113188	0.996388667113188
ASIC1	quasibinomial	33	6	0.0213738525481154	0.0543568534870061	0.696546766734519	NA	-0.0224172630069416	1686.07357831334	0.996388667113188	0.996388667113188
FTO	quasibinomial	33	6	-0.162403581444727	0.41339998385614	0.696813907426544	NA	0.156746308508358	3435.46462835117	0.996388667113188	0.996388667113188
PRTFDC1	quasibinomial	33	6	-0.0808053638127218	0.205693574838634	0.696817669891385	NA	0.064101977853401	96.2816577230932	0.996388667113188	0.996388667113188
RNF24	quasibinomial	33	6	-0.0414032061597925	0.105447803394503	0.696965290190621	NA	0.0438936265638059	1478.83755429061	0.996388667113188	0.996388667113188
SAYSD1	quasibinomial	33	6	0.0351054263183032	0.0894096797208547	0.696969739440786	NA	-0.038240670880467	355.95372910894	0.996388667113188	0.996388667113188
C2orf15	quasibinomial	33	6	-0.051454924342091	0.131055103580571	0.696980794496567	NA	0.0496215759260597	139.302262586903	0.996388667113188	0.996388667113188
PLPBP	quasibinomial	33	6	-0.0461290758191874	0.11769810593993	0.697488434589512	NA	0.0539357489856752	619.179200352267	0.996388667113188	0.996388667113188
AGO1	quasibinomial	33	6	0.0729794555837104	0.186433505020784	0.697837535578046	NA	-0.127368091289096	515.686577775298	0.996388667113188	0.996388667113188
ZDBF2	quasibinomial	33	6	-0.171824769185968	0.439384123851171	0.698124700894764	NA	0.154003051681238	556.421154370984	0.996388667113188	0.996388667113188
TNRC6B	quasibinomial	33	6	0.043559547556992	0.111561944110058	0.698568992223365	NA	-0.0397259284861077	1529.83814320583	0.996388667113188	0.996388667113188
SOX4	quasibinomial	33	6	-0.0583770145475006	0.149559346572593	0.698660506701473	NA	0.0846198547096203	8164.35107638488	0.996388667113188	0.996388667113188
RNF138	quasibinomial	33	6	-0.069364809227629	0.177987537213074	0.699107119846822	NA	0.0498245986864397	239.190284134167	0.996388667113188	0.996388667113188
DNAJC30	quasibinomial	33	6	0.0803640000716281	0.206260428464562	0.699175484146898	NA	-0.090793302358035	579.317265217977	0.996388667113188	0.996388667113188
PLRG1	quasibinomial	33	6	0.0361069049944105	0.0927011818037708	0.699267934386005	NA	-0.0346627210971092	189.47110831827	0.996388667113188	0.996388667113188
TGFBR1	quasibinomial	33	6	-0.0556275014873552	0.14286603513456	0.699362851891465	NA	0.0573908745603597	1411.94124416294	0.996388667113188	0.996388667113188
YPEL1	quasibinomial	33	6	-0.0427015125592374	0.109953854979169	0.700103083395883	NA	0.0411653575883935	957.615270180855	0.996388667113188	0.996388667113188
CNOT6	quasibinomial	33	6	0.0456494114827386	0.117581459269102	0.700192542509263	NA	-0.0480442611613411	290.741095498786	0.996388667113188	0.996388667113188
ZC3HAV1	quasibinomial	33	6	0.0981746952718177	0.25296551729164	0.70029615752379	NA	-0.141537226859094	218.655545449596	0.996388667113188	0.996388667113188
CKAP2	quasibinomial	33	6	-0.0468664577542237	0.120884527219692	0.700588822423786	NA	0.0352723306676397	190.268450832039	0.996388667113188	0.996388667113188
ZNF629	quasibinomial	33	6	0.0534162010190729	0.137989537102266	0.701023640852128	NA	-0.0529925097716006	623.233999560935	0.996388667113188	0.996388667113188
HS2ST1	quasibinomial	33	6	-0.0516360663218891	0.133397572598758	0.701037774860549	NA	0.0501120252849297	339.993153023315	0.996388667113188	0.996388667113188
RNF2	quasibinomial	33	6	0.0437242921083189	0.113159806656347	0.701543871003392	NA	-0.0416918352516242	354.177584405979	0.996388667113188	0.996388667113188
KAT6B	quasibinomial	33	6	0.0625759485069199	0.16225972570388	0.702087825831531	NA	-0.0336879227203483	382.886898434546	0.996388667113188	0.996388667113188
RIC3	quasibinomial	33	6	-0.027776061252618	0.0721106482214104	0.702430124051861	NA	0.033918836239658	2048.94643276285	0.996388667113188	0.996388667113188
SETD5	quasibinomial	33	6	0.0812879907639069	0.211267876463291	0.702741432273416	NA	-0.0796557379341452	545.148685402329	0.996388667113188	0.996388667113188
PLXNA4	quasibinomial	33	6	0.0433230636692207	0.11261584087848	0.702789075133496	NA	-0.0406385881732517	2234.57058121385	0.996388667113188	0.996388667113188
CFAP97	quasibinomial	33	6	-0.0390009431191158	0.101424382447874	0.702910640990342	NA	0.0388925566826871	253.903245758695	0.996388667113188	0.996388667113188
FBXO32	quasibinomial	32	6	0.143637290791687	0.373599916275302	0.702957646853323	NA	-0.142953945277457	54.0140760458746	0.996388667113188	0.996388667113188
MDH2	quasibinomial	33	6	0.0285991012452156	0.0744811821191267	0.703317994701887	NA	-0.0286310138662994	2569.33540768848	0.996388667113188	0.996388667113188
SKIL	quasibinomial	33	6	-0.036715987969054	0.0956987243061158	0.703549582564405	NA	0.0346427692536361	375.10249994114	0.996388667113188	0.996388667113188
TSPYL5	quasibinomial	33	6	-0.038461556829301	0.10025771463186	0.703575546125612	NA	0.0408685101957273	1120.54736530771	0.996388667113188	0.996388667113188
RBM8A	quasibinomial	33	6	-0.0435213319215717	0.113450430339066	0.703583999799276	NA	0.0438696192808842	1401.89917269901	0.996388667113188	0.996388667113188
GPR107	quasibinomial	33	6	0.0492733391979185	0.128459085063457	0.703615701518114	NA	-0.0448281996757158	530.112970215352	0.996388667113188	0.996388667113188
FOXK2	quasibinomial	33	6	0.0332190329233984	0.0866172649891134	0.703657644760321	NA	-0.0292020034567963	642.35806220524	0.996388667113188	0.996388667113188
DHX36	quasibinomial	33	6	0.0767393209675867	0.200211574090999	0.703822213300705	NA	-0.0749795973707755	263.394939855295	0.996388667113188	0.996388667113188
RAP1GDS1	quasibinomial	33	6	0.04881351693002	0.127466091914162	0.704070677489189	NA	-0.0472403390485721	1883.35488028149	0.996388667113188	0.996388667113188
PCYOX1	quasibinomial	33	6	-0.0352925250501103	0.0921978005799688	0.704189390095276	NA	0.0440821391560529	2549.03310153717	0.996388667113188	0.996388667113188
DCP2	quasibinomial	33	6	-0.0446349680008455	0.11680388840176	0.704671067075381	NA	0.0506943503033727	357.787271977683	0.996388667113188	0.996388667113188
STXBP5L	quasibinomial	33	6	0.0980781800930055	0.256705810213511	0.704723594960405	NA	-0.0925760848659521	99.3280654930024	0.996388667113188	0.996388667113188
C21orf91	quasibinomial	33	6	-0.0781511245023916	0.204711586220295	0.704945890787522	NA	0.0590771411414943	94.9365798616148	0.996388667113188	0.996388667113188
MGAT2	quasibinomial	33	6	-0.0762311671658633	0.199824346936856	0.705145272347807	NA	0.18727895824049	931.055336903009	0.996388667113188	0.996388667113188
NXPE3	quasibinomial	33	6	0.0773977516680306	0.202882618433618	0.705145700675561	NA	-0.0523354752487904	624.260949610785	0.996388667113188	0.996388667113188
FAM149B1	quasibinomial	33	6	0.0510620448462818	0.134347322395025	0.706186581949772	NA	-0.0529330293523892	764.201150950816	0.996388667113188	0.996388667113188
FIGNL1	quasibinomial	33	6	0.0440963210936878	0.116064104933404	0.706292628253792	NA	-0.0456816180104173	221.524722676845	0.996388667113188	0.996388667113188
TTLL4	quasibinomial	33	6	0.107857288797096	0.284943363804496	0.707329345840872	NA	-0.141051331469971	50.5454468453624	0.996388667113188	0.996388667113188
ACADSB	quasibinomial	33	6	-0.031010374841366	0.0819460197791829	0.707401060106266	NA	0.0292089502731608	278.644305430851	0.996388667113188	0.996388667113188
CDH4	quasibinomial	33	6	-0.0384025985175422	0.10152616861234	0.707527089974971	NA	0.0363449060468809	646.818242222259	0.996388667113188	0.996388667113188
RCBTB1	quasibinomial	33	6	0.0337688846571936	0.089278267750316	0.707534561163088	NA	-0.0341065803385489	387.669325957169	0.996388667113188	0.996388667113188
COL5A2	quasibinomial	33	6	-0.0935500485708071	0.247418910624625	0.70763701739546	NA	0.0975711593374482	53.502120762482	0.996388667113188	0.996388667113188
GAS8	quasibinomial	33	6	0.0273641871243253	0.0724025459579107	0.70775390756792	NA	-0.0265231824120895	310.900322763109	0.996388667113188	0.996388667113188
PEX13	quasibinomial	33	6	-0.0600702222771319	0.159064299323598	0.707973070286017	NA	0.0668184031735004	218.48496699298	0.996388667113188	0.996388667113188
TNKS	quasibinomial	33	6	0.0390472898123853	0.103410850608529	0.70801259506625	NA	-0.051996028903781	1412.72392888453	0.996388667113188	0.996388667113188
ZNF347	quasibinomial	33	6	0.0760844642354624	0.201545719890679	0.708078128516363	NA	-0.0726820031549917	198.538497408648	0.996388667113188	0.996388667113188
NKTR	quasibinomial	33	6	0.0474658837485157	0.12602340104516	0.708712455589307	NA	-0.0399516167117714	348.928765243459	0.996388667113188	0.996388667113188
TANC1	quasibinomial	33	6	0.103633911177651	0.275160813249269	0.708722082646927	NA	-0.0933512084149243	116.692088883516	0.996388667113188	0.996388667113188
SPOUT1	quasibinomial	33	6	0.0149178314998818	0.0396159543313484	0.708773008205816	NA	-0.0144732784543911	1389.25654336427	0.996388667113188	0.996388667113188
STIM2	quasibinomial	33	6	-0.071776738621105	0.190648380715601	0.708827275371136	NA	0.0347060229633989	358.668522042825	0.996388667113188	0.996388667113188
PML	quasibinomial	25	6	-0.198098462993083	0.526505373115659	0.709001113193277	NA	0.169390938655695	260.946871795561	0.996388667113188	0.996388667113188
CLVS2	quasibinomial	33	6	-0.0556356068680103	0.148022399910813	0.709290045108692	NA	0.0533034110211396	263.061767579608	0.996388667113188	0.996388667113188
TMEM184A	quasibinomial	33	6	-0.0825983980818701	0.21984074439527	0.70939329769404	NA	0.0628160432043792	55.3989532889172	0.996388667113188	0.996388667113188
NFE2L1	quasibinomial	33	6	0.0419255604844072	0.111725118472967	0.709734403447533	NA	-0.0375328013013989	1681.53757812522	0.996388667113188	0.996388667113188
SKA2	quasibinomial	33	6	0.0381746574671846	0.101831861260683	0.710012295853239	NA	-0.037302181510757	729.853152148854	0.996388667113188	0.996388667113188
SDK1	quasibinomial	33	6	0.0770922236837834	0.205846579225397	0.710282296895556	NA	-0.0686001497071693	159.416038081923	0.996388667113188	0.996388667113188
ZNF445	quasibinomial	33	6	0.0695062910176194	0.185792010818694	0.710580838247334	NA	-0.0926819794823368	704.56777116888	0.996388667113188	0.996388667113188
SMNDC1	quasibinomial	31	6	0.0882368877603569	0.236924012966883	0.711820719005033	NA	-0.134200481743202	231.376333078029	0.996388667113188	0.996388667113188
BDH1	quasibinomial	33	6	0.0566613131210385	0.152334554884811	0.712170327632327	NA	-0.0599071273528105	232.180559881325	0.996388667113188	0.996388667113188
ERLIN2	quasibinomial	33	6	0.08837036822527	0.237647193204794	0.71224251159283	NA	-0.104507766257715	84.2715688490454	0.996388667113188	0.996388667113188
CCR10	quasibinomial	17	2	-0.25810559896305	0.694516286303818	0.712406105286847	NA	0.195637537533645	235.32294439573	0.996388667113188	0.996388667113188
SULT4A1	quasibinomial	33	6	0.0226416160488222	0.0609351438287365	0.712453724365122	NA	-0.0224157430493122	4487.00709168446	0.996388667113188	0.996388667113188
BRWD1	quasibinomial	33	6	-0.0679773071721383	0.18319794998017	0.712829975871755	NA	0.0670808318983174	99.7751397983188	0.996388667113188	0.996388667113188
WIPF3	quasibinomial	33	6	-0.0175471368100616	0.0472910377992418	0.712840022117948	NA	0.0171570600377502	679.040874921322	0.996388667113188	0.996388667113188
STEEP1	quasibinomial	33	6	-0.0377675346785324	0.10182519402771	0.712943449885583	NA	0.0378051689219586	195.08712138628	0.996388667113188	0.996388667113188
UBE2D1	quasibinomial	33	6	0.0266016512142626	0.0717231590357455	0.712952405408634	NA	-0.0254863298778556	784.950722090512	0.996388667113188	0.996388667113188
APEX2	quasibinomial	33	6	-0.0774941841042723	0.209882617953626	0.714183492332176	NA	0.0612010914692867	218.361934377765	0.996388667113188	0.996388667113188
ALDH7A1	quasibinomial	33	6	0.0366185381519744	0.0992616592750652	0.714417751983523	NA	-0.0372634475871554	845.172340553424	0.996388667113188	0.996388667113188
UTP15	quasibinomial	33	6	-0.0481164891372025	0.130481435384485	0.714527090951933	NA	0.0512594687110295	139.820406742091	0.996388667113188	0.996388667113188
HDDC3	quasibinomial	32	6	-0.0858508941814047	0.232861302652163	0.714588376990502	NA	0.0214843875410577	314.560500427574	0.996388667113188	0.996388667113188
ARHGAP26	quasibinomial	33	6	-0.047352823652745	0.12853817580403	0.714797634478376	NA	0.0448156179356292	468.812828281513	0.996388667113188	0.996388667113188
HAGH	quasibinomial	33	6	0.0577066666538538	0.156690365503051	0.71487913903832	NA	-0.0487925697462073	1349.20732548843	0.996388667113188	0.996388667113188
ABCF2	quasibinomial	33	6	-0.0288253266820287	0.07829560142124	0.71497112655241	NA	0.0295679206686138	503.120798026241	0.996388667113188	0.996388667113188
C11orf87	quasibinomial	33	6	-0.0602101003697262	0.163614789686971	0.715090177311292	NA	0.0934759017255798	2152.34010251287	0.996388667113188	0.996388667113188
HAP1	quasibinomial	33	6	0.089299711339859	0.242693810862023	0.715124891151197	NA	-0.12179764193205	708.162760932467	0.996388667113188	0.996388667113188
YTHDF3	quasibinomial	33	6	-0.0403410027823129	0.109651596912185	0.715162222090174	NA	0.0374061043563992	752.487120264723	0.996388667113188	0.996388667113188
TNS1	quasibinomial	33	6	0.0760908023230353	0.206887348862919	0.715245789246003	NA	-0.0566328757011306	218.217227406504	0.996388667113188	0.996388667113188
CILK1	quasibinomial	33	6	-0.0486689339745892	0.132642780002964	0.715889804628363	NA	0.067566202299657	239.909300634672	0.996388667113188	0.996388667113188
ATP2B2	quasibinomial	33	6	0.0475141673191298	0.129616682467827	0.716143293218792	NA	-0.0438981136271081	885.833749185674	0.996388667113188	0.996388667113188
SGIP1	quasibinomial	33	6	0.0335946504956743	0.0917738711538295	0.716524483126161	NA	-0.0324548213421996	441.009493946868	0.996388667113188	0.996388667113188
SEMA6A	quasibinomial	33	6	0.0637929081180679	0.174312360927319	0.716591087686916	NA	-0.0707116422405759	553.192713360294	0.996388667113188	0.996388667113188
PCDHB2	quasibinomial	33	6	0.0367079408518801	0.100354712510113	0.716729389217845	NA	0.0148135178525581	1668.6370549631	0.996388667113188	0.996388667113188
DMXL2	quasibinomial	33	6	-0.0367267255009869	0.100423626416365	0.716776694136359	NA	0.0315733320497439	373.313584209503	0.996388667113188	0.996388667113188
FRY	quasibinomial	33	6	0.060934375093828	0.166736258014935	0.716972206960509	NA	-0.0354714899184579	1055.2620739139	0.996388667113188	0.996388667113188
GNAO1	quasibinomial	33	6	-0.02158715847628	0.0590829582617924	0.717033864125158	NA	0.0181417570588812	4400.6438698449	0.996388667113188	0.996388667113188
CPSF2	quasibinomial	33	6	-0.0634320641831459	0.173645145781261	0.717088034471056	NA	0.0688366766383581	121.939167697915	0.996388667113188	0.996388667113188
PTPRT	quasibinomial	33	6	0.0764179011785608	0.209344394062273	0.717282376318131	NA	-0.0734410991730033	423.774755543773	0.996388667113188	0.996388667113188
SH3BP2	quasibinomial	33	6	0.0442900869422055	0.121340164324468	0.717302160292897	NA	-0.0373431621144172	475.495462347731	0.996388667113188	0.996388667113188
GCLM	quasibinomial	33	6	-0.0571355533091797	0.156550057670416	0.717332470955243	NA	0.0494708783762586	169.614908981087	0.996388667113188	0.996388667113188
ZNF670	quasibinomial	33	6	0.0576354113029902	0.158033648962878	0.717527251112292	NA	-0.0558351188703537	120.582634436831	0.996388667113188	0.996388667113188
ZC3H14	quasibinomial	33	6	-0.0283510848540178	0.0777501749457741	0.717571688696342	NA	0.030227285774845	613.34185835152	0.996388667113188	0.996388667113188
ATCAY	quasibinomial	33	6	-0.0506302076754447	0.13901854707714	0.717901622313166	NA	0.0458051641925352	3564.77922216413	0.996388667113188	0.996388667113188
CADM3	quasibinomial	33	6	0.05393387973988	0.148340565945266	0.718357584534448	NA	-0.0456438733120324	396.224966667231	0.996388667113188	0.996388667113188
WAPL	quasibinomial	33	6	-0.0623385249063384	0.171479001024528	0.718392381689813	NA	0.0551012662343725	81.5130969420828	0.996388667113188	0.996388667113188
WDR82	quasibinomial	33	6	-0.0253539522588033	0.0698210368064492	0.718693504961148	NA	0.0297056486164454	3095.50351818896	0.996388667113188	0.996388667113188
DNAJC15	quasibinomial	33	6	0.0391958462269185	0.107946173201608	0.718709958706381	NA	-0.0371805727008914	368.684271201779	0.996388667113188	0.996388667113188
EDEM3	quasibinomial	33	6	-0.0593568764354349	0.163577668663253	0.718886801407716	NA	0.0517974344644895	664.518934047703	0.996388667113188	0.996388667113188
UNC5D	quasibinomial	33	6	0.0506541346759654	0.139637871201472	0.718970520556052	NA	-0.04796746283072	327.106174682625	0.996388667113188	0.996388667113188
BMP2K	quasibinomial	33	6	0.0858909152258882	0.237497726755551	0.719788260229385	NA	-0.0681074183893582	88.3954603799536	0.996388667113188	0.996388667113188
FRRS1L	quasibinomial	33	6	0.0389622432104467	0.107830439328717	0.720025779038243	NA	-0.037527497159415	1424.33886043897	0.996388667113188	0.996388667113188
UBE2A	quasibinomial	33	6	-0.0222696024231554	0.0616349700592775	0.720036444738697	NA	0.0201684141855789	1539.06363675445	0.996388667113188	0.996388667113188
KRCC1	quasibinomial	33	6	-0.0877941894306133	0.243325400653605	0.720410317699703	NA	0.131286949413744	157.265880587747	0.996388667113188	0.996388667113188
FEM1C	quasibinomial	33	6	-0.0740782763191081	0.205370316704343	0.720487340521345	NA	0.0733188815529097	380.883443151436	0.996388667113188	0.996388667113188
JKAMP	quasibinomial	33	6	-0.0575330259844501	0.159621137433211	0.720688149698971	NA	0.0894340988100334	1269.64511995831	0.996388667113188	0.996388667113188
VPS4B	quasibinomial	33	6	-0.0471145249402837	0.130885426281124	0.721034413223031	NA	0.0444744244185294	440.370718504971	0.996388667113188	0.996388667113188
RPS6KA5	quasibinomial	33	6	-0.0537250236567032	0.14927821830043	0.721085618040939	NA	0.0516031612707523	125.496575334775	0.996388667113188	0.996388667113188
SORD	quasibinomial	33	6	0.0871172326271744	0.242133998615356	0.721166614140979	NA	-0.0925198500501383	98.3161880609875	0.996388667113188	0.996388667113188
C19orf12	quasibinomial	33	6	-0.0294722957440324	0.0819280654605415	0.721207775319987	NA	0.037271938017319	2308.93959989382	0.996388667113188	0.996388667113188
EDC3	quasibinomial	33	6	0.0280355267170363	0.0783135538872417	0.722500319424782	NA	-0.0269383479195466	684.761149868272	0.996388667113188	0.996388667113188
SEMA6D	quasibinomial	33	6	-0.0248388676359205	0.0695735858836405	0.723223640693247	NA	0.0246231679691188	3397.39283450203	0.996388667113188	0.996388667113188
STK40	quasibinomial	33	6	0.021197858554897	0.0593856789517209	0.723270692797481	NA	-0.0198847350773152	775.957037004798	0.996388667113188	0.996388667113188
STAU1	quasibinomial	33	6	0.0331675248187165	0.0930165629503596	0.72354958695507	NA	-0.0284027243694944	1708.60919734359	0.996388667113188	0.996388667113188
POLR2D	quasibinomial	33	6	0.0419933298852376	0.117849279967736	0.723731965515932	NA	-0.0494982322728834	882.439679766508	0.996388667113188	0.996388667113188
NAA25	quasibinomial	33	6	-0.046487737591635	0.130534429012856	0.723878110580862	NA	0.0403840967155433	160.58578106279	0.996388667113188	0.996388667113188
FAM177A1	quasibinomial	33	6	0.0363609339669506	0.10216981255558	0.724061210192241	NA	-0.0341032152210611	1055.86699536403	0.996388667113188	0.996388667113188
NSF	quasibinomial	33	6	-0.0210946999355991	0.0595245566036623	0.72517557023507	NA	0.0190397410888394	5328.19607096559	0.996388667113188	0.996388667113188
PPP1R12A	quasibinomial	33	6	0.0661430022908384	0.186839612743824	0.725455593785608	NA	-0.0707395001936739	254.638676138515	0.996388667113188	0.996388667113188
VGLL4	quasibinomial	33	6	-0.0507677736190544	0.143713438460788	0.726014700656297	NA	0.0382375656700059	645.701730265535	0.996388667113188	0.996388667113188
HMGB1	quasibinomial	33	6	-0.0565115237237567	0.16002345575321	0.72609771239818	NA	0.0548518174692314	1116.06822536397	0.996388667113188	0.996388667113188
UGCG	quasibinomial	33	6	-0.0276000256889151	0.0782248806373389	0.726332542579165	NA	0.0271173143127445	713.161143407933	0.996388667113188	0.996388667113188
RPS6KA3	quasibinomial	33	6	0.0655536525110713	0.186180772353533	0.726876947021253	NA	-0.020245523728179	2316.55013944634	0.996388667113188	0.996388667113188
YES1	quasibinomial	33	6	-0.0419825515822469	0.11923937888947	0.726884746586734	NA	0.0404012333979241	92.9436265207452	0.996388667113188	0.996388667113188
SCN9A	quasibinomial	33	6	-0.0430143275572183	0.122202275887863	0.726954212746748	NA	0.0421637226373547	891.943953491944	0.996388667113188	0.996388667113188
MTUS2	quasibinomial	33	6	-0.0590707106659827	0.168279974980086	0.727672798107484	NA	0.0504421905620376	151.80062941343	0.996388667113188	0.996388667113188
RAB11FIP3	quasibinomial	33	6	0.0560553370953873	0.159783675222438	0.727826147128033	NA	-0.0482977786228817	861.218643988975	0.996388667113188	0.996388667113188
OTUD7A	quasibinomial	33	6	-0.0638100909061016	0.181930862776417	0.727887164516934	NA	0.0551586104875747	419.714315635954	0.996388667113188	0.996388667113188
RIPK1	quasibinomial	33	6	0.0477665574646777	0.136324714158444	0.728147507677289	NA	-0.0457443901651634	124.68464415471	0.996388667113188	0.996388667113188
CDC37L1	quasibinomial	33	6	0.0465967696445956	0.133029862444784	0.728233118413805	NA	-0.0542263904713649	327.937490732459	0.996388667113188	0.996388667113188
ASAP1	quasibinomial	33	6	0.0358572366816356	0.102488137140718	0.728535003153342	NA	-0.0275760393103032	710.982034647493	0.996388667113188	0.996388667113188
GALK2	quasibinomial	33	6	0.0594398918957298	0.17014146672095	0.728915561183578	NA	-0.0570321571331028	153.611335436594	0.996388667113188	0.996388667113188
ZNF583	quasibinomial	33	6	0.0415838466233208	0.119115657450554	0.729102272120063	NA	-0.035697864630164	345.999184245422	0.996388667113188	0.996388667113188
NAIF1	quasibinomial	33	6	0.0544479924275909	0.156347864897899	0.729739189452954	NA	-0.0525416285960985	91.4656004316643	0.996388667113188	0.996388667113188
PIK3CA	quasibinomial	33	6	-0.0599329282375747	0.172354593702598	0.730125301734007	NA	0.055021630071304	319.439590707477	0.996388667113188	0.996388667113188
SNCA	quasibinomial	33	6	-0.0326015531854276	0.0938494689001979	0.730385194193855	NA	0.0414850098379875	4483.68691617891	0.996388667113188	0.996388667113188
ZNF10	quasibinomial	33	6	-0.0411359989070348	0.118463569755305	0.730485975861246	NA	0.0339743851572043	445.288713888036	0.996388667113188	0.996388667113188
CDC25A	quasibinomial	33	6	-0.0342903755161275	0.09878507930183	0.730579047782676	NA	0.0328149420548453	237.087272955603	0.996388667113188	0.996388667113188
ARID5B	quasibinomial	33	6	-0.0441247994878872	0.127165771693579	0.730679248642754	NA	0.0453561877041299	372.491411455593	0.996388667113188	0.996388667113188
ZNF48	quasibinomial	33	6	0.0380991943812857	0.109862218495799	0.730825040191323	NA	-0.0380085214624963	617.180793981467	0.996388667113188	0.996388667113188
MRPS23	quasibinomial	33	6	0.0507062456947737	0.14632349580729	0.731015310036554	NA	-0.0629254027596866	729.563483740269	0.996388667113188	0.996388667113188
SDC3	quasibinomial	33	6	0.0387121915003056	0.11171781038408	0.731028412190914	NA	-0.0333128311447611	6886.72852775988	0.996388667113188	0.996388667113188
SCN8A	quasibinomial	33	6	0.0596549079325018	0.172570746097107	0.731649596151424	NA	-0.0762038076413783	744.031036882361	0.996388667113188	0.996388667113188
ABLIM2	quasibinomial	33	6	0.033785030196994	0.0977673808280068	0.731737752453042	NA	-0.0323799332876413	207.690303233149	0.996388667113188	0.996388667113188
C10orf88	quasibinomial	33	6	0.0547008983560713	0.158298127828497	0.73174465957215	NA	-0.0492104401948395	466.725240257223	0.996388667113188	0.996388667113188
SYT9	quasibinomial	33	6	-0.031874927888635	0.0923170186162822	0.731952819717284	NA	0.0272127913503679	633.373212937425	0.996388667113188	0.996388667113188
DTD2	quasibinomial	33	6	-0.0552188329628846	0.159942409526752	0.731978797448637	NA	0.0525159607697549	167.70972031065	0.996388667113188	0.996388667113188
SYAP1	quasibinomial	33	6	0.0536076904487769	0.15533928126446	0.732084094149795	NA	-0.069772933749407	721.320506372885	0.996388667113188	0.996388667113188
ZNF440	quasibinomial	32	6	0.0958319083894607	0.277799068887321	0.732182646795721	NA	-0.0855196006673411	113.340370172369	0.996388667113188	0.996388667113188
MTMR3	quasibinomial	33	6	0.0350091970184638	0.101655185132872	0.732612536543572	NA	-0.0342192355716846	727.355354568635	0.996388667113188	0.996388667113188
ZNF835	quasibinomial	30	6	0.107562220236322	0.312497463826479	0.732753983834424	NA	-0.187106969128419	147.150845415052	0.996388667113188	0.996388667113188
ZNF431	quasibinomial	33	6	-0.0534320501519484	0.155280729560209	0.732830180460767	NA	0.0557029219389955	206.218157385015	0.996388667113188	0.996388667113188
FAM199X	quasibinomial	33	6	-0.0358071787108424	0.104064139677693	0.732839199464618	NA	0.0329444147410959	745.564928027506	0.996388667113188	0.996388667113188
KLHL26	quasibinomial	33	6	-0.0306780290224154	0.0892659258409944	0.733150458052591	NA	0.0333261587420552	345.465933039742	0.996388667113188	0.996388667113188
GALNT10	quasibinomial	33	6	-0.0486760408453453	0.141666185245419	0.733205142765103	NA	0.0451822261356909	209.188907712866	0.996388667113188	0.996388667113188
PTGES3L	quasibinomial	33	6	0.0412372662791639	0.120065087861172	0.733308901558622	NA	-0.0410977642356129	285.973986798149	0.996388667113188	0.996388667113188
SNX2	quasibinomial	33	6	0.0473733758894299	0.137964288865861	0.733371093479308	NA	-0.0392294626142159	451.405558918307	0.996388667113188	0.996388667113188
NUP58	quasibinomial	33	6	-0.0411133392068697	0.119808396061253	0.733531499442257	NA	0.017522862256377	380.028722497193	0.996388667113188	0.996388667113188
STAMBP	quasibinomial	33	6	0.0710010218922188	0.207481850985104	0.734244201737622	NA	-0.0633616245077969	279.432279078738	0.996388667113188	0.996388667113188
MOB3A	quasibinomial	33	6	-0.0246188139140843	0.07199375164235	0.734427633536166	NA	0.0237013246759437	751.358698061449	0.996388667113188	0.996388667113188
NCALD	quasibinomial	33	6	0.0309056018097084	0.090535838070551	0.734871176330617	NA	-0.0317191321491083	4207.78818358019	0.996388667113188	0.996388667113188
RWDD2A	quasibinomial	33	6	0.0378094827201609	0.110780557595041	0.734917795353297	NA	-0.0369447837625539	550.262882027039	0.996388667113188	0.996388667113188
ENTPD4	quasibinomial	33	6	0.0382103702210915	0.112012812549719	0.735048918335174	NA	-0.0445716393887733	1171.82861498697	0.996388667113188	0.996388667113188
AP3M2	quasibinomial	33	6	0.0253930971238846	0.0747853622863228	0.736227322157921	NA	-0.0228335054628642	662.360928567302	0.996388667113188	0.996388667113188
PEAK1	quasibinomial	33	6	0.0626718373302085	0.184800460618203	0.736536377778003	NA	-0.0712943845424202	974.197138003208	0.996388667113188	0.996388667113188
RRP15	quasibinomial	33	6	0.0629198733800216	0.18557446038251	0.736594537248926	NA	-0.0567071569136826	141.40084867893	0.996388667113188	0.996388667113188
STX6	quasibinomial	33	6	-0.0339550487575363	0.100201722863453	0.736734700369728	NA	0.0322792049405014	463.652760612972	0.996388667113188	0.996388667113188
MARK4	quasibinomial	33	6	0.0365547679167879	0.107899484930159	0.736795596554866	NA	-0.0390730479964433	267.197736411897	0.996388667113188	0.996388667113188
CHD6	quasibinomial	33	6	-0.0394648455980605	0.116566411014542	0.736963153663912	NA	0.0392061052032961	290.846796420892	0.996388667113188	0.996388667113188
ZNF250	quasibinomial	33	6	0.0544522751111044	0.160865957465106	0.737012701990534	NA	-0.0458724887879945	529.317884653277	0.996388667113188	0.996388667113188
UBE4A	quasibinomial	33	6	-0.0384080269545442	0.113754769064423	0.737652091312646	NA	0.0105839338127794	1167.99538749443	0.996388667113188	0.996388667113188
DNM3	quasibinomial	33	6	-0.0319945185000594	0.0948230115933888	0.737820816145902	NA	0.0307368380500972	2758.70246126691	0.996388667113188	0.996388667113188
PNPLA4	quasibinomial	33	6	0.0570713629900998	0.169186660036509	0.737884497664466	NA	-0.051155425691494	231.538697366087	0.996388667113188	0.996388667113188
ATXN1	quasibinomial	33	6	0.0512580943108965	0.152073524377346	0.73808367170157	NA	-0.0495460570845101	273.869543208511	0.996388667113188	0.996388667113188
SATB1	quasibinomial	33	6	0.0568335447034243	0.16899491513704	0.738650197508535	NA	-0.0506261639228475	445.465385296721	0.996388667113188	0.996388667113188
ATG12	quasibinomial	33	6	-0.0508300816280066	0.151493538310617	0.739231003712949	NA	0.0638153832406645	1411.86682316261	0.996388667113188	0.996388667113188
SV2B	quasibinomial	33	6	0.0578175332623444	0.172476886238355	0.739460845906909	NA	-0.0833442309428074	1224.7253441747	0.996388667113188	0.996388667113188
SPTLC2	quasibinomial	33	6	0.0267101391280626	0.0797708702772461	0.739747473164963	NA	-0.043420099612571	1237.06089742055	0.996388667113188	0.996388667113188
ARL14EP	quasibinomial	33	6	-0.0334988347081089	0.100093628977885	0.739867703494179	NA	0.0162441388733991	333.10887827297	0.996388667113188	0.996388667113188
EXOC2	quasibinomial	33	6	0.0361732650176341	0.108214638577665	0.740168159022715	NA	-0.0344308630937636	584.145960404562	0.996388667113188	0.996388667113188
GRB2	quasibinomial	33	6	-0.0280010795824042	0.0838109826373084	0.740299316605914	NA	0.0265500843540484	3479.24778753884	0.996388667113188	0.996388667113188
GOLGA6L9	quasibinomial	33	6	-0.100477493496086	0.300924722997002	0.740450583605301	NA	0.063921653600015	56.9202538231047	0.996388667113188	0.996388667113188
KIF3C	quasibinomial	33	6	0.0296847053911179	0.0889765538630945	0.740653986701501	NA	-0.0276820354374122	3107.99287458867	0.996388667113188	0.996388667113188
USP25	quasibinomial	33	6	-0.0646389722435783	0.193775419550936	0.740689278098022	NA	0.0672252897128489	120.573177823444	0.996388667113188	0.996388667113188
POU2F2	quasibinomial	33	6	0.0548107650243877	0.164330881338646	0.740717481111281	NA	-0.0396882247824954	162.036340581586	0.996388667113188	0.996388667113188
HIP1	quasibinomial	33	6	0.0593036724836028	0.177888823227639	0.740840284391387	NA	-0.0393175685553251	1400.74111027491	0.996388667113188	0.996388667113188
ZNF473	quasibinomial	33	6	-0.0447408874046485	0.13432865435065	0.741068221225154	NA	0.0364080284344336	433.214989970572	0.996388667113188	0.996388667113188
LGALS8	quasibinomial	33	6	0.0198742222546553	0.0596780798619935	0.741103015068614	NA	-0.0193921853572601	694.738981194179	0.996388667113188	0.996388667113188
RUNX1T1	quasibinomial	33	6	-0.0339590989311678	0.102026292455651	0.741235685147204	NA	0.0363772074951634	4847.13973757868	0.996388667113188	0.996388667113188
DZANK1	quasibinomial	33	6	-0.0436109464058258	0.131066576919806	0.741316260631659	NA	0.042222063361655	69.9878369006474	0.996388667113188	0.996388667113188
NPLOC4	quasibinomial	33	6	0.0265884117969315	0.0800428732714183	0.74173673276599	NA	-0.0216528753294031	1480.60274764528	0.996388667113188	0.996388667113188
UBE2J2	quasibinomial	33	6	0.0222512091275538	0.0670021547099307	0.741796776148965	NA	-0.0223773056468424	751.207966275605	0.996388667113188	0.996388667113188
FNDC5	quasibinomial	33	6	-0.043881065077958	0.132265294331132	0.742044866688552	NA	0.0420312759454408	396.251405844861	0.996388667113188	0.996388667113188
C6orf89	quasibinomial	33	6	0.0260123115352047	0.0785919057771473	0.742633405967175	NA	-0.0246223025009871	1287.3099740385	0.996388667113188	0.996388667113188
GATAD1	quasibinomial	33	6	-0.0460691055438209	0.139348917748653	0.742915740705444	NA	0.0419058037226014	171.233102073447	0.996388667113188	0.996388667113188
ZNF829	quasibinomial	32	6	0.0823208263352887	0.249186502574068	0.743098682612391	NA	-0.0431816111145225	79.4560702486961	0.996388667113188	0.996388667113188
AREL1	quasibinomial	33	6	0.0301644810437042	0.0913417406160922	0.743189052000825	NA	-0.0281961551672839	937.185875708432	0.996388667113188	0.996388667113188
CDC42SE2	quasibinomial	33	6	0.024336686203215	0.0737157544403137	0.743260495898969	NA	-0.0250085336697021	578.979221950627	0.996388667113188	0.996388667113188
AHCYL2	quasibinomial	33	6	-0.0416289479618706	0.126220133611264	0.743507710228454	NA	0.0379810419559854	741.123297398612	0.996388667113188	0.996388667113188
CDH12	quasibinomial	33	6	-0.0573919250396632	0.174194552891254	0.743763942245163	NA	0.0726717291009146	137.472648146212	0.996388667113188	0.996388667113188
GTF2A1	quasibinomial	33	6	0.0353890935499755	0.107438477031564	0.743824543273004	NA	-0.0316689784187428	256.842116741683	0.996388667113188	0.996388667113188
LMBR1	quasibinomial	33	6	-0.0281989477412861	0.0857558709659237	0.744245072538011	NA	0.0180937603175108	1798.8833174403	0.996388667113188	0.996388667113188
SETDB2	quasibinomial	33	6	-0.0710914328492385	0.216250372981836	0.744306709914846	NA	0.0724101410215102	104.393662613402	0.996388667113188	0.996388667113188
SNURF	quasibinomial	33	6	-0.0637799287086365	0.194166316799943	0.744505344371568	NA	0.129020061251455	7000.29210484001	0.996388667113188	0.996388667113188
RILPL1	quasibinomial	33	6	-0.0478545871049839	0.145711406132213	0.744550756100742	NA	0.0455352693963261	208.455709444277	0.996388667113188	0.996388667113188
NR6A1	quasibinomial	33	6	0.076641703500258	0.233471396792781	0.744663275296032	NA	-0.0871736425558551	103.332250083629	0.996388667113188	0.996388667113188
NF1	quasibinomial	33	6	-0.0382455194683338	0.116536808751325	0.74472787075328	NA	0.0432186141598614	316.176849168028	0.996388667113188	0.996388667113188
PPP1R3D	quasibinomial	33	6	0.0504897344398384	0.154000009137817	0.744974219893944	NA	-0.0378108508358968	371.515178171216	0.996388667113188	0.996388667113188
ZNF81	quasibinomial	33	6	-0.0807520598377501	0.246497420708762	0.745167197951386	NA	0.108285155957686	127.969171937978	0.996388667113188	0.996388667113188
EMC1	quasibinomial	33	6	0.0479808927633951	0.146844843594805	0.745806422839261	NA	-0.0535354377803743	574.576061761422	0.996388667113188	0.996388667113188
FGF14	quasibinomial	33	6	-0.0430099239822569	0.131775966542698	0.74607551738195	NA	0.0398462093675989	1068.09471741536	0.996388667113188	0.996388667113188
ASB7	quasibinomial	33	6	-0.0483164585259847	0.148268075249121	0.746461375615061	NA	0.0593009460644618	158.654240229843	0.996388667113188	0.996388667113188
VMP1	quasibinomial	33	6	0.0365704909762854	0.112237888283131	0.746492974302715	NA	-0.0332384947561899	1012.93089330098	0.996388667113188	0.996388667113188
GPR158	quasibinomial	33	6	0.0739318621487109	0.226994219487292	0.746591144378088	NA	-0.0814497795358485	102.790031839733	0.996388667113188	0.996388667113188
SMG1	quasibinomial	33	6	0.047329845640264	0.145360686326711	0.746663557257419	NA	-0.0505240108813211	342.736496874416	0.996388667113188	0.996388667113188
METTL2A	quasibinomial	33	6	0.0502852899849923	0.15483604328121	0.747292366708257	NA	-0.0431636622261787	386.484977443261	0.996388667113188	0.996388667113188
EIF4EBP2	quasibinomial	33	6	0.0233214514014621	0.0718838690254154	0.747541844403384	NA	-0.0271606859093047	2274.31156025036	0.996388667113188	0.996388667113188
ATAD1	quasibinomial	33	6	0.0256037055743291	0.0790115140868895	0.747828581270618	NA	-0.0233384300080163	2184.77651384955	0.996388667113188	0.996388667113188
LAPTM4B	quasibinomial	33	6	-0.0155360542631354	0.0480625914303094	0.748432175757291	NA	0.0144875098564322	1526.53522024268	0.996388667113188	0.996388667113188
SAMHD1	quasibinomial	33	6	-0.0267263970418754	0.0827417913736155	0.748609855299865	NA	0.0261788080954708	410.361103336193	0.996388667113188	0.996388667113188
GATC	quasibinomial	33	6	-0.0392759576925728	0.121700320025163	0.74882223333565	NA	0.0408611219599214	2865.25579579635	0.996388667113188	0.996388667113188
ATP2B1	quasibinomial	33	6	-0.0257883992748177	0.0799116016088986	0.748833679844602	NA	0.0263069212025092	1368.59544659037	0.996388667113188	0.996388667113188
UBA2	quasibinomial	33	6	-0.0929654346747793	0.288728076289553	0.749381128991014	NA	0.108722002800862	529.824241643978	0.996388667113188	0.996388667113188
LIFR	quasibinomial	33	6	-0.0502316202012879	0.156069674521638	0.749477912303151	NA	0.0406306019969309	2083.90491688609	0.996388667113188	0.996388667113188
MAPK8	quasibinomial	33	6	0.0377702715330473	0.1173702117313	0.749514897487393	NA	-0.035959932634557	636.243250024989	0.996388667113188	0.996388667113188
ZC3H18	quasibinomial	33	6	-0.045498828263322	0.141447235396518	0.749618668619687	NA	0.0524993286077431	87.5221265002628	0.996388667113188	0.996388667113188
MAN1A2	quasibinomial	33	6	-0.0559236551219716	0.173865758938463	0.749632166818514	NA	0.0126767454893524	361.597965699208	0.996388667113188	0.996388667113188
HS6ST3	quasibinomial	33	6	-0.0580488960607816	0.180525329344215	0.749702076073107	NA	0.0467477897112731	1983.18391463009	0.996388667113188	0.996388667113188
DUSP8	quasibinomial	33	6	0.0666583174055063	0.207318165304418	0.749723672771365	NA	-0.0794508128869516	861.185206001427	0.996388667113188	0.996388667113188
FAF2	quasibinomial	33	6	-0.0281736403228205	0.0876386652999913	0.749762479678975	NA	0.0357874371937331	1146.61378420351	0.996388667113188	0.996388667113188
PTEN	quasibinomial	33	6	-0.0559248223231633	0.174192124904624	0.750079890049387	NA	0.039711816599508	1851.377026819	0.996388667113188	0.996388667113188
CEMIP2	quasibinomial	33	6	-0.0691448385002771	0.215984853469958	0.750767557269402	NA	0.11529007189711	82.4441749800139	0.996388667113188	0.996388667113188
MIB1	quasibinomial	33	6	0.0617850336657867	0.193271995111339	0.75111200537878	NA	-0.0727736413830179	493.96977434605	0.996388667113188	0.996388667113188
ZNF227	quasibinomial	33	6	0.0592999842814969	0.185540563421824	0.751166585203105	NA	-0.0682510306689105	400.126420506906	0.996388667113188	0.996388667113188
NEXMIF	quasibinomial	33	6	0.0873340725903164	0.27329171169104	0.751198921069983	NA	-0.0942452492814346	594.739761412685	0.996388667113188	0.996388667113188
METTL6	quasibinomial	33	6	-0.0460491278022325	0.144134176881459	0.751255786501476	NA	0.0432609627966133	95.8465234065774	0.996388667113188	0.996388667113188
SYT13	quasibinomial	33	6	-0.0440443299875168	0.137900763094587	0.751328277077381	NA	0.0149210931443515	1144.15744643942	0.996388667113188	0.996388667113188
APPL1	quasibinomial	33	6	-0.0581969049938309	0.182326673067755	0.751479532287324	NA	0.0618354512953019	309.453422028834	0.996388667113188	0.996388667113188
RBM17	quasibinomial	33	6	-0.0387274983635154	0.121440856561152	0.751697738008877	NA	0.0301793797547203	347.89511224651	0.996388667113188	0.996388667113188
TNFAIP1	quasibinomial	33	6	0.0142912721867052	0.0448285534048865	0.751774170560782	NA	-0.0142372835679623	1407.47117908825	0.996388667113188	0.996388667113188
SREK1IP1	quasibinomial	33	6	0.0869005729591878	0.272670556021069	0.751846891719648	NA	-0.136930954450511	289.536189959791	0.996388667113188	0.996388667113188
CPEB3	quasibinomial	33	6	-0.0443220774066448	0.139118705677276	0.751929548500699	NA	0.0441368245582943	745.875799775178	0.996388667113188	0.996388667113188
ARSK	quasibinomial	33	6	0.0535217947596438	0.168239949689474	0.752278527535559	NA	-0.0494863526207752	72.3104634862293	0.996388667113188	0.996388667113188
ZNF138	quasibinomial	33	6	-0.0384216363884298	0.120890196296276	0.752508029782064	NA	0.0388896967110534	228.816508889652	0.996388667113188	0.996388667113188
MIOS	quasibinomial	33	6	-0.0531185541194575	0.16729060590106	0.75273366104092	NA	0.0622516710934297	134.113458740408	0.996388667113188	0.996388667113188
SP3	quasibinomial	33	6	-0.101261697856744	0.319167528640479	0.752925086179254	NA	0.0892092706330532	270.091605622829	0.996388667113188	0.996388667113188
SH3BGRL2	quasibinomial	33	6	0.0306848795368764	0.096766095818771	0.753048877937863	NA	-0.0367464157338693	2513.35409197044	0.996388667113188	0.996388667113188
CSNK2A1	quasibinomial	33	6	-0.0549699407709214	0.173387922896928	0.753100936947778	NA	0.0589895580996976	2432.77639442913	0.996388667113188	0.996388667113188
RALGAPB	quasibinomial	33	6	-0.0398945940762347	0.125922203536379	0.753262735921515	NA	0.0395772547033019	644.619041980361	0.996388667113188	0.996388667113188
PUS7L	quasibinomial	33	6	-0.0659661092339002	0.209012811597428	0.754174383576802	NA	0.0714666836252933	145.444059654342	0.996388667113188	0.996388667113188
CIT	quasibinomial	33	6	-0.0241877139705065	0.0766403611000981	0.754180225619306	NA	0.021362848878572	376.207220993434	0.996388667113188	0.996388667113188
IGF2R	quasibinomial	33	6	-0.0391266752843447	0.124135551632335	0.754486641630195	NA	0.0373604752823047	310.272561594975	0.996388667113188	0.996388667113188
NAV1	quasibinomial	33	6	0.0247132613824861	0.0784748156816339	0.754692541416929	NA	-0.0237997477026887	2024.66571443326	0.996388667113188	0.996388667113188
BCLAF3	quasibinomial	33	6	0.0647121708622102	0.205590584935802	0.754810987121803	NA	-0.0705219078352037	231.58049649026	0.996388667113188	0.996388667113188
SLC9A6	quasibinomial	33	6	-0.0232820471812619	0.0741152173806213	0.755284741504582	NA	0.030720119253306	2772.04813763826	0.996388667113188	0.996388667113188
PRKCI	quasibinomial	33	6	0.029419868955334	0.0936956101917118	0.75538946036296	NA	-0.0258499238658444	440.937782214803	0.996388667113188	0.996388667113188
SYK	quasibinomial	32	6	0.0885549195123477	0.282245192199679	0.755571990107779	NA	-0.0866901880657353	51.3431528156721	0.996388667113188	0.996388667113188
MAP4K5	quasibinomial	33	6	0.0324000684060348	0.103602751906295	0.75633887812162	NA	-0.0297056930013729	256.283075278511	0.996388667113188	0.996388667113188
ST8SIA3	quasibinomial	33	6	0.0446207246591444	0.142892445071153	0.756689806722892	NA	-0.0431825325661239	682.277587857222	0.996388667113188	0.996388667113188
LEPROT	quasibinomial	33	6	0.036544390360715	0.117108429037384	0.756849470216822	NA	-0.0336984964786977	617.050381950554	0.996388667113188	0.996388667113188
DHODH	quasibinomial	33	6	0.0528051495013281	0.169242772209165	0.756885431653734	NA	-0.0530166453703803	83.8840712029032	0.996388667113188	0.996388667113188
VOPP1	quasibinomial	33	6	0.0229868556457483	0.0738062610228328	0.757307254154506	NA	-0.0193553207087932	567.714647607938	0.996388667113188	0.996388667113188
AFF2	quasibinomial	33	6	0.036674744319567	0.11776772004087	0.757331865842941	NA	-0.031357666607249	186.621169587913	0.996388667113188	0.996388667113188
CDK16	quasibinomial	33	6	0.0344395768484372	0.110635343217465	0.757427460307711	NA	-0.0321920596221971	1007.22472318271	0.996388667113188	0.996388667113188
UNC5C	quasibinomial	33	6	0.0612422539873617	0.196968860920297	0.757703024712087	NA	-0.0653625037777366	519.228255117287	0.996388667113188	0.996388667113188
CRKL	quasibinomial	33	6	-0.0333748865837482	0.107341748120008	0.757704351333479	NA	0.0479268224703245	1403.34468388173	0.996388667113188	0.996388667113188
SLC31A1	quasibinomial	33	6	0.0422552542387793	0.135962711198611	0.757806997006654	NA	-0.0403105707939517	340.687630741897	0.996388667113188	0.996388667113188
ZNHIT6	quasibinomial	33	6	-0.0423990148940108	0.136509700263883	0.75795188657848	NA	0.0418368400644467	202.138294293682	0.996388667113188	0.996388667113188
PNRC2	quasibinomial	33	6	-0.0396989582138753	0.127873444168979	0.758056199090382	NA	0.0293658554198293	294.9137119907	0.996388667113188	0.996388667113188
AKAP6	quasibinomial	33	6	0.0461827576609496	0.148856321883483	0.758210386608838	NA	-0.0750232615284285	389.459241519273	0.996388667113188	0.996388667113188
EIF4E2	quasibinomial	33	6	0.0211836297822563	0.0683260045271849	0.758370972766194	NA	-0.0207739602086203	1271.37247280017	0.996388667113188	0.996388667113188
ISCA2	quasibinomial	33	6	0.0621563029795543	0.200488274291731	0.758380745575507	NA	-0.0782832831356994	645.076740089081	0.996388667113188	0.996388667113188
RBM7	quasibinomial	33	6	-0.0422546677754731	0.136347319568784	0.758471221140563	NA	0.0364020795227966	367.28278958069	0.996388667113188	0.996388667113188
ZC3H6	quasibinomial	33	6	0.0495710583289218	0.159961230156299	0.758479093963788	NA	-0.0500469830528979	95.108323631036	0.996388667113188	0.996388667113188
KDM5B	quasibinomial	33	6	0.0288108358600401	0.0930708682775791	0.7587326013161	NA	-0.0261942817548611	754.090388181403	0.996388667113188	0.996388667113188
FOXRED2	quasibinomial	33	6	-0.0280038864984493	0.0908267978935093	0.759665072941151	NA	0.0227999731847009	642.726817553026	0.996388667113188	0.996388667113188
CUL4A	quasibinomial	33	6	-0.0653343559973341	0.211919927375271	0.75968354425393	NA	0.0472753145688586	482.248621864744	0.996388667113188	0.996388667113188
PCYT1B	quasibinomial	33	6	-0.0387048034457532	0.125616150607447	0.75981763581828	NA	0.0393781737969811	288.55915976881	0.996388667113188	0.996388667113188
TRIM52	quasibinomial	33	6	-0.0318474189755805	0.103378552223692	0.759858095998834	NA	0.0296997120411353	285.461205047037	0.996388667113188	0.996388667113188
FXN	quasibinomial	33	6	-0.0457423702799502	0.148508823192085	0.759899511553873	NA	0.0484656801562682	283.073616747332	0.996388667113188	0.996388667113188
ZNF500	quasibinomial	33	6	0.0792776567004918	0.257405303437904	0.759917220738464	NA	-0.000752197186788738	398.802342976711	0.996388667113188	0.996388667113188
NUDT21	quasibinomial	33	6	-0.0222528544070539	0.0722603497870068	0.759942715140813	NA	0.0230482611138474	1844.2240818711	0.996388667113188	0.996388667113188
SERAC1	quasibinomial	33	6	-0.0245106412784749	0.0796258517682837	0.760041723597385	NA	0.0228145205638534	311.347438781456	0.996388667113188	0.996388667113188
FANCF	quasibinomial	33	6	0.0402632260775448	0.13084791232343	0.760126647281569	NA	0.00909920914959451	431.950393632325	0.996388667113188	0.996388667113188
UCK2	quasibinomial	33	6	0.0378893324188764	0.123193312657294	0.760239944139153	NA	-0.0286721400083064	907.264302735364	0.996388667113188	0.996388667113188
STAT5B	quasibinomial	33	6	-0.0379334344113784	0.123446533888226	0.760446445271551	NA	0.0332628373036018	312.977893592464	0.996388667113188	0.996388667113188
EAF1	quasibinomial	33	6	-0.0378298256787692	0.123454013398626	0.761093968427132	NA	0.0449543476864548	513.244105073079	0.996388667113188	0.996388667113188
TRAF7	quasibinomial	33	6	-0.0457604122911469	0.149451149965402	0.761274184094235	NA	0.0124416622891309	448.760141383847	0.996388667113188	0.996388667113188
PRICKLE2	quasibinomial	33	6	0.0319303299043427	0.104452861865665	0.761650544947217	NA	-0.015053056536455	1524.80028508612	0.996388667113188	0.996388667113188
RASSF8	quasibinomial	33	6	0.0569347083224249	0.186661515568078	0.762160661408904	NA	-0.0562519364141086	85.9845302036617	0.996388667113188	0.996388667113188
GOLGA1	quasibinomial	33	6	-0.0303714749512422	0.0996894029881791	0.762428610284314	NA	0.0260227943664059	254.45750211344	0.996388667113188	0.996388667113188
ZFP82	quasibinomial	33	6	0.0369217061964909	0.121271429687999	0.762584144372573	NA	-0.0428590328298655	635.668075409376	0.996388667113188	0.996388667113188
TENT2	quasibinomial	33	6	-0.0579204887086107	0.190243374140787	0.762584455149931	NA	0.0434616543996733	144.637662663994	0.996388667113188	0.996388667113188
RAB5B	quasibinomial	33	6	0.027680976196953	0.0910124736477083	0.762818507993056	NA	-0.030574467598774	2846.09075386228	0.996388667113188	0.996388667113188
FBXL19	quasibinomial	33	6	0.0354292180045454	0.116583538905834	0.763006861643459	NA	-0.0341653147909473	119.07911497827	0.996388667113188	0.996388667113188
EPM2AIP1	quasibinomial	30	6	0.090231805054078	0.297380469577912	0.763364582324725	NA	-0.198101240952947	2655.97001816634	0.996388667113188	0.996388667113188
CCT5	quasibinomial	33	6	0.0419864815245545	0.138838059246356	0.764126933952902	NA	-0.0452529467074151	1741.97274913604	0.996388667113188	0.996388667113188
TMEM169	quasibinomial	33	6	-0.024166627657923	0.0799459575908658	0.764222394676764	NA	0.0246830876079544	964.548015869704	0.996388667113188	0.996388667113188
TRAF3	quasibinomial	33	6	0.0430379384147036	0.142426987706686	0.764306756339887	NA	-0.0381039652260989	477.80041030789	0.996388667113188	0.996388667113188
RIMKLA	quasibinomial	33	6	0.0239749976952149	0.0793544198038654	0.764344473258889	NA	-0.0261023282865355	1746.24010235721	0.996388667113188	0.996388667113188
C2orf68	quasibinomial	33	6	0.0432641050276626	0.143425754706208	0.764705422192601	NA	-0.0398985336884996	350.602619955672	0.996388667113188	0.996388667113188
C16orf87	quasibinomial	33	6	-0.0482225997668077	0.160094067181869	0.765033511572211	NA	0.0419794506800028	431.858299925302	0.996388667113188	0.996388667113188
PLAGL2	quasibinomial	33	6	0.0497912995312138	0.165346701926209	0.765095102838914	NA	-0.0516415023997737	151.598920734568	0.996388667113188	0.996388667113188
PTPRN2	quasibinomial	33	6	0.0177606282656678	0.0590836781695848	0.765496988176381	NA	-0.0150748916856802	3011.66971742479	0.996388667113188	0.996388667113188
ZNF641	quasibinomial	33	6	0.0353752158018975	0.117733422376334	0.765597196907888	NA	-0.0356972372270653	475.630071559094	0.996388667113188	0.996388667113188
COQ7	quasibinomial	33	6	-0.0293029444851458	0.0975521438963439	0.765662535426155	NA	0.0308596617326803	321.626538390469	0.996388667113188	0.996388667113188
NUDT9	quasibinomial	33	6	0.10052202448846	0.334744786219523	0.765728983207834	NA	-0.100423719171181	347.951248359028	0.996388667113188	0.996388667113188
HNRNPUL2	quasibinomial	33	6	0.0606901686533877	0.202145328020813	0.765777495060674	NA	-0.0734554130148334	161.905927797369	0.996388667113188	0.996388667113188
USP22	quasibinomial	33	6	0.0390484389467458	0.130191835656482	0.76600469292698	NA	-0.0229191398910827	5092.93092706619	0.996388667113188	0.996388667113188
OTUB1	quasibinomial	33	6	0.0236151428760768	0.07888685748186	0.766440001760844	NA	-0.0226386864411295	2528.17862910698	0.996388667113188	0.996388667113188
RAB9B	quasibinomial	33	6	-0.0533096700040846	0.178351801445628	0.766782611587759	NA	0.0540594233566158	851.484270673568	0.996388667113188	0.996388667113188
FRA10AC1	quasibinomial	33	6	0.0699693072135006	0.234248596156476	0.766937712041654	NA	-0.0801392002248619	69.7435994560641	0.996388667113188	0.996388667113188
SLC9A7	quasibinomial	33	6	0.0475068225458851	0.159082562798283	0.766988280401908	NA	-0.0951873849524806	1476.97686289928	0.996388667113188	0.996388667113188
CEP85L	quasibinomial	33	6	-0.0528122115513015	0.17708813495284	0.767294324877541	NA	0.0387199337827953	202.762484995104	0.996388667113188	0.996388667113188
KIAA1191	quasibinomial	33	6	-0.0233919010166246	0.0784608823326179	0.767363208017091	NA	0.0173939439278303	2239.21987697484	0.996388667113188	0.996388667113188
MTA3	quasibinomial	33	6	0.0350840905237036	0.117748860962834	0.767497646055049	NA	-0.0253177614919511	524.691260168389	0.996388667113188	0.996388667113188
METTL8	quasibinomial	33	6	0.0551865521445657	0.18533649843402	0.7676436254406	NA	-0.0578635415731016	152.810719429227	0.996388667113188	0.996388667113188
AGPAT3	quasibinomial	33	6	0.0589589673138841	0.198038351521136	0.767680855435906	NA	-0.0347272614578565	780.068561253758	0.996388667113188	0.996388667113188
WDR73	quasibinomial	33	6	-0.0391322152476824	0.131521329082757	0.76781693613496	NA	0.0374932228115146	393.979685391558	0.996388667113188	0.996388667113188
FAM102B	quasibinomial	33	6	0.0351882146168061	0.118301356142153	0.767884728332154	NA	-0.0227432166782084	1686.55135358149	0.996388667113188	0.996388667113188
WASF2	quasibinomial	33	6	0.0586425333360989	0.197355730821405	0.768115096413295	NA	-0.052627294144983	114.670715254705	0.996388667113188	0.996388667113188
CNR1	quasibinomial	33	6	-0.0307175894661564	0.103536912296607	0.768462454139531	NA	0.0300085515349529	2547.86320326545	0.996388667113188	0.996388667113188
PLCL1	quasibinomial	33	6	-0.0372973781022956	0.125961625711733	0.768902705170873	NA	0.0348864108100464	249.45350939057	0.996388667113188	0.996388667113188
NTMT1	quasibinomial	33	6	-0.0405777046245781	0.137074747001918	0.768959507708502	NA	0.0340241643689708	1151.48437914837	0.996388667113188	0.996388667113188
PARP11	quasibinomial	33	6	0.0539006805431095	0.182185398399845	0.769088189533258	NA	-0.0453629966010079	89.6743121814829	0.996388667113188	0.996388667113188
PIK3R1	quasibinomial	33	6	-0.0426463555075223	0.144260710618845	0.769267070020873	NA	0.0269246425016544	1573.64919316259	0.996388667113188	0.996388667113188
NRXN2	quasibinomial	33	6	0.0428987739140091	0.145244381152897	0.769467195480487	NA	-0.0345154666947104	1303.35459839299	0.996388667113188	0.996388667113188
GIT2	quasibinomial	33	6	0.0382785979755616	0.129624747877453	0.769507086766905	NA	-0.0403804818491869	810.633140887862	0.996388667113188	0.996388667113188
FOXP2	quasibinomial	28	6	-0.217390168955469	0.736445242069974	0.769593942931041	NA	0.19570150157695	64.742483227762	0.996388667113188	0.996388667113188
CHRNA4	quasibinomial	33	6	-0.0496274196630636	0.168198690352534	0.769697081992176	NA	0.0380390450409488	1016.1807591443	0.996388667113188	0.996388667113188
PTCHD1	quasibinomial	33	6	-0.0729823040484608	0.247524288082245	0.769851094082228	NA	0.0582127554861673	471.35834422499	0.996388667113188	0.996388667113188
ZBTB39	quasibinomial	33	6	-0.0478663330922423	0.162516913039294	0.770091772776097	NA	0.0438469361409362	315.640341237222	0.996388667113188	0.996388667113188
OGFOD3	quasibinomial	33	6	-0.047575476504838	0.161531741766339	0.770095022046662	NA	0.0449384835023204	111.423901956085	0.996388667113188	0.996388667113188
CCNF	quasibinomial	33	6	-0.032347893683142	0.110140551778257	0.770724443306689	NA	0.0302335942709219	309.927755814626	0.996388667113188	0.996388667113188
TUSC2	quasibinomial	33	6	0.018123916114455	0.061743829571408	0.770847559656079	NA	-0.0179488718494787	1300.77737131213	0.996388667113188	0.996388667113188
GCSH	quasibinomial	33	6	-0.0847752560664982	0.289247957021939	0.771185249790175	NA	0.139454238107803	81.2241692097431	0.996388667113188	0.996388667113188
ZNF621	quasibinomial	33	6	0.0611448069097049	0.208655144119248	0.771220200824305	NA	-0.0463288103189878	296.833410794878	0.996388667113188	0.996388667113188
TBC1D20	quasibinomial	33	6	0.0274986223221605	0.0938689830087537	0.771292645240673	NA	-0.0242280792022195	569.764514720034	0.996388667113188	0.996388667113188
SPRED3	quasibinomial	33	6	0.0372765862521862	0.127312409401117	0.771406863021028	NA	-0.035560200326346	177.96794456017	0.996388667113188	0.996388667113188
DIPK2A	quasibinomial	33	6	0.0671533557825019	0.229548794650408	0.771597266923496	NA	-0.085035929075312	156.6202159442	0.996388667113188	0.996388667113188
PDE12	quasibinomial	33	6	0.0223809206534184	0.076545300293655	0.771716374489607	NA	-0.0215173448102143	305.944452701182	0.996388667113188	0.996388667113188
CBX5	quasibinomial	33	6	0.0256421062296374	0.0877323107782131	0.771800729856598	NA	-0.0243723140452372	5128.34613748405	0.996388667113188	0.996388667113188
GDPGP1	quasibinomial	33	6	0.0690024648686363	0.236121804169772	0.771834208235089	NA	-0.0741173667579001	81.9730382841534	0.996388667113188	0.996388667113188
FEM1B	quasibinomial	33	6	-0.0317348248510026	0.108600344551056	0.771846253056997	NA	0.0180561319133326	1276.06270048991	0.996388667113188	0.996388667113188
NUP133	quasibinomial	33	6	0.0750015984203973	0.257038921761562	0.772169112163914	NA	-0.040333085438534	284.278654910119	0.996388667113188	0.996388667113188
DCAF8	quasibinomial	33	6	-0.0180465255392199	0.0620110214825451	0.77275274464774	NA	0.021842375730421	580.248054591111	0.996388667113188	0.996388667113188
PDK1	quasibinomial	33	6	0.0308611456326247	0.106069317283241	0.772804807467632	NA	-0.0260713917687959	220.390830963607	0.996388667113188	0.996388667113188
AGAP2	quasibinomial	33	6	-0.0389826848853102	0.13402179882576	0.772868808496398	NA	0.0369729092821871	191.693757327802	0.996388667113188	0.996388667113188
MICALL1	quasibinomial	33	6	-0.0335122684312256	0.115291326288501	0.773015638073544	NA	0.0225684104721752	384.345227715278	0.996388667113188	0.996388667113188
BNIP3L	quasibinomial	33	6	0.0391595064153496	0.134747381041223	0.773061487039975	NA	-0.0380824547356353	1497.50383944456	0.996388667113188	0.996388667113188
BDNF	quasibinomial	33	6	0.0376418193389245	0.129670207590076	0.773308300971642	NA	-0.0315506214965877	832.523503173222	0.996388667113188	0.996388667113188
CMTM4	quasibinomial	33	6	-0.0657285527000108	0.226887523998254	0.773757643889306	NA	0.0608936065042658	349.943426531452	0.996388667113188	0.996388667113188
DCAF12	quasibinomial	33	6	0.0180875203424553	0.0624757191763721	0.773897140310761	NA	-0.0173495119227251	572.861199070823	0.996388667113188	0.996388667113188
CALD1	quasibinomial	33	6	0.0345169070102188	0.119622959170322	0.774629727997855	NA	-0.0229341380246202	224.486692881107	0.996388667113188	0.996388667113188
NDUFV3	quasibinomial	33	6	0.0321233022511448	0.11137815872304	0.77472914759315	NA	-0.024414359564106	1166.45007140453	0.996388667113188	0.996388667113188
LRRC8C	quasibinomial	33	6	0.0859470116623016	0.298161236768206	0.77485037832061	NA	-0.117229297559223	165.194146852974	0.996388667113188	0.996388667113188
DENND4A	quasibinomial	33	6	-0.0511426307276228	0.177667182563087	0.775154382035733	NA	0.0453750092304425	110.108829785842	0.996388667113188	0.996388667113188
ELAC2	quasibinomial	33	6	-0.0383591542180716	0.133347455516711	0.775301050716708	NA	0.0487768514902609	689.315170784193	0.996388667113188	0.996388667113188
FXR1	quasibinomial	33	6	0.0419135981222013	0.146253704193328	0.776122480960787	NA	-0.0407246059504203	256.94069210722	0.996388667113188	0.996388667113188
ZNF480	quasibinomial	33	6	0.0358695779834411	0.125216385165699	0.776214159089582	NA	-0.0404900115668436	301.123104385272	0.996388667113188	0.996388667113188
CYP2U1	quasibinomial	33	6	0.028707706149817	0.100217188001385	0.776218580367347	NA	-0.0255928715192149	264.827559736164	0.996388667113188	0.996388667113188
MED28	quasibinomial	33	6	0.0302773946302629	0.105843099243136	0.776519130430197	NA	-0.0295684404128745	1027.98000254176	0.996388667113188	0.996388667113188
MYO5A	quasibinomial	33	6	-0.0198996380230878	0.06961640489668	0.776680365486814	NA	0.0193022581339599	473.582312647429	0.996388667113188	0.996388667113188
ALG10B	quasibinomial	33	6	-0.0692566393799111	0.242436903029324	0.776815772600182	NA	0.0753647924211884	53.7393378417561	0.996388667113188	0.996388667113188
UBOX5	quasibinomial	33	6	-0.0513858722825844	0.1802982746327	0.777320195415986	NA	0.0534822334797287	96.7236827933563	0.996388667113188	0.996388667113188
MCFD2	quasibinomial	33	6	0.0289321138722211	0.101743251880821	0.777807166213473	NA	-0.0197906069288507	2036.92245765107	0.996388667113188	0.996388667113188
SPSB1	quasibinomial	33	6	0.0397950532826675	0.140009629902848	0.777908342595106	NA	-0.0401228967135144	172.065059959895	0.996388667113188	0.996388667113188
SMU1	quasibinomial	33	6	0.0214510375246129	0.0756994208183745	0.77856172737346	NA	-0.0205636076874835	447.368023121315	0.996388667113188	0.996388667113188
MAPK1IP1L	quasibinomial	33	6	0.0264901326899364	0.0936011519309865	0.778835767610651	NA	-0.0170066036825497	1605.74719814243	0.996388667113188	0.996388667113188
STAG2	quasibinomial	33	6	0.0419648641986734	0.148292172292693	0.77885327826191	NA	-0.0534882840762109	163.59270165879	0.996388667113188	0.996388667113188
TMPO	quasibinomial	33	6	-0.0523414114929773	0.184964288173608	0.77885825712504	NA	0.0502109156019034	99.8536886401368	0.996388667113188	0.996388667113188
NPTXR	quasibinomial	33	6	-0.039007342874775	0.13794751996517	0.779019239904193	NA	0.0396985123680976	1456.24331067156	0.996388667113188	0.996388667113188
SNAP29	quasibinomial	33	6	0.0295163141481946	0.104846952855185	0.779970844207189	NA	-0.0285984229680016	699.258686517269	0.996388667113188	0.996388667113188
NCBP1	quasibinomial	33	6	-0.0252751804553256	0.0898008862888898	0.780016528841285	NA	0.0249314457365644	410.882666027592	0.996388667113188	0.996388667113188
GAB1	quasibinomial	33	6	0.106960613942225	0.380873772625138	0.780494595093112	NA	-0.125704235646631	66.8611389692785	0.996388667113188	0.996388667113188
CCDC169	quasibinomial	32	6	0.104618276187313	0.373124656989583	0.780833389422751	NA	-0.101683640031864	53.5574772276853	0.996388667113188	0.996388667113188
ATG4B	quasibinomial	33	6	0.0125108966351762	0.0446211259708181	0.780836189159617	NA	-0.0119655128355428	908.551602123935	0.996388667113188	0.996388667113188
RAPGEF2	quasibinomial	33	6	-0.0344640568285376	0.122954316174908	0.780897725087377	NA	0.0229080373086556	312.111364533606	0.996388667113188	0.996388667113188
MTX3	quasibinomial	33	6	-0.074789042935805	0.267378160467285	0.781344454924136	NA	0.0641288223445863	172.048649508698	0.996388667113188	0.996388667113188
LSM4	quasibinomial	33	6	0.0382561336563915	0.136833108103927	0.781443518477874	NA	-0.0373883287345375	3213.92267367863	0.996388667113188	0.996388667113188
MCU	quasibinomial	33	6	0.0256764310408738	0.0919230813674678	0.781639305652009	NA	-0.0224112370574164	514.805077259295	0.996388667113188	0.996388667113188
ZEB2	quasibinomial	30	6	0.101923791735128	0.365338939101971	0.781898830102321	NA	-0.0896952943130878	66.149650527495	0.996388667113188	0.996388667113188
TP53RK	quasibinomial	33	6	-0.0384131464685911	0.137977519434268	0.782342403450775	NA	0.0348294173978861	597.808160852573	0.996388667113188	0.996388667113188
LSM11	quasibinomial	33	6	-0.0353905874658543	0.127278897099176	0.782605869113654	NA	0.0352569609915939	1339.10473875214	0.996388667113188	0.996388667113188
CLMP	quasibinomial	32	6	0.0622462846780421	0.223983406930719	0.782719798531586	NA	-0.0556180448991248	120.67058751378	0.996388667113188	0.996388667113188
PTPN4	quasibinomial	33	6	0.0610361764805368	0.219631135414694	0.782721832649618	NA	-0.058566036453941	119.768528084799	0.996388667113188	0.996388667113188
LZTR1	quasibinomial	33	6	0.0195618895668924	0.0704934989614537	0.783029387029755	NA	-0.0185596481495002	770.479564399555	0.996388667113188	0.996388667113188
ATPAF1	quasibinomial	33	6	0.0209678627447162	0.0755793618874165	0.783083287152212	NA	-0.0199580571818904	1236.28445631613	0.996388667113188	0.996388667113188
KLF11	quasibinomial	33	6	0.0312166134886484	0.112564016868961	0.783163409835354	NA	-0.0275466059404427	143.903536799173	0.996388667113188	0.996388667113188
STXBP4	quasibinomial	18	3	-0.241915721652983	0.872732583216485	0.783262249039892	NA	-0.0169756381974577	68.078195053885	0.996388667113188	0.996388667113188
ZNF346	quasibinomial	33	6	0.0413082611172394	0.14922610801395	0.783549237016813	NA	-0.0388646111553026	839.98311285922	0.996388667113188	0.996388667113188
HERPUD1	quasibinomial	31	5	-0.101609395158617	0.36724763949024	0.783654677197219	NA	0.0864241056072898	1353.69795248047	0.996388667113188	0.996388667113188
ARID2	quasibinomial	33	6	-0.0509584098331819	0.18423981716583	0.783723802598854	NA	0.0485012751610702	169.570105919794	0.996388667113188	0.996388667113188
DPYSL5	quasibinomial	33	6	-0.0102038159090695	0.0369205425000605	0.783887621573253	NA	0.00950135548496339	6228.29045130683	0.996388667113188	0.996388667113188
ZNF200	quasibinomial	33	6	-0.0364898257821077	0.132518417373754	0.784661400109175	NA	0.0419043656817234	298.421914217579	0.996388667113188	0.996388667113188
C16orf72	quasibinomial	33	6	0.0255327480632764	0.0929182555470083	0.785095306648282	NA	-0.0245607201542968	490.196833048639	0.996388667113188	0.996388667113188
METTL22	quasibinomial	33	6	0.0635205376646416	0.231299299075364	0.785219029404165	NA	-0.0595050460386712	85.0542547736611	0.996388667113188	0.996388667113188
PLEKHG1	quasibinomial	33	6	-0.0721708703493738	0.263979419336476	0.786155840601932	NA	0.0436266846501097	97.7593442412709	0.996388667113188	0.996388667113188
XRCC5	quasibinomial	33	6	0.0130174146279074	0.0476681157084093	0.786393333923974	NA	-0.0116801349065503	1192.46606865115	0.996388667113188	0.996388667113188
VANGL1	quasibinomial	33	6	-0.05676374830547	0.207943354218275	0.786475170936705	NA	0.0367902439402594	183.314428710923	0.996388667113188	0.996388667113188
SARM1	quasibinomial	33	6	0.0306021334014993	0.112264635086451	0.786770805761984	NA	-0.0320805958403665	1305.99570149212	0.996388667113188	0.996388667113188
ZMIZ1	quasibinomial	33	6	0.0213658642225748	0.0784930386220503	0.78706706933077	NA	-0.0214276075384901	2121.59174297221	0.996388667113188	0.996388667113188
LCMT2	quasibinomial	33	6	0.061637713371874	0.226444747769483	0.78706948570834	NA	-0.055236432903317	690.668293387629	0.996388667113188	0.996388667113188
PDHA1	quasibinomial	33	6	-0.0325366117276905	0.119560581678557	0.78711725997184	NA	0.0294091183455674	1337.91838540414	0.996388667113188	0.996388667113188
JAM3	quasibinomial	33	6	0.0221448261476075	0.0815563976701362	0.787580352513133	NA	-0.018710080090205	701.96082928736	0.996388667113188	0.996388667113188
PRRG3	quasibinomial	33	6	0.0893585384595179	0.329165780371614	0.787624633903764	NA	-0.0815364380653218	154.091388922701	0.996388667113188	0.996388667113188
LMBRD2	quasibinomial	33	6	0.0478436604310211	0.176546809204694	0.787985206564458	NA	-0.0202706995258464	486.273953510753	0.996388667113188	0.996388667113188
DDX51	quasibinomial	33	6	-0.0535957982450444	0.197796506874474	0.788010149317433	NA	0.0257508737828812	268.069727930054	0.996388667113188	0.996388667113188
FOXN2	quasibinomial	33	6	-0.0550793323784235	0.203347065533507	0.788086943357157	NA	0.040527987468742	175.164549236132	0.996388667113188	0.996388667113188
YOD1	quasibinomial	33	6	-0.0422913655449966	0.156219430370361	0.788198302946464	NA	0.0310747680645458	188.421941771419	0.996388667113188	0.996388667113188
CARF	quasibinomial	33	6	0.0426589912979072	0.157647587958072	0.788290263370053	NA	-0.0411678328734926	105.347670685175	0.996388667113188	0.996388667113188
MARK2	quasibinomial	33	6	0.0446493338263755	0.165071987824333	0.788376598937994	NA	-0.0665305353482806	383.613020636941	0.996388667113188	0.996388667113188
EIF2S1	quasibinomial	33	6	-0.0201450998520294	0.074496920543787	0.788429101266175	NA	0.018258923366782	934.321841988246	0.996388667113188	0.996388667113188
DCC	quasibinomial	33	6	0.0741827613860839	0.274920516068234	0.788872984696928	NA	-0.0480078708925625	271.430883106264	0.996388667113188	0.996388667113188
SMIM14	quasibinomial	33	6	0.0354062731582663	0.131502238013969	0.789322379658139	NA	-0.0349871199423111	1534.06798815314	0.996388667113188	0.996388667113188
SOD2	quasibinomial	33	6	0.0199731627908475	0.0742715164211427	0.789569488568175	NA	-0.0175986129511366	1623.88833227083	0.996388667113188	0.996388667113188
GABRA2	quasibinomial	33	6	-0.0365326153234323	0.13595250548051	0.789725882795642	NA	0.03547881253476	480.761241482428	0.996388667113188	0.996388667113188
PLAA	quasibinomial	33	6	-0.046554461892113	0.173310582949105	0.789800175815825	NA	0.0633015382749994	343.769763954345	0.996388667113188	0.996388667113188
FSTL3	quasibinomial	33	6	-0.0178533173393611	0.0664663244960868	0.789809131139198	NA	0.0173559059583423	392.846274178178	0.996388667113188	0.996388667113188
SLC26A2	quasibinomial	33	6	-0.0512192350932533	0.191036963170477	0.790187267165665	NA	0.0486854893830755	204.077644273449	0.996388667113188	0.996388667113188
WNK3	quasibinomial	33	6	0.0493718900766859	0.184380909528106	0.790447236271507	NA	-0.047959857402526	378.05170698917	0.996388667113188	0.996388667113188
ALDH1B1	quasibinomial	33	6	-0.0217915899215908	0.0814591093371761	0.790642307890316	NA	0.0245560642642258	776.042670451356	0.996388667113188	0.996388667113188
ONECUT3	quasibinomial	33	6	0.0446121557188256	0.166864689271553	0.790764801762866	NA	-0.0724940987094704	1611.28440120546	0.996388667113188	0.996388667113188
NBL1	quasibinomial	33	6	0.0111073179385037	0.0415696309827355	0.79088498931606	NA	-0.00965006448265625	2224.80392827379	0.996388667113188	0.996388667113188
KCNJ6	quasibinomial	33	6	0.0260060068073803	0.0976671946494881	0.791592416334781	NA	-0.0259758319598066	1640.6035728612	0.996388667113188	0.996388667113188
C21orf62	quasibinomial	33	6	-0.0433818146779833	0.162923538776601	0.791592921351989	NA	0.0393184920715624	168.348154153809	0.996388667113188	0.996388667113188
TMX1	quasibinomial	33	6	-0.0394847035010567	0.148399778889375	0.791746600395195	NA	0.035054926710422	233.892701507606	0.996388667113188	0.996388667113188
STX7	quasibinomial	33	6	0.0357673536659183	0.135039828827463	0.792666965495753	NA	-0.0413599301429864	3646.07037914804	0.996388667113188	0.996388667113188
C9orf85	quasibinomial	33	6	-0.043142392916529	0.163227135151092	0.793092075016036	NA	0.0407670959065819	154.85347912395	0.996388667113188	0.996388667113188
ERI1	quasibinomial	33	6	0.051759598049138	0.195976362239982	0.793243037035683	NA	-0.0472157021747553	90.089667811253	0.996388667113188	0.996388667113188
XPO4	quasibinomial	33	6	0.0708565586714429	0.268318648195937	0.793269996529267	NA	-0.0358625468074135	254.581943181789	0.996388667113188	0.996388667113188
PDCD10	quasibinomial	33	6	-0.0607840023679129	0.23050488061777	0.793557967425939	NA	0.084135227842824	395.628585492375	0.996388667113188	0.996388667113188
UBE2D2	quasibinomial	33	6	0.0240586040505909	0.0913070315563506	0.793717093110641	NA	-0.0194424053445897	2348.32374325932	0.996388667113188	0.996388667113188
NF2	quasibinomial	33	6	0.0225695219268429	0.0859008993704752	0.794292158525357	NA	-0.0224692946726201	1166.15827004995	0.996388667113188	0.996388667113188
FBXO22	quasibinomial	33	6	0.0258288289155146	0.0983977986510715	0.794479563405488	NA	-0.0265681588620884	525.620318937569	0.996388667113188	0.996388667113188
TSPAN33	quasibinomial	28	5	-0.103177570205726	0.393196529065833	0.794545972301467	NA	0.0383619010060285	321.58813211926	0.996388667113188	0.996388667113188
ZNF577	quasibinomial	33	6	-0.0352185883470294	0.134228904308005	0.794568943660259	NA	0.0341932646422366	114.214226338611	0.996388667113188	0.996388667113188
TLCD5	quasibinomial	33	6	-0.0452206554597788	0.172355574801936	0.794575587375291	NA	0.0455067063099407	164.741038832942	0.996388667113188	0.996388667113188
HCN1	quasibinomial	33	6	-0.0253206157956514	0.0965317271786741	0.794625164572697	NA	0.0214354011760301	775.34052369567	0.996388667113188	0.996388667113188
KIAA0513	quasibinomial	33	6	-0.0484852577282654	0.184928171402446	0.794716386449717	NA	0.0461162549589462	1341.81640488427	0.996388667113188	0.996388667113188
ARF6	quasibinomial	33	6	-0.043769583860642	0.167063181110768	0.794861743017169	NA	0.061215053454748	1127.98316558678	0.996388667113188	0.996388667113188
FBXO42	quasibinomial	33	6	-0.025548989478217	0.0976152372344925	0.79506259344531	NA	0.0271206548384926	999.753557150714	0.996388667113188	0.996388667113188
SCN7A	quasibinomial	33	6	0.0372673952749084	0.142515073570648	0.79524129827012	NA	-0.0353517857129209	404.278031013497	0.996388667113188	0.996388667113188
AFF4	quasibinomial	33	6	-0.0573135063670743	0.219629320926258	0.795656107593625	NA	0.0266339146276421	294.569406199528	0.996388667113188	0.996388667113188
DIAPH1	quasibinomial	33	6	0.03142703389447	0.120788344627659	0.796247454319756	NA	-0.0269498533515483	295.247986114437	0.996388667113188	0.996388667113188
IRS2	quasibinomial	33	6	-0.0437646597731747	0.168218599801507	0.796260665220748	NA	0.0246887313233315	417.60882405345	0.996388667113188	0.996388667113188
SEL1L3	quasibinomial	33	6	0.026062237682923	0.100205917148372	0.796320796882872	NA	-0.030277270533241	251.523555181649	0.996388667113188	0.996388667113188
ZNF563	quasibinomial	18	3	0.173514199269485	0.66775797994101	0.796505107016058	NA	-0.101139377857003	55.8355005329328	0.996388667113188	0.996388667113188
MTERF1	quasibinomial	33	6	0.0472234780947767	0.182105305742574	0.796907874463109	NA	-0.0345134414764761	309.145618681494	0.996388667113188	0.996388667113188
FGD4	quasibinomial	33	6	-0.0574933347536605	0.221757909299195	0.796952191052882	NA	0.0239923472784084	391.430838731851	0.996388667113188	0.996388667113188
SPAG9	quasibinomial	33	6	0.0313244795572965	0.12085206808689	0.797001803154586	NA	-0.0312455615839614	1061.46645995616	0.996388667113188	0.996388667113188
DNAJC11	quasibinomial	33	6	-0.0130506506859959	0.0503726836178918	0.797089803841753	NA	0.0124542078759551	827.871887149382	0.996388667113188	0.996388667113188
PCLO	quasibinomial	33	6	0.0440202199202415	0.169932063951099	0.79711728852206	NA	-0.0828632000220719	540.527098213508	0.996388667113188	0.996388667113188
RBAK	quasibinomial	33	6	0.0560271420233793	0.216496120822191	0.797312827927874	NA	-0.12553245403947	298.312772191273	0.996388667113188	0.996388667113188
VSTM4	quasibinomial	33	6	0.0372670766037622	0.144055477951849	0.797382509207243	NA	-0.0344243131726535	297.522302298446	0.996388667113188	0.996388667113188
FOXJ3	quasibinomial	33	6	-0.0316461138336589	0.122519980931695	0.797693276724525	NA	0.0258705466776045	486.361569305664	0.996388667113188	0.996388667113188
PGP	quasibinomial	33	6	-0.0470201778683909	0.182067652942704	0.797721498456072	NA	0.0386251127785265	1188.39686486619	0.996388667113188	0.996388667113188
MON2	quasibinomial	33	6	0.0492733547450221	0.191005773377733	0.797942546581717	NA	-0.040696475322083	232.353439640692	0.996388667113188	0.996388667113188
KCTD10	quasibinomial	33	6	0.0187144457282251	0.0726547148480325	0.798239048604397	NA	-0.0155190752976434	987.651651581737	0.996388667113188	0.996388667113188
ZFX	quasibinomial	33	6	-0.041392583955103	0.16070213602429	0.798244623853374	NA	0.0329674104784456	154.989087794803	0.996388667113188	0.996388667113188
CSNK1D	quasibinomial	33	6	0.0195103970872534	0.075819431601831	0.798433129497467	NA	-0.0178005865460288	2715.47098074398	0.996388667113188	0.996388667113188
NUDT4	quasibinomial	33	6	0.0389246071297414	0.151783710807675	0.799106477892943	NA	-0.0569060192945983	497.372804828385	0.996388667113188	0.996388667113188
OXNAD1	quasibinomial	33	6	0.042926398701611	0.167563200571248	0.799311366469581	NA	-0.0412992887058309	80.3556127216164	0.996388667113188	0.996388667113188
GALNT7	quasibinomial	33	6	-0.0850212893111238	0.331945552579568	0.799349755781876	NA	0.0889278413745995	79.8414804483247	0.996388667113188	0.996388667113188
IQSEC3	quasibinomial	33	6	0.0309144807445683	0.120927880214516	0.799722243187597	NA	-0.0321791604438726	333.702211948448	0.996388667113188	0.996388667113188
BMS1	quasibinomial	33	6	0.0328974108986822	0.128925798026331	0.800088808366242	NA	-0.0227177676407732	184.126737198863	0.996388667113188	0.996388667113188
BLOC1S5	quasibinomial	33	6	0.0301378932401681	0.118342116140344	0.800470328221126	NA	-0.0287613420693905	199.962622455242	0.996388667113188	0.996388667113188
GTDC1	quasibinomial	33	6	0.0213477480051507	0.0839817152849359	0.800832270543602	NA	-0.0238632042379926	281.672432842694	0.996388667113188	0.996388667113188
KDM2A	quasibinomial	33	6	0.0376351507708313	0.148340014157403	0.801205115980093	NA	-0.0388923048840792	200.314292171655	0.996388667113188	0.996388667113188
ASH2L	quasibinomial	32	6	0.0477123676210184	0.18819473458808	0.801344694399935	NA	-0.0562434122606079	656.969029375561	0.996388667113188	0.996388667113188
ZNF891	quasibinomial	33	6	-0.0400404866532175	0.158286945836203	0.801777924540601	NA	0.0380200196292047	425.746052273585	0.996388667113188	0.996388667113188
NCBP3	quasibinomial	33	6	-0.0413760963529601	0.163931414013691	0.802209212490873	NA	0.0402100375506107	363.473630224483	0.996388667113188	0.996388667113188
TIMM10B	quasibinomial	33	6	0.0179697043075818	0.0712102006914409	0.802248690900248	NA	-0.0170674047380884	757.037806830718	0.996388667113188	0.996388667113188
ZNF430	quasibinomial	33	6	0.0505876380964586	0.200507715038958	0.802286735344642	NA	-0.0558813995017898	185.241809472846	0.996388667113188	0.996388667113188
RAP2B	quasibinomial	33	6	0.0532494652688601	0.211289972432114	0.802499066428629	NA	-0.021357770624936	315.536898617992	0.996388667113188	0.996388667113188
CNNM4	quasibinomial	33	6	0.0277817317729522	0.110291612641015	0.802596727865411	NA	-0.0145640963048893	387.913906069829	0.996388667113188	0.996388667113188
KBTBD11	quasibinomial	33	6	0.0242508474524891	0.0964639285562341	0.802976570326402	NA	-0.0220913755299607	1244.19413770569	0.996388667113188	0.996388667113188
UBXN7	quasibinomial	33	6	-0.020083270065968	0.0801810047448512	0.803685208696859	NA	0.018265724396324	927.085642056313	0.996388667113188	0.996388667113188
TTC30B	quasibinomial	33	6	-0.0401943525661507	0.160603540470394	0.803841322395421	NA	0.0466668140128186	171.419268387728	0.996388667113188	0.996388667113188
NAA40	quasibinomial	33	6	0.0153609779038902	0.0617082845835742	0.804870747118288	NA	-0.0154631261772842	682.885936373071	0.996388667113188	0.996388667113188
USP14	quasibinomial	33	6	0.0252164646234491	0.101372444611452	0.805007543111393	NA	-0.0197598736237697	1534.29523714329	0.996388667113188	0.996388667113188
RPAP2	quasibinomial	33	6	-0.0478159482633002	0.192564030514879	0.805344257245672	NA	0.0177986453441546	842.437214427623	0.996388667113188	0.996388667113188
DNAJB12	quasibinomial	33	6	-0.0269619311494378	0.108898482942796	0.805900120599671	NA	0.0256196587734571	410.607970212038	0.996388667113188	0.996388667113188
GNPNAT1	quasibinomial	33	6	0.0464518615642684	0.188079904141503	0.806367158733559	NA	-0.0456638826751441	93.5510740088914	0.996388667113188	0.996388667113188
SCRG1	quasibinomial	31	6	0.107038464024168	0.434044574462782	0.806653025631019	NA	-0.0998099086171232	166.075778794783	0.996388667113188	0.996388667113188
ARPC5	quasibinomial	32	6	-0.0739781212951502	0.301245126654305	0.807445976880809	NA	-0.0111564126018463	5316.97291839193	0.996388667113188	0.996388667113188
MORC3	quasibinomial	33	6	-0.0368679735594086	0.150231926438108	0.807574588361037	NA	0.0307994129878401	99.6500503159439	0.996388667113188	0.996388667113188
AP4S1	quasibinomial	33	6	-0.053986906086768	0.220099181377929	0.807668755048122	NA	0.0496744222950275	99.9499061034279	0.996388667113188	0.996388667113188
PDIK1L	quasibinomial	33	6	-0.0269616253784311	0.110004834510721	0.807814337786462	NA	0.0110239342555195	447.507034621976	0.996388667113188	0.996388667113188
LNPK	quasibinomial	33	6	-0.0383921742507158	0.156726347215353	0.807915577090965	NA	0.00657812321957668	1694.28026882494	0.996388667113188	0.996388667113188
GLRA3	quasibinomial	33	6	0.0451511319688218	0.184433553088051	0.808033387403514	NA	-0.0798954351463178	289.445443341632	0.996388667113188	0.996388667113188
KLF7	quasibinomial	33	6	0.0164800469214998	0.0674459416031082	0.80839078133374	NA	-0.015482008718432	1825.63550208302	0.996388667113188	0.996388667113188
BLZF1	quasibinomial	33	6	0.0287565979058467	0.117726893630793	0.808451633292906	NA	-0.0347070084194617	158.857559979835	0.996388667113188	0.996388667113188
NAPG	quasibinomial	33	6	-0.0211319831432695	0.0866012843379237	0.808644220072059	NA	0.022788032171079	1151.4173181466	0.996388667113188	0.996388667113188
MSRB2	quasibinomial	33	6	-0.055667952873115	0.228691886517358	0.809101913758991	NA	0.0358775660357882	809.587873564841	0.996388667113188	0.996388667113188
LARP4B	quasibinomial	33	6	0.0221588203093931	0.0910986918055121	0.809239692860131	NA	-0.021438132023748	624.891823872229	0.996388667113188	0.996388667113188
TMEM178B	quasibinomial	33	6	-0.0359048867802845	0.147738252967816	0.809400555975479	NA	0.0341483019226012	1644.52038043773	0.996388667113188	0.996388667113188
STRN3	quasibinomial	33	6	-0.0491583270031239	0.202597440696854	0.809700284111355	NA	0.067446336571505	223.031366359786	0.996388667113188	0.996388667113188
ZNF324B	quasibinomial	32	6	0.0530372946173653	0.218587722483713	0.809703522493253	NA	-0.0311143683615482	83.4939953489909	0.996388667113188	0.996388667113188
ZNF518B	quasibinomial	33	6	0.0431594187139858	0.178215704146688	0.81005789014332	NA	-0.0447098359372369	342.651690617485	0.996388667113188	0.996388667113188
RPIA	quasibinomial	33	6	-0.0260686232857152	0.107922212605138	0.810538397825069	NA	0.0261196465041617	95.1485569296194	0.996388667113188	0.996388667113188
RBM27	quasibinomial	33	6	0.0567977923223395	0.235533627367128	0.810849755094341	NA	-0.0794920159567758	71.0686193334255	0.996388667113188	0.996388667113188
ATP6V1B2	quasibinomial	33	6	-0.00994350154990242	0.0412459068921437	0.810900999583914	NA	0.0120982325105139	5324.07716104781	0.996388667113188	0.996388667113188
EPHA6	quasibinomial	33	6	-0.0624409021676068	0.259139883324704	0.810996403667526	NA	0.0359131768891398	380.967550549659	0.996388667113188	0.996388667113188
GUCY1A2	quasibinomial	33	6	-0.0726412177068777	0.301489800401592	0.811006820744215	NA	0.0943950700153779	159.865554172095	0.996388667113188	0.996388667113188
LPCAT2	quasibinomial	32	6	-0.0650324754092228	0.269941627554623	0.811028178096416	NA	0.0686586522138031	66.2654331821813	0.996388667113188	0.996388667113188
PARVB	quasibinomial	33	6	0.0350610388338231	0.14564259383701	0.811166350009476	NA	-0.0388248450701897	236.886749149681	0.996388667113188	0.996388667113188
EXTL2	quasibinomial	33	6	-0.0321317836614805	0.13350306649493	0.81120589368608	NA	0.0305265779668983	455.544110473335	0.996388667113188	0.996388667113188
TSC1	quasibinomial	33	6	0.0229942332091983	0.0956526147153961	0.811428012510426	NA	-0.023559729002125	769.163294433232	0.996388667113188	0.996388667113188
MYSM1	quasibinomial	33	6	-0.0499154092968474	0.207748191012551	0.811523638601957	NA	0.183687958142395	213.270628508639	0.996388667113188	0.996388667113188
SSR3	quasibinomial	33	6	0.0198583723933417	0.0826846746290755	0.811599679495405	NA	-0.0190521856993165	779.191122733654	0.996388667113188	0.996388667113188
SERP1	quasibinomial	33	6	-0.0337532644070077	0.140688056478073	0.811795255054305	NA	0.00926919992724505	750.19976438104	0.996388667113188	0.996388667113188
PABIR1	quasibinomial	33	6	0.0354927981451796	0.148048504587285	0.811932162139064	NA	-0.0102872082980892	915.984965733692	0.996388667113188	0.996388667113188
MDGA2	quasibinomial	33	6	0.0335255295349822	0.140149008998469	0.812335356140331	NA	-0.0331459017655533	151.982599102895	0.996388667113188	0.996388667113188
MAP2K4	quasibinomial	33	6	-0.0189576456498061	0.0793084006313614	0.81247106821524	NA	0.0160094272447729	2578.49254602302	0.996388667113188	0.996388667113188
BBIP1	quasibinomial	33	6	0.0326179394414771	0.136545307106417	0.81259190181834	NA	-0.0305709892608613	370.930997557282	0.996388667113188	0.996388667113188
VWC2L	quasibinomial	33	6	0.0265089476739876	0.11128413911586	0.81310769022647	NA	-0.0231352646354669	285.596008328451	0.996388667113188	0.996388667113188
RPUSD4	quasibinomial	33	6	-0.0137853883438643	0.0579326042848941	0.813303106453062	NA	0.0131034553429537	314.674351477128	0.996388667113188	0.996388667113188
DCAF12L2	quasibinomial	33	6	-0.0347270853072455	0.14605471055305	0.81344774470406	NA	0.0414934958797672	192.712731379108	0.996388667113188	0.996388667113188
DIXDC1	quasibinomial	33	6	0.0234184003647563	0.0987060429615216	0.813843059699997	NA	-0.0251554686219738	488.030608483827	0.996388667113188	0.996388667113188
ZNF655	quasibinomial	33	6	-0.0388181553014408	0.163742666386926	0.813986145944831	NA	0.0425563355379994	640.637998672958	0.996388667113188	0.996388667113188
MTMR6	quasibinomial	33	6	0.0399649219208677	0.168661477382507	0.814074339206912	NA	-0.0595988832482437	1174.52657057809	0.996388667113188	0.996388667113188
KCNJ2	quasibinomial	33	6	0.101802522307807	0.43010634942004	0.814275966325571	NA	-0.109015334821408	66.7914824762258	0.996388667113188	0.996388667113188
BTNL9	quasibinomial	33	6	0.0173787132994201	0.0734568825852359	0.814358825135738	NA	-0.0147897062788406	478.066435844054	0.996388667113188	0.996388667113188
LRRC14	quasibinomial	33	6	-0.0091774072756861	0.0388022961763221	0.814410204603994	NA	0.00883262737956739	2062.17284579206	0.996388667113188	0.996388667113188
CRTAP	quasibinomial	33	6	-0.0439026255958175	0.185852085736185	0.81463624656324	NA	0.0227726093806648	554.458773738084	0.996388667113188	0.996388667113188
GSK3B	quasibinomial	33	6	0.0209129710835535	0.08853243528472	0.814640319961283	NA	-0.0218689994478617	1294.3707775138	0.996388667113188	0.996388667113188
UBE2W	quasibinomial	33	6	-0.0306338108006551	0.129685179797037	0.814641429142656	NA	0.02964634176709	722.310923075353	0.996388667113188	0.996388667113188
SEC63	quasibinomial	33	6	0.0299370619179054	0.126743874619974	0.814653354131033	NA	-0.0269043151217316	516.098146682466	0.996388667113188	0.996388667113188
ABT1	quasibinomial	33	6	0.044799831551659	0.189934349320817	0.814908300777245	NA	-0.0539296956097481	686.238075541523	0.996388667113188	0.996388667113188
MBLAC2	quasibinomial	33	6	-0.0415407041732497	0.176220419638892	0.815014996522483	NA	0.0440405246945219	520.203090272931	0.996388667113188	0.996388667113188
AMDHD2	quasibinomial	33	6	0.0207207482402394	0.0879583977788274	0.815135939419131	NA	-0.0245542536056619	312.05865692037	0.996388667113188	0.996388667113188
FITM2	quasibinomial	33	6	-0.0217158207581225	0.092328285386058	0.81542249337207	NA	0.0105325031190567	768.464893211305	0.996388667113188	0.996388667113188
DIP2A	quasibinomial	33	6	0.0269893093856494	0.11477382032622	0.815461081457586	NA	-0.0281448226927749	207.20577490903	0.996388667113188	0.996388667113188
DNAJA4	quasibinomial	33	6	0.0379937543015731	0.161629873034042	0.815527093320597	NA	-0.0304339303919801	444.98142199404	0.996388667113188	0.996388667113188
SLC6A17	quasibinomial	33	6	0.0349292306548264	0.149021370884961	0.816047415503286	NA	-0.0366971571407205	506.179772750272	0.996388667113188	0.996388667113188
CLCN4	quasibinomial	33	6	0.0172963138351603	0.0738136101682611	0.816098682162587	NA	-0.0164235158434629	1605.11564739398	0.996388667113188	0.996388667113188
NR2C1	quasibinomial	33	6	0.0484747363375615	0.206950041845679	0.816168137258752	NA	-0.0456648101564457	106.265131110819	0.996388667113188	0.996388667113188
IPMK	quasibinomial	33	6	-0.0424283386527069	0.181325414271527	0.816356047090378	NA	0.0360185690107099	110.117053266915	0.996388667113188	0.996388667113188
MSH6	quasibinomial	33	6	-0.0343868653070749	0.147134517082551	0.816571439125797	NA	0.00834745524034219	434.103078332322	0.996388667113188	0.996388667113188
COA7	quasibinomial	33	6	0.0436772972125828	0.18713322674446	0.816808879526418	NA	-0.0300990361102517	1141.60852894098	0.996388667113188	0.996388667113188
SLC24A2	quasibinomial	33	6	0.043792783764308	0.187700888642425	0.816878677910573	NA	-0.0411793384242845	429.243618752621	0.996388667113188	0.996388667113188
ADD2	quasibinomial	33	6	0.0289446699621552	0.124078971641659	0.816905910318972	NA	-0.0287195391439157	4153.50000295443	0.996388667113188	0.996388667113188
SREK1	quasibinomial	33	6	-0.0347544067672849	0.149014789857933	0.816943111090997	NA	0.0464874768964478	250.536454968075	0.996388667113188	0.996388667113188
MAOA	quasibinomial	33	6	-0.0203497775928468	0.087329416966348	0.817100833705091	NA	0.0215174315268877	455.043902732054	0.996388667113188	0.996388667113188
IVD	quasibinomial	33	6	-0.0324561579099102	0.139412222811964	0.817267285415128	NA	0.0273984774744643	510.959518594416	0.996388667113188	0.996388667113188
KCTD12	quasibinomial	33	6	-0.0473564908413681	0.203472280285393	0.817317663096384	NA	0.0607825452288433	688.174277791893	0.996388667113188	0.996388667113188
CSRNP3	quasibinomial	33	6	0.0413096787688119	0.177657784014924	0.817485506413266	NA	-0.0352635684437472	2468.80011846984	0.996388667113188	0.996388667113188
FRYL	quasibinomial	33	6	-0.0265075854459329	0.114000414855444	0.817487090063002	NA	0.0320848734890667	165.568775624522	0.996388667113188	0.996388667113188
GABPA	quasibinomial	33	6	0.0578657586298665	0.249144043069611	0.817690189451909	NA	-0.0801453036064537	119.192687315742	0.996388667113188	0.996388667113188
SULF2	quasibinomial	33	6	0.0379221616133021	0.16366840320519	0.818119466663393	NA	-0.0135957514350469	1086.86351918356	0.996388667113188	0.996388667113188
SLC44A1	quasibinomial	33	6	0.0353998114604099	0.153365122003304	0.818798244160641	NA	-0.0306008240673459	174.166646807664	0.996388667113188	0.996388667113188
UBE2L3	quasibinomial	33	6	0.0187964340943241	0.081557339793699	0.819069223956182	NA	-0.0190132191234394	2513.12675852856	0.996388667113188	0.996388667113188
TBC1D23	quasibinomial	33	6	0.0431917922584608	0.187669736924541	0.819316733928869	NA	-0.0616436950728881	268.483063607233	0.996388667113188	0.996388667113188
APOOL	quasibinomial	33	6	0.0424581624489467	0.184491064878442	0.819325363689264	NA	-0.0412924677507581	272.319628896743	0.996388667113188	0.996388667113188
ZBTB8A	quasibinomial	33	6	0.0403212814711472	0.175521268812423	0.819644265515313	NA	-0.0394184903486289	180.715891672645	0.996388667113188	0.996388667113188
ZBTB43	quasibinomial	33	6	-0.0411664367354337	0.179284958612086	0.819727915325661	NA	0.0420576291993823	1017.25978349566	0.996388667113188	0.996388667113188
FAM8A1	quasibinomial	33	6	-0.0206328484044025	0.0899556165218557	0.819918809313624	NA	0.0218401819032555	904.331921609591	0.996388667113188	0.996388667113188
SMURF2	quasibinomial	33	6	0.0350595956850953	0.152921349257285	0.819997030935794	NA	-0.0356630802569091	135.599516037537	0.996388667113188	0.996388667113188
NARF	quasibinomial	33	6	0.0275300917869616	0.120088896724578	0.820010861501035	NA	-0.0261991586017654	863.354101347933	0.996388667113188	0.996388667113188
WDR1	quasibinomial	33	6	0.0115858112743119	0.0505464573537516	0.820038976097909	NA	-0.0116539401968349	2038.44167418658	0.996388667113188	0.996388667113188
RRBP1	quasibinomial	33	6	0.0283795706431627	0.123841867351346	0.820078610292674	NA	-0.0273131825158325	60.8869780075422	0.996388667113188	0.996388667113188
BRSK2	quasibinomial	33	6	0.0198228724661319	0.0865229964560642	0.820120634134298	NA	-0.0164868649116556	616.770813825801	0.996388667113188	0.996388667113188
NYAP2	quasibinomial	33	6	0.0838221440837701	0.366853137710819	0.820595371381636	NA	-0.0564055545449336	77.0043015893763	0.996388667113188	0.996388667113188
INPP5F	quasibinomial	33	6	-0.0224561302650931	0.0983855408489457	0.820783097036466	NA	0.0229083614742204	2560.27491478486	0.996388667113188	0.996388667113188
GJC1	quasibinomial	33	6	-0.071364450003846	0.313010868299515	0.82097802336097	NA	0.0212560252036261	76.8000097673004	0.996388667113188	0.996388667113188
SLC38A7	quasibinomial	33	6	0.0316774502032121	0.139017090524767	0.821075375903136	NA	-0.0417632962758961	888.046590749045	0.996388667113188	0.996388667113188
SDHAF4	quasibinomial	33	6	0.0210889154069118	0.0925509114413298	0.821078806711202	NA	-0.0211254095867585	261.173438658861	0.996388667113188	0.996388667113188
LPP	quasibinomial	33	6	-0.0364196318775085	0.160125720299055	0.821401921325212	NA	0.00141665816633105	433.16817613445	0.996388667113188	0.996388667113188
MTMR4	quasibinomial	33	6	-0.0226806347243645	0.0997721843235699	0.821494306136842	NA	0.0197826383855872	1401.49698165228	0.996388667113188	0.996388667113188
PACS2	quasibinomial	33	6	0.0252061312761494	0.111279443309743	0.822120940265249	NA	-0.0221774229285459	1686.04853903149	0.996388667113188	0.996388667113188
PRUNE1	quasibinomial	33	6	-0.0117455624034215	0.0519061068310964	0.822296273233631	NA	0.00985117607735985	772.905197005756	0.996388667113188	0.996388667113188
IST1	quasibinomial	33	6	-0.0427583610081449	0.189086457590359	0.822414734178723	NA	0.0366758226171186	1998.54900440647	0.996388667113188	0.996388667113188
BACH1	quasibinomial	33	6	-0.0295189411484393	0.131121683764596	0.823190310199917	NA	0.0295289460395851	294.280908898799	0.996388667113188	0.996388667113188
ZNF225	quasibinomial	33	6	-0.0357604604320269	0.158857304792538	0.823202451135277	NA	0.00608038372557709	196.411903493126	0.996388667113188	0.996388667113188
CCNH	quasibinomial	33	6	0.0389639716332886	0.173317482767568	0.82343237561355	NA	-0.012952745992932	231.7186101916	0.996388667113188	0.996388667113188
RIT1	quasibinomial	33	6	-0.03506632386141	0.156538566576132	0.824051445002011	NA	0.0347317963281157	131.851310787354	0.996388667113188	0.996388667113188
ZNF843	quasibinomial	33	6	0.0902241851713961	0.403037093511127	0.824167264933049	NA	-0.0617108052519438	66.0431390458131	0.996388667113188	0.996388667113188
XPO5	quasibinomial	33	6	0.0279480294673013	0.124979083401053	0.824351865075409	NA	-0.0240716639192882	357.465965075078	0.996388667113188	0.996388667113188
TMEM268	quasibinomial	33	6	0.0151663719064794	0.0678952963126912	0.824539356469892	NA	-0.0148979408952229	650.240243549133	0.996388667113188	0.996388667113188
GMCL1	quasibinomial	33	6	0.0391915078855188	0.175600657913756	0.824688696162408	NA	-0.0444470403404559	121.496059354821	0.996388667113188	0.996388667113188
RAPH1	quasibinomial	33	6	-0.0264175197865514	0.118377845183458	0.824706244395225	NA	0.0244973971330282	556.606007315923	0.996388667113188	0.996388667113188
PHF2	quasibinomial	33	6	-0.0247100616672023	0.110819761792687	0.824851012559716	NA	0.0137660823568978	146.446595977626	0.996388667113188	0.996388667113188
CCDC184	quasibinomial	33	6	0.0114024344486494	0.0511640131425867	0.824939656035785	NA	-0.0113208906141073	3260.98105214555	0.996388667113188	0.996388667113188
LNPEP	quasibinomial	33	6	-0.0368360692623965	0.165451871533908	0.825110524821323	NA	0.0357306639130702	481.785353186835	0.996388667113188	0.996388667113188
GRK3	quasibinomial	33	6	-0.0325468839998043	0.146511264028831	0.825491459048301	NA	0.0437990974152181	677.458862741945	0.996388667113188	0.996388667113188
MTMR2	quasibinomial	33	6	-0.0273846076350957	0.123460779071572	0.825752371250316	NA	0.0269957106108172	929.13058544198	0.996388667113188	0.996388667113188
HPS1	quasibinomial	33	6	0.0360648976959311	0.162665326707432	0.825826441721424	NA	-0.0397894427816089	307.700086179465	0.996388667113188	0.996388667113188
MAML3	quasibinomial	33	6	0.0250245733885601	0.112892544684118	0.82586125664567	NA	-0.0246009295028166	635.257792324556	0.996388667113188	0.996388667113188
MAPRE2	quasibinomial	33	6	-0.0116604131864687	0.052647963090034	0.826006702900305	NA	0.0147319105266372	8107.72225867873	0.996388667113188	0.996388667113188
ATP8B2	quasibinomial	33	6	-0.033733078491107	0.152421352282719	0.826133588044982	NA	0.0291382230706687	180.985003440784	0.996388667113188	0.996388667113188
ZNF791	quasibinomial	33	6	0.0402600105839849	0.182110654993564	0.826319162017627	NA	-0.0547348713957476	755.317880729694	0.996388667113188	0.996388667113188
GOPC	quasibinomial	33	6	-0.0197014960780308	0.0891537143402303	0.826389449453499	NA	0.0263040711654087	677.181855546964	0.996388667113188	0.996388667113188
CLASP1	quasibinomial	33	6	0.0342402560053345	0.15494527796297	0.826389884747555	NA	-0.025915555089808	1449.12735983051	0.996388667113188	0.996388667113188
PNPO	quasibinomial	33	6	0.0310088072833515	0.140548825500939	0.826665171194487	NA	-0.0299508950640049	564.82526641959	0.996388667113188	0.996388667113188
PTGFR	quasibinomial	33	6	0.0453913118119482	0.205976332159434	0.826862269239494	NA	-0.0602599502889919	330.123105296013	0.996388667113188	0.996388667113188
INSYN2A	quasibinomial	33	6	-0.0274996045374658	0.124801168248257	0.826880937365087	NA	0.00961250416045785	237.57489674586	0.996388667113188	0.996388667113188
AK5	quasibinomial	33	6	0.0187928148287686	0.0853491950539145	0.827004539738077	NA	-0.0182088237337658	536.475436292406	0.996388667113188	0.996388667113188
PCDHB14	quasibinomial	33	6	-0.0521527332788059	0.236930413142593	0.827057867575167	NA	-0.00842241454094046	236.883441314733	0.996388667113188	0.996388667113188
TRNAU1AP	quasibinomial	33	6	0.0329732214434623	0.150220650135677	0.82753680673142	NA	-0.0302941902581475	182.579700966569	0.996388667113188	0.996388667113188
CHML	quasibinomial	33	6	-0.0276414124131017	0.126210571205508	0.827914212415164	NA	0.0428996198178742	558.38433271087	0.996388667113188	0.996388667113188
TCERG1	quasibinomial	33	6	-0.0280133027402975	0.128401163829604	0.828563613792332	NA	0.0207773177235051	333.720076450676	0.996388667113188	0.996388667113188
PIAS4	quasibinomial	33	6	0.0369669185574624	0.16953276336536	0.8286551421404	NA	-0.0371721227089497	157.691336476532	0.996388667113188	0.996388667113188
KCNA1	quasibinomial	33	6	-0.0496530839879289	0.228076254290502	0.828924102896962	NA	0.0126121157681544	597.919717307783	0.996388667113188	0.996388667113188
ST7L	quasibinomial	33	6	0.0316793010213528	0.14582298607569	0.829278967872301	NA	-0.0229961717356157	117.437469337291	0.996388667113188	0.996388667113188
SYT16	quasibinomial	33	6	-0.0388354309367498	0.178783901148688	0.829298261333499	NA	0.0590993724129433	482.725452856075	0.996388667113188	0.996388667113188
DGKH	quasibinomial	33	6	0.0617358347362433	0.284289557792389	0.829345941202256	NA	-0.0602595829412691	185.821013645104	0.996388667113188	0.996388667113188
SHOX2	quasibinomial	33	6	0.0374481683701805	0.172616292439183	0.829511198128634	NA	-0.00399749986704915	1110.38551785996	0.996388667113188	0.996388667113188
TSNAX	quasibinomial	33	6	0.0299546592713489	0.138138715116903	0.829588368722374	NA	-0.027017182498098	437.487699102193	0.996388667113188	0.996388667113188
ALDH1L2	quasibinomial	33	6	-0.0370443670329626	0.170974090942837	0.82972619229613	NA	0.0727314410750161	285.888313594062	0.996388667113188	0.996388667113188
LRRFIP2	quasibinomial	33	6	-0.0168790097003335	0.0782974538684457	0.830570060470207	NA	0.0159613935863642	259.297547888214	0.996388667113188	0.996388667113188
PID1	quasibinomial	33	6	-0.0198782150657207	0.092362036252467	0.830844540907806	NA	0.0238457511725356	894.178290199258	0.996388667113188	0.996388667113188
FGF2	quasibinomial	33	6	-0.0439255813591173	0.204459976669986	0.831141262882921	NA	0.00507276333586239	233.016125260337	0.996388667113188	0.996388667113188
NEO1	quasibinomial	33	6	0.0253144333664694	0.117921900948799	0.83126960168233	NA	-0.0255959083643886	230.884066269619	0.996388667113188	0.996388667113188
GIGYF1	quasibinomial	33	6	-0.0450454350653493	0.209945214682186	0.831357128630051	NA	0.043869970174686	146.181357040306	0.996388667113188	0.996388667113188
NAMPT	quasibinomial	33	6	0.0304832966577195	0.142386365946895	0.831720355888298	NA	-0.0293851884496648	214.522234582643	0.996388667113188	0.996388667113188
MRRF	quasibinomial	33	6	-0.051755128245944	0.241753404025051	0.831725213555981	NA	0.0440517171139171	279.006178092221	0.996388667113188	0.996388667113188
ARHGEF17	quasibinomial	33	6	0.0186985135932889	0.087703822850996	0.832407466189371	NA	-0.0178218807050242	358.829058510944	0.996388667113188	0.996388667113188
PPP2R2C	quasibinomial	33	6	0.0225445501961357	0.105900177283353	0.832651840360798	NA	-0.0251581377817306	687.150708527858	0.996388667113188	0.996388667113188
GNB5	quasibinomial	33	6	0.029067032121988	0.136546676439542	0.832661450326564	NA	-0.00972574299081575	1634.79225291141	0.996388667113188	0.996388667113188
GPATCH8	quasibinomial	33	6	-0.0294891221070503	0.138547809037236	0.832683215228304	NA	0.0116794680008569	1035.11273611137	0.996388667113188	0.996388667113188
DGKE	quasibinomial	33	6	0.0398288234313652	0.187308497465527	0.832843283456302	NA	-0.056943051315958	286.362032458997	0.996388667113188	0.996388667113188
ENTR1	quasibinomial	33	6	0.0242991874221377	0.114338318705131	0.832934229914991	NA	-0.0232817667665606	112.426947645586	0.996388667113188	0.996388667113188
RNF165	quasibinomial	33	6	0.0320892734704746	0.151061594754236	0.833007744342362	NA	-0.0330209262956674	419.67283973277	0.996388667113188	0.996388667113188
PPARGC1B	quasibinomial	33	6	-0.0367633389108247	0.173124937710545	0.833064715710414	NA	0.0420664045943608	152.087951020089	0.996388667113188	0.996388667113188
ARHGAP12	quasibinomial	33	6	-0.0212683923849374	0.100163667209902	0.833076399125268	NA	0.0225901226341924	252.164934753879	0.996388667113188	0.996388667113188
SNX18	quasibinomial	30	6	-0.0670049039889553	0.316237716846516	0.83342857918174	NA	0.0552685982625759	74.4784440250537	0.996388667113188	0.996388667113188
ZFAND5	quasibinomial	33	6	0.0168763291017901	0.0796899998975799	0.833511182479329	NA	-0.013899412022428	3713.82242164141	0.996388667113188	0.996388667113188
BAHCC1	quasibinomial	33	6	0.0528984541434913	0.250244958697429	0.833811604855511	NA	-0.100399923084553	73.3240619785896	0.996388667113188	0.996388667113188
PLEKHM3	quasibinomial	33	6	0.0435378901073193	0.206215394380704	0.834011721514255	NA	-0.043115697888453	510.423420359488	0.996388667113188	0.996388667113188
TNFRSF10B	quasibinomial	33	6	-0.022306456098126	0.105728137493976	0.834126974192457	NA	0.0297893338330992	331.724200521908	0.996388667113188	0.996388667113188
CUL4B	quasibinomial	33	6	0.026689654757874	0.12665296804759	0.834319608305247	NA	-0.0218479766324241	545.447678174493	0.996388667113188	0.996388667113188
CREB1	quasibinomial	33	6	-0.0335253137345509	0.159106789488761	0.834335931280718	NA	0.022938209123869	498.998781309937	0.996388667113188	0.996388667113188
NHLH1	quasibinomial	33	6	0.0321015640110473	0.152382200391113	0.834370561250995	NA	-0.0263589677957995	136.227646749967	0.996388667113188	0.996388667113188
ZBTB7A	quasibinomial	33	6	-0.029142471796763	0.138504841981795	0.834569716153794	NA	0.0490518267503159	134.111381621076	0.996388667113188	0.996388667113188
GNG7	quasibinomial	33	6	0.027897620257556	0.132705682932224	0.834713644401496	NA	-0.0298566386649394	522.753353850128	0.996388667113188	0.996388667113188
MAP3K3	quasibinomial	33	6	-0.0426585617791221	0.20316664823196	0.834909898607575	NA	0.00817047053712971	369.624258356043	0.996388667113188	0.996388667113188
ZNF33B	quasibinomial	33	6	-0.0326599369483038	0.155583233980437	0.834947803637386	NA	0.022608197430182	815.812234870182	0.996388667113188	0.996388667113188
PLPP6	quasibinomial	33	6	-0.0220377980994631	0.105462829608102	0.835688797200995	NA	0.020381261405247	616.879122626079	0.996388667113188	0.996388667113188
TOP3A	quasibinomial	33	6	0.0431706169440788	0.206843496033785	0.835883389502612	NA	-0.0559118323508926	190.781503870138	0.996388667113188	0.996388667113188
AIMP1	quasibinomial	33	6	-0.033634883639271	0.161255836251938	0.835984583108925	NA	0.0228935057664409	141.225504566386	0.996388667113188	0.996388667113188
NAV3	quasibinomial	33	6	-0.0273776871300362	0.131370974443619	0.83612484989943	NA	0.0424261780048574	525.929174742772	0.996388667113188	0.996388667113188
RHOBTB3	quasibinomial	33	6	-0.0287865274455458	0.1382695018376	0.836286283461624	NA	0.031194528634802	187.30995476809	0.996388667113188	0.996388667113188
PTCD2	quasibinomial	33	6	0.0302600300244007	0.146051257805537	0.837063991021305	NA	-0.0280829645963867	228.038795311195	0.996388667113188	0.996388667113188
EVI5	quasibinomial	33	6	0.0293582292634641	0.141707932848337	0.837074474441561	NA	-0.0263589016626347	144.751212105557	0.996388667113188	0.996388667113188
STYX	quasibinomial	33	6	-0.0243880607701924	0.117718458534197	0.837075580792072	NA	-0.0166029309685117	347.391230648599	0.996388667113188	0.996388667113188
ZIK1	quasibinomial	33	6	0.0350557444859528	0.169335037361725	0.837193955170649	NA	-0.0296660766352959	191.523308149881	0.996388667113188	0.996388667113188
ANKFY1	quasibinomial	33	6	-0.0242093506066715	0.117099074339286	0.837409063991002	NA	0.0251849127049349	852.912769593087	0.996388667113188	0.996388667113188
TM7SF3	quasibinomial	33	6	0.0523714419496572	0.253358115971952	0.837434874998296	NA	-0.0393672891832498	742.649882286044	0.996388667113188	0.996388667113188
HECW2	quasibinomial	33	6	0.0286276628722467	0.138563238708144	0.83751668649522	NA	-0.0270317201704738	209.979325216518	0.996388667113188	0.996388667113188
BBX	quasibinomial	33	6	-0.0411111345149825	0.199082078917923	0.83759430541568	NA	0.0371309646737957	120.253248016169	0.996388667113188	0.996388667113188
MDM4	quasibinomial	33	6	0.0455630015562343	0.220692108578072	0.837631806499469	NA	-0.0448865799547429	345.694066205038	0.996388667113188	0.996388667113188
ZNF83	quasibinomial	33	6	0.0193836016136424	0.0942233329579556	0.838201733002426	NA	-0.00585674952222849	475.478042576265	0.996388667113188	0.996388667113188
ZNF708	quasibinomial	33	6	0.0514883132087074	0.250387049292762	0.838267523287152	NA	-0.0806337524324846	316.167707000075	0.996388667113188	0.996388667113188
MXI1	quasibinomial	33	6	-0.0220338304520228	0.107189263456287	0.838325536708743	NA	0.0210322018889301	441.171340919832	0.996388667113188	0.996388667113188
CCDC71L	quasibinomial	33	6	-0.046448052785119	0.226942455925233	0.839016444314698	NA	0.0349994760233888	70.3439076760154	0.996388667113188	0.996388667113188
EML5	quasibinomial	33	6	-0.0312279685395882	0.152592267828978	0.839031262377451	NA	0.0301789415884958	367.925255535064	0.996388667113188	0.996388667113188
BORCS5	quasibinomial	33	6	-0.0288305450892685	0.141128439776431	0.839313403116688	NA	0.0310293558139591	344.868843533872	0.996388667113188	0.996388667113188
ANKH	quasibinomial	33	6	0.0170312316007108	0.0833705016569267	0.839315107586377	NA	-0.0193911616017689	583.172132932814	0.996388667113188	0.996388667113188
TRIP12	quasibinomial	33	6	0.0267454204657028	0.13097252550839	0.839375062901026	NA	-0.0258397531936048	406.992869903885	0.996388667113188	0.996388667113188
LRRN1	quasibinomial	33	6	0.039285928714094	0.192502432052592	0.839472901090294	NA	-0.0460211100775531	3707.65046441609	0.996388667113188	0.996388667113188
RDX	quasibinomial	33	6	0.0445741494642219	0.218859055157021	0.839794068720688	NA	-0.0541581948395623	485.625741094474	0.996388667113188	0.996388667113188
USP40	quasibinomial	33	6	-0.025698035724628	0.126321810021883	0.839974700398923	NA	0.0251947241041002	103.053870070106	0.996388667113188	0.996388667113188
SMARCC1	quasibinomial	33	6	0.0228500551967759	0.112360795393787	0.840028870603962	NA	-0.0166114960505286	365.252238026388	0.996388667113188	0.996388667113188
ZDHHC22	quasibinomial	33	6	0.0174893154863045	0.0861008246143639	0.840212869490573	NA	-0.0105505634461509	909.785220635273	0.996388667113188	0.996388667113188
FBXO33	quasibinomial	33	6	-0.0321381391271038	0.158459117491568	0.840452838658005	NA	0.0109649079670359	155.440839513995	0.996388667113188	0.996388667113188
BLOC1S6	quasibinomial	33	6	0.019333283794522	0.0954591517053488	0.840675613074563	NA	-0.0239067832208283	1499.99549605192	0.996388667113188	0.996388667113188
STC1	quasibinomial	33	6	-0.0555036780850278	0.27425594701386	0.840792174016349	NA	0.0603056505925165	542.495509429414	0.996388667113188	0.996388667113188
CPD	quasibinomial	33	6	-0.0302838892751081	0.150011787476322	0.84118190178161	NA	-0.0165647507763256	434.824050360929	0.996388667113188	0.996388667113188
SLC38A2	quasibinomial	33	6	0.0160131903934318	0.0793532459282953	0.841244309524428	NA	-0.00245113085709374	2311.3546280785	0.996388667113188	0.996388667113188
MPLKIP	quasibinomial	33	6	-0.0364976738915337	0.181141367881566	0.841484076741362	NA	0.0372348839353565	565.528077508553	0.996388667113188	0.996388667113188
ZNF395	quasibinomial	33	6	-0.0421056108250971	0.210185657340482	0.84238528005855	NA	0.0455268324283392	79.2981903723421	0.996388667113188	0.996388667113188
SESN3	quasibinomial	33	6	-0.0252130861973544	0.125902712836344	0.842437524360035	NA	0.0489420609930603	722.002609958953	0.996388667113188	0.996388667113188
CTDSPL2	quasibinomial	33	6	-0.0380100795659325	0.190022969720289	0.842615719252317	NA	0.0270717949618457	234.289676672166	0.996388667113188	0.996388667113188
IL17RD	quasibinomial	33	6	0.0257849487777748	0.129002368026559	0.842731522731489	NA	-0.023063978891308	304.043791459898	0.996388667113188	0.996388667113188
ZNF512	quasibinomial	33	6	0.00803754838807711	0.0403082055643169	0.843102027804548	NA	-0.00707391014502101	1126.95564264702	0.996388667113188	0.996388667113188
CAMLG	quasibinomial	33	6	-0.0378130934935275	0.189916588758315	0.843333800790577	NA	0.0258542283717915	1118.12059258113	0.996388667113188	0.996388667113188
SYNM	quasibinomial	33	6	0.0231822316825579	0.116454495972616	0.843362383303098	NA	-0.0204998199158929	514.912114495291	0.996388667113188	0.996388667113188
MTR	quasibinomial	33	6	-0.0345184058781111	0.173515012133303	0.843463863387417	NA	0.0604424228882623	281.76834964742	0.996388667113188	0.996388667113188
SRPRB	quasibinomial	33	6	-0.0242898866127719	0.122144714125364	0.843521764341774	NA	0.024365085389834	1317.88576707246	0.996388667113188	0.996388667113188
CTU1	quasibinomial	33	6	0.0553393955471214	0.278402326288556	0.843589022105684	NA	-0.046870713464816	195.793338207326	0.996388667113188	0.996388667113188
RAB11A	quasibinomial	33	6	-0.02270563002797	0.114247684938202	0.84361581050378	NA	0.0200214881393493	3810.97698859637	0.996388667113188	0.996388667113188
VCL	quasibinomial	33	6	-0.00895629100270749	0.0451610808202683	0.843943108692599	NA	0.0108143204676867	719.896765554026	0.996388667113188	0.996388667113188
RNF217	quasibinomial	33	6	0.0447607682631526	0.225739257026745	0.843969138170991	NA	-0.0269420334734553	317.174867297687	0.996388667113188	0.996388667113188
RAB5C	quasibinomial	33	6	0.0110501480754722	0.055752732401803	0.844035939962986	NA	-0.0110378660280193	633.568604546867	0.996388667113188	0.996388667113188
DUSP4	quasibinomial	33	6	-0.0295197661291714	0.149056863690827	0.844156717851009	NA	0.0139314201314829	597.708216643341	0.996388667113188	0.996388667113188
PPP6C	quasibinomial	33	6	0.0260862318991162	0.1321831838052	0.844696008382601	NA	-0.0210502074254149	527.410254159083	0.996388667113188	0.996388667113188
OPCML	quasibinomial	33	6	0.0221277621163911	0.112595359216155	0.845336258877053	NA	-0.023573463747017	713.469120739003	0.996388667113188	0.996388667113188
FKBP9	quasibinomial	33	6	-0.0193562144102692	0.0988596896798911	0.84590310781119	NA	0.0192386260745797	484.254529513669	0.996388667113188	0.996388667113188
CLCN7	quasibinomial	33	6	-0.0525780038586164	0.269133279312011	0.846240497956564	NA	0.0173564429676667	903.854668275716	0.996388667113188	0.996388667113188
CCDC85C	quasibinomial	33	6	-0.0455057318698288	0.232938166499423	0.846244425589623	NA	0.0423952076458646	246.808329566552	0.996388667113188	0.996388667113188
MOB3B	quasibinomial	33	6	-0.0409000104480246	0.209476821030272	0.846327570275262	NA	0.0354650172596693	108.960977899601	0.996388667113188	0.996388667113188
POLR2F	quasibinomial	33	6	0.0292380012914286	0.150017535730147	0.84660037162064	NA	-0.0354064135203468	1323.5032874175	0.996388667113188	0.996388667113188
C12orf43	quasibinomial	33	6	-0.0405335276630752	0.208087470330509	0.846683041645296	NA	0.0397129257306636	661.097222213199	0.996388667113188	0.996388667113188
ARL10	quasibinomial	33	6	-0.0205326014125816	0.105689306130355	0.847085186885246	NA	0.00136323828184862	675.139974841416	0.996388667113188	0.996388667113188
DUSP10	quasibinomial	33	6	-0.0273870262296815	0.141031681052303	0.84714938192423	NA	0.0430018046913983	130.386921911036	0.996388667113188	0.996388667113188
ZFYVE9	quasibinomial	33	6	-0.0511040759204984	0.263646820862815	0.847425411324751	NA	0.0571176298912859	54.6825809745777	0.996388667113188	0.996388667113188
AMER2	quasibinomial	33	6	-0.0315144708960034	0.162873355763859	0.847693279972684	NA	0.0649774745256246	1060.75418096088	0.996388667113188	0.996388667113188
SNN	quasibinomial	33	6	-0.00654936031503436	0.0338736887949633	0.847805272550221	NA	0.00601888292410536	4567.7147058625	0.996388667113188	0.996388667113188
VTA1	quasibinomial	33	6	0.038622338462152	0.199831513228282	0.847861242180351	NA	-0.0437155407625649	2515.20040203964	0.996388667113188	0.996388667113188
CBL	quasibinomial	33	6	-0.038220821864908	0.197789219849584	0.847887934212717	NA	0.0471756758239484	720.428182481988	0.996388667113188	0.996388667113188
ATP9A	quasibinomial	33	6	0.0286011255182046	0.148251237355268	0.848134154036879	NA	-0.0305585231930115	4914.08641854726	0.996388667113188	0.996388667113188
ELMOD2	quasibinomial	33	6	0.0202894538799508	0.105287165244195	0.84830318946592	NA	-0.0166683536254433	672.110947015622	0.996388667113188	0.996388667113188
ERCC6	quasibinomial	33	6	-0.0408194925893659	0.21185860623399	0.848328512670464	NA	0.0399009329432833	107.840141348051	0.996388667113188	0.996388667113188
PICALM	quasibinomial	33	6	0.0186311681217472	0.0968001474752605	0.848486160716483	NA	-0.0141053741248236	695.669985245501	0.996388667113188	0.996388667113188
RASGEF1A	quasibinomial	33	6	0.0300431191589277	0.156600938550236	0.848972272060537	NA	-0.022957434353317	161.978593105508	0.996388667113188	0.996388667113188
TMEM229B	quasibinomial	33	6	0.0170118122029994	0.0887413120443841	0.849084151470119	NA	-0.00909302750703328	1735.63753015551	0.996388667113188	0.996388667113188
COPB2	quasibinomial	33	6	-0.02188063782652	0.114318790950627	0.849318128200445	NA	0.0140475459052027	320.337818549509	0.996388667113188	0.996388667113188
MMAA	quasibinomial	33	6	0.0450830928829794	0.235971985836076	0.849588256825862	NA	-0.0832694717566859	217.626972880891	0.996388667113188	0.996388667113188
RNF114	quasibinomial	33	6	0.0172419924789071	0.0902916506851612	0.849661226801279	NA	-0.0188276065501223	852.14841296995	0.996388667113188	0.996388667113188
PPP4R3B	quasibinomial	33	6	0.0203444206460882	0.10654885500644	0.849676035238259	NA	-0.0125283873608456	400.641750945249	0.996388667113188	0.996388667113188
PPP1R7	quasibinomial	33	6	0.022918613040748	0.120363061642651	0.850086176709047	NA	-0.0221526416776731	940.817396189399	0.996388667113188	0.996388667113188
TMEM41A	quasibinomial	33	6	0.0241284128585181	0.126984605637002	0.850398629423796	NA	-0.025273305696682	448.866268951646	0.996388667113188	0.996388667113188
KANTR	quasibinomial	33	6	-0.0237740423159668	0.125396028146597	0.850724369432209	NA	0.0237150603006101	300.014527360913	0.996388667113188	0.996388667113188
LAMTOR3	quasibinomial	33	6	0.0164011910879697	0.0865842973842965	0.850854345256296	NA	-0.0167597469876213	1273.14333980986	0.996388667113188	0.996388667113188
MTRF1L	quasibinomial	33	6	0.0286361324520267	0.151266827152517	0.850944410739197	NA	-0.0272644143356581	176.11446993251	0.996388667113188	0.996388667113188
FMN1	quasibinomial	32	6	-0.137556028647922	0.726937103048923	0.851008089681815	NA	0.186348208051012	63.3385712111851	0.996388667113188	0.996388667113188
IDH2	quasibinomial	33	6	0.0127249336628117	0.0673392753452653	0.851209827578255	NA	-0.0127855851059545	963.042998349577	0.996388667113188	0.996388667113188
DNAJC18	quasibinomial	33	6	0.0197998401184337	0.104889963228978	0.851365202517397	NA	-0.0165215964593271	1574.08932933847	0.996388667113188	0.996388667113188
CNNM1	quasibinomial	33	6	-0.0376120853546193	0.199488599632565	0.85154037192781	NA	-0.000218629158519078	342.03762758166	0.996388667113188	0.996388667113188
STARD5	quasibinomial	33	6	0.0562290147519824	0.299432398446067	0.852129404805298	NA	-0.046357627743051	53.493028051765	0.996388667113188	0.996388667113188
WARS2	quasibinomial	33	6	-0.0417930180003667	0.222730437665968	0.852242901219329	NA	0.0332678370461763	155.703699644238	0.996388667113188	0.996388667113188
KDM4B	quasibinomial	33	6	0.0149853971867421	0.0801284812778364	0.852727111753552	NA	-0.0169559308268945	526.106270287138	0.996388667113188	0.996388667113188
ACAA2	quasibinomial	33	6	-0.0486587364745613	0.260607892484925	0.852964178616964	NA	0.0510381056701982	155.405216834448	0.996388667113188	0.996388667113188
STN1	quasibinomial	33	6	0.0265033526285408	0.142176993461447	0.853198765725975	NA	-0.0255616821561186	394.011269858277	0.996388667113188	0.996388667113188
TBL1X	quasibinomial	33	6	-0.0700628154084351	0.376237788505056	0.853347769092325	NA	0.123197251759833	140.533083435894	0.996388667113188	0.996388667113188
SAMD5	quasibinomial	33	6	0.0333006304120368	0.179263229565601	0.853702369449874	NA	-0.0515765702407253	152.734895891057	0.996388667113188	0.996388667113188
PEX16	quasibinomial	33	6	0.0341239331943448	0.183831698263736	0.853809709063787	NA	-0.0212538666284687	128.038463998885	0.996388667113188	0.996388667113188
PPP4R2	quasibinomial	33	6	0.0299609197650529	0.161458818557941	0.853858040910798	NA	-0.035201112189223	323.610308926789	0.996388667113188	0.996388667113188
KAT7	quasibinomial	33	6	-0.0357068302637858	0.192673581231194	0.854045563483137	NA	0.0316142243597446	906.402733528986	0.996388667113188	0.996388667113188
MIS12	quasibinomial	33	6	-0.0219193459334165	0.118746819480568	0.854616913756303	NA	0.0211623193213457	293.142601538866	0.996388667113188	0.996388667113188
UBASH3B	quasibinomial	33	6	-0.0212310785453469	0.115020687035425	0.854620058562624	NA	0.0209814015640975	875.127737758351	0.996388667113188	0.996388667113188
PAK3	quasibinomial	33	6	0.0141206235384102	0.0765483139830587	0.854711961062322	NA	-0.0140442608832487	1917.53326725312	0.996388667113188	0.996388667113188
AP3B1	quasibinomial	25	6	-0.0933732057941065	0.507059289214596	0.854961303831589	NA	-0.081261065425777	195.402020550396	0.996388667113188	0.996388667113188
FBXO25	quasibinomial	33	6	0.0240217709953527	0.1305336855803	0.855054067813826	NA	-0.0242046102441767	510.42116505964	0.996388667113188	0.996388667113188
SLC16A7	quasibinomial	33	6	-0.0451910139022757	0.245585141879929	0.855064764246935	NA	0.0351902656992713	93.4939249728304	0.996388667113188	0.996388667113188
TACC1	quasibinomial	33	6	0.0247512653236797	0.13461378752829	0.855177582060992	NA	-0.00959646523037925	760.75373644056	0.996388667113188	0.996388667113188
DCP1A	quasibinomial	33	6	-0.0267600388248153	0.145595355543983	0.855233160185898	NA	0.0309304337772552	193.480208429538	0.996388667113188	0.996388667113188
ELP1	quasibinomial	33	6	0.0349449961208059	0.190382036204019	0.855424207558443	NA	-0.0237967052951409	655.283067145544	0.996388667113188	0.996388667113188
SMG9	quasibinomial	33	6	0.0347999589093437	0.189592398347092	0.855424608515658	NA	-0.0361872562486585	305.785319942331	0.996388667113188	0.996388667113188
TTC7A	quasibinomial	33	6	-0.0483823918714282	0.263644739408502	0.855454085845842	NA	0.0332210933177782	141.624433580604	0.996388667113188	0.996388667113188
PATL1	quasibinomial	33	6	0.0465653279939818	0.253931955540348	0.855560288886256	NA	-0.0440357303103308	50.2821138120986	0.996388667113188	0.996388667113188
NAA50	quasibinomial	33	6	0.0186056434932243	0.101791761030919	0.856024191413524	NA	-0.0217675298166953	892.693455002735	0.996388667113188	0.996388667113188
BCL2L13	quasibinomial	33	6	0.0118378469723464	0.0647963477688962	0.856092958977233	NA	-0.0120837608704032	871.899841796773	0.996388667113188	0.996388667113188
PAPPA	quasibinomial	33	6	-0.0288718351578669	0.158123038940331	0.856172526681479	NA	0.021579824583067	215.006394532827	0.996388667113188	0.996388667113188
ANKS1A	quasibinomial	33	6	-0.0193639049048865	0.1062233890004	0.856403642809238	NA	0.017281298748249	953.056288823723	0.996388667113188	0.996388667113188
STX5	quasibinomial	33	6	-0.0172453968483749	0.0946966895963608	0.856545574906804	NA	0.0163726426690883	191.030602351547	0.996388667113188	0.996388667113188
ZBED3	quasibinomial	33	6	0.0394780480103167	0.217254503926147	0.856855990793992	NA	-0.0268154486413485	292.551015485959	0.996388667113188	0.996388667113188
NIPA1	quasibinomial	33	6	-0.0136569023251229	0.075302898741888	0.857131554884446	NA	0.0126637952505066	1762.10773572902	0.996388667113188	0.996388667113188
RIOK2	quasibinomial	33	6	0.0302400011991239	0.166804696507923	0.857185859079308	NA	-0.0291734740235731	127.903757844087	0.996388667113188	0.996388667113188
ME1	quasibinomial	33	6	0.017046153829426	0.094063693315996	0.857240849749218	NA	-0.0164894546454908	270.181952577345	0.996388667113188	0.996388667113188
ATG13	quasibinomial	33	6	0.0164100316212699	0.090814557872699	0.857646715873349	NA	-0.0155700891226426	684.977110819626	0.996388667113188	0.996388667113188
SHC4	quasibinomial	33	6	0.0296670069559606	0.164689231672648	0.858082152352332	NA	-0.038822299562068	304.577771048429	0.996388667113188	0.996388667113188
SLC19A1	quasibinomial	33	6	-0.0261170056923704	0.145309435497741	0.858398169653825	NA	0.0292804022125076	675.715330153736	0.996388667113188	0.996388667113188
TTBK2	quasibinomial	33	6	-0.0214953970658807	0.119668915859045	0.858483741466125	NA	0.0211955110931253	1007.91512573282	0.996388667113188	0.996388667113188
DGAT1	quasibinomial	33	6	-0.01480506783053	0.0824921622667347	0.858601772149499	NA	0.0144153551891413	659.088258145926	0.996388667113188	0.996388667113188
MRPL17	quasibinomial	33	6	-0.0214904626026227	0.11989523238662	0.85878000839262	NA	0.0161296253284049	569.423200253284	0.996388667113188	0.996388667113188
PPAN	quasibinomial	33	6	-0.0209538433158256	0.116909098709396	0.858789164472051	NA	0.0194607066318661	125.960474976153	0.996388667113188	0.996388667113188
LRRC41	quasibinomial	33	6	0.0316272969990196	0.176534010159499	0.85884758157749	NA	-0.0443709601222335	974.523275067061	0.996388667113188	0.996388667113188
PALM2AKAP2	quasibinomial	33	6	-0.0218565313200449	0.122197769483192	0.859077474059774	NA	-0.0115588069961485	543.380714119848	0.996388667113188	0.996388667113188
TMEM64	quasibinomial	33	6	-0.0286487012655774	0.160298005469172	0.859186919713255	NA	0.0197265781695075	400.424218095351	0.996388667113188	0.996388667113188
RABIF	quasibinomial	33	6	0.0171202594830022	0.095878309518582	0.859310927965572	NA	-0.0167864791019871	955.557277525492	0.996388667113188	0.996388667113188
RPS23	quasibinomial	33	6	0.024231498765028	0.136069014262336	0.859684996729023	NA	-0.0231194500104895	1728.10843833152	0.996388667113188	0.996388667113188
ARPP19	quasibinomial	33	6	0.0105636047519512	0.0593824005150845	0.859834054939089	NA	-0.0100991863168254	3199.9412087174	0.996388667113188	0.996388667113188
USP49	quasibinomial	33	6	0.0355641231908025	0.199921685948335	0.85983475509231	NA	-0.0322664560952142	138.911469464956	0.996388667113188	0.996388667113188
TMEM86A	quasibinomial	33	6	-0.0275850436203301	0.155463202086104	0.860187462230861	NA	0.0247707484212673	361.249096842317	0.996388667113188	0.996388667113188
TATDN3	quasibinomial	33	6	0.0171569793579462	0.0970718821561228	0.860727424244146	NA	-0.0137779403577682	345.150590119799	0.996388667113188	0.996388667113188
TWSG1	quasibinomial	33	6	-0.0295384277159116	0.167131015135655	0.860732835048405	NA	0.0427434370095368	161.654685001073	0.996388667113188	0.996388667113188
RORA	quasibinomial	33	6	0.0546612605441916	0.309410469765679	0.860791733042218	NA	-0.091933577262456	172.334033018418	0.996388667113188	0.996388667113188
LRRC3	quasibinomial	33	6	-0.0255435034544742	0.145589114555587	0.861737755217343	NA	0.025122962113576	328.716878101235	0.996388667113188	0.996388667113188
FAM114A2	quasibinomial	33	6	0.0167220235134807	0.0953152739463183	0.861745702598141	NA	-0.0124009861363954	124.762592084331	0.996388667113188	0.996388667113188
ABL2	quasibinomial	33	6	0.0252822169867935	0.144295202733307	0.861922956947268	NA	-0.0263585843593964	394.767946090199	0.996388667113188	0.996388667113188
MEF2A	quasibinomial	33	6	-0.0193606029463652	0.110760068741905	0.862245873394802	NA	0.015172877169439	469.997481208743	0.996388667113188	0.996388667113188
LRIF1	quasibinomial	33	6	-0.0271361485940766	0.155445559346876	0.86242334816457	NA	0.0265644446803924	96.8632427666621	0.996388667113188	0.996388667113188
ZNF780A	quasibinomial	33	6	0.0364862527253207	0.209264368109994	0.862591249916874	NA	-0.0606245568224971	112.91501588269	0.996388667113188	0.996388667113188
SUPT4H1	quasibinomial	33	6	-0.0104317640007703	0.0598899147606785	0.862725798075051	NA	0.00992565404310679	681.744139725309	0.996388667113188	0.996388667113188
ZNF714	quasibinomial	33	6	-0.0230702716650299	0.132778336100384	0.863062783704169	NA	0.0224674088450243	287.37267798737	0.996388667113188	0.996388667113188
PTPN18	quasibinomial	33	6	-0.00907080722519903	0.0522472709241683	0.863169829542186	NA	0.0107810013824791	876.771182266698	0.996388667113188	0.996388667113188
SNX29	quasibinomial	33	6	-0.0290191185219464	0.167377580321646	0.863355363940837	NA	0.0269660198596694	182.98229732739	0.996388667113188	0.996388667113188
RPLP1	quasibinomial	32	6	-0.0606982490651055	0.351567872107839	0.863920961493608	NA	0.0547391393126744	2501.02257941208	0.996388667113188	0.996388667113188
AP1G1	quasibinomial	33	6	-0.0240456931140689	0.139339798204942	0.863984483527515	NA	0.0198749165741229	738.816126816719	0.996388667113188	0.996388667113188
PPP2R1A	quasibinomial	33	6	0.0421299730016882	0.244299877002101	0.864075653837103	NA	-0.0111004395865219	4754.498151335	0.996388667113188	0.996388667113188
BCDIN3D	quasibinomial	33	6	-0.0294638707865671	0.170893209301192	0.864107540117718	NA	0.0107530831705171	242.667805147559	0.996388667113188	0.996388667113188
CCSAP	quasibinomial	33	6	-0.0280897829666628	0.163298273703327	0.864416369639883	NA	-0.0459686926278244	658.055196737645	0.996388667113188	0.996388667113188
RAB12	quasibinomial	33	6	0.0559101923462983	0.325914401022832	0.864780358070546	NA	-0.0496031846535254	115.964573683207	0.996388667113188	0.996388667113188
DCAF16	quasibinomial	33	6	-0.0360943286829844	0.211043487500602	0.865186748798796	NA	0.0489661080426934	356.885919256371	0.996388667113188	0.996388667113188
CHD9	quasibinomial	30	6	0.0526205137829239	0.307992406430241	0.865325568473113	NA	-0.0678748299351397	605.094764543788	0.996388667113188	0.996388667113188
LRP3	quasibinomial	33	6	-0.0136754757463271	0.0804624804018263	0.866019509679508	NA	0.0126813659034285	1153.46210990606	0.996388667113188	0.996388667113188
COL3A1	quasibinomial	30	6	0.0690515740535763	0.406315085314486	0.866031236106621	NA	-0.0685362945272694	130.601601857035	0.996388667113188	0.996388667113188
COL1A2	quasibinomial	29	6	0.0493590868536806	0.290513921793734	0.866064972787116	NA	-0.0438861786602052	270.385068776794	0.996388667113188	0.996388667113188
LPIN1	quasibinomial	33	6	-0.0165094090946025	0.0972158113636838	0.86612772270154	NA	0.0158782082575693	356.82443658627	0.996388667113188	0.996388667113188
VPS33A	quasibinomial	33	6	0.0165507286126227	0.0974787135579997	0.866154364321305	NA	-0.0157420172000621	761.045299593265	0.996388667113188	0.996388667113188
PIP4K2A	quasibinomial	33	6	-0.0585698064668911	0.344976422560262	0.866161368622183	NA	-0.0481114126235571	633.407877795078	0.996388667113188	0.996388667113188
GALNT16	quasibinomial	33	6	-0.0173366813118613	0.102194497547718	0.866266883291616	NA	0.0251059585754959	525.416116501823	0.996388667113188	0.996388667113188
GNA12	quasibinomial	33	6	0.0116312897495848	0.0686792061900067	0.866491063294121	NA	-0.00987353428187799	1854.25744253906	0.996388667113188	0.996388667113188
RELCH	quasibinomial	33	6	0.0149082647247187	0.0881015037293287	0.866600250431117	NA	-0.0135596623084767	196.176241903864	0.996388667113188	0.996388667113188
C7orf31	quasibinomial	31	6	0.0556105466154451	0.328700733412944	0.866626796308357	NA	-0.0515976471466754	82.715858626266	0.996388667113188	0.996388667113188
PCDH10	quasibinomial	33	6	-0.019561371056699	0.115633715725132	0.866639470992993	NA	0.0442466546593887	720.098735633341	0.996388667113188	0.996388667113188
ZNF529	quasibinomial	24	6	0.0883069935249268	0.522925451072849	0.866870216658082	NA	-0.17865077281765	263.074350066124	0.996388667113188	0.996388667113188
GNAZ	quasibinomial	33	6	-0.0124237730045177	0.073836581509699	0.867346994822743	NA	0.00904266108035211	1769.82538943411	0.996388667113188	0.996388667113188
SMAP2	quasibinomial	33	6	0.00809778294787416	0.0481669881038302	0.867457445843007	NA	-0.00814705650807002	1685.1968710579	0.996388667113188	0.996388667113188
TTC9	quasibinomial	33	6	-0.0189538309487478	0.113180253834458	0.867967368564307	NA	0.0147507961799883	1140.55881942758	0.996388667113188	0.996388667113188
SCRN1	quasibinomial	33	6	0.00921797283224138	0.0552533822487116	0.868463212502208	NA	-0.00844377616338629	9549.29343007367	0.996388667113188	0.996388667113188
CAMSAP1	quasibinomial	33	6	0.0141777131782841	0.0850240793871478	0.868526889135197	NA	-0.0158452572490407	829.878533991715	0.996388667113188	0.996388667113188
C6orf120	quasibinomial	33	6	-0.0252296115618483	0.151467960718367	0.868669083219872	NA	0.0335775387558259	303.839459205735	0.996388667113188	0.996388667113188
KRT222	quasibinomial	33	6	-0.0217222283984925	0.130592883513401	0.868850156572318	NA	0.0183187894323335	619.360195289978	0.996388667113188	0.996388667113188
PPM1E	quasibinomial	33	6	-0.0179658160268099	0.108379775355014	0.869293976101323	NA	0.0276520270872604	1232.36956485273	0.996388667113188	0.996388667113188
CARD8	quasibinomial	33	6	-0.0300626161317281	0.181729365612139	0.869561150065382	NA	0.0301691657949755	90.07082844785	0.996388667113188	0.996388667113188
ZNF25	quasibinomial	33	6	-0.0125203249968695	0.0757162284741765	0.869613218866066	NA	0.0117268024992917	829.891203746421	0.996388667113188	0.996388667113188
GNA11	quasibinomial	33	6	-0.0258449253290665	0.156415699527641	0.86971183442044	NA	0.02558214036596	718.255896395146	0.996388667113188	0.996388667113188
NTRK3	quasibinomial	33	6	-0.0323499869706177	0.19595744551331	0.869825495634123	NA	0.0389626076350921	657.726606936636	0.996388667113188	0.996388667113188
ZNF654	quasibinomial	33	6	-0.031962696112977	0.193704418272598	0.869887383676578	NA	0.0331297861365654	88.0600748477225	0.996388667113188	0.996388667113188
EIF1AY	quasibinomial	25	4	-0.0967279596706978	0.586372459804025	0.869924603339139	NA	0.181073911451165	109.527472247694	0.996388667113188	0.996388667113188
IREB2	quasibinomial	33	6	0.0192897715750909	0.117144022520617	0.870153333810637	NA	-0.0235220141309909	729.341363266326	0.996388667113188	0.996388667113188
GSE1	quasibinomial	33	6	-0.0168356928388636	0.102387095460084	0.870337209228489	NA	0.0165873349530907	643.97521801048	0.996388667113188	0.996388667113188
EMG1	quasibinomial	33	6	-0.0196144290714939	0.119483513958426	0.870549450825888	NA	0.0177141128462725	677.741958137473	0.996388667113188	0.996388667113188
CEP104	quasibinomial	33	6	-0.027877897271605	0.169822257290935	0.870550124381973	NA	0.0246332301319383	102.394792877043	0.996388667113188	0.996388667113188
LRRC47	quasibinomial	33	6	-0.0312366968878402	0.190498526883096	0.870695322294252	NA	0.0529873537084745	1488.71331785354	0.996388667113188	0.996388667113188
SEC22A	quasibinomial	33	6	-0.0214292449002876	0.130994579638109	0.870995862783406	NA	0.0170259997393892	271.301677922688	0.996388667113188	0.996388667113188
PPP2R5E	quasibinomial	33	6	0.0337788581023516	0.207734055270992	0.871763657076201	NA	-0.0399799262456393	1179.98529185411	0.996388667113188	0.996388667113188
HPCAL4	quasibinomial	33	6	-0.0094887962060411	0.0584460015115594	0.871962757586486	NA	0.00871746388462872	2964.90335585326	0.996388667113188	0.996388667113188
ATL1	quasibinomial	33	6	-0.02816836156145	0.173981781350356	0.872312445749119	NA	0.0451727314405804	1309.39872139366	0.996388667113188	0.996388667113188
BBS12	quasibinomial	33	6	-0.0293638724580743	0.181401313882641	0.87233718523826	NA	0.0258340151619822	254.883171146926	0.996388667113188	0.996388667113188
ADGRG2	quasibinomial	33	6	0.0173046606701858	0.107061931761587	0.872524921259489	NA	-0.0149148244891302	621.842732737455	0.996388667113188	0.996388667113188
ZNF518A	quasibinomial	33	6	0.0338238937625673	0.20969325110944	0.872783237673159	NA	0.00761662125099831	524.158335724585	0.996388667113188	0.996388667113188
SYT5	quasibinomial	33	6	0.0236351502569941	0.146718294284551	0.872947181938841	NA	-0.0158268619234742	1253.88097595387	0.996388667113188	0.996388667113188
COMMD9	quasibinomial	33	6	-0.0181013885177615	0.112464546838105	0.873056694807893	NA	0.0243155453448935	3493.55559936201	0.996388667113188	0.996388667113188
CHST15	quasibinomial	33	6	0.0148781176436289	0.0925209483283892	0.873169152438017	NA	-0.0101198972495205	467.534885550381	0.996388667113188	0.996388667113188
HLTF	quasibinomial	33	6	0.0238480585062385	0.14873567369256	0.87353625221638	NA	-0.0205547190886255	370.140333313545	0.996388667113188	0.996388667113188
ZNF527	quasibinomial	33	6	0.0373416117622197	0.232970310499511	0.873578213995804	NA	-0.0608465759154625	130.641499227078	0.996388667113188	0.996388667113188
OGFRL1	quasibinomial	33	6	0.0170907091710076	0.106710000447126	0.873675565772873	NA	-0.0198586515142094	384.367372177422	0.996388667113188	0.996388667113188
CYP2R1	quasibinomial	33	6	0.0362310373146206	0.226537024424143	0.873852298465316	NA	-0.0486174299301571	108.773460031522	0.996388667113188	0.996388667113188
ZNF562	quasibinomial	33	6	0.027914713945015	0.174780242267751	0.874025149822485	NA	-0.043342165818432	549.419857986614	0.996388667113188	0.996388667113188
FMNL2	quasibinomial	33	6	0.0172878307045067	0.108253390721792	0.874037183444821	NA	-0.0204168116281501	302.970896593258	0.996388667113188	0.996388667113188
HIC2	quasibinomial	33	6	0.0378081139669738	0.237764413709026	0.874571084319513	NA	-0.0410898030893393	429.661100257659	0.996388667113188	0.996388667113188
NCK1	quasibinomial	33	6	-0.0255173392359324	0.161172401970529	0.875112061180025	NA	0.0195523305146392	192.493286828583	0.996388667113188	0.996388667113188
USP13	quasibinomial	33	6	0.0287293446741002	0.181497843171292	0.875137848371501	NA	-0.0259473013977226	196.213563025854	0.996388667113188	0.996388667113188
ATG14	quasibinomial	33	6	-0.0197018774822948	0.124723544487522	0.875392731310892	NA	0.0179780188522593	142.518102193126	0.996388667113188	0.996388667113188
TMEM185B	quasibinomial	33	6	0.0192324400569902	0.121951653138888	0.875595249435866	NA	-0.0166776136719172	269.42395673777	0.996388667113188	0.996388667113188
PKN2	quasibinomial	33	6	-0.037664712726189	0.23884197154017	0.875601691893496	NA	0.036484008164339	87.682731328657	0.996388667113188	0.996388667113188
AGBL4	quasibinomial	33	6	0.0236316020274454	0.150006986086254	0.875727254285278	NA	-0.0180357657726928	81.6825396532883	0.996388667113188	0.996388667113188
SOX12	quasibinomial	33	6	0.0229705765728189	0.145979853067323	0.87586980277673	NA	-0.00674131748601178	969.993325740773	0.996388667113188	0.996388667113188
OGT	quasibinomial	33	6	-0.0149688218217017	0.0952028230693561	0.875966457856411	NA	0.0133907525707138	733.589258847294	0.996388667113188	0.996388667113188
BMPR1A	quasibinomial	33	6	-0.0301594474280443	0.191883720477503	0.876009648359022	NA	0.0322181272606458	181.073441934079	0.996388667113188	0.996388667113188
NT5DC3	quasibinomial	33	6	-0.0403600548272549	0.2568003875216	0.876017907781934	NA	0.00494719221822286	564.720902089113	0.996388667113188	0.996388667113188
RBM23	quasibinomial	33	6	-0.043482735265269	0.276920674051335	0.876129557357023	NA	0.0573440611154602	1424.93255280332	0.996388667113188	0.996388667113188
INTU	quasibinomial	33	6	0.040629215018153	0.261341155685663	0.877348475589515	NA	-0.0415589359207745	79.3469193910435	0.996388667113188	0.996388667113188
PCBD2	quasibinomial	33	6	0.0208731513801654	0.134370251874285	0.877445272229949	NA	-0.0203849636494876	149.884858179134	0.996388667113188	0.996388667113188
ARMH3	quasibinomial	33	6	0.0205966495145907	0.132665742758289	0.877514409664193	NA	-0.0229659786422015	328.729306726907	0.996388667113188	0.996388667113188
RBBP9	quasibinomial	33	6	-0.0174804328314622	0.112770190281289	0.877704445177458	NA	0.0157995115569542	238.013217976895	0.996388667113188	0.996388667113188
NLE1	quasibinomial	33	6	0.014073853544319	0.0909364421374773	0.877894994603595	NA	-0.0126230461092086	476.793229167054	0.996388667113188	0.996388667113188
ARIH2	quasibinomial	33	6	-0.016184979422128	0.105110066472811	0.878508971812797	NA	0.0146566394539927	604.319111740064	0.996388667113188	0.996388667113188
SLC4A7	quasibinomial	33	6	0.0481089879278282	0.312806609965837	0.878652494622866	NA	-0.0265824570549437	139.025791361311	0.996388667113188	0.996388667113188
ITGAV	quasibinomial	33	6	-0.0269795374252124	0.175519137524119	0.878719070399941	NA	0.0152693292131207	178.592108413942	0.996388667113188	0.996388667113188
SUSD6	quasibinomial	33	6	-0.0283170784703392	0.18428428323587	0.878760580069628	NA	0.00316481963877885	222.382709074305	0.996388667113188	0.996388667113188
SERTAD4	quasibinomial	33	6	-0.0228857334520353	0.149120884287152	0.878908302157524	NA	0.0299119747502765	374.87415053319	0.996388667113188	0.996388667113188
USP46	quasibinomial	33	6	0.0319518104935846	0.208247770699737	0.878939069078665	NA	-0.0463500157046137	639.231418258666	0.996388667113188	0.996388667113188
DOC2B	quasibinomial	33	6	0.0666913320195569	0.436937769151509	0.879563860410143	NA	0.0256170338068693	1339.67640196204	0.996388667113188	0.996388667113188
SERTAD2	quasibinomial	33	6	-0.0426000730776281	0.279219816372174	0.879614936544221	NA	-0.0176612802575268	104.695698882392	0.996388667113188	0.996388667113188
DUSP18	quasibinomial	33	6	-0.00919102786628264	0.0603148029271148	0.879758930593349	NA	0.00864298371740801	746.820843631499	0.996388667113188	0.996388667113188
SYT2	quasibinomial	33	6	0.0200957939076655	0.131991411846661	0.879863445696984	NA	-0.00084000407827337	1173.31551741462	0.996388667113188	0.996388667113188
SRPK1	quasibinomial	33	6	-0.00934967269235485	0.0614368149735514	0.879916065036696	NA	0.00372705530679025	922.173514943905	0.996388667113188	0.996388667113188
IFFO2	quasibinomial	33	6	-0.0475471965241834	0.312450965410622	0.879922832370984	NA	0.014311769502287	54.8431992960822	0.996388667113188	0.996388667113188
PLXNC1	quasibinomial	33	6	0.0140953120151819	0.0927110476389483	0.880032459155261	NA	-0.0199570399155328	735.220043187739	0.996388667113188	0.996388667113188
TXNDC16	quasibinomial	33	6	0.0187295228655672	0.123274930529034	0.880112253434638	NA	-0.00950293091595103	304.433604842189	0.996388667113188	0.996388667113188
DCTD	quasibinomial	33	6	0.00747870994187492	0.0496314944757743	0.881089498926392	NA	-0.00700822194820615	628.002414408818	0.996423008082858	0.996423008082858
RBM48	quasibinomial	33	6	-0.0351803858510169	0.233664013549272	0.88118741817474	NA	0.0335819225375788	328.535921793107	0.996423008082858	0.996423008082858
GOLGB1	quasibinomial	33	6	0.0115738216847879	0.0773273136346358	0.881881675109076	NA	-0.0110871817600895	208.573512507231	0.996423008082858	0.996423008082858
SMG7	quasibinomial	33	6	-0.0112347431812465	0.0750848554370976	0.881917583083187	NA	0.0105597637748063	497.816566014684	0.996423008082858	0.996423008082858
C9orf72	quasibinomial	33	6	-0.0130306602963547	0.0872292363182438	0.882108041785223	NA	0.0119042738613366	499.713055728558	0.996423008082858	0.996423008082858
HOMEZ	quasibinomial	33	6	-0.0263439912360845	0.17659720623294	0.882271342398892	NA	0.0670117930669561	199.173504887401	0.996423008082858	0.996423008082858
SFT2D3	quasibinomial	33	6	0.031796628279985	0.213543927956773	0.882487411805091	NA	1.70420757193276e-05	263.502236535517	0.996423008082858	0.996423008082858
PEX2	quasibinomial	33	6	0.0193671997319126	0.130187395648114	0.882593690223006	NA	-0.0164389112720366	666.119388006842	0.996423008082858	0.996423008082858
TMED2	quasibinomial	32	6	-0.0381115055503986	0.256681429041855	0.882817835993761	NA	0.094854398544706	4429.96378422373	0.996423008082858	0.996423008082858
SRGAP3	quasibinomial	33	6	0.0178742146173192	0.12082609374471	0.88324430744887	NA	-0.0128583181464913	1294.78721520526	0.996423008082858	0.996423008082858
RANGAP1	quasibinomial	33	6	0.00931701188330391	0.0630499983410157	0.883370893977636	NA	-0.0085458800144631	1043.58061688963	0.996423008082858	0.996423008082858
RYBP	quasibinomial	33	6	0.0237817962899887	0.160938382240837	0.883372638946708	NA	-0.0353163942200607	594.142599678674	0.996423008082858	0.996423008082858
MPZL1	quasibinomial	33	6	0.0175259614246512	0.119576095843096	0.88431443745404	NA	-0.0187508910552647	5025.14828222514	0.996423008082858	0.996423008082858
SRRM4	quasibinomial	33	6	0.0181952294822592	0.124947995818956	0.88505491286066	NA	-0.0175673314624746	1041.31158470263	0.996423008082858	0.996423008082858
SLC23A2	quasibinomial	33	6	-0.0367321633484809	0.252467543073319	0.885156629945386	NA	0.0178664831493952	1281.47459198916	0.996423008082858	0.996423008082858
FADS1	quasibinomial	33	6	-0.0164531332456926	0.11336623353784	0.885438778170352	NA	0.0140134185570561	983.432834045405	0.996423008082858	0.996423008082858
IPCEF1	quasibinomial	33	6	-0.0429502741066949	0.300944709298521	0.88733123226203	NA	0.0326675907086721	54.3519134730731	0.996423008082858	0.996423008082858
TMEM131	quasibinomial	33	6	0.0208175682650491	0.14658839020193	0.887883475978156	NA	-0.0302305115141474	154.77422195331	0.996423008082858	0.996423008082858
INHBA	quasibinomial	12	5	0.0874335333946544	0.619053472723293	0.888492163762476	NA	0.133447254493804	65.8672765859443	0.996423008082858	0.996423008082858
METTL2B	quasibinomial	33	6	-0.0227736265977645	0.161306918384754	0.888535675750207	NA	0.00948052997675988	274.454743337908	0.996423008082858	0.996423008082858
ACTR8	quasibinomial	33	6	-0.0106899241388114	0.0757803466677379	0.888627702063376	NA	0.0104266549046328	401.309803543264	0.996423008082858	0.996423008082858
DICER1	quasibinomial	33	6	-0.0218380563923979	0.15488698845952	0.888683464542864	NA	0.020159640776308	670.966849622319	0.996423008082858	0.996423008082858
ANAPC10	quasibinomial	33	6	-0.0249741833978619	0.177580065592217	0.888963647480574	NA	0.0223731365400603	173.210498792217	0.996423008082858	0.996423008082858
TRA2B	quasibinomial	31	6	-0.0413658413193847	0.295662704570413	0.889534016480575	NA	0.0833019552347494	929.272190996281	0.996423008082858	0.996423008082858
NOP9	quasibinomial	33	6	0.0255977691281234	0.183034006787772	0.889578218801055	NA	-0.0230088142377578	147.305070028565	0.996423008082858	0.996423008082858
ZNF354C	quasibinomial	33	6	0.0319789191944795	0.228676161780265	0.889585149567654	NA	-0.0247438024017238	115.805540420185	0.996423008082858	0.996423008082858
WDR59	quasibinomial	19	4	-0.100559944491872	0.720137353684974	0.889744943986201	NA	-0.194157832276727	282.606816110974	0.996423008082858	0.996423008082858
OTUD4	quasibinomial	33	6	-0.0363546790223355	0.260561384721215	0.889835546975179	NA	0.0383767440214289	177.011079223722	0.996423008082858	0.996423008082858
SDC1	quasibinomial	33	6	-0.0101430410918419	0.0728760380818255	0.890104038260631	NA	0.00669273514899209	353.044448596197	0.996423008082858	0.996423008082858
RBM11	quasibinomial	33	6	0.025915255652347	0.186278102202546	0.890151722339277	NA	-0.0260618038008056	106.304318686875	0.996423008082858	0.996423008082858
SLC7A1	quasibinomial	33	6	0.0213880309035083	0.15406783691241	0.890386372867857	NA	-0.0201967806676217	645.022600711089	0.996423008082858	0.996423008082858
SIAH2	quasibinomial	33	6	0.00941865610640004	0.0684881388587645	0.891405965436445	NA	-0.00998149512354712	564.427607786898	0.996423008082858	0.996423008082858
NUDT12	quasibinomial	33	6	-0.026830981298769	0.195116162269396	0.891413483770759	NA	-0.0280707262478434	111.130233860504	0.996423008082858	0.996423008082858
SMC2	quasibinomial	33	6	0.0170009478520248	0.12374351919839	0.891510977338322	NA	-0.0108464189967	147.765625108496	0.996423008082858	0.996423008082858
NCOA3	quasibinomial	33	6	-0.0141699793632952	0.103249926266799	0.891627864975788	NA	0.0138401346726073	329.550414411951	0.996423008082858	0.996423008082858
PCDH7	quasibinomial	33	6	0.0172720705484744	0.125973584959883	0.891730596744158	NA	-0.0199301506224803	762.149242597114	0.996423008082858	0.996423008082858
PIWIL2	quasibinomial	29	6	-0.0555135033630174	0.406008712485498	0.89202783432906	NA	0.017968369375264	76.313062362087	0.996423008082858	0.996423008082858
LANCL2	quasibinomial	33	6	-0.00899967199685442	0.0660748459364324	0.892440270324549	NA	0.00998063607069397	1293.14873593236	0.996423008082858	0.996423008082858
SP4	quasibinomial	33	6	0.0215508168024918	0.158243893080862	0.892453496098194	NA	-0.0197107331728212	102.075249978269	0.996423008082858	0.996423008082858
PHLPP2	quasibinomial	33	6	-0.0210109114764756	0.154743456476335	0.89277393582943	NA	0.0180957586775067	237.591038549443	0.996423008082858	0.996423008082858
MBOAT2	quasibinomial	33	6	0.0206889281029205	0.152656272748636	0.892972299984504	NA	-0.0271967108399392	902.960663743911	0.996423008082858	0.996423008082858
ELP3	quasibinomial	33	6	0.0104223389527172	0.0769505226393256	0.893038331556368	NA	-0.00985678148268829	433.186924178762	0.996423008082858	0.996423008082858
RIPOR2	quasibinomial	33	6	0.0262370349899938	0.193983447904953	0.893185943264844	NA	-0.0431645361179718	81.8239683808614	0.996423008082858	0.996423008082858
SEPTIN9	quasibinomial	33	6	-0.0111436877888889	0.0825969321198912	0.893450818384749	NA	0.0165529422499612	583.666812152786	0.996423008082858	0.996423008082858
PDPR	quasibinomial	33	6	-0.0237787255690709	0.176417648442058	0.893552798900447	NA	0.0185039467240538	522.750207862739	0.996423008082858	0.996423008082858
TMEM117	quasibinomial	33	6	0.00965405944048633	0.0716705525315353	0.893620330139449	NA	-0.00760738009960409	601.523332861407	0.996423008082858	0.996423008082858
PSD3	quasibinomial	33	6	-0.0205226489727697	0.152447013880523	0.893682318666583	NA	0.0121392802480549	948.833208032948	0.996423008082858	0.996423008082858
ALS2	quasibinomial	33	6	-0.0190548534110233	0.141593700029125	0.893719490037255	NA	0.0219235090304131	218.476429296559	0.996423008082858	0.996423008082858
PLEKHG2	quasibinomial	33	6	0.0255957521467477	0.190368599631783	0.893814079525179	NA	-0.0247292639386194	125.423999082184	0.996423008082858	0.996423008082858
SNX27	quasibinomial	33	6	0.0122242468507922	0.0909570443360878	0.893859462842749	NA	-0.0106887158521689	2491.25936151271	0.996423008082858	0.996423008082858
ZBTB46	quasibinomial	33	6	-0.0208230196982422	0.155068318080906	0.893948114091415	NA	0.0377384701675192	236.171992943373	0.996423008082858	0.996423008082858
QSOX2	quasibinomial	33	6	0.0275709661983532	0.205627983081972	0.89410595472344	NA	-0.030876472304659	59.5817913292995	0.996423008082858	0.996423008082858
SOX11	quasibinomial	33	6	-0.0170217072339163	0.127056269854164	0.894193825482577	NA	0.0133720240262131	1442.24007091637	0.996423008082858	0.996423008082858
DDX52	quasibinomial	33	6	-0.021050918448693	0.157236187688066	0.89426365125862	NA	0.0209976838648925	224.060703604866	0.996423008082858	0.996423008082858
SYT7	quasibinomial	33	6	-0.0151859848222156	0.113511324702455	0.8943397915336	NA	0.0171299841464186	1304.4308496061	0.996423008082858	0.996423008082858
PTGIS	quasibinomial	33	6	-0.0288336217478215	0.216780574683145	0.894948589082641	NA	0.0365067965247138	63.080174696735	0.996423008082858	0.996423008082858
ZSWIM7	quasibinomial	33	6	-0.0364301383979431	0.27430778204696	0.895106225922847	NA	-0.00154838422865022	652.330654074831	0.996423008082858	0.996423008082858
ELAVL4	quasibinomial	33	6	-0.0221727519906473	0.16847935975219	0.896050232880125	NA	0.0237571064281112	284.671241298629	0.996423008082858	0.996423008082858
DDX21	quasibinomial	33	6	0.0149559502317565	0.113656163142711	0.896062575158661	NA	-0.0149977001807109	257.956212289845	0.996423008082858	0.996423008082858
DLK1	quasibinomial	30	6	-0.0689651492017414	0.526623215641644	0.896558946471906	NA	-0.0201615444969348	564.089621175424	0.996423008082858	0.996423008082858
ZNF35	quasibinomial	33	6	-0.0218202026523677	0.166702285235317	0.896609240114597	NA	0.0225463411758507	143.398678347591	0.996423008082858	0.996423008082858
PCDHB9	quasibinomial	33	6	0.0442870879704941	0.338371749473001	0.896617333552909	NA	-0.0956746332212597	115.429855418203	0.996423008082858	0.996423008082858
TYW5	quasibinomial	33	6	0.0147923298000916	0.113212819591522	0.896792795474361	NA	-0.0111703169391981	165.811612073001	0.996423008082858	0.996423008082858
RFX3	quasibinomial	33	6	-0.025412068129294	0.194606259595891	0.896853677136613	NA	0.019916467473704	165.458071200628	0.996423008082858	0.996423008082858
EPB41L4B	quasibinomial	33	6	0.0241682996526904	0.18608960765949	0.897409250316247	NA	-0.0233470205248382	202.701059675527	0.996423008082858	0.996423008082858
SLC25A37	quasibinomial	33	6	0.0300518735717959	0.23360628675109	0.898376326308839	NA	-0.0470706010400047	84.1787573129341	0.996423008082858	0.996423008082858
TMEM260	quasibinomial	33	6	0.0182355333817188	0.141765268758544	0.898385260946141	NA	-0.0174970374023165	161.757298897634	0.996423008082858	0.996423008082858
NAPEPLD	quasibinomial	33	6	-0.0288507504760941	0.224724584548616	0.898580990373404	NA	0.025222042805345	101.813158835985	0.996423008082858	0.996423008082858
RAD54L2	quasibinomial	33	6	-0.0217915968894447	0.170214006851587	0.898862220320074	NA	0.0169498387736147	699.55696836069	0.996423008082858	0.996423008082858
ZNF616	quasibinomial	33	6	0.0212970049530741	0.166810900210959	0.899139651231323	NA	-0.0330173299369713	190.502524210804	0.996423008082858	0.996423008082858
MAP3K2	quasibinomial	33	6	-0.0173011201025234	0.135707611219044	0.899283680041783	NA	0.0170519921013673	591.862447581125	0.996423008082858	0.996423008082858
LPIN2	quasibinomial	33	6	-0.0158737232668127	0.124521029293294	0.899291500520406	NA	0.0344589104382987	447.997412504155	0.996423008082858	0.996423008082858
ZBTB37	quasibinomial	33	6	0.0264593583118697	0.208087963759739	0.899545710052124	NA	-0.0311546516913643	225.021797040218	0.996423008082858	0.996423008082858
ANAPC16	quasibinomial	33	6	-0.019134233505805	0.150566683747922	0.899603237543069	NA	0.0195405908662167	963.818832493737	0.996423008082858	0.996423008082858
STC2	quasibinomial	24	6	0.0750180075399	0.59079801206547	0.899684974826368	NA	-0.0439991707539888	72.821722051154	0.996423008082858	0.996423008082858
LRP6	quasibinomial	33	6	-0.021527386952296	0.170326671544411	0.900147436339597	NA	0.0164270627138442	171.145254205436	0.996423008082858	0.996423008082858
C3orf62	quasibinomial	33	6	0.0200188643455948	0.159588896591461	0.900892831479988	NA	-0.0194750861945507	103.295834627949	0.996423008082858	0.996423008082858
ZNF585A	quasibinomial	33	6	-0.0227883128404653	0.181785467494803	0.900957215533292	NA	0.0196525599329036	442.728931232529	0.996423008082858	0.996423008082858
ZNF555	quasibinomial	33	6	-0.0228791427934706	0.182752255652622	0.901087785607809	NA	0.0229782041217561	268.065075909846	0.996423008082858	0.996423008082858
TAPT1	quasibinomial	33	6	-0.0136385570690035	0.108999235635058	0.901140334207932	NA	0.0147207537085848	230.215683032543	0.996423008082858	0.996423008082858
ARHGAP35	quasibinomial	33	6	0.0146071269452496	0.116851650361567	0.901234256280619	NA	-0.0204108838028434	1654.5819771699	0.996423008082858	0.996423008082858
CREBZF	quasibinomial	33	6	-0.0217907479921432	0.174477396111643	0.901324014583109	NA	0.0249279032796961	1235.79146966411	0.996423008082858	0.996423008082858
MARCHF1	quasibinomial	33	6	-0.0141206366229521	0.113382374090396	0.901600305755704	NA	0.0227151527715528	414.573943922742	0.996423008082858	0.996423008082858
DPY19L2	quasibinomial	33	6	0.0290182096722365	0.23370490406021	0.901894193073977	NA	-0.030492945924989	59.1167028053708	0.996423008082858	0.996423008082858
OXSR1	quasibinomial	33	6	0.0139087946735989	0.112818218740709	0.902586673122067	NA	-0.0139816196015958	622.271224275996	0.996423008082858	0.996423008082858
DOCK5	quasibinomial	33	6	0.0235890274146614	0.191647841494038	0.902743670276745	NA	-0.0208621060166265	153.273597541338	0.996423008082858	0.996423008082858
SH3KBP1	quasibinomial	33	6	0.0214281242427449	0.174681297401436	0.903070247521212	NA	-0.0173265505015602	844.057225478248	0.996423008082858	0.996423008082858
RNF38	quasibinomial	33	6	-0.0127597540058054	0.10406994958576	0.903119259363904	NA	0.00789380779943506	526.71486271833	0.996423008082858	0.996423008082858
METTL16	quasibinomial	33	6	-0.0257302608737017	0.211078349510064	0.903676144425622	NA	0.023498061815516	120.97396953293	0.996423008082858	0.996423008082858
ACOX1	quasibinomial	33	6	-0.0146457452152099	0.120286792293713	0.903787951183123	NA	0.0163092287155176	235.786596681832	0.996423008082858	0.996423008082858
ZFPM1	quasibinomial	32	6	-0.0325532076324421	0.267744409166295	0.903924545062062	NA	0.00103638353771763	122.720172481931	0.996423008082858	0.996423008082858
RNF7	quasibinomial	33	6	-0.0162598154515841	0.133970579898357	0.904093262009675	NA	0.026470395849397	3141.80105394373	0.996423008082858	0.996423008082858
NDUFS1	quasibinomial	33	6	0.0180709104410836	0.149175191059013	0.904273867328821	NA	-0.0179815173784011	469.010293835376	0.996423008082858	0.996423008082858
SLITRK3	quasibinomial	33	6	0.0125894769843194	0.104003612124811	0.90434493430019	NA	-0.0252630939149349	1107.12300196522	0.996423008082858	0.996423008082858
CDC42	quasibinomial	33	6	-0.0204216006631763	0.169297203404075	0.904677309219942	NA	0.0165171085694891	8308.97501101903	0.996423008082858	0.996423008082858
XPO7	quasibinomial	33	6	-0.0100100428564798	0.0830584069870876	0.904761934527025	NA	0.0194476247173663	247.606654811459	0.996423008082858	0.996423008082858
ZNF286A	quasibinomial	33	6	-0.0250816002134364	0.208584731614304	0.904975452895231	NA	-0.0272072179859152	500.56517729533	0.996423008082858	0.996423008082858
CCDC97	quasibinomial	33	6	0.0135360275366852	0.112905995169624	0.905257746141292	NA	-0.0145536243673791	319.148779431779	0.996423008082858	0.996423008082858
PLCXD3	quasibinomial	33	6	0.020923575079564	0.174622700198906	0.905309621423547	NA	-0.0204093207505146	309.374906116512	0.996423008082858	0.996423008082858
UBR2	quasibinomial	33	6	0.0137117084571085	0.115038712174716	0.905804664568715	NA	-0.0183451702053907	317.826342731356	0.996423008082858	0.996423008082858
ARHGAP32	quasibinomial	33	6	0.0254944654121048	0.214074003718837	0.90588353836541	NA	-0.0163055780498995	676.892078227856	0.996423008082858	0.996423008082858
IFT57	quasibinomial	33	6	0.0188497794429024	0.159261300821594	0.906461030789224	NA	-0.00881801544763928	371.562964577231	0.996423008082858	0.996423008082858
RGS8	quasibinomial	33	6	-0.0311652818478951	0.263620314737535	0.906568964565157	NA	0.0464874033605592	112.282452006124	0.996423008082858	0.996423008082858
RASA2	quasibinomial	33	6	-0.0180491966322641	0.152702623019939	0.906586263782519	NA	0.0201500574863139	152.359692601304	0.996423008082858	0.996423008082858
NCAPH2	quasibinomial	33	6	-0.00974958017673191	0.0826062126093253	0.906722775788199	NA	0.00756282373548493	1596.82591502114	0.996423008082858	0.996423008082858
AHCYL1	quasibinomial	33	6	0.0159390242539579	0.135366004732515	0.906940785049146	NA	-0.0217365154511853	589.643780334811	0.996423008082858	0.996423008082858
TMEM181	quasibinomial	33	6	-0.00918559344831715	0.078528733939291	0.907551593735926	NA	0.0109583008425263	1065.02412740499	0.996423008082858	0.996423008082858
DNASE1	quasibinomial	33	6	0.00568631528918325	0.0486848034110477	0.907687329027617	NA	-0.00538268168618136	1581.32706631004	0.996423008082858	0.996423008082858
NUB1	quasibinomial	33	6	0.0160263816097568	0.137299646208718	0.907744741724569	NA	-0.0152131727638222	188.552334000233	0.996423008082858	0.996423008082858
MINDY2	quasibinomial	33	6	0.0114700240289989	0.0982801250495221	0.907758998602796	NA	-0.0123802937769419	531.338147098926	0.996423008082858	0.996423008082858
GOLT1B	quasibinomial	33	6	-0.0213799927488868	0.183920285603127	0.90812205142399	NA	0.0142140628376734	789.671926948792	0.996423008082858	0.996423008082858
ERC1	quasibinomial	33	6	0.018782142176244	0.161880608544628	0.908296168058215	NA	-0.0204925859881843	1994.25066930652	0.996423008082858	0.996423008082858
GAPVD1	quasibinomial	33	6	0.0161591716720361	0.140225045701543	0.908915554412767	NA	-0.016390157890688	270.97991425984	0.996423008082858	0.996423008082858
GAREM2	quasibinomial	33	6	0.00534757514352835	0.0465077955482373	0.909116254060507	NA	-0.00730890219737883	1623.60868216967	0.996423008082858	0.996423008082858
RBM4	quasibinomial	33	6	0.00998217014695462	0.0869418235757119	0.909248425487399	NA	-0.0098755694714366	490.682440322712	0.996423008082858	0.996423008082858
TRAPPC8	quasibinomial	28	5	0.0576691095284433	0.504831161675925	0.90970474983597	NA	0.0500245377369627	236.251619407225	0.996423008082858	0.996423008082858
SGCD	quasibinomial	33	6	0.0286656647489721	0.25109251617238	0.90976037890028	NA	-0.0450442241613132	245.182385073623	0.996423008082858	0.996423008082858
DAAM1	quasibinomial	33	6	0.0150322380363672	0.131832138427035	0.909869100689555	NA	-0.0144060934333193	755.939342730389	0.996423008082858	0.996423008082858
ABHD10	quasibinomial	33	6	0.00821222950003639	0.0723843558039349	0.910319628764951	NA	-0.00802874267204633	881.419804573416	0.996423008082858	0.996423008082858
MYORG	quasibinomial	33	6	-0.0192685119981108	0.170010259464039	0.910410723064766	NA	0.0175736848529871	187.480007051686	0.996423008082858	0.996423008082858
C2orf49	quasibinomial	33	6	0.0176015868301968	0.155624797945646	0.910595381674491	NA	-0.018395176058235	324.37082019267	0.996423008082858	0.996423008082858
VTI1B	quasibinomial	33	6	-0.00948398716209126	0.0839569866258234	0.910705768776772	NA	0.00852139427322146	3384.70857564647	0.996423008082858	0.996423008082858
LDB1	quasibinomial	33	6	-0.00746358120865997	0.066205594305243	0.910886048167507	NA	0.00841817235118448	325.923185073905	0.996423008082858	0.996423008082858
AGO3	quasibinomial	33	6	0.0269710401316711	0.239970304416233	0.911153768406753	NA	-0.0139633027633033	294.01652296229	0.996423008082858	0.996423008082858
HMGCLL1	quasibinomial	33	6	-0.010508047380273	0.0936768319020947	0.911326813470004	NA	0.00795763302603119	524.672931945155	0.996423008082858	0.996423008082858
EIF4E3	quasibinomial	33	6	-0.0121559728144678	0.108893426862656	0.911753081556471	NA	0.00827649088109871	1223.80178078651	0.996423008082858	0.996423008082858
ZNF22	quasibinomial	33	6	-0.0162911782534822	0.14620625124019	0.911915101277093	NA	0.0143067650450882	676.139400297556	0.996423008082858	0.996423008082858
ZNF776	quasibinomial	33	6	-0.0118632240780928	0.106961405800769	0.912320302793821	NA	0.00932554841988902	935.318485214869	0.996423008082858	0.996423008082858
DCUN1D5	quasibinomial	33	6	0.0169478756963586	0.154642048064629	0.913357162242968	NA	-0.0181164962011188	514.608283463752	0.996423008082858	0.996423008082858
RETREG2	quasibinomial	33	6	0.0248369677870287	0.228484883650465	0.914058970536661	NA	-0.0128086739455815	3684.71741431708	0.996423008082858	0.996423008082858
NHS	quasibinomial	33	6	-0.0298545240642166	0.275628276568371	0.91436484310114	NA	-0.0913892267907988	119.808051246008	0.996423008082858	0.996423008082858
WBP1L	quasibinomial	33	6	-0.0127856037196467	0.118088868328924	0.91439902862083	NA	0.0137530349253699	589.186771092515	0.996423008082858	0.996423008082858
IQGAP1	quasibinomial	33	6	-0.0172313062554631	0.159293290081299	0.914475862631033	NA	0.0120596261476889	74.3141121869234	0.996423008082858	0.996423008082858
PGGT1B	quasibinomial	33	6	0.0265282647188867	0.246006441559801	0.914741876468626	NA	-0.0218260976736761	170.76301788845	0.996423008082858	0.996423008082858
UPF3A	quasibinomial	33	6	0.0116783377335602	0.109305813036741	0.915525224189347	NA	-0.0113401789074443	142.552788579493	0.996423008082858	0.996423008082858
NBN	quasibinomial	33	6	0.0162348703544702	0.153561957188036	0.916406571047393	NA	-0.0195181679298397	263.262641795073	0.996423008082858	0.996423008082858
KLHL42	quasibinomial	33	6	-0.0097549692130218	0.0926183676827185	0.916719759436971	NA	-0.00840360984619197	1711.44244112571	0.996423008082858	0.996423008082858
CACNA1D	quasibinomial	33	6	0.0221161372969929	0.210792566533152	0.917039089299845	NA	-0.0183044954260818	61.5089175267078	0.996423008082858	0.996423008082858
CASKIN1	quasibinomial	33	6	-0.0078077371925297	0.0744775296341642	0.917106441868474	NA	0.00927300306512726	415.078225864754	0.996423008082858	0.996423008082858
PRPF40A	quasibinomial	33	6	0.0136327543280989	0.130107306470328	0.917147884832312	NA	-0.0132386453010752	157.95895941174	0.996423008082858	0.996423008082858
SCO1	quasibinomial	33	6	-0.0183284390808563	0.175128348496876	0.917245307160813	NA	0.0184134996119544	405.177439983921	0.996423008082858	0.996423008082858
KDM5A	quasibinomial	33	6	0.0212514060389737	0.203278603689465	0.917335056240401	NA	-0.0377805545791209	185.916762111761	0.996423008082858	0.996423008082858
ZC2HC1C	quasibinomial	23	6	-0.0521651185296672	0.500429323288599	0.917573375051482	NA	0.05357152956359	59.4543745339301	0.996423008082858	0.996423008082858
PCGF2	quasibinomial	33	6	-0.0100282736518063	0.0962043093168078	0.917574471422257	NA	0.0124132052864646	288.894798732519	0.996423008082858	0.996423008082858
TBC1D5	quasibinomial	33	6	0.0125381997186197	0.120333071996237	0.917608777971076	NA	-0.0123587653621795	718.813265154498	0.996423008082858	0.996423008082858
TTC5	quasibinomial	33	6	-0.0206439138288607	0.198521124490361	0.917772083987328	NA	0.030312173139719	1060.61197911702	0.996423008082858	0.996423008082858
NME6	quasibinomial	33	6	-0.0140531948425754	0.135825240608379	0.918184304782846	NA	0.015847208393635	496.175575789484	0.996423008082858	0.996423008082858
MTPAP	quasibinomial	33	6	-0.0124153947892452	0.120129458976038	0.918275019945743	NA	0.0114165974725976	452.532650558064	0.996423008082858	0.996423008082858
SYNRG	quasibinomial	33	6	0.019225233877024	0.186022093200296	0.918275752655545	NA	-0.0190290022064762	194.223424538935	0.996423008082858	0.996423008082858
RUFY2	quasibinomial	33	6	0.0114974111006752	0.111601413037324	0.918533471730036	NA	-0.00987007210497984	107.781894218848	0.996423008082858	0.996423008082858
PIGX	quasibinomial	33	6	0.0158181550140869	0.153756359076804	0.918646959782801	NA	-0.0236811166999649	639.025290521837	0.996423008082858	0.996423008082858
LYST	quasibinomial	33	6	0.013034768587998	0.126784288197002	0.918700108389073	NA	-0.0169564559711933	132.804835354783	0.996423008082858	0.996423008082858
TBC1D30	quasibinomial	33	6	-0.00954807762836358	0.0931695793925525	0.918960095729159	NA	0.0209729234586168	726.348307375891	0.996423008082858	0.996423008082858
ME2	quasibinomial	33	6	0.014479236539181	0.142178841905231	0.919466317094637	NA	-0.017812784230036	534.487650756892	0.996423008082858	0.996423008082858
DHX33	quasibinomial	33	6	-0.0156195231029637	0.153874387158171	0.9197262983162	NA	0.0144082130486105	80.7186311842578	0.996423008082858	0.996423008082858
LIN54	quasibinomial	33	6	-0.0190957582423607	0.188783543703769	0.920007364944171	NA	0.0274231444111611	77.1647622331214	0.996423008082858	0.996423008082858
AMOTL1	quasibinomial	33	6	0.0259890847345626	0.257682006033904	0.920239376052313	NA	-0.143095281267327	257.929344143169	0.996423008082858	0.996423008082858
ELOVL2	quasibinomial	33	6	0.020080466959077	0.199652011912744	0.920459932032219	NA	0.0171766733801517	145.319835451766	0.996423008082858	0.996423008082858
EPHB2	quasibinomial	33	6	-0.0116509712840788	0.11594681271523	0.920532320633091	NA	0.0111414578077346	461.173001498544	0.996423008082858	0.996423008082858
ATXN7L3B	quasibinomial	33	6	0.0200947234752129	0.20017693867348	0.920611662396199	NA	0.00112038890327852	13224.0515658862	0.996423008082858	0.996423008082858
USP7	quasibinomial	33	6	0.0148445114068117	0.14859136815972	0.920992514926625	NA	-0.0137447761063695	573.885540696296	0.996423008082858	0.996423008082858
RLIM	quasibinomial	33	6	-0.0388550058357191	0.389467611554473	0.921100622150712	NA	-0.0275914670607173	1557.48326595005	0.996423008082858	0.996423008082858
ZNF322	quasibinomial	33	6	-0.0248912650733273	0.25020257259041	0.921321278731919	NA	0.0564909712810184	98.1700569342373	0.996423008082858	0.996423008082858
GPRC5B	quasibinomial	33	6	-0.013130244947356	0.131984230050264	0.92132207570785	NA	0.016869110717656	394.994109804797	0.996423008082858	0.996423008082858
GNB4	quasibinomial	33	6	-0.0166679028139899	0.167659256407807	0.921375745680847	NA	-0.0101927484648984	424.504663697611	0.996423008082858	0.996423008082858
ZNF12	quasibinomial	33	6	-0.0210959077140395	0.213772999003515	0.921952453120156	NA	0.0184350319119264	519.129854395117	0.996423008082858	0.996423008082858
C1orf109	quasibinomial	33	6	-0.017558302950793	0.178685405908364	0.922283453568633	NA	0.0492280988174376	187.725378401153	0.996423008082858	0.996423008082858
VWA8	quasibinomial	33	6	-0.0128338821551458	0.130626991731939	0.922295640366954	NA	0.00622068609560291	89.8482720144984	0.996423008082858	0.996423008082858
FZD5	quasibinomial	33	6	0.0300907817548517	0.307637590611327	0.922639247322927	NA	-0.0288545954427715	75.934748074549	0.996423008082858	0.996423008082858
SCUBE1	quasibinomial	33	6	-0.0131141433149137	0.134370317631442	0.922809060292139	NA	0.00991760454404749	1718.84001410226	0.996423008082858	0.996423008082858
NEK9	quasibinomial	33	6	0.0122845427160797	0.125893789901266	0.922823567311894	NA	-0.0255606548767681	162.455438699969	0.996423008082858	0.996423008082858
MTMR12	quasibinomial	33	6	0.0114521064712978	0.117707849881804	0.923049028555109	NA	-0.0229770737114616	191.713701167412	0.996423008082858	0.996423008082858
CCDC50	quasibinomial	33	6	-0.010214376799077	0.105442800398747	0.923381228937148	NA	0.0213243120749937	1017.27735612842	0.996423008082858	0.996423008082858
ATAD2B	quasibinomial	33	6	0.0203773267506223	0.211722842921825	0.923874752371708	NA	-0.0241259499328523	82.0297083475565	0.996423008082858	0.996423008082858
MID1	quasibinomial	33	6	-0.021868297749186	0.227927357706198	0.924112184567524	NA	0.0219560543379577	127.526845730319	0.996423008082858	0.996423008082858
SAR1A	quasibinomial	33	6	0.0201650609298055	0.210603566466348	0.924266133768474	NA	-0.00586998933814077	2195.96219329668	0.996423008082858	0.996423008082858
FGF12	quasibinomial	33	6	-0.00599270226514819	0.0627679206461122	0.924482921661656	NA	0.00509342713528577	1143.90284007704	0.996423008082858	0.996423008082858
RABEP1	quasibinomial	33	6	0.011021926661369	0.116006865973989	0.924847990227885	NA	-0.0112535016197171	1359.09427535189	0.996423008082858	0.996423008082858
SOCS4	quasibinomial	33	6	-0.0165447088439387	0.174323427919215	0.924929103828929	NA	0.0500981241485809	590.788637612131	0.996423008082858	0.996423008082858
AP5M1	quasibinomial	33	6	-0.00994300157087378	0.104786352945942	0.924944712801979	NA	0.011086295550043	671.863951146818	0.996423008082858	0.996423008082858
SLIT2	quasibinomial	33	6	0.0171849414222742	0.181218676058252	0.924990816888646	NA	-0.0243935500662566	247.479831989825	0.996423008082858	0.996423008082858
ACOT9	quasibinomial	33	6	-0.0142526398229462	0.151799350287769	0.925730944776607	NA	0.013678060131526	165.651809053535	0.996423008082858	0.996423008082858
ZNF20	quasibinomial	31	5	-0.0449255884192084	0.479072741838117	0.925821777599693	NA	-0.077663969139017	156.998147900678	0.996423008082858	0.996423008082858
SPPL2A	quasibinomial	33	6	0.0287261602122467	0.306540693604001	0.925873334775326	NA	-0.0275017991383407	57.560410406583	0.996423008082858	0.996423008082858
HOOK1	quasibinomial	33	6	-0.0191091216751581	0.204551775837972	0.926103044835484	NA	0.00849462140841866	120.347376981537	0.996423008082858	0.996423008082858
SMUG1	quasibinomial	33	6	-0.0126326096062012	0.135601943724475	0.926308085509836	NA	0.0109273701580247	207.951716772723	0.996423008082858	0.996423008082858
GLRB	quasibinomial	33	6	-0.0155551342845901	0.167223757925157	0.926418201676101	NA	0.0522334344713644	523.371297271475	0.996423008082858	0.996423008082858
NIT2	quasibinomial	33	6	-0.0130567598295035	0.141149762178447	0.926825964246547	NA	0.00109474987972952	388.244962883919	0.996423008082858	0.996423008082858
PPP2R3A	quasibinomial	33	6	0.0115586597016989	0.125365725558421	0.927065238213542	NA	-0.0129820675976101	242.884051249022	0.996423008082858	0.996423008082858
ITGA6	quasibinomial	33	6	-0.0148077054591582	0.161447470967065	0.927444722150546	NA	0.0157435863523083	229.91092365109	0.996423008082858	0.996423008082858
DENND5B	quasibinomial	33	6	0.0120441850198783	0.131339667967772	0.927457217603352	NA	-0.0119917924404375	479.883312834731	0.996423008082858	0.996423008082858
SH3GLB1	quasibinomial	33	6	0.0116001733610108	0.126925395905038	0.927700904608284	NA	-0.0292281733446805	1489.7874183354	0.996423008082858	0.996423008082858
ZFP14	quasibinomial	33	6	0.0216546390519488	0.237006668878228	0.927721746098783	NA	-0.0363566205224813	353.231532945132	0.996423008082858	0.996423008082858
CREBL2	quasibinomial	33	6	0.00476605554060833	0.0523056657297238	0.927917307832182	NA	-0.00421066477258082	815.020602708339	0.996423008082858	0.996423008082858
CACUL1	quasibinomial	33	6	-0.0126199448576856	0.138562042722793	0.927949935515043	NA	0.0118120638914391	690.85618188893	0.996423008082858	0.996423008082858
CYB5R4	quasibinomial	33	6	0.023071625675876	0.25372943227635	0.928066607212173	NA	-0.0390400272028823	188.350863373581	0.996423008082858	0.996423008082858
USP54	quasibinomial	33	6	0.018739728589119	0.206781351259534	0.92830659125727	NA	-0.0201188342056932	55.148499535424	0.996423008082858	0.996423008082858
LRCH3	quasibinomial	33	6	0.0213163091876496	0.236003747247709	0.928546336003211	NA	-0.0119258777805825	71.1185927167054	0.996423008082858	0.996423008082858
NACC2	quasibinomial	33	6	-0.0175309291766724	0.194822069473908	0.928812670638814	NA	0.0161192556036207	342.386584561291	0.996423008082858	0.996423008082858
AMMECR1L	quasibinomial	33	6	0.0101472011897695	0.112902134628935	0.928898054681468	NA	-0.00859911595938613	430.618096523777	0.996423008082858	0.996423008082858
ZMYM4	quasibinomial	33	6	-0.00718976341230088	0.0800225670544238	0.928921234208748	NA	0.00703717776557009	354.807343302211	0.996423008082858	0.996423008082858
HTR2C	quasibinomial	33	6	-0.0212621454245741	0.23669795382225	0.928935846756968	NA	0.0189152422847221	186.250482280275	0.996423008082858	0.996423008082858
LHFPL3	quasibinomial	33	6	0.0092815581698539	0.10342872025882	0.929006442461946	NA	-0.0086290353780332	419.182565388952	0.996423008082858	0.996423008082858
FRMPD4	quasibinomial	33	6	0.0165135996136943	0.184247126309496	0.929094208196598	NA	-0.0297215645514147	469.65805781672	0.996423008082858	0.996423008082858
MEX3B	quasibinomial	33	6	0.0208455271324761	0.23281300407569	0.92916506054052	NA	0.0173424850552159	175.728524008092	0.996423008082858	0.996423008082858
FAM20B	quasibinomial	33	6	-0.00991676020618937	0.111135539583618	0.929406810792514	NA	0.0118082218177659	704.622512669295	0.996423008082858	0.996423008082858
LSM3	quasibinomial	33	6	-0.018895565915377	0.211981044746986	0.929480363531238	NA	-0.131009390899302	908.09539196999	0.996423008082858	0.996423008082858
CCNL2	quasibinomial	33	6	-0.0100741041222024	0.113411470481321	0.929725017370959	NA	0.00924609657953565	1858.3608597134	0.996423008082858	0.996423008082858
MTF1	quasibinomial	33	6	0.0153346949001156	0.174300429522545	0.930395207556835	NA	-0.0146600910084664	127.608143768815	0.996423008082858	0.996423008082858
PAQR9	quasibinomial	33	6	-0.0223247104078492	0.253915824503984	0.930440048580298	NA	0.0410896584840696	212.506559754708	0.996423008082858	0.996423008082858
WWC3	quasibinomial	33	6	0.0299334031269782	0.341518713476074	0.930656083453231	NA	-0.026760712992981	79.8045789643073	0.996423008082858	0.996423008082858
CAMKK2	quasibinomial	33	6	0.012384017977763	0.142251174267631	0.931122057816217	NA	-0.0134990704021104	550.858507077324	0.996423008082858	0.996423008082858
KLF3	quasibinomial	33	6	-0.0114734580751961	0.132212454714139	0.931340601503706	NA	0.0129108961023023	262.162084174258	0.996423008082858	0.996423008082858
A1BG	quasibinomial	33	6	0.0148720633333908	0.171724487519681	0.931479693055796	NA	-0.0202770645287759	303.323273188799	0.996423008082858	0.996423008082858
ARHGAP23	quasibinomial	33	6	-0.00709258505987083	0.0819390476260662	0.931515147915988	NA	0.00635367753228469	330.74125562469	0.996423008082858	0.996423008082858
SRSF7	quasibinomial	33	6	-0.00898857577440464	0.104014346801952	0.931627674259712	NA	0.00865871022909742	907.587384253723	0.996423008082858	0.996423008082858
ZBTB41	quasibinomial	33	6	0.0161474077813038	0.186916674295624	0.931650105561885	NA	-0.0302244770488121	318.27045096561	0.996423008082858	0.996423008082858
PEX10	quasibinomial	33	6	-0.00785102909394921	0.0909216404801051	0.931680779349096	NA	0.00690980303179627	819.165768169331	0.996423008082858	0.996423008082858
ACSL6	quasibinomial	33	6	-0.0094849107467029	0.109855457567544	0.931688265477254	NA	0.00537007431676278	440.038401735986	0.996423008082858	0.996423008082858
SLC46A1	quasibinomial	33	6	-0.00915487872257023	0.106364529398895	0.931900656581056	NA	0.0103334317052487	1527.14828411205	0.996423008082858	0.996423008082858
RBMS3	quasibinomial	33	6	0.00838203079494043	0.0976316960731961	0.93207207517514	NA	-0.00666491511102163	740.937457748193	0.996423008082858	0.996423008082858
STARD4	quasibinomial	33	6	0.0121770159237085	0.142127898080189	0.932211858221209	NA	-0.0112731438241554	229.789221042577	0.996423008082858	0.996423008082858
PLAAT3	quasibinomial	33	6	-0.0067295231370411	0.0791531337958571	0.93273073064096	NA	0.00634132077748817	613.419301803914	0.996423008082858	0.996423008082858
DNAJC27	quasibinomial	33	6	0.0097145462619481	0.114341875378875	0.932776908177941	NA	-0.0115776240521846	441.215431922528	0.996423008082858	0.996423008082858
C5orf49	quasibinomial	33	6	0.0118447808632898	0.139661661083334	0.932895291439826	NA	-0.0108674619555073	232.739072942727	0.996423008082858	0.996423008082858
SEPTIN8	quasibinomial	33	6	-0.00845275583501347	0.101957046193979	0.934399369526396	NA	0.00765901551892556	172.736787708964	0.996423008082858	0.996423008082858
ZYG11B	quasibinomial	33	6	-0.00979950303455731	0.118265775910369	0.934434941063199	NA	0.00857367792506568	1285.14398951705	0.996423008082858	0.996423008082858
ADIPOR2	quasibinomial	33	6	-0.0149553805233284	0.181439766089712	0.934777444156485	NA	0.0137076202508836	196.769677885047	0.996423008082858	0.996423008082858
MAML1	quasibinomial	33	6	0.0115039160673869	0.141000212799874	0.935439187998049	NA	-0.00599425608976005	130.862860909868	0.996423008082858	0.996423008082858
SLC25A26	quasibinomial	33	6	0.0122975185008785	0.151249457351641	0.935661620160964	NA	0.00966239077382935	412.442454961427	0.996423008082858	0.996423008082858
HARBI1	quasibinomial	33	6	-0.0116135126668685	0.143144380792617	0.935799580520765	NA	0.00156216732525318	172.12145928893	0.996423008082858	0.996423008082858
CRIPT	quasibinomial	33	6	-0.0120767657435674	0.149096001095804	0.935903427761598	NA	-0.0104004771466218	324.994873344121	0.996423008082858	0.996423008082858
NDUFAF7	quasibinomial	33	6	-0.00954618329624733	0.117941157000783	0.935950571005642	NA	0.00780160829798816	127.155453300386	0.996423008082858	0.996423008082858
BCL11B	quasibinomial	33	6	-0.0278661912141171	0.345290576337015	0.936137398034988	NA	0.0218019445611506	53.1673259672306	0.996423008082858	0.996423008082858
CCNT1	quasibinomial	33	6	-0.0149026568805946	0.185063905088356	0.9362767644653	NA	0.0103331532117641	291.162599596405	0.996423008082858	0.996423008082858
TNKS2	quasibinomial	33	6	-0.011696307899572	0.145768035283517	0.936504086846434	NA	-0.00211087389695533	420.445255238929	0.996423008082858	0.996423008082858
ZNF540	quasibinomial	33	6	-0.0106053343219928	0.133229214191047	0.937007078339876	NA	0.0145882097939389	519.09807483417	0.996423008082858	0.996423008082858
ZKSCAN5	quasibinomial	33	6	-0.0109732863852058	0.137861881358071	0.937011765235977	NA	0.0135904266929481	319.822330613528	0.996423008082858	0.996423008082858
MTURN	quasibinomial	33	6	-0.012785490380662	0.160963062495487	0.937142075063449	NA	0.0158834115200419	2442.47016541779	0.996423008082858	0.996423008082858
RASSF2	quasibinomial	33	6	-0.00938124885648874	0.118213995310024	0.937199731576853	NA	0.0229882660621811	508.871283117706	0.996423008082858	0.996423008082858
ASF1A	quasibinomial	33	6	-0.0113975450131997	0.143842276672115	0.93729589934193	NA	0.0120804391238067	343.374284864448	0.996423008082858	0.996423008082858
MTSS1	quasibinomial	33	6	0.00735834644834462	0.0931149808712911	0.937463388530535	NA	-0.0137677445913638	995.138528350844	0.996423008082858	0.996423008082858
IBA57	quasibinomial	33	6	0.0136475737483668	0.17352090500682	0.937758263995037	NA	-0.0140145657537994	115.99948096917	0.996423008082858	0.996423008082858
ZBTB26	quasibinomial	33	6	-0.0140699763213208	0.179310362154286	0.937903349146415	NA	0.0212763706375874	143.291774932185	0.996423008082858	0.996423008082858
MXD1	quasibinomial	33	6	0.00890723193272251	0.114405242811967	0.938385329729987	NA	-0.00923204206705289	254.673040522342	0.996423008082858	0.996423008082858
SALL4	quasibinomial	33	6	-0.0213775233793909	0.276762894603477	0.938871474207982	NA	0.011451396728778	51.7717488470909	0.996423008082858	0.996423008082858
NHEJ1	quasibinomial	33	6	0.00892618200084615	0.116270272847963	0.939242928835053	NA	-0.0085433290049367	214.450861612119	0.996423008082858	0.996423008082858
FAM222B	quasibinomial	33	6	0.0130230925720462	0.169713543137698	0.939270764512336	NA	-0.0290360339814012	1687.64598477314	0.996423008082858	0.996423008082858
NLGN1	quasibinomial	33	6	0.0137042673303706	0.178952733618774	0.939393466668816	NA	-0.0101988228718402	217.856827757815	0.996423008082858	0.996423008082858
CEP41	quasibinomial	33	6	-0.0105823511935456	0.138247385116687	0.939420234346017	NA	0.0139139527465066	765.524814450845	0.996423008082858	0.996423008082858
SUZ12	quasibinomial	33	6	-0.0100397705081091	0.131697074739635	0.939667189760408	NA	0.00735836454724812	171.483667939436	0.996423008082858	0.996423008082858
TFIP11	quasibinomial	33	6	-0.00587476365882338	0.0773362994274192	0.939880416057845	NA	0.00532399081847811	536.015576325992	0.996423008082858	0.996423008082858
SPART	quasibinomial	33	6	0.0209868763967657	0.280353732817355	0.940753484112777	NA	-0.0239651205849376	126.494406560623	0.996423008082858	0.996423008082858
TTC28	quasibinomial	33	6	-0.00984216113046397	0.131614205688897	0.940815234945259	NA	0.00835161471198673	389.913919419598	0.996423008082858	0.996423008082858
KRBA2	quasibinomial	33	6	-0.0174652989258553	0.23641585671265	0.941530193885706	NA	-0.000309292920331005	225.868769014144	0.996423008082858	0.996423008082858
UHMK1	quasibinomial	33	6	-0.0151393270965621	0.205554612841706	0.941707317898984	NA	0.0158811559712902	1119.18867641791	0.996423008082858	0.996423008082858
CREBRF	quasibinomial	33	6	0.0127652860612903	0.173576511864868	0.941792965342127	NA	-0.012309341161678	134.204558540472	0.996423008082858	0.996423008082858
CDK6	quasibinomial	33	6	-0.0220633681414123	0.30097407057578	0.941979537100785	NA	0.0206152989205241	129.853459188769	0.996423008082858	0.996423008082858
FUNDC2	quasibinomial	33	6	-0.0134787281250732	0.187511405306317	0.943104873345874	NA	0.0131974468187602	1629.59938603796	0.996423008082858	0.996423008082858
L3MBTL3	quasibinomial	33	6	-0.0146217749564451	0.203485208613412	0.943125005728423	NA	0.0119932219190647	65.2675664257606	0.996423008082858	0.996423008082858
MARK1	quasibinomial	33	6	-0.00639868511176395	0.0895971048911408	0.943473047418081	NA	0.0155229870633276	721.82101128849	0.996423008082858	0.996423008082858
KALRN	quasibinomial	33	6	0.0115596406161024	0.162920276066985	0.943839247963538	NA	-0.0513753867783147	522.946110405054	0.996423008082858	0.996423008082858
METAP2	quasibinomial	33	6	0.00942921183500935	0.132958410588773	0.943866301340754	NA	-0.00896350554730066	509.329028198242	0.996423008082858	0.996423008082858
SLFN5	quasibinomial	32	6	0.0237688862942508	0.335256426405914	0.943882796194517	NA	0.00274425060394872	235.59813472914	0.996423008082858	0.996423008082858
BRWD3	quasibinomial	33	6	0.0251039230849126	0.355268734300166	0.944069153553785	NA	-0.0855887632291927	50.0092083616284	0.996423008082858	0.996423008082858
C2CD2	quasibinomial	33	6	0.012108836428933	0.17195131756249	0.944260094781863	NA	-0.0141620336902692	214.555938971535	0.996423008082858	0.996423008082858
FAM118A	quasibinomial	33	6	0.00822775055555464	0.117495997754069	0.944571709500081	NA	-0.00947174018975676	189.340991815083	0.996423008082858	0.996423008082858
PCM1	quasibinomial	33	6	-0.00734869990903718	0.105757714055146	0.94499812433417	NA	0.00249246354350941	351.414356897513	0.996423008082858	0.996423008082858
CAMK4	quasibinomial	33	6	-0.00663565260427532	0.0961462911220958	0.945369523294291	NA	0.00917356907775842	1192.89157928392	0.996423008082858	0.996423008082858
SLAIN2	quasibinomial	33	6	-0.0108775871228376	0.158605798240787	0.945712250976157	NA	0.0277510852820643	288.479214838159	0.996423008082858	0.996423008082858
TMEM200C	quasibinomial	33	6	0.0153003370844406	0.22355179644212	0.945823294582136	NA	-0.00194082538532807	229.264908728517	0.996423008082858	0.996423008082858
SLC35E1	quasibinomial	33	6	0.00720488509399713	0.105604429141347	0.945994637372772	NA	-0.0158363807690729	931.41144357211	0.996423008082858	0.996423008082858
PIAS2	quasibinomial	33	6	0.0160714963612721	0.235579260384839	0.945997823721311	NA	-0.0304405283444736	317.037422371094	0.996423008082858	0.996423008082858
DENND11	quasibinomial	33	6	0.00920806362814251	0.13534810158207	0.94614698061864	NA	-0.00895261379488442	212.902003663386	0.996423008082858	0.996423008082858
POU3F1	quasibinomial	33	6	0.013959056907263	0.205487206452175	0.946226757411705	NA	0.0487572296987107	201.741013744562	0.996423008082858	0.996423008082858
SLK	quasibinomial	33	6	-0.0109429470821616	0.161244229428148	0.946278798266696	NA	0.0046963113000557	238.251040384235	0.996423008082858	0.996423008082858
IER5	quasibinomial	32	6	-0.0177611025337702	0.261763240297889	0.946289770900043	NA	0.037512494686831	491.210536682847	0.996423008082858	0.996423008082858
RPL38	quasibinomial	33	6	0.00762504968527271	0.112536195548742	0.946365139871507	NA	-0.0213047365538558	2373.42915118461	0.996423008082858	0.996423008082858
CACNG8	quasibinomial	33	6	-0.00942003284889503	0.139624732494483	0.946594045613574	NA	0.00761282286422558	665.13737927181	0.996423008082858	0.996423008082858
MCC	quasibinomial	33	6	-0.0150053988157818	0.226071131236927	0.947457234499816	NA	0.0233434418795134	137.798842491907	0.996423008082858	0.996423008082858
MOCS2	quasibinomial	33	6	-0.0102696607825314	0.155133105038131	0.947596072360529	NA	0.015972642285899	775.92177916568	0.996423008082858	0.996423008082858
NLN	quasibinomial	33	6	-0.0049566334666884	0.075128028819535	0.947772500874333	NA	0.002893167852972	559.929784332099	0.996423008082858	0.996423008082858
SERF2	quasibinomial	33	6	0.00853003622081827	0.129677402919445	0.947928160341116	NA	-0.0230575612341999	7160.0463726863	0.996423008082858	0.996423008082858
ZNF554	quasibinomial	33	6	-0.0108661086988048	0.167746619582397	0.948720196653224	NA	0.0253381636078806	215.32862698237	0.996423008082858	0.996423008082858
PHC3	quasibinomial	33	6	-0.0110020170809341	0.170227680440546	0.948835395722351	NA	-0.00453385990078313	155.398034386095	0.996423008082858	0.996423008082858
ELP4	quasibinomial	33	6	-0.00986431861350727	0.153217719654518	0.949033127581162	NA	0.010678828440971	118.946870909763	0.996423008082858	0.996423008082858
FAM171B	quasibinomial	33	6	0.0141884417048069	0.221047486815835	0.949186295342687	NA	-0.0474577131257831	1644.95341939618	0.996423008082858	0.996423008082858
MKLN1	quasibinomial	33	6	-0.00693591451639091	0.111325885535936	0.950676140744751	NA	-0.00190427424584228	505.160861951255	0.996423008082858	0.996423008082858
SNX13	quasibinomial	33	6	0.00652696926958836	0.104790999126373	0.950689747925959	NA	-0.00479306835123534	226.280963465888	0.996423008082858	0.996423008082858
SLC66A2	quasibinomial	33	6	-0.00475670995781431	0.0764090312554599	0.950715323186049	NA	0.0061406371219171	953.913072355619	0.996423008082858	0.996423008082858
TCTA	quasibinomial	33	6	-0.00480470643336019	0.0777152059850798	0.951054276943079	NA	0.0045277061242892	1623.01013538995	0.996423008082858	0.996423008082858
SESN2	quasibinomial	33	6	0.0097235222672945	0.158277609544968	0.951363578696267	NA	-0.010006556660015	278.024550637099	0.996423008082858	0.996423008082858
NUAK1	quasibinomial	33	6	-0.0122387752738546	0.199583234940557	0.95145188141047	NA	-0.00946001060146689	421.077106728217	0.996423008082858	0.996423008082858
RAP2A	quasibinomial	33	6	-0.0059245778924088	0.0970219756335072	0.951655380670405	NA	-0.0111055803534643	888.477186197	0.996423008082858	0.996423008082858
UHRF1BP1	quasibinomial	33	6	0.00922205266270442	0.151335455849578	0.951755378692438	NA	-0.0114525620946937	280.520528794364	0.996423008082858	0.996423008082858
RHBDL3	quasibinomial	33	6	0.0148036044140203	0.244142816397307	0.951994803331008	NA	-0.00672394818018069	130.644113094444	0.996423008082858	0.996423008082858
DACH1	quasibinomial	33	6	-0.00660480419164067	0.10923094787473	0.952128118585027	NA	0.00583099486431856	516.320261362996	0.996423008082858	0.996423008082858
DGKD	quasibinomial	33	6	-0.00575993074821953	0.0958813098247364	0.952438769853896	NA	0.0049159994320572	987.367752160898	0.996423008082858	0.996423008082858
CTXN2	quasibinomial	33	6	-0.0137119489335743	0.229951411412762	0.952789691797648	NA	0.00300061979252318	355.965160967343	0.996423008082858	0.996423008082858
DNAJB1	quasibinomial	33	6	-0.00372504347984213	0.0625138003363547	0.952823083955156	NA	0.00448213629719106	1073.86399341647	0.996423008082858	0.996423008082858
JMJD6	quasibinomial	33	6	-0.00667000560985191	0.112162403525837	0.952918091501227	NA	0.0106098228028135	195.656768670234	0.996423008082858	0.996423008082858
TMTC1	quasibinomial	33	6	0.0114673538318195	0.193072218488258	0.952976035448304	NA	0.00289702190721408	273.594370435501	0.996423008082858	0.996423008082858
ELAVL1	quasibinomial	33	6	0.00611396301680992	0.102982698488489	0.952996025905471	NA	-0.0103550670988495	575.301644072763	0.996423008082858	0.996423008082858
ZNF559	quasibinomial	33	6	-0.016174541503666	0.27259368940104	0.953022217583118	NA	-0.0332148251429281	256.337473094923	0.996423008082858	0.996423008082858
LYSMD3	quasibinomial	33	6	-0.0103005351806849	0.173988662136116	0.953127690942379	NA	-0.0174504991470163	248.686284361022	0.996423008082858	0.996423008082858
MCL1	quasibinomial	33	6	0.00519947712582248	0.0879572997830318	0.953197821158855	NA	-0.0157088484537386	975.571890447208	0.996423008082858	0.996423008082858
OXA1L	quasibinomial	32	6	-0.0185693754895919	0.314240530691824	0.953214252823085	NA	0.0319420849313463	639.907007044007	0.996423008082858	0.996423008082858
HP1BP3	quasibinomial	33	6	-0.00288102892931497	0.0491371613225029	0.953578404750275	NA	0.00496599041365875	1455.6782598712	0.996423008082858	0.996423008082858
TRIM35	quasibinomial	33	6	0.00546494592939508	0.0940479578055301	0.953993037675153	NA	-0.000965733780631695	252.741202282988	0.996423008082858	0.996423008082858
ADAM23	quasibinomial	33	6	0.00540478736249976	0.0937074932251522	0.95433378006842	NA	-0.0189161915400551	676.411071997149	0.996423008082858	0.996423008082858
SENP5	quasibinomial	33	6	-0.00700583297217008	0.121565235805761	0.954370936327697	NA	0.0104264692423593	643.495485381794	0.996423008082858	0.996423008082858
MAN2A2	quasibinomial	33	6	0.00850214204335607	0.148185288506561	0.954572731408291	NA	0.0126251083147416	650.410104632667	0.996423008082858	0.996423008082858
KATNAL1	quasibinomial	33	6	0.00642140128433712	0.11196409968176	0.9545907246921	NA	0.0118656518066118	707.466860952053	0.996423008082858	0.996423008082858
NLGN3	quasibinomial	33	6	0.0036324020001013	0.0640816049524951	0.955119286797454	NA	-0.000695744616575197	1272.76702893506	0.996423008082858	0.996423008082858
PPM1L	quasibinomial	33	6	-0.00916517843899343	0.161739382234675	0.955133259724708	NA	-0.0619155410995673	589.499705921508	0.996423008082858	0.996423008082858
PURA	quasibinomial	33	6	0.0109353108688546	0.193098754570985	0.955161473253983	NA	0.0052250952779276	477.458535992219	0.996423008082858	0.996423008082858
GUCY1A1	quasibinomial	33	6	-0.00877328373020175	0.154938567006518	0.955166528569657	NA	0.00705179067879715	121.380666512429	0.996423008082858	0.996423008082858
SAMD9	quasibinomial	32	5	-0.0238200912132321	0.422052523931541	0.955313307918164	NA	0.120846982005206	87.9068802382079	0.996423008082858	0.996423008082858
ELAVL3	quasibinomial	33	6	-0.00412230942620189	0.0737652692291886	0.955751904830916	NA	0.00236895320578289	577.254654932802	0.996423008082858	0.996423008082858
DNALI1	quasibinomial	33	6	0.00871032961995946	0.156431865121965	0.955912347515152	NA	-0.00194006823793353	281.753334206415	0.996423008082858	0.996423008082858
SYNJ2BP	quasibinomial	33	6	-0.00998730838784019	0.181273666505231	0.956375930078443	NA	0.0104021013510532	488.850841744617	0.996423008082858	0.996423008082858
E2F3	quasibinomial	33	6	-0.00724118052579719	0.131846007932409	0.956513320086286	NA	0.0258236902095629	308.237363227752	0.996423008082858	0.996423008082858
CDH13	quasibinomial	33	6	0.0076543691235033	0.140236874545574	0.956782085282604	NA	-0.00352282338508452	570.788730547901	0.996423008082858	0.996423008082858
ZNF557	quasibinomial	33	6	0.0124261917710633	0.228816641181027	0.956999915660259	NA	-0.0270565686893846	173.324100430706	0.996423008082858	0.996423008082858
ARFIP2	quasibinomial	33	6	-0.00614045969233185	0.113175171031239	0.957039533169161	NA	0.00867471157175103	914.978185069275	0.996423008082858	0.996423008082858
BRMS1L	quasibinomial	33	6	0.0055475778134108	0.102539329428168	0.957161580404006	NA	0.0100166407444893	377.934552121682	0.996423008082858	0.996423008082858
DYM	quasibinomial	33	6	-0.0100623233936478	0.186776089730591	0.957342113271858	NA	0.0089149504975334	573.040344874545	0.996423008082858	0.996423008082858
ABHD5	quasibinomial	33	6	-0.00725034082130126	0.135598642211419	0.957662163836461	NA	-0.00358066427301713	235.087813253082	0.996423008082858	0.996423008082858
EIF3A	quasibinomial	33	6	0.00591842741821074	0.110945925850477	0.957760231507875	NA	-0.00460933451110655	347.255560572261	0.996423008082858	0.996423008082858
NRG2	quasibinomial	33	6	0.0154497417951275	0.289956762194105	0.957809464273456	NA	0.0930485881266534	98.9821425131737	0.996423008082858	0.996423008082858
UTS2B	quasibinomial	33	6	-0.0090758368980417	0.171728042066158	0.958151881298808	NA	0.00826552498031916	397.275663427767	0.996423008082858	0.996423008082858
C5orf51	quasibinomial	33	6	0.0106727677197751	0.202062660876284	0.958176371521572	NA	-0.0121544164757501	821.051400173844	0.996423008082858	0.996423008082858
SRC	quasibinomial	26	6	0.0237304066944912	0.455843142094974	0.958778251230833	NA	-0.0388022873591787	1022.10042575163	0.996423008082858	0.996423008082858
ZNF502	quasibinomial	33	6	-0.0102617782518145	0.198042605630087	0.958969904949494	NA	-0.0112377899211631	208.62547434184	0.996423008082858	0.996423008082858
GALNTL6	quasibinomial	33	6	-0.0092393227862303	0.179254016791932	0.959185745211687	NA	0.0286944390879613	68.6704114024755	0.996423008082858	0.996423008082858
RBMXL1	quasibinomial	33	6	-0.00743007198812414	0.145512972910988	0.959567032603844	NA	0.00281957966192204	362.754986087771	0.996423008082858	0.996423008082858
POLR3H	quasibinomial	33	6	-0.00224399236924279	0.0440518668302919	0.959663121425181	NA	0.00193687465362648	3571.04170199489	0.996423008082858	0.996423008082858
FICD	quasibinomial	33	6	0.00889400165078886	0.176473994244713	0.96009146339132	NA	-0.0147857092848964	145.77094484429	0.996423008082858	0.996423008082858
ZNF436	quasibinomial	33	6	-0.00751814948960568	0.149245560919838	0.960110460081797	NA	-0.00481110093091026	1305.50599743961	0.996423008082858	0.996423008082858
TRIM44	quasibinomial	33	6	0.00776797126502574	0.154649656272484	0.960225087863166	NA	-0.0314167407955509	2111.95809131376	0.996423008082858	0.996423008082858
TIMP3	quasibinomial	33	6	-0.0087350612767135	0.17421367424402	0.960295936009071	NA	0.0114477807468293	338.470304432126	0.996423008082858	0.996423008082858
NAGA	quasibinomial	33	6	0.00462563060486015	0.094029302921111	0.961044751923853	NA	-0.00442653025242684	281.036929381588	0.996423008082858	0.996423008082858
CACNA1C	quasibinomial	33	6	-0.0100357485285512	0.205089106984645	0.961250391638066	NA	0.00390878545910256	484.414675505489	0.996423008082858	0.996423008082858
ZBTB10	quasibinomial	33	6	-0.00730140514704702	0.150162524215272	0.961495872991547	NA	-0.0170437899078963	426.191759957557	0.996423008082858	0.996423008082858
ASPHD2	quasibinomial	33	6	0.00743652507341367	0.153086992235689	0.961532453774391	NA	-0.0069826787948956	407.293309145413	0.996423008082858	0.996423008082858
FPGT	quasibinomial	33	6	0.00774338749267993	0.159568782217926	0.961572144171582	NA	-0.0137045315608327	107.73635699076	0.996423008082858	0.996423008082858
RIOK3	quasibinomial	33	6	0.00640910382931876	0.132723668010062	0.96176036515872	NA	-0.00653917790138566	747.162868586419	0.996423008082858	0.996423008082858
CCDC92	quasibinomial	33	6	-0.00825404549055235	0.172793475933577	0.962172464724172	NA	-0.0118413282940248	4360.71706646993	0.996423008082858	0.996423008082858
LUZP2	quasibinomial	33	6	-0.00844349208064333	0.17834002058873	0.962507464383345	NA	0.00657515555580048	165.631358402011	0.996423008082858	0.996423008082858
TMEM38B	quasibinomial	26	6	0.0217425118802439	0.459748018279091	0.962549144236953	NA	-0.0399185185481286	52.2451803842223	0.996423008082858	0.996423008082858
SMIM13	quasibinomial	33	6	0.00607208355418987	0.128492282808479	0.962577496130189	NA	-0.00449677063977337	864.00627132691	0.996423008082858	0.996423008082858
NDUFA4	quasibinomial	33	6	0.00883283539001078	0.18937395906483	0.963063450896488	NA	-0.0379616031153125	10837.9517710377	0.996423008082858	0.996423008082858
PTGER3	quasibinomial	33	6	0.0111669761272884	0.241275849100871	0.963347748383212	NA	-0.0307873582799841	138.361853218687	0.996423008082858	0.996423008082858
JAM2	quasibinomial	33	6	-0.0104414220846147	0.225843550859856	0.963387344650279	NA	-0.0045586520842696	68.8742803372801	0.996423008082858	0.996423008082858
RHOU	quasibinomial	33	6	-0.00319550986214958	0.0695394841997965	0.963609343475817	NA	0.00502859342374611	561.415172408491	0.996423008082858	0.996423008082858
ZBED4	quasibinomial	33	6	-0.00738838622502946	0.160996827988294	0.963657576858826	NA	-0.0287759617991533	857.456065445224	0.996423008082858	0.996423008082858
HECW1	quasibinomial	33	6	0.00513956501872345	0.112750882866109	0.963901419763257	NA	-0.0106689377855762	444.70997768791	0.996423008082858	0.996423008082858
ISCA1	quasibinomial	33	6	-0.00169630757830733	0.0375225326248151	0.964198707575733	NA	0.00170525067791152	1257.08160191761	0.996423008082858	0.996423008082858
KCNQ3	quasibinomial	33	6	0.00595721881988887	0.13177712130864	0.964199442515484	NA	-0.0459791779136185	1050.95023434518	0.996423008082858	0.996423008082858
ZBTB21	quasibinomial	33	6	-0.0128094870135335	0.284419231203185	0.964333526545765	NA	0.00166111510360721	368.465118183408	0.996423008082858	0.996423008082858
RPRD1A	quasibinomial	33	6	0.00383245299859932	0.0856353307500068	0.964558414038597	NA	-0.00331275069761514	780.551225304141	0.996423008082858	0.996423008082858
CAPZA2	quasibinomial	33	6	0.0152717542504161	0.345799253963372	0.965024972376108	NA	0.053060856896436	3062.0173219924	0.996423008082858	0.996423008082858
SDK2	quasibinomial	33	6	-0.00642148956256204	0.146082062322413	0.965187642966558	NA	0.00456509249902228	478.128640295692	0.996423008082858	0.996423008082858
ZNF334	quasibinomial	33	6	-0.00590788334327686	0.135021504663875	0.965348277148135	NA	0.00932106550436486	239.177070665566	0.996423008082858	0.996423008082858
SPRTN	quasibinomial	33	6	-0.00833899773183066	0.19116907732861	0.965454383460313	NA	0.00835468970040793	129.109093254558	0.996423008082858	0.996423008082858
ARHGEF12	quasibinomial	33	6	-0.00841623619929469	0.195520735666947	0.965910114435249	NA	0.00942997587561528	671.080934147296	0.996423008082858	0.996423008082858
RAB22A	quasibinomial	33	6	0.005135897081354	0.119338762643253	0.965917198145737	NA	-0.00461714723995584	798.716074767368	0.996423008082858	0.996423008082858
ARMC8	quasibinomial	33	6	0.00664392733482118	0.156843305841618	0.96645222735831	NA	-0.0284125406736845	300.061544109769	0.996423008082858	0.996423008082858
ZBTB2	quasibinomial	33	6	0.00962921038818665	0.22850910221132	0.96662714463253	NA	0.0940766417618017	174.632387963769	0.996423008082858	0.996423008082858
CALCOCO2	quasibinomial	33	6	-0.00376600191779584	0.0898006602662342	0.966786972485125	NA	0.00261178315204805	200.232220200013	0.996423008082858	0.996423008082858
MYT1L	quasibinomial	33	6	0.00468734479241845	0.111871462433259	0.966817028011518	NA	-0.0041849413608921	283.386486596452	0.996423008082858	0.996423008082858
COX18	quasibinomial	33	6	-0.00904234694018397	0.215886283509308	0.966828592267488	NA	0.00902812597328223	165.178102569058	0.996423008082858	0.996423008082858
STK25	quasibinomial	33	6	0.0047952181715184	0.117747944519152	0.967747011798862	NA	-0.00860756263287003	3091.85298722835	0.996599369970893	0.996599369970893
LEMD3	quasibinomial	33	6	-0.00526438209821874	0.130469253768093	0.968043706001347	NA	0.00498066741482688	176.364147312934	0.996599369970893	0.996599369970893
PRXL2C	quasibinomial	32	6	-0.00851344225743658	0.211826532419622	0.968169535695534	NA	0.0113354373912442	79.0119821955264	0.996599369970893	0.996599369970893
CLN5	quasibinomial	33	6	0.0111485902682281	0.278425620113815	0.968287550755259	NA	-0.0119681421329801	272.638784133292	0.996599369970893	0.996599369970893
LBH	quasibinomial	33	6	-0.00357264807075246	0.0892618090353704	0.968301137238356	NA	0.0104177970948542	2056.80442731886	0.996599369970893	0.996599369970893
FAM162A	quasibinomial	33	6	-0.00512495104843716	0.130180976625903	0.968820783042517	NA	0.00282759430704442	599.268398445431	0.996599369970893	0.996599369970893
ST6GALNAC3	quasibinomial	33	6	-0.0112569318193654	0.288756755620804	0.969124561945849	NA	0.0024758714343731	432.469320846807	0.996599369970893	0.996599369970893
NXPH3	quasibinomial	33	6	-0.00723585414049376	0.187073124913134	0.969365879868385	NA	0.00317394071799664	106.266636608701	0.996599369970893	0.996599369970893
TRIM24	quasibinomial	33	6	-0.00704570826655655	0.183231789069423	0.969545452899062	NA	0.0188898053121633	646.498499814106	0.996599369970893	0.996599369970893
CASP2	quasibinomial	33	6	0.00621984517222148	0.163132784215572	0.969802673937844	NA	-0.00606854275213632	187.608378746052	0.996599369970893	0.996599369970893
DDX25	quasibinomial	33	6	-0.00652591938134187	0.171318817191495	0.969830577311849	NA	-0.00722278205703273	304.384911246052	0.996599369970893	0.996599369970893
KIN	quasibinomial	33	6	0.0111324510830043	0.295687036775938	0.970181117095283	NA	-0.0472487784972455	97.1311829474074	0.996599369970893	0.996599369970893
ZDHHC5	quasibinomial	33	6	0.00267753965012067	0.0716231764224179	0.970391481573771	NA	-0.00193534089494801	343.234044064528	0.996599369970893	0.996599369970893
MGAT5	quasibinomial	33	6	0.00390127792650663	0.105072926362876	0.970592925808219	NA	0.00279386871841454	594.902598191498	0.996599369970893	0.996599369970893
ZNF169	quasibinomial	33	6	-0.00587965369076487	0.159932872738616	0.970882654719653	NA	0.00389023422224727	57.6647173447424	0.996599369970893	0.996599369970893
NKAPD1	quasibinomial	33	6	-0.00473374258289166	0.128992870329919	0.970934549616471	NA	0.00131562514248035	933.091134469445	0.996599369970893	0.996599369970893
TTPAL	quasibinomial	33	6	0.0063454609239466	0.174799843544473	0.971248373740644	NA	-0.0233943224467995	620.083160454718	0.996599369970893	0.996599369970893
DENND3	quasibinomial	33	6	-0.00609791694896167	0.168362049688868	0.971313469557995	NA	0.0241239544567117	201.6598266816	0.996599369970893	0.996599369970893
GNAI1	quasibinomial	33	6	0.00259484970998347	0.0724875159383599	0.971647459642417	NA	-0.00284652935861969	2121.67423434399	0.996599369970893	0.996599369970893
GIGYF2	quasibinomial	33	6	0.00323351263142557	0.0907340014682637	0.971774065242953	NA	-0.00170024963661416	258.871297733836	0.996599369970893	0.996599369970893
MAP3K7	quasibinomial	33	6	0.00480533518181369	0.136146651120401	0.972044815419578	NA	-0.0124172840937833	437.439920187476	0.996599369970893	0.996599369970893
CNOT9	quasibinomial	33	6	-0.00613901391289562	0.174447376771114	0.972127215189101	NA	0.00490915070230967	397.731962096945	0.996599369970893	0.996599369970893
HEBP2	quasibinomial	33	6	-0.00977269273433791	0.284973345002512	0.972838056882742	NA	0.0137145184993277	704.344536996172	0.996763866230096	0.996763866230096
CHRNB2	quasibinomial	33	6	-0.00500335247035226	0.147417779513139	0.973117858697446	NA	-0.0118328403287568	1648.6196249294	0.996763866230096	0.996763866230096
THUMPD3	quasibinomial	33	6	-0.0037623343789785	0.111270354333616	0.973218728712938	NA	0.00511145632147093	133.99571742307	0.996763866230096	0.996763866230096
ENAH	quasibinomial	33	6	-0.00374082288819512	0.111305784442566	0.97338026641092	NA	0.00618798310610272	1514.30046368684	0.996763866230096	0.996763866230096
C2orf88	quasibinomial	32	6	-0.01051449186579	0.315359736594564	0.973591868747547	NA	-0.0169455411732457	101.360830721476	0.996763866230096	0.996763866230096
MYO18A	quasibinomial	33	6	0.00503285905647437	0.151666945682213	0.973716679391652	NA	-0.00115120756769065	910.054931868103	0.996763866230096	0.996763866230096
MUC20	quasibinomial	33	6	-0.00761198076143173	0.232499454060016	0.97406810061676	NA	0.0166396085682088	65.2305628773554	0.996763866230096	0.996763866230096
HNRNPC	quasibinomial	33	6	0.00418604272713973	0.131214928264782	0.974731292789504	NA	-0.00320016121544493	2054.43699577689	0.996763866230096	0.996763866230096
CENPP	quasibinomial	33	6	-0.00807401711731056	0.258134262745177	0.975225234062011	NA	0.00188422025854664	352.235008592287	0.996763866230096	0.996763866230096
DDX54	quasibinomial	33	6	0.00760490575763433	0.244137908733485	0.975326840837323	NA	-0.0308675356039743	171.930783383985	0.996763866230096	0.996763866230096
SCN1A	quasibinomial	33	6	0.00570921857411114	0.183639166547582	0.975374912508163	NA	-0.00294588622850383	326.633707726169	0.996763866230096	0.996763866230096
SLC35A5	quasibinomial	33	6	0.0047554208442575	0.153758885551702	0.975502830592202	NA	0.00441907533684519	1275.25958021719	0.996763866230096	0.996763866230096
PIGM	quasibinomial	33	6	0.00457922780930175	0.151446998409147	0.976050199636606	NA	0.00863124365172914	843.061731202812	0.996763866230096	0.996763866230096
RCBTB2	quasibinomial	33	6	0.00305417951104262	0.101198088283398	0.976094775723281	NA	-0.00522397639073744	222.732271988086	0.996763866230096	0.996763866230096
TRAPPC13	quasibinomial	33	6	-0.00316164147418948	0.104977423951643	0.976144552799578	NA	0.000377401693342376	265.505182512405	0.996763866230096	0.996763866230096
PTP4A2	quasibinomial	33	6	-0.00354224330824544	0.118981780604703	0.97641856004279	NA	0.00164555562143026	1828.47854557531	0.996763866230096	0.996763866230096
SLITRK4	quasibinomial	33	6	-0.00623337993872048	0.209473161634548	0.976429561113104	NA	0.0104775051035528	1435.08197591037	0.996763866230096	0.996763866230096
PISD	quasibinomial	33	6	0.00134901607934532	0.0459886774686742	0.976765114973333	NA	-0.00123670624296378	586.466702393684	0.996763866230096	0.996763866230096
TMEM132C	quasibinomial	33	6	-0.00757257986375812	0.258607675414286	0.976805928121307	NA	0.0120919213144115	86.8036635764919	0.996763866230096	0.996763866230096
PMPCB	quasibinomial	33	6	-0.00428871741395425	0.147376470574578	0.976949804342922	NA	0.000194577149801929	434.173414009726	0.996763866230096	0.996763866230096
NRP2	quasibinomial	33	6	0.00349498673752254	0.123143587487018	0.977519180233605	NA	0.0028853845196199	202.891975883874	0.996896912165245	0.996896912165245
SPCS2	quasibinomial	33	6	-0.00358442145242363	0.126448363072466	0.977546480988979	NA	-0.00053068510988053	890.822935868224	0.996896912165245	0.996896912165245
ZNF512B	quasibinomial	33	6	0.00538176756767068	0.193194935609207	0.977934701372265	NA	0.00529285241687412	257.134945065716	0.996948610467928	0.996948610467928
TRPS1	quasibinomial	33	6	0.00773139522014376	0.279171663204226	0.978063475423985	NA	-0.0228450099095551	64.2627713221102	0.996948610467928	0.996948610467928
RPS19	quasibinomial	33	6	0.00502621289421636	0.190333691086652	0.979082408634268	NA	-0.0025368323423473	1226.27071718798	0.997515398729704	0.997515398729704
VCAN	quasibinomial	33	6	0.00339150807240898	0.131040293580692	0.979498930898468	NA	-0.00298430120561208	173.650582194334	0.997515398729704	0.997515398729704
VCPIP1	quasibinomial	33	6	-0.00736596877079354	0.284708172863271	0.979506389060199	NA	-0.109729873122438	448.315292320393	0.997515398729704	0.997515398729704
TSPAN3	quasibinomial	33	6	-0.00263371742322152	0.10262038062364	0.979670584174458	NA	0.0121128584971456	10420.9799405917	0.997515398729704	0.997515398729704
SIAH3	quasibinomial	33	6	-0.00393723662037542	0.154286469008087	0.979785938883245	NA	0.0134513430394635	706.501335502092	0.997515398729704	0.997515398729704
SIN3A	quasibinomial	33	6	-0.00408541654800753	0.164646419310666	0.980344839421406	NA	0.00365326414463354	232.724200901979	0.997604231323433	0.997604231323433
MED29	quasibinomial	33	6	-0.00300482020153215	0.124150857601808	0.980828171462856	NA	0.00208522499247032	1697.70243576644	0.997604231323433	0.997604231323433
PCNX1	quasibinomial	33	6	0.00521402680754068	0.219567020854239	0.981189404334954	NA	-0.0328065340662815	213.817126398952	0.997604231323433	0.997604231323433
PROSER1	quasibinomial	33	6	-0.00329232143982678	0.139486469900146	0.981303209952509	NA	-0.0113960601215939	122.969986040582	0.997604231323433	0.997604231323433
DENND5A	quasibinomial	33	6	0.00211224146664544	0.0913771007667594	0.981689306645371	NA	-0.00272108705904093	265.937086585902	0.997604231323433	0.997604231323433
ALG12	quasibinomial	33	6	-0.00637851588756878	0.27994299301715	0.98195114027373	NA	0.0138458074351448	266.906194053261	0.997604231323433	0.997604231323433
PARM1	quasibinomial	33	6	-0.00243938007174013	0.111587537638734	0.98268324234205	NA	0.000904225891164925	934.010883035128	0.997604231323433	0.997604231323433
CCDC117	quasibinomial	33	6	-0.00251831570637614	0.118925117553275	0.98322580909329	NA	0.00466474425519548	331.031545364726	0.997604231323433	0.997604231323433
ZC3H7B	quasibinomial	33	6	0.00338931428627199	0.167020667828904	0.983925060447034	NA	0.00541319234407041	69.8315761715837	0.997604231323433	0.997604231323433
CSTB	quasibinomial	33	6	-0.00228252318983379	0.112935370052538	0.983989931560319	NA	-0.00110213343186107	1598.66220129907	0.997604231323433	0.997604231323433
HIF1AN	quasibinomial	33	6	0.00204206509579056	0.101632826680948	0.984083634573505	NA	0.000977882573507182	957.449235084825	0.997604231323433	0.997604231323433
SOWAHC	quasibinomial	33	6	0.00475903959181187	0.236882008461444	0.984085405698682	NA	-0.0178496036166837	397.669026904351	0.997604231323433	0.997604231323433
PTPRG	quasibinomial	33	6	-0.00264387087312401	0.13265996711291	0.98421265264408	NA	0.00211170119444353	1152.32241710652	0.997604231323433	0.997604231323433
ZKSCAN1	quasibinomial	33	6	0.0019595329993974	0.100357432598826	0.984532752474385	NA	0.000114759090793898	2054.40489496079	0.997604231323433	0.997604231323433
JRK	quasibinomial	33	6	0.00415456403514312	0.213018184717397	0.984550343113343	NA	-0.0430122955252842	548.790027431851	0.997604231323433	0.997604231323433
GAREM1	quasibinomial	33	6	0.0028672937628688	0.148540500123725	0.984708927492228	NA	-0.00586771517315602	545.787970254481	0.997604231323433	0.997604231323433
ZFP36L1	quasibinomial	33	6	0.00506885709805206	0.276087459185142	0.985456241560226	NA	0.0767211277484838	145.03326393274	0.997604231323433	0.997604231323433
ARRDC4	quasibinomial	33	6	0.00183440724944562	0.100664314376488	0.985564432059779	NA	-0.00201793163106205	303.061093299512	0.997604231323433	0.997604231323433
RAB11FIP4	quasibinomial	33	6	0.00158885763783251	0.0875608311537777	0.985625624795543	NA	-0.00146185610911013	1412.92976044515	0.997604231323433	0.997604231323433
ITGB1BP1	quasibinomial	33	6	0.00326793761617001	0.180540015659198	0.985661151744085	NA	-0.00283678545953368	767.616146256408	0.997604231323433	0.997604231323433
STK4	quasibinomial	33	6	-0.00267143285451714	0.148131823720636	0.985714019274372	NA	-0.000763094556344142	204.632717137382	0.997604231323433	0.997604231323433
DZIP1	quasibinomial	32	6	0.00487709858589186	0.271848469635488	0.985788200901826	NA	-0.0311609365850491	235.101973156676	0.997604231323433	0.997604231323433
FBXL18	quasibinomial	33	6	-0.00312958059668041	0.174589767451885	0.985800213585521	NA	0.00630908276219809	382.368450694184	0.997604231323433	0.997604231323433
SPIN1	quasibinomial	33	6	0.0012854954537459	0.0726462605831398	0.985982442411835	NA	-0.00120880415711575	4108.21046180477	0.997604231323433	0.997604231323433
JADE1	quasibinomial	33	6	-0.00471432100532603	0.269983366455588	0.986167590974876	NA	0.0446615097920016	190.873759070082	0.997604231323433	0.997604231323433
KLHL14	quasibinomial	33	6	0.00241330147503131	0.14378584329525	0.986704249503094	NA	0.0182180207444137	133.191279473682	0.997604231323433	0.997604231323433
VAMP4	quasibinomial	33	6	0.0016036609797376	0.099491418820422	0.9872313208265	NA	-0.00457479706216812	459.864567024282	0.997604231323433	0.997604231323433
VWA5A	quasibinomial	33	6	-0.00142444209012745	0.0890037596420165	0.98732185378176	NA	0.00118901159794697	425.799263475218	0.997604231323433	0.997604231323433
TENM1	quasibinomial	33	6	0.00214751178887046	0.136778591250186	0.987562375031096	NA	-0.00345724047816016	492.964656617754	0.997604231323433	0.997604231323433
DHX40	quasibinomial	33	6	0.00183361581712443	0.117885033855602	0.987678316705814	NA	-0.000821235394060286	224.908211835196	0.997604231323433	0.997604231323433
CIAO1	quasibinomial	33	6	-0.000912668636432653	0.0590930283254556	0.987765182360308	NA	0.000380131903292547	1444.96183638487	0.997604231323433	0.997604231323433
BHLHE40	quasibinomial	33	6	0.0033861006193263	0.222608604813741	0.98795022145151	NA	-0.00229272344272337	84.1541219872926	0.997604231323433	0.997604231323433
PPP2CA	quasibinomial	33	6	0.0010555567491679	0.0694929418560352	0.987967327602382	NA	-0.00199221608551955	7156.92452638587	0.997604231323433	0.997604231323433
SET	quasibinomial	33	6	0.00113700026435077	0.0756272327043685	0.988090215360852	NA	-0.00103901067870601	1880.0702960085	0.997604231323433	0.997604231323433
PRKACB	quasibinomial	33	6	-0.00122001648859206	0.0824704673044798	0.988281032988646	NA	0.0114338413194946	4783.3697966856	0.997604231323433	0.997604231323433
CABLES1	quasibinomial	33	6	0.0028290219721669	0.196480418129243	0.988593826012697	NA	0.00260458848859806	121.456568238657	0.997604231323433	0.997604231323433
MEGF11	quasibinomial	32	6	0.00583081518119708	0.417791449115709	0.988944112588921	NA	-0.0094980661380652	53.1955667853079	0.997604231323433	0.997604231323433
RBSN	quasibinomial	33	6	0.00223383350612568	0.160382256510676	0.988966369951578	NA	-0.00892580345118431	630.032705548549	0.997604231323433	0.997604231323433
CPNE4	quasibinomial	33	6	0.00224486475118208	0.167771953941081	0.989400243987474	NA	-0.0052049702993573	155.000715444328	0.997604231323433	0.997604231323433
PLXNA2	quasibinomial	33	6	0.00193599754674234	0.145011474416965	0.98942385140149	NA	-0.0129681898410226	548.018224510563	0.997604231323433	0.997604231323433
HLCS	quasibinomial	33	6	-0.0012706212379518	0.0953060883302947	0.989438621385098	NA	0.00370098012479364	285.116261918368	0.997604231323433	0.997604231323433
PCDH11X	quasibinomial	33	6	0.00301829942728431	0.241319648285716	0.990091763353266	NA	0.00635461782085898	82.919698975319	0.998027435195324	0.998027435195324
MAVS	quasibinomial	33	6	-0.00128124106207949	0.112812678862554	0.991002917283679	NA	0.00132269546863562	538.565232738605	0.99807954188147	0.99807954188147
MTPN	quasibinomial	33	6	0.00186518053853804	0.164481209855974	0.991016751994196	NA	0.0057155017319969	1747.19084299985	0.99807954188147	0.99807954188147
TANC2	quasibinomial	33	6	-0.00171854600016236	0.157736863883781	0.99136907183939	NA	0.000160291359391524	1906.40273734246	0.99807954188147	0.99807954188147
APTX	quasibinomial	33	6	-0.000869724152740243	0.0823115018762326	0.991629506325887	NA	-0.000174990594994404	392.007654240554	0.99807954188147	0.99807954188147
VSIG10	quasibinomial	33	6	0.00339664816558136	0.33346627915351	0.991930822006353	NA	-0.00552061162068108	79.2421221265743	0.99807954188147	0.99807954188147
ZNF415	quasibinomial	33	6	-0.000799885458043992	0.083522649742094	0.992413261955446	NA	0.00072987415977966	339.923628337974	0.99807954188147	0.99807954188147
SLC30A4	quasibinomial	33	6	-0.00197204844402672	0.206426167301599	0.992431942637178	NA	-0.0120569665755459	429.194741715873	0.99807954188147	0.99807954188147
FBXL4	quasibinomial	33	6	0.00177196822200805	0.186108778876591	0.992457406540808	NA	0.000528595014807669	105.016459149922	0.99807954188147	0.99807954188147
FZD3	quasibinomial	33	6	0.00131590605535094	0.142073447094404	0.99266257017932	NA	-0.0138426383742077	691.310937376693	0.99807954188147	0.99807954188147
MTG2	quasibinomial	33	6	-0.00192126307714109	0.207825729167684	0.992676485586334	NA	0.0148973433762225	375.709098216428	0.99807954188147	0.99807954188147
CPLX2	quasibinomial	33	6	-0.00134931946679034	0.146649196467936	0.992711013007926	NA	0.0357207176518697	1754.66154934095	0.99807954188147	0.99807954188147
DCHS2	quasibinomial	33	6	0.00157383672672243	0.178864369499782	0.993029427393464	NA	-0.00341438103685905	132.86620058868	0.998164981554878	0.998164981554878
ENGASE	quasibinomial	33	6	-0.000886306899788577	0.104702944672163	0.993294081372841	NA	0.00116683769237351	294.736707446435	0.998189100836656	0.998189100836656
NMT2	quasibinomial	33	6	-0.00134156258742167	0.166272802302526	0.993608198855497	NA	-0.00306827878166878	190.804760509301	0.998189100836656	0.998189100836656
GPR83	quasibinomial	33	6	-0.000711643779530295	0.0902560896943879	0.993753742343696	NA	-0.00560590042767288	704.428246502421	0.998189100836656	0.998189100836656
FAN1	quasibinomial	26	6	0.0026507531288993	0.366006170270292	0.994262597076352	NA	-0.105787306234108	114.374454063155	0.998465679919794	0.998465679919794
MPPED2	quasibinomial	33	6	0.000773087074548613	0.141604056011867	0.995674972435464	NA	-0.00207303197283924	264.368518296194	0.999518473449941	0.999518473449941
HDX	quasibinomial	33	6	-0.000846742347690235	0.159804316080552	0.995802419195867	NA	-0.000972247548900071	92.5699175361912	0.999518473449941	0.999518473449941
DDX46	quasibinomial	33	6	-0.000764650368904998	0.151903315622001	0.996012211265247	NA	-0.000188905804714457	69.6093954449195	0.999518473449941	0.999518473449941
DGAT2	quasibinomial	33	6	0.000397598535302548	0.0927449301012	0.996603812892366	NA	-0.00098785595155384	177.250568646208	0.999562729426145	0.999562729426145
GABRB3	quasibinomial	33	6	0.000294275603389251	0.0694875343932117	0.996645062752593	NA	-0.00253644596904416	4821.77126829943	0.999562729426145	0.999562729426145
PTCD1	quasibinomial	33	6	-0.000236028976433253	0.0602642123903548	0.996897276495633	NA	0.000299597487014032	1279.83937107304	0.999562729426145	0.999562729426145
DLGAP4	quasibinomial	33	6	0.000329810782933517	0.106667570971259	0.997550541346921	NA	-0.000747158509371354	1216.03772471116	0.999562729426145	0.999562729426145
GSPT1	quasibinomial	33	6	0.000270078246127376	0.105277764510083	0.997967685854838	NA	0.000504125327312598	1085.71435008385	0.999562729426145	0.999562729426145
RNF125	quasibinomial	33	6	-0.000468118473391251	0.19521151977982	0.998100285712355	NA	-0.0025276731464885	192.336476029321	0.999562729426145	0.999562729426145
YTHDF1	quasibinomial	33	6	-0.000164870216313719	0.073044472335426	0.99821189568175	NA	-0.00401078395357163	573.456743104458	0.999562729426145	0.999562729426145
DNASE1L1	quasibinomial	33	6	0.000172162363435545	0.0790621730950534	0.998274926929883	NA	0.00377286361573881	232.086680112931	0.999562729426145	0.999562729426145
PLD5	quasibinomial	33	6	-0.000295125534596476	0.143909558695037	0.998375367219043	NA	-0.00031820248422216	502.786583050434	0.999562729426145	0.999562729426145
LPL	quasibinomial	33	6	0.000399030614078756	0.196824018221412	0.99839392361531	NA	0.0018114611846124	124.929225372156	0.999562729426145	0.999562729426145
TSPAN18	quasibinomial	33	6	0.000136066316921972	0.119570956124674	0.999098505231856	NA	0.00586731036090193	570.265959209185	0.999976696936646	0.999976696936647
UGGT1	quasibinomial	33	6	-0.000177229700267863	0.201378266323773	0.9993027922157	NA	-0.0101186896442729	250.521166275499	0.999976696936646	0.999976696936647
SVOP	quasibinomial	33	6	6.71076240959831e-05	0.118708728011937	0.999552155167331	NA	0.00896495240704823	2408.59301678694	0.999976696936646	0.999976696936647
NOVA1	quasibinomial	33	6	3.4614496942567e-05	0.146540890283556	0.999812872517813	NA	0.0181014112510707	1560.32319635	0.999976696936646	0.999976696936647
UBR7	quasibinomial	33	6	-2.47046048249669e-06	0.0839852994528689	0.999976696936647	NA	0.0016958132158057	788.363946345567	0.999976696936646	0.999976696936647
