ID	method	n_ref	n_comp	beta	se	p_wald	p_lrt	delta	mean_expr	qvalue	padj_BH
ARRB1	betareg	33	35	-0.412109819842144	0.0686151745290054	1.90035249074728e-09	6.7675006846187e-08	0.0198356414967164	1764.21334503938	4.1099675541983e-06	8.12020619296315e-06
DDHD1	betareg	33	35	-0.514641524423059	0.0970673423944865	1.14602440330661e-07	1.40477131427332e-06	0.0715785582894484	612.056913805062	0.000123927617030077	0.000244848113766458
RBMS3	betareg	33	35	-0.23246972626922	0.0464073099267816	5.46186475111988e-07	3.88606403654453e-06	0.0512390553510538	770.069716068109	0.000393753036551913	0.000777951602717841
CCDC6	betareg	33	35	-0.278325223533369	0.0571862922281922	1.13309646442009e-06	6.90944662029993e-06	0.0529902480858512	745.030060661107	0.000509819119406543	0.00100726740931744
MLYCD	betareg	33	35	-0.501376527989183	0.103180992182796	1.17864194865134e-06	8.93047638042751e-06	0.0467363077029812	510.306975749618	0.000509819119406543	0.00100726740931744
CASTOR2	betareg	33	35	-0.294459543835457	0.0619523285321895	2.00418325982242e-06	9.87323891791151e-06	0.0657066247538887	2048.60239064187	0.000722421078075749	0.00142731251153687
VSTM2B	betareg	33	35	0.298553375462303	0.064685025076181	3.92160485888514e-06	1.52569825638248e-05	-0.06456680876523	262.339095529138	0.00109702907753158	0.00216743859696241
NUCKS1	betareg	33	35	-0.20337592668734	0.0441408014878535	4.07664227605721e-06	1.6475297879471e-05	0.0390242242214085	1299.37100499381	0.00109702907753158	0.00216743859696241
SMC1A	betareg	33	35	-0.437009265901741	0.0953369640492468	4.56516437459903e-06	1.8190131255117e-05	0.0977686926376886	493.081351098453	0.00109702907753158	0.00216743859696241
MARCKS	betareg	33	35	0.281554599511341	0.0617759954728996	5.17242280500207e-06	1.93266460058495e-05	-0.0297730466580924	5382.42298619769	0.0011186603542585	0.00221017626457739
ZFHX4	betareg	33	35	0.402355663288931	0.0898280049001279	7.49308746342254e-06	2.6027297632103e-05	-0.08857166084242	158.545769254463	0.00147323607810955	0.00291072388465496
CREBZF	betareg	33	35	0.331879628010336	0.0764672751240192	1.42383929842105e-05	4.11009531789654e-05	-0.0734018783912618	1300.03917366627	0.00234940590883014	0.00464180316732161
MYT1L	betareg	33	35	-0.217487931040422	0.0501873155118254	1.46741344508384e-05	4.65052223675968e-05	0.0486373826491004	279.166072661662	0.00234940590883014	0.00464180316732161
FAM126B	betareg	33	35	-0.312421406693589	0.0722253252128522	1.52083417604733e-05	4.5395140477111e-05	0.0437715034314829	815.724856421714	0.00234940590883014	0.00464180316732161
ARF6	betareg	33	35	0.330536157873779	0.0766900524459286	1.63234988474735e-05	4.69838039905057e-05	-0.0705810511976243	1175.19473783633	0.00235356513982757	0.00465002070501696
CLASP1	betareg	33	35	-0.299962680690962	0.0705232781847684	2.10562735017968e-05	6.39699063561068e-05	0.0618165796979486	1422.05297250449	0.00284620226135914	0.00562334104207362
ATP5F1E	betareg	33	35	0.108302262237506	0.0258396328313057	2.77331800647197e-05	7.57782796061421e-05	-0.0241916198291369	5822.55897365419	0.00352601645098277	0.00696647363858454
HEY1	betareg	33	35	0.27228165340873	0.0651628314112398	2.93462498231972e-05	7.45564014869101e-05	-0.060803329134327	439.881069838994	0.00352601645098277	0.00696647363858454
SPIN1	betareg	33	35	-0.156998006384549	0.0378611879669014	3.37339735426174e-05	9.55968134373479e-05	0.029308910893041	4554.00152466964	0.00383988420456895	0.00758659310250548
TSPAN9	betareg	33	35	-0.420349560454829	0.101906996877866	3.71000425434609e-05	0.000108842740971614	0.0778617506826264	126.473794183886	0.0040118865277736	0.00792642408941041
PPP1R12B	betareg	33	35	-0.512078043738475	0.126132732133379	4.91074670833939e-05	0.000105208869706857	0.0824050551772047	1366.22126725228	0.0050574601382365	0.0099922003260639
FOXK2	betareg	33	35	-0.1748632277463	0.0433438129894799	5.47584102247984e-05	0.000135444699387516	0.0369186481638825	599.33821346198	0.00531444341466488	0.0104999311451576
KIF21B	betareg	33	35	-0.235319058003702	0.0585624211233424	5.86293835975677e-05	0.000139939650759079	0.0523903887320603	1259.1347387388	0.00531444341466488	0.0104999311451576
PIP4K2B	betareg	33	35	-0.248145849182672	0.0620769271034658	6.40440321667083e-05	0.000151404485406475	0.0553342920596678	2689.1801401718	0.00531444341466488	0.0104999311451576
MRAS	betareg	33	35	-0.171134925842367	0.0430407822345061	7.00514504069713e-05	0.000166281552444875	0.0368840968496796	1152.93680527179	0.00531444341466488	0.0104999311451576
KBTBD2	betareg	33	35	-0.134233738530571	0.0338045951171098	7.1609884530078e-05	0.000161835439791942	0.0257244337969431	854.48389384918	0.00531444341466488	0.0104999311451576
ICA1L	betareg	33	35	-0.258868040249753	0.0653465732158571	7.44918871248811e-05	0.000179100977601045	0.047814825392775	423.5786072257	0.00531444341466488	0.0104999311451576
UNC5C	betareg	33	35	-0.385551474366531	0.0976679387601724	7.89469219134283e-05	0.000195079156693331	0.0294439615461115	480.937717985992	0.00531444341466488	0.0104999311451576
USP47	betareg	33	35	-0.248571107751294	0.062983918469917	7.92752586467933e-05	0.00018427118345808	0.0429737010427748	535.731242003234	0.00531444341466488	0.0104999311451576
CPSF2	betareg	33	35	-0.347496084723886	0.0880905487305401	7.98798972649473e-05	0.000170491412246491	0.0728291270905951	137.389358448436	0.00531444341466488	0.0104999311451576
ILF3	betareg	33	35	-0.274711917066931	0.0696637109426178	8.03343085329344e-05	0.000173355861099523	0.0437799783814819	604.299326715181	0.00531444341466488	0.0104999311451576
CLVS2	betareg	33	35	-0.263976173283391	0.0669663737143577	8.0831509686682e-05	0.000187980093296922	0.0578954615607347	258.262309291852	0.00531444341466488	0.0104999311451576
B3GAT2	betareg	33	35	-0.315454395974097	0.0801898337666996	8.35976196356521e-05	0.000136062638780859	0.00859565167234182	3990.13958278928	0.00531444341466488	0.0104999311451576
ATP8A2	betareg	33	35	-0.319586522209566	0.0812829454003959	8.43198033789907e-05	0.000179322333389191	0.0681098300333541	4354.2848572628	0.00531444341466488	0.0104999311451576
GPR155	betareg	33	35	-0.275263387693981	0.0700947128301528	8.6004584619826e-05	0.000191623565828533	0.0603749666774505	374.353113537593	0.00531444341466488	0.0104999311451576
GPATCH2L	betareg	33	35	-0.401186509323421	0.102617728722656	9.24780331639346e-05	0.000231591756268324	0.0385921675901104	880.763320847693	0.00555025458003176	0.0109658314862506
MTRF1L	betareg	33	35	-0.287988855896617	0.0738332245936209	9.59815339553555e-05	0.000205286262349973	0.0647102363851707	175.415410503897	0.00555025458003176	0.0109658314862506
STAT5B	betareg	33	35	-0.204052670947419	0.0525089145317404	0.000101885305261474	0.000219052869725508	0.0410426723973749	353.684122724941	0.00555025458003176	0.0109658314862506
SLC36A4	betareg	33	35	-0.270603922222128	0.0697978080312617	0.000105765926235573	0.00020764829764635	0.0371019099361036	455.608136951966	0.00555025458003176	0.0109658314862506
SINHCAF	betareg	33	35	0.234066935081534	0.060389520998831	0.00010620825766122	0.000216975567311926	-0.0451577011086165	191.856351934623	0.00555025458003176	0.0109658314862506
MAPK8IP2	betareg	33	35	-0.318020361802028	0.0821058830348773	0.00010737342934118	0.000178305105414245	0.0234914949387261	2397.05981779136	0.00555025458003176	0.0109658314862506
TIMM10B	betareg	33	35	0.143645580384616	0.0370950633546673	0.000107784910466306	0.000232628334760788	-0.0316113711093053	811.414800534053	0.00555025458003176	0.0109658314862506
PRNP	betareg	33	35	0.137587057750212	0.0358330073429141	0.000123197914250412	0.000254060485509669	-0.029721182926203	5487.26139453857	0.00618701762819297	0.012223906441574
VTI1B	betareg	33	35	0.173663431164286	0.0452959343329016	0.000126089513290198	0.000278774584495591	-0.0342139416394165	3352.62962254283	0.00618701762819297	0.012223906441574
KIF2A	betareg	33	35	-0.155932764405101	0.0407542001574241	0.000130148970842917	0.000268153970204067	0.0345452681789115	1374.51202172029	0.00618701762819297	0.012223906441574
GNB5	betareg	33	35	-0.285822071827361	0.0747548846055868	0.000131593656988627	0.000282360318324163	0.0229500532144228	1737.23511346809	0.00618701762819297	0.012223906441574
FANCF	betareg	33	35	0.238751065008215	0.0627681146103803	0.000142550917189398	0.000258635672936232	-0.0387984755375856	459.083247132404	0.00619085675093163	0.0122314915302218
CYB5B	betareg	33	35	0.166721670936237	0.0439321208480327	0.00014765331341116	0.00030382257023198	-0.0359301396192873	1688.16642448509	0.00619085675093163	0.0122314915302218
CNPY2	betareg	33	35	0.293535288627954	0.0774189517411569	0.000149729764800426	0.000334173679630514	-0.0345501596285859	436.079087242631	0.00619085675093163	0.0122314915302218
ZNF484	betareg	33	35	0.308041171615513	0.0813887415124056	0.0001538241634592	0.000283174160120334	-0.0409697439830264	329.356056352626	0.00619085675093163	0.0122314915302218
BAALC	betareg	33	35	0.0922224498774336	0.0243967604947449	0.000156758788646207	0.000314581730906404	-0.0203397359174713	3174.19731796644	0.00619085675093163	0.0122314915302218
CGGBP1	betareg	33	35	0.22710628980602	0.0601076494641514	0.000157886162110923	0.000308022746792195	-0.0473736299262217	2095.63370527436	0.00619085675093163	0.0122314915302218
RAB3C	betareg	33	35	-0.328074016235277	0.0868482270241107	0.000158375082991399	0.000281032237624854	0.0605342631061912	4800.33017064104	0.00619085675093163	0.0122314915302218
DNAJC11	betareg	33	35	-0.0986510444990774	0.0261327458284858	0.000160009407527761	0.00032114685443458	0.0212351193807931	852.671747388799	0.00619085675093163	0.0122314915302218
ZNF138	betareg	33	35	0.199494119357723	0.0528719664095979	0.000161196133365017	0.000318077140541318	-0.044258977238933	227.720329891212	0.00619085675093163	0.0122314915302218
ABT1	betareg	33	35	0.315972123354265	0.0838764769317521	0.000165146603734101	0.000346140106382356	-0.0218420089051665	680.829167395205	0.00619085675093163	0.0122314915302218
SMAD4	betareg	33	35	-0.204796204062293	0.0543708604953583	0.000165450227959721	0.000329063020770574	0.0415269227669432	330.569253353039	0.00619085675093163	0.0122314915302218
C11orf87	betareg	33	35	0.291267247709499	0.0773456544464675	0.000166025394044667	0.000309280708284168	-0.0476929328939791	2091.07147903202	0.00619085675093163	0.0122314915302218
TAPBP	betareg	33	35	-0.177424505721022	0.0473427403042412	0.000178491803730497	0.000360417663624549	0.0361965413332549	1494.82451700576	0.00649849371720517	0.0128393006104095
UBFD1	betareg	33	35	-0.143285356497631	0.0382588960903432	0.000180285054206546	0.000374401632557608	0.0122962780861289	4299.26069682613	0.00649849371720517	0.0128393006104095
RNF141	betareg	33	35	0.201758088735685	0.0541133100419533	0.000192670758755642	0.000368877583413126	-0.0354621264873698	719.50491049319	0.00683109305785637	0.0134964287239812
ILRUN	betareg	33	35	-0.217090809623297	0.0583386206331069	0.000198263050545402	0.000388639280382278	0.0453618488464214	444.549247737462	0.00684021715691815	0.013514455524614
STX1B	betareg	33	35	-0.308261350169048	0.0830421784632382	0.000205542051440397	0.000406782531066782	0.0165953786878819	950.46140712306	0.00684021715691815	0.013514455524614
PRSS23	betareg	33	35	0.331740981820541	0.0893710440961977	0.000205667396559251	0.000429452595797675	-0.040615189294365	586.168955550427	0.00684021715691815	0.013514455524614
JPH3	betareg	33	35	-0.18519988632275	0.0499883051809192	0.000211503947943358	0.000408830817550319	0.0155160767389679	1241.25769905705	0.00684021715691815	0.013514455524614
MON1B	betareg	33	35	-0.22985556837148	0.0621094728911704	0.000214909489273824	0.000372887659673186	0.0372254640172642	883.568530890761	0.00684021715691815	0.013514455524614
SLC16A2	betareg	33	35	-0.22141491451504	0.0598732763910922	0.000217254314141388	0.000406395408396895	0.048836533363944	1249.63528684268	0.00684021715691815	0.013514455524614
CAMK4	betareg	33	35	-0.198321192757213	0.0536843316904511	0.00022057149807238	0.000400346889961103	0.0389510281940524	1247.38478807634	0.00684021715691815	0.013514455524614
CCSAP	betareg	33	35	0.243596288549242	0.065982412752293	0.000222640463059833	0.000451619058997114	-0.0265604502422639	766.776580620095	0.00684021715691815	0.013514455524614
TRIM44	betareg	33	35	-0.259921786041746	0.0704141898234567	0.000223087284345427	0.000381413912198047	0.0430714945573798	2276.7767311963	0.00684021715691815	0.013514455524614
RALGAPB	betareg	33	35	-0.227410973322213	0.061634701277854	0.000224555661654013	0.000419263397594805	0.0382877496001811	690.235064185872	0.00684021715691815	0.013514455524614
SH3BGRL	betareg	33	35	0.160890745174601	0.0436699479134033	0.000229382398890149	0.000426009178425738	-0.0358152391400371	2174.51788546683	0.00688827883173434	0.0136094126512434
HMGN4	betareg	33	35	0.137242445793712	0.0372885567513209	0.000232730235179769	0.000437946903003368	-0.0296477649081834	765.855274769846	0.00688827883173434	0.0136094126512434
RHOF	betareg	33	35	0.14873773802364	0.040464291041724	0.000237125956015721	0.000441809522439496	-0.0333016826110662	302.729103204157	0.00688827883173434	0.0136094126512434
GAB1	betareg	33	35	0.563683412726015	0.153521221408587	0.000240945216458472	0.000638688022327416	-0.0496783706776684	62.3530475612611	0.00688827883173434	0.0136094126512434
ZNF248	betareg	33	35	-0.163521166257057	0.044578072874674	0.000244266668428309	0.000468552891963311	0.0356161002997879	619.817768233751	0.00688827883173434	0.0136094126512434
SH3PXD2B	betareg	33	35	-0.278836388095798	0.0760357112288649	0.000245243335863735	0.000436139602918529	0.0593829103531612	603.693973703199	0.00688827883173434	0.0136094126512434
MAP3K9	betareg	33	35	-0.227887582274029	0.0622353621600853	0.000250541547576075	0.000458886394013913	0.0506382029495685	864.943650571234	0.00694687336198953	0.013725179907597
UBQLN2	betareg	33	35	0.18170211418678	0.0496768418136476	0.000254506052143758	0.000452695620225692	-0.0345018994531737	4746.39475141719	0.00696384156443248	0.0137587045767687
NOL4L	betareg	33	35	0.110276661297584	0.0301748384636328	0.000257593345691901	0.000479317390109613	-0.0230486113074852	4575.68840880195	0.00696384156443248	0.0137587045767687
TMOD2	betareg	33	35	-0.248479318629606	0.0680975751949797	0.000263394543951677	0.00047883012776733	0.054353820329336	4316.12046489441	0.00702260778956713	0.0138748110566819
PPP1R15B	betareg	33	35	-0.224193435133736	0.0614887364483911	0.000266261293388231	0.000483747028139534	0.0499852637177665	255.596680207796	0.00702260778956713	0.0138748110566819
SPRED3	betareg	33	35	-0.255653590959428	0.0701788047341493	0.000269595187039241	0.000492908254789722	0.0566320978648587	182.091332069983	0.00702486966880084	0.0138792799303455
PSMD10	betareg	33	35	0.127122308540391	0.03493259804644	0.000273620194218968	0.000494586944160705	-0.0199425330986163	1493.29614712376	0.00704160054732591	0.0139123357103782
SERPINB1	betareg	33	35	-0.263294619210929	0.0724181643201803	0.000277168907704217	0.000500957335116897	0.0515165647364692	126.145088068425	0.00704160054732591	0.0139123357103782
ABR	betareg	33	35	-0.190555064790522	0.0524492970324051	0.000280004884412011	0.000578941051820395	0.0198449943180316	2091.63516833112	0.00704160054732591	0.0139123357103782
TGOLN2	betareg	33	35	-0.305238076927809	0.0842996526068877	0.000293614110860911	0.000433753260410998	0.0412594032048381	2713.08473577279	0.00729897540012474	0.0144208401805595
AGPAT3	betareg	33	35	-0.359351311886168	0.0993622388297322	0.000298523102073404	0.000567409573009203	0.0163080167753552	761.473707295212	0.00733667874341809	0.0144953319904506
QSOX1	betareg	33	35	-0.309602685276945	0.0857754062702659	0.000306838013592636	0.000577079770377633	0.0486706986347835	349.77145752134	0.00736877491778187	0.0145587455211908
FAM162A	betareg	33	35	0.297748735813357	0.0825557410867986	0.000310189014188716	0.000572945850816435	-0.0668012680496953	612.759496039089	0.00736877491778187	0.0145587455211908
FOXN3	betareg	33	35	-0.243600187454687	0.0675442307564379	0.000310320891839193	0.00054315254151744	0.0432504811967081	742.518396189888	0.00736877491778187	0.0145587455211908
C6orf120	betareg	33	35	0.240743010953965	0.0668470266606376	0.000316505813496077	0.000548235457766033	-0.0530824558864239	332.373698904743	0.00736877491778187	0.0145587455211908
UBE3A	betareg	33	35	-0.465164213637734	0.129172551718202	0.000316864810079743	0.000751477018150391	0.0676900481503002	848.531110025759	0.00736877491778187	0.0145587455211908
NF2	betareg	33	35	-0.158548685855493	0.0441263882561825	0.000326819420819182	0.000573287251860724	0.0348103008051968	1367.08341611829	0.00742673290294732	0.0146732551332171
TMED10	betareg	33	35	0.195484696697483	0.0544218491657549	0.000328117114857307	0.00057371173418073	-0.0435452066532636	2657.53786960433	0.00742673290294732	0.0146732551332171
TTC5	betareg	33	35	0.343664349579402	0.0957681213818684	0.000332580053658003	0.000622056861902162	-0.0308084930653868	1047.1913791086	0.00742673290294732	0.0146732551332171
DERL1	betareg	33	35	0.0901622949428836	0.0251281241784032	0.000333092849970059	0.000585682310214416	-0.0169139416016633	1219.38035627211	0.00742673290294732	0.0146732551332171
CFLAR	betareg	33	35	-0.264516926936249	0.073993549632302	0.000350409087687817	0.000619615558306944	0.0387067592359769	197.432239229249	0.00773309800340889	0.0152785513437759
SFT2D3	betareg	33	35	0.344976967186685	0.0966514834723816	0.000357952931971653	0.000600525745442483	-0.0703148036257335	245.917167964047	0.00776524780935768	0.0153420708363085
DIS3	betareg	33	35	-0.2876127889729	0.0805979342856157	0.000359046825094979	0.000593415577544013	0.0641367698154023	241.100446455553	0.00776524780935768	0.0153420708363085
RDX	betareg	33	35	0.37324516097656	0.104739544263046	0.000365865535627436	0.000660027826820379	-0.0543156861185259	524.977989603543	0.00783437501101212	0.0154786478587726
USP22	betareg	33	35	-0.236002639640856	0.0663241498166834	0.000373232487319364	0.000725362719717151	0.0376226236972974	5008.54579376935	0.00784002351981342	0.0154898078145495
CLVS1	betareg	33	35	0.160349533074166	0.0450645615934328	0.000373379406716265	0.000641349328422423	-0.036001753253195	289.133628852821	0.00784002351981342	0.0154898078145495
SCG3	betareg	33	35	-0.178742396321413	0.0503703659681731	0.000387339929882327	0.00066664037474636	0.0386680807949645	1645.88935355128	0.00802685650682233	0.0158589402610112
GRAMD1B	betareg	33	35	-0.325558064239794	0.0917859880883385	0.000389754749568633	0.000695642341371534	0.0723387178793155	367.166678342447	0.00802685650682233	0.0158589402610112
KCND3	betareg	33	35	0.213888608942557	0.0603636143377376	0.000395097942935474	0.000671822620826058	-0.0481806377795555	388.073060247098	0.00802685650682233	0.0158589402610112
LYRM7	betareg	33	35	-0.268001794880265	0.0756642224904597	0.000397123006769998	0.000674113741887882	0.0522033457346599	464.332452545316	0.00802685650682233	0.0158589402610112
RPGRIP1L	betareg	33	35	-0.379758433606969	0.107516182461363	0.000412265798809432	0.000723752450565542	0.0817135295223006	64.4048540103162	0.00813000481935034	0.0160627339783918
ATRN	betareg	33	35	-0.220796859827942	0.0625351198328815	0.000414358522862609	0.000705611371166651	0.0429699072316642	303.380627294146	0.00813000481935034	0.0160627339783918
CORO1C	betareg	33	35	-0.160468331578445	0.0454798471186728	0.000418175781260637	0.000713118819679995	0.0334020065600694	2074.4833098733	0.00813000481935034	0.0160627339783918
CNOT8	betareg	33	35	0.155543684457397	0.0440961075039943	0.000419695508429002	0.000721992396277372	-0.0345666089881458	943.508500013317	0.00813000481935034	0.0160627339783918
PEX10	betareg	33	35	0.14942494831745	0.0424465425278417	0.000431044214795097	0.000737976520508267	-0.0321636123206771	849.543868533073	0.00813000481935034	0.0160627339783918
TMEM263	betareg	33	35	0.257463242599036	0.0731421786383155	0.000431485099901945	0.000726950514644729	-0.0452074092318759	697.660215977251	0.00813000481935034	0.0160627339783918
AFAP1	betareg	33	35	-0.247505665939364	0.0703425388720246	0.000433867270477745	0.000837337745761554	0.0325310422563692	1480.56207867131	0.00813000481935034	0.0160627339783918
CD200	betareg	33	35	0.159781384933379	0.0454179571111766	0.000434775860989206	0.000739703181087107	-0.0348366255700815	2935.81713675327	0.00813000481935034	0.0160627339783918
HUS1	betareg	33	35	0.253307242143231	0.072061059060413	0.000439464089437622	0.000772547398533973	-0.050096952216524	163.509370344281	0.00813000481935034	0.0160627339783918
COMMD9	betareg	33	35	0.231831862416954	0.0659557294833232	0.00043981742931707	0.000909154457349599	-0.00792463041266305	3417.57323833085	0.00813000481935034	0.0160627339783918
GOLGA3	betareg	33	35	-0.185669381169259	0.0529147320473167	0.000450063881156764	0.000789388175602663	0.0385113416178819	450.752174643841	0.00818864418449249	0.0161785898165948
ATF6	betareg	33	35	-0.26091381672847	0.0743652119841631	0.000450562178369947	0.000734210766774789	0.024016584713451	668.353638090304	0.00818864418449249	0.0161785898165948
LMBRD2	betareg	33	35	-0.285284957367589	0.0814104511291324	0.000457844921565549	0.000849006799974261	0.0340863264937965	546.226275250696	0.00825166112449709	0.0163030945820799
PLAA	betareg	33	35	0.303019355578559	0.0868826175586537	0.000487218505354295	0.00101624953858284	-0.0296043706404415	359.039209393643	0.00863768611539766	0.0170657776155621
TNKS	betareg	33	35	-0.207476584963588	0.0594886152208476	0.00048725131502424	0.000730036177644651	0.0365363643704852	1680.55203623655	0.00863768611539766	0.0170657776155621
EXOC2	betareg	33	35	-0.154098804089457	0.0442839330173706	0.000501806239351718	0.000840795455671191	0.034042563985119	654.257535501848	0.00882338387849835	0.0174326671605682
RPL27A	betareg	33	35	0.266516619418308	0.0767406764800063	0.000514769070693609	0.000798638009413312	-0.0201033098367871	1601.20574801684	0.008978318108965	0.0177387761215628
ADAM11	betareg	33	35	-0.191082433266964	0.0552918316786979	0.000548481122509112	0.000948578130196174	0.0403520827644807	727.136737583336	0.00941760007009149	0.018606680807952
ATP5MC3	betareg	33	35	0.237927249790812	0.0688486928476424	0.000548664119307737	0.00110986145712003	-0.0130893264206848	4640.72893571013	0.00941760007009149	0.018606680807952
DMAC1	betareg	33	35	0.281433342923199	0.0815999034600178	0.000562787349167469	0.000898184525986046	-0.0483930262593014	1122.1999916417	0.0095142155546551	0.018797567389353
COG3	betareg	33	35	-0.14875308836835	0.0431318851083146	0.000563091183205518	0.000895943032419234	0.0208139648970565	332.552172996478	0.0095142155546551	0.018797567389353
MRPS22	betareg	33	35	-0.116079715342646	0.0338539454770824	0.000606169866757758	0.00100216829865849	0.0161110626958529	1074.68202404048	0.0101235225059438	0.0200013963768143
TMEM131	betareg	33	35	0.246708608143612	0.0719851782553109	0.000609808370503264	0.000968603028754166	-0.0540714833643075	145.529126489202	0.0101235225059438	0.0200013963768143
SGCD	betareg	33	35	-0.405567882847197	0.118389445310646	0.000613195161563931	0.000884007268839437	0.0687885404200605	275.873516796468	0.0101235225059438	0.0200013963768143
HGSNAT	betareg	33	35	-0.171730671643189	0.0502118498092724	0.000625929684478046	0.00103659829286261	0.0358125948109798	1272.48318402138	0.0102170724721719	0.0201862263067589
PXK	betareg	33	35	0.155882423655956	0.045591789877963	0.000628309875684283	0.00100389486358473	-0.0337027913021077	215.190888258449	0.0102170724721719	0.0201862263067589
SULT4A1	betareg	33	35	-0.101428830469887	0.0296918493696001	0.000635366706224123	0.00103375662505735	0.0209669432283346	4740.83370299487	0.0102267605625437	0.0202053674046868
PHLPP2	betareg	33	35	-0.273432008783792	0.080073370897467	0.000638362883134265	0.00101894991980908	0.059510294437733	253.373472087662	0.0102267605625437	0.0202053674046868
TUBGCP4	betareg	33	35	-0.222706271412032	0.0652859081803016	0.000646667987793999	0.00102368218077137	0.0490549991593614	842.529932313401	0.0102836356951139	0.0203177375870865
RAPGEF1	betareg	33	35	-0.176570195784556	0.0518635038778105	0.000662811036330369	0.00106544693130438	0.0376805244733305	523.553571931792	0.0102956882241795	0.0203415501889791
PIK3R3	betareg	33	35	-0.172961968466411	0.0508162401306218	0.000664857976091798	0.00110943439610782	0.0301096860948219	1812.3932694335	0.0102956882241795	0.0203415501889791
PITPNM2	betareg	33	35	-0.206548764790248	0.0607731861732277	0.000677112691719771	0.00107153262584735	0.0409285409165246	341.624643784877	0.0102956882241795	0.0203415501889791
LHFPL6	betareg	33	35	0.159708175110501	0.0469987620166012	0.000678467359619877	0.00107278220098529	-0.0326939839588595	1337.51819650022	0.0102956882241795	0.0203415501889791
LIX1	betareg	33	35	0.235831795791874	0.0694164647588549	0.000680427061428732	0.00106678813010815	-0.0530475767410152	496.809181592516	0.0102956882241795	0.0203415501889791
SERP1	betareg	33	35	0.2386419949211	0.0702447057059862	0.000680555314295042	0.00101079500537105	-0.0462606932215499	817.753976937527	0.0102956882241795	0.0203415501889791
HLTF	betareg	33	35	-0.265594565127375	0.0782044858673804	0.00068339618135288	0.00120016375663297	0.0392937082594761	403.661390988006	0.0102956882241795	0.0203415501889791
CCDC50	betareg	33	35	-0.189531973478202	0.0559047056527716	0.000698241499249189	0.00125908589284045	0.0244656813773983	1071.94230984729	0.0102956882241795	0.0203415501889791
RABEP1	betareg	33	35	-0.171916593552004	0.0507345856799977	0.000702636553886215	0.00111934216912387	0.0380175049576664	1502.67463157748	0.0102956882241795	0.0203415501889791
MTA3	betareg	33	35	-0.198229365069242	0.0585038554432221	0.00070324002422818	0.00122245604630208	0.0267996245330193	542.90655481873	0.0102956882241795	0.0203415501889791
MAP4	betareg	33	35	-0.149985054315186	0.0442683545647423	0.00070381833124376	0.00112166257227522	0.0336279884875074	604.026490308805	0.0102956882241795	0.0203415501889791
PHF24	betareg	33	35	-0.196888390300132	0.0581612673738787	0.000711225430482894	0.00112342974243379	0.0427769697083091	2766.6311252355	0.0102956882241795	0.0203415501889791
WBP1L	betareg	33	35	-0.205374447385491	0.060679736418335	0.000712914140743719	0.00111085553604039	0.0446071181684382	642.724111457524	0.0102956882241795	0.0203415501889791
WARS2	betareg	33	35	0.327622014300723	0.0968116358446663	0.000714072672208486	0.00106363669025033	-0.072304654437949	164.563126585267	0.0102956882241795	0.0203415501889791
SH3GLB1	betareg	33	35	-0.214842177190266	0.0636322349062694	0.000734649836632988	0.00106417807494547	0.0390587755270721	1773.74775648927	0.0105222270307446	0.0207891308075017
IFT57	betareg	33	35	0.255047413656516	0.0756150696238676	0.000743618675639924	0.00129070289954836	-0.0250859731669149	387.276779699511	0.0105806154261848	0.0209044907961144
MIOS	betareg	33	35	0.29693370400828	0.0881922132321095	0.000760203074429218	0.00120755685919174	-0.0638356776812512	149.560915446495	0.010745890722281	0.0212310309610199
NPLOC4	betareg	33	35	-0.11922862329357	0.0355508230450956	0.000797239488151354	0.00129224870988234	0.0225757610880768	1579.26104213818	0.0111962428473632	0.0221208073563035
BORCS5	betareg	33	35	0.247292056151547	0.0737760701436065	0.000802509617268944	0.00123237954785883	-0.0494319706978972	358.111373052287	0.0111975439699762	0.0221233780296142
MMAA	betareg	33	35	-0.406835807766449	0.121663712524639	0.000825984484560287	0.00103240903109473	0.0354338371059356	249.600541764824	0.0114240548627055	0.0225709034977984
ZNF436	betareg	33	35	-0.206690942253129	0.0618312548155829	0.000829307711012015	0.00121245162696176	0.0216345793837223	1479.97695419462	0.0114240548627055	0.0225709034977984
SNCA	betareg	33	35	0.178656775201714	0.053506344032353	0.000840856982078216	0.00130455343305472	-0.0306852855400762	4595.01205594361	0.0115098397413882	0.0227403916735457
ADGRG2	betareg	33	35	-0.160940524238299	0.0483272448404636	0.000867763145725226	0.00136423356219559	0.0332088504930888	592.333372199427	0.0117659459602519	0.0232463896594298
ZNF827	betareg	33	35	0.168463479414929	0.0505993067646743	0.000870447541658966	0.00132182736719439	-0.0374530420347201	336.75260910531	0.0117659459602519	0.0232463896594298
PLPP6	betareg	33	35	0.146680726969213	0.0441005447277675	0.000880853363827979	0.00134493940449808	-0.0329798315906877	647.458878972565	0.0117970373969854	0.0233078180950032
NTMT1	betareg	33	35	0.246262292898428	0.0740630047482039	0.000884065373245367	0.0014314262677417	-0.0461358701519086	1112.12429951802	0.0117970373969854	0.0233078180950032
PRPF4B	betareg	33	35	-0.207543390425011	0.0624481648446639	0.000889111712961741	0.00140429335087522	0.0360671973269274	295.721048182111	0.0117970373969854	0.0233078180950032
PAK3	betareg	33	35	-0.162932079307982	0.049175169092491	0.00092202080075477	0.00145849649330735	0.0350725959440019	1870.7839973793	0.0121115721089082	0.0239292552917636
STX16	betareg	33	35	-0.277770120605451	0.0838502001466944	0.000924017580889536	0.00131021037999307	0.0375446406944888	722.373030029519	0.0121115721089082	0.0239292552917636
ECD	betareg	33	35	0.212814667383483	0.0643143992873161	0.000936385723332637	0.00154787319895227	-0.0457490042864991	243.943500388144	0.0121895628125223	0.0240833442440799
PSD3	betareg	33	35	-0.262571031292588	0.079385932941648	0.000941239992689291	0.00127864129298957	0.04257361613034	1023.13176132057	0.0121895628125223	0.0240833442440799
ZNF562	betareg	33	35	-0.271224760886621	0.082069750149706	0.000950415086469939	0.00147830544659783	0.034087591146452	604.752201703751	0.0122351210011444	0.0241733551457503
ENAH	betareg	33	35	-0.186899111736205	0.0566432594526837	0.000968287371179316	0.00141960311705435	0.0393721373186787	1484.80522537729	0.0123914403892276	0.0244822008109421
TMEM65	betareg	33	35	-0.296456790291117	0.0900847507621109	0.000998796876633508	0.00149070902334322	0.0602730212622803	308.562705837411	0.0127066914170349	0.0251050532579705
RPAP2	betareg	33	35	-0.265608256536962	0.0809552819911397	0.0010346703576881	0.00149949222916524	0.0185613427910137	765.218069199077	0.0130259886483104	0.0257358999302637
LNPEP	betareg	33	35	-0.287675820350947	0.0876905505738104	0.00103594074140074	0.00156609372641403	0.0634651482971503	500.675838183311	0.0130259886483104	0.0257358999302637
FZD3	betareg	33	35	-0.256941117400681	0.0783697285811744	0.00104332237008964	0.0015051555991097	0.0520358031979576	758.15690912837	0.0130429744974857	0.0257694594646996
NFASC	betareg	33	35	-0.228628194743137	0.069770877849713	0.00104974818403641	0.00141995340879952	0.032021665078342	1737.57817733436	0.013047884771514	0.0257791608642965
CTIF	betareg	33	35	-0.199287209996874	0.0609860060772986	0.00108404892255962	0.00158110928310456	0.0400493900765097	1233.35935335683	0.0133744713521307	0.0264244093582302
CAMSAP2	betareg	33	35	-0.166745123735338	0.05104513297544	0.00108839130518336	0.00166003358990522	0.0273863030476517	930.307947174772	0.0133744713521307	0.0264244093582302
CDKN2AIP	betareg	33	35	0.265724744822952	0.0815218556399091	0.00111588239535743	0.00177907666062083	-0.0455648586817886	292.411740000508	0.0136149298999774	0.0268994916949219
SGCB	betareg	33	35	0.165765818557967	0.050873878446444	0.00112054985295954	0.00165352248863479	-0.0331900371389423	1870.53181442457	0.0136149298999774	0.0268994916949219
PAK1	betareg	33	35	-0.115471718595959	0.0354671306725974	0.00113097686664742	0.0017380888843836	0.0225587976407737	1005.99711463602	0.0136500132083333	0.0269688070104383
PERP	betareg	33	35	0.164007937555326	0.0504248794323411	0.00114386476158743	0.0016824397545779	-0.0368923805218471	706.206579510644	0.0136500132083333	0.0269688070104383
MTX3	betareg	33	35	-0.40553252072387	0.12468599754194	0.00114422641012036	0.00163597054402475	0.0899705098802647	190.01571165129	0.0136500132083333	0.0269688070104383
VHL	betareg	33	35	0.170019176517405	0.0522922673591672	0.00114868309756606	0.00175358567624184	-0.0303313120732393	812.398550389016	0.0136500132083333	0.0269688070104383
WBP11	betareg	33	35	0.217442913155114	0.0669249064568079	0.00115787803384738	0.00191974694160268	-0.0158183053294503	973.990580282214	0.0136840910195592	0.0270361357302177
ZFP91	betareg	33	35	0.236256479843818	0.0727658811239932	0.00116709150253113	0.0017857801861317	-0.0469737543583887	695.621332413614	0.0137180162500126	0.0271031629908452
ANKRD28	betareg	33	35	-0.224799314514258	0.0693142860863065	0.00118199868010926	0.00169503797581247	0.046486389605378	428.865062599584	0.0137646662455762	0.0271953310135562
KHK	betareg	33	35	0.191078719951945	0.0589247641168939	0.00118378927416837	0.00189977033598499	-0.0367422990143598	478.967733374231	0.0137646662455762	0.0271953310135562
MGAT2	betareg	33	35	0.312003156908146	0.0964049566186666	0.00121055746037174	0.00198945918797625	-0.0309711739023773	997.75576003351	0.0140006445858592	0.0276615616479596
CBFB	betareg	33	35	0.162661793564818	0.0503167606393036	0.00122602370022941	0.00174439842693694	-0.0205521859579094	2663.94498341828	0.0141040956739499	0.0278659535695758
BBS7	betareg	33	35	-0.300855313802944	0.0931203683538706	0.00123434880285186	0.00184887841171979	0.0265266187797749	182.337347867195	0.0141247355326997	0.0279067324581271
STK32A	betareg	33	35	-0.245898047022905	0.0761570541124056	0.00124298523977851	0.0022986374118591	0.01873145751442	679.631818445619	0.0141487019983224	0.0279540838398609
DNAJC18	betareg	33	35	-0.155253007809185	0.048128039410586	0.00125606714250325	0.00184895239061048	0.0127752014024017	1693.97545939167	0.0141547423893412	0.0279660180509982
PPP1R3D	betareg	33	35	0.227987549721533	0.0706782508118731	0.00125660553844879	0.00175540081983392	-0.0475246554638478	380.472148325078	0.0141547423893412	0.0279660180509982
MRPL17	betareg	33	35	0.26344906553976	0.0817208982954387	0.0012651667045053	0.00206296893032133	-0.0370657722886314	542.359354576769	0.0141773373650995	0.0280106597323893
ANKRD9	betareg	33	35	0.268285987687373	0.0833123090318979	0.00128081399751956	0.00196452892007989	-0.0497281015061544	539.197491945154	0.0142283193778047	0.0281113866724051
SLCO5A1	betareg	33	35	-0.189676596069903	0.0589097341104082	0.0012828739529883	0.00189911389406373	0.0338565729585885	302.687277641743	0.0142283193778047	0.0281113866724051
GLS	betareg	33	35	-0.17552985188387	0.0546454854124074	0.00131742581682974	0.00214134536409714	0.0251852362644123	2189.16740579333	0.0144090728909491	0.0284685076903886
HS6ST3	betareg	33	35	-0.290255602297751	0.0903968116161385	0.00132317527664982	0.00176366363314019	0.0541732491553111	2130.85153455566	0.0144090728909491	0.0284685076903886
KLF10	betareg	33	35	0.266989814736839	0.0831636775328728	0.00132544033588537	0.00207170487126653	-0.0347955868444704	212.512722137493	0.0144090728909491	0.0284685076903886
PTAR1	betareg	33	35	0.396652535041112	0.123606729754229	0.00133202966865077	0.00227246500339769	-0.0446152016662554	263.380993487071	0.0144090728909491	0.0284685076903886
TMEM151B	betareg	33	35	-0.213766877549781	0.0666193380802937	0.00133298903681753	0.00182563629009023	0.0373286219803555	1023.97363872781	0.0144090728909491	0.0284685076903886
DNAJC10	betareg	33	35	-0.220048327375536	0.0686052537735418	0.00133914580991531	0.00196302896905086	0.0468874816411119	475.788181460072	0.0144090728909491	0.0284685076903886
SATB1	betareg	33	35	0.269020742305175	0.084114163525322	0.00138249430959252	0.00184145103232491	-0.040437129054246	413.877082962094	0.0146738385363468	0.0289916144071915
SEC61A1	betareg	33	35	-0.117873649910124	0.0368717335098933	0.00138933908231539	0.00204318082833103	0.0156815279399103	3311.88568938005	0.0146738385363468	0.0289916144071915
SLC22A23	betareg	33	35	-0.183836804732932	0.0575373407672642	0.00139788734878672	0.00200077882770198	0.040258470053537	925.071647913579	0.0146738385363468	0.0289916144071915
TRIM67	betareg	33	35	-0.313427749276479	0.0981210951748448	0.00140172672928942	0.001956699832834	0.0687161837479231	920.0127810648	0.0146738385363468	0.0289916144071915
RTL8B	betareg	33	35	0.266456650622271	0.0834286698989065	0.00140400739840891	0.00202847176420026	-0.0410222559588039	648.32404535379	0.0146738385363468	0.0289916144071915
MID1	betareg	33	35	-0.436513368498065	0.13677970884353	0.00141604443446025	0.00181228216864663	0.0672698091519949	137.131727255991	0.0146738385363468	0.0289916144071915
CTNNBIP1	betareg	33	35	-0.142645419208568	0.0447040486161404	0.00141838371986355	0.00204241141233794	0.0209995647238379	1698.25037707496	0.0146738385363468	0.0289916144071915
RALA	betareg	33	35	-0.140506868251427	0.0440404401209878	0.00142073230476899	0.00207581642467029	0.0281512780148723	1467.24052852606	0.0146738385363468	0.0289916144071915
EPHB2	betareg	33	35	-0.237056442518221	0.0743222400036994	0.0014248160602645	0.00208227661122454	0.0529899151662006	433.805683583543	0.0146738385363468	0.0289916144071915
CASK	betareg	33	35	-0.179971543593129	0.0565226730793686	0.00145225251981166	0.00224182728744855	0.0305286178571819	2160.11439868475	0.0148855166337653	0.029409834204527
SH3GLB2	betareg	33	35	0.268753137871086	0.0846449021731811	0.00149802504334215	0.00220977175682028	-0.00739659771374264	1286.78145385449	0.0152822549914959	0.0301936840103822
SH3RF1	betareg	33	35	-0.155898782974326	0.0491415283220712	0.0015116132440748	0.00217714920572717	0.0345242323619588	237.4592188156	0.0153484779238926	0.0303245229668151
VAPA	betareg	33	35	0.209351946237647	0.0660355301247079	0.00152285553087739	0.0023997685926606	-0.0302840531054147	4396.75057017496	0.0153903735348846	0.030407297586164
PIK3C3	betareg	33	35	-0.348908163009131	0.110161010313559	0.001538845842156	0.00202279073082719	0.0659060479478679	239.754523049712	0.0154796410028782	0.0305836664350352
SCAMP2	betareg	33	35	0.238729825952994	0.0754211474722534	0.00154928296177938	0.00231615289384967	-0.0490496262342703	108.586595403164	0.0155124795711354	0.0306485467392745
FAM217B	betareg	33	35	0.176582280609952	0.0558687308550764	0.00157410018485611	0.00224493414876398	-0.0397700779359835	647.640282852839	0.0156883353827833	0.0309959911976506
TECPR1	betareg	33	35	-0.257731887528541	0.0815873735020131	0.00158328970963642	0.00231505303042718	0.0573953537460436	251.240616824322	0.0157075381975193	0.0310339308682404
RBFOX2	betareg	33	35	-0.089695312879473	0.0284166156565916	0.00159708308747128	0.00230674454193816	0.0199011737922229	3262.85700513162	0.0157720311017889	0.0311613517477843
ATP11C	betareg	33	35	-0.237750293663221	0.0753735753461402	0.00160887815488874	0.00244861968174922	0.0162976447334949	321.549563830062	0.0158162930476576	0.0312488016174526
C14orf132	betareg	33	35	-0.249952799946591	0.0793199518929353	0.00162602738208447	0.00196218123053157	0.0263616085531666	8546.4801618787	0.0159029923734779	0.0314200964982922
NCBP2	betareg	33	35	0.0982589938191021	0.031197325826965	0.00163496002404136	0.00228610349392635	-0.0194426025178583	1787.56966945552	0.0159029923734779	0.0314200964982922
UNC13A	betareg	33	35	-0.195042211747682	0.0619429284835707	0.00163975696679597	0.00221773614276973	0.028936353295351	1723.2616712473	0.0159029923734779	0.0314200964982922
INPP4A	betareg	33	35	-0.151451304726581	0.04814892052773	0.00165816436858203	0.00247540053522015	0.0293826264355723	979.725931611999	0.015918776515973	0.0314512817789422
UBE2D2	betareg	33	35	0.148525466553414	0.0472210084291275	0.00165901837387119	0.00255390991464523	-0.0091647028292878	2384.47537187777	0.015918776515973	0.0314512817789422
CCDC93	betareg	33	35	-0.201515881117123	0.0640843931384731	0.00166348669490748	0.00260657568001285	0.023413049355605	743.071615856127	0.015918776515973	0.0314512817789422
PWWP3A	betareg	33	35	-0.125229841804446	0.0398408689321681	0.00167082634304233	0.00238329596905625	0.0217382090615503	831.621223099669	0.015918776515973	0.0314512817789422
TMBIM6	betareg	33	35	-0.0710264220795008	0.0226078367654584	0.00167985744329988	0.00241274753198569	0.0132159971232429	9954.70198016661	0.0159337951041395	0.0314809545272134
HNRNPC	betareg	33	35	0.242697735249325	0.0772822759885617	0.00168713751152162	0.00270981482122111	-0.0330250476913192	2081.53682486288	0.0159337951041395	0.0314809545272134
PGBD5	betareg	33	35	-0.21736136462334	0.0692521197768224	0.00169701290832416	0.00241302890135214	0.0358443802624547	566.320258868143	0.0159573782191948	0.0315275485098658
AKR1C2	betareg	33	35	0.393008201950865	0.125387791705581	0.00172240075495148	0.00264448961594118	-0.0286172335238837	231.097251812139	0.0159694307794906	0.0315513611734608
CNNM1	betareg	33	35	-0.299547053657717	0.0956331849627281	0.00173472031422656	0.00216281205376488	0.0388350162523765	354.172034500202	0.0159694307794906	0.0315513611734608
ZC3H14	betareg	33	35	-0.147113221725613	0.0469705031642436	0.00173599659162102	0.00241878580966216	0.0238728783738143	617.639700433369	0.0159694307794906	0.0315513611734608
RRAGD	betareg	33	35	0.255747956453528	0.0816777414555854	0.00174103626888973	0.00254525279055739	-0.0494758025445225	165.748703084111	0.0159694307794906	0.0315513611734608
UTP15	betareg	33	35	-0.208065704399238	0.0664618192529965	0.00174446618050512	0.0024925090766569	0.0386589896639211	150.923385591414	0.0159694307794906	0.0315513611734608
METTL9	betareg	33	35	0.113487052431517	0.0362594014387658	0.00174886311034356	0.00252087656875133	-0.0216441336586777	2138.78763097298	0.0159694307794906	0.0315513611734608
NAP1L1	betareg	33	35	0.21034933099795	0.0672111798030861	0.00174998188582032	0.00241121750015028	-0.025132744738385	994.751898440159	0.0159694307794906	0.0315513611734608
PSENEN	betareg	33	35	0.22819195163723	0.0730267009130207	0.00177941587251757	0.00262650742430744	-0.00907860403537331	1813.74995655182	0.0160023447245201	0.0316163904022173
TOMM20	betareg	33	35	-0.115516278501076	0.036979044207585	0.00178513056629837	0.00256141625119081	0.0250441686537335	2339.03366763514	0.0160023447245201	0.0316163904022173
C21orf91	betareg	33	35	0.316299489776342	0.101266082022675	0.00178744556750734	0.00246438419270494	-0.0688086357897253	111.816036282204	0.0160023447245201	0.0316163904022173
FSTL3	betareg	33	35	-0.117580984232738	0.0376462543753861	0.0017882829241985	0.00253848844416115	0.02262108320549	376.386870518332	0.0160023447245201	0.0316163904022173
SSH2	betareg	33	35	-0.321461275680319	0.10293568967882	0.00179058424463763	0.00283652535257367	0.0395330932143361	538.03765254371	0.0160023447245201	0.0316163904022173
DAAM1	betareg	33	35	-0.250608272466783	0.0802804494023997	0.00179834460720167	0.00253431794941057	0.0566297639824077	707.027260367464	0.0160055599449911	0.0316227428254021
CUL4B	betareg	33	35	-0.212540500235666	0.0681123834395655	0.0018058203181584	0.00268506125715228	0.0427727457683296	558.352024679852	0.0160062257484967	0.0316240582766017
KPNA1	betareg	33	35	-0.245318042551523	0.0786508878530988	0.00181419583665732	0.00232641925151419	0.0153725396492129	1838.83737368836	0.0160148291756022	0.0316410563674969
SLC9B2	betareg	33	35	0.195888626579632	0.0629251938410575	0.00185171107167129	0.00254565092938681	-0.0435102117082599	319.504136945991	0.0161806952693228	0.0319687637918675
GLRB	betareg	33	35	0.240652638286576	0.0773075739904493	0.0018524342277333	0.00288213566878143	-0.00874373474644988	569.148084919772	0.0161806952693228	0.0319687637918675
ACVR2B	betareg	33	35	0.354178777018314	0.113867538434648	0.00186805339697877	0.00304374271795328	-0.0463741901632951	809.308934764143	0.0161806952693228	0.0319687637918675
ZNF791	betareg	33	35	-0.287238968100298	0.0923852235150539	0.00187630214346935	0.00243607991527832	0.026523051168645	836.008703877545	0.0161806952693228	0.0319687637918675
TMOD3	betareg	33	35	-0.277518730416659	0.0892998150473733	0.00188537249374636	0.00304444885861791	0.0164179134330227	670.007514511227	0.0161806952693228	0.0319687637918675
OSBPL6	betareg	33	35	-0.230946173190971	0.0743345304609406	0.00189092859601829	0.00265875239991785	0.050672506566191	200.939230921132	0.0161806952693228	0.0319687637918675
SLIT1	betareg	33	35	-0.143066970406407	0.0460674352882473	0.00189894189166605	0.00270915252912606	0.0310602496632421	971.378197114598	0.0161806952693228	0.0319687637918675
C2CD2	betareg	33	35	-0.288436672458517	0.0928984976608113	0.00190370194699236	0.00255407508294386	0.0629819334219502	220.681122652995	0.0161806952693228	0.0319687637918675
RNF165	betareg	33	35	-0.240917998514967	0.0775942016233122	0.00190378515803531	0.00263238958035419	0.0440798088389019	432.682502814793	0.0161806952693228	0.0319687637918675
TTL	betareg	33	35	-0.242264215115482	0.078043456792606	0.00190780125600894	0.00256082264103203	0.0141230610747511	3199.6642400042	0.0161806952693228	0.0319687637918675
CELF2	betareg	33	35	-0.206721501614867	0.0666407356694596	0.00192199060759112	0.00261337523374584	0.036930693588316	1203.60623698532	0.0161902604019995	0.0319876619579901
NR2C2	betareg	33	35	0.188166185462033	0.060673626071637	0.00192682965289596	0.00250781096230977	-0.019679819622623	1019.63906903278	0.0161902604019995	0.0319876619579901
ARL6IP1	betareg	33	35	0.107262321386255	0.0345987575988832	0.00193404107001755	0.00261726715439496	-0.0193347614640909	10695.0948785556	0.0161902604019995	0.0319876619579901
PUM2	betareg	33	35	-0.210769428669682	0.0680024379635549	0.00193887302764321	0.00260394253178962	0.0464809009721643	586.127552718766	0.0161902604019995	0.0319876619579901
TRMT6	betareg	33	35	0.212529065301714	0.0686026142393387	0.00194849001049638	0.00271566353827266	-0.0474857845180272	84.2768807432892	0.0162079864369521	0.0320226839032732
PIAS2	betareg	33	35	-0.341812943265169	0.110415075744178	0.00196342950511114	0.00288720726152166	0.041408155771236	329.759739677957	0.0162586986493201	0.0321228777893561
KIF1B	betareg	33	35	-0.178595919562608	0.0577088523400941	0.00196962180688306	0.00277390646212439	0.0389886075236362	4212.35570972874	0.0162586986493201	0.0321228777893561
MED29	betareg	33	35	0.20911200836295	0.0676607538428422	0.0019975568508375	0.00282201924737374	-0.0452207431795468	1682.22954797522	0.0164175213545653	0.0324366693455444
GSK3B	betareg	33	35	-0.152952459613918	0.0495050684911584	0.00200404416270155	0.00273784981719747	0.0328503914116208	1304.67921631444	0.0164175213545653	0.0324366693455444
SMCR8	betareg	33	35	-0.375757529543006	0.121969354719961	0.00206477433612947	0.00252643905911736	0.0613525306431014	162.823160216279	0.0168044208959973	0.0332010802590033
TMEM132B	betareg	33	35	-0.197471313416063	0.0641044910927192	0.00206681192344837	0.00278610543999296	0.0383101836388443	1742.37866333711	0.0168044208959973	0.0332010802590033
TLN2	betareg	33	35	-0.144559888692123	0.047056827797055	0.00212609839684422	0.00293567269501206	0.0322831118730712	476.28178486154	0.0171941845364932	0.0339711498728409
TMEM183A	betareg	33	35	-0.176348932835206	0.0574166621641391	0.00213065016754537	0.00294584452234876	0.037020946405021	612.837907867241	0.0171941845364932	0.0339711498728409
FOXJ2	betareg	33	35	-0.190255313410916	0.0620073009773868	0.00215299993888097	0.00298954013474486	0.0344224853292368	307.685479655295	0.0173099561001047	0.0341998837875032
SORT1	betareg	33	35	-0.166247700393268	0.0542145173837071	0.00216595737233839	0.00317886726535524	0.00925076453695081	2412.32327107328	0.0173496360932079	0.0342782809333405
GLYR1	betareg	33	35	0.158258670253326	0.051729417903397	0.00221813891874265	0.00310705381205208	-0.0245552370643027	1000.10600156804	0.0177020547642027	0.0349745667888832
DUS4L-BCAP29	betareg	33	35	-0.36812138373596	0.120433676311357	0.00223839179086504	0.00276088484529126	0.0258323231231082	708.497027983793	0.0177686634823063	0.0351061679555878
SLITRK1	betareg	33	35	-0.241299147371549	0.0789584692752076	0.00224291688553136	0.0028822220707239	0.018126818059388	885.818431402631	0.0177686634823063	0.0351061679555878
IRGQ	betareg	33	35	-0.274643563463552	0.0899897882480775	0.00227366457240801	0.00256976774677215	0.00387269618396544	5700.92772301715	0.0179206481835683	0.0354064494288958
NIPSNAP2	betareg	33	35	0.209227851511802	0.0685705013204871	0.00227867390427015	0.00305565184561122	-0.0466017165873515	589.04362058995	0.0179206481835683	0.0354064494288958
NKX6-1	betareg	31	34	0.335797414481879	0.110217739949224	0.00231389268284024	0.00343374733242278	-0.063730313262922	96.2999465258259	0.0180938597036126	0.0357486694681562
MBLAC2	betareg	33	35	0.247254424848192	0.081167787349216	0.00231743071441125	0.00313974233877069	-0.0558161834636884	546.217546264382	0.0180938597036126	0.0357486694681562
CCN3	betareg	33	35	0.218716894223172	0.0718592547952302	0.00233700151833419	0.00310106776237887	-0.0493780251377012	157.958028239271	0.0181561144592349	0.0358716683593834
ESRRG	betareg	33	35	0.172710316783291	0.0567930554721693	0.00235757497762285	0.00312294713866994	-0.0315194802280225	1221.91643763208	0.0181561144592349	0.0358716683593834
CHML	betareg	33	35	0.185533478503097	0.0610101544086736	0.00235773307544688	0.00346840145273158	-0.0261053222602025	665.733371121365	0.0181561144592349	0.0358716683593834
POFUT1	betareg	33	35	-0.199569880186026	0.0656292805318299	0.00235898404141978	0.00322891955346351	0.0320199905297101	299.714101449356	0.0181561144592349	0.0358716683593834
IPO9	betareg	33	35	-0.203937176566004	0.0672132373571938	0.00241189096968131	0.00293564129967923	0.0200961783453387	2029.68983360291	0.0184413939227111	0.0364353049417884
C3orf80	betareg	33	35	0.214826114191729	0.0708055315819186	0.0024131035100693	0.00326982157698228	-0.0358190553730971	260.881303503816	0.0184413939227111	0.0364353049417884
TTLL11	betareg	33	35	-0.249702358085851	0.0823531270495635	0.00242864189768837	0.00307285064211582	0.0412268050589953	282.812207788242	0.0184947886130055	0.0365407986930366
CCDC85A	betareg	33	35	0.17911657496059	0.0591521883717878	0.00246126467423725	0.00328390731195325	-0.0291554237737587	1145.21257474611	0.0186640742268331	0.0368752621825058
NAA10	betareg	33	35	0.2670228490659	0.0882072420940838	0.00246813128579374	0.00364749198598578	-0.0158584488789367	944.878740247519	0.0186640742268331	0.0368752621825058
PTPMT1	betareg	33	35	0.212010571905134	0.0700901469121833	0.00248775345822797	0.00338748670638842	-0.0461710257551428	978.309639929583	0.0187367421871336	0.0370188348052773
CAND1	betareg	33	35	-0.227617978446299	0.0752720148714689	0.00249506773318977	0.00302876455563617	0.0364447751100763	1704.46039937756	0.0187367421871336	0.0370188348052773
MEX3B	betareg	33	35	0.32913457644576	0.108912970555473	0.00251113751601118	0.00342620776005641	-0.0434987849952223	178.635015189453	0.0187921678384062	0.0371283411969404
GLUL	betareg	33	35	0.125709542410284	0.0416503803482725	0.00254273685166909	0.00339078181809334	-0.0275816695746606	1121.95810594445	0.0189630263425403	0.0374659123006277
CHM	betareg	33	35	-0.180231979092749	0.0597547702934382	0.0025596943964337	0.00351919890799601	0.0341850942281502	315.82465950739	0.0190238913836315	0.0375861654844027
TTC28	betareg	33	35	-0.218456723979157	0.0725745808352879	0.0026116194785621	0.00337610385776261	0.041627635090679	375.161459657035	0.0193433315860563	0.0382172946297804
CYB561D1	betareg	33	35	-0.257262419271667	0.0856884448570799	0.00267947961918091	0.0034758070192134	0.0554872410912868	396.839832036459	0.0196514149349446	0.0388259856436635
CLCN5	betareg	33	35	-0.283046200213544	0.0942868681656446	0.00268240005222684	0.00359265853302143	0.0615632201613882	518.50128884303	0.0196514149349446	0.0388259856436635
MEX3D	betareg	33	35	0.325577101034623	0.108463488711724	0.0026845834612866	0.00314291827029536	-0.0660021721862926	68.7419576630569	0.0196514149349446	0.0388259856436635
ZDHHC18	betareg	33	35	-0.146428367898218	0.048790642525108	0.00268956043775436	0.00358739221337536	0.0315435625719529	651.71806166372	0.0196514149349446	0.0388259856436635
SUPT7L	betareg	33	35	0.14666748998435	0.0489173074450104	0.00271513466959553	0.00375724624656871	-0.028242415231881	833.004973696885	0.0197565548224746	0.0390337141852128
SPSB1	betareg	33	35	0.213466842114893	0.071236313822749	0.00273007370713743	0.00360525223902227	-0.0479795005758937	181.100477741896	0.0197565548224746	0.0390337141852128
CMTM4	betareg	33	35	-0.346743884581555	0.115717904235579	0.0027313551465899	0.00348114445990127	0.067944435190687	385.61250687268	0.0197565548224746	0.0390337141852128
MGAT5	betareg	33	35	-0.180406470962449	0.0603067942965923	0.00277630201566405	0.00377536504510027	0.0395874512721521	517.82956588227	0.020014727549392	0.0395437950431084
PDE4D	betareg	33	35	-0.275973872117146	0.0923848188955745	0.00281526118344163	0.00301357012536958	0.0229309791408014	541.951964865212	0.0202281621232805	0.0399654851722462
PEG3	betareg	31	34	-0.181411981402548	0.0607679838426032	0.00283280222058837	0.00384496182479321	0.0393648347776083	1787.92470429873	0.0202550787825989	0.0400186653545248
ATP2B2	betareg	33	35	-0.273103456111032	0.0915426697864304	0.00285115493483392	0.00351555099923156	0.0216608275265906	832.019523087267	0.0202550787825989	0.0400186653545248
RAB11A	betareg	33	35	0.180559776588856	0.0605378516115286	0.00285817734240398	0.0037182492222903	-0.0404212352795192	4046.63205299292	0.0202550787825989	0.0400186653545248
NEDD4L	betareg	33	35	-0.137828979598357	0.0462336715254915	0.00287178851414475	0.00417227524169686	0.0206824778775671	1781.49192519623	0.0202550787825989	0.0400186653545248
SEPTIN11	betareg	33	35	-0.131364873029264	0.0440670179807989	0.00287285535756105	0.00396166111075825	0.0254504024617885	726.221805077297	0.0202550787825989	0.0400186653545248
GPATCH8	betareg	33	35	-0.188649269272276	0.0632886659494163	0.00287520015535668	0.00386617151428558	0.0186592084043977	1039.42626959911	0.0202550787825989	0.0400186653545248
NQO1	betareg	33	35	0.217161709422382	0.0729069909639638	0.00289556260692227	0.00408838212335538	-0.0415209992652943	227.291772370878	0.0202925031136794	0.0400926059102589
CACNG4	betareg	33	35	-0.140288806933204	0.0471049175133465	0.00289927807776036	0.00376525631419582	0.0289918459374659	1943.69500942366	0.0202925031136794	0.0400926059102589
PPM1B	betareg	31	31	-0.534823957624822	0.179832461333951	0.00293933262308097	0.00292912971777745	0.00672455005069799	574.359712679046	0.0205064871380254	0.0405153816078225
CDON	betareg	33	35	-0.431786273230182	0.145568763950061	0.00301502966193019	0.00412515756450898	0.0291821159511961	134.70559456333	0.0209063879222598	0.041305479529981
MPZL1	betareg	33	35	-0.147892772008885	0.0498631911935843	0.00301729077769533	0.00383625525836547	0.023232317758861	5818.10791640819	0.0209063879222598	0.041305479529981
ST6GALNAC5	betareg	33	35	0.158010068067882	0.0532921274459498	0.00302703050601796	0.00430581601679329	-0.0239269152225677	999.090630108645	0.0209063879222598	0.041305479529981
DENND5B	betareg	33	35	-0.216146743559281	0.0729206030822319	0.00303531958165552	0.0040427073432459	0.0481325517523538	498.111750622297	0.0209063879222598	0.041305479529981
RERE	betareg	33	35	-0.192805534612959	0.0651677213768317	0.00309035120651595	0.00480327582338648	0.0125542756983105	804.153109843253	0.0212178567651282	0.0419208593823576
NDUFV3	betareg	33	35	0.194218667296373	0.065716830307293	0.00312277047209441	0.00414258606846098	-0.0302998923545471	1052.70803351403	0.0213725927529983	0.0422265766685425
YTHDF2	betareg	33	35	0.238900241944304	0.0809181364874668	0.00315345284347503	0.00398821921770506	-0.0473971619114537	417.036339842455	0.021514502489103	0.0425069526819205
EIF1AY	betareg	25	29	0.306383005143259	0.103828631704614	0.00316897937156895	0.00419778571408123	-0.0486051172622368	110.446551871589	0.0215362746571526	0.0425499687134339
CYLD	betareg	33	35	-0.135374658375347	0.045887930558137	0.00317655979863923	0.00424247983642549	0.0260228951044105	535.636105794467	0.0215362746571526	0.0425499687134339
ATP2B4	betareg	33	35	-0.207236755607515	0.07028632603726	0.00319356544963725	0.00439139654471071	0.0436760049661637	1383.46477338299	0.0215839075318344	0.0426440786446873
FAM172A	betareg	33	35	0.148846946804482	0.0505776968224469	0.00325115164796874	0.00415725280993703	-0.0312948808653059	688.585260523739	0.0219046553295247	0.0432777912516212
TBC1D14	betareg	33	35	-0.109929580620034	0.0373972137422104	0.00328728915277689	0.0044945623522912	0.0204672339258056	1657.49437487023	0.0220793489840752	0.0436229395957007
AP4E1	betareg	33	35	-0.373304396177743	0.12704371558709	0.00329918253806025	0.00432181020817511	0.0719578994616451	79.3605169181904	0.0220906274551253	0.043645222864184
NRBF2	betareg	33	35	0.130400602460027	0.0444258275960354	0.00333286497997904	0.00442033477763959	-0.0253695959276789	567.158304904508	0.0222045293484325	0.0438702628060392
GPR107	betareg	33	35	-0.245369660523304	0.0836045599663847	0.00333672722021127	0.00436906140423143	0.053907334881574	512.059680182503	0.0222045293484325	0.0438702628060392
GATAD2A	betareg	33	35	-0.250574145257243	0.0854490227664727	0.00336309735565518	0.00413297225543802	0.0454277270292348	359.990131447634	0.0222525549826726	0.0439651487260459
UBASH3B	betareg	33	35	-0.164937940909923	0.0562545343399322	0.00336793566875575	0.00447054234984965	0.0361944934375969	991.989430365089	0.0222525549826726	0.0439651487260459
EFR3B	betareg	33	35	-0.10087202749918	0.0344142337507483	0.00337749281770546	0.00446479947244715	0.0223199176738242	3926.72138133787	0.0222525549826726	0.0439651487260459
RABIF	betareg	33	35	0.148116068767297	0.0505444073968162	0.0033851003816684	0.00454738094050246	-0.0315626037749032	967.561559416233	0.0222525549826726	0.0439651487260459
MRPS33	betareg	33	35	0.278593180647382	0.0951124395617757	0.0033995269568273	0.00496005643568928	-0.0499440377819777	612.557904264665	0.0222796712559051	0.0440187232924941
SPOUT1	betareg	33	35	0.0618059829011651	0.021110896616647	0.00341499600949403	0.00450549211649122	-0.0138243954935025	1371.61542306769	0.0223134351872178	0.0440854318687855
BBS5	betareg	33	35	-0.144838768827004	0.0494971711423594	0.00343127000315871	0.00451508417408967	0.0320459970645296	130.907034462358	0.0223522393290606	0.0441620985647506
APPBP2	betareg	33	35	0.188328653428622	0.0644267927779029	0.00346518627841834	0.00457515355001348	-0.040931881326825	648.726734110298	0.0224696640102995	0.0443940986015462
DCP1A	betareg	33	35	-0.20396948707383	0.0697879650898848	0.00347007463910986	0.00462838422785757	0.0444210540916974	174.365621657059	0.0224696640102995	0.0443940986015462
SLC4A8	betareg	33	35	-0.402687235384894	0.138021122596343	0.00352762681736341	0.00478850716686536	0.0811507867359449	591.640513730181	0.0227741437416754	0.0449956698226682
VTA1	betareg	33	35	-0.29458630682829	0.101094892958525	0.00356877523940555	0.00461079356607946	0.00855558729514712	2728.32297607101	0.0229712246268073	0.0453850493987498
RGS17	betareg	33	35	-0.15261760239379	0.0523941421330327	0.00358117580754352	0.00468898413991591	0.0301680382739793	617.480881538593	0.0229826429500778	0.0454076089781409
ZNF805	betareg	33	35	0.381762626021193	0.131175808881618	0.00361067277349458	0.00535994804569458	-0.0533357435262338	416.804583863328	0.0231033873669511	0.0456461679323738
MAP1LC3B	betareg	33	35	0.0871147957713223	0.0299434777674387	0.003622299459223	0.00458299315422392	-0.0146862576579812	11796.6664548047	0.0231094112786972	0.0456580695848374
C22orf39	betareg	33	35	0.184111421545115	0.063319001662162	0.00364120231789525	0.00498423020175971	-0.0150305509662832	1305.18740937981	0.0231616834828492	0.0457613456010777
RBM18	betareg	33	35	0.110647397589736	0.0380891893913991	0.00367305398671272	0.0047754788274632	-0.0239461518199833	842.488199034996	0.0232436346746052	0.0459232594279006
LYST	betareg	33	35	0.215237313550773	0.074111707902554	0.00368159686768573	0.00475988245290057	-0.0472698635847206	121.038433101766	0.0232436346746052	0.0459232594279006
PCMTD1	betareg	33	35	0.222401787612956	0.076609206087164	0.00369525577165485	0.00461207140392802	-0.0471803644096447	434.072958581252	0.0232436346746052	0.0459232594279006
GNPNAT1	betareg	33	35	-0.235948359599863	0.0812798156429732	0.00369707494575188	0.00478873525565515	0.0519601852922712	108.799956695872	0.0232436346746052	0.0459232594279006
SNX19	betareg	33	35	-0.171899213934054	0.0592390056919694	0.00371035984374449	0.00486708610717697	0.0384878251304666	795.08384070573	0.0232595423269987	0.0459546887313629
LRP3	betareg	33	35	0.114403250177251	0.0394687409870291	0.00374858271736907	0.00488092067495398	-0.0255943569879135	1136.70731748093	0.0234312376433372	0.0462939131540984
TMCC3	betareg	33	35	-0.182470627148076	0.063004804001156	0.00377785843812543	0.00492256837699369	0.0391558512133387	397.580759305349	0.0234982825841832	0.0464263761812842
CNOT11	betareg	33	35	-0.112479336351158	0.0388475803934071	0.00378674043044969	0.00490459976105988	0.0247121367248534	366.604754435523	0.0234982825841832	0.0464263761812842
SEPHS1	betareg	33	35	0.150525401030932	0.0519954308327151	0.00379190388187881	0.00490765819445377	-0.0338088631576115	416.402329670988	0.0234982825841832	0.0464263761812842
RALYL	betareg	33	35	0.116424193503418	0.0402780671342724	0.00384616149914613	0.00491091810068908	-0.021917495000213	747.557717337318	0.0237664163384178	0.0469561373881468
ZFP36L1	betareg	33	35	0.413177215297272	0.143006968704996	0.0038621061775134	0.00532577990003771	-0.0678114351470816	113.698347535536	0.0237969512977098	0.047016466371837
PPIA	betareg	33	35	0.124905021207521	0.0432825873216837	0.00390416425535532	0.00526447893902127	-0.0207836129635778	5229.4316349053	0.0239877573160443	0.0473934484748105
CYP51A1	betareg	33	35	-0.136737111465885	0.0474107409085205	0.00392539508920982	0.00509695958017884	0.0305923484912284	1637.69417353865	0.0240498791501808	0.0475161847484237
KCTD16	betareg	33	35	0.34027957212668	0.118050392084099	0.00394540381954364	0.00585271468841122	-0.0370696848364362	769.830078445039	0.0241041836528837	0.0476234760477683
NPTX1	betareg	33	35	-0.159000250937155	0.0551989599089252	0.00397053008898498	0.00552929326919766	0.0174981858584314	1080.0451088732	0.0241893594102124	0.0477917607612192
CCNG2	betareg	33	35	-0.258710916919102	0.0898546958082236	0.00398667446982841	0.00495055556656135	0.0555024966854724	428.059843645406	0.0242194906801275	0.0478512921617326
TRMT9B	betareg	33	35	-0.25298370562467	0.0879829751919892	0.00403552861449066	0.00555028705910374	0.0410454624713789	293.655980390479	0.0243730969316041	0.0481547773883361
SOX4	betareg	33	35	0.211102609601984	0.0734356262056391	0.00404460125155626	0.00459002437210933	-0.0259161294337984	7595.28073858851	0.0243730969316041	0.0481547773883361
FBXO41	betareg	33	35	-0.221693583538234	0.0771223189786889	0.00404576762986488	0.0050173855870267	0.0475440446569618	1397.33197593191	0.0243730969316041	0.0481547773883361
LNPK	betareg	33	35	-0.236198592334504	0.0823199564835316	0.00411413939525813	0.00462660652019689	0.0182806312176166	1911.78275189138	0.0246811438313493	0.0487633963883762
UBTD2	betareg	33	35	0.106935192705209	0.037274638773729	0.00411972527409403	0.00527031010388293	-0.0231927155668432	836.891451259897	0.0246811438313493	0.0487633963883762
SPECC1L	betareg	33	35	-0.222492277206804	0.0775894396177378	0.00413651984233297	0.0054739131016838	0.0443865275814602	290.019465880621	0.0247133016592098	0.0488269317300795
SMIM10L1	betareg	33	35	0.250242731438831	0.0873528427753174	0.00417358568679036	0.00500794195543601	-0.0187250454329291	1966.41963001866	0.0248364899596093	0.0490703191502022
UBE2H	betareg	33	35	-0.115764000910373	0.040416999275816	0.0041801067565349	0.00544685901814295	0.0205350752994208	2991.25198440099	0.0248364899596093	0.0490703191502022
HDGFL3	betareg	33	35	-0.390106527790035	0.136292886577879	0.00420623412388661	0.00675442355560462	0.0119964278667846	2104.0065417303	0.0249232576352877	0.0492417490722397
ULK2	betareg	33	35	-0.163620014461682	0.0571966056277559	0.00422760807593949	0.00524889469605881	0.026456803807937	845.988432790241	0.0249595853185761	0.049313522942696
FAM81A	betareg	33	35	-0.264635036742732	0.0925273992814018	0.00423544650596055	0.00557613247586801	0.0348301187792202	253.625641362982	0.0249595853185761	0.049313522942696
ST8SIA5	betareg	33	35	-0.316872916619087	0.110854198039415	0.00425695202873623	0.00532989943234506	0.0693972612476906	113.165067783661	0.0250181485252354	0.0494292283119291
GATC	betareg	33	35	-0.197519435927783	0.0691772892415416	0.00430010439374637	0.00617417544825374	0.0137578338412575	2945.55783584517	0.0252032682526082	0.0497949758115942
ADAM22	betareg	33	35	-0.252712246873051	0.0885572083583217	0.00432186299195695	0.00589559648715222	0.0509129155051463	858.377757442909	0.0252623355860602	0.0499116772017083
IQSEC1	betareg	33	35	-0.136851574344408	0.0479781544279001	0.00433941994424539	0.00556318728432159	0.0306596480987361	812.825692639336	0.0252965910580075	0.0499793569319691
KAZN	betareg	33	35	-0.239467825980538	0.0840040841208301	0.0043627379504946	0.00574194770731164	0.0466562237390026	157.992300862782	0.0253525604001155	0.0500899375125718
MTMR7	betareg	33	35	0.154676088030267	0.0542730637785492	0.00437246587694577	0.00552644705398822	-0.0326087049558452	838.748195106687	0.0253525604001155	0.0500899375125718
KLHL28	betareg	33	35	0.336818285059895	0.118278027715145	0.00440388178516631	0.00555055015720832	-0.0737037605441314	221.718032328398	0.0254664423997349	0.0503149381497744
RAP2B	betareg	33	35	0.275788651704835	0.0969794911818741	0.00445813653181468	0.00554096279694189	-0.0424738382671498	330.428758905849	0.0257114355884426	0.0507989797345176
MPP2	betareg	33	35	-0.115086271020377	0.0405349154706736	0.00452284121275224	0.00560757994024195	0.0201692714143575	1929.00885768212	0.0260152332988364	0.0513992034630062
DSTN	betareg	33	35	-0.290887181807042	0.102548595681353	0.00455997113155433	0.00650097657904758	0.00276100607000493	8672.76257125632	0.0260535262716914	0.05147486022458
IGSF9B	betareg	33	35	-0.201698434311767	0.0711207930195838	0.00456827169020227	0.0056035285607856	0.0400212697756986	540.315990005541	0.0260535262716914	0.05147486022458
RGS8	betareg	33	35	-0.367236833550536	0.129514361147125	0.00457552731158965	0.00606404216889353	0.0717841802722367	101.922482872	0.0260535262716914	0.05147486022458
DNASE1L1	betareg	33	35	0.138314244573355	0.0487822319428587	0.00457768473796874	0.00595419231984303	-0.0288250809102507	235.304511747512	0.0260535262716914	0.05147486022458
FBXL18	betareg	33	35	-0.254930654022382	0.0901075585299986	0.00466671981468792	0.00567693348962196	0.0332229065403306	351.828390335133	0.0264905503096497	0.0523383038534422
MFSD9	betareg	33	35	0.150250234299943	0.0532174468249868	0.00475281247561118	0.00602638946315711	-0.0336198795858931	321.042811737831	0.0268857951264276	0.0531192028183642
DIXDC1	betareg	33	35	-0.145655357489396	0.0516003226352075	0.00476121101788754	0.0058735177241713	0.0311446303969119	584.425318343986	0.0268857951264276	0.0531192028183642
CHD9	betareg	30	35	-0.390915110912295	0.138816499877367	0.00486171113644823	0.00478319232826293	0.0131032110076855	579.68067785081	0.0273818102030515	0.054099197099071
PRICKLE2	betareg	33	35	-0.147984861562686	0.0525938097633406	0.00489701050446822	0.00650815856519756	0.0269507791251781	1738.20390419206	0.02747989477135	0.0542929862004272
SMNDC1	betareg	31	35	-0.354228876086669	0.125916415823653	0.0049050144788316	0.00884856987779059	0.0146506384214576	236.058575791531	0.02747989477135	0.0542929862004272
ZCCHC10	betareg	33	35	0.267250500428508	0.0950255874528514	0.00491724447918683	0.00587687361655367	-0.05804885906287	286.058480167776	0.02747989477135	0.0542929862004272
PPIP5K2	betareg	33	35	-0.37920070269538	0.134991218133279	0.00496837886166082	0.00623733260000311	0.0352309394799803	868.873572765807	0.0276940969834095	0.0547161929790637
AIMP1	betareg	33	35	0.247848577340464	0.0883625657549169	0.00503314562857902	0.00620901159153036	-0.0544313715980769	146.862281232154	0.0279264336798221	0.0551752286907043
GRIA1	betareg	33	35	-0.121597092263884	0.0433543062068703	0.00503588560481505	0.00642727144892556	0.0267339675875581	671.17395416729	0.0279264336798221	0.0551752286907043
ARID1A	betareg	33	35	0.160994563283235	0.0574627386344891	0.00508308075338477	0.00593270479644231	-0.0187194983084316	1105.73978182985	0.0281160612559794	0.0555498825043814
DCAF17	betareg	33	35	-0.1404702473545	0.0501521860467779	0.00509634897867431	0.00673966057171762	0.0164125698320819	496.738081258629	0.0281175399671516	0.0555528040456003
SMG7	betareg	33	35	-0.123468604266872	0.044137354915322	0.00515201641561813	0.0064381051886273	0.0272963668627535	530.515510718163	0.028352340550915	0.0560167077453849
SCFD2	betareg	33	35	0.285554282112799	0.102149730537637	0.00518278039499447	0.0063527197419626	-0.040150999680527	178.333508211823	0.028449249523986	0.0562081741822624
ZMYM6	betareg	33	35	-0.248727128502313	0.0890701494436059	0.00523047615048623	0.00657353563532262	0.0463456277919967	155.763559877174	0.0286107568378958	0.0565272698133896
USP25	betareg	33	35	0.35741971958959	0.128053772255381	0.00525180426969372	0.00865354025541421	-0.0439634491446656	117.156595231397	0.0286107568378958	0.0565272698133896
ST8SIA3	betareg	33	35	-0.229686255948144	0.0823099041630245	0.00526257751314649	0.00668485862101482	0.0507845022506128	712.811365157353	0.0286107568378958	0.0565272698133896
OXSR1	betareg	33	35	-0.14586986634303	0.0522896706619933	0.00527650898700898	0.00663306828208074	0.032194236370949	720.199735600448	0.0286107568378958	0.0565272698133896
SIRT3	betareg	33	35	0.10221282953961	0.0366428010581868	0.0052799569882503	0.00668309809704368	-0.0225113534189486	399.87736731269	0.0286107568378958	0.0565272698133896
KRCC1	betareg	33	35	0.289739318114795	0.103896650283741	0.00529157686060281	0.00649419979697147	-0.0311053531769348	150.415907590919	0.0286107568378958	0.0565272698133896
RND3	betareg	33	35	0.0783882211087207	0.0281353805282403	0.00533450230707109	0.00668069842080884	-0.0149870608546793	2288.92048396315	0.0286715268924475	0.0566473353289466
ADCYAP1R1	betareg	33	35	-0.243001842929287	0.0872305685779995	0.00534053889585456	0.00691416885703891	0.0491262054868764	434.078661211415	0.0286715268924475	0.0566473353289466
HIP1R	betareg	33	35	-0.144128356384408	0.0517747681982399	0.00537333287530626	0.00700941825599329	0.0296362396745291	307.388461991988	0.0286715268924475	0.0566473353289466
BID	betareg	33	35	0.147740096028308	0.0530762947346956	0.00537688991198752	0.00678603981380105	-0.0325489515383909	622.317713743508	0.0286715268924475	0.0566473353289466
BNC2	betareg	33	35	-0.168576433540272	0.0605752590786196	0.00538711735840607	0.00664819324303307	0.0360045152342923	1371.05598725012	0.0286715268924475	0.0566473353289466
RAB11FIP4	betareg	33	35	-0.132936264677693	0.0477767044062166	0.00539502697817269	0.0068056317399109	0.0296142711175062	1414.64609501364	0.0286715268924475	0.0566473353289466
KLF7	betareg	33	35	-0.098222218819025	0.0353053514599602	0.0054012164501063	0.00680708746557635	0.0219214900039711	1972.36961037907	0.0286715268924475	0.0566473353289466
SYT6	betareg	33	35	0.148630106731288	0.0534329756527746	0.00540887264549736	0.00668389613477554	-0.0323089080510246	652.548945835652	0.0286715268924475	0.0566473353289466
LANCL1	betareg	33	35	-0.0953917673948227	0.0343267504802877	0.00545376372580843	0.00702181821531119	0.0200067223788554	2681.29611269114	0.028838803639242	0.0569778298297785
DGCR2	betareg	33	35	-0.10324222223134	0.0371831781797009	0.00549334172020181	0.00690281926910625	0.0228916542617036	2931.7914873292	0.0289772380086759	0.0572513394400544
ATP6V1G2	betareg	33	35	0.0799997553435293	0.0289338853080023	0.00569374984297252	0.00710650009002917	-0.0175419760745085	5109.40700736725	0.0299613094002752	0.0591956035985926
DHCR24	betareg	33	35	-0.0881688208013255	0.0319035406221965	0.00571664961974388	0.00693788579382112	0.0173833676969137	6471.05798149051	0.0299809157468625	0.0592343405411306
PPP6R2	betareg	33	35	-0.23458500948337	0.0848986477372055	0.00572520071225999	0.00733761901737747	0.0520256001374471	169.267228384905	0.0299809157468625	0.0592343405411306
DDAH1	betareg	33	35	-0.0988523892904931	0.0358503786718686	0.00582702135337762	0.00729309328653545	0.0215216089362287	2031.8948746409	0.0304404099864951	0.0601421793308758
DGKE	betareg	33	35	-0.298991012723537	0.108820473512357	0.0060040131054951	0.00626339037254219	0.0475542041498023	293.239518003555	0.0312894380786821	0.061819633734411
RAB31	betareg	33	35	0.187903428782464	0.0684092301317027	0.00601879861315962	0.00731722029410966	-0.0424913512951389	391.622736908443	0.0312910913589908	0.0618229001779593
KCTD2	betareg	33	35	-0.120684889634938	0.0439881913278634	0.00607742157010879	0.00746921909445582	0.0264925749859188	1035.46546631449	0.0315098263144282	0.0622550624557237
MOB3A	betareg	33	35	-0.0912307434531133	0.0332607463732292	0.00609001079019249	0.00755372069241471	0.0204255724890175	812.871003614012	0.0315098263144282	0.0622550624557237
RHOBTB1	betareg	33	35	0.184583594326293	0.0673229958362695	0.00611107061233145	0.0079475460541906	-0.0281630468906214	201.612569808631	0.0315184239979862	0.0622720491988919
RELCH	betareg	33	35	0.124169103424041	0.0452967282867778	0.00612081925193882	0.00760220432648378	-0.0276113289487754	225.506610572957	0.0315184239979862	0.0622720491988919
ANKFY1	betareg	33	35	-0.195681571824996	0.0714212822991391	0.00614725416392599	0.00777253057395235	0.0426722091903463	916.047766087487	0.0315793584553282	0.0623924395307737
FOSL2	betareg	33	35	0.35940322086175	0.131296635314258	0.00619386872083013	0.00750018762031768	-0.0737878161340758	102.527963923148	0.0317251416172029	0.0626804684064945
PAAF1	betareg	33	35	0.303735974876729	0.110984246583305	0.00620497031030825	0.00930720631372703	-0.0327330817141299	381.842871849036	0.0317251416172029	0.0626804684064945
PGK1	betareg	33	35	0.202767051313107	0.0742613833442406	0.00632477787660381	0.00798249366647487	-0.031146705752388	5426.0769798443	0.0322614327124952	0.0637400374215285
HNRNPU	betareg	33	35	-0.188857356569061	0.0692190998700495	0.00636424822267741	0.00927393774019842	0.0115666457250708	2108.38136454126	0.0323480820835972	0.0639112336050896
GORAB	betareg	33	35	0.345240685936623	0.126553827503226	0.00637167926884347	0.00794008682612564	-0.0445674916673002	95.2147923554498	0.0323480820835972	0.0639112336050896
CEBPG	betareg	33	35	0.111319006074086	0.0408336678506964	0.0064076432686179	0.00789423998163763	-0.0249178087478299	1280.9679923703	0.032454481811482	0.0641214512571529
GNPTAB	betareg	33	35	-0.133143621756993	0.0489796030581996	0.00656087291998851	0.00798731593249936	0.0299295692012753	505.795806309343	0.0330761686370164	0.0653497395937922
RPP30	betareg	33	35	0.263336015030005	0.0968890399932392	0.00656950406359906	0.00812323520900467	-0.0441262335789667	126.483866161102	0.0330761686370164	0.0653497395937922
TMEM229A	betareg	33	35	0.329702065853578	0.121322252930889	0.00657626679740947	0.00755310953577966	-0.0413825161895695	143.666441942296	0.0330761686370164	0.0653497395937922
PPM1F	betareg	33	35	-0.178210786604345	0.0656572708797832	0.00664243696954522	0.00826374418694811	0.0384860801648832	365.58528848353	0.033281375778665	0.0657551744982
NEU3	betareg	33	35	-0.226349276784199	0.0834099801742218	0.00665373214756185	0.00805232645113279	0.0471941786312324	342.430499999738	0.033281375778665	0.0657551744982
NDUFA10	betareg	33	35	0.195083389039867	0.0719181594854897	0.0066762706261444	0.00831307278230348	-0.039699481669878	1493.68464501164	0.033281375778665	0.0657551744982
LRCH2	betareg	33	35	-0.197717318906695	0.0728923009979486	0.00667862057856747	0.00855446172542815	0.0412162706246326	115.663329002141	0.033281375778665	0.0657551744982
DIPK2A	betareg	33	35	0.279739514354066	0.10321322880235	0.00672210005966835	0.00801001856578135	-0.0623328185637849	175.096197251626	0.0332867828328525	0.0657658574036779
TSFM	betareg	33	35	0.250898258628932	0.09260314938699	0.00674065884087899	0.00939969995616839	-0.0193886618093555	689.700778861572	0.0332867828328525	0.0657658574036779
SLC25A46	betareg	33	35	0.195414283649654	0.0721307879468273	0.00674525666030056	0.00814215645581141	-0.0436665886865083	1121.22522650206	0.0332867828328525	0.0657658574036779
OTUD7A	betareg	33	35	-0.272057511155705	0.10042690357128	0.00674842548536368	0.00821747567654207	0.0395553222297363	460.091465618966	0.0332867828328525	0.0657658574036779
CLSTN2	betareg	33	35	-0.22415734214658	0.0827574685078477	0.00675666075361914	0.00814047678375862	0.049673221611645	1862.87518710931	0.0332867828328525	0.0657658574036779
CLINT1	betareg	33	35	0.273565152277786	0.101060375759548	0.00679049529718487	0.00866190358191873	-0.0256781486473114	479.16385781908	0.0333327236770192	0.0658566243312493
HINT3	betareg	33	35	-0.135075375165046	0.0499219691788232	0.0068154411366476	0.00832218672292416	0.0221379179305249	971.843061963973	0.0333327236770192	0.0658566243312493
ITGAV	betareg	33	35	-0.234613066387661	0.086727923388567	0.00682711247287394	0.00789005907361145	0.0479004872035753	207.94667055261	0.0333327236770192	0.0658566243312493
MOB1B	betareg	33	35	-0.238759108824102	0.0882613941240672	0.00682763505236214	0.00816160238213159	0.0506035200265696	196.982939882063	0.0333327236770192	0.0658566243312493
DBT	betareg	33	35	-0.207071143563631	0.0765775946703673	0.0068495946497913	0.00886804633128373	0.0364675834141873	282.708226961093	0.033364615944855	0.0659196349967528
MLXIP	betareg	33	35	-0.16349101154911	0.0605008899116011	0.00688634587233485	0.00834072694386423	0.0299578690293338	567.142080390823	0.033392447978196	0.0659746237154027
ERO1A	betareg	33	35	-0.270766952182607	0.100281224407558	0.00693235861058758	0.00986024489991869	0.0196977297557682	893.619099367089	0.033392447978196	0.0659746237154027
TBC1D30	betareg	33	35	-0.122796789843871	0.0454819269885212	0.00693597011808263	0.00878093572418365	0.0201948232162058	796.254100419888	0.033392447978196	0.0659746237154027
SPON1	betareg	33	35	0.214006747974506	0.079270820108283	0.00694038296685733	0.00801814349748392	-0.0461240644917414	1105.60611012759	0.033392447978196	0.0659746237154027
IQGAP1	betareg	33	35	-0.240750883867121	0.0891867119040146	0.00694639878537859	0.00824384152284335	0.0512239832357135	71.6944525325656	0.033392447978196	0.0659746237154027
LMAN1	betareg	33	35	-0.15541596235069	0.0575952387606351	0.00696701416476353	0.00856507527625903	0.0340538294524753	371.291586627284	0.033392447978196	0.0659746237154027
TMEM120B	betareg	33	35	-0.112362304083814	0.0416442202967819	0.00697262610135954	0.00865901504223101	0.0211606971026245	741.667475368122	0.033392447978196	0.0659746237154027
CCDC43	betareg	33	35	0.143987004386218	0.0533854670157797	0.00699420861137567	0.00849061953992739	-0.031496160132677	444.126375740678	0.033392447978196	0.0659746237154027
PRELID3B	betareg	33	35	0.155283357795002	0.0575738290521884	0.00699426738663174	0.00853755621029995	-0.0303693899403695	410.988252234275	0.033392447978196	0.0659746237154027
ARL4A	betareg	33	35	0.232612835245695	0.086315268405765	0.00704053072844868	0.00873254967122781	-0.045226027164864	397.216299596403	0.0335392830280435	0.0662647308428661
MRPL50	betareg	33	35	0.208547132906524	0.0774112824466169	0.00705970509024713	0.00880159206629962	-0.0436416299783652	527.651340297969	0.0335567113098465	0.0662991645068703
WIPF3	betareg	33	35	-0.0684493777728629	0.0254218921900432	0.00709107301748946	0.0087551854379472	0.0148384317526714	660.526066501028	0.0336318954032393	0.0664477083415185
DCP2	betareg	33	35	-0.161037617263976	0.0598732183985683	0.00715283701957485	0.00887733854145135	0.0343263057422652	410.152018320277	0.0336548829464593	0.0664931256321309
NMT2	betareg	33	35	-0.212369135401588	0.0789631645946316	0.00715653807609761	0.00844782127609256	0.0227798963092428	200.652396660168	0.0336548829464593	0.0664931256321309
PCMTD2	betareg	33	35	0.11343052098946	0.0421788957618119	0.00716080573333669	0.00878271053954597	-0.0230626100888503	710.696837903953	0.0336548829464593	0.0664931256321309
AP2A2	betareg	33	35	-0.171394447469022	0.0637473609833429	0.00717412404069541	0.00841957902394857	0.0357458349059736	379.85747379904	0.0336548829464593	0.0664931256321309
ARMC9	betareg	33	35	-0.280389366274243	0.104320053474973	0.00719287425739558	0.00808982245068199	0.0381645651156396	203.77373078844	0.0336548829464593	0.0664931256321309
RBM24	betareg	33	35	0.182768124329065	0.0680020415468617	0.00719490528105829	0.00868609249426459	-0.037184444735968	114.151465136643	0.0336548829464593	0.0664931256321309
KIF1A	betareg	33	35	-0.169462217448266	0.0630621705877299	0.00720484838934627	0.00929317260660231	0.0347777244543453	8744.6167887357	0.0336548829464593	0.0664931256321309
DYM	betareg	33	35	-0.239635637533947	0.0892862694786839	0.00727683348110755	0.00841670391450523	0.0379073729316042	577.299094434783	0.0339178789042656	0.0670127359154581
SIKE1	betareg	33	35	0.212113377595013	0.0790845436573095	0.00731595869193246	0.00881213561836679	-0.0476177891764765	1156.54797097074	0.0340269106532045	0.0672281537432847
ZNF112	betareg	33	35	0.224068884258367	0.083675475346746	0.0074100325311094	0.00954668594874274	-0.0215936305246869	304.621900808649	0.0343904949989115	0.0679465000116534
WDFY1	betareg	33	35	0.136113304054136	0.0508704634562566	0.00745768412567593	0.0089791063450213	-0.0215341735796893	779.26086023815	0.0345375346023021	0.0682370112826836
FZR1	betareg	33	35	-0.11574472137919	0.0432867560092173	0.00749734385278552	0.00888127544886396	0.0144174823174304	956.518795243744	0.0346470135063308	0.0684533125704114
VPS53	betareg	33	35	-0.110104635336562	0.0412089734652691	0.00754319620705211	0.00923641704683672	0.0223062913006205	678.81787538827	0.0347845821375871	0.0687251117115857
PLXNC1	betareg	33	35	-0.127212774023254	0.0477193726908827	0.00767935449128762	0.00898870259938581	0.0257015467017568	789.867173006497	0.0353371147520333	0.0698167696622808
KIF3C	betareg	33	35	-0.115953792822278	0.0435163031685751	0.00770786214671546	0.00937819097839669	0.0254072708856467	3115.56623716694	0.0353929905908282	0.0699271655051278
DLAT	betareg	33	35	0.172265313632087	0.0646858580155445	0.00774229602625018	0.00934978099586042	-0.03394554492896	732.257337060007	0.0354288068815449	0.0699979289994502
GALNT16	betareg	33	35	-0.140747417215233	0.0528561303227923	0.00774842509167796	0.00975993419020953	0.0190160457979665	520.367865371313	0.0354288068815449	0.0699979289994502
RAB39B	betareg	33	35	0.0915518715002006	0.0343986542849524	0.00777943276100841	0.00932572703217219	-0.0204729560323294	779.059805358211	0.0354686368836654	0.0700766225233331
ARL15	betareg	33	35	-0.159935520542975	0.060102603174595	0.00778993580589357	0.00885094750875127	0.0119670884346709	852.368563212275	0.0354686368836654	0.0700766225233331
TES	betareg	33	35	0.123333103553954	0.0463868602142471	0.00784209063030979	0.00944938593381544	-0.0279265691415671	640.331065295465	0.0355600328678852	0.0702571967559243
ZC3HAV1	betareg	33	35	-0.30333812909947	0.114092638259272	0.00784427121935578	0.00911724010874435	0.057221178484703	230.284413499983	0.0355600328678852	0.0702571967559243
ENTPD4	betareg	33	35	-0.141641198457216	0.0532875596074806	0.00785933537311768	0.00920005148512969	0.0297152745718246	1368.03933827757	0.0355600328678852	0.0702571967559243
DUSP8	betareg	33	35	-0.264138053374035	0.099426835834411	0.00789313385891269	0.00920891998298891	0.0509594821144485	858.011325930804	0.0356352963438204	0.0704058974294292
LYSMD3	betareg	33	35	0.206224601703843	0.0776467524001396	0.00790892365226446	0.00930131274778196	-0.0408441486198675	275.167148535156	0.0356352963438204	0.0704058974294292
BRD4	betareg	33	35	0.193748980931945	0.0730368199185218	0.00798371764169357	0.00975717345023556	-0.0433350993274798	140.60175272241	0.0358975097018178	0.0709239615030283
STIM2	betareg	33	35	-0.228799167724308	0.0862925381296612	0.00801502310628135	0.00952677162610928	0.0212391150361539	385.209642787128	0.0359635015228544	0.0710543438446892
TENT4B	betareg	33	35	0.229098881348545	0.0864602091135342	0.00805487537126964	0.00922876401061539	-0.0358155891138855	239.81786681623	0.0360609987702802	0.0712469725557201
PREP	betareg	33	35	-0.255606960811692	0.0965020783671526	0.00807973019447673	0.00911926782677304	0.0136325964195795	926.827226854658	0.0360609987702802	0.0712469725557201
ZKSCAN2	betareg	33	35	-0.258200895385722	0.0974947256377478	0.00808839222592934	0.00915025634235847	0.0460428283880468	592.354722016839	0.0360609987702802	0.0712469725557201
GPC1	betareg	33	35	-0.10872628910189	0.0410639802565337	0.00810344691366252	0.00986726897721603	0.00944984647270475	1919.42099586597	0.0360609987702802	0.0712469725557201
NAV1	betareg	33	35	-0.124522330104216	0.0470591927910984	0.00814308565322875	0.00982232580301902	0.0277858323357071	1865.22816954351	0.0361629849557559	0.0714484702181652
TRAF7	betareg	33	35	-0.214888257137435	0.0812641370284436	0.00818556041487654	0.00948656624246094	0.0301730050999109	387.236885254173	0.0362175528562036	0.0715562819216177
CDHR3	betareg	33	35	-0.266801919704093	0.100932106218488	0.00820828346712686	0.00966764575155297	0.0586031560096557	116.595250661352	0.0362175528562036	0.0715562819216177
TCP11L1	betareg	33	35	0.178449658316344	0.0675200743074531	0.00821962382641472	0.00982126484332804	-0.0382054744507497	113.635650257108	0.0362175528562036	0.0715562819216177
ZNF566	betareg	33	35	-0.262698349252598	0.0994086997772013	0.00822699199016401	0.0082097395955753	0.0242408222818453	464.780824778591	0.0362175528562036	0.0715562819216177
POLK	betareg	33	35	-0.235055907174738	0.0889651885690959	0.00823910383932504	0.00957389951136973	0.0243868110674336	159.201771372626	0.0362175528562036	0.0715562819216177
NUP58	betareg	33	35	0.154039627635363	0.0583653721192265	0.00830946406669753	0.0100121124968333	-0.0225460198753225	407.212441412643	0.0363936164553918	0.0719041369130817
EIF2AK2	betareg	33	35	-0.212769183422077	0.0806303647096654	0.00831946408681554	0.0108520516997356	0.0171962013809512	614.150993869131	0.0363936164553918	0.0719041369130817
ATRNL1	betareg	33	35	-0.147076440910939	0.0557443965703207	0.00832963907605323	0.00957080366422851	0.0276848247975041	626.998213579879	0.0363936164553918	0.0719041369130817
TUBA4A	betareg	33	35	0.185287596157042	0.0703401899892651	0.00843447377476026	0.0102311288499257	-0.00870177335852586	4220.59955568933	0.0367169521892484	0.0725429625957291
ASB6	betareg	33	35	-0.125560905846261	0.0476685954439781	0.00843759710041595	0.0102555264934586	0.0276252665799899	1770.02689152468	0.0367169521892484	0.0725429625957291
GPATCH11	betareg	33	35	-0.174961719441883	0.0664439942449778	0.00845792987222985	0.00991188994146492	0.0172217853138002	335.483533777148	0.0367315255592352	0.07257175571092
SGMS1	betareg	33	35	0.271078614577543	0.103014432791703	0.00850182546168453	0.0105062477726585	-0.0447436965129323	142.655759828612	0.0368481652451914	0.0728022048051663
CEP57L1	betareg	33	35	-0.240143342327299	0.0914376701381286	0.00863170681227101	0.00983381067510348	0.0460929151552919	133.335016695091	0.0373362679908251	0.0737665664176681
HUNK	betareg	33	35	-0.219902620332538	0.083761588961186	0.0086562571370901	0.010001404026023	0.0332132741142831	406.407011719272	0.0373677244604485	0.0738287160614491
PELO	betareg	33	35	0.205375504598624	0.078270618067931	0.00869252936130591	0.0110438689569633	-0.025192117532577	499.836582354904	0.037379002096845	0.0738509976808782
SRRM4	betareg	33	35	-0.184008566415665	0.0701284178507585	0.00869343595447735	0.01045224302907	0.0390688645321163	944.36170236104	0.037379002096845	0.0738509976808782
PPP6C	betareg	33	35	0.174929072876141	0.0669386476270177	0.00896791951139679	0.0108789094827187	-0.0373514948963172	550.931134686986	0.0384826875163925	0.0760315874448382
TDRP	betareg	33	35	-0.114167035354778	0.0437062718028826	0.00899765893799934	0.0107551516421722	0.0254041690451451	312.844566295951	0.0385338478086406	0.0761326666179627
TSPYL4	betareg	33	35	0.128540613832914	0.0492608115302377	0.00907040992778572	0.010650842612239	-0.0256440201526745	3955.03011388051	0.0387036691186862	0.0764681885011272
FAM136A	betareg	33	35	0.0822798065290531	0.0315425120379709	0.00909302077726278	0.0107771414657164	-0.0176023960546219	987.322384969516	0.0387036691186862	0.0764681885011272
SLC35E1	betareg	33	35	-0.133690369275432	0.0512587468461186	0.00910337346897156	0.0102289475740668	0.0220046226093824	1000.18407853475	0.0387036691186862	0.0764681885011272
TMEM86A	betareg	33	35	0.210590565552221	0.080749777462829	0.00910889490921455	0.0112811826093036	-0.0335001170725053	356.678886632212	0.0387036691186862	0.0764681885011272
NFYA	betareg	33	35	-0.219562176825064	0.0842485659694103	0.00915734076997212	0.0102715680363734	0.0444238415718106	353.848574247118	0.0387248922314979	0.076510119745064
KIF3B	betareg	33	35	-0.155922665989687	0.0598324706184326	0.00916098250883255	0.0102805051760001	0.0255117846698503	1487.48128780813	0.0387248922314979	0.076510119745064
EPN2	betareg	33	35	-0.154410355552901	0.0592577787495689	0.00916760620394869	0.0107611229396088	0.0336754375644132	424.458131292827	0.0387248922314979	0.076510119745064
PIP5K1C	betareg	33	35	-0.119172060064651	0.045767966554655	0.00921881434351868	0.0117805395401417	0.00612021131730162	2175.27951841915	0.0388028749141398	0.0766641928500661
DGAT1	betareg	33	35	0.123954812200804	0.047617319711242	0.00923727381667969	0.0110370341532837	-0.0280282924020084	640.689143397493	0.0388028749141398	0.0766641928500661
TAF10	betareg	33	35	0.0558778697233072	0.0214663203321686	0.0092398921876396	0.0109722039671112	-0.0115846829950283	3017.56618643119	0.0388028749141398	0.0766641928500661
RBM11	betareg	33	35	0.232552490744842	0.089439130607392	0.00931911103507436	0.0109488074388798	-0.0511797727683351	101.785404559594	0.0390340117538071	0.0771208579629015
UCK1	betareg	33	35	-0.0838812644508139	0.0322697160457293	0.00933922411610415	0.0111063617727022	0.0187519609283029	544.777888905429	0.0390340117538071	0.0771208579629015
ANKRD46	betareg	33	35	0.105835776700539	0.0407214421260013	0.00934907662644114	0.0111296599282825	-0.0239537071744706	2197.79480883479	0.0390340117538071	0.0771208579629015
VASH1	betareg	33	35	-0.230438479794734	0.0887127340919015	0.00938830756333838	0.0119607091089038	0.0451450273264945	1196.98547249245	0.039122282058949	0.0772952566823601
PLEKHM3	betareg	33	35	-0.283383117230375	0.109341868209372	0.00954984492369386	0.0107311738515197	0.0536345213180692	603.375612423392	0.0397188992923793	0.0784740141518152
C14orf119	betareg	33	35	0.212572540135819	0.0820630943663023	0.00958770256466881	0.0117787214231544	-0.00741895478657358	1655.20993322398	0.0397712159107534	0.0785773779187826
PANK2	betareg	33	35	-0.174802598799328	0.0674928547420746	0.0095992022638906	0.0114170636347815	0.0385466116378607	414.752162074933	0.0397712159107534	0.0785773779187826
FRRS1L	betareg	33	35	-0.141898628676613	0.0548862851010472	0.00972885637012597	0.011710622410248	0.0287552301761969	1399.68820606905	0.0402313246140001	0.0794864307257137
MYEF2	betareg	33	35	-0.153403791787952	0.0593622389247181	0.00976056820438989	0.0116712136893022	0.0330202131557232	492.240156320383	0.0402854336113504	0.0795933357583168
TP53RK	betareg	33	35	0.179858261498707	0.06964441444621	0.00980809901927756	0.0121025359006695	-0.0319705630775085	618.378238469793	0.040404502832643	0.0798285849702343
ZFP14	betareg	33	35	-0.325775861445707	0.126262389642844	0.0098757505962373	0.00952403282974422	0.0331109119455804	418.17355120831	0.0405434522766374	0.0801031122312779
RNF157	betareg	33	35	-0.219676145840087	0.0851449737627432	0.00987932135405651	0.0115684531171457	0.039435407628597	2964.09961162907	0.0405434522766374	0.0801031122312779
RNF168	betareg	33	35	0.270032057395438	0.104714060465013	0.00991566727106389	0.0115092677694212	-0.0532532748658164	307.148888243542	0.040615541862113	0.0802455421387425
INTS7	betareg	33	35	0.17587958017856	0.0683130461000506	0.0100352624597989	0.0118520414668299	-0.0344625760479479	153.963683139064	0.0409249624495692	0.0808568751814878
SEMA3E	betareg	33	35	0.189357870657209	0.0735494576178044	0.0100366181401008	0.0115718590739243	-0.0391247209454564	549.448366752685	0.0409249624495692	0.0808568751814878
CSNK1D	betareg	33	35	-0.10239056881381	0.0397760885986885	0.0100479758299485	0.0117248471552682	0.0171548570158834	2847.15130283934	0.0409249624495692	0.0808568751814878
IGSF3	betareg	33	35	-0.219506549967599	0.0853196497784399	0.010089262004453	0.0133606581025586	0.0370485118513943	709.310243145478	0.0410158765123502	0.0810364972650897
ZNF275	betareg	33	35	-0.273648515512823	0.106767402308342	0.0103761793578551	0.0114870746928349	0.0418622351752579	377.224802437192	0.0418824424518922	0.0827486018051102
C5orf51	betareg	33	35	0.225248695796059	0.0878866397933856	0.0103788244321728	0.0125243281272888	-0.0359269759426875	930.115744818991	0.0418824424518922	0.0827486018051102
EPB41L1	betareg	33	35	-0.174266594899011	0.0680446687890557	0.0104352822609168	0.0131268359159782	0.0214393078094663	2942.0291655566	0.0418824424518922	0.0827486018051102
NCALD	betareg	33	35	-0.104309381724995	0.0407292522469906	0.0104358325449384	0.0120720951497612	0.0221538135068139	4721.43932702292	0.0418824424518922	0.0827486018051102
JRK	betareg	33	35	-0.342966823816048	0.133936191235009	0.0104469556350921	0.00983588135741945	0.0279259944750388	557.690568471852	0.0418824424518922	0.0827486018051102
GPR12	betareg	33	35	0.204908897234099	0.0800227173965822	0.0104481338570876	0.0121465924067329	-0.046945102521117	342.833299070305	0.0418824424518922	0.0827486018051102
SLITRK4	betareg	33	35	-0.226483657691331	0.0884568457574736	0.0104556000564667	0.0117998812893983	0.0204259665880016	1465.37527957862	0.0418824424518922	0.0827486018051102
NECTIN1	betareg	33	35	-0.181988339292898	0.0710964549283551	0.0104750924304675	0.0124762553805738	0.0402196491930139	274.553658169171	0.0418824424518922	0.0827486018051102
FOXJ3	betareg	33	35	-0.151545656130595	0.0592085406672954	0.0104815744063894	0.0121464438423736	0.033135782780136	548.84489728166	0.0418824424518922	0.0827486018051102
SKIL	betareg	33	35	-0.115023858720168	0.0449479990584832	0.0104960782069669	0.0124798886567701	0.0252460035611116	445.452422472654	0.0418824424518922	0.0827486018051102
CNTN2	betareg	33	35	-0.175808063429347	0.0687420052279485	0.0105425860040634	0.0126377614072184	0.0373163243219752	1236.4361654048	0.0419487710020098	0.0828796494341566
ZNF512B	betareg	33	35	-0.3259127773745	0.127465853472114	0.010562068016053	0.0133499037329337	0.073642629015872	222.807687378941	0.0419487710020098	0.0828796494341566
PTPRT	betareg	33	35	-0.318341278097739	0.124541636206838	0.0105851712332704	0.0125363055592174	0.0629158793629578	401.010091651569	0.0419487710020098	0.0828796494341566
CCNY	betareg	33	35	0.231146203861805	0.0904350813858307	0.0105902851839573	0.0132817818076727	-0.0190884949793918	1283.12916256841	0.0419487710020098	0.0828796494341566
CERS6	betareg	33	35	-0.175442748451869	0.0686644689518389	0.0106165451098187	0.0117459658473854	0.032099849719936	3108.59470871719	0.0419759092289133	0.0829332673752381
RNF114	betareg	33	35	0.118080346588563	0.046260487657931	0.0106949910787295	0.0124024759421272	-0.0178387494745479	898.334622021177	0.0421479428783616	0.0832731602544949
AP2B1	betareg	33	35	-0.145769248026756	0.057118986631782	0.0107097939391802	0.0125507112167731	0.0316053256853192	3361.93126282227	0.0421479428783616	0.0832731602544949
NBN	betareg	33	35	-0.181975311370751	0.0713140905513833	0.0107185205101737	0.0127595839584141	0.0184832063912132	284.070688167786	0.0421479428783616	0.0832731602544949
TMEM18	betareg	33	35	0.178625228139348	0.070071171822121	0.0107971258204508	0.0128175751251361	-0.0387555706596759	382.589571484275	0.0423799843903858	0.0837316127600478
ACOT9	betareg	33	35	0.205547125561079	0.0807437311895159	0.0109067346603938	0.0128620742813217	-0.0451155123711457	182.2475512295	0.0426915970069545	0.0843472766711367
ELMOD2	betareg	33	35	-0.12613410649352	0.0495589699078174	0.0109236522589001	0.0130665943666088	0.0206558945358555	781.480413053452	0.0426915970069545	0.0843472766711367
DCTN5	betareg	33	35	-0.178084718269512	0.069995553039504	0.0109519247329539	0.0130164918476783	0.0376657552220329	2482.93294053706	0.0426915970069545	0.0843472766711367
ZNF543	betareg	33	35	0.319134942214567	0.125509142675779	0.0109992492812166	0.0147168473010968	-0.0197305014685214	164.67588667684	0.0426915970069545	0.0843472766711367
LRP11	betareg	33	35	0.12460760874961	0.0490122650651467	0.0110101645415775	0.0127080906898532	-0.0267817035183632	662.103996005102	0.0426915970069545	0.0843472766711367
ANAPC10	betareg	33	35	0.253301837915517	0.0996366137324952	0.0110139285389086	0.0146298918231415	-0.0432593071725517	166.358891154282	0.0426915970069545	0.0843472766711367
APPL1	betareg	33	35	-0.226349401228224	0.0890356858429569	0.0110146923432002	0.013029242066771	0.0354511376366863	341.781625954888	0.0426915970069545	0.0843472766711367
ENGASE	betareg	33	35	-0.127928380731131	0.0503401518988706	0.0110447683820905	0.0133603763233314	0.0220979090294876	288.699628022408	0.0427315881390008	0.084426288545032
ERC1	betareg	33	35	-0.212077381218762	0.0835005498772708	0.0110905680155133	0.012776551745278	0.0449643085520754	2189.12209173119	0.0427900935006126	0.0845418796277881
ZNF10	betareg	33	35	-0.127219618633157	0.0500953034925983	0.0110994604425905	0.0131434312618525	0.0237254903086442	511.681415042783	0.0427900935006126	0.0845418796277881
GNA11	betareg	33	35	-0.21508065989431	0.0847483019107238	0.0111527573827898	0.0130202398653515	0.0493504136578362	711.535492138075	0.0429190566834308	0.0847966766844497
EXTL3	betareg	33	35	-0.165008153929715	0.0650981706102229	0.0112524808552743	0.0144927618876036	0.0198896844310156	1151.33268555382	0.0432259072067972	0.0854029319619661
NR1D2	betareg	33	35	0.226855782598127	0.0895359328449653	0.0112870385815246	0.0130236761517928	-0.0465714429884443	282.300063870504	0.043281782127485	0.0855133259908768
CRTAP	betareg	33	35	-0.218042130635783	0.0861021993239239	0.0113296232712958	0.0129070867325374	0.0247440604353775	570.116279829951	0.0432973987984469	0.0855441803921796
ZDHHC24	betareg	33	35	0.225388760043029	0.0890049553686275	0.0113311505036213	0.013288356041744	-0.0506198424655307	276.359940043423	0.0432973987984469	0.0855441803921796
CAMK2D	betareg	33	35	-0.200775671015117	0.0793226595981853	0.0113696895588302	0.0137347976854362	0.00889557036692335	1140.09970745035	0.0433680382012861	0.0856837451232479
RNF7	betareg	33	35	0.192029785060521	0.0759210958111397	0.011427932090836	0.0135064721980048	-0.00809057921232382	3009.47578423207	0.0433769719361147	0.0857013958146282
VKORC1L1	betareg	33	35	-0.144493364804235	0.0571371933211726	0.0114425662789221	0.0126825732172679	0.0141957722972957	1716.57475662298	0.0433769719361147	0.0857013958146282
RBBP9	betareg	33	35	0.142207370974375	0.0562372534618735	0.0114484514835969	0.0133794424627277	-0.0317120987396821	256.96558078424	0.0433769719361147	0.0857013958146282
AP5M1	betareg	33	35	-0.142160293500452	0.0562263072529438	0.0114597085990356	0.0132766941069534	0.0304142654900986	750.187995497468	0.0433769719361147	0.0857013958146282
PHACTR2	betareg	33	35	-0.303133101625275	0.119911521866832	0.0114723141600672	0.0133436166638474	0.0672973451415927	175.793493494056	0.0433769719361147	0.0857013958146282
SHTN1	betareg	33	35	-0.185226619134271	0.0732955275038682	0.0115002086292078	0.0145093720997762	0.011868099693131	1532.29922110729	0.0434065557068525	0.0857598455019281
FBXO3	betareg	33	35	0.197879994413659	0.0783569529239239	0.0115577808750138	0.0134361178963709	-0.0359831850202067	1037.12585753372	0.04354785748247	0.0860390203465748
PRDM4	betareg	33	35	-0.0854184168747733	0.0338349438706005	0.0115842536692426	0.013503377015143	0.0177211958768106	414.714222935591	0.0435716938346093	0.0860861146585632
SLC36A1	betareg	33	35	-0.134643083635789	0.0533910963529076	0.0116747262801285	0.0134303409165764	0.0291147073607082	738.589933676642	0.043835751131387	0.0866078218663003
API5	betareg	33	35	-0.102459478106094	0.0406439070954859	0.0117053044285334	0.0137505898092421	0.0228227709483203	586.721653648697	0.0438389038101565	0.086614050723665
PWP1	betareg	33	35	0.160995466657008	0.0638723479376245	0.0117161060889956	0.0139514224441806	-0.0347147182568445	271.874946617932	0.0438389038101565	0.086614050723665
PNRC2	betareg	33	35	0.163838192865595	0.0650695867747439	0.0118059510724582	0.0135059543647851	-0.0354863656711255	310.359819149149	0.0440133130185958	0.0869586370776452
DRP2	betareg	33	35	-0.264403969429875	0.105025058645644	0.0118180158688565	0.0138354564928919	0.0544875913464787	122.170480577759	0.0440133130185958	0.0869586370776452
PRMT7	betareg	33	35	0.238198916572517	0.0946224797740918	0.0118237697500847	0.0137988028076693	-0.0550009073371033	189.938272337221	0.0440133130185958	0.0869586370776452
HOOK3	betareg	33	35	-0.184310260580104	0.0732568221478438	0.0118713131269711	0.0148300609105905	0.0229772555918799	495.062786750133	0.0441070375985063	0.0871438119979303
ZMYND11	betareg	33	35	-0.0817809396104246	0.0325120997476289	0.0118897361092425	0.0140226953798586	0.0181167549610907	982.025199338559	0.0441070375985063	0.0871438119979303
CTNND1	betareg	33	35	0.250301965222359	0.0996254358653947	0.0119902782874748	0.015142741908605	-0.00362873883818551	1512.0200605046	0.0444038518297875	0.0877302382232534
SNURF	betareg	33	35	0.268512543327122	0.106920245717129	0.0120275535986155	0.021739836900732	-0.00236981495296322	7105.49602669563	0.0444657542897167	0.0878525410715966
SCN8A	betareg	33	35	-0.215312493326889	0.0857625016840813	0.0120537498634362	0.0136281676199988	0.0251696087090671	694.047324417703	0.0444865562429178	0.0878936402158068
DENND1B	betareg	33	35	-0.23286701965701	0.0928962310466072	0.0121849111907746	0.0152809830800059	0.0493323142463517	165.69344399694	0.0448676363467464	0.0886465534634949
SLC19A1	betareg	33	35	-0.179312611040685	0.0715599748927983	0.0122186168346022	0.0144329841856739	0.0388180639743002	652.906520594192	0.0448676363467464	0.0886465534634949
C3orf33	betareg	33	35	-0.178038914764724	0.0710521817040489	0.0122192417481859	0.0141267427168823	0.0396825689939126	141.463739769405	0.0448676363467464	0.0886465534634949
RWDD1	betareg	33	35	0.24816718004274	0.0990991932243505	0.0122718204035399	0.0142215903892359	-0.0543308674843885	166.468222746133	0.0449740269435804	0.0888567530750227
SRD5A3	betareg	33	35	0.203603364571234	0.081320604012396	0.012289806006866	0.0150894648128343	-0.0324548003722323	306.042986190239	0.0449740269435804	0.0888567530750227
SESTD1	betareg	33	35	-0.165955353480473	0.0663889111288263	0.0124282703822602	0.0145769378128969	0.0356042144943434	1129.80988320079	0.0453404411513097	0.0895806904004534
BCL2	betareg	33	35	0.391387323801686	0.156577308889037	0.0124318627211488	0.0147088122458548	-0.0886397400382158	58.9830528454588	0.0453404411513097	0.0895806904004534
TMEM260	betareg	33	35	-0.198381005978253	0.0793930880502976	0.0124643152693167	0.0143071326400056	0.0447740497087588	166.337014416516	0.045382269382546	0.0896633318952697
RAB40B	betareg	33	35	-0.183960230851254	0.0736657035596699	0.0125167618856838	0.0145360849527588	0.0261807259777435	295.32375219163	0.0454349254623459	0.0897673663480118
VPS35	betareg	33	35	-0.209341720832794	0.0838333931520826	0.0125207934339843	0.0135438350190033	0.0149273359884	1743.11085743152	0.0454349254623459	0.0897673663480118
CDIN1	betareg	33	35	0.125732891321653	0.0503679408313427	0.0125500625889375	0.0146676888467722	-0.0268002089332348	307.753669268204	0.0454648528233647	0.0898264948786095
LARP4	betareg	33	35	0.232611696747965	0.0932058430964862	0.0125716949636776	0.0144950058968784	-0.0538964661742155	265.099293941148	0.0454670607503053	0.0898308571568465
SRGAP3	betareg	33	35	-0.190985049305937	0.0765761651662744	0.0126293523338149	0.0152511575649653	0.0396269449282496	1271.80011213068	0.0455594731065559	0.090013439471095
NXPE3	betareg	33	35	-0.285066988351849	0.114331933962957	0.0126551955826805	0.0127709581600221	0.0380624831906615	713.36030735885	0.0455594731065559	0.090013439471095
ASB8	betareg	33	35	0.156327175881688	0.0627312625493144	0.0127021079784486	0.0137769404313517	-0.00986533140278262	1331.18264129722	0.0455594731065559	0.090013439471095
PANX1	betareg	33	35	0.138327943745045	0.0555231114966831	0.0127255851306229	0.0141939564592702	-0.0294350647985072	611.789430311915	0.0455594731065559	0.090013439471095
MRPL22	betareg	33	35	0.297908786968817	0.119623142127993	0.0127601457508057	0.0153587727687333	-0.0228329429790121	504.350415435266	0.0455594731065559	0.090013439471095
MMD	betareg	33	35	0.127323352306601	0.0511295897110766	0.012766808093024	0.0145160526587377	-0.0250840088580985	1920.3512833923	0.0455594731065559	0.090013439471095
GABPA	betareg	33	35	0.277261235358608	0.111384679713706	0.0128022867310636	0.0145122994145343	-0.0578299327694642	141.300582899222	0.0455594731065559	0.090013439471095
LRRN1	betareg	33	35	-0.257198155109688	0.103325718270947	0.0128031696575688	0.0149801882490009	0.00225763928497453	4078.21098483013	0.0455594731065559	0.090013439471095
BCLAF3	betareg	33	35	-0.252812692900686	0.101565454837243	0.0128045236405366	0.0149950646606573	0.030555316228351	230.751780137649	0.0455594731065559	0.090013439471095
TOB1	betareg	33	35	0.226577852678809	0.0910292511659581	0.012807903393032	0.0160174762934498	-0.0353393817903497	206.052895227155	0.0455594731065559	0.090013439471095
YY1	betareg	33	35	-0.14359505643886	0.0577359871955343	0.0128789927544048	0.0152122888173614	0.0293377127536811	654.078046098093	0.0457371222078608	0.0903644269943705
RNF144A	betareg	33	35	-0.188086258845441	0.0756738932155298	0.0129375364192123	0.0160797784622082	0.0197102388793171	658.71996730347	0.0458277740809959	0.0905435310607477
MRPL19	betareg	33	35	0.188419431024271	0.0758157945716544	0.0129468985439075	0.014913827291872	-0.0418617017745077	410.146027198875	0.0458277740809959	0.0905435310607477
MINAR1	betareg	33	35	-0.163461080672188	0.0657891639552528	0.0129689744897129	0.0162200916464458	0.020020806584643	565.589935380284	0.0458301940295996	0.0905483122375769
FAM91A1	betareg	33	35	-0.130349326849105	0.0524746380600013	0.0129899638197132	0.0152365395201559	0.0276634695370077	325.945104436697	0.0458301940295996	0.0905483122375769
PABPC5	betareg	33	35	0.250140781748528	0.100747728009706	0.0130338553477379	0.0154160113418599	-0.0419043012936019	241.294973552552	0.0459076795084294	0.0907014029996719
DYNC1H1	betareg	33	35	0.207291219487653	0.0835333646772954	0.0130816757895197	0.0154199420802672	-0.0361773102258884	1550.34446736484	0.0459076795084294	0.0907014029996719
WIPF2	betareg	33	35	-0.178657636268999	0.0719952956112538	0.0130824029852863	0.0150854821698126	0.0381871093125628	382.464404067926	0.0459076795084294	0.0907014029996719
CHKA	betareg	33	35	-0.0809737212910816	0.032635885538937	0.0130968325885321	0.0153329121401017	0.0144707877358575	917.095943716657	0.0459076795084294	0.0907014029996719
HIVEP2	betareg	33	35	-0.184855200774936	0.074533246455152	0.0131319366698082	0.0150077356780052	0.0410125585409813	295.514252103605	0.0459562447294766	0.0907973550001463
RCCD1	betareg	33	35	0.179766029414132	0.0725222929799084	0.0131836567031624	0.0157479728351932	-0.0289902229121043	316.429091302896	0.0460627079260222	0.0910076980494555
DLG3	betareg	33	35	-0.148357489674377	0.0599123432640614	0.0132773368315249	0.0149025347924058	0.0307551631694826	518.197210937894	0.0462537991308235	0.0913852436052747
XPO4	betareg	33	35	-0.315855518745387	0.127559600182197	0.0132811224617074	0.0136191453157379	0.0226258184762543	279.772655961285	0.0462537991308235	0.0913852436052747
BCAT1	betareg	33	35	-0.215717196081557	0.0871812173270346	0.0133477354980835	0.0142670718366526	0.0379972478393793	2096.62474956635	0.0464110545189455	0.0916959385583774
KIAA1143	betareg	33	35	0.23214964983003	0.093860183555337	0.0133850727285278	0.0153087867205648	-0.0310982200734519	485.196436921308	0.0464661743451068	0.0918048407207054
ELAC2	betareg	33	35	0.160573439177824	0.0649368137281366	0.013407250927807	0.0156754521320254	-0.0197765079163263	682.245586863529	0.0464685773821663	0.0918095884848069
CAMKK2	betareg	33	35	0.177517019729307	0.0718202164428133	0.0134477594870475	0.0156982926204732	-0.0351435320597574	603.730732563813	0.0465344028016138	0.0919396420610465
N4BP1	betareg	33	35	-0.313728854422832	0.127074898067595	0.0135548046863668	0.0156460995851236	0.0661023735822256	150.600567785213	0.0468298923974312	0.0925234511578997
CYB5R3	betareg	31	35	0.327246576287763	0.132602825880733	0.0135919555924976	0.0140069843577958	-0.000891109335206336	4910.63952865121	0.0468585860737956	0.0925801422547127
TRAM1	betareg	33	35	-0.197629870012051	0.0801245879650004	0.0136428491041824	0.0155143456163117	0.0432721090966373	256.921217102381	0.0468585860737956	0.0925801422547127
HCCS	betareg	33	35	0.137243186676182	0.055643493314144	0.01364509275765	0.0158611750355948	-0.0282135870363621	278.305819113038	0.0468585860737956	0.0925801422547127
TXNL1	betareg	33	35	0.132185556954956	0.0535956122378133	0.0136497752446686	0.0157369782638245	-0.0292525683076997	690.04380643593	0.0468585860737956	0.0925801422547127
BAG4	betareg	33	35	0.212743623985007	0.0863270338724127	0.0137246040673913	0.0156900191236909	-0.0397005927242156	584.355448821154	0.0469952911177029	0.092850235176252
CPLANE1	betareg	33	35	0.253770075964476	0.102991882817643	0.0137403270042421	0.0147278575250942	-0.0485963841697306	109.447242262206	0.0469952911177029	0.092850235176252
SELENOF	betareg	33	35	0.131010146447433	0.0531782415434766	0.0137547855994775	0.0156124879471728	-0.0283846014460572	1498.8612752761	0.0469952911177029	0.092850235176252
USP7	betareg	33	35	-0.175609696081729	0.071328463913225	0.0138169970740692	0.0155707008802217	0.0212605591809664	575.749506281662	0.0471333856406127	0.0931230733399015
CNNM2	betareg	33	35	0.170704494966526	0.0693896564566696	0.0138903879483082	0.0161894276487139	-0.0227319463481253	2312.56788831696	0.0473091210156335	0.0934702798474344
PHIP	betareg	33	35	0.205942656376324	0.0837662555285061	0.0139503390394134	0.0156907192078083	-0.0459309807047681	254.866549208358	0.0473876706178242	0.0936254730351548
EMC8	betareg	33	35	0.113783205490136	0.0462841695761464	0.0139572727178548	0.0159854428257373	-0.0218604707657859	433.302063380867	0.0473876706178242	0.0936254730351548
ASF1A	betareg	33	35	0.181764542221582	0.0740700686348804	0.0141295049336269	0.0164798998540128	-0.0371163148043799	372.624462514039	0.0478786136516924	0.0945954463041498
TENM3	betareg	33	35	0.158391812663142	0.0645627886773499	0.014155269828595	0.0158218661541627	-0.0271908057216956	692.537181951818	0.0478786136516924	0.0945954463041498
KIAA1958	betareg	33	35	0.290103726936193	0.118271083975443	0.0141721102365353	0.0160644806991629	-0.061769915667857	122.432461560426	0.0478786136516924	0.0945954463041498
THUMPD3	betareg	33	35	0.143255006237287	0.0584140533388188	0.0141904238429581	0.0164505408614225	-0.0311432327082303	143.569830718587	0.0478786136516924	0.0945954463041498
HTT	betareg	33	35	-0.156316960565712	0.0637685280186102	0.0142334021521954	0.0156286931958851	0.0284181588493965	467.81552860995	0.0479281619373598	0.0946933405796692
NSMCE3	betareg	33	35	0.327429757255096	0.133595003127203	0.0142494308431377	0.017764271797204	-0.00936614047895363	1295.62398156895	0.0479281619373598	0.0946933405796692
MINPP1	betareg	33	35	0.102611887456437	0.0419234921422837	0.0143811705902017	0.0165893408685915	-0.0217027811653437	379.557100661728	0.0482780673118464	0.0953846608276733
HIC2	betareg	33	35	-0.25672244809018	0.104905651078834	0.0143981058352093	0.0161367659983166	0.0366666003771359	414.52228467028	0.0482780673118464	0.0953846608276733
GXYLT1	betareg	33	35	-0.332579877728253	0.135987551647592	0.0144585620896721	0.0137456295074988	0.0174694703748314	140.629710977463	0.0484018464227997	0.0956292155328062
CDH11	betareg	33	35	0.198019070614258	0.0809989251965078	0.0144967722729219	0.0162559041627733	-0.0329186834038096	244.080178653617	0.0484018464227997	0.0956292155328062
MAPRE2	betareg	33	35	-0.0608430931844302	0.0248889935838073	0.0145021604646053	0.0170073597533296	0.0108416095863477	8910.92314334555	0.0484018464227997	0.0956292155328062
C8orf33	betareg	33	35	-0.0717416257467598	0.0293582762929922	0.0145391481787888	0.0168267604951676	0.0148182036464281	1311.12913806848	0.0484032688990162	0.0956320259686625
GRIK3	betareg	33	35	-0.27760451153187	0.113666578654581	0.0145952133966962	0.0180220631740303	0.051915353340752	763.417927687391	0.0484032688990162	0.0956320259686625
CEP250	betareg	33	35	0.360877227655266	0.147781488372328	0.0146075612604085	0.0165981442934251	-0.0802012222291283	121.921771543809	0.0484032688990162	0.0956320259686625
NUB1	betareg	33	35	-0.183352923097462	0.0750861474162943	0.0146101608014519	0.0163838623094939	0.0360568836372894	187.763189211783	0.0484032688990162	0.0956320259686625
NEO1	betareg	33	35	-0.191143358169005	0.0782939863784339	0.0146322925256233	0.0169145963493764	0.0415220796970921	199.899238766686	0.0484032688990162	0.0956320259686625
CSGALNACT2	betareg	33	35	0.184309814680446	0.0754984000995742	0.0146368698767857	0.0165201228570376	-0.0205945426215539	512.727076606405	0.0484032688990162	0.0956320259686625
HMGB1	betareg	33	35	0.20202795542592	0.0828433494772968	0.0147412437617514	0.0169766605549569	-0.0437794865469436	1095.31089206767	0.0486740021258744	0.0961669230442195
SMARCA5	betareg	33	35	-0.116115666199152	0.0476539425014817	0.0148242888656624	0.0168559391537266	0.023131230814358	397.668524144334	0.0488661419194858	0.0965465403335103
FMN1	betareg	32	34	0.470743272745028	0.193232652410149	0.0148446236833879	0.0171508901661754	-0.0396993330649801	54.7120143336058	0.0488661419194858	0.0965465403335103
TMEM245	betareg	33	35	-0.130685953427658	0.0536754872930227	0.0149024186518544	0.0182586328851306	0.0192274361785078	1264.52780067595	0.0489818399804369	0.0967751290264038
PLXNA1	betareg	33	35	-0.132259062676481	0.0543545456744871	0.0149633077323361	0.0179198177115365	0.0247361042960947	1115.47087275548	0.0491073413227368	0.0970230864040546
L3MBTL3	betareg	33	35	-0.285766505744261	0.117646991931465	0.0151398357935799	0.0168332423670405	0.061403639491617	64.3691516028416	0.0495581660506753	0.0979137965372789
CFAP410	betareg	33	35	0.144328970592268	0.0594225891816688	0.0151465058532978	0.0182197323971987	-0.0251200895999168	524.402407009723	0.0495581660506753	0.0979137965372789
CLHC1	betareg	33	35	-0.228773404643279	0.0942139675216202	0.0151726190533869	0.0173097376412551	0.0520929456202668	63.3688474831326	0.0495686160286693	0.0979344429231455
IER5	betareg	32	33	0.271766876165169	0.112055644555531	0.0152963722999688	0.0166833300787561	-0.0171874451212867	502.001414474053	0.0498975412608431	0.0985843119724988
NDST1	betareg	33	35	-0.185790363027589	0.0766290661438476	0.0153277246955267	0.0173632060342674	0.0404856332108724	760.602267404233	0.0499245134380229	0.0986376018433516
ESYT2	betareg	33	35	-0.114435558103994	0.0472213571319988	0.0153765943860282	0.0183206113802971	0.0197009530389705	466.5219870127	0.0500083749427438	0.0988032899421032
BRAP	betareg	33	35	0.148832809747993	0.0614329103596993	0.0154061277280007	0.0173879271997672	-0.0336731572124074	349.826188789182	0.0500291925895486	0.0988444200927135
SV2C	betareg	33	35	-0.276311906437038	0.11410819874136	0.015457009814415	0.0170773000070266	0.0546871008949153	3489.42285710242	0.0501191708650894	0.0990221933088384
PDP2	betareg	33	35	-0.206275828021639	0.0852502434701099	0.0155354136420391	0.0181501862017411	0.0396091311220674	348.805824393394	0.0502433091025899	0.0992674575528116
ATCAY	betareg	33	35	-0.177972550583896	0.0735575005615929	0.0155417573374283	0.0175510392132438	0.0359789071807271	3823.41882274665	0.0502433091025899	0.0992674575528116
LYRM2	betareg	33	35	0.106114741019854	0.0438884800792313	0.0156135089207947	0.0179106963289915	-0.0231864173338359	833.905494037691	0.0503999310136605	0.0995769009232173
NDUFAF7	betareg	33	35	0.12706711530223	0.0525866502477508	0.0156775056616605	0.0178349349070981	-0.0275361459060142	130.956912160006	0.0504606105758963	0.0996967876499508
CPLX2	betareg	33	35	-0.19082151463743	0.0789724823791427	0.0156789705829082	0.0189308989984535	0.00566356435516935	1761.87634380013	0.0504606105758963	0.0996967876499508
UTP23	betareg	33	35	0.253608122834343	0.105063114598569	0.0157843310342388	0.0180271284803816	-0.0458816605516722	154.178073927569	0.0505864604269123	0.0999454335884229
RAB3GAP2	betareg	33	35	-0.147452452876089	0.0610971525726883	0.0158040489932834	0.0176691030402208	0.0283614542175223	442.356396890976	0.0505864604269123	0.0999454335884229
CCDC92	betareg	33	35	0.233044760449759	0.0965655460394003	0.015807396260611	0.0211095909807477	-0.0112234266636648	4431.56468817991	0.0505864604269123	0.0999454335884229
EXD2	betareg	33	35	0.0844665333528867	0.0350013752733293	0.0158116342395914	0.0180268707504277	-0.0190835611802422	320.841024562753	0.0505864604269123	0.0999454335884229
PCDH7	betareg	33	35	0.181886846593711	0.0754380468685093	0.0159055438971137	0.0180484132148852	-0.0410451961757196	664.679521267143	0.0507985852971633	0.10036453609042
SLC38A2	betareg	33	35	-0.09108874005581	0.0377862507604981	0.0159249135196127	0.0189793453978513	0.0126334398346139	2689.69891905385	0.0507985852971633	0.10036453609042
WSB2	betareg	33	35	0.0652404944282868	0.0270725924410503	0.0159597145257801	0.0182235769054521	-0.0128561612435753	4049.58740496554	0.0508139505655379	0.100394893786866
NARF	betareg	33	35	0.177386564262685	0.0736299058090697	0.015989083951765	0.018160240265356	-0.0399973053496821	983.372447641626	0.0508139505655379	0.100394893786866
TIGAR	betareg	33	35	0.255200048321393	0.105942655599864	0.0160028396045008	0.0183483138298707	-0.0178486462119921	363.208534954597	0.0508139505655379	0.100394893786866
KCTD15	betareg	33	35	0.165232792547607	0.0686075841099535	0.0160237111075691	0.018319132154096	-0.0147039854874668	198.836205912499	0.0508139505655379	0.100394893786866
LDLRAD3	betareg	33	35	0.162186215967829	0.067387133069568	0.0160937231049937	0.0178760575626511	-0.0167538043986029	1167.52694601363	0.0509612474433991	0.100685913364038
MXI1	betareg	33	35	0.125213073884705	0.052122796206395	0.0162936394082299	0.0185554401017106	-0.028023235576351	451.682226839598	0.0515026574255082	0.101755595942229
CORO2A	betareg	33	35	-0.172983494636767	0.072020895250202	0.0163123293284406	0.0185751079265675	0.0378598465779517	574.642342768982	0.0515026574255082	0.101755595942229
LCMT2	betareg	33	35	0.312043447580802	0.129953459512694	0.0163416770373671	0.0231158441358914	-0.00653834568864328	702.408022214124	0.0515201046475966	0.101790067027215
DAG1	betareg	33	35	-0.202526186684361	0.0843976077221043	0.0164099752773334	0.0175773462890561	0.035042339672106	733.566688513768	0.0515876863733084	0.101923590598975
H6PD	betareg	33	35	-0.313813382818137	0.130797762876308	0.0164297744392078	0.0178956499923009	0.0642668408198148	186.889695097838	0.0515876863733084	0.101923590598975
ARRDC3	betareg	33	35	0.113745595452879	0.0474114457869488	0.0164346721092193	0.0186562570709158	-0.0254410861651777	485.071925947931	0.0515876863733084	0.101923590598975
KCTD18	betareg	33	35	0.186578897640389	0.0777887632456286	0.0164609036012398	0.018046021035382	-0.0290339221364373	115.664720561959	0.0515951417352675	0.101938320417533
MLF1	betareg	33	35	0.192443231304715	0.080280744992719	0.0165241447934734	0.0196723948354735	-0.0292531138735138	283.204569733955	0.0517184110377439	0.102181867876283
CCNC	betareg	33	35	0.156453397030744	0.0653397205301063	0.016644824275343	0.0182044303702988	-0.0288582735339193	558.55773666437	0.0519634959971561	0.102666090775607
EPB41L4B	betareg	33	35	-0.222657263637296	0.0930121414534481	0.0166724929694572	0.0188778050284106	0.0490668445917074	189.818186616296	0.0519634959971561	0.102666090775607
GOSR1	betareg	33	35	0.144723823166712	0.0604576041960486	0.016674530072144	0.0189577465634953	-0.0341164000366043	404.468094722939	0.0519634959971561	0.102666090775607
GABBR2	betareg	33	35	-0.148992835202829	0.0623862831785992	0.0169297118682053	0.0202918658570723	0.0290469859440489	1324.85568547751	0.0526828172566004	0.104087278867397
SSX2IP	betareg	33	35	-0.153581054539605	0.0643224012566905	0.0169552815827401	0.0196762485537132	0.0285743008772178	206.055627176127	0.0526865784872106	0.104094710061851
SLC6A17	betareg	33	35	-0.242604930341327	0.101763508482149	0.0171252703187477	0.0187436028616651	0.053202180561757	517.116276653301	0.0529489348083721	0.104613056592758
TUBGCP2	betareg	33	35	-0.271493819073482	0.113883346170516	0.0171272689260977	0.0211090589174489	0.0151348930201406	330.440947347757	0.0529489348083721	0.104613056592758
ZNF365	betareg	33	35	0.17109268770471	0.0717758474996432	0.0171391789975108	0.0196836565482549	-0.0369771552544937	240.713145092059	0.0529489348083721	0.104613056592758
GNL1	betareg	33	35	0.147016908898477	0.0616882281482939	0.0171617155358452	0.0194870528864462	-0.0320167221388205	554.70603228693	0.0529489348083721	0.104613056592758
PLPP3	betareg	33	35	0.293476362453961	0.123143000150448	0.0171621232556806	0.0190977784639068	-0.0588232375186766	69.9537532977386	0.0529489348083721	0.104613056592758
FAM13B	betareg	33	35	-0.138002127056303	0.0579271903252042	0.0172031152267279	0.0196504266207462	0.0236522939548404	829.628294467576	0.0529997980898224	0.104713548951294
KLHL7	betareg	33	35	-0.241174946350365	0.101316102541553	0.0172928832690207	0.0197353682537159	0.00638068402584916	1470.83665567652	0.0532005734814345	0.105110227892639
DNLZ	betareg	33	35	0.189023181867288	0.0795816026086205	0.0175388708319843	0.0220520934266877	-0.0345251217401941	548.88403125752	0.0538093126900896	0.106312935171185
SDC2	betareg	33	35	-0.165694493611896	0.0697662929967291	0.0175492583933688	0.0208056886686857	0.0247025406502716	511.902296669533	0.0538093126900896	0.106312935171185
RAB18	betareg	33	35	0.0920451489104166	0.0387614949093572	0.0175653948586137	0.0198224322861072	-0.0202683976852727	3713.21637940606	0.0538093126900896	0.106312935171185
FIGN	betareg	33	35	0.160531066543681	0.0676273091940463	0.0176079455042635	0.0200504633242641	-0.0352062322959434	535.338628739919	0.0538633673618817	0.106419732870888
SNPH	betareg	33	35	-0.143788646542286	0.060597614292398	0.0176517481465797	0.0196870367297283	0.0283572587443047	1326.00947817155	0.053915960660624	0.106523643284906
PDCL	betareg	33	35	0.174544751209834	0.0735764755161107	0.0176782000866602	0.0201859906005709	-0.0378268559507151	324.939235493158	0.053915960660624	0.106523643284906
TXNDC16	betareg	33	35	-0.134762355180439	0.0568205656372624	0.0177056010154696	0.0202523058403008	0.0201234988011706	341.877627741393	0.053915960660624	0.106523643284906
RAN	betareg	33	35	0.108095541399258	0.0455995629887647	0.0177621710138806	0.0209480181731877	-0.020635566508016	3620.14398440868	0.053915960660624	0.106523643284906
NCBP3	betareg	33	35	-0.177791148619043	0.0750066126188762	0.0177717504255486	0.0200789863594072	0.0399668506421529	356.577790035587	0.053915960660624	0.106523643284906
PPP2CA	betareg	33	35	0.0967321247938703	0.0408396557418903	0.0178563609517174	0.0188802517771114	-0.00326965348051889	7515.48886020843	0.053915960660624	0.106523643284906
RPRD1A	betareg	33	35	-0.0952833330193099	0.0402286562033298	0.017858267179967	0.020350167495934	0.0208526193713716	822.545325744297	0.053915960660624	0.106523643284906
TBL1XR1	betareg	33	35	-0.245893675229609	0.103828599719984	0.0178717129256428	0.0204675248482548	0.0493248808736585	841.381666043902	0.053915960660624	0.106523643284906
ZNF655	betareg	33	35	-0.174980504584035	0.073886388173327	0.0178730654132449	0.0200501140190159	0.026043641004088	744.506513518843	0.053915960660624	0.106523643284906
SHANK2	betareg	33	35	-0.224036532290694	0.0946016705336454	0.0178744330061497	0.0194824740688798	0.0282280234760491	312.535844491342	0.053915960660624	0.106523643284906
FGD4	betareg	33	35	-0.25121928500202	0.106150952526252	0.0179512085334462	0.0187518024042081	0.0358934131598737	439.160144479381	0.0540721298963646	0.106832192288879
MBOAT2	betareg	33	35	-0.196793523941531	0.0833347402623884	0.0182020350069652	0.0197056810321107	0.0382441921039378	990.484376235416	0.0547514069658417	0.10817426367839
MBTPS2	betareg	33	35	-0.110607260830508	0.0468877911592892	0.0183253494855392	0.0213251163613229	0.0196750237343844	1141.53970529158	0.0550279610241533	0.108720661173596
POU3F1	betareg	33	35	0.230573302925937	0.0977793852003348	0.0183688782606456	0.0200175769888289	-0.0346863697059724	203.584936389999	0.0550279610241533	0.108720661173596
CYB5D1	betareg	33	35	-0.108742853537592	0.0461152237486783	0.0183703059600599	0.0214172481079285	0.0165131145017735	415.735796320808	0.0550279610241533	0.108720661173596
ZNF22	betareg	33	35	0.167991084322419	0.0713113908433329	0.0184858593509158	0.0213267618971581	-0.0290533287603268	683.997260012588	0.0552975100302097	0.109253218542826
ZMIZ1	betareg	33	35	-0.117070032666692	0.0497180840819445	0.0185388086846719	0.0212020781513722	0.0249492024097623	1918.17281477728	0.0553064131846544	0.109270808815475
CAMSAP1	betareg	33	35	-0.114185513173197	0.0484935507969262	0.0185399804332365	0.0203608309069386	0.0222965166236687	856.009719097786	0.0553064131846544	0.109270808815475
RANGAP1	betareg	33	35	-0.0672122549290713	0.0285631336743034	0.0186170215866216	0.0211311234660637	0.0148254428497994	1013.68079971963	0.0554597376182547	0.109573737244675
SYNPO	betareg	33	35	-0.193980411681942	0.082505186009606	0.0187164973520803	0.0200506126054515	0.0367039178284802	163.880796007696	0.0556356518619901	0.109921297149363
RWDD2A	betareg	33	35	0.138901149659363	0.0590932214456021	0.0187460486740426	0.0213555114880167	-0.0250240390368863	585.56426786893	0.0556356518619901	0.109921297149363
RNF216	betareg	33	35	-0.134218249756349	0.0571064852018217	0.0187575109463377	0.0221278311047051	0.0214976312652262	518.910514189692	0.0556356518619901	0.109921297149363
CNNM4	betareg	33	35	-0.130204460106754	0.0554087524943726	0.0187789718977382	0.0223830647303345	0.0197089481132044	409.858672878019	0.0556356518619901	0.109921297149363
COX7B	betareg	33	35	0.238334492969211	0.101495960637655	0.0188635514285584	0.0213878208320773	-0.0415977553405175	2776.72627532182	0.0558097802441928	0.110265328665157
IKZF5	betareg	33	35	0.118782761500077	0.0506226665594407	0.0189540071598751	0.0215035277832409	-0.0181384021869789	426.41534905021	0.0560007944660809	0.11064272212315
PPTC7	betareg	33	35	-0.225196786026831	0.0960400722736963	0.0190362121284052	0.0199308572521414	0.0355954035703041	385.065658508281	0.0561669433677566	0.110970988301058
LEMD3	betareg	33	35	-0.144044716664257	0.0614938896577711	0.0191589742202173	0.0218031209409859	0.0321660280819804	199.128881332613	0.056452141585656	0.111534464363745
SV2B	betareg	33	35	-0.223539274510067	0.095588093984614	0.0193577934849715	0.0204024541564778	0.0184365864256307	1424.27900498444	0.0569603622009562	0.112538573552766
GNG4	betareg	33	35	0.102138914800223	0.0436903429996924	0.0193980640353653	0.0218927443002763	-0.0229847171000735	2714.05870874901	0.0569715930599032	0.112560762752358
PPIG	betareg	33	35	0.215623355507748	0.0922461170140671	0.0194142949095454	0.0237797589089844	-0.0348809240793034	351.495442582156	0.0569715930599032	0.112560762752358
SRSF3	betareg	33	35	0.271574103285706	0.116338815563096	0.0195780370960878	0.0281712985256409	-0.00555440407022188	2395.22496333177	0.0573099223442512	0.113229211715469
RAB8B	betareg	33	35	0.132122593164245	0.0566017090447896	0.0195825854101875	0.021469029970392	-0.023975730859474	1050.02129088128	0.0573099223442512	0.113229211715469
RAPGEF4	betareg	33	35	0.101166418624762	0.0433807180946648	0.019697557765043	0.0218759752546787	-0.0219505100880069	525.498697853982	0.0575175678663544	0.113639464213156
USP38	betareg	33	35	-0.264535269029824	0.113442659646266	0.0197067266515208	0.0229512038031887	0.0493531740518875	103.195174964816	0.0575175678663544	0.113639464213156
PDIK1L	betareg	33	35	0.118499856009022	0.0508517931973215	0.0197903814469331	0.0221712255417403	-0.0252743577949041	526.651098440435	0.0576838831891511	0.113968059195075
WDR47	betareg	33	35	0.146846448452291	0.063041298972258	0.0198395251078964	0.0222721487058028	-0.0319476498580011	1430.86304931204	0.0577492951106188	0.114097295808939
RSPRY1	betareg	33	35	0.130745340997062	0.0562124641508383	0.0200231545360377	0.022223137229958	-0.029090456563947	284.556142468775	0.058205468951764	0.114998574371625
TRIM24	betareg	33	35	-0.267828673935644	0.115225674003401	0.0201049405015107	0.0214196142108823	0.00462712547149031	695.081831138896	0.0583647659664559	0.115313303037524
TLCD5	betareg	33	35	0.177754761595004	0.076521097619702	0.0201817839518494	0.0224492607308723	-0.0386720835754064	167.461009441331	0.0585093069930081	0.115598877783181
CLSTN1	betareg	33	35	-0.121373972701977	0.0523040401823933	0.0203113166739806	0.0233356858310375	0.0237069620357352	1993.07238934306	0.0587361481596475	0.116047055785044
FAM210A	betareg	33	35	-0.17113002122489	0.0737514867112727	0.0203213950652947	0.0223415517700972	0.0314562630589636	316.174659333895	0.0587361481596475	0.116047055785044
PLEKHA1	betareg	33	35	0.181986792571939	0.0784446598040326	0.0203442002333562	0.0223952466529689	-0.0365966550966292	1217.7329315427	0.0587361481596475	0.116047055785044
HSPA4L	betareg	33	35	-0.171350810670382	0.0738744529684252	0.0203686617923667	0.0229527360816017	0.0343157164662524	410.037461090566	0.0587361481596475	0.116047055785044
LPIN2	betareg	33	35	-0.18910915927366	0.0815933331868572	0.0204654371047537	0.0261579964247031	0.0134837912567108	452.22122983908	0.0588794130311832	0.116330109186741
AFF2	betareg	33	35	-0.216449328371912	0.0934118307786689	0.0204955010947249	0.0230918870984607	0.0496381216843653	161.289219656914	0.0588794130311832	0.116330109186741
STOX2	betareg	33	35	-0.103852185788915	0.0448205131594764	0.0205000169009164	0.0229795563347181	0.0232178541034552	577.545031375597	0.0588794130311832	0.116330109186741
SYT9	betareg	33	35	-0.0951196170394039	0.0410637398013082	0.0205370097668732	0.0233425831816994	0.00996609697359405	690.355189649705	0.0589074322917641	0.116385467816776
LRP12	betareg	33	35	0.168010871391575	0.0725721599063924	0.0206081657252187	0.024000442352236	-0.0263277762864881	578.614744315976	0.0590332394115238	0.116634029329615
PIP5KL1	betareg	33	35	0.0759283435803998	0.0328358887168202	0.0207579400330134	0.0231362376216381	-0.0160737547402919	399.003907023509	0.0593283891272537	0.11721716691353
AP3D1	betareg	33	35	-0.138059105251089	0.0597086997299172	0.020766064908388	0.0220954008897972	0.0202471245621775	603.992222622852	0.0593283891272537	0.11721716691353
TFB1M	betareg	33	35	0.177181817916855	0.0767143587828349	0.0209086230851385	0.0235091378135864	-0.0391799456243608	136.94642285614	0.0596568691043935	0.117866156256988
PRDM11	betareg	33	35	-0.31562793914655	0.136753246900699	0.0209985486747009	0.0237773658075145	0.0658325437653705	152.57510909834	0.0598345091083525	0.11821712580632
HNRNPA2B1	betareg	33	35	-0.150442568168026	0.0652275779210992	0.0210868521113712	0.0238048637362922	0.0200336626869323	3414.88891294117	0.0600070654619457	0.11855805141038
RPL35A	betareg	33	35	-0.174687016884206	0.0757604830082056	0.021122920654386	0.0263149468305401	0.0206597000950207	665.295704380218	0.0600307182874815	0.118604783122459
AKAP6	betareg	33	35	-0.184288578424946	0.0799907862053092	0.0212297977306151	0.0226969883379492	0.0249351742371813	418.862198326996	0.0602552807087858	0.119048458927715
RMND5A	betareg	33	35	-0.217365171816857	0.094403312018577	0.0213060690284015	0.0255187934193272	0.0261426714108755	853.64883150406	0.0603925017757489	0.119319571373997
BACH2	betareg	33	35	-0.159904796995389	0.0695768921880838	0.0215478059882547	0.023782262244855	0.0354588266622538	550.979150309055	0.0609977656371043	0.120515412287712
TEX261	betareg	33	35	-0.0795329896472958	0.0346389710467951	0.021672725305368	0.024686656646476	0.0148369964009971	1093.95073122336	0.061271190717128	0.121055627751421
DZANK1	betareg	33	35	0.145644727739081	0.0634841737682861	0.0217796135819898	0.0241709321471463	-0.0327342340685948	69.10934341986	0.0613810731181266	0.121272726242181
ELAPOR2	betareg	33	35	-0.176366448193386	0.0768767683810845	0.0217821754701168	0.0267793690179708	0.0103081314430761	334.17388313575	0.0613810731181266	0.121272726242181
VCPIP1	betareg	33	35	-0.301105293847559	0.131263969509087	0.0217967361933056	0.0208071688062174	0.021818485423582	513.317545337962	0.0613810731181266	0.121272726242181
FBXW2	betareg	33	35	0.138491999578536	0.0604688798650623	0.0220038130101133	0.0247732636188872	-0.0285058775829165	964.873102608106	0.061830037771191	0.122159761360624
PDE10A	betareg	33	35	-0.189053360953655	0.0825510938178361	0.0220133433764756	0.024331107168453	0.0402203302599758	244.917898185721	0.061830037771191	0.122159761360624
TNRC6B	betareg	33	35	-0.153343267907191	0.066977823692741	0.0220524490798543	0.024836282750299	0.0218177728807547	1337.20013326119	0.0618595389577845	0.122218047883551
GALNTL6	betareg	33	35	0.250785652150625	0.109583961446424	0.0221069570287984	0.0252741499887746	-0.0383259758004585	79.8839510600501	0.0619321127399539	0.122361434435305
ZNF540	betareg	33	35	-0.147452731241912	0.0646230295472884	0.0225048962979248	0.0244388198625083	0.0161836088960735	573.2010718508	0.0629653687508192	0.124402874360974
RLIM	betareg	33	35	-0.391125157957753	0.171654254991283	0.0226930125997767	0.0226156193914398	0.00430308919084957	1827.4861525296	0.0634096597114803	0.125280675502385
GPCPD1	betareg	33	35	-0.159732048266831	0.0701729405682161	0.0228302902372856	0.0256790347769516	0.0351388973125167	188.202108303255	0.0635767390988792	0.125610780073378
CD59	betareg	33	35	0.0704455212390096	0.030951492168422	0.022846154521926	0.0251122050887915	-0.014021178225771	3464.07212694921	0.0635767390988792	0.125610780073378
DNAJC5	betareg	33	35	-0.133356770175531	0.0585971465857331	0.0228565685314875	0.0256202139425592	0.0296108437017011	1484.14792239968	0.0635767390988792	0.125610780073378
DCUN1D2	betareg	33	35	-0.116016306465225	0.0509828938940033	0.0228703924402266	0.0255078216434981	0.0257130514462185	355.607666396977	0.0635767390988792	0.125610780073378
RSU1	betareg	33	35	0.141463319549582	0.0621959507154594	0.0229372643548633	0.026355371185217	-0.0151758892069111	922.441037826026	0.0636120910975444	0.125680626249706
ADD2	betareg	33	35	-0.189595490242389	0.0833606546916694	0.0229419350514325	0.0262393962036935	0.0403328497386165	4335.20809766156	0.0636120910975444	0.125680626249706
ZNF207	betareg	33	35	0.189462520821757	0.0833635902408579	0.023042753376564	0.0292582323666818	-0.0246360938844541	1005.9492405261	0.0637791960913993	0.126010781412267
GLRA3	betareg	33	35	0.214545106200458	0.0944126300564188	0.0230611820885544	0.0275211178423298	-0.035234176182888	297.126916656267	0.0637791960913993	0.126010781412267
TCTN1	betareg	33	35	-0.178431817064069	0.0785603010847058	0.0231305133828809	0.0255137948635712	0.0319210610873409	136.960172467796	0.0638174680578596	0.126086396670774
PTGER3	betareg	33	35	-0.29073913231694	0.128010461529297	0.0231340358038584	0.0248675042679319	0.055099768252946	168.787804293151	0.0638174680578596	0.126086396670774
RIMS4	betareg	33	35	-0.175300750783255	0.0772684672543902	0.0232851744907034	0.0274762554112408	0.0117128054971992	1901.2257040396	0.0641445965098311	0.126732715758836
CUL5	betareg	33	35	-0.210112596877258	0.0926449063610883	0.0233331876810645	0.0280413069734027	0.0382217001004599	275.116771403017	0.0641445965098311	0.126732715758836
COL1A1	betareg	31	33	-0.300843859115439	0.132659092800277	0.0233415977772535	0.0242921663646858	0.0447354519188115	305.908073599897	0.0641445965098311	0.126732715758836
CDC42BPA	betareg	33	35	-0.188038013280707	0.0829633418994563	0.0234196085567745	0.0266263642732733	0.0341031823923286	266.538421809768	0.064277302606651	0.12699490782119
BMP2K	betareg	33	35	0.271043577701722	0.119761262026225	0.0236234200930969	0.0254948152582941	-0.0602844921293047	78.27013180775	0.0647121634052585	0.127854077462644
SUGP2	betareg	33	35	-0.123481984021018	0.0545664761583407	0.0236378940312401	0.0261611793407022	0.0252856728770253	727.704265806603	0.0647121634052585	0.127854077462644
RNF11	betareg	33	35	0.0992584982057336	0.0439010071636399	0.0237616254338128	0.0262555162154879	-0.0221798912880178	1752.47845113053	0.0649686572594321	0.128360841313125
SLITRK3	betareg	33	35	-0.139773260862242	0.0619420260429209	0.0240382455279964	0.0273221319001955	0.0154235120496052	1179.78973150429	0.0654677452213947	0.129346906800533
RNF38	betareg	33	35	-0.123381979794855	0.0546826541100882	0.0240501243100286	0.0258589786018154	0.026401781882913	615.858953219006	0.0654677452213947	0.129346906800533
ZNF280B	betareg	33	35	0.316913510697399	0.140477934761741	0.0240727310488522	0.0302260788875427	-0.0512949161522918	498.703142214266	0.0654677452213947	0.129346906800533
ZNF415	betareg	33	35	0.0857224622703358	0.0380019916649912	0.0240871669366419	0.0266612045529096	-0.0192454586367723	336.801843970783	0.0654677452213947	0.129346906800533
RPL32	betareg	33	35	0.193224155387079	0.0856721424534984	0.0241088144775866	0.0270717082167311	-0.0113980640677702	1799.47120262253	0.0654677452213947	0.129346906800533
MRPS14	betareg	33	35	0.121354299997336	0.0538127861410925	0.0241257862672654	0.0268252970895783	-0.0273631640443339	646.161300011953	0.0654677452213947	0.129346906800533
WDR37	betareg	33	35	-0.104333429351084	0.0462757689849819	0.024158338039137	0.0280826247320063	0.0147841306123541	1047.76677548939	0.0654739272518657	0.129359120853674
NCOA4	betareg	33	35	-0.0575752362122034	0.0255463192446679	0.0242113597855655	0.0269771611609632	0.0125626953658777	1472.97991241244	0.0655355020985884	0.129480776425183
DCAF12	betareg	33	35	-0.0684101788344441	0.0303614108536155	0.024246857142457	0.0268384700676741	0.0147367689622821	622.269434853896	0.0655495471445353	0.129508525712148
UBE2A	betareg	33	35	0.0675535857864262	0.0300145640653033	0.0244049534942785	0.0270473295087056	-0.0140911043248086	1537.96449377246	0.0658672381496663	0.130136198907446
SPOCK1	betareg	33	35	0.102845436198096	0.0457126211109652	0.0244600030201269	0.0269837647819593	-0.0234391815323819	5698.36098319476	0.0658672381496663	0.130136198907446
INSIG2	betareg	33	35	-0.097322907072513	0.043262661662636	0.0244754890202331	0.0272939130048697	0.0199984625246306	775.926941888763	0.0658672381496663	0.130136198907446
ZNF616	betareg	33	35	0.207048046908045	0.0920523569280051	0.0244970901983383	0.0284941855855602	-0.0271538764036821	216.491999151576	0.0658672381496663	0.130136198907446
SGSM1	betareg	33	35	-0.114440736286575	0.0508871001459992	0.0245179376662649	0.0273165099787882	0.0253943536854709	352.67988750056	0.0658672381496663	0.130136198907446
TAF1	betareg	33	35	-0.318387326462504	0.14160262603634	0.0245471042170376	0.027036417061466	0.0598434014262914	71.8985616882395	0.0658672381496663	0.130136198907446
DYNLT3	betareg	33	35	0.0773079542698477	0.0343933934944173	0.0245917572615471	0.0270779549023752	-0.0162901879489991	1024.5153010937	0.0659052873054673	0.130211373951165
LIFR	betareg	33	35	-0.173439451573623	0.0772155995121126	0.0246930477116279	0.026517137524078	0.0203902983394846	2236.4611518214	0.0660948412392634	0.130585882267062
AGAP1	betareg	33	35	-0.119196925394899	0.053115169807979	0.0248245476235939	0.0274925846998323	0.0264966065659825	919.390018817278	0.0663484377757779	0.131086921786027
SWSAP1	betareg	32	32	0.364986858800005	0.162673628515558	0.0248532780767341	0.0298184238014124	-0.0191430315163226	172.484594619913	0.0663484377757779	0.131086921786027
DRGX	betareg	33	35	0.0994581087834733	0.0443414059489722	0.0248963269710045	0.0273001480431587	-0.0221077612398105	447.083151897343	0.0663484377757779	0.131086921786027
XPOT	betareg	33	35	-0.137691249690851	0.0614045856157012	0.0249380484680897	0.0276855039184801	0.0307820993271659	326.028021474901	0.0663484377757779	0.131086921786027
STRN	betareg	33	35	-0.254412903096691	0.113469703136216	0.024953496834085	0.0288400203211337	0.0452604175346704	144.323795973301	0.0663484377757779	0.131086921786027
OXCT1	betareg	33	35	-0.0895296782218266	0.0399358416712963	0.0249718591935002	0.0286314719930918	0.00920630552784658	2200.74063817392	0.0663484377757779	0.131086921786027
SOX11	betareg	33	35	-0.153477200885871	0.0684930909404472	0.0250410362920139	0.0270598326986159	0.0328238910522694	1348.42307271103	0.0664506017162029	0.131288770645123
ZEB2	betareg	30	35	-0.381555262281504	0.170660673431013	0.0253678977095942	0.0259968349336599	0.0476625963824997	66.3773425547974	0.0670963568295265	0.132564611537101
CAP2	betareg	33	35	0.192149699955698	0.0859476894725372	0.0253741361270885	0.0279012885230177	-0.0411561225409154	416.354230484141	0.0670963568295265	0.132564611537101
AP5Z1	betareg	33	35	-0.315600286482174	0.141186769956963	0.0253951046233548	0.0306349156958505	0.0240153455608483	290.413097882771	0.0670963568295265	0.132564611537101
PLEKHA2	betareg	33	35	-0.305699847338181	0.136770183207361	0.0254084757427769	0.0279186283218364	0.0467998684994168	62.5200403929361	0.0670963568295265	0.132564611537101
SELENOI	betareg	33	35	-0.224665472790242	0.100541301378938	0.0254463131567759	0.0270372185050831	0.0451310192108711	975.905161505735	0.0671143277028931	0.132600117218175
DNAJC16	betareg	33	35	-0.151156064918827	0.0677614643480921	0.0257004535992459	0.0291215350212658	0.0307277779455649	408.787357708379	0.0677020564081011	0.133761313312518
SLC9A6	betareg	33	35	-0.0869613906582261	0.0390033296486673	0.0257747477546526	0.0293754149582679	0.0138004653581094	2989.62670098036	0.0678151669364552	0.133984789727044
PCGF3	betareg	33	35	-0.10819185886191	0.0485555936575287	0.0258667897473053	0.0283014603432177	0.0223153554235831	1030.13820849322	0.0679475427612878	0.134246329259517
ADCYAP1	betareg	33	35	0.101770103511502	0.0456800531041427	0.0258878949941124	0.0285797238836372	-0.0180465296856172	1227.26548082405	0.0679475427612878	0.134246329259517
SPCS1	betareg	33	35	0.223537969198462	0.100408381222204	0.0259949000897713	0.0298145728148074	-0.00271048204499917	2178.43750838004	0.0681456962318919	0.134637827980113
SHOC2	betareg	33	35	-0.0736728304390684	0.0331080623330708	0.0260662540347258	0.0290022338170736	0.0162746143695974	855.663137162906	0.0682500234775996	0.13484395095688
DNAJB5	betareg	33	35	0.0727001947990354	0.0326779396388759	0.0260981313351219	0.0287561989562685	-0.0159648141441238	724.382334328914	0.0682508605705884	0.134845604830684
ADAM23	betareg	33	35	0.109534318087303	0.0492650687856707	0.0261910768404597	0.0292193711301762	-0.0211342345648734	669.272880531542	0.0683448679471562	0.135031338482185
PTPRN2	betareg	33	35	-0.0673254244469444	0.0302820985554538	0.0261972805059048	0.0293575360922641	0.0108651446997089	3198.33267611088	0.0683448679471562	0.135031338482185
KDELR2	betareg	33	35	-0.0768541717925515	0.0345956006229637	0.0263170266895625	0.0295360206441227	0.0131148293485552	2471.02388199836	0.0685108898938553	0.135359353830719
SPATA13	betareg	33	35	-0.215306473881471	0.0969297973879941	0.026333222246361	0.0290179351325224	0.0457317260305532	122.808289678303	0.0685108898938553	0.135359353830719
AK3	betareg	33	34	-0.289595277541423	0.130393914595427	0.0263559518809169	0.0317157297735584	0.00483874865712588	798.987873256883	0.0685108898938553	0.135359353830719
CREBRF	betareg	33	35	-0.212018445623658	0.0955363645155643	0.0264701704898589	0.0290155349463061	0.046676199458893	138.29302226594	0.0687251926751623	0.135782759307524
B3GALT6	betareg	33	35	0.10337149691055	0.0466434959293336	0.0266775419051559	0.0294887083714505	-0.0132368985894305	3547.3031932746	0.0691805466028102	0.136682417938526
ENTR1	betareg	33	35	-0.114132453912077	0.0515255635444989	0.0267556279917076	0.0294871001937078	0.0256508270409729	100.09695618546	0.0692999469904716	0.136918321447385
CEND1	betareg	33	35	-0.0524255882677129	0.0236807303180366	0.0268390891911338	0.0295973239432065	0.0116371518560881	2213.59139746499	0.0694329671970369	0.137181134107314
PID1	betareg	33	35	0.0976551962845759	0.0441392035567982	0.0269365016341068	0.028705469895503	-0.0195200713001239	960.180683635181	0.0695410048258083	0.137394587817265
BCL9L	betareg	33	35	-0.211125239969144	0.0954319741053534	0.0269451590430303	0.0294254598926274	0.0252597612133737	154.021081965292	0.0695410048258083	0.137394587817265
RIMKLA	betareg	33	35	0.0810208713123561	0.0366442825625358	0.0270351519053695	0.0293934444302016	-0.0154831541581661	1883.47390056556	0.0696900991294804	0.13768915863128
FBRSL1	betareg	33	35	-0.173925145608609	0.0787380914764481	0.0271810888564888	0.0293473313230993	0.034172450096615	288.328824690098	0.0698080081550405	0.137922115604038
ARNTL2	betareg	33	35	-0.162539801049036	0.0735874225315803	0.0271886475751566	0.0282292279156715	0.0279817534066586	204.730951958173	0.0698080081550405	0.137922115604038
SDC3	betareg	33	35	-0.130290952553557	0.0589935294465867	0.0272050203902838	0.0302450387755696	0.0252585382914613	7164.41309128368	0.0698080081550405	0.137922115604038
PNPT1	betareg	33	35	-0.156791640826441	0.0709948912027477	0.0272100031486552	0.0299466664812816	0.034536234362574	110.585025393283	0.0698080081550405	0.137922115604038
RPS6KA6	betareg	33	35	-0.203272342785204	0.092076513056349	0.0272689620991279	0.0276010462286767	0.037740238894428	322.253230976369	0.0698763788278242	0.138057197926035
PCDHB2	betareg	33	35	0.115191765943062	0.0521981741313461	0.027326916653487	0.03019302764502	-0.0169602179639604	2225.37133358746	0.0699009003712366	0.138105645994311
SP1	betareg	33	35	-0.262556200953203	0.118987658564663	0.0273431725979844	0.0274433049621051	0.045012564639854	161.917988933195	0.0699009003712366	0.138105645994311
SENP5	betareg	33	35	-0.121509720639122	0.0551046396424776	0.0274490136453877	0.0304321993833826	0.0255124936482143	676.145325947225	0.0700886284968553	0.138476546997334
HBS1L	betareg	33	35	-0.261423697147941	0.118586747393229	0.0274896664501925	0.0308037556739316	0.0396904883530309	453.936104134447	0.0701096577440623	0.138518095214236
LRRC41	betareg	33	35	0.187427491235916	0.0851414991984906	0.0277102155793271	0.0303931093860938	-0.00915061765519904	1041.22409768229	0.0705889047098164	0.139464960153669
CHRNA7	betareg	33	35	0.301899637902773	0.137237931554087	0.0278192074404282	0.031558112606121	-0.057251273072415	80.8178810014654	0.0707831777775394	0.139848792227
ZNF24	betareg	33	35	0.171397943614351	0.0779564915336451	0.02790381969258	0.03048288112526	-0.0394559467119603	655.777909516895	0.0708198757758536	0.139921297741764
PNPO	betareg	33	35	-0.143933729688887	0.0654908998896998	0.0279657238922351	0.0306913011967297	0.033704134464937	633.352317871101	0.0708198757758536	0.139921297741764
SIAH2	betareg	33	35	0.0761577282980469	0.0346545636248168	0.0279758547565316	0.03070119666067	-0.0171481080979065	601.54708013616	0.0708198757758536	0.139921297741764
PACS2	betareg	33	35	-0.164720691068879	0.0749779147075803	0.0280259594816908	0.0314772778349929	0.0298906632150906	1571.03191457061	0.0708198757758536	0.139921297741764
ACOT13	betareg	33	35	0.192638477046655	0.0876917092585658	0.0280369085159085	0.0304985577490515	-0.0436384218680207	282.893465650041	0.0708198757758536	0.139921297741764
AP4S1	betareg	33	35	-0.210626965900046	0.095882667121415	0.0280407526493348	0.0304919886071524	0.0473344340027213	93.9168147986952	0.0708198757758536	0.139921297741764
TBX3	betareg	33	35	0.200696452624974	0.0913749057916427	0.0280628486226752	0.0299146210600181	-0.0431918833797898	187.374235406028	0.0708198757758536	0.139921297741764
PTEN	betareg	33	35	0.167110460563066	0.0761463976753268	0.0281927031227728	0.0277515473184668	-0.00812414496319717	1999.99531844503	0.0709869943270236	0.140251479689984
PDHA1	betareg	33	35	0.143838800675702	0.0655431526676611	0.0281947159030415	0.0322020302012987	-0.0275584535316633	1292.44807881059	0.0709869943270236	0.140251479689984
KATNAL1	betareg	33	35	-0.158464276253224	0.0722370242654526	0.0282590591564226	0.0348060899864966	0.0185507047153581	708.653080309643	0.0710662625906126	0.140408092762086
EIF1	betareg	33	35	0.0968667628040016	0.0441882050662463	0.0283693486959714	0.0305612435748181	-0.00615965337955732	9254.23257298913	0.071184438740481	0.140641577501653
JPT2	betareg	33	35	-0.10726009819728	0.0489301683102022	0.0283718791964486	0.0300504546063964	0.012502025671742	899.542355742148	0.071184438740481	0.140641577501653
MEF2D	betareg	33	35	-0.196979547064075	0.0899403320633559	0.0285159970344569	0.0301677424477654	0.0358538332062986	263.393775261271	0.0714631234614516	0.141192184621361
TMEM38A	betareg	33	35	-0.184422681113814	0.0843010783474337	0.0286938727560159	0.0308004810952813	0.0283042592174652	775.332759241184	0.0718256648277528	0.141908470238954
CPPED1	betareg	33	35	0.0825253226753357	0.03774726661727	0.0287966206520465	0.03155302527731	-0.0185924263508489	249.260860800926	0.0719837230609278	0.142220751401019
FAM102B	betareg	33	35	-0.137238431046516	0.0627837495092071	0.0288235831297174	0.0321778854433312	0.0232878528512917	1888.94492495472	0.0719837230609278	0.142220751401019
PAPOLG	betareg	33	35	-0.177594544796496	0.0813421415815885	0.0290135010151991	0.032108867829199	0.0406956092466822	196.447024497994	0.0723744487881142	0.142992721843075
FAM167A	betareg	33	35	-0.0983129076310488	0.0450496935755986	0.0290858251571708	0.0306676939322708	0.0183704749110474	669.73519106791	0.0724127149685442	0.14306832566992
LETM1	betareg	33	35	-0.145712456336486	0.0667736176305017	0.0290958050566723	0.0339156913003653	0.0174045929862145	777.484737184029	0.0724127149685442	0.14306832566992
VPS13D	betareg	33	35	-0.158390325319002	0.0726754902991198	0.0293005754152481	0.03257492270288	0.0354352709342916	152.181798116192	0.0727723550602627	0.143778879138165
SRSF1	betareg	33	35	-0.13939220278829	0.0639612109636885	0.0293076067702649	0.0322459024740942	0.0126493088381889	1179.37954286388	0.0727723550602627	0.143778879138165
RBM39	betareg	33	35	0.107185328151259	0.0492121265492905	0.0294040451296472	0.032287238215348	-0.0237919335674031	550.532688570092	0.0729280875168409	0.144086565182319
CNR1	betareg	33	35	-0.112865712293725	0.0518863574782381	0.029611512468468	0.0323650854831841	0.0244783636937671	3023.28592253825	0.0733585224978475	0.144936990581631
PLOD2	betareg	33	35	0.206896957243889	0.0951825336316818	0.0297287117940859	0.0321813010802474	-0.0444656653221105	51.9696007611593	0.0735302364020269	0.145276251729012
MSMO1	betareg	33	35	-0.103808844440632	0.0477629308774882	0.0297488229026177	0.0325843818894053	0.0223409845675196	2302.98055460994	0.0735302364020269	0.145276251729012
SESN3	betareg	33	35	-0.167462769915412	0.0770853560064485	0.0298230194245637	0.0348735187658899	0.0282582358555103	651.780850388612	0.0736294801446787	0.145472331051553
POLR1D	betareg	33	35	0.0846487533760403	0.0390178821220062	0.0300457976285332	0.0328898749123818	-0.0187393361144197	504.084999674767	0.0740949097454818	0.146391896541302
AK1	betareg	33	35	0.0946953184720915	0.0437398785941128	0.0303903443330315	0.0334337077677651	-0.0201068615516847	824.247339037378	0.0748592262448114	0.147901983297316
PXDN	betareg	33	35	-0.139380429090732	0.0644853370070328	0.0306622738772503	0.0319437675720682	0.0263742409694997	801.643354245917	0.0752570255621631	0.148687929278086
KCTD12	betareg	33	35	0.223292109598315	0.103325259914474	0.0306906874197564	0.0323614949845229	-0.044361160173277	638.642955074252	0.0752570255621631	0.148687929278086
ZBTB2	betareg	33	35	0.233218315902746	0.107924995266752	0.0307007786716288	0.0327958551062679	-0.0333798582614289	186.419204579345	0.0752570255621631	0.148687929278086
SAMD5	betareg	33	35	-0.204266750161005	0.0945308433218773	0.0307071102734986	0.0318713528142993	0.037163944913928	152.721265492234	0.0752570255621631	0.148687929278086
PEDS1	betareg	33	35	0.139043266321446	0.0643598650228242	0.0307414603642682	0.0329614917828902	-0.028222047165453	816.038757381041	0.0752570255621631	0.148687929278086
NBPF9	betareg	33	35	0.252188124998867	0.116759799472743	0.0307813175852286	0.0328336959402113	-0.0273541356862434	92.1251099701058	0.0752570255621631	0.148687929278086
CRKL	betareg	33	35	-0.139590325669707	0.0646352084025186	0.0307986984654322	0.0366377484980652	0.0107686827262162	1604.14975530714	0.0752570255621631	0.148687929278086
ATMIN	betareg	33	35	0.070954833291068	0.0328607594421557	0.0308302142149272	0.0332617692014078	-0.013952068536858	2193.8176973967	0.0752570255621631	0.148687929278086
H2AZ2	betareg	33	35	-0.103763420847303	0.0480862353550658	0.030938626034057	0.0345380572900145	0.0183954724174147	810.237745088288	0.0754040849454589	0.148978479628964
SOCS6	betareg	33	35	0.186724952274686	0.0865484004790376	0.0309696245618909	0.0332689723332473	-0.0359869361296667	333.187347954432	0.0754040849454589	0.148978479628964
NAV3	betareg	33	35	-0.161743207179296	0.0749805265005209	0.03099505461974	0.0349056685399693	0.00865632862081374	506.046311402948	0.0754040849454589	0.148978479628964
DIRAS2	betareg	33	35	0.0826639927929074	0.0383444101081773	0.0310970170819159	0.033804753077874	-0.0183066497122154	989.33166798896	0.0754523025636456	0.149073744858348
ZDHHC9	betareg	33	35	-0.195189559115098	0.0905635844548056	0.0311402089852312	0.0328602414307672	0.0216602021048078	1724.03751595346	0.0754523025636456	0.149073744858348
CDV3	betareg	33	35	-0.16583740260673	0.0769482289364666	0.0311476308187952	0.0389193738379006	0.019260763792763	1563.99163831042	0.0754523025636456	0.149073744858348
LZTR1	betareg	33	35	-0.0751772465167431	0.0348835001950968	0.0311544240951333	0.0340595086899119	0.0167709084483549	779.333248004225	0.0754523025636456	0.149073744858348
EEF1A1	betareg	33	35	0.216591606682882	0.100553051251734	0.0312399112055759	0.035328567400973	-0.028510503494331	522.724442336164	0.0755476033391827	0.149262033923287
CCSER2	betareg	33	35	0.18893870238104	0.0877376865441826	0.0312833463772526	0.0345273477710122	-0.0114133531697	880.149749896619	0.0755476033391827	0.149262033923287
STX7	betareg	33	35	-0.159535911399294	0.0740999548965596	0.0313200483339362	0.0353302472709515	0.00742675016296858	4054.54215061211	0.0755476033391827	0.149262033923287
SERF2	betareg	33	35	0.164568791813096	0.0764436623817098	0.0313334997494005	0.0368984121206777	-0.0208553387643824	6656.54643263855	0.0755476033391827	0.149262033923287
HAUS5	betareg	33	35	0.265791428714739	0.123494728742181	0.0313777340490577	0.0368611841811125	-0.0289415401757021	92.4639238289305	0.0755515004055679	0.149269733493217
GCSH	betareg	33	35	0.28667244671228	0.133218098474672	0.0314049825439744	0.0368871525211699	-0.034820778451047	81.5630815331166	0.0755515004055679	0.149269733493217
CDH12	betareg	33	35	0.17397331980421	0.0808641559958447	0.0314425204997492	0.0336396542243691	-0.0365574322607441	133.874102858519	0.0755577596527118	0.149282100106032
VAMP2	betareg	33	35	-0.155776842784176	0.0724826985312654	0.0316217993344597	0.0329138333281961	0.00599357916464937	8817.89825579505	0.0759042365368914	0.1499666465662
ATP6V0A2	betareg	33	35	-0.196381286638603	0.0914641131706228	0.0317864619797544	0.0348345911049833	0.0430472128676551	80.0852555154441	0.0762148997124495	0.150580434633582
MAPKAPK5	betareg	33	35	-0.16168693631573	0.0753281805011004	0.0318384024508302	0.0334830166832415	0.0318907637245711	365.157135999398	0.0762548983980141	0.150659461431226
TMEM233	betareg	33	35	0.138772401159268	0.064795227756934	0.0322170567610184	0.034987526209535	-0.0307372010022965	452.241730635223	0.0770764423877047	0.152282614535212
CDC14B	betareg	33	35	-0.220008057812725	0.102984296683252	0.0326528295426973	0.0354578139434631	0.044933904612175	90.7098251495101	0.0780326706771283	0.154171868106017
MTREX	betareg	33	35	-0.0767112320786509	0.0359167065913905	0.0326949696092969	0.0352775728682574	0.0152417683803841	513.109373583292	0.0780471357095852	0.154200447174973
PTCD1	betareg	33	35	0.0585253991382088	0.027416614691885	0.0327880519186121	0.0356372112041512	-0.0130675483619785	1228.46770530559	0.0781275623272074	0.154359348847525
TANC2	betareg	33	35	-0.188938087085838	0.0885158322847567	0.0328009100757203	0.0347305158982939	0.0397619681483369	1873.8187058971	0.0781275623272074	0.154359348847525
PLEKHG1	betareg	33	35	-0.234224571341598	0.109832218435966	0.0329602577588941	0.0348766217675793	0.0490040659750671	117.908384698467	0.078380332103097	0.154858754906698
UNC80	betareg	33	35	0.180707642540955	0.0847464619428422	0.032979514852585	0.0361930393674329	-0.0343247194348813	202.366755245782	0.078380332103097	0.154858754906698
VPS36	betareg	33	35	-0.0829338118811085	0.0389043453524281	0.0330285167943649	0.0371609952891136	0.0143076048558993	1044.44304431194	0.0784106264028217	0.154918608410891
RFC1	betareg	33	35	-0.147680223488705	0.0693436192443635	0.0331974402718315	0.0361404278455317	0.0320180710272503	90.29957931447	0.0786674887102543	0.155426100227322
RABGEF1	betareg	33	35	-0.0654543430941063	0.0307419808541176	0.0332417053401169	0.0364392556381858	0.0144097574987961	600.705522841174	0.0786674887102543	0.155426100227322
RPS29	betareg	33	35	0.226804254042659	0.106525789343543	0.033245835620822	0.0377168820140798	-0.0500267538120384	185.231522625962	0.0786674887102543	0.155426100227322
SCAMP5	betareg	33	35	-0.260866462947736	0.122618552456681	0.0333816124619531	0.041177041826843	0.0462318293690608	2289.12999835487	0.0789024422185781	0.155890306065492
HNRNPH3	betareg	33	35	0.116634694833658	0.0549286369769919	0.0337215253732456	0.0365367228847268	-0.0254091207756734	575.645580225914	0.07942580405695	0.156924330296843
RASL10B	betareg	33	35	-0.0919789850104974	0.0433219151658893	0.0337411666633285	0.036715936097389	0.0203123493916565	954.484675535352	0.07942580405695	0.156924330296843
CDC40	betareg	33	35	-0.164624656681521	0.0775738562310617	0.0338237394695347	0.0365987215536109	0.0300477887645655	70.0289413654919	0.07942580405695	0.156924330296843
STRN3	betareg	33	35	0.200635241927244	0.0945534572039271	0.0338441279566256	0.0369327977888352	-0.0366136534232261	226.048011242982	0.07942580405695	0.156924330296843
NUAK1	betareg	33	35	-0.222808073295072	0.10500483534664	0.0338474857685922	0.0345541644748722	0.0383588424804854	441.543079998369	0.07942580405695	0.156924330296843
CSGALNACT1	betareg	33	35	0.163749909751958	0.0771725000082556	0.0338487682665475	0.0364739417000701	-0.0340896412241226	95.1356484035279	0.07942580405695	0.156924330296843
WDR12	betareg	33	35	-0.154764181598248	0.0729423210255702	0.0338601059053802	0.0355776259217494	0.0289254510923769	262.48128656774	0.07942580405695	0.156924330296843
PTCHD1	betareg	33	35	-0.247762517017116	0.116831118696776	0.0339479476901173	0.0362025062118575	0.0459573273066504	467.32076926423	0.0795455798975487	0.15716097560116
CYB5R4	betareg	33	35	-0.239104975871212	0.112814223128179	0.0340518034606814	0.0361357608426945	0.0527531942403046	202.335640748666	0.0797025792547656	0.157471164705077
C2orf49	betareg	33	35	0.154426477349736	0.0729312068350768	0.0342236586100859	0.0371162870920435	-0.015515964100881	388.536913666203	0.0800157323304437	0.158089872154938
STX6	betareg	33	35	0.104705950990664	0.0494595181275278	0.0342595884894623	0.0369912066495698	-0.0234288105015555	502.511240164719	0.0800157323304437	0.158089872154938
CHRNB2	betareg	33	35	-0.141784459409837	0.0670104318071939	0.03435701189638	0.0352853292948451	0.0209513443098686	1816.13956273346	0.0801567093813202	0.158368405429592
KRBOX5	betareg	33	35	-0.272450282725575	0.128880936756953	0.0345179298825267	0.0384156406403465	0.0185038668298862	547.84591191222	0.0804453591538882	0.158938700849177
FKBP7	betareg	33	35	0.17522147855374	0.0829755941719553	0.0347102069017159	0.0366578306532301	-0.0386911666651262	122.88728702959	0.0808063922660836	0.159652006556547
SS18L1	betareg	33	35	-0.168901904072554	0.0800657073075923	0.0348978981938254	0.0384521788389324	0.0336347675901289	361.064130200083	0.0811559847334418	0.160342708583028
NAA50	betareg	33	35	0.0936463121185205	0.0444086500004582	0.0349669999604145	0.0380586872482208	-0.0171449784287856	996.472461606916	0.0812293393426291	0.160487637841945
KIAA1191	betareg	33	35	0.0763667836067875	0.0362222348987222	0.0350063706501688	0.0380294269236044	-0.0166770858084583	2266.90038860025	0.0812335445033756	0.160495946124647
PIK3CA	betareg	33	35	0.159203549363496	0.0755984526277063	0.035212157087777	0.0385516577824111	-0.0241836353673076	343.900018627428	0.0815863963503984	0.161193087821171
MFSD14B	betareg	33	35	0.134703345397245	0.063972022419025	0.0352338740989876	0.0377817012260505	-0.02445719236826	226.830161661135	0.0815863963503984	0.161193087821171
CHID1	betareg	33	35	0.159336309151407	0.0757258492551125	0.0353679400944903	0.0406755240954371	-0.0175813053227739	481.472513427301	0.0816067545547007	0.161233310235211
ZNF423	betareg	32	35	-0.297215255082935	0.141255814368993	0.0353704064410239	0.0408144660506592	0.0382241064999613	153.296008163621	0.0816067545547007	0.161233310235211
UMPS	betareg	33	35	0.295684080077904	0.140534805209437	0.0353791608780639	0.0390139611219168	-0.0534178804777063	108.642055340743	0.0816067545547007	0.161233310235211
SMIM12	betareg	33	35	0.171352939495606	0.08144823370782	0.0353935981747315	0.0393534221770065	-0.0228122363222867	1592.79641833752	0.0816067545547007	0.161233310235211
ZNF555	betareg	33	35	-0.245565249751806	0.116788416484409	0.0354963114838345	0.0386296650990365	0.0407742529403958	292.197929939752	0.0816898508777478	0.161397486537851
ELOA	betareg	33	35	-0.118606188466954	0.0564106559609017	0.0355051807501942	0.038581517743775	0.0144182947241085	461.523214016273	0.0816898508777478	0.161397486537851
MAP4K4	betareg	33	35	-0.133924283986766	0.063752313656587	0.0356675867013639	0.0379991244767601	0.0293872488985751	593.100041107183	0.0819763035114359	0.161963440993547
TSPYL1	betareg	33	35	0.227963866783012	0.108571635251134	0.0357584792127346	0.0352814718944563	-0.00613600343701286	3207.34589052353	0.0820979601236089	0.162203802203838
ZNF431	betareg	33	35	-0.205539816209478	0.0979192834664026	0.0358103832191222	0.0376134387933676	0.0337280130203333	219.184753479669	0.0821299398574681	0.162266985679013
PTPN4	betareg	33	35	-0.209093566722197	0.099653004922618	0.0358860357580086	0.0385614407999755	0.0371547024306884	113.607036185196	0.0821889251355401	0.162383524949452
CHST12	betareg	33	35	0.217785533750275	0.10382628661707	0.035940908147598	0.0412173172050634	-0.0191792375730686	587.293897602069	0.0821889251355401	0.162383524949452
PRCP	betareg	33	35	0.156424340058643	0.0745768728206989	0.0359501087297406	0.0401592228061929	-0.0156943455656096	766.351717068421	0.0821889251355401	0.162383524949452
LRRC7	betareg	33	35	-0.158827584229359	0.0757440116913337	0.0360024681554972	0.038798220958027	0.0275318324015721	511.425450172521	0.0822217138129568	0.162448306682618
GPD2	betareg	33	35	-0.156739248101204	0.0747711747473011	0.0360598144413901	0.0414745768500878	0.021377051704759	348.900573544122	0.0822658101933894	0.162535429438882
ZNF670	betareg	33	35	0.150962656296294	0.072079373748587	0.0362248370577048	0.0388886183455534	-0.0348915444005697	146.731340845168	0.0825552044339273	0.163107195729792
SMURF2	betareg	33	35	-0.151383577876468	0.0723389933234382	0.0363762315321534	0.0398961094808204	0.0288208488001774	130.454505512902	0.0828129640319987	0.163616460354622
ATXN10	betareg	33	35	-0.111022792827053	0.0532347699498738	0.0370210764604079	0.0405606508473487	0.0211105510630459	2337.59379567829	0.0841923737980077	0.166341808323158
OSBPL2	betareg	33	35	-0.0856732788005326	0.0410890851291937	0.0370636978071075	0.0397674868344909	0.0191186707732454	513.919762206437	0.0842007629784783	0.166358383119507
NOM1	betareg	33	35	-0.297685898363841	0.142859366906628	0.0371811982797071	0.0399497692428405	0.0586315558912461	61.6204799228579	0.0842679255045393	0.166491078463901
CBLL1	betareg	33	35	0.162515503829874	0.0779945992625449	0.0371896146326306	0.0404895939866828	-0.0312217539396965	598.58995633292	0.0842679255045393	0.166491078463901
C2CD5	betareg	33	35	0.138645786210498	0.0665462253109309	0.0372101521022761	0.0401763681206346	-0.0281528111623941	239.762418679293	0.0842679255045393	0.166491078463901
SLC46A3	betareg	33	35	-0.204566393112306	0.0982540125547882	0.0373410390492616	0.0388057627958665	0.0152503243168559	97.7402876701168	0.0843969982970594	0.166746092080273
UQCC1	betareg	33	35	0.0504274396475553	0.0242234890402739	0.0373645891044769	0.0403063728085724	-0.0113572705427037	871.539859686019	0.0843969982970594	0.166746092080273
PDE3B	betareg	33	35	0.116048296047773	0.0557637298847546	0.0374273832921964	0.0396941420943254	-0.024443339487389	174.707569488514	0.0843969982970594	0.166746092080273
ZNF264	betareg	33	35	-0.228581457257471	0.109841902252765	0.0374335238488146	0.0420928359322683	0.0353379596468891	222.478858151357	0.0843969982970594	0.166746092080273
INTS6	betareg	33	35	-0.293065054781208	0.14087447666658	0.0374954995895825	0.0396202192103984	0.0632666144023788	54.4529597564426	0.0843969982970594	0.166746092080273
PTGER4	betareg	33	35	0.133423336519303	0.0641514383591197	0.0375422004346735	0.0396842421968605	-0.0191971336398825	547.120184296607	0.0843969982970594	0.166746092080273
AVL9	betareg	33	35	-0.207697647608667	0.099878750875035	0.0375716152973585	0.0383637321409514	0.0241724488342013	333.101962767502	0.0843969982970594	0.166746092080273
KDM7A	betareg	33	35	0.307288750233816	0.147776622775735	0.0375793322427574	0.0363424886995236	-0.0439538970540574	62.5537880361434	0.0843969982970594	0.166746092080273
CCDC152	betareg	32	35	-0.265869653643573	0.128184138923363	0.0380679014281	0.0421660450088744	0.0539022520890891	64.2976256787355	0.0852622932297395	0.168455685447722
PTBP3	betareg	33	35	0.20268769943288	0.0977302310591186	0.0380838722926957	0.0383888104669894	-0.0321255969027828	348.156487397463	0.0852622932297395	0.168455685447722
ZNF510	betareg	33	35	-0.109969575411202	0.0530285575505812	0.0380997240746456	0.0408890949732195	0.0246572765575163	248.907391473191	0.0852622932297395	0.168455685447722
SLC35E3	betareg	33	35	-0.124649078594768	0.0601246233076432	0.0381556670607843	0.0411236427524467	0.026712031392731	371.921666984028	0.0852622932297395	0.168455685447722
NOL3	betareg	33	35	0.145650244710396	0.0702582429809488	0.0381657801363453	0.0408503280154895	-0.02546823283968	793.036087469896	0.0852622932297395	0.168455685447722
ADD3	betareg	33	35	0.120458051609023	0.058116778229208	0.0382011605894787	0.0411591859688305	-0.02753684916706	639.256027541293	0.0852622932297395	0.168455685447722
EEF1AKMT2	betareg	33	35	0.115007312861579	0.0555084866005173	0.0382759787829227	0.0414049044270859	-0.0241768977425519	227.805287158893	0.0853412107300405	0.168611605504566
CCDC127	betareg	33	35	0.163454368503291	0.0789232651593794	0.0383537209440105	0.0421270129084144	-0.0310719184002369	728.122083926785	0.0854264783287589	0.168780071672252
ZFX	betareg	33	35	-0.19475559989235	0.0940577539368191	0.0383965754181734	0.0418557028466999	0.0389497779418471	160.965372230628	0.08543394395558	0.168794821771456
SDC1	betareg	33	35	-0.0882299696976733	0.0426327639250492	0.0384959706940891	0.0408056516843586	0.0166129283737307	386.998023500884	0.0855670705266722	0.169057844579489
CSMD3	betareg	33	35	0.230523908712162	0.111418900550225	0.0385475997960082	0.0452004286526633	-0.0312172360617879	67.2476832296224	0.0855938602924324	0.16911077405374
RIC8B	betareg	33	35	-0.0949790799536569	0.045922071987639	0.0386149764985557	0.0415379878590319	0.0146917247880332	449.166028793969	0.0856555263450555	0.169232609823926
IPO5	betareg	33	35	0.110028995120471	0.0532118881905263	0.038663337222746	0.0421896978074439	-0.0226693831813527	632.158090679539	0.0856749281136461	0.169270942574584
SMG1	betareg	33	35	0.149216159716899	0.0721824980395791	0.0387146600810887	0.0416338102332774	-0.0328545502235831	310.111638413778	0.0856886255835817	0.169298005143505
GFRA1	betareg	33	35	-0.172664507954971	0.0835401328929699	0.0387487594267137	0.0465394190708293	0.00530983981645545	1665.99168959961	0.0856886255835817	0.169298005143505
SEC22B	betareg	33	35	0.121225140099056	0.0586802825185472	0.0388418751245845	0.0422931532865692	-0.0229617654921333	534.671157464632	0.0857522137353784	0.169423638472043
STAU1	betareg	33	35	-0.0876558823637358	0.0424339844723172	0.0388568138784466	0.0418778886858137	0.0109388649200638	1742.19433223651	0.0857522137353784	0.169423638472043
LDAF1	betareg	33	35	0.137482182707232	0.0666572499116164	0.0391578679062474	0.041454700966263	-0.026694081944319	322.802161934402	0.0862587873440842	0.170424493612713
DMTF1	betareg	33	35	-0.0994089924561552	0.048199765613735	0.0391661251410447	0.0424536640122935	0.0143811967944828	454.849088336415	0.0862587873440842	0.170424493612713
LYNX1	betareg	33	35	-0.139361513297143	0.0675982312858696	0.0392444249482496	0.0422286908785731	0.0311357489997632	784.477548484285	0.0863433074916655	0.170591483015128
PSMD12	betareg	33	35	-0.0713634350461271	0.0346364429731468	0.0393644318850203	0.0422893023739678	0.0156170905235191	656.137734939294	0.0865193242040111	0.170939245370622
PGAP1	betareg	33	35	-0.149309310672591	0.0724895491578743	0.0394238166709059	0.0414224753720311	0.0190537528331015	974.910536100006	0.086561876998817	0.171023318410945
SORBS2	betareg	33	35	0.14596552645556	0.0709491141222544	0.039654784115498	0.0426317706635772	-0.0327761590505208	262.766744275554	0.0869807010940533	0.171850803778421
COX7A2L	betareg	33	35	0.264906941963365	0.128888934717252	0.0398489031442405	0.050039449142698	-0.00819014739368686	3646.88296519053	0.087317933319244	0.172517085243505
ARMH3	betareg	33	35	-0.130951954338998	0.0637512030104044	0.0399650908522705	0.042287181257538	0.0284580084643386	382.666040145484	0.0874284746288273	0.172735485562929
HCFC2	betareg	33	35	0.169203962858738	0.0823796494779555	0.0399802001455035	0.0426543384105531	-0.036663273575247	185.088150477738	0.0874284746288273	0.172735485562929
CACNB2	betareg	33	35	0.202239176424893	0.0985108473930251	0.0400761152669166	0.0426832330200085	-0.00966094635824462	431.197345843008	0.0874942427299677	0.17286542589339
VIRMA	betareg	33	35	0.205504308960255	0.100109675606349	0.0400927860113214	0.0422968260941565	-0.0323786097502827	69.2024233871339	0.0874942427299677	0.17286542589339
SEMA4D	betareg	33	35	0.216438017218429	0.105467134263001	0.0401517361548957	0.0439483354015957	-0.0276913158354053	210.107627845513	0.0874942427299677	0.17286542589339
BTNL9	betareg	33	35	0.0830604734787341	0.0404783076171144	0.0401720963988151	0.0427839263427055	-0.0177239196236322	457.782678384191	0.0874942427299677	0.17286542589339
KCNJ12	betareg	33	35	-0.2523231609135	0.123129336760259	0.0404373833759016	0.0405024888448894	0.0323040120612179	494.845632555618	0.0879834302587224	0.173831930749726
ZC2HC1C	betareg	23	25	-0.391350972003594	0.19102350282101	0.0404908846323623	0.0409128274228417	0.0253967884484787	64.2891229636349	0.0880112954394778	0.173886984958878
PGGT1B	betareg	33	35	-0.292074078984787	0.142644274550203	0.0406021914512816	0.0423533472991848	0.0325644518764241	186.74913608577	0.0881646251259662	0.174189923766392
SRGAP2	betareg	33	35	-0.140544435103307	0.0687367468478035	0.0408867272918222	0.0448981256855893	0.0307055267047777	558.810862789579	0.0886934238221689	0.175234689787318
FHL1	betareg	33	35	0.106870320091929	0.0523723384110142	0.0412918818031234	0.0442719208645879	-0.0183741170985142	3019.73594903706	0.0894825523544053	0.17679379854183
STK24	betareg	33	35	-0.123292026382294	0.0604763451991425	0.0414817918770448	0.0444708376143637	0.0278369212097416	1732.97176716177	0.0898041174012585	0.177429125816429
ISY1	betareg	33	35	-0.28297494884287	0.138882337046108	0.0415983854547045	0.0420258224080436	0.0206293249802502	242.745090698582	0.089966474829435	0.177749901047952
FGFBP3	betareg	33	35	0.116737687490339	0.0573077299477142	0.0416468218210417	0.0441518177408838	-0.0234325725385296	444.944003683915	0.0899812488273625	0.177779090550761
SLF2	betareg	33	35	-0.213939649889673	0.105067078521265	0.0417283039164372	0.0475438192244413	0.016485375480908	209.055579538404	0.0900673199892634	0.177949144346244
MKKS	betareg	33	35	0.259118394624321	0.127468662447033	0.0420726557598675	0.0440733370738297	-0.0174888530901078	590.998708685488	0.0906284115366187	0.179057712479099
ATPAF1	betareg	33	35	0.0825238015644595	0.0406012252451741	0.0420985523626896	0.0451785655493422	-0.0178116609741321	1335.28585317313	0.0906284115366187	0.179057712479099
EPG5	betareg	33	35	-0.212404870521458	0.104509786674641	0.0421139716923694	0.0461204157502004	0.0448476199920182	137.509985440737	0.0906284115366187	0.179057712479099
ADD1	betareg	33	35	-0.071148159720578	0.0350759629187314	0.0425192175907381	0.0473630579455842	0.0100426798642357	2871.72611675565	0.0913523218845528	0.180487967393019
ZNF83	betareg	33	35	-0.09732953972346	0.0479869781586263	0.0425348427720033	0.045838540858509	0.0138927448107656	450.829857852661	0.0913523218845528	0.180487967393019
VANGL1	betareg	33	35	0.197623402730685	0.0974860320970868	0.0426422583961244	0.0459878933594566	-0.0377334117273347	208.934889948957	0.091492162857053	0.180764256078015
COL18A1	betareg	33	35	0.134289124131796	0.0662987341186158	0.0428144421920832	0.0463198636788228	-0.0213971165703677	385.697834282811	0.0917705538860792	0.181314282940309
SAMD9	betareg	32	25	-0.391850366834801	0.19355137951742	0.0429157586539079	0.0389436404844488	0.0282938653588904	101.220888322729	0.0918069750312224	0.18138624146661
ALKBH1	betareg	33	35	0.205940772636634	0.101729331309692	0.042929098342344	0.0464624667968112	-0.00993318763961507	324.588381603009	0.0918069750312224	0.18138624146661
AP3M2	betareg	33	35	-0.0765696582867581	0.0378334791044003	0.0429845769281718	0.0463917871546023	0.0144073233035926	702.289245278991	0.0918069750312224	0.18138624146661
ZC3H13	betareg	33	35	0.119896097675984	0.0592460416529633	0.0430012315950564	0.0461059087095063	-0.0202764643709508	320.646022315215	0.0918069750312224	0.18138624146661
PPP2R2C	betareg	33	35	0.113001167742711	0.0558603076288234	0.0430809637971951	0.0453053768956036	-0.0225372539429727	706.177039177147	0.0918864947694943	0.18154335138601
DDX51	betareg	33	35	-0.184081259616816	0.0911407018831987	0.0434095228766266	0.0444732622803365	0.0356299417540588	273.687897086033	0.0924957961877974	0.182747169441759
MRPS35	betareg	33	35	-0.139429045787972	0.069052151521748	0.0434680290604954	0.046974807197523	0.0272552422169177	634.718377362694	0.0924957961877974	0.182747169441759
UBR2	betareg	33	35	-0.137217865143885	0.0679657811735865	0.0434949382921295	0.0486898193891204	0.0173609329152376	306.456506179861	0.0924957961877974	0.182747169441759
GNS	betareg	33	35	-0.0943744761383146	0.0467669718294718	0.0435940963179711	0.0470270053684213	0.0202786083994084	1187.29475381128	0.0926155969651197	0.182983864014431
FADS1	betareg	33	35	-0.121267485585953	0.060174324757962	0.0438764115149848	0.0462249271100173	0.025913001358123	1024.22906687055	0.0931238979019387	0.183988131897478
MRPL52	betareg	33	35	0.0991207658581741	0.0492002717211739	0.043942531375653	0.0473452629356419	-0.020711908727242	781.211504217307	0.0931727960803855	0.184084741733495
SPAG9	betareg	33	35	-0.126607405733342	0.0628705708284246	0.0440327907798761	0.0467817722677508	0.0278393101540751	1122.75217408605	0.0931774403666724	0.184093917611838
MARF1	betareg	33	35	-0.128709954466854	0.0639210392640519	0.044053930358142	0.047567098202795	0.0155117667405814	260.054758673099	0.0931774403666724	0.184093917611838
TRA2B	betareg	31	30	-0.311052031908582	0.154576993358916	0.0441905387332762	0.0480924524311885	0.00485713925055736	926.905920298114	0.0931774403666724	0.184093917611838
DCAF8	betareg	33	35	0.0598820052478491	0.0297586407970565	0.044192951846525	0.0478971126682769	-0.011214775061605	574.03591038561	0.0931774403666724	0.184093917611838
STMN4	betareg	33	35	0.111162396465505	0.0552493943113079	0.0442187633954502	0.0476397049802894	-0.00755127092358387	6752.36522840991	0.0931774403666724	0.184093917611838
LIMD2	betareg	33	35	0.150240501726806	0.0746759304517926	0.0442304832945622	0.047860367466973	-0.0174290350591347	548.227580994424	0.0931774403666724	0.184093917611838
RFK	betareg	33	35	0.098359594890281	0.0489005172763163	0.0442808612999225	0.0475938133480628	-0.018412448461934	2135.56126282063	0.0931774403666724	0.184093917611838
TNR	betareg	33	35	-0.218959313130443	0.108878451062642	0.0443208507161808	0.047330151867325	0.0314988613955765	614.032044511891	0.0931774403666724	0.184093917611838
SLC25A26	betareg	33	35	0.148222137037926	0.0737081204543588	0.0443324692774587	0.0470607705512012	-0.0225430152538541	424.953402402158	0.0931774403666724	0.184093917611838
TMEM182	betareg	33	35	0.151533863618927	0.0754050147863235	0.0444736172530785	0.047498609886089	-0.0152637400489291	214.472591135071	0.0933833518944651	0.184500744196509
USP37	betareg	33	35	-0.13129696948418	0.0653710760010686	0.044591544749766	0.0476219914480117	0.0199096869457522	246.974551420553	0.0935401541380788	0.184810543856208
BAG1	betareg	33	35	0.208708415279645	0.103949953871298	0.0446669032123144	0.0459857577306224	-0.00709031742553106	999.462334968623	0.0936074415176925	0.18494348587812
WDR26	betareg	33	35	0.108013104274609	0.0538154342250072	0.0447387269483451	0.047554824624561	-0.0225879443518637	396.077486894728	0.0936671981444352	0.185061549129021
SEMA4F	betareg	33	35	-0.0736779104851421	0.0367166406533059	0.0447855982844587	0.0483384973767527	0.0159020910106792	2028.36270467697	0.09367464814037	0.185076268345737
SHOX2	betareg	33	35	0.158651995442192	0.079086569238952	0.0448503967360536	0.0461714067354054	-0.0218032820012591	1167.49084679824	0.0937195443027551	0.185164971259089
STX17	betareg	33	35	0.144044985040971	0.0718484808728705	0.0449797429999966	0.045530789463976	-0.0132632093864394	370.469244316096	0.0938991029327693	0.185519731504812
BACH1	betareg	33	35	-0.118728402282343	0.0592348433721919	0.045030694771368	0.0494246101972205	0.0168738723116662	347.937731165327	0.0939148177928058	0.185550779901693
PLCXD2	betareg	33	35	-0.142069828790711	0.0709319279751338	0.0451876140758974	0.0481961287840241	0.030869024666413	817.940397337155	0.0941505486020633	0.186016521480419
AAK1	betareg	33	35	-0.176777986007902	0.0882785654795672	0.0452307900346724	0.0494989298800675	0.0217852092762936	651.161001373386	0.0941505486020633	0.186016521480419
KCNAB1	betareg	33	35	0.127310874652805	0.0635958520210665	0.0452982981775808	0.0482506049441383	-0.0289587787014203	388.989587292211	0.0942004062792454	0.186115027031541
SNIP1	betareg	33	34	-0.268049982829009	0.134011181377834	0.0454780131091682	0.047990094616889	0.0372132170093695	120.943015446246	0.0944832844636808	0.186673919323224
PHB	betareg	33	35	0.100945860198428	0.0505045397280602	0.0456356000103346	0.0499003351266168	-0.0182240662299926	1422.69634512873	0.0947195040104427	0.187140626517677
RNASEH2C	betareg	33	35	0.132940868863297	0.0665254952524672	0.0456793057472355	0.0486760470813547	-0.011531140269795	1189.54908511799	0.0947195040104427	0.187140626517677
FLVCR1	betareg	33	35	-0.115224193701245	0.0576926393967561	0.045802606009213	0.0484562589503962	0.0234828465466525	484.829964433807	0.0948842040614149	0.187466030150735
ZNF708	betareg	33	35	0.27970077313197	0.140081079590744	0.0458570981311902	0.0458416355717685	-0.0360009951215931	321.805976088702	0.0949061830711024	0.187509454846484
ARID3A	betareg	33	35	0.217256627549037	0.108953650751668	0.0461489974238501	0.0473298621583581	-0.031887297354387	155.912281081349	0.0952396581406158	0.188168313168102
KSR1	betareg	33	35	-0.164087410494253	0.0822996421351087	0.0461760623227328	0.0495632419314262	0.0370515550777173	202.930441273485	0.0952396581406158	0.188168313168102
DLD	betareg	33	35	-0.123215732637313	0.0618113408576828	0.0462158835648227	0.0492434339923844	0.0186725689545839	1031.37947151508	0.0952396581406158	0.188168313168102
MLEC	betareg	33	35	0.105337917047286	0.0528441077857928	0.0462208265044469	0.0494071998707643	-0.0203239286174181	1736.27848529407	0.0952396581406158	0.188168313168102
DCAF12L2	betareg	33	35	0.14386269913851	0.0721805186587142	0.0462509418140442	0.049897446999856	-0.0276388376756325	221.792919623541	0.0952396581406158	0.188168313168102
LPL	betareg	33	35	-0.202621313956038	0.101676271783049	0.0462824472594605	0.0499392052136935	0.0424239461594407	123.833418759765	0.0952396581406158	0.188168313168102
MTHFSD	betareg	33	35	0.247408082380698	0.124320379429653	0.0465816082421956	0.0562296142135162	-0.0260504266607323	119.007650915314	0.0957352183938228	0.189147408838326
TIMM50	betareg	33	35	0.156684407162693	0.078754696694071	0.0466433282843195	0.0506758401513802	-0.0294770975702923	528.426896796193	0.0957352183938228	0.189147408838326
PAICS	betareg	33	35	-0.0939648701084959	0.047232552613497	0.0466560657420069	0.05025904464594	0.0151362865838863	694.528790672146	0.0957352183938228	0.189147408838326
ZNF75D	betareg	33	35	-0.134856497998772	0.0678123910618195	0.0467375900968697	0.0500458010418614	0.0303804237005481	106.177078961714	0.0957539001176589	0.189184318971457
TMEM178B	betareg	33	35	-0.151639586375384	0.0762573410768494	0.0467537188939523	0.0496539588929975	0.032683922365517	1644.62107896409	0.0957539001176589	0.189184318971457
NKAPD1	betareg	33	35	0.112306716645836	0.0565202224245962	0.0469203682115028	0.050448590478711	-0.0199259847399631	902.19559104898	0.0960042929043187	0.189679028730134
PCDHB14	betareg	33	35	-0.266651973683281	0.134230501817884	0.0469752860984591	0.0524581289659574	0.020863729029122	249.918118234038	0.0960258135045589	0.189721547730355
RNF187	betareg	33	35	0.199388623167714	0.100413759589838	0.0470699415254631	0.0500875843963688	-0.000902398478140619	9497.27637656481	0.0961284473338912	0.189924324965348
SPPL2A	betareg	33	35	-0.233813027836138	0.117925620523429	0.0473991488355812	0.0505930630082202	0.0518530700706788	57.2250619707193	0.0967094484974866	0.191072229221168
APH1B	betareg	33	35	-0.125143678926965	0.0631474651785615	0.0475051182612995	0.0508202197685888	0.0120096007260367	410.812389470175	0.0968343069547309	0.1913189164284
UNC5D	betareg	33	35	-0.140230742825172	0.0707782437059513	0.0475611106283221	0.0506085887695354	0.0309758126607341	331.795699089222	0.0968571530955735	0.191364054345405
MAK16	betareg	33	35	-0.0871558267068547	0.0440567854556398	0.0478992543421446	0.0492041819601316	0.0159421406576527	452.480517218507	0.0974540107076848	0.192543286739401
RBM33	betareg	33	35	-0.175722094959803	0.0889799719534634	0.048285176337438	0.0514303049043899	0.0390172716277836	196.370216882846	0.0979809971568782	0.193584472240727
PPP1R9A	betareg	33	35	0.19084457609769	0.0966408270571715	0.0482928804188883	0.0526487398267903	-0.0374438509009342	645.314306615484	0.0979809971568782	0.193584472240727
CYTH1	betareg	33	35	-0.0864017057834572	0.0437544100667441	0.0483025345410837	0.0525602602368222	0.0129857183738679	926.589260863118	0.0979809971568782	0.193584472240727
ZKSCAN1	betareg	33	35	-0.117817677093925	0.0596852644079535	0.0483837144786205	0.0516800528987594	0.0256888167192645	2271.40073449527	0.0979809971568782	0.193584472240727
MFN1	betareg	33	35	-0.172067756098697	0.0871682337775582	0.0483847920320842	0.050089108982466	0.0290364556051835	251.740388036704	0.0979809971568782	0.193584472240727
PLXNA4	betareg	33	35	-0.133223299066893	0.0675271380552671	0.0485086300202005	0.0509116309638833	0.0288015992530948	2133.08631424143	0.0981140664673656	0.193847381916986
HIGD1A	betareg	33	35	0.0774034045194428	0.0392392947649636	0.0485412353501464	0.0506959572992738	-0.0142544201190755	1835.82099632582	0.0981140664673656	0.193847381916986
SLC25A33	betareg	33	35	0.141333002369036	0.0716934185903833	0.0486835663550981	0.0514263840304785	-0.0145494122533023	471.741240524486	0.0983098749005031	0.194234247465298
MORC2	betareg	33	35	-0.224498658727947	0.113971340496305	0.0488633968937585	0.0503672126456894	0.0189193923660936	534.446639543305	0.0985301047241259	0.194669363206256
SREK1IP1	betareg	33	35	-0.207081704355365	0.105138736238258	0.0488837413340305	0.0527914964582846	0.0121379906507077	279.845990184629	0.0985301047241259	0.194669363206256
SORBS1	betareg	33	35	-0.10236536334582	0.0520449295201941	0.0491987476022618	0.0528278558334216	0.00912842972373929	670.800771820873	0.0990726991567203	0.195741385944567
JOSD1	betareg	33	35	-0.106870081366215	0.0543477074925252	0.0492508320056214	0.0523902016731252	0.0238802422241921	363.902856666803	0.0990853245536209	0.195766330381414
MARCHF1	betareg	33	35	0.116734359205229	0.0593876051154862	0.0493407802739214	0.0522059300708879	-0.0253560048093042	450.102353519619	0.0991740321333229	0.195941593039467
COPS2	betareg	33	35	0.141882703222856	0.0722006899806209	0.0494008578313139	0.0535838846983662	-0.0233771673114489	506.255492748608	0.0992025911670414	0.19599801811811
BCL11B	betareg	33	35	-0.362414326504749	0.18454643419334	0.0495520082918289	0.0507695290589051	0.0806167814573193	52.2082227618039	0.0994138124034437	0.196415335279207
MAPKAP1	betareg	33	35	0.068377144641594	0.0348565316463798	0.0498004748683944	0.0531597793861771	-0.0152376482845564	437.103439693619	0.0997695832766041	0.197118244197444
TBCK	betareg	33	35	-0.13443287030057	0.0685513459424408	0.0498727594723842	0.0523392564530437	0.0240649614680768	391.202024048913	0.0997695832766041	0.197118244197444
NCOA7	betareg	33	35	-0.237621586392773	0.121184447234768	0.0498993514589403	0.0541001661512678	0.00479167356363596	668.509881043637	0.0997695832766041	0.197118244197444
GTPBP4	betareg	33	35	-0.174643038322176	0.0890788273870585	0.0499321385145475	0.0542428646139591	0.0312021328855027	256.764909002386	0.0997695832766041	0.197118244197444
GTF2A1	betareg	33	35	-0.138216073045833	0.0705197308731204	0.0500000988978383	0.0532603776148792	0.0310298742262134	245.788595965012	0.0997695832766041	0.197118244197444
TMEM106B	betareg	33	35	-0.302412916957984	0.154307049347982	0.0500176848181337	0.0545648770468699	0.00713729008707421	1218.17964299106	0.0997695832766041	0.197118244197444
WDR89	betareg	33	35	0.162133423431506	0.0827415193018823	0.0500522571856371	0.0513911461267755	-0.0191992063725282	207.805400178143	0.0997695832766041	0.197118244197444
PTPRD	betareg	33	35	0.180853505966968	0.0924376064690203	0.0504071368435445	0.0559762908227052	-0.0249887524490717	294.768275493475	0.100384447641459	0.19833305316065
POLR2F	betareg	33	35	0.175801935832845	0.0898975448858987	0.0505145262140047	0.0595587118075077	-0.0231535432180919	1232.18830067205	0.100505763919924	0.198572741961768
CLCN4	betareg	33	35	-0.0726767732780441	0.0372586032396832	0.0511041941408046	0.0546134621704132	0.0155427516622892	1684.948054629	0.101585536348643	0.200706085996009
POLR1A	betareg	33	35	-0.169085631554791	0.0867271778657451	0.0512206149332354	0.0562985969167334	0.0311829661422523	218.559056299658	0.101723463180392	0.200978592846386
ARFGEF3	betareg	33	35	-0.0960910674903709	0.0494434805799243	0.051961481043947	0.0553255968165359	0.0216833607922175	803.434893834071	0.103100139327615	0.203698539908978
MUC20	betareg	33	34	0.251887762988619	0.129650485435252	0.0520377176778523	0.0545266964351055	-0.0539695171898891	50.2875153656645	0.103156766134697	0.203810419466052
WNK1	betareg	33	35	0.121491237212117	0.0625576302909034	0.0521287425062487	0.0548496402820856	-0.0269090068709989	302.589701447822	0.103161154012223	0.203819088748665
RRP8	betareg	33	35	0.197589736801393	0.101758516396732	0.0521672087465004	0.0537201868321722	-0.0425247832810581	232.995057388151	0.103161154012223	0.203819088748665
REEP3	betareg	33	35	0.290071987007973	0.149396830995962	0.05218302904073	0.0501958982958907	-0.0294235547206942	99.5418036900115	0.103161154012223	0.203819088748665
SNX29	betareg	33	35	-0.145928960981696	0.0751736047600512	0.0522308628574091	0.0557303911212025	0.0326798563234409	167.871002119456	0.103161419706055	0.203819613689232
ADIPOR2	betareg	33	35	-0.191447212768951	0.0987277426519802	0.0524839259002501	0.0557915339720142	0.0432134166444313	174.243106708742	0.103566664268233	0.204620269499789
DUSP10	betareg	33	35	0.135525950087254	0.0699363067503005	0.0526417383842396	0.0551021157137618	-0.0239704889953617	130.355943007463	0.103689110536238	0.204862190860638
SLC16A10	betareg	33	35	0.251832577938864	0.129965313254985	0.0526609700663452	0.0541251787546676	-0.0512553389281109	56.4817660989551	0.103689110536238	0.204862190860638
YTHDF3	betareg	33	35	-0.107566124441497	0.0555193029220839	0.0526898075721604	0.0551452599137047	0.0205338410602422	941.403444222748	0.103689110536238	0.204862190860638
SRGAP1	betareg	33	35	-0.247543626099788	0.127806060564615	0.0527613306203121	0.0579090746750348	0.00463675418128126	1261.03581259166	0.103735471096991	0.204953787036903
RIT1	betareg	33	35	0.174621295866133	0.0902020921520836	0.0528812186536611	0.0559410420712183	-0.038940117959784	137.839723344942	0.103845255800015	0.205170692502367
PARP8	betareg	33	35	0.165089739079699	0.0852899856722612	0.0529131998917877	0.0554965249779279	-0.0365915452556413	140.151284941744	0.103845255800015	0.205170692502367
ZDHHC23	betareg	33	35	-0.13236008543835	0.0684357819898222	0.0531036370491445	0.0562482428551782	0.0281962603353784	312.975325799431	0.104124513028094	0.205722430744329
GLCE	betareg	33	35	-0.213817192673964	0.110584342543883	0.0531719995934761	0.055229610115181	0.0463517531372526	164.033624943469	0.104164119792243	0.20580068320917
ATP7A	betareg	33	35	0.194813245215741	0.100789929238623	0.053252929950273	0.0566500562078344	-0.0422275837844134	117.578095356461	0.104228252974463	0.205927393373318
FLRT2	betareg	33	35	-0.12847361098097	0.0665305056006547	0.0534770959096696	0.0577658026320736	0.0274128188041685	492.100418781013	0.104572361781578	0.206607261141065
LAMP2	betareg	30	30	0.315813578296444	0.163620301867899	0.0535868521837585	0.0558856041385889	-0.0386328176644632	54.609722851543	0.104692327343204	0.20684428128383
PCYOX1	betareg	33	35	-0.0917367174299382	0.0475535677449458	0.0537154999278913	0.0586831283822309	0.0170523974303084	2794.23430072789	0.104840981174183	0.207137981840588
COMMD2	betareg	33	35	0.123938914907618	0.0642581327094136	0.053759892782872	0.0569245858491079	-0.0278259630319138	748.304926614068	0.104840981174183	0.207137981840588
NR6A1	betareg	33	34	-0.274358610943631	0.14230022332595	0.0538518218597764	0.0593939739217365	0.0365371327349302	97.5015539535419	0.104925645743836	0.207305256582725
ZNF527	betareg	33	35	-0.217481229067654	0.112837197321264	0.0539311074725789	0.0560884944444572	0.0349456728133286	148.766253887099	0.104935117602708	0.207323970464541
EIF1AX	betareg	33	35	-0.138604598541267	0.0719203910980786	0.0539553667812862	0.0571398022265472	0.0261037947808307	763.412627277135	0.104935117602708	0.207323970464541
TENT2	betareg	33	35	-0.186992699762534	0.0970473819641905	0.0540022417802561	0.0580640979933734	0.0174563928966358	142.506654874158	0.104935117602708	0.207323970464541
PSMA5	betareg	33	35	0.183109645642195	0.0950609103603697	0.0540750466463891	0.0573382043261109	-0.0413023540205068	584.064928270768	0.104982265581388	0.207417122369857
IP6K1	betareg	33	35	-0.080969059807619	0.0420519837053068	0.0541728840047274	0.0583004514022786	0.0128604630023509	1502.6664494172	0.105077883932989	0.207606038880897
SCN2B	betareg	33	35	-0.0815304814314194	0.0423526271448134	0.054224413104578	0.0566663587663422	0.016230587521766	1077.11164048951	0.105083588359523	0.207617309315288
UBXN2A	betareg	33	35	-0.169262162918771	0.0879813429767782	0.0543744479927162	0.0576826710836727	0.03604966651263	198.560225822211	0.105280009848432	0.208005386099262
SLC7A6OS	betareg	33	35	0.1071397080395	0.0557204518361382	0.0545042177942586	0.0574140598733149	-0.0241892361995308	463.336099307197	0.105436877716661	0.208315315415802
ETV6	betareg	33	35	-0.147968388401188	0.0770368819629537	0.0547635645132544	0.0572663866698342	0.032785336551236	123.261309736079	0.105662894109494	0.208761863883299
RNF130	betareg	33	35	-0.176682999407732	0.0919910976152653	0.0547754387336474	0.0555372844298217	0.0341162060531187	1316.926356699	0.105662894109494	0.208761863883299
JKAMP	betareg	33	35	0.120344642059703	0.0626632755319938	0.054795132820669	0.0601597320641463	-0.00767840315967479	1325.22171402841	0.105662894109494	0.208761863883299
ZNF169	betareg	33	35	-0.166282458471866	0.0865906532775881	0.0548164781832579	0.0582743785392981	0.032622054842118	58.8237261124243	0.105662894109494	0.208761863883299
SPIN4	betareg	33	35	0.152876918956015	0.0796563826915888	0.0549584092821283	0.0580593259063187	-0.0347058877796063	246.167198110334	0.10584214354096	0.20911601323467
EPHA5	betareg	33	35	0.194809025633028	0.101592897332443	0.0551686382138599	0.0564476191947673	-0.0385011271563944	298.648794745154	0.106142383064653	0.209709206929636
GFPT1	betareg	33	35	-0.10275672010211	0.0535972736136829	0.0552124637949544	0.0609189040973256	0.0114602789417274	1326.13481082507	0.106142383064653	0.209709206929636
ZNF611	betareg	33	35	0.104921639414413	0.0547440819113944	0.0552907838737587	0.0582714034088473	-0.014093900827478	531.545916335172	0.106198549629078	0.209820177169246
KIFBP	betareg	33	35	0.10399130339264	0.0543394396651065	0.0556539873154924	0.0587581617950195	-0.0230678620159668	843.299936087597	0.106801314412258	0.21101108056708
TPMT	betareg	33	35	-0.131722833466511	0.0688618219240361	0.0557663331114807	0.0591834320078303	0.0292540747849675	81.1052255895158	0.106848569201068	0.211104443500895
SERINC5	betareg	33	35	0.315444185068742	0.164920089660095	0.0557852811990406	0.0700082429462108	-0.0159270471734949	218.872406760742	0.106848569201068	0.211104443500895
POU2F2	betareg	33	35	-0.154266773041154	0.0806672135899141	0.0558268245157995	0.0601655198041646	0.0318150264391053	136.312157084069	0.106848569201068	0.211104443500895
DDX3Y	betareg	28	30	0.230491195740965	0.120606750707139	0.0559921205796816	0.0609091839356207	-0.0488643428804316	256.344655530548	0.107070181730813	0.211542291102546
HAGH	betareg	33	35	0.171345086169368	0.0898105313249971	0.0564105141274618	0.0615992670465725	-0.0120868152585618	1331.61338020092	0.107614636983598	0.212617990328186
SRPK1	betareg	33	35	0.0724928703359567	0.0380006932525505	0.0564335825543426	0.0603866898447728	-0.0137786568872297	988.058400078402	0.107614636983598	0.212617990328186
LEPROT	betareg	33	35	0.122851264615774	0.064403524370818	0.0564527738452546	0.0602328522830721	-0.0234360415722029	624.059582297062	0.107614636983598	0.212617990328186
FARP1	betareg	33	35	0.119854165625926	0.0628382076577464	0.056475876204655	0.0596201351422266	-0.0270774916294892	2022.41477700676	0.107614636983598	0.212617990328186
PELI2	betareg	33	35	0.132376917851154	0.0694348322876935	0.0565864669040998	0.0628538860341522	-0.0222141636064876	620.605841139421	0.107640746105284	0.212669575030209
LIMS1	betareg	33	35	-0.143967751244709	0.0755153097509955	0.056589119309466	0.0602186025583615	0.030398321033825	142.21566405005	0.107640746105284	0.212669575030209
AASDHPPT	betareg	33	35	0.0678654782681639	0.0356100721981637	0.0566768781696339	0.0603883415453553	-0.0129752046828272	3782.04229036936	0.107712941900166	0.212812214779302
FZD5	betareg	33	35	0.332551577916402	0.174600677811838	0.0568267767847643	0.060902748614984	-0.0781593945277112	82.4948458438102	0.107903002239537	0.213187723618348
MCL1	betareg	33	35	0.0811664027497152	0.0426515233922792	0.0570388511973985	0.0600268634377803	-0.0143314165852708	1141.84608961551	0.108210685331288	0.213795623830249
SLC7A6	betareg	33	35	-0.106505649766456	0.0560183233346475	0.0572673758540585	0.0601133553386599	0.0237671517140775	526.303050960078	0.108344089134137	0.214059194374732
ZMIZ2	betareg	33	35	-0.178069271112396	0.0936634133577159	0.0572808682370159	0.0574512365599565	0.0287569404967475	572.599153860811	0.108344089134137	0.214059194374732
UBR5	betareg	33	35	0.186972129265281	0.0983655185931261	0.0573296107730148	0.0621068207161332	-0.0208462223249109	247.641679735362	0.108344089134137	0.214059194374732
RASGEF1A	betareg	33	35	-0.146249961840891	0.0769562255113969	0.0573766411875801	0.059627224668153	0.0192154605896153	156.971072657173	0.108344089134137	0.214059194374732
CEP43	betareg	33	35	-0.244519563384876	0.128667981490749	0.0573817360365006	0.0594939048118581	0.0367572499117981	325.458714203577	0.108344089134137	0.214059194374732
RSL1D1	betareg	33	35	-0.148622884355869	0.0782213007826884	0.0574290716883189	0.0611843164062964	0.0328935887871687	657.310207189322	0.108344089134137	0.214059194374732
SPIN3	betareg	33	35	-0.073979890086216	0.0389409565174211	0.057459839912899	0.0590436517536904	0.0102122208421652	1077.66249042139	0.108344089134137	0.214059194374732
NUDT21	betareg	33	35	-0.062973416976445	0.0331569021394978	0.0575309373759606	0.0602902661695378	0.0120799062427005	2188.91084720199	0.108383654646777	0.214137365337526
KNDC1	betareg	33	35	-0.103954134303946	0.0547738434589964	0.057712006340545	0.0610026642639902	0.0232114411850436	159.883158597518	0.108630148434758	0.214624371708572
ACAP2	betareg	33	35	-0.188802463728934	0.099534931421403	0.0578482300857683	0.0620204520128926	0.0395783263232796	89.9496548761854	0.108737023101965	0.214835527714813
MLLT1	betareg	33	35	-0.112924775221254	0.0595497037744471	0.0579188950599619	0.0626736349840976	0.0234559688999674	439.198433826507	0.108737023101965	0.214835527714813
ZC3H12C	betareg	33	35	-0.189023960583983	0.0996801039560884	0.0579196180499567	0.0597074224172841	0.0359160643936296	87.0383124119877	0.108737023101965	0.214835527714813
SLC45A4	betareg	33	35	-0.233161906971627	0.12307016009453	0.0581527605681721	0.0630319782798476	0.0396083737792767	175.243700283845	0.109080032234334	0.215513222816825
KIN	betareg	33	35	-0.269194198355013	0.142223976885319	0.0583913424923914	0.0643346465312098	0.0491440890880099	94.5219688805581	0.109426225034473	0.216197208002249
SEZ6L	betareg	33	35	-0.0974647686714777	0.0515034251068943	0.0584385151515558	0.0645399008824618	0.00683167374622434	2502.87310348496	0.109426225034473	0.216197208002249
ABHD5	betareg	33	35	0.135758818554508	0.0717725452197065	0.0585556813188918	0.0616158216491015	-0.0277884270112103	246.479547058868	0.109550769742865	0.216443275324935
SSR3	betareg	33	35	0.0834576695562702	0.044150963154663	0.0587205617655616	0.0622143413879223	-0.0186974600626016	832.087765776391	0.109673128925187	0.216685024627564
FIGNL1	betareg	33	35	0.103994785820572	0.0550261139680083	0.0587690674147081	0.0626541222970347	-0.0227962013342032	246.688011132355	0.109673128925187	0.216685024627564
ATP2B3	betareg	33	35	-0.132866058992771	0.0703037442398557	0.0587732140283985	0.0624804492241353	0.0288900970368374	194.670270069791	0.109673128925187	0.216685024627564
C5orf24	betareg	33	35	0.144445682665107	0.0764958642994026	0.0589882444891259	0.061368220820167	-0.0207786346124412	2328.26702225447	0.109979492511507	0.217290317846582
FIP1L1	betareg	33	35	0.15930138195964	0.0844707074334469	0.0593115034292624	0.0625953219618522	-0.0365821819807185	196.524024246948	0.110379693662305	0.218081009213432
EIF1AD	betareg	33	35	0.112503923756394	0.0596598328779982	0.0593277614613563	0.0617012768688172	-0.0235610356187493	339.240324552162	0.110379693662305	0.218081009213432
ABI2	betareg	33	35	-0.1338246350313	0.0709739003728546	0.0593560060180718	0.0620748419030175	0.0287467382770224	2744.44634524449	0.110379693662305	0.218081009213432
RIMS3	betareg	33	35	0.107867830868344	0.0572775322240929	0.0596666891241951	0.0635349333794941	-0.0208083007515464	3504.28731917873	0.110826031881403	0.218962855194716
MYH10	betareg	33	35	-0.0545316404001073	0.0289598195485826	0.0596989632086396	0.0632916730393274	0.011192885977658	1106.7561330984	0.110826031881403	0.218962855194716
DUSP4	betareg	33	35	-0.190802620217044	0.101358425182055	0.0597743366360658	0.0601541554413298	0.0383752329783364	601.265533758714	0.110826031881403	0.218962855194716
RHBDL3	betareg	33	35	0.243947868551303	0.12961192835795	0.0598169323910326	0.0598194433415908	-0.0508877486403117	143.526571934684	0.110826031881403	0.218962855194716
GMCL1	betareg	33	35	-0.156515667130001	0.0831742364446563	0.0598658067121487	0.0607699015131477	0.0185179440355302	129.367577608466	0.110826031881403	0.218962855194716
LIMA1	betareg	33	35	-0.237716044666891	0.126343674240982	0.059903481797946	0.0636183821543527	0.0458003020431566	93.3929095246805	0.110826031881403	0.218962855194716
H3-3A	betareg	33	35	0.235419567098584	0.125152403168278	0.0599633362008126	0.0611287934020255	-0.0136483736725666	128.863654888428	0.110841949363831	0.21899430391972
ATP9A	betareg	33	35	-0.158774156349331	0.0844694984721526	0.0601540770292756	0.0631582563778824	0.0333551636306765	5825.29867532532	0.111099575999637	0.219503305846366
STN1	betareg	33	35	0.1238681922877	0.0659332680154541	0.0602867905299874	0.063746870891635	-0.0270461576372587	420.194895867532	0.11124968279592	0.219799877077335
AMOTL1	betareg	33	35	-0.222210165389445	0.11831936931842	0.0603737775959682	0.0700380833168525	0.0106658834395314	275.826431598599	0.111292393855044	0.219884262805987
CSTF2T	betareg	33	35	0.171422347171345	0.0912904629045808	0.0604128538577649	0.063750226646179	-0.0251802931972568	665.276016181298	0.111292393855044	0.219884262805987
LGI2	betareg	33	35	0.115176744592497	0.0613659641940579	0.0605341098472663	0.063291337967731	-0.0255776087371899	3370.28757881916	0.111300511178944	0.219900300485832
TOP1	betareg	33	35	0.130318581402987	0.0694517306613105	0.0606016508850015	0.0629353492036416	-0.0278541484310179	149.31705766193	0.111300511178944	0.219900300485832
ZNF276	betareg	33	35	-0.143718909398453	0.076597496577105	0.0606158411387546	0.0633469588273413	0.0299931291168147	179.801103657394	0.111300511178944	0.219900300485832
TMEM168	betareg	33	35	-0.203095764756278	0.108253068923415	0.0606387823067934	0.0662504871964718	0.015208673553472	258.405148683675	0.111300511178944	0.219900300485832
PEAK1	betareg	33	35	-0.234437720354729	0.125020635376504	0.0607662867866715	0.0666462053614454	0.00832047214286248	938.230617799752	0.111300511178944	0.219900300485832
SMAD9	betareg	33	35	0.137165673364776	0.0731504551751933	0.0607766080452994	0.0644785396735922	-0.0307772484844222	454.652144283555	0.111300511178944	0.219900300485832
HACD2	betareg	33	35	-0.111643378709888	0.0595396209136633	0.060777499385389	0.0663027228656165	0.00797643485279256	743.16553691124	0.111300511178944	0.219900300485832
MIEF1	betareg	33	35	-0.124445702831906	0.0663940197914279	0.0608820511668814	0.0623207578641852	0.0132923339416514	2076.79584444798	0.111397649728159	0.220092220504301
AHCYL1	betareg	33	35	-0.121758033093599	0.0650181673942226	0.0611129876093002	0.062827093190191	0.0232351731457156	587.524457391104	0.111725678245104	0.220740317882113
AKR1C1	betareg	33	35	0.255241886959626	0.136429095114356	0.0613623036173655	0.0670535903191399	-0.0148263651721283	286.017954995038	0.111931711602474	0.221147385169727
ASIC1	betareg	33	35	-0.0508264687592148	0.0271699960749403	0.0613889355625906	0.064846459773867	0.00827792120528963	1721.00764523892	0.111931711602474	0.221147385169727
FAM107B	betareg	33	35	0.0613350329947595	0.032789558601213	0.0614052629642283	0.0649522324234641	-0.00957695444819722	1024.54189632756	0.111931711602474	0.221147385169727
TMTC1	betareg	33	35	-0.188318030987835	0.100741924221894	0.0615794980570164	0.0641047011961755	0.0330835771756635	295.754800804445	0.111931711602474	0.221147385169727
TSC1	betareg	33	35	-0.0843770692324627	0.0451419427749788	0.06160192709058	0.0642039372781546	0.0177837163526238	810.771816870314	0.111931711602474	0.221147385169727
CREB1	betareg	33	35	-0.155335609158254	0.0831103254107882	0.0616187785393091	0.0625834074491747	0.0327052564720453	545.269504943678	0.111931711602474	0.221147385169727
DOCK4	betareg	33	35	0.148947823963894	0.0796979681076033	0.0616362196025512	0.0632176786825863	-0.0306046116476317	188.651784435997	0.111931711602474	0.221147385169727
DSE	betareg	31	33	0.310804830290548	0.166336202646921	0.0616876921213898	0.0635485260296165	-0.0164778794502163	121.938678575255	0.111931711602474	0.221147385169727
PICALM	betareg	33	35	-0.0911218044710082	0.0487816608191244	0.0617687515571921	0.0654568100872903	0.0167203379412529	659.76946288727	0.111931711602474	0.221147385169727
ANAPC1	betareg	33	35	-0.172392749480763	0.0922976743479327	0.0617912325847285	0.0654464424359626	0.0271590040594	50.7542002358629	0.111931711602474	0.221147385169727
TIAM2	betareg	33	35	0.223484554898545	0.119653535577264	0.0617949866353039	0.0658492494146218	-0.029464322567967	84.0301801467288	0.111931711602474	0.221147385169727
ING1	betareg	33	35	0.151757377021807	0.0813815589340451	0.0622145334039411	0.0651852169190595	-0.0264441803677775	275.414808843921	0.112577379248946	0.222423053250398
RNF180	betareg	33	35	0.143307624184116	0.0768623394503649	0.0622555515299499	0.0646953236561511	-0.0288093913060342	205.286622451797	0.112577379248946	0.222423053250398
ZNF605	betareg	33	35	-0.207305284906608	0.111221381794699	0.0623360627153173	0.0612316385277325	0.00794086664661168	579.568011966405	0.112628797250829	0.222524641589433
CDC73	betareg	33	35	-0.130770926840974	0.0701979875887539	0.0624781494892481	0.0646181544579672	0.0259784212022223	136.742367811249	0.11279129131845	0.222845686784272
MPI	betareg	33	35	0.227085184565095	0.122017775915242	0.0627324841642615	0.0695334109824036	-0.0123797142544517	375.338113277126	0.113155985545115	0.223566225883144
AREL1	betareg	33	35	-0.0943299002841601	0.0507450205133603	0.0630413653733013	0.0664691244998077	0.0206685351266819	997.59673908235	0.113541249346207	0.224327405007382
LIN7C	betareg	33	35	0.0852664945391855	0.0458710260252016	0.0630510679648644	0.0650453512768576	-0.00889058338153642	4490.08419467072	0.113541249346207	0.224327405007382
ZNF596	betareg	33	35	0.198055874262118	0.10657116344336	0.063106874264407	0.0678679059028949	-0.0150822161037167	154.806476337901	0.113547200464076	0.224339162838445
ZNF792	betareg	33	35	0.225707273223475	0.121490038234288	0.0631938195027709	0.0637887613517547	-0.0342289391413344	71.7090746044735	0.113571879416644	0.224387921905478
ABHD2	betareg	33	35	-0.177182462467548	0.0953823822319241	0.0632256161886721	0.0635767708972466	0.0233889294576212	1352.16090235011	0.113571879416644	0.224387921905478
AMD1	betareg	33	35	0.0766654172195293	0.0413039088550242	0.0634350551639257	0.0669738177485143	-0.0165613190966707	684.826185958873	0.113853530937537	0.224944390635232
SYT5	betareg	33	35	0.145759108290652	0.0785774638222883	0.0636000196123179	0.0648370148637945	-0.0235968536070534	1233.82759452242	0.11405495847606	0.225342358045965
SLC6A6	betareg	33	35	-0.218001562635406	0.117584054268409	0.0637382766390507	0.0739907531672933	0.0132799520580929	229.889174147871	0.114208197072518	0.225645116883731
DUSP28	betareg	33	35	0.116281496189767	0.0627315382311312	0.06379111987641	0.0669929699142522	-0.0244959074609906	320.800209345712	0.11420826161232	0.225645244397268
RPS6KB1	betareg	33	35	0.107110480183479	0.057803819287031	0.0638823511050843	0.0667851767662242	-0.022836734662637	347.730563938158	0.114276997036543	0.225781047371402
ZNF549	betareg	33	35	-0.154079798500705	0.0831711923587454	0.0639451494179141	0.0678900433050034	0.0324996090028507	107.84945840733	0.114294798193479	0.225816217737807
ZNF48	betareg	33	35	-0.0946375668094932	0.0511351137863023	0.0642076243113129	0.0664835198165905	0.0192259338397406	672.208146979698	0.114669174777638	0.22655588660796
ZNF268	betareg	33	35	-0.198019234786175	0.107059614821986	0.0643688365914715	0.0663676058712183	0.015467374997278	461.709750456724	0.114862236662832	0.226937325705741
PIAS4	betareg	33	35	-0.194308220161262	0.10509294938928	0.064469689365179	0.0731771776749514	0.0276790889693491	155.389904405326	0.114947361188085	0.227105509198194
FBXO30	betareg	33	35	-0.172397663730979	0.0932724546509964	0.0645555675655215	0.0678650091727645	0.0377682977378732	208.190053328991	0.115005668290265	0.227220708572878
PDPR	betareg	33	35	-0.185092159872738	0.100269926546045	0.0649010747568732	0.0663376198124944	0.0295680578430429	519.946848991424	0.115486241153563	0.228170193134317
PCDH17	betareg	33	35	0.0991042768976003	0.0537042057067342	0.0649833366780408	0.0673631630879806	-0.0097352274932995	2000.38322395525	0.115486241153563	0.228170193134317
DNAJB12	betareg	33	35	0.099913533821259	0.0541431793221002	0.0649855195517116	0.068176732412814	-0.0226569545045772	414.651971185741	0.115486241153563	0.228170193134317
CDKL5	betareg	33	35	-0.110021872836376	0.0596686487740624	0.0652005211344059	0.0670791884545581	0.0222275128148338	290.113852148099	0.115773192050311	0.228737132025711
USP14	betareg	33	35	-0.10381932200633	0.0563547228830869	0.0654390210368113	0.0681993456050197	0.0174655699991406	1698.36478212029	0.116101362671742	0.229385510164311
MAGI1	betareg	33	35	0.139700887054781	0.0759578435497993	0.0658872822155233	0.0664809646896357	-0.018648721236431	320.195380333873	0.116800846960464	0.230767505661419
ZNF445	betareg	33	35	-0.207378595913392	0.112839704168543	0.066089546449729	0.0659494500388942	0.0319167371114255	815.326269437689	0.11706345467436	0.231286348877717
LIG3	betareg	33	35	-0.13020349467221	0.0708726972278531	0.0661883398340421	0.0697476008511461	0.0274770461646741	217.63523385605	0.117142506154033	0.231442533642277
HCN1	betareg	33	35	0.102970776627219	0.0560634112652438	0.0662565423638148	0.0697046998212591	-0.0230894338499485	799.157968971607	0.117167331832427	0.231491582600638
PTGES3L	betareg	33	35	0.115926317907832	0.0631710972496225	0.0664884413229763	0.0697883127008221	-0.021168015043643	290.069533678523	0.117347772084706	0.231848084698209
RBMXL1	betareg	33	35	0.125806625569099	0.0685748404633475	0.0665666582395326	0.0692251909581137	-0.0293873113430805	368.32068919318	0.117347772084706	0.231848084698209
ZNF710	betareg	33	35	-0.120033754643054	0.0654303343840665	0.0665757139234984	0.0704536459298473	0.0260969852576314	188.182801661091	0.117347772084706	0.231848084698209
RFX5	betareg	33	35	0.0659425098912641	0.0359488579367944	0.0666032023711688	0.0688675780176923	-0.0135871069722796	467.008631012228	0.117347772084706	0.231848084698209
HECW2	betareg	33	35	-0.161745638771847	0.0881850092405351	0.0666298731592324	0.0698587630076766	0.0369863679036262	207.360605109165	0.117347772084706	0.231848084698209
USP46	betareg	33	35	-0.21220569333614	0.115811523466599	0.0669012871637567	0.061570944207134	0.0132635730942542	703.300258074556	0.117729912067615	0.23260309198595
MALT1	betareg	33	35	-0.163165643453647	0.0890891876669601	0.0670279626474866	0.0710398463504694	0.0295696242380112	100.852073686813	0.117856933344725	0.232854052351797
KCMF1	betareg	33	35	-0.143593733482096	0.0784459990436033	0.0671783830005337	0.0684387955353528	0.012057639156593	947.117977503245	0.118025465528594	0.233187027263429
KCNB1	betareg	33	35	-0.168037940524141	0.0918998021516762	0.0674759288067058	0.0701603879523143	0.034001424883213	1328.80717385162	0.118451998505348	0.234029743336894
NLGN4Y	betareg	29	31	0.143018178868826	0.0782509720899749	0.0675967428571029	0.0706924624769608	-0.0269354571951816	320.661977180653	0.118533498734523	0.234190766181223
SEPTIN9	betareg	33	35	-0.0792466438304359	0.0433645765091933	0.0676319694518206	0.072051404877386	0.0158094029256324	563.475360543391	0.118533498734523	0.234190766181223
MAPK8	betareg	33	35	-0.120486485293395	0.0660235791825115	0.0680159940280282	0.070966282978629	0.0262416196075434	636.196006617332	0.119110026388967	0.23532983196904
NDUFB5	betareg	33	35	0.104753236847851	0.057418967373479	0.0680966927398114	0.0713232514674242	-0.0210358601624947	1101.54989270795	0.119151670996111	0.235412110671337
BOD1L1	betareg	33	35	0.110058150801431	0.0603595314070383	0.0682463878258958	0.0710962040092595	-0.0197290870986492	245.478679996729	0.119151670996111	0.235412110671337
PLEKHA3	betareg	33	35	0.173850172949709	0.0953500003922875	0.0682603203334932	0.0715251439246833	-0.0373372470482914	219.264505652767	0.119151670996111	0.235412110671337
DHODH	betareg	33	35	0.156527696470106	0.085862778268436	0.0683036525079031	0.0730476174374084	-0.0303255120960906	85.5055730226521	0.119151670996111	0.235412110671337
RAD51D	betareg	33	35	0.112394255898794	0.0616561046983996	0.0683152392306242	0.071754463707624	-0.0239328971980384	248.221911785491	0.119151670996111	0.235412110671337
DNMT3A	betareg	33	35	-0.198533247332473	0.109074362870323	0.0687340075062908	0.0759771417101211	0.0320232482189069	230.027828398118	0.119729920587552	0.236554578550116
TOX4	betareg	33	35	0.0971837288443747	0.0533973627859612	0.0687574974395609	0.0720978808360198	-0.0203119420814476	595.135977883091	0.119729920587552	0.236554578550116
UBE2R2	betareg	33	35	0.0959210907366983	0.0527508183948173	0.069005906309693	0.0716322878389687	-0.0155335974353466	1360.45221912563	0.120065812603418	0.237218212116909
ZIK1	betareg	33	35	0.152588212661618	0.0841114428952595	0.0696593228384181	0.0732328397224654	-0.0265178199644173	213.852285302396	0.120997191118771	0.239058369122683
AGFG1	betareg	33	35	-0.119753837239466	0.0660192444821928	0.0696895550011482	0.0731838562376668	0.0266731309013786	433.77495995453	0.120997191118771	0.239058369122683
TMEM229B	betareg	33	35	-0.0792939796514746	0.0437171278753787	0.0697090400016062	0.074328911682373	0.0150947786230203	1807.20906020175	0.120997191118771	0.239058369122683
CPEB3	betareg	33	35	-0.149821354561496	0.0826522524561416	0.0698825547603091	0.0732639233656846	0.0323297195417619	806.834769484352	0.121201096528423	0.2394612321498
GAREM1	betareg	33	35	-0.138987666372057	0.0767418231185213	0.0701242632980304	0.0742406404836295	0.025214266103551	610.404669076569	0.121498148792937	0.240048128665681
EYA1	betareg	33	35	0.109903671570031	0.0606922160077174	0.0701661859825498	0.0732172966085648	-0.0256767793559171	360.422047910429	0.121498148792937	0.240048128665681
MSANTD4	betareg	33	35	0.0789638327911833	0.0436262015845514	0.0702943371572134	0.0735558828313884	-0.0173972548318544	796.965961451967	0.121622676368389	0.240294162138218
PRKG1	betareg	33	35	-0.141358167034484	0.0781768826593734	0.070577910487474	0.0728810697323469	0.0286308552562671	332.686162599358	0.12198425266382	0.241008541031646
NRP2	betareg	33	35	-0.11727696418815	0.064872257699124	0.0706354816718186	0.0749902714908992	0.0251850594728837	205.319181486677	0.12198425266382	0.241008541031646
SERAC1	betareg	33	35	-0.0808435261617191	0.0447248297299981	0.0706725256055821	0.0736446662724158	0.0146251118470553	352.004696079193	0.12198425266382	0.241008541031646
COG5	betareg	33	35	-0.116568816684807	0.0645143566230376	0.0707831285429363	0.0748966604540234	0.0270110196427107	358.534735759507	0.122077730413418	0.241193228280675
PML	betareg	25	26	-0.333464928780166	0.184595818532452	0.0708465451625325	0.0689380740950749	0.0166511161603195	267.484918668827	0.122089743085158	0.241216962135061
ADAT1	betareg	33	35	-0.125325717535856	0.069406388715083	0.0709683619542368	0.0727323125757709	0.0235654672841401	461.615523872789	0.122202297427721	0.241439339673928
DMXL2	betareg	33	35	0.0983159883717839	0.0544917756612348	0.0711944185795469	0.0747589742767748	-0.020465162321387	359.108514450937	0.122494023214695	0.242015712482422
PDP1	betareg	33	35	0.0994397394590389	0.0551323978718309	0.0712856517665936	0.0747799817627542	-0.0166222399385365	2092.20074433812	0.122553498255818	0.242133219394797
C21orf62	betareg	33	35	-0.17741111508349	0.0984853306370577	0.0716404311313624	0.0772236197796824	0.0310009538794409	162.074058708017	0.123008457940035	0.243032099105307
BTBD9	betareg	33	35	-0.317761633811031	0.176412078307113	0.0716640404569826	0.0694088956271979	0.0620006630818463	496.228287307108	0.123008457940035	0.243032099105307
PEX13	betareg	33	35	0.181867406425847	0.100991525393502	0.0717314933108337	0.0797242451665075	-0.030631078591446	234.056922499485	0.123026597907599	0.243067938871683
MRPL30	betareg	33	35	-0.1005614626949	0.0558890371491874	0.0719703381143669	0.0761467868560804	0.0159029192951091	714.831147234334	0.123338430326766	0.243684037054429
ACACA	betareg	33	35	-0.0763998290734915	0.0424792029306273	0.0720941464003462	0.0761519106867182	0.0144462004370388	915.926210439142	0.123452782385766	0.243909966404338
HIRIP3	betareg	33	35	0.151411156220678	0.0842058541754716	0.0721600148109588	0.0763182488877424	-0.028883252421877	158.94577431019	0.123466625118849	0.243937315974724
ZNF620	betareg	33	35	0.228854524970105	0.127300426763373	0.0722164064376377	0.0743710170506643	-0.00909696723212349	255.267540941599	0.123466625118849	0.243937315974724
STX2	betareg	33	35	-0.0994035050279275	0.0553051039307821	0.072277558799328	0.076752361106038	0.0117379915160012	515.151861782119	0.123473568253231	0.2439510337674
ZNF714	betareg	33	35	-0.148462030083399	0.0826335923377908	0.0723943033487471	0.0744629407964457	0.0230922631190296	319.997308751118	0.123570470453657	0.244142486823326
FBLIM1	betareg	33	35	-0.117831543872663	0.0656113611753405	0.0725101792020356	0.0757197547789888	0.0257622838820294	234.555171839793	0.123570470453657	0.244142486823326
CKAP2	betareg	33	35	0.101499276134378	0.0565187033001085	0.0725179179809676	0.075230999993267	-0.0202392139950878	216.42574482464	0.123570470453657	0.244142486823326
GPRIN3	betareg	33	35	0.185168393363839	0.103125094524571	0.0725628266477004	0.0723572128238323	-0.0412663007773082	1106.84359407167	0.123570470453657	0.244142486823326
THUMPD1	betareg	33	35	-0.173487634935998	0.0966807270848474	0.0727431800195686	0.0737221095747343	0.0244564461565893	703.95414913916	0.123780137570801	0.244556733456819
SDK1	betareg	33	35	-0.165128750605176	0.0920553142448879	0.0728452219965709	0.0760302469603807	0.0210699950779961	147.910154269292	0.12385632474475	0.244707259112695
RNF150	betareg	33	35	-0.122801690226574	0.0684754329695394	0.0729140075900848	0.0796192083294184	0.00838552448336711	1016.2656513921	0.123875891909806	0.244745918642916
ALDH1B1	betareg	33	35	0.0707298289154213	0.0394662712991406	0.0731075179713518	0.0756381621412194	-0.0140479127593482	853.025323303258	0.124016795710754	0.245024307195133
RTRAF	betareg	33	35	0.201598716503368	0.1124909212391	0.0731116292239162	0.0858784850780761	-0.0294768960672151	972.71819363216	0.124016795710754	0.245024307195133
ATF7IP	betareg	33	35	-0.124959446875382	0.0698149620072602	0.0734754095850144	0.0764046665844302	0.0250409779735814	554.229307279317	0.124536188650338	0.24605048993477
GPRC5B	betareg	33	35	-0.127787009762019	0.0714255365676505	0.0735996538589656	0.076588975080479	0.0272636366602535	462.981597616417	0.124649087491871	0.246273548112263
RASSF8	betareg	33	35	-0.175166670488403	0.0980102828769384	0.0739007302114833	0.0775058530191467	0.0343490400976739	102.892532391347	0.124781159703734	0.246534487786006
ETFBKMT	betareg	33	35	0.187897596524347	0.105136360311266	0.0739084067199936	0.0791791154863061	-0.0316293436347419	275.122841389302	0.124781159703734	0.246534487786006
YWHAE	betareg	33	35	0.0456106923134151	0.0255246146546502	0.0739488495902924	0.0771699870666121	-0.00652080716066967	9467.36823004387	0.124781159703734	0.246534487786006
AFF3	betareg	33	35	-0.235391677937896	0.131735987624537	0.0739626824455104	0.0792322403987841	0.00465110034198291	1040.35670606183	0.124781159703734	0.246534487786006
RTCA	betareg	33	35	-0.105549754037151	0.0590711892481949	0.0739661159236274	0.0769487543965642	0.0237544389009414	492.163789926733	0.124781159703734	0.246534487786006
TMEM64	betareg	33	35	-0.136578273844867	0.0764929526977892	0.0741800250658213	0.0754862201892299	0.0261910898510963	470.337021431609	0.125001890379302	0.246970593077614
RAB5C	betareg	33	35	0.0650405395704154	0.0364311396767672	0.0742125535950519	0.0769925176485409	-0.0136552379847195	615.097204743306	0.125001890379302	0.246970593077614
APLP2	betareg	33	35	-0.0445560917929542	0.0249757504797932	0.0744278750726479	0.0780968629991153	0.00980861875694923	6129.34783928521	0.125051249260763	0.24706811314064
TFDP2	betareg	33	35	0.145021929449487	0.0812932124180289	0.0744339828308508	0.0784630158002032	-0.0255359836235173	199.08731357685	0.125051249260763	0.24706811314064
BCLAF1	betareg	33	35	-0.202361076866527	0.113464794273204	0.0745097982689138	0.0779253392810507	0.00739671502633228	955.152829067362	0.125051249260763	0.24706811314064
EXOC5	betareg	33	35	-0.157648078306249	0.088402474754395	0.0745375824971977	0.0809083864993284	0.0097459436261949	1069.65401672056	0.125051249260763	0.24706811314064
TRUB1	betareg	33	35	0.109563433641184	0.0614468209262864	0.0745763643575959	0.0772622055368224	-0.0237228968041862	760.869725918475	0.125051249260763	0.24706811314064
TRANK1	betareg	33	35	0.207167932142405	0.116191644098758	0.0745887821089223	0.0765701598820731	-0.0119690054452652	72.8599661185738	0.125051249260763	0.24706811314064
ARSD	betareg	33	35	-0.209699090894739	0.117733732183939	0.0748912040451021	0.0788506805352852	0.0463066816348787	224.236702197028	0.125461015831647	0.247877703241457
RIOK2	betareg	33	35	0.147274140642207	0.0827281142512323	0.0750401670253896	0.0783099317320964	-0.033885826923941	136.993067949311	0.125540357932605	0.248034462196625
STK4	betareg	33	35	-0.144098211384743	0.0809582836102222	0.0750911906595883	0.0790595897816869	0.0286119937242608	229.140370624376	0.125540357932605	0.248034462196625
FAM131B	betareg	33	35	-0.0810910487484113	0.045562515093488	0.0751127063146342	0.0767528893039634	0.0127196352581388	2170.1442433454	0.125540357932605	0.248034462196625
SLC5A3	betareg	33	35	-0.216204005787102	0.121557607213851	0.0753031431127701	0.0739264966729225	0.0357184869655291	912.489902222659	0.125761458197884	0.248471297699511
CLIP3	betareg	33	35	-0.0626241520384939	0.0352222983616612	0.0754089583585262	0.0786629660482517	0.0139702372810485	3922.69198033403	0.12584100245894	0.248628456069431
BBIP1	betareg	33	35	0.12678542326295	0.0713252659033616	0.0754750338186672	0.0783160077583051	-0.0280147548913484	387.856535478678	0.1258541582112	0.248654448347853
UBE2K	betareg	33	35	-0.0996500470456543	0.0561356458689183	0.0758706079979629	0.0775591068313739	0.0182455130574287	1096.61665541527	0.126398194592089	0.249729319993683
GNB4	betareg	33	35	0.134624649600538	0.0758501244733044	0.0759181808265375	0.0816118307130551	-0.0184116108125224	473.145354548629	0.126398194592089	0.249729319993683
TTBK2	betareg	33	35	-0.101359217980935	0.0571472790647726	0.0761212167530096	0.078270405557833	0.0183583223518627	969.21471372604	0.126490713421855	0.249912112671368
ANKRD12	betareg	33	33	-0.28471258238461	0.160533104405728	0.0761385476023422	0.0803424019941031	0.00583836376584731	288.118377258946	0.126490713421855	0.249912112671368
NRDE2	betareg	33	35	-0.0497032223155767	0.0280282189606484	0.076174390614573	0.079515862928812	0.00983834063934584	539.341714876252	0.126490713421855	0.249912112671368
INVS	betareg	33	35	0.144528863233095	0.0815107311983424	0.0762076954857928	0.0780898293135201	-0.0274314409890017	82.7711802798767	0.126490713421855	0.249912112671368
EIF3M	betareg	33	35	0.122037277556169	0.0688490290261086	0.0763058776960057	0.0792675961467834	-0.0270679116036094	369.690286596927	0.126493647908042	0.24991791043804
PPP1R8	betareg	33	35	0.0986898792391003	0.055681163487987	0.0763264388302462	0.0795434364470926	-0.022887775731787	439.440571784294	0.126493647908042	0.24991791043804
NUDT5	betareg	33	35	0.130300191276664	0.0736646653621458	0.0769224271603672	0.0801386271427306	-0.0288805253081085	236.989735154119	0.127383750438596	0.251676517041538
NKAP	betareg	33	35	0.182248736235839	0.103193365005124	0.0773808057764537	0.080752912314159	-0.0353370611482457	73.3581995876697	0.128044783205824	0.252982542526998
NAT8L	betareg	33	35	-0.155585827430694	0.0881779020862505	0.0776556204498728	0.0837191675169006	0.014116480788589	300.964086983516	0.128401287631744	0.253686900750999
LLPH	betareg	33	35	0.093446292194021	0.0529995369886604	0.0778746897238543	0.0812682915660179	-0.0205897802012071	165.962985260139	0.128665144394708	0.254208211757089
EHD1	betareg	33	35	-0.0664360987228237	0.0376921162602884	0.0779680908150902	0.0808651056181497	0.0143491956440168	1024.10453524288	0.128721126908262	0.254318818360977
ATF2	betareg	33	35	0.0826938558082861	0.0469274544534081	0.0780416467388013	0.0813988665328607	-0.0175520867040997	954.548813524951	0.12874428570376	0.254364574000685
LBH	betareg	33	35	-0.0738661177439503	0.041938742939844	0.0781900207219183	0.0831200075363124	0.0111268853302906	2149.07643905815	0.128807029862383	0.254488539822485
ZNF8	betareg	33	35	0.154069371928335	0.0874823905282825	0.0782134826832704	0.0809674481268118	-0.0320733746022247	356.753911115974	0.128807029862383	0.254488539822485
ZNF462	betareg	33	35	0.223961976083897	0.127187374163152	0.0782583527560837	0.0774399188937986	-0.0296939939269664	214.096682221801	0.128807029862383	0.254488539822485
GAS7	betareg	33	35	-0.178175180011545	0.101206456241936	0.0783210358245407	0.0802483843906953	0.0370937547545996	454.744612901845	0.12881217064071	0.254498696637462
KHNYN	betareg	33	35	-0.206944315780477	0.117599645184631	0.0784525982777584	0.0962807341474366	0.00873852061706953	1743.47782580096	0.128854260926823	0.254581855883233
DDX17	betareg	33	35	-0.214948793142074	0.122153722599998	0.0784657861451482	0.090621293100264	0.0219337339641152	1208.73388875799	0.128854260926823	0.254581855883233
DGKB	betareg	33	35	-0.123531629362519	0.0702268894844378	0.0785713878424622	0.0800663044679294	0.0260229951166799	343.163933824612	0.128929780433599	0.254731062405797
KANSL1L	betareg	33	35	0.174254400043182	0.0991167008527922	0.0787350815531044	0.0832726701825326	-0.0265578122499858	141.523935832982	0.129100437815805	0.25506823614588
ZNF576	betareg	33	35	0.161490490296888	0.0918923472363024	0.0788517307271046	0.084481109061904	-0.0158930625636955	440.607174148705	0.129182878659899	0.255231117395898
SLC43A2	betareg	33	35	-0.125762654328065	0.0715915704469031	0.0789743352661218	0.0823051673067254	0.0215270490143881	485.606919626722	0.129182878659899	0.255231117395898
RBM4	betareg	33	35	0.075446288304465	0.0429550506805946	0.0790199847346802	0.082147527883537	-0.0164983457835007	508.615901292943	0.129182878659899	0.255231117395898
KRR1	betareg	33	35	-0.193362343198366	0.110094488220612	0.0790319370523131	0.0835677731502337	0.0166857421667084	302.244662423167	0.129182878659899	0.255231117395898
LUZP1	betareg	33	35	0.149530903818456	0.0851530256715231	0.0790840157809898	0.0812386212942322	-0.0118843119204305	361.415407621156	0.129182878659899	0.255231117395898
HMGCS1	betareg	33	35	-0.137615785087003	0.0784097950381653	0.0792449224204502	0.0792448395784326	0.00902002864328638	2911.49451870953	0.129348023021965	0.255557398869875
RWDD2B	betareg	33	35	0.12500177730869	0.0712883069516356	0.0795216780946704	0.0835989476606194	-0.0171753578746765	262.58546794409	0.129701871007297	0.256256508671589
TMEM74	betareg	33	35	0.146252089990608	0.0835401783843534	0.0800011072384535	0.0813386794939244	-0.0310650978943209	358.191782215353	0.130330718474465	0.257498944537562
SH3KBP1	betareg	33	35	-0.183369060510583	0.10475089194736	0.0800277552880604	0.0908807192124965	0.00785105195601499	866.240489648155	0.130330718474465	0.257498944537562
HS2ST1	betareg	33	35	-0.117542100008778	0.0672348722549325	0.0804240046717566	0.0837275792583553	0.0256560694568346	366.614403885604	0.130807927245685	0.258441782544992
SMU1	betareg	33	35	-0.0727937143805804	0.0416409353772334	0.0804417436894077	0.0839140679416537	0.0163061853642795	486.74464462458	0.130807927245685	0.258441782544992
RNF170	betareg	33	35	-0.166018594551184	0.0950157164742883	0.0805896318768937	0.0815546028334282	0.0332502349643772	513.79326738462	0.130899291783228	0.258622294647286
CARNMT1	betareg	33	35	-0.121088779516329	0.069308210207305	0.0806189788135232	0.0839000606413555	0.0264494279633597	71.2881631236506	0.130899291783228	0.258622294647286
CACHD1	betareg	33	35	0.0884057639683406	0.0506861064164812	0.0811274638836079	0.0846351093753117	-0.0183953544502089	710.930505814094	0.131626089605335	0.260058254444604
CHAMP1	betareg	33	35	0.205631087597693	0.118126219743506	0.0817231483576916	0.0809874587225037	-0.0109519360572139	307.306561178153	0.132493169291787	0.261771374012306
RBM48	betareg	33	35	0.203436303104032	0.116932033302407	0.081897219667793	0.0852105886405537	-0.00724405853150139	364.363911196768	0.132675924155759	0.262132449168898
HIPK1	betareg	33	35	0.157757935734838	0.0907647953697687	0.0821938841568914	0.0900109541586969	-0.0192790185501557	323.762385358047	0.133012185543311	0.26279681251621
ZNF500	betareg	33	35	-0.258364275112019	0.1486643240577	0.0822277880491862	0.0882407529959601	0.00784541520601126	377.830438292136	0.133012185543311	0.26279681251621
KLHL18	betareg	33	35	0.10166633341528	0.0585254287711039	0.0823640602693749	0.0851915487481606	-0.0232851996290164	738.528716794703	0.13311234323675	0.262994697563187
SNX5	betareg	33	35	-0.101056418375938	0.0581835727945417	0.0824128013192388	0.0852567873066323	0.0200861846270179	191.793651995917	0.13311234323675	0.262994697563187
ELAVL3	betareg	33	35	0.0677526912323718	0.0390358696148007	0.0826253580238524	0.0856935163391761	-0.0148705390822455	505.667298564227	0.133356068949849	0.26347623495218
CDYL2	betareg	33	35	-0.129527262719046	0.0748165904570403	0.0834047056933033	0.0847256156574016	0.0253137820195471	621.186077772067	0.134513540974474	0.265763092787088
RASAL2	betareg	33	35	-0.165149609597738	0.0955252356126331	0.0838344342321927	0.0845735633535547	0.0170077026899867	820.837881763784	0.135104691113242	0.266931048727007
SMPD3	betareg	33	35	-0.115284885227245	0.0666959665579172	0.0838961849848749	0.0872399842200517	0.0255891322257365	1549.62567670208	0.135104691113242	0.266931048727007
ST8SIA2	betareg	33	35	-0.108382450048319	0.0628287802146861	0.0845194294517709	0.0877777643164467	0.0237832054923203	1761.16199929503	0.136007080092106	0.268713930094804
ALDH1L2	betareg	33	35	-0.147000865896546	0.0852423856164674	0.0846168320286414	0.0966414292649025	0.00822440157055577	332.264178235002	0.136062581451536	0.268823586065714
RBBP5	betareg	33	35	-0.225323239768666	0.130713425193212	0.0847447318682666	0.0886754627030958	0.0292897059234797	295.735779697958	0.136167003044715	0.269029895448071
CMSS1	betareg	33	35	0.221369057555719	0.128464542771717	0.0848538308313747	0.0921637065774874	-0.0359061914103077	224.619585911718	0.136241082957841	0.269176257715267
INTS3	betareg	33	35	-0.157724102892035	0.091596114880175	0.0850782344311459	0.0922150707440855	0.0112532897170376	394.240767342305	0.136481394877613	0.26965105035376
XIAP	betareg	33	35	-0.171430031501009	0.099572072865622	0.0851297137671946	0.093391993740767	0.0271493586869105	414.822703637291	0.136481394877613	0.26965105035376
HIP1	betareg	33	35	-0.169319480811124	0.0983979317983906	0.0852939119157952	0.0900331703174362	0.00415331381778549	1376.72796894137	0.136638762155386	0.269961966371146
RB1	betareg	33	35	0.149958472416765	0.0871636891367725	0.0853554606716422	0.0879633488913794	-0.0359896013071289	202.481687251602	0.136638762155386	0.269961966371146
MANSC1	betareg	32	35	-0.255775654884941	0.148699624833787	0.0854174066308891	0.0934369655666021	0.00792333475939361	435.835810228093	0.136638762155386	0.269961966371146
TMED5	betareg	33	35	0.0723582210397448	0.0421023999905622	0.0856827463479396	0.0884313455906788	-0.0148779868329597	468.863179456007	0.136961912153142	0.270600425088504
LRRC55	betareg	33	35	-0.208178187607827	0.121201485741562	0.0858658118486731	0.086758654723939	0.03615215563163	199.697387132898	0.13712272600758	0.270918150627575
SHROOM2	betareg	33	35	-0.0600510406280826	0.0349667025816879	0.0859101554178246	0.088899396727748	0.013117759402361	767.359156578472	0.13712272600758	0.270918150627575
NEUROD1	betareg	28	34	0.221529964779989	0.129032214477626	0.0860051557439999	0.0913163539202484	-0.00575363494938715	317.48565082264	0.137129325337807	0.270931189154394
LRP10	betareg	33	35	-0.147684678882272	0.0860588478512179	0.086145676116963	0.0892307931681003	0.0332869526908869	168.070388166602	0.137129325337807	0.270931189154394
PAG1	betareg	33	35	-0.109260263359877	0.0636722014361697	0.0861655905213735	0.0879957532643887	0.0194782737876549	1441.87911182488	0.137129325337807	0.270931189154394
AP1S2	betareg	33	35	0.066712025890412	0.0388821095622701	0.0862075905383626	0.0894405818182397	-0.0148957974203272	1493.36123451525	0.137129325337807	0.270931189154394
CNOT7	betareg	33	35	0.0812129294195992	0.0473373195959642	0.0862313169318923	0.0895959000837274	-0.0180142246910327	1149.56384015194	0.137129325337807	0.270931189154394
ESS2	betareg	33	35	0.183682874950413	0.107099998901836	0.0863343111527188	0.0909953136117877	-0.0474486045190977	310.821278429348	0.137192235222383	0.271055482406736
EFCAB14	betareg	33	35	-0.127024281891793	0.0740868494210372	0.0864310459984231	0.0930033378507845	0.0201650504177785	185.900877570771	0.137245113375598	0.271159955617667
ZNF254	betareg	33	35	0.155709895014137	0.0908487356667473	0.0865385064619879	0.0921036919203169	-0.0153058065041394	393.903078216932	0.137314932806874	0.271297900302329
CEP85L	betareg	33	35	0.177322325697963	0.103516552835158	0.0867152575382389	0.0910368794727449	-0.0380248523780104	225.474378812427	0.137404023326196	0.271473919547541
PPP1R14C	betareg	33	35	-0.0390808449326375	0.0228174422924452	0.0867563591866256	0.0901231913957794	0.00828239657377595	1913.18831117578	0.137404023326196	0.271473919547541
TMEM68	betareg	33	35	-0.110434396406644	0.0644832886124454	0.0867852501993778	0.0908182236559871	0.0248373781966888	127.121541272954	0.137404023326196	0.271473919547541
STRIP1	betareg	33	35	0.0456178651687742	0.0266449019804403	0.08688426823628	0.0898113275210344	-0.00998737155510151	905.385206270548	0.137451092689793	0.271566916130296
WDR82	betareg	33	35	-0.0905967544961613	0.0529262827013029	0.0869420878226645	0.0938218270379808	0.0141394954010424	3242.08670855361	0.137451092689793	0.271566916130296
WDR44	betareg	33	35	0.202837458952719	0.118625974014242	0.0872860721481252	0.0866265108931198	-0.0414751420120662	166.258559235833	0.137893580829305	0.272441155375108
ZNF548	betareg	33	35	0.10701760985524	0.0625999453363846	0.0873494928303061	0.0904420024451441	-0.0232165964531332	286.851719334778	0.137893580829305	0.272441155375108
GID8	betareg	33	35	-0.0849824403912323	0.0497437723511323	0.087561477395645	0.0915434998604286	0.0121436511679443	673.746563130001	0.138127405650388	0.272903131226543
TRNAU1AP	betareg	33	35	0.129977529841734	0.0761371173081466	0.0877940535884616	0.0909804793564008	-0.0248859284356584	172.878869623851	0.138338946814784	0.273321080480532
HIPK3	betareg	33	35	0.169002986961865	0.0990075466593945	0.0878274877110345	0.0941629898953108	-0.0264276891770803	617.156421463603	0.138338946814784	0.273321080480532
LANCL2	betareg	33	35	-0.0563865253285861	0.0330393382907023	0.0878874712333843	0.0916818308090487	0.010242559117561	1431.01969762317	0.138338946814784	0.273321080480532
MTHFD1	betareg	33	35	-0.208826307792329	0.122415892496526	0.0880312074828517	0.0909071569807774	0.0295199647745396	115.195445672879	0.138464419636225	0.273568981508528
IAH1	betareg	33	35	0.141434721206641	0.0830330887494677	0.0885018916610123	0.09424117337634	-0.0237845271910669	506.239816188091	0.139103593243611	0.274831819089757
OAZ2	betareg	33	35	0.0433585958558279	0.0254702597484518	0.0886949321267356	0.0919766002369933	-0.00970384884658687	3533.73894399212	0.139122227729766	0.274868635893754
RBM8A	betareg	33	35	0.107396572714916	0.0630887132537361	0.088697196198269	0.0885689111356269	-0.0186029245380581	1508.61553224185	0.139122227729766	0.274868635893754
PMAIP1	betareg	33	35	0.221193775694818	0.129941276307069	0.0887067280359202	0.0977786943288161	-0.0269225384327169	122.423758645132	0.139122227729766	0.274868635893754
FKBP14	betareg	33	35	-0.189192089872816	0.111214642299241	0.0889160037035158	0.0920336807586423	0.0445744835708877	128.663092533029	0.139273970037474	0.275168438461668
ZMAT3	betareg	33	35	-0.124340419564068	0.0730959727718255	0.0889322755711591	0.0907969125034588	0.0263876617933968	449.942694441727	0.139273970037474	0.275168438461668
RAB3IP	betareg	33	35	-0.122482780562883	0.0720265301659316	0.0890325693656286	0.0937507431956818	0.0214193741268277	494.177732493408	0.139330146151247	0.275279427568257
TAFA5	betareg	33	35	0.0802466329698751	0.0472255053563998	0.0892773016355205	0.0932227371749467	-0.0155279508047821	1237.91446307195	0.139508488252309	0.275631784275314
SENP2	betareg	33	35	-0.237778500027917	0.139975067410403	0.0893718811604972	0.0922751173135919	0.0488635404321281	329.763113935198	0.139508488252309	0.275631784275314
ZNF507	betareg	33	35	-0.144210014194279	0.0848973632898427	0.0893871303333439	0.095820442639919	0.0253988809505565	190.168026999833	0.139508488252309	0.275631784275314
PPCS	betareg	32	34	0.248767771504093	0.146493584807937	0.0894798533785172	0.0872524118604735	-0.00131474866614065	1105.64068130601	0.139508488252309	0.275631784275314
SLC30A7	betareg	33	35	-0.151710482000239	0.0893604016134672	0.0895573649559764	0.0927290540640091	0.0316198646800681	348.948019182158	0.139508488252309	0.275631784275314
ATL1	betareg	33	35	0.184200182389272	0.108512673035006	0.0896023105176922	0.0991877470071323	-0.00387648852179935	1385.64681778454	0.139508488252309	0.275631784275314
ATOX1	betareg	33	35	0.0252065491145204	0.0148535233967414	0.0896951342971529	0.0927454435378307	-0.00537215866828676	1949.79738358955	0.139508488252309	0.275631784275314
ALDH3A2	betareg	33	35	-0.0893898238001972	0.0526789766427821	0.0897196302259451	0.0933081768948464	0.00957082315486867	951.616096384114	0.139508488252309	0.275631784275314
SUPT3H	betareg	33	35	-0.187434085184924	0.110461084758694	0.0897281157139748	0.0943049040272908	0.0420780194045622	60.9737565919313	0.139508488252309	0.275631784275314
BUB3	betareg	33	34	-0.201826650038497	0.118966621441395	0.0897915852354873	0.0921977595691836	0.00553534916499109	1267.13655315484	0.139508488252309	0.275631784275314
LRRC8C	betareg	33	35	-0.208157818530354	0.122779058734393	0.0900023415607332	0.0898651330302653	0.0419353488712944	195.326472063177	0.139735553980101	0.276080405950476
NADK	betareg	33	35	0.0554545411023726	0.0327203990443062	0.0901133164511543	0.093419130982971	-0.01240458373297	277.341351801612	0.139807486716327	0.276222525965411
PACRGL	betareg	33	35	-0.0984995841948635	0.0581477882233942	0.0902743325021352	0.0928418116827719	0.014453671345491	491.359418844909	0.139886483564419	0.276378602792452
SLC35C1	betareg	33	35	0.0709522345371154	0.0418927604564699	0.0903292656771491	0.093528860935436	-0.0158499813795154	489.467347927432	0.139886483564419	0.276378602792452
ZNF618	betareg	33	35	-0.196135145797268	0.115821310620965	0.0903738722983046	0.0876959943951184	0.0280770560616477	611.681487195183	0.139886483564419	0.276378602792452
EPB41L4A	betareg	33	35	-0.11761049181386	0.0694616807965455	0.0904229549973901	0.0935531593590883	0.0139932344110629	470.682677136642	0.139886483564419	0.276378602792452
GRIK2	betareg	33	35	0.0904622350880666	0.0534851896530442	0.0907697631862611	0.0920996670034053	-0.0150639378259568	190.828137782093	0.140322630322363	0.277240313148602
MFSD8	betareg	33	35	-0.126867059537114	0.0750345941747345	0.09087865420349	0.0929217094174892	0.0186852536749761	310.843314950975	0.140390616238733	0.277374635293938
ANKRD29	betareg	33	35	0.0974932324561048	0.0576957831145719	0.0910698787526404	0.0943775007206723	-0.0183768371421308	357.075658913697	0.140585604308348	0.277759880021436
GRK3	betareg	33	35	-0.137371811083034	0.0813162355958825	0.0911518386609466	0.0954498578848749	0.0282014306550988	642.54882569134	0.14061176146501	0.277811559627835
DERL2	betareg	33	35	0.0677193653276149	0.0401200183137211	0.0914266633442261	0.0945448668779888	-0.0146466860673319	885.804531317098	0.140857021704898	0.278296128834907
LONP2	betareg	33	35	-0.104293733290121	0.0618120464823859	0.0915510686213264	0.097391677795276	0.0154547533383607	1210.02043744139	0.140857021704898	0.278296128834907
ALKBH8	betareg	33	35	0.15426538886134	0.0914339543883512	0.0915690618776088	0.0956335749508336	-0.0345439223231521	103.203489131267	0.140857021704898	0.278296128834907
SLC33A1	betareg	33	35	-0.17030778838556	0.100943084451442	0.0915713449899085	0.0912752729928766	0.0305914787802826	117.784933130013	0.140857021704898	0.278296128834907
CRIPT	betareg	33	35	0.140122139979239	0.0831263484695729	0.0918627442003669	0.0983040995822487	-0.0205794918668583	338.845489718954	0.141204828091061	0.278983302038499
ETF1	betareg	33	35	-0.115844327123002	0.0687969370654161	0.0922089624370536	0.0957305039391784	0.024309128890979	586.366726616213	0.141636344466697	0.279835863986882
NFKBIE	betareg	33	35	0.156173531249351	0.0928105261452542	0.0924305546075459	0.101012561518465	-0.0160351170032805	180.404972372102	0.141875953986948	0.280309268870152
RPIA	betareg	33	35	0.10311488336568	0.0613323882430415	0.0927149806050856	0.0961529955556266	-0.0226416757327663	93.5057409932251	0.142166185385253	0.280882689162849
FOXN2	betareg	33	35	0.166613103828893	0.0991118845304282	0.0927511056421203	0.0952957424153634	-0.0306028614268857	196.872977451925	0.142166185385253	0.280882689162849
STXBP4	betareg	18	21	0.417175535995183	0.248712315814558	0.0934756847300639	0.0897516191644082	-0.00973002737636256	75.1096646496618	0.143175328224794	0.282876487855215
TTC30B	betareg	33	35	0.126818443043819	0.0756625203095747	0.0937173313513122	0.0978872305249623	-0.0187221856026855	194.677064798452	0.143443865652076	0.283407046612991
TRAPPC13	betareg	33	35	0.0875823594719868	0.0523106428813379	0.0940767236970042	0.0970845855267839	-0.0194462076336322	277.018901265354	0.143892117551903	0.284292673520013
FUNDC2	betareg	33	35	0.200886984459412	0.120070024189008	0.0943111737822931	0.101723067935256	-0.018564965951731	1542.1168963832	0.144148769398009	0.284799749520663
MTMR2	betareg	33	35	-0.106819589775408	0.0638959769869562	0.0945690291645403	0.100344265625495	0.0154147403494523	1037.41078798061	0.144268201681222	0.285035716046675
TMEM248	betareg	33	35	-0.0692209510795705	0.0414145334255518	0.0946393600757487	0.0999147340977162	0.0118314288050273	1663.17394798624	0.144268201681222	0.285035716046675
USF3	betareg	33	35	-0.166480142730754	0.0996065428974114	0.0946471212472607	0.0979799518968733	0.0219874441923083	301.175644452041	0.144268201681222	0.285035716046675
MARK4	betareg	33	35	0.0968140986228476	0.0579263152951245	0.0946561387948119	0.0978244680445943	-0.0207618099287683	222.15348562937	0.144268201681222	0.285035716046675
C2orf72	betareg	33	35	-0.150676279705197	0.0903496298578347	0.0953748513980176	0.0970060508341757	0.0119671823915623	434.982077284628	0.145206346365436	0.286889241208173
HLCS	betareg	33	35	-0.0764890234715095	0.0458692219981662	0.0954059470528468	0.0989884677753601	0.0142379705088908	303.637191682942	0.145206346365436	0.286889241208173
TSC22D1	betareg	33	35	-0.221624269034421	0.133367729973271	0.096562243871571	0.108888290879697	0.000421347759120607	8251.19055870736	0.146862860116263	0.290162073180888
CLOCK	betareg	33	35	-0.130483218564833	0.0787424930537714	0.0975017407618231	0.100735094058089	0.0283917548842076	288.8143411592	0.148187543357961	0.292779296047274
SBNO1	betareg	33	35	-0.0658261430672798	0.0397483146080608	0.0977068710820203	0.101879418465522	0.013604817047279	963.852731305713	0.148395026447774	0.293189227621821
KLF3	betareg	33	35	0.0994009102508683	0.0600490754345394	0.0978580013970781	0.100342056537686	-0.0171646118677293	275.863766223054	0.148462705685394	0.293322943851259
RAB27B	betareg	33	35	0.0906214096151613	0.054750303628618	0.0978887240655032	0.101847315935659	-0.0128672872648207	686.970584903181	0.148462705685394	0.293322943851259
CSTB	betareg	33	35	0.111928171216275	0.0677073578146701	0.0983070932518986	0.104316051276623	-0.0164533037855213	1498.43446675418	0.148992741350578	0.294370153794928
DNAL1	betareg	32	35	-0.25470667056286	0.154142256652026	0.0984503847922027	0.0964396681680519	0.0117836457122646	214.690074746305	0.149069023157166	0.29452086641981
GAB2	betareg	33	35	-0.115680017285847	0.0700160569846877	0.0984952768813266	0.103186318183139	0.0240833905765119	626.391045170538	0.149069023157166	0.29452086641981
KCNMA1	betareg	33	35	-0.149984727173565	0.0908281923698997	0.098677033194567	0.101279185588	0.0335475948349392	454.354694914013	0.149239668297044	0.294858015972297
NUDCD2	betareg	33	35	0.160188421855105	0.0970786805202532	0.0989248206276735	0.106675057664969	-0.0303233069919245	310.453365763047	0.149509870967595	0.295391864809259
SLX4IP	betareg	33	35	0.165036109193019	0.100052862657391	0.099047468657533	0.10244987671956	-0.0351263559740244	290.872108494283	0.149590699094716	0.295551559758127
IGF2BP1	betareg	33	35	-0.230772098166965	0.139934183917002	0.0991174371229644	0.10315302621996	0.0477282668225986	61.498927123609	0.149591908355488	0.295553948936795
NTNG2	betareg	33	35	0.142436051021055	0.0864195112939559	0.0993130314142559	0.102560745731641	-0.0189364421547075	429.12344650873	0.149782583116793	0.29593067171068
ZFP82	betareg	33	35	-0.103455768695856	0.0628242636629213	0.0996097287431503	0.101082496975301	0.0160954582642796	694.486361372906	0.149932445278425	0.296226759608437
PRPF40A	betareg	33	35	-0.123954225684152	0.0752795256435883	0.0996431353806906	0.102501479235655	0.0274302808400591	151.266024947059	0.149932445278425	0.296226759608437
TOR1AIP2	betareg	31	31	-0.271875318701189	0.165121075744705	0.0996565402527217	0.103466009289577	0.0130876931211494	242.803386171672	0.149932445278425	0.296226759608437
ZYG11B	betareg	33	35	-0.116133499544329	0.0705395609217318	0.0996896981785472	0.104839792754523	0.0239850890890807	1330.41748337157	0.149932445278425	0.296226759608437
CXorf38	betareg	33	35	-0.145273487759786	0.0883104712446087	0.0999633601394763	0.103243505475089	0.0316534636640776	109.158871511936	0.1502395523737	0.296833521804018
SBF1	betareg	33	35	-0.142247343233615	0.0866066111111672	0.100496027363623	0.104072372129748	0.0319298719878191	350.466575408001	0.1509352335807	0.298208003419972
TANGO6	betareg	33	35	0.134824336857169	0.0821407554277096	0.100718195907326	0.103711726902024	-0.0235233011114767	99.4435501606606	0.151152728745091	0.298637716199341
ZNF74	betareg	33	35	0.094198429110868	0.0574039634386306	0.100802748738872	0.104162104726452	-0.00833306866406352	1003.52888864433	0.151152728745091	0.298637716199341
CABLES2	betareg	33	35	-0.0973937503494497	0.0593594940370638	0.100850508887351	0.106114412264574	0.0158529912724763	1327.67593327342	0.151152728745091	0.298637716199341
KAT6B	betareg	33	35	0.136863001583267	0.0835238913550175	0.101294713035432	0.10344964209632	-0.0233102863079036	382.439414389205	0.151713355590959	0.299745366205264
ZBTB20	betareg	33	35	0.121725171392655	0.0743832667169885	0.10174354541465	0.105283002938899	-0.0220456077105358	893.164701935276	0.152246089368773	0.300797906904129
WDR43	betareg	33	35	0.138483426407524	0.0846356068136595	0.10179119433264	0.105932678466074	-0.0289981457579481	85.9543760036485	0.152246089368773	0.300797906904129
DHX33	betareg	33	35	0.16446644508565	0.100541851979487	0.101881277922285	0.10467994543389	-0.034908902756621	72.7859331403682	0.152275516636067	0.300856047382119
RASSF2	betareg	33	35	-0.111297681840339	0.0680591581404962	0.101984509493004	0.109146158294714	0.00986380244143876	628.854466633165	0.152324541144088	0.300952906811881
UTP25	betareg	33	35	-0.155254759053508	0.0949709858325862	0.102099390585804	0.104993284753221	0.0336668266025889	123.496549951539	0.152390885758059	0.301083986178842
RAB11FIP1	betareg	33	35	-0.196667606632848	0.12045657291986	0.10253532166319	0.106171612819932	0.0441413614796637	87.6535003352756	0.152935999213886	0.302160985839181
GOLGA1	betareg	33	35	-0.0879987454359909	0.0539819306069929	0.103069402063205	0.105046824469483	0.0185799152874426	270.769349381812	0.153516431612439	0.303307766366077
PUS7L	betareg	33	35	-0.191588944621213	0.117599649415505	0.103278612770773	0.107064847160312	0.0417967514198709	140.868948652119	0.153516431612439	0.303307766366077
TRIO	betareg	33	35	0.148233444958624	0.0910050346823553	0.103345023113127	0.104988138452801	-0.0293629078247246	193.058824412147	0.153516431612439	0.303307766366077
AQR	betareg	33	35	-0.103478921616896	0.063532042418549	0.103362261481811	0.106784601102052	0.0233483780504749	372.153748417108	0.153516431612439	0.303307766366077
SMCHD1	betareg	33	35	-0.117185812778114	0.0719482632249985	0.103365720626297	0.10628764962333	0.0247892885206731	147.122250763458	0.153516431612439	0.303307766366077
HECA	betareg	33	35	-0.147683529876069	0.0906790081289348	0.103389087566677	0.11045001708661	0.021669539012968	403.063922445445	0.153516431612439	0.303307766366077
ZDHHC22	betareg	33	35	-0.0751683143631269	0.046161167159938	0.103442531710321	0.108405737518901	0.0144978754126494	935.71640795947	0.153516431612439	0.303307766366077
SMN1	betareg	33	35	0.0984433534936526	0.0604646345959106	0.103500591396199	0.106573610938168	-0.020788865061313	85.8522101619073	0.153516431612439	0.303307766366077
IKZF4	betareg	33	35	-0.187355340679789	0.115103014872257	0.103584525928536	0.104331288084395	0.0343115465419319	292.297491511671	0.153516431612439	0.303307766366077
ZFP37	betareg	33	34	-0.212572953671685	0.130625881702203	0.103664531019174	0.110103064095893	0.00693752488212996	381.095444503646	0.153516431612439	0.303307766366077
LTN1	betareg	33	35	-0.123878712618567	0.0761368641271089	0.103725843474727	0.107633031343749	0.0186726952566066	186.081481717285	0.153516431612439	0.303307766366077
NAV2	betareg	33	35	0.122163818735038	0.0750938310025947	0.10377625893452	0.107310666268976	-0.0260820974886838	383.043454386834	0.153516431612439	0.303307766366077
SPOCK2	betareg	33	35	-0.0497545479266079	0.0305997858051067	0.103954548234784	0.10648104654845	0.00731050682390622	5622.29740920359	0.153675062436341	0.303621178815605
FLNB	betareg	33	35	-0.0891693217568048	0.0548844771030649	0.104232277888509	0.106202905267395	0.0190980512937921	137.734865460277	0.153736522407766	0.303742607423982
ZFP69B	betareg	33	35	0.128392956207638	0.0790571241367412	0.10436450684601	0.105657075138208	-0.0283333581707241	144.530778907822	0.153736522407766	0.303742607423982
BLACAT1	betareg	33	35	0.188272405542265	0.115929662351334	0.104370959739818	0.112587437928102	-0.0460809728886364	150.234864781945	0.153736522407766	0.303742607423982
ATG2B	betareg	33	35	-0.167638720794259	0.103235622590315	0.104408745980631	0.110278922690321	0.0342171420226259	222.296413678157	0.153736522407766	0.303742607423982
TOB2	betareg	33	35	0.142620820894629	0.0878437409030144	0.104466740918775	0.106597687175252	-0.0326122296203829	284.443982304112	0.153736522407766	0.303742607423982
ZNF200	betareg	33	35	-0.103374095836417	0.0636740334717759	0.104484903182612	0.109289722424617	0.0178332767950487	313.060851759456	0.153736522407766	0.303742607423982
DRAXIN	betareg	33	35	-0.120169685194078	0.0740212803748027	0.10449371235976	0.107664062899758	0.0258454166710761	280.767965239837	0.153736522407766	0.303742607423982
SERTAD2	betareg	33	35	0.196860202085533	0.121298228376419	0.104601429160538	0.110042727141551	-0.0387677403592549	111.772131498427	0.153768206348656	0.303805206490676
ISCA2	betareg	33	35	0.18847317977102	0.11614919235593	0.104657445343851	0.115107825306847	-0.0217035675691353	642.478754234277	0.153768206348656	0.303805206490676
SLC1A2	betareg	33	35	0.162042038580835	0.0998878509192099	0.104752031574262	0.118575445910157	-0.00695853412119905	920.129835273131	0.153802691873576	0.303873340744616
FBXO42	betareg	33	35	0.0817710525005724	0.0504708209235688	0.105196859260605	0.107713183668197	-0.0170039320296681	1096.02437995496	0.154351025491747	0.304956702591971
CYP2U1	betareg	33	35	-0.0698592651846992	0.0431557660016151	0.105496730004541	0.109196924666406	0.0142331963673992	297.118194380707	0.154686070442479	0.305618662582646
SCAI	betareg	33	35	-0.173692431628739	0.107343090987764	0.105639892099114	0.106506329941576	0.0185758827137818	274.741303707022	0.154693216778986	0.305632781848843
SPATA2	betareg	33	35	0.0789240117491897	0.0487762366653805	0.105644656866544	0.108093975236841	-0.0157299122308147	363.126467988156	0.154693216778986	0.305632781848843
TMEM192	betareg	33	35	-0.227749166240456	0.140859640890697	0.105910271300422	0.100584044692676	0.00869693253483726	425.708471482042	0.154839168820554	0.305921144386063
LDOC1	betareg	32	34	0.248057642962067	0.153447305685831	0.10597207233081	0.107564417009958	-0.00112344760680405	6557.27895632453	0.154839168820554	0.305921144386063
ARID3B	betareg	33	35	-0.0811654963059319	0.0502236943683216	0.106077068072165	0.109627488332187	0.0177358583746302	276.120336769016	0.154839168820554	0.305921144386063
CANT1	betareg	33	35	-0.0921919369371914	0.0570511188962063	0.106104436635575	0.109523904301483	0.0203703714350421	265.129387158996	0.154839168820554	0.305921144386063
NMNAT2	betareg	33	35	0.0851433034438713	0.0526942551138229	0.10613786516519	0.10946296771387	-0.016388407109614	1133.08176996146	0.154839168820554	0.305921144386063
GEMIN6	betareg	33	35	0.119760708194362	0.0741262282753699	0.106173895886855	0.110515076141633	-0.0239665047129706	149.422353362182	0.154839168820554	0.305921144386063
DHX40	betareg	33	35	-0.0894807600527112	0.0554063940033581	0.10631290813402	0.10994931885355	0.0199168095723282	238.131066403833	0.154937422271163	0.306115267154088
SRSF10	betareg	33	35	0.0878050797349319	0.0544477903422106	0.10682116540035	0.110198384373475	-0.0091610663412169	977.88162998719	0.155494043934333	0.307215003980913
DCX	betareg	33	35	0.198710823062473	0.123248136817189	0.106900463935628	0.113354869764823	-0.0172099962313223	6827.92224549234	0.155494043934333	0.307215003980913
COX18	betareg	33	35	-0.182550106255009	0.11322788650397	0.106910533798179	0.108442203882963	0.0354386840208293	175.6128117177	0.155494043934333	0.307215003980913
PDE7A	betareg	33	35	-0.232282637153459	0.144105266853134	0.106984672559342	0.108000524680349	0.0186273517209182	271.697151275931	0.155497302529427	0.307221442100853
SETD5	betareg	33	35	0.188289751964527	0.116837767581765	0.107060182533009	0.125124625559388	-0.00573194484834345	468.613296471949	0.155502548403478	0.307231806557117
NCAM2	betareg	33	35	-0.0820212155447461	0.050954860335277	0.107466893347523	0.110800454661055	0.0182941146623625	966.009703236784	0.155897343400422	0.308011816797308
CPEB2	betareg	33	35	0.159293483422057	0.0989620917638341	0.107476156996206	0.109855928290099	-0.0396285027150224	468.540980044892	0.155897343400422	0.308011816797308
RAP2A	betareg	33	35	0.0713839357261675	0.0443610375439936	0.107581712425514	0.111519588037474	-0.0144990418559029	937.061782257681	0.155945863213967	0.308107679084598
PSME3IP1	betareg	33	35	0.0534897136125387	0.0332560135844527	0.107742722528578	0.111249724575214	-0.00837827435007351	2013.42646058603	0.156069153726824	0.308351268449436
DOT1L	betareg	33	35	0.185539863638466	0.115377595342903	0.107811091753676	0.109467402842671	-0.0306607268177056	157.095173060399	0.156069153726824	0.308351268449436
HYPK	betareg	33	35	0.204080404532853	0.127021333042116	0.108128437818177	0.124105184846455	-0.0033687974207796	990.768004550938	0.156423847868371	0.309052050031485
C18orf25	betareg	33	35	0.111326391121709	0.069361376368253	0.1084894197419	0.115696820498	-0.0118302344216263	244.099506891457	0.156687027963371	0.309572024121085
KCNH5	betareg	33	35	0.201545738667062	0.125581388201649	0.108515517810148	0.113126356673125	-0.0418847396174532	155.998819817598	0.156687027963371	0.309572024121085
PRORP	betareg	33	35	0.130948120150359	0.0815954445577774	0.108527707028642	0.118255643050902	-0.0204030281826363	261.837599605356	0.156687027963371	0.309572024121085
IGDCC3	betareg	33	35	-0.188802733387998	0.11768143957704	0.108635960041968	0.113183551771742	0.0266948264057276	107.139032600518	0.156738686435007	0.309674087564596
CFAP97	betareg	33	35	-0.0857180673647678	0.0534410205211156	0.108719536623114	0.11229705996408	0.0187202147919099	281.233918132537	0.156746459690945	0.309689445457371
RAB5B	betareg	33	35	-0.0791472505399933	0.0493537547284068	0.108786299469112	0.110036255284722	0.0156783311506276	3147.11405751014	0.156746459690945	0.309689445457371
GABBR1	betareg	33	35	-0.0447966895037998	0.0279405530430803	0.108871589309112	0.11331440900459	0.00542396723362934	4615.30680495371	0.156764910591971	0.30972589954583
ZNF432	betareg	33	35	-0.16780329823539	0.104777684197336	0.109262340003798	0.110042420101682	0.0233035918562328	206.785482907272	0.157222879377105	0.310630724441936
WDR5	betareg	33	35	-0.0799725897436928	0.0499544422650265	0.109396749851158	0.112731237070249	0.0177044131274098	431.682802049008	0.157238203201568	0.310661000256201
SUZ12	betareg	33	35	-0.104050516161759	0.0650102489745859	0.109482208316695	0.114150326336383	0.0188432704805867	170.542591741653	0.157238203201568	0.310661000256201
DDX46	betareg	33	35	-0.135806110919523	0.0848657802116979	0.109544058717731	0.115421953858956	0.0283102560876924	67.8812191750744	0.157238203201568	0.310661000256201
NCOA2	betareg	33	35	0.133438621229249	0.0833919783175047	0.109568111386613	0.114635959905918	-0.0262142003870634	570.54175520644	0.157238203201568	0.310661000256201
ARHGEF17	betareg	33	35	-0.0664066693444727	0.0415086024766336	0.109636505590066	0.113547681551612	0.0130591953118881	327.481034184045	0.157238203201568	0.310661000256201
LRRC14	betareg	33	35	-0.0312511970082563	0.0195576413212488	0.110064756761197	0.113631914217515	0.00672352401682303	2031.20105916244	0.157735656157725	0.311643835405633
STYX	betareg	33	35	0.103321002841592	0.0646721270393929	0.110129228051136	0.115896636998744	-0.00980010742315294	404.255863703321	0.157735656157725	0.311643835405633
PMEPA1	betareg	33	35	-0.129817344205635	0.0812880247131942	0.110264696072307	0.113895620642143	0.0286650681552938	301.699602421895	0.157825164030337	0.311820679230291
RBM34	betareg	33	35	-0.114859595205369	0.0719896903680838	0.110600332739496	0.113716190081975	0.0157201718813805	314.539559207181	0.158200871399218	0.31256297737822
FAM169A	betareg	33	35	0.0856058704346768	0.0537238017361319	0.111060617869992	0.11436924920614	-0.0189184097391171	1072.88786197657	0.158754259370127	0.3136563252865
PPP2R3A	betareg	33	35	0.109260184352472	0.0685970000732724	0.111208720507548	0.113938529678792	-0.0249370642291736	258.559978973221	0.158798248145972	0.313743235444628
FGF13	betareg	33	35	-0.133816800542158	0.084032522581716	0.111285740206101	0.115977781290492	0.00327648699432806	10061.2643565012	0.158798248145972	0.313743235444628
TLNRD1	betareg	33	34	-0.236177778899858	0.148349784598281	0.111377250104172	0.121368468809885	0.00976398407071544	499.676729810402	0.158798248145972	0.313743235444628
FAXC	betareg	33	35	0.0780969194773463	0.0490559067578746	0.111385089672244	0.113753854325879	-0.0116450859579529	1295.11796740074	0.158798248145972	0.313743235444628
SNORC	betareg	33	35	-0.174028677542749	0.109401885602239	0.111670730918509	0.112582637241972	0.0263713430222416	124.814597522418	0.159100599517388	0.314340601590771
MOCS2	betareg	33	35	0.130227108972493	0.0819179632654836	0.111896599937693	0.116061987133236	-0.0136260854620513	768.046519794146	0.15931744959569	0.314769039851062
SUV39H2	betareg	33	35	0.182199593825743	0.114759800559911	0.112363146342476	0.113654463914345	-0.0323168027741202	71.0506790191485	0.159876463363804	0.315873502843028
DNAJC30	betareg	33	35	0.164370022422935	0.103720344329587	0.11302488506229	0.118075542032609	-0.0164861135777848	557.987895897585	0.160712289833141	0.317524874340016
DYRK3	betareg	33	35	-0.134644821916708	0.0850147518443849	0.113243368401198	0.115517954506692	0.0281433757150759	227.070409472457	0.160917158608135	0.317929640721627
RBM7	betareg	33	35	0.12219571618214	0.0772459589625406	0.113671414613913	0.118834152457795	-0.0179414303493308	388.310449005032	0.161390896654999	0.318865621497937
CEP70	betareg	33	35	-0.166866685738485	0.105500631225688	0.113726002144361	0.111925767608386	0.0293521201359699	57.6476609934737	0.161390896654999	0.318865621497937
TTC7A	betareg	33	35	-0.224569548446271	0.142034446244992	0.113856968624529	0.126380030035418	0.0216510516358371	124.000137726593	0.161470801897035	0.319023493070566
VSIG10	betareg	33	35	0.243499845958526	0.154139682362638	0.114167574393155	0.118004696574752	-0.0254702993904863	73.1094103223408	0.161805198088877	0.319684171285682
ZNF582	betareg	33	35	0.144534002222159	0.0915852371288711	0.1145342629024	0.113222051135281	-0.0181352023678639	82.4877799124809	0.162000103523781	0.320069252748901
GAREM2	betareg	33	35	-0.0393811320004524	0.024956311593708	0.114564944200147	0.116809435310755	0.00854672907221661	1767.55379361003	0.162000103523781	0.320069252748901
ATP11A	betareg	33	35	-0.142648620674103	0.0903992419736693	0.114569124907652	0.117591270198737	0.0316965078275611	535.53558610786	0.162000103523781	0.320069252748901
ACTR1A	betareg	33	35	-0.0380551849862278	0.024118688301236	0.114604717225794	0.118142184633107	0.0067078611292389	4501.35627273718	0.162000103523781	0.320069252748901
MTURN	betareg	33	35	-0.124222934540801	0.0787513276260735	0.114701791668195	0.116792213502273	0.0218608700937629	2416.80667345086	0.162031420725345	0.320131127235922
CACNG8	betareg	33	35	-0.108073316902462	0.0685284493809785	0.114782255358642	0.115876093380114	0.0176121491864791	584.38287236071	0.162039247479675	0.320146590827336
YKT6	betareg	33	35	-0.0605151275302801	0.0383865394155562	0.114918128767664	0.116684412831194	0.0102926324625213	1508.38622044889	0.162125235446112	0.320316480250639
MTF2	betareg	33	35	0.124228686566541	0.0788609662249461	0.115190120666144	0.118217876983638	-0.0284351310623568	183.79309098999	0.162392292723901	0.320844114625456
BLOC1S6	betareg	33	35	0.0686511973628094	0.0435910804708803	0.115281622054233	0.117930270673315	-0.0102283297280295	1538.51475358746	0.162392292723901	0.320844114625456
CALCOCO1	betareg	33	34	-0.172875660052886	0.109785341080535	0.115332684311889	0.123754486849713	0.00467945462727136	619.329632401345	0.162392292723901	0.320844114625456
YTHDF1	betareg	33	35	-0.0604019841736391	0.0384396247415456	0.116102098868768	0.119218094710124	0.0100974702269226	622.66729512354	0.163369294041729	0.322774410192742
ZBTB43	betareg	33	35	-0.127218357812883	0.081028117927033	0.116403016509522	0.115420650533562	0.0177137306705175	1048.39997062721	0.163686223299836	0.323400578377886
CMTM6	betareg	33	35	-0.148728723152609	0.094749709504237	0.116484665400521	0.114332856856822	0.0286400769910306	303.642896196978	0.163694604758708	0.323417137918405
SLC30A6	betareg	33	35	-0.105692978854228	0.0673490558127163	0.11657077120607	0.119260481363084	0.0227020860730791	304.217124931138	0.163709234517972	0.323446042443856
TOMM70	betareg	33	35	-0.0500366754678995	0.0319364690041736	0.117171581624734	0.121418944046431	0.00860064338778876	1016.31700269556	0.164446215205877	0.32490212088416
RAB3D	betareg	33	35	-0.0628052738896385	0.0401098330554039	0.117387872173837	0.11888352998338	0.0128891768604781	979.324223595243	0.16464292980825	0.325290776782624
TRPM3	betareg	33	35	-0.221838083719781	0.141781623701132	0.117665881520717	0.120464830086682	0.0386209794166755	116.788637279882	0.164925897332067	0.325849845585238
CCDC149	betareg	33	35	-0.0905002923203315	0.0578620013119669	0.117800838429203	0.12168744209337	0.0177926071782914	234.436502648303	0.165008119320867	0.326012294435223
AHR	betareg	33	35	-0.183606655312146	0.117492339387824	0.118120417405965	0.121417403862556	0.04027627560911	72.3126715686982	0.165262311111719	0.326514510018936
ZNF835	betareg	30	35	0.226974823966371	0.145250020065769	0.118135135148438	0.111675769499563	-0.0171369490166098	151.904822588806	0.165262311111719	0.326514510018936
ARL14EP	betareg	33	35	0.0810178741632526	0.0519097894645731	0.118584248285542	0.119841095833727	-0.0161116512824877	353.6796980554	0.165783353418079	0.32754395147002
TYRO3	betareg	33	35	0.23943000953036	0.153606966534234	0.11906303801968	0.119272046044611	-0.00322420181600284	522.901403533574	0.166215212521048	0.328397190556745
KDM4A	betareg	33	35	-0.0630363721713444	0.0404557378946576	0.119196146839027	0.121564533480306	0.0123106695815209	300.226581492919	0.166215212521048	0.328397190556745
TRMT1L	betareg	33	35	0.119528205164256	0.0767142392027976	0.11921032000925	0.12234663201416	-0.0276852311077842	148.646060094213	0.166215212521048	0.328397190556745
ING3	betareg	33	35	0.197204552060898	0.126579163119903	0.119244080710019	0.11976186662415	-0.0171182897003126	129.070706722331	0.166215212521048	0.328397190556745
ARID5B	betareg	33	35	0.0911542010064449	0.0585141875645781	0.119277425636337	0.119599623006483	-0.0153683262996564	419.021416159103	0.166215212521048	0.328397190556745
ARNT	betareg	33	35	-0.225785307547258	0.145016290426367	0.11947876442737	0.130637290686584	0.00645690229275011	234.436813693199	0.166388572572898	0.328739704055474
LMLN	betareg	33	35	-0.204938924672521	0.131660255007417	0.119571669972032	0.122351526704552	0.0389482880602618	161.647298504431	0.166410800324757	0.328783620199803
C16orf87	betareg	33	35	0.138001902462017	0.0887136650993049	0.119806121938918	0.128521112802795	-0.0161814788128428	440.081907139558	0.166629866401202	0.329216436684886
NAA30	betareg	33	35	-0.0636216143595106	0.0409111040939031	0.119917852470687	0.123326577738721	0.014087514719534	595.27628422592	0.166678076026736	0.329311686122909
ICMT	betareg	33	35	-0.0934861748801873	0.0601540202939711	0.120157346114743	0.120444076734762	0.0135433547628677	1445.86170829937	0.166903692152588	0.329757443768977
MARK2	betareg	33	35	-0.161063413684302	0.103746189304704	0.120548498406393	0.119856521196498	0.0179213462106478	383.111732026452	0.167339543790679	0.330618571046544
MICALL1	betareg	33	35	-0.113892336376808	0.0734064428392608	0.120774599360212	0.123039138227225	0.0119858307103133	367.441246260302	0.167545867035633	0.331026211075166
RSBN1	betareg	33	35	0.124796869523897	0.0804891888165699	0.121026373911256	0.124470452612292	-0.0281829215928134	329.601350105093	0.167760840285725	0.331450941220526
KBTBD11	betareg	33	35	-0.0868939283173449	0.0560679590768916	0.121190360614539	0.122607634596447	0.0178023605490069	1496.03572195907	0.167760840285725	0.331450941220526
SEC63	betareg	33	35	-0.129522455175462	0.0835827818930146	0.121230150249297	0.11840724235893	0.0144979237623931	515.520134558368	0.167760840285725	0.331450941220526
PPP1R12A	betareg	33	35	0.146674873596351	0.0946539581484595	0.121239836444578	0.123025358658745	-0.011565009526243	243.242127971106	0.167760840285725	0.331450941220526
CC2D1B	betareg	33	35	0.203265172215583	0.131254703597249	0.121470322364776	0.121828413353089	-0.0247699384445777	137.633104528722	0.167972298203084	0.33186872600044
PSMB2	betareg	33	35	0.0904904594097117	0.0584463009206641	0.121558106761359	0.125351675413563	-0.017888789783767	1439.28491406246	0.167986280625507	0.331896351559927
DIP2B	betareg	33	35	-0.104568273349812	0.0675587320302937	0.121667362555014	0.125854486500567	0.0120186002720885	699.697714521918	0.168010873872021	0.33194494129452
PRKAR2B	betareg	33	35	0.0910732589437803	0.0588500559162326	0.121731271474026	0.124004577793311	-0.0192977832371608	3174.75149914899	0.168010873872021	0.33194494129452
YAF2	betareg	33	35	-0.139394981241284	0.0901537518285417	0.122058281621084	0.12346584372148	0.0284862406252904	239.250460050566	0.168354768588444	0.332624386075823
SAP30BP	betareg	33	35	0.0470444451587653	0.030458963320091	0.122462671159558	0.125770340420748	-0.0105732388792625	778.299566824671	0.168804886175055	0.333513699085272
RNF115	betareg	33	35	-0.126664452717694	0.0820969582579102	0.122863743681002	0.125273417518467	0.0272744360560744	431.409290748425	0.169192936574557	0.334280383789144
CEMIP2	betareg	33	35	-0.208144597997711	0.134921221941796	0.122900651283114	0.139917678068142	0.0237834444117296	88.489899093836	0.169192936574557	0.334280383789144
GOLT1B	betareg	33	35	0.122617814393678	0.0795117875279611	0.123041084874263	0.125285926488898	-0.0267231439267518	857.644851243572	0.169278514405248	0.334449462892956
TEAD1	betareg	33	35	-0.264425174139856	0.171557665987902	0.123239047844351	0.122631678892842	0.0513582585366361	75.2512804468784	0.169443081370954	0.334774603584813
RCHY1	betareg	33	35	0.128970793688049	0.0837437281861969	0.12354448412049	0.128466916313621	-0.0202555381345973	797.590708711543	0.169755111893983	0.335391093168267
CACNA1E	betareg	33	35	-0.0975922972236376	0.0633978057282186	0.123715467566397	0.127007782124871	0.0217645669384193	773.816069705499	0.169882119865209	0.335642027245215
RABGAP1L	betareg	33	35	0.124077907029221	0.080630658042002	0.123842679911276	0.129879214678103	-0.02449786823763	1548.32203423592	0.169948899721747	0.335773966536093
ULK1	betareg	33	35	-0.0717319583160906	0.0466329572499268	0.123993727480459	0.12743151057685	0.0159537807285734	234.077368969859	0.170009845927131	0.33589438007899
GUF1	betareg	33	35	-0.0662026013027745	0.0430441113505749	0.124044308861373	0.127633592410926	0.0121155884227693	375.700779124766	0.170009845927131	0.33589438007899
GNAZ	betareg	33	35	-0.0612991375666101	0.0398889491567692	0.124355801130548	0.128228700405506	0.0121784960098075	1726.80928795843	0.170328824277066	0.336524596726301
AFAP1L2	betareg	33	35	0.0911384908839374	0.0593292094105856	0.124501902157377	0.127669737567541	-0.019427714298109	207.880692275255	0.17035559519153	0.33657748895539
SLIT2	betareg	33	35	0.155714366683967	0.101403379264679	0.124638117582393	0.125293493431067	-0.0330545858601159	216.285389158111	0.17035559519153	0.33657748895539
DGKD	betareg	33	35	-0.0705693908552482	0.0459570134397725	0.124648257175991	0.129075698928544	0.0111866173813	1006.45718732568	0.17035559519153	0.33657748895539
ZFY	betareg	23	28	0.203782606299092	0.132724508450597	0.124690420083403	0.128598912486713	-0.0292606271505426	56.0378133885416	0.17035559519153	0.33657748895539
ACER3	betareg	33	35	-0.12909502088403	0.0841749744822257	0.125115572175594	0.1264736813445	0.0159426788216459	543.447168114426	0.1708285356357	0.337511893880248
C7orf31	betareg	31	31	0.229053560452368	0.149453994718435	0.125373834202775	0.123581833922225	-0.00902011217328004	86.6570065677816	0.171051668153379	0.337952744575056
TMEM117	betareg	33	35	-0.0498372588515858	0.0325238502227397	0.125441116879617	0.129873862235009	0.00854885674939988	665.163364922436	0.171051668153379	0.337952744575056
ALG12	betareg	33	35	0.207829561705648	0.135684225173727	0.125592781508396	0.132840404619041	-0.0184872237954178	253.199528078047	0.171051668153379	0.337952744575056
SIPA1L1	betareg	33	35	0.169599865592459	0.110726226171506	0.125595356514203	0.128430055301345	-0.0392834320247499	74.0015431195597	0.171051668153379	0.337952744575056
TGFBRAP1	betareg	33	35	0.101399136659405	0.0662683281728325	0.12598462971564	0.129304172466535	-0.0239731043484773	327.757690038292	0.171465901920371	0.338771160670977
TWF1	betareg	33	35	0.0901806608407545	0.0589480428881648	0.126058072891845	0.128678238072662	-0.0189756425331137	260.037104415514	0.171465901920371	0.338771160670977
ZNF223	betareg	33	35	0.11729626993406	0.076794294483413	0.126659425978061	0.131414687779733	-0.0123684757254485	292.65467643076	0.172175584020468	0.340173304339568
SLC23A2	betareg	33	35	-0.180575365283571	0.118255765707377	0.126763511467663	0.125040796746439	0.0334141463438127	1410.04731658883	0.172208834161424	0.340238997802339
LSM11	betareg	33	35	-0.0901817646508828	0.0590878477663759	0.126952094287085	0.127392191289076	0.0182080950227869	1463.77098843893	0.172356760523105	0.34053126107264
LDB1	betareg	33	35	0.0527930802675981	0.0346003918877691	0.127061103956982	0.129946104136785	-0.0113691763967383	334.739730572392	0.172364521953467	0.340546595601213
A1BG	betareg	33	35	0.161259267392338	0.105704333243834	0.127117205706514	0.13378084364714	-0.0325808845207021	297.342794095438	0.172364521953467	0.340546595601213
TRUB2	betareg	33	35	-0.154881768028938	0.101652666527059	0.127599404838967	0.12903536656068	0.00308468620325903	1091.82155486471	0.172909952172072	0.341624221100817
EMSY	betareg	33	35	0.186197934263249	0.122255392132678	0.127752623515126	0.130665999841289	-0.0306781966797588	78.7759719748543	0.173009177058534	0.341820263168525
MAP4K2	betareg	33	35	-0.184872493219327	0.121510776704744	0.128147110596535	0.13190431130537	0.0419051167453656	94.4217613243736	0.173434811382097	0.342661203741549
CNOT4	betareg	33	35	0.0890675745866767	0.05855513735864	0.128237507695089	0.131535590390158	-0.0200840957142289	198.632172635234	0.173448614116235	0.342688474284625
PTPDC1	betareg	33	35	-0.158213752236771	0.104048650443206	0.128366583360868	0.132240266881083	0.0143841313567242	132.052118235427	0.173482637131148	0.34275569474142
CHST15	betareg	33	35	-0.065773372262307	0.0432626390990612	0.128428730394684	0.132414491521851	0.0127580079742009	482.017169556424	0.173482637131148	0.34275569474142
CHRM3	betareg	33	35	-0.113701333182827	0.0748020067116869	0.128503305166336	0.132072468152989	0.0182359281854464	1011.78123052369	0.173482637131148	0.34275569474142
SNRPD1	betareg	33	35	0.0788673177619389	0.0519013751460126	0.128621286676419	0.132675899264684	-0.0163235174749489	535.120922107704	0.173533591993804	0.342856368040135
TM2D2	betareg	33	35	0.0711099631615822	0.0468415207019514	0.12898999519546	0.133197196924298	-0.00847527637067619	1297.80434983282	0.173849046412612	0.343479622333856
SNX27	betareg	33	35	0.0837514850140322	0.0551724677656574	0.129015865632071	0.136792627883371	-0.0133918775127422	2899.29181143571	0.173849046412612	0.343479622333856
SPRYD7	betareg	33	35	-0.104021807414864	0.0685695835435319	0.12926024358625	0.132962674832434	0.0239354683275225	357.809435869363	0.174069891262181	0.343915953203018
TMX1	betareg	33	35	0.109302177349069	0.0720678960583719	0.129353662526465	0.131570358760551	-0.0242929028590557	267.520119151629	0.174087296955138	0.343950342237452
ROCK2	betareg	33	35	-0.10065114885525	0.0663916062794099	0.129513739610768	0.131725993276558	0.0211589569406154	202.28244576911	0.174194335356672	0.344161821739312
ST7L	betareg	33	35	0.112167528271414	0.0740583199321332	0.129877848762212	0.132503256944651	-0.0203775780061459	121.869715527901	0.174575490694869	0.344914883630163
CCNH	betareg	33	35	0.168901662692785	0.111596083546695	0.130150448909521	0.144232574530335	-0.0152808333378714	231.314672653255	0.174833246991973	0.345424141733158
SURF4	betareg	33	35	-0.0322943887119124	0.0213472971155143	0.130328116476269	0.133696033677842	0.00719764109483489	2098.39064719754	0.174874405813048	0.345505460650979
RNF121	betareg	33	35	-0.132469577454217	0.0875686333669669	0.130342804252136	0.132729822143587	0.0282813593083224	213.249414691388	0.174874405813048	0.345505460650979
RAB11FIP3	betareg	33	35	-0.15345745086256	0.101512553049004	0.130607880960047	0.133157367010125	0.00274583491846273	841.830364232338	0.175121409832285	0.345993475103709
RYBP	betareg	33	35	0.143772144336384	0.09519596252176	0.130973101901578	0.142157184617249	-0.0235472421437107	543.054730444095	0.17550229978093	0.34674601265517
PEX11A	betareg	33	35	0.133269449212908	0.0882612855515237	0.131058145849663	0.134279400100115	-0.0249192188867102	110.695198549672	0.175507516878808	0.346756320257344
ZBTB46	betareg	33	35	-0.127859641050182	0.0847218329036301	0.13125536727972	0.12896963751074	0.0214568847211347	260.485975749958	0.175662857891558	0.347063232912279
GPAT4	betareg	33	35	-0.0951764158133629	0.0630902728448785	0.131407396722851	0.129351368881442	0.00958179479347052	1140.03028631645	0.175757562428734	0.347250343968301
ZNF347	betareg	33	35	-0.157858946085231	0.104743660888525	0.131785577919892	0.136839903803352	0.0323002399673793	213.714111920147	0.176154441218671	0.348034471230963
MAPK4	betareg	33	35	-0.0576268940541242	0.0382880603405725	0.132301494752321	0.135637252681277	0.0118386879244179	421.92087746756	0.176533273174671	0.348782942734602
INSYN2A	betareg	33	35	0.104889347107933	0.0696987627516299	0.132350972410587	0.13867608172741	-0.0162951006588028	270.582611981621	0.176533273174671	0.348782942734602
P2RY1	betareg	33	35	0.167527912901364	0.111334701179904	0.132395244152944	0.129576923176788	-0.0309796376682368	337.090710387409	0.176533273174671	0.348782942734602
HNRNPUL2	betareg	33	35	-0.165440387834342	0.109947456352197	0.132395491016973	0.140808639349408	0.0285597341654558	134.810986491861	0.176533273174671	0.348782942734602
CPLX1	betareg	33	35	-0.089740849946305	0.0596895699254839	0.132720597540723	0.13977711884573	0.0154064894475298	672.911932189072	0.176694553699868	0.349101590291363
C17orf75	betareg	33	35	-0.103087379973716	0.0685803020258603	0.132796988203103	0.138592599004326	0.0187735896011523	373.61198772169	0.176694553699868	0.349101590291363
VPS13A	betareg	33	35	0.175597689355182	0.116819123428117	0.132798107869309	0.13091286249747	-0.019665555691027	177.480699307587	0.176694553699868	0.349101590291363
NRXN2	betareg	33	35	0.125512589475404	0.0835089487075852	0.132843244983327	0.134143160163137	-0.0134191408438728	1097.21405486641	0.176694553699868	0.349101590291363
C3orf14	betareg	33	35	-0.0970166435918583	0.0645823121922681	0.133041090537832	0.133467277436615	0.00518870477181428	1728.14132585035	0.176824310803018	0.349357955924104
SPRED1	betareg	33	35	-0.0961452803806818	0.0640126946141873	0.133104318334763	0.135077423807094	0.0195948087185122	514.564476267447	0.176824310803018	0.349357955924104
ORC2	betareg	33	35	-0.142656237674633	0.0950351772280471	0.133332601980645	0.138546218554024	0.0289661861521334	63.6810968029597	0.177018843501848	0.349742300959666
MAEA	betareg	33	35	-0.0456840505646666	0.0304556014552102	0.133608887918823	0.136893139729573	0.00830636415975092	1480.03078145499	0.177276828588559	0.350252011090264
RINL	betareg	33	35	0.131677972816161	0.0878300964204799	0.133812624413043	0.137578099087598	-0.0284743367317722	84.4359142531097	0.177438295266701	0.350571026435887
MAP3K2	betareg	33	35	-0.111312039963005	0.0742617732509087	0.133895844825372	0.137567397139343	0.0220758150029121	635.148242326828	0.177439855183751	0.35057410841839
APTX	betareg	33	35	0.060321187061629	0.040253589772494	0.133995764324374	0.13648016706568	-0.0132478345518941	401.957327731927	0.177463529403263	0.350620882399295
CEP41	betareg	33	35	-0.113320239618269	0.075675118430809	0.134274373221408	0.133884660015301	0.0125027169081864	804.642556714816	0.177682786011568	0.351054075324817
PELI1	betareg	33	35	0.0753887642329515	0.0503577844754493	0.134376926362773	0.13630395773765	-0.0140224684098178	638.132561160188	0.177682786011568	0.351054075324817
SH3PXD2A	betareg	33	35	-0.0946226176058351	0.0632105187539708	0.134407785450831	0.133761881894545	0.0163804108217952	663.059299622258	0.177682786011568	0.351054075324817
STAT3	betareg	33	35	-0.130102942877779	0.0869979989247136	0.134791687516928	0.135590632725728	0.0247895138602118	2106.89584385409	0.178081440506678	0.3518417109101
CPEB4	betareg	26	28	-0.264890835997905	0.177361640261968	0.135304545805673	0.140417652659436	0.00157419677902159	1389.44496253507	0.178456951186768	0.352583620453126
MAFG	betareg	33	35	-0.0889259440617975	0.0595551957222696	0.1353930774867	0.138649947042456	0.0103187413401201	1309.9961485402	0.178456951186768	0.352583620453126
SRFBP1	betareg	33	35	-0.124341679530721	0.0832745601059343	0.135397077991466	0.136174225885878	0.0234339799576623	63.6025341436842	0.178456951186768	0.352583620453126
PLPBP	betareg	33	35	0.0913101655867352	0.0611539668844149	0.135405972657051	0.141295751490042	-0.0136446586209491	618.520408334016	0.178456951186768	0.352583620453126
MED21	betareg	33	35	0.0781046409050001	0.0523401526482073	0.135633378167338	0.13902949439915	-0.0171449772690747	547.861566888343	0.178540418576705	0.352748529885558
NTRK3	betareg	33	35	0.145650125859706	0.0976223460813079	0.135705629311454	0.136075603850774	-0.0210045265893352	576.895390138024	0.178540418576705	0.352748529885558
GALNT10	betareg	33	35	-0.102181576388312	0.0685130163172702	0.135851667932235	0.138720938327369	0.0236241875063572	242.768760109907	0.178540418576705	0.352748529885558
SEMA3D	betareg	33	35	0.120264844472129	0.080637897427329	0.135851678572854	0.140826541840053	-0.0183760676765554	480.296918716357	0.178540418576705	0.352748529885558
MYO6	betareg	33	35	-0.128046558829756	0.085879054460398	0.135958778255109	0.138397146194539	0.0282743874279247	125.314267069974	0.178540418576705	0.352748529885558
RTL10	betareg	33	35	-0.150244566424116	0.100768455088297	0.1359646217462	0.135998401221154	0.0304858445978777	660.22727376287	0.178540418576705	0.352748529885558
HSPA5	betareg	33	35	0.0896620602500496	0.0601974278013266	0.136364532866926	0.143917839009232	-0.00632127352458071	4449.69474302355	0.178904404917217	0.353467670389078
AMACR	betareg	33	35	0.0608821709616678	0.0408850604157191	0.136459572800035	0.137825119238854	-0.00582302297050311	1094.09758171868	0.178904404917217	0.353467670389078
EFNB2	betareg	33	35	0.108189777282084	0.0726726210520044	0.136558967027	0.137164768766143	-0.014272550476495	1444.28713865195	0.178904404917217	0.353467670389078
AGPAT4	betareg	33	35	0.107869777187242	0.0724602086217316	0.136572694550051	0.142729103041965	-0.0192377524264941	804.465744324132	0.178904404917217	0.353467670389078
ZBTB33	betareg	33	35	-0.0894222665560091	0.0601678184517876	0.137222471003317	0.138499658000203	0.0165090386326573	767.975572658717	0.179646773471054	0.354934393823956
RALGPS1	betareg	33	35	-0.0841052996209278	0.0567336369372836	0.138218163275749	0.143886653913882	0.0108535917796426	1141.14596881253	0.180840830529146	0.357293533985042
UBA6	betareg	33	35	-0.159245368588219	0.107594678323751	0.138860238611266	0.141322189079785	0.00737432504171113	493.575060124312	0.181571060827292	0.358736275444944
PRKACA	betareg	33	35	-0.131303597718758	0.0887589319517306	0.139052599378037	0.144854317596993	0.0274625605888109	276.427183189387	0.181629611067965	0.358851955196827
HPCAL4	betareg	33	35	-0.0401575928286769	0.0271472291796484	0.139072978658073	0.141349400235812	0.00846009277979379	3484.24842491892	0.181629611067965	0.358851955196827
N6AMT1	betareg	33	35	-0.0645049779323852	0.0436210276341001	0.139204794156292	0.142441062306046	0.0141798278330027	328.511212560243	0.181692044975411	0.358975308044559
PXMP4	betareg	33	35	0.0628659523275831	0.0425305441993374	0.139371229932909	0.142544232412467	-0.0136180215990349	293.771064783404	0.181799563188447	0.35918773552673
UBE2I	betareg	33	35	-0.0933560964609835	0.0632145303363178	0.139725532167101	0.142604782224117	0.0190307811700722	937.562234734655	0.182151862105381	0.359883784780001
NKAIN1	betareg	33	35	-0.0470306262135832	0.0318590092273505	0.139887204032363	0.144318215379942	0.00895281669027452	2636.48639487839	0.182155555760052	0.359891082462314
TNS1	betareg	33	35	-0.176177444894993	0.119347230765751	0.139896814409058	0.146199499072255	0.0273479568198224	229.231256604962	0.182155555760052	0.359891082462314
SLC8A1	betareg	33	35	-0.163426775793448	0.110852246982633	0.140407370778181	0.14451430412542	0.0386909716306958	1259.49289165146	0.182642498605937	0.360853152420443
RPAP3	betareg	33	35	-0.145205018466433	0.0985004663641888	0.140439689322536	0.143024025227483	0.0318345456042874	138.148219622811	0.182642498605937	0.360853152420443
COPB2	betareg	33	35	0.0874015192952058	0.0593585526377895	0.140903862006069	0.142742526902028	-0.0165117392030142	336.736878977053	0.182962371610704	0.361485136668498
SLC25A4	betareg	33	35	0.118792400639263	0.0806810424522138	0.140920808610711	0.14914324644071	-0.0156588029381508	4610.35649382853	0.182962371610704	0.361485136668498
CEP78	betareg	33	35	-0.240347645989381	0.163246199397247	0.140939442473606	0.135998273771677	0.00523496426501951	212.78454733079	0.182962371610704	0.361485136668498
MECP2	betareg	33	35	0.0880296383256446	0.0598258579985192	0.141174521495989	0.141582214682524	-0.0182296969115369	761.369121897301	0.183157603965431	0.361870864038609
KCNS2	betareg	33	35	0.116956273222247	0.0795126527987191	0.141314379278272	0.143759881982512	-0.0198074615342404	362.386848421579	0.183229137753097	0.362012195836964
KIRREL1	betareg	33	35	-0.126192225543579	0.0858256009044827	0.141471548865969	0.144879427305679	0.0203174654894874	198.866831745901	0.183323018969917	0.36219768023025
FAM222B	betareg	33	35	-0.127058908585742	0.0864542689645055	0.141652207456704	0.135998303832345	0.00662159284175449	1698.42244368394	0.183447207273089	0.362443043390717
TMF1	betareg	33	35	-0.178052976441876	0.12124379627333	0.141953990913566	0.137385523911081	0.0194941879063602	138.142990903879	0.183698807526115	0.362940138782793
SRCIN1	betareg	33	35	-0.134886229762893	0.0918755833216843	0.142066166077088	0.143984736626164	0.0284255489262056	747.021679360294	0.183698807526115	0.362940138782793
MYLIP	betareg	33	35	0.156364095517691	0.106514270512672	0.142101299364291	0.146221335757364	-0.0338625196260695	54.8449556292379	0.183698807526115	0.362940138782793
FAM124A	betareg	33	35	0.113203173835123	0.0771870072463798	0.142482399824828	0.148394947933307	-0.023058391881772	163.516255276193	0.184081437301349	0.363696113770306
SMUG1	betareg	33	35	0.0987667619256459	0.0673971471039344	0.142799751202871	0.147795229261423	-0.0171207641100912	215.428343096148	0.184381298166929	0.364288559337236
ZNF33B	betareg	33	35	-0.115860788432322	0.0791138217883181	0.14306222703076	0.1431170942261	0.0226700428688883	902.515700432822	0.184609988837872	0.364740391469235
HSDL2	betareg	33	35	0.0803465222998319	0.054947639862715	0.143676025315379	0.146458728090405	-0.0150703320709204	162.134513193312	0.185291489051077	0.366086855201322
TBC1D20	betareg	33	35	-0.066500533768392	0.0455245334275739	0.144080615212476	0.147868462836955	0.013932985958221	609.769151742926	0.185488822224916	0.366476733232998
CUL3	betareg	33	35	0.105622575879259	0.0723105147011644	0.144103077945297	0.147858911623258	-0.0209199959734844	471.842723671403	0.185488822224916	0.366476733232998
SLC39A10	betareg	33	35	0.0908373225765484	0.0621979281581676	0.144164857068035	0.146685863424459	-0.0144117145800135	1153.07263572452	0.185488822224916	0.366476733232998
CASP2	betareg	33	35	-0.12693565192491	0.0869166651091867	0.144172101232078	0.148320687726776	0.0267585731563821	186.948116088968	0.185488822224916	0.366476733232998
ZBTB26	betareg	33	35	-0.127527137700829	0.087376744887502	0.144425090066094	0.147605172129177	0.0263726550233735	162.37398292143	0.185629531141391	0.366754736745166
SAMHD1	betareg	33	35	-0.0634736780344555	0.0434927881261792	0.144453129403724	0.147791445002072	0.0140308829039882	445.620001730714	0.185629531141391	0.366754736745166
CYFIP2	betareg	33	35	0.075972303529776	0.05208779909669	0.144690885408758	0.146791439357839	-0.0163615529963159	1847.45185220239	0.185824646813684	0.367140233581723
PAFAH2	betareg	33	35	0.208533624567705	0.143030098679482	0.144848751391258	0.143268039750349	-0.0132669044075719	104.514392552888	0.185882367009205	0.367254273384458
SMAD2	betareg	33	35	0.0756568890922958	0.0518995448323261	0.144907724064169	0.147865598988371	-0.0145535502127269	1122.42855613609	0.185882367009205	0.367254273384458
ZNF766	betareg	33	35	-0.196899934859443	0.135176960732465	0.145224429238659	0.143138432673557	0.00703021283385881	419.82542433359	0.186132641803631	0.367748750021766
ZNF568	betareg	33	34	-0.235915059425007	0.162004527073243	0.145330401687319	0.140814727583197	0.0347725832924692	72.9888602565165	0.186132641803631	0.367748750021766
N4BP3	betareg	33	35	0.124857739842284	0.0857551031974191	0.145398068912697	0.147931343405797	-0.0306635724600295	269.160190611319	0.186132641803631	0.367748750021766
NRIP3	betareg	33	35	-0.063502764704907	0.0436204378386575	0.145447083439454	0.148420392207868	0.0142700534396564	596.177546011291	0.186132641803631	0.367748750021766
SLC7A14	betareg	33	35	0.100186245824254	0.0688704894440835	0.145750945862451	0.152790061000336	-0.0140791076983895	407.789968747527	0.186340468129364	0.368159359739487
GSTO2	betareg	33	34	0.214445684464927	0.147446412778331	0.145836150833217	0.144034044852756	-0.0424212126278306	95.3069679300081	0.186340468129364	0.368159359739487
DDX52	betareg	33	35	-0.117833634685646	0.0810252637484142	0.145867960692476	0.148822690946207	0.026173971357274	238.712212763471	0.186340468129364	0.368159359739487
NEK4	betareg	33	35	-0.109811742083733	0.0755653268796431	0.146167464246418	0.150128689909425	0.0174875393064788	161.845076228367	0.18661284577007	0.368697505740816
LRPPRC	betareg	33	35	-0.14634918423119	0.100737355601197	0.146284932780004	0.146943955948109	0.0239189561204757	632.162593672253	0.186644669524156	0.368760381041316
ME1	betareg	33	35	-0.0841907889612082	0.0579741153597202	0.146442269364617	0.149278358065738	0.0187063105817837	297.890392794345	0.186644669524156	0.368760381041316
VPS26B	betareg	33	35	0.0363042037488866	0.025003773817524	0.146515793607741	0.147978627973874	-0.005262652479009	3694.96387662281	0.186644669524156	0.368760381041316
FMC1	betareg	33	35	0.13271956065496	0.0914174035667558	0.146557911046229	0.14988360336127	-0.0051149472943144	978.719752283639	0.186644669524156	0.368760381041316
KIAA0930	betareg	33	35	-0.0801487939098931	0.0552156127056043	0.146623891268241	0.149152458717757	0.0179969488446128	1250.77941238427	0.186644669524156	0.368760381041316
FUT8	betareg	33	35	0.130662568338016	0.0900352677675224	0.146713702739375	0.150245237516831	-0.00664017429645783	392.461744787632	0.186649136673651	0.368769206944324
LRPAP1	betareg	33	35	0.168630279263892	0.116248569560803	0.146891025428836	0.151897909446531	-0.0448273880089977	1161.90154533048	0.186764864870513	0.368997855177787
MZT1	betareg	33	35	0.121007401673464	0.0834657829881688	0.147118612432032	0.150721950800825	-0.014800358902634	338.252640363108	0.186944328181685	0.36935242709875
PRRC2C	betareg	33	35	0.0824998845985053	0.0569395276254115	0.147364515280839	0.153965222037888	-0.0109763708241357	625.836278818369	0.187146841098074	0.369752538928377
ENPP4	betareg	33	35	0.0902411763090225	0.0623145646527852	0.147573581195542	0.149691085047165	-0.0210771152362684	208.699856136861	0.187302362393951	0.370059807774972
NXPH3	betareg	33	35	-0.16712289811642	0.115515717677318	0.147965660992873	0.148943276933666	0.0345138276940837	109.761381406468	0.18767515091129	0.370796339046142
ARL8B	betareg	33	35	-0.0625783446269418	0.0432623139427732	0.148040850552941	0.151216100562451	0.0135754746956413	1522.24768639001	0.18767515091129	0.370796339046142
M6PR	betareg	33	35	0.0626110372107034	0.0433256365134946	0.148422280515827	0.151708099627069	-0.012289799615427	561.634598635605	0.187995916165297	0.371430086142129
BICRAL	betareg	33	35	-0.107836112926242	0.0746288767970954	0.148467724580097	0.151669240303448	0.020686765361945	158.890283441279	0.187995916165297	0.371430086142129
TM9SF3	betareg	33	35	0.0560524740360564	0.0388004055537896	0.148560073021507	0.151577232943595	-0.00888394639047623	2140.01279036838	0.188001319597692	0.371440761891904
TLCD4	betareg	33	35	0.171667530050365	0.118861107249978	0.14866304422059	0.150272721412533	-0.0340828157539456	113.571195702715	0.188001319597692	0.371440761891904
USPL1	betareg	33	35	-0.152490945032932	0.105601535280557	0.148732774069049	0.145611984594909	0.0142316577338586	604.13524358666	0.188001319597692	0.371440761891904
RCBTB1	betareg	33	35	0.0630058038152225	0.0436580525808506	0.148973800551093	0.152478595528834	-0.0140042907445515	405.975259654235	0.188195990271624	0.371825379529686
GIGYF2	betareg	33	35	-0.0679031638843208	0.0470895555710028	0.149302225333218	0.153137045667833	0.0148538114574693	277.588587142176	0.188500777946001	0.372427559164531
PROSER1	betareg	33	35	0.0984160853882264	0.0683111122470115	0.149668354459328	0.152228319992573	-0.0213761418321692	130.921159937935	0.188763674980558	0.372946974001745
TPPP	betareg	33	35	-0.0908174055705327	0.063052038683981	0.149766600713437	0.149030185888928	0.0157186779389229	2098.35687629163	0.188763674980558	0.372946974001745
POT1	betareg	30	33	0.23037365198907	0.15997001354152	0.149837631702813	0.160370608090474	-0.00567326830547138	110.034011666465	0.188763674980558	0.372946974001745
SULF2	betareg	33	35	0.123241741146011	0.0855828983666732	0.149859572750058	0.15510847263706	-0.0037555127788311	1148.54412549633	0.188763674980558	0.372946974001745
GOLGA2	betareg	33	35	-0.0953378723545317	0.0663243104406686	0.1505902032216	0.152917047334161	0.0213657438577571	233.762171723404	0.189573570071756	0.374547111970835
CTTNBP2NL	betareg	33	35	0.0631946136799332	0.0439983644968955	0.150918527757336	0.153191933523342	-0.0116723797037162	1067.83727249818	0.189819696805436	0.375033393139901
RAVER2	betareg	33	35	-0.104843307626291	0.0730033184186504	0.15096125349886	0.153269114179925	0.0164052782245027	95.1814898099259	0.189819696805436	0.375033393139901
CAMK1D	betareg	33	35	-0.107842274917018	0.075160883578438	0.151338640088806	0.157718602649411	0.0154176257199138	872.983482763672	0.190159602490544	0.375704956652957
DUSP18	betareg	33	35	0.0479555981557868	0.0334283690305601	0.151407426949776	0.154858406130546	-0.0106560376334153	763.796475612231	0.190159602490544	0.375704956652957
OSGEP	betareg	22	27	0.358730720327557	0.250242397695972	0.151705592034091	0.163010785108037	-0.04784164633221	101.900344976364	0.190319768970807	0.376021403152298
ZNF614	betareg	33	35	-0.0831344262679833	0.0580027960867869	0.151776955141758	0.154542360360307	0.0187715836593571	263.055592108939	0.190319768970807	0.376021403152298
TMEM268	betareg	33	35	-0.05371585020057	0.0374795019508029	0.151798951658721	0.154562818159647	0.0120229980124533	715.0474165988	0.190319768970807	0.376021403152298
RC3H1	betareg	33	35	-0.105682933549523	0.0737747730098247	0.151998563846761	0.153985916823376	0.0228383805465636	430.436045526679	0.190409141773676	0.376197980114956
MRPS11	betareg	33	35	0.0895385294228928	0.0625120295957376	0.152046316793477	0.157733915819026	-0.0146779003114108	1007.54797154506	0.190409141773676	0.376197980114956
PCCB	betareg	33	35	0.130543385035892	0.0912270316574892	0.152438060697957	0.155428325561214	-0.0292419902569308	160.674602342533	0.19078925225227	0.376948977640262
TP53BP1	betareg	33	35	0.0955403713222813	0.066797865697031	0.152633580380337	0.16011013395065	-0.0081475774741503	2305.23244936955	0.190889179639479	0.377146407663189
CAB39L	betareg	33	35	-0.0650021081007666	0.0454535174496306	0.152694426692562	0.156277257589473	0.0101002855246345	674.868448840454	0.190889179639479	0.377146407663189
EDEM3	betareg	33	35	-0.1162634655477	0.0813671954955797	0.153040467646524	0.158761884864478	0.0106952471077355	760.637145089771	0.191058909073575	0.377481748023836
METTL8	betareg	33	35	-0.143607095452329	0.100504101704453	0.153042174528976	0.155265843340813	0.0288118262021847	152.192251858801	0.191058909073575	0.377481748023836
EIF3A	betareg	33	35	0.104116096094202	0.072876498613884	0.153100568899043	0.15653070610973	-0.0230255881389434	324.631968596792	0.191058909073575	0.377481748023836
PURB	betareg	33	35	0.137726344341655	0.0964216072372086	0.153183559811218	0.155803151613098	-0.0307049173574083	181.353400249338	0.191058909073575	0.377481748023836
ARL3	betareg	33	35	-0.119004713646642	0.0833394795845307	0.153305892131914	0.155504288646032	0.0183473860651944	1153.70721230199	0.191101280280047	0.377565462293757
ATG7	betareg	33	35	0.0980087461484592	0.0687142883714276	0.153775228413745	0.155781120071209	-0.00781469137233999	676.455042209377	0.191575906359755	0.37850319758752
ZNF286A	betareg	33	35	0.145278557670008	0.10191405707388	0.154012523657957	0.162674379037814	-0.0245661775870479	523.949038440417	0.191700959113091	0.378750268672315
GRIN3A	betareg	33	35	-0.0951719943699099	0.0667841343152385	0.154137278824721	0.159941153172952	0.0166778432122396	1727.10455496591	0.191700959113091	0.378750268672315
STAG1	betareg	33	35	-0.104132277161206	0.0730725004406447	0.154141520529173	0.157182471666249	0.0226122502625739	147.516110659082	0.191700959113091	0.378750268672315
TMEM267	betareg	33	35	0.156412307368982	0.109791023516632	0.154262282635278	0.163480015484102	-0.0127071779530809	125.930452794604	0.191738492106001	0.378824423915013
NSUN4	betareg	33	35	0.0732047498073703	0.0513956753438959	0.154349010539676	0.157166095523866	-0.016470392484834	218.734606584494	0.191738492106001	0.378824423915013
PPP4R2	betareg	33	35	0.107524541442505	0.0755176671044041	0.154494839895636	0.156235414819935	-0.0191251003670925	349.784847842351	0.191809475130371	0.37896466755112
GRIP2	betareg	33	35	0.191483171369925	0.134620962252083	0.154913795439475	0.164796731144352	-0.0238294374981931	238.939383954367	0.192064886466407	0.379469292632775
CCDC25	betareg	33	35	-0.0743874960441566	0.0523040455482186	0.15496441202703	0.15788616161654	0.0169421730342738	285.482847585123	0.192064886466407	0.379469292632775
PPM1A	betareg	33	35	-0.0917681239813305	0.0645252802205935	0.15496698236466	0.158146598205994	0.0117042720956233	832.385135295587	0.192064886466407	0.379469292632775
ZCCHC14	betareg	33	35	-0.0896116824625991	0.0631427337257422	0.155842955799822	0.157922019475094	0.019821980559902	169.744832554812	0.193039936601451	0.381395733180205
RBM27	betareg	33	35	0.200124911282831	0.141102446481319	0.156104620808076	0.155844613976855	-0.0225716819166226	67.4660183535891	0.193253372969136	0.38181742685341
ZNF626	betareg	33	35	-0.146707016821625	0.103499999110563	0.156348740676266	0.154434110270855	0.0287959816742774	176.313142089538	0.193395776302313	0.382098778083732
CHIC1	betareg	33	35	-0.127468652577432	0.0899511673862842	0.15645741929218	0.161355410139167	0.0220942920017731	152.844941416686	0.193395776302313	0.382098778083732
CLN5	betareg	33	35	-0.17455964752963	0.12322214503806	0.156592414109534	0.154433878940177	0.0177472939959407	288.147670937891	0.193395776302313	0.382098778083732
TMED4	betareg	33	35	0.0744610747111831	0.0525689083242431	0.156644658957326	0.159768112212239	-0.0167892777364615	562.135472500373	0.193395776302313	0.382098778083732
ABL2	betareg	33	35	-0.105500649499236	0.0744865652667567	0.156666758530938	0.158360726673596	0.0234209084308511	362.023697116046	0.193395776302313	0.382098778083732
ZDHHC21	betareg	33	35	-0.11609814844379	0.0819946278426413	0.156797803649479	0.15788139551552	0.0237015369441136	385.128994120053	0.193447128663282	0.382200236733727
CCDC90B	betareg	33	35	-0.110742807003318	0.0782543252264776	0.15702003078974	0.172741040229901	0.0114240010955732	1113.8139009046	0.193526540765416	0.382357133992656
METTL13	betareg	33	35	0.0706698827041745	0.0499532772274216	0.157150711673903	0.16008867762337	-0.0144032249050912	200.265594193219	0.193526540765416	0.382357133992656
IL1RAP	betareg	32	34	-0.151515916915234	0.107108153581764	0.157183828940856	0.161749058695518	0.0189247351617644	221.118917932956	0.193526540765416	0.382357133992656
DUSP3	betareg	33	35	-0.0337882462470564	0.023892039688987	0.157301668018124	0.160545071332578	0.00749762933127095	2105.55874569304	0.193526540765416	0.382357133992656
EGR1	betareg	33	35	0.176066664635944	0.124502196188493	0.157313423246155	0.158764348117192	-0.0263793430705208	110.96474006835	0.193526540765416	0.382357133992656
EXOC8	betareg	33	35	0.118299393890214	0.0836704261999954	0.157399063583684	0.159902246586373	-0.0281241858867577	310.553660881345	0.193526540765416	0.382357133992656
SHH	betareg	33	35	-0.237552690655008	0.168057324548509	0.157502358339407	0.170493835229052	0.0278225581524398	84.2013589746585	0.193543514126892	0.382390668854709
KIF1C	betareg	33	35	-0.168286859242131	0.119084285398841	0.15760446238667	0.160348655132489	0.0376240237489056	66.8046583944322	0.193559005864834	0.382421276421489
JAM2	betareg	33	35	-0.162314565776542	0.114903675656454	0.157769186631583	0.156785233669248	0.0282113844311916	71.3810048302533	0.193651342209305	0.382603708556615
ZNF92	betareg	33	35	0.111243284086693	0.0788146057806945	0.158110440509491	0.16094311693688	-0.0140869917401696	278.101310095777	0.193960129462588	0.383213790298953
NSMF	betareg	33	35	0.0783678443170348	0.0555508057803448	0.158320757877062	0.159745193500038	-0.00322956482075865	2544.888194391	0.194086790290371	0.383464038512497
LANCL3	betareg	33	35	0.141357280262898	0.100218111228777	0.158393172940453	0.160895615864926	-0.0210802288005926	378.712588843832	0.194086790290371	0.383464038512497
NCOR1	betareg	33	35	-0.0920369043996518	0.0652768428038091	0.158555262063675	0.165332992933163	0.0121992342620703	304.232786026896	0.194175391520577	0.383639091052142
LGALS8	betareg	33	35	0.0455124945121258	0.0322893094165707	0.158680849782643	0.161440719200899	-0.010125376140714	770.99954170177	0.194219216160918	0.383725676922034
DENND4A	betareg	33	35	-0.150571468437836	0.106946790146021	0.159157685265963	0.160512922334458	0.03155403774602	105.945168200801	0.194692661725622	0.384661079831143
LGALSL	betareg	33	35	-0.0545894742793865	0.0387965453273326	0.159406485800913	0.162642840296292	0.010693196143295	857.582749748376	0.194732844576305	0.384740470490232
KMT2E	betareg	33	35	0.11870230199807	0.0843747637480392	0.159473047972298	0.167538461148111	-0.0170947966631975	189.422891547673	0.194732844576305	0.384740470490232
THAP6	betareg	33	35	-0.145544152039699	0.103469584010856	0.159535036205741	0.164538061467324	0.0331864852090647	131.152073518028	0.194732844576305	0.384740470490232
MON2	betareg	33	35	-0.181784557652954	0.129254592947569	0.159603318125206	0.174321967793323	0.0105172911813304	235.2412424064	0.194732844576305	0.384740470490232
KPNA5	betareg	33	35	-0.102873797304572	0.0731723561487268	0.159750648261959	0.16299112672016	0.016250263154695	493.315282830618	0.194732844576305	0.384740470490232
TAOK1	betareg	33	35	-0.106491987608919	0.0757542724278207	0.159796730447282	0.158675299094595	0.0178706658132053	1350.5779954031	0.194732844576305	0.384740470490232
C1orf115	betareg	33	35	0.0967261730250671	0.0688112187750349	0.159820813274084	0.163479562041114	-0.0149975824829428	153.186134990367	0.194732844576305	0.384740470490232
TMX3	betareg	33	35	0.0973859006511705	0.0693130826608701	0.160016904472318	0.163047187553181	-0.0127036630741302	388.809266725694	0.194861989481601	0.384995626582329
MBD5	betareg	33	35	-0.142085884481278	0.101212223393983	0.160366156069727	0.163349326485865	0.0334759703573835	75.9623168741702	0.195131077870258	0.385527273893704
ABCA5	betareg	33	35	0.137719397614186	0.0981140775093308	0.160418322720104	0.164532395857594	-0.014148034890638	126.66215061356	0.195131077870258	0.385527273893704
TWSG1	betareg	33	35	0.11919911952016	0.0849584106853294	0.160608171937872	0.166557523173081	-0.0183924513347921	170.221645733222	0.195252192732697	0.385766564750157
KCND2	betareg	33	35	0.124146355383344	0.0885557389656686	0.16094489152099	0.162729259356	-0.0288043525670511	172.671536064806	0.19547466958451	0.386206120023055
GSE1	betareg	33	35	0.0787690768095861	0.05619097247824	0.160971940033012	0.16546998493789	-0.0177625326717181	584.01406300568	0.19547466958451	0.386206120023055
SEMA4B	betareg	33	35	-0.0526427711585178	0.0375676573679829	0.161130644014209	0.163267887344001	0.0118305498222637	284.800590102352	0.195521606350285	0.38629885462767
TBL1X	betareg	33	35	-0.209408886832758	0.149462922557126	0.16119140131082	0.169429421682957	0.00468083569555773	131.921627023594	0.195521606350285	0.38629885462767
CHRDL1	betareg	33	35	-0.119536664342768	0.0854175429201952	0.161681296227067	0.1687576775657	0.0179398235456805	146.380767101802	0.195916973660868	0.387079995607874
THOC5	betareg	33	35	0.116684142389575	0.0833826358121456	0.16169852379126	0.168256839223978	-0.0233130756337219	242.32508319212	0.195916973660868	0.387079995607874
S100PBP	betareg	33	35	0.0749033676181723	0.0535561193731444	0.161934204133795	0.163142036043612	-0.00775661315804135	650.375660853032	0.196028734892892	0.387300806170595
ZNF93	betareg	33	35	-0.133868717571424	0.0957251419102885	0.161972043207782	0.168101882570885	0.0137247427905722	141.134509502202	0.196028734892892	0.387300806170595
KCNT1	betareg	32	34	-0.226441059116937	0.162085618321093	0.162399749141812	0.170544600653219	0.0117801117792303	200.548707971552	0.196306853054875	0.387850293919959
RPS6KC1	betareg	33	35	0.11746856275015	0.0840979535039116	0.162471786233411	0.160156805303805	-0.00473944451768343	517.060974019241	0.196306853054875	0.387850293919959
GARRE1	betareg	33	35	-0.129682473952157	0.0928426437177531	0.162474146060549	0.165947320888264	0.0290453497245109	143.131787981147	0.196306853054875	0.387850293919959
FOXRED2	betareg	33	35	-0.0631602215564425	0.0452400474588488	0.162680448517727	0.165190222553296	0.0116451406982397	667.523849041282	0.19644636820688	0.388125938870043
C19orf47	betareg	33	33	0.184142829357014	0.132194918821522	0.16363052520631	0.177988386516563	-0.0109767725612518	195.176525470646	0.197483378303689	0.390174795874198
BCKDHB	betareg	33	35	0.111619010923474	0.0801624782859349	0.163798374152399	0.165792142319466	-0.0226243198491258	285.52431989851	0.197575698538735	0.390357196181372
CEP104	betareg	33	35	0.122244985276925	0.0878501599856938	0.164068728208907	0.165848859360841	-0.0278386694460505	106.40535449595	0.197791489910537	0.390783542718317
IGLON5	betareg	33	35	-0.104683875131896	0.0752599057382418	0.164236119589876	0.172454211739461	0.014192115982513	559.281321577886	0.197882984325932	0.390964311424814
FAM177A1	betareg	33	35	0.0711899470530178	0.0512584202780874	0.164880206504443	0.168480107834067	-0.0151450693605283	1098.41718720023	0.198548145500003	0.392278493547612
STK25	betareg	33	35	0.0825092790531022	0.0594214832068513	0.164971788650845	0.167563222046104	-0.00550104898881671	3077.13518772241	0.198548145500003	0.392278493547612
ST8SIA1	betareg	33	35	0.10967956536393	0.0790802331888697	0.165459956207507	0.169414518762957	-0.0226069918657796	1001.11161938978	0.199024914772882	0.393220463222846
FBXO33	betareg	33	35	-0.124712463572036	0.0900255045448943	0.165960305163012	0.16591624276298	0.0158798300261521	158.994928242019	0.199515798362	0.394190319044774
SYT14	betareg	33	35	0.1695738059962	0.122532449935761	0.166386206312082	0.178010802206129	-0.00578192881051643	446.810020671448	0.19991668584831	0.394982366428626
ALG14	betareg	33	35	0.157855922897442	0.114122138862246	0.166597693086984	0.173380135780922	-0.0177944134328229	259.490169790476	0.199987113711002	0.395121513212451
SSTR2	betareg	33	35	-0.132810194883481	0.0960369490727844	0.166693301447304	0.159638530814088	0.0151168960152399	1138.80811162558	0.199987113711002	0.395121513212451
TMEM134	betareg	33	35	-0.184224607679561	0.133224532545563	0.166722229890486	0.173115907767804	0.00986310668792308	310.501349041108	0.199987113711002	0.395121513212451
KREMEN1	betareg	33	35	-0.137545557057738	0.099546959511596	0.16705913458193	0.169650648015455	0.0320464352897672	142.550417738334	0.200198404737291	0.39553896825986
GLG1	betareg	33	35	-0.100806013467037	0.0729613423008515	0.167083509878083	0.168455193307318	0.021648247995132	1726.43838278583	0.200198404737291	0.39553896825986
MAN1A2	betareg	33	35	-0.121375353099018	0.0879034062428584	0.167346307436694	0.177490451689515	0.0103621959403483	379.286747124036	0.200402260926493	0.395941734040416
SHISA9	betareg	33	35	-0.0920450526943144	0.0666978196507209	0.167577128195891	0.171261840081202	0.0196250510573558	169.145604113528	0.2005676194941	0.39626843872775
NOL12	betareg	33	35	0.0634241409541141	0.0459705487924926	0.167688582730494	0.171252358609542	-0.0141449894738941	335.281049841547	0.20059000860596	0.396312673676659
CYRIA	betareg	33	35	-0.0528774578634007	0.0383413718558992	0.167856913271502	0.174520926964032	0.0072271844492993	2414.62230416887	0.200680370748321	0.396491205311845
FHIP2B	betareg	33	35	-0.1888681255393	0.136996038775027	0.168005987445369	0.174307347559633	0.00193950239778461	769.178666199024	0.200713168110842	0.396556004204475
POMT2	betareg	33	35	-0.0812452857998594	0.0589403664291652	0.1680699563806	0.170644930298567	0.0170668396413321	195.12277113663	0.200713168110842	0.396556004204475
NEU1	betareg	33	35	0.179723401973638	0.130418265496696	0.168186641206639	0.176562923839864	-0.00452931515409276	650.130070272148	0.200741670166001	0.396612316708591
CYP27C1	betareg	33	35	-0.206690858595068	0.150056637705942	0.168382752748502	0.172952918505578	0.0363735139026288	76.8697640121858	0.200864889429205	0.396855765303006
GRIN2B	betareg	33	35	-0.154783888590829	0.112436473853237	0.168625389907635	0.1685360465924	0.0216917591405202	390.629816955051	0.200874066427837	0.396873896619165
SNX4	betareg	33	35	0.0871374467714098	0.0633004373035583	0.168645408334313	0.169910098297778	-0.0187943244839774	973.17825831679	0.200874066427837	0.396873896619165
CALN1	betareg	33	35	-0.1374229572118	0.0998355728875627	0.168669084076855	0.171194804270878	0.0309781108973358	304.830941044799	0.200874066427837	0.396873896619165
TNKS2	betareg	33	35	-0.0937392725863761	0.0681837258768496	0.169192156226782	0.17040466834802	0.0057405352429323	458.470432822147	0.20134157600053	0.397797571581895
NAA40	betareg	33	35	-0.0411975420478603	0.0299700292849804	0.169247831765946	0.172614050133414	0.00849089005174644	720.801399980751	0.20134157600053	0.397797571581895
AK5	betareg	33	35	-0.0618464903563035	0.0450130205334588	0.169451337319441	0.168309542480116	0.00890289183342491	564.34821088479	0.201376033080429	0.397865649636016
SEMA6D	betareg	33	35	-0.0540014389121907	0.0393043232488573	0.169463019503288	0.174076622820531	0.00338307053319445	3755.0588699859	0.201376033080429	0.397865649636016
UBE3C	betareg	33	35	-0.0544654107699908	0.0396554984879679	0.169608057708997	0.17189768871705	0.012008710487995	536.273104942094	0.201437704599109	0.397987496205681
CFL2	betareg	33	35	0.0514949369699521	0.0375126988461798	0.169835222454449	0.168639563390151	-0.00639362240268987	2083.12579882937	0.20151336637793	0.398136983820084
MLX	betareg	33	35	0.0439219397794142	0.0319976864908783	0.169858114089402	0.172854830589531	-0.00987636292411452	508.003763800087	0.20151336637793	0.398136983820084
FAM227A	betareg	32	34	-0.202690104221226	0.148228092977017	0.171493601203941	0.173086710313788	0.0409868136010426	73.6984765035963	0.203316551016768	0.401699598579998
RAB33B	betareg	33	35	0.0760893639774182	0.0556569013248243	0.171589378759962	0.174436196820303	-0.016645801441196	404.663422176475	0.203316551016768	0.401699598579998
ATP6V1C1	betareg	33	35	-0.0555153541546983	0.0406174425532447	0.171692374364977	0.175025577012726	0.0113944985738965	2334.11782772371	0.203316551016768	0.401699598579998
IPP	betareg	33	35	0.101975135074139	0.07462017725117	0.171754075966688	0.174289306122903	-0.0227649001680897	91.1120673388018	0.203316551016768	0.401699598579998
POGK	betareg	33	35	0.0385399288882049	0.0282160983439495	0.171975246195908	0.174716572399839	-0.00875813975847217	1309.845766806	0.203365400258854	0.40179611173074
NACC2	betareg	33	35	-0.151775007589367	0.111125119424966	0.172000843796726	0.176990767541365	0.0223860637121525	325.259799028276	0.203365400258854	0.40179611173074
ABLIM2	betareg	33	35	-0.0765426044486889	0.0560522151261135	0.172077436102797	0.174983906542536	0.0174221006233526	194.29590836878	0.203365400258854	0.40179611173074
AP1M1	betareg	33	35	-0.137357801934185	0.100620615123753	0.172219747428797	0.185411035976272	0.00812716447463454	2911.86149452765	0.203422427532283	0.401908782503139
CSRNP3	betareg	33	35	-0.127806307293729	0.0936837178614247	0.172494621907373	0.173979579887909	0.0263430765241259	2598.28371048659	0.203635887951365	0.402330523695527
CLTC	betareg	33	35	-0.114360805723326	0.0839354635645345	0.173044891167874	0.176232869671657	0.00130047893679216	4785.15913349926	0.204174051193741	0.403393791576828
PTGFRN	betareg	33	35	-0.0692826801691256	0.0508940235001751	0.173414893564353	0.176545067310405	0.0149400774578453	324.906827753826	0.204499048346213	0.404035899782159
SOCS5	betareg	33	35	0.106702148345423	0.0784778881920572	0.17394196765332	0.177769630720824	-0.0090545479737923	596.857404213563	0.204876472611451	0.404781590062082
FBXO44	betareg	33	35	-0.0781974610405933	0.0575153271028853	0.173958617342645	0.179015409424701	0.00746721368730582	2199.26780346831	0.204876472611451	0.404781590062082
CHL1	betareg	33	35	0.110223838486954	0.081082573967619	0.174019138999308	0.178068715344571	-0.0206183566153647	441.572895037956	0.204876472611451	0.404781590062082
STC1	betareg	33	35	-0.17504267252404	0.128850631120496	0.174307321701512	0.171022211324376	0.0113654975015683	583.521681954961	0.20499354221959	0.405012888568574
WDR31	betareg	33	34	-0.190456131365382	0.140196897446802	0.174308144647228	0.175118625885042	0.0379601639933416	91.7305639754211	0.20499354221959	0.405012888568574
RANBP10	betareg	33	35	-0.109693045815114	0.0807776173400853	0.174475306162126	0.178610967127121	0.0149667484762567	305.505706383977	0.205078614655935	0.405180969147156
YIPF4	betareg	33	35	-0.0633690661944366	0.0467606639621757	0.175360558436442	0.180554208171854	0.0113705000011072	744.853721581501	0.20600718147849	0.407015570993437
CAMK2A	betareg	33	35	-0.144278990940377	0.106576207760916	0.175811809305434	0.177992669752595	0.0298480776911605	279.348657907287	0.206425167870969	0.407841401282367
RCOR3	betareg	33	35	0.0684236946537494	0.050559100286204	0.17594677153149	0.179037970727753	-0.0147716845486806	562.905914543495	0.206471539537104	0.407933019399922
LRRTM3	betareg	33	35	0.109637810282993	0.0810591129496532	0.176194280626412	0.179645737620497	-0.024488100445554	166.205149271902	0.206634756282683	0.408255492414799
NFYB	betareg	33	35	0.0955846234664253	0.0706826063345608	0.176276944419683	0.183440741460306	-0.0129898433192458	315.507135628441	0.206634756282683	0.408255492414799
RAB11FIP5	betareg	33	35	-0.0749153744878052	0.0554933696330358	0.177019881795915	0.181577278895793	0.015730424336817	284.373396424261	0.207314722553818	0.409598925484054
SIAH3	betareg	33	35	-0.0964108138951692	0.0714344136629438	0.177131164192728	0.17771769464469	0.0181714815976615	712.014676112092	0.207314722553818	0.409598925484054
HAP1	betareg	33	32	-0.189054847835964	0.14010487330138	0.17721463462206	0.17030366676507	0.00573786075544789	720.431359557845	0.207314722553818	0.409598925484054
FAR2	betareg	33	35	0.0517721613794205	0.0383696283706892	0.177240443065766	0.180104185751277	-0.0117786606524548	626.935909732892	0.207314722553818	0.409598925484054
CMIP	betareg	33	35	0.175834481197125	0.130388967417587	0.177485397156051	0.190219398696002	-0.00788148072893969	262.369017947124	0.207399045548213	0.409765525364045
SWAP70	betareg	33	35	0.112345045487709	0.0833195295596396	0.177541370264449	0.179290611481714	-0.024742719727621	124.227145212981	0.207399045548213	0.409765525364045
TMEM167A	betareg	33	35	0.0613572207197056	0.0455111202765025	0.177600223022282	0.180191336254351	-0.0111580949045784	1821.10051437477	0.207399045548213	0.409765525364045
MEX3A	betareg	33	35	-0.0768759135687933	0.0570467738558158	0.177788869431565	0.175407349563559	0.0135075322067595	557.128974907964	0.207507299196933	0.409979405872141
ZNF148	betareg	33	35	-0.103452686854973	0.0768195061426101	0.178077468149115	0.180674211126631	0.012756671023234	1013.81405016294	0.207589638035344	0.410142085585976
GIT2	betareg	33	35	-0.0805836809986805	0.05983949182779	0.178088517025883	0.182591350270173	0.0103790217897444	850.368418715235	0.207589638035344	0.410142085585976
SNX9	betareg	33	35	0.0875451334928993	0.0650177154656361	0.17814736972796	0.182424568500034	-0.0172743983267368	329.935939764971	0.207589638035344	0.410142085585976
SIRT1	betareg	33	35	-0.0879953748148925	0.0653703639618423	0.178268651279881	0.182708363624909	0.0197782786734309	193.372728373053	0.207619099949747	0.410200294517466
RALGPS2	betareg	33	35	0.12030293723664	0.089405929328013	0.178437619602522	0.188313096162702	-0.0107789388594738	430.412372512598	0.207704038259633	0.410368110097726
PPP2R2D	betareg	33	35	0.126833266412811	0.094280864904121	0.17853789602039	0.186593849389008	-0.00948969070572162	789.27696634912	0.207707728486701	0.410375401008005
AGO4	betareg	33	35	-0.104479332586931	0.0776811664016501	0.178632868213173	0.181497024563874	0.0211826189044697	162.132763730206	0.207707728486701	0.410375401008005
MTSS1	betareg	33	35	0.0642117043843824	0.0477950075183831	0.179116139606939	0.183715759900554	-0.0140422492713891	1139.84376077438	0.208005825721866	0.410964362108834
SBF2	betareg	33	35	-0.0640265048473865	0.0476638903069734	0.179177561654061	0.181229230349576	0.00866202618298592	306.706578296882	0.208005825721866	0.410964362108834
FAM3C	betareg	33	35	0.0673128915389654	0.0501166848675102	0.179232023816944	0.181945517514115	-0.0154186804989866	911.892961539432	0.208005825721866	0.410964362108834
C11orf58	betareg	33	35	0.0957555038074957	0.0713228087541504	0.179412883177425	0.185157932650608	-0.00266506564077703	2269.4639468013	0.208005825721866	0.410964362108834
PSEN1	betareg	33	35	0.11504573721383	0.0856921139253756	0.17941852511042	0.185208524979694	-0.0190410341195867	756.067497741532	0.208005825721866	0.410964362108834
PTBP2	betareg	33	35	0.0698053368119384	0.0520003957322987	0.179466299952044	0.182932134080417	-0.00912527450103436	1369.52772999895	0.208005825721866	0.410964362108834
EIF3H	betareg	33	35	-0.172114346628547	0.128294831231972	0.179740895962613	0.18094703015586	0.00992560105682716	591.52164458295	0.208133115135267	0.411215852240901
BRI3BP	betareg	33	35	-0.0954973691630409	0.0712092560818017	0.179894206410958	0.182982793436272	0.0208007921890325	469.91998052177	0.208133115135267	0.411215852240901
HDAC2	betareg	33	35	-0.096973756742363	0.0723196357386078	0.179951318485684	0.185775234512336	0.0165334609011565	749.002202941956	0.208133115135267	0.411215852240901
CLEC2D	betareg	32	31	-0.203297233620125	0.151615360533601	0.179961068029601	0.178109902013176	0.0375235743065572	65.7831985905873	0.208133115135267	0.411215852240901
EXOG	betareg	33	35	0.0869899676841717	0.0649744065924239	0.180624604223337	0.183462633019084	-0.00922195607393986	470.043693483631	0.208788872952526	0.412511455823794
TMEM237	betareg	33	35	-0.0860313580261383	0.0643142181920072	0.18100323451564	0.182994501536979	0.0143695183219045	513.24688658456	0.209114775648944	0.413155353143873
TTLL7	betareg	33	35	-0.0852410610697044	0.0637586242303238	0.181244240049679	0.182850690625255	0.0171658998590039	538.574518927931	0.209281416029426	0.413484590353593
EXOC7	betareg	33	35	-0.045254873337071	0.0338673503326733	0.181471177174591	0.183551400081576	0.00656296960415995	1997.40226791356	0.209431642543282	0.413781398114743
CEP350	betareg	33	35	0.130927978340833	0.0980159608053665	0.181620464020102	0.204056414848765	-0.0071879274313814	327.526998230494	0.209492142237963	0.413900929470878
RIPK1	betareg	33	35	-0.0925880736946437	0.069454592207986	0.182507697215718	0.185278724916718	0.0202706598194194	114.136794508715	0.210403316123703	0.415701167485481
MIS12	betareg	33	35	0.0798086874507842	0.0600129723815641	0.183565303270243	0.18665384806802	-0.0163743042359016	315.153088861303	0.211500025297247	0.417867974036981
ZBTB6	betareg	33	35	0.107865923988179	0.0811329244547929	0.183684281144271	0.18643311556223	-0.0251573967225364	204.09259192923	0.211500025297247	0.417867974036981
LRRC47	betareg	33	35	0.116491041042361	0.087634044704242	0.18375238081336	0.187901980946419	-0.00544083850049007	1577.3220877266	0.211500025297247	0.417867974036981
VEZT	betareg	33	35	0.0507187533042093	0.0381760464602531	0.183996764533836	0.188910235836743	-0.0068326265388523	908.202734539409	0.21166866270178	0.418201156836746
MSRB2	betareg	33	35	0.134606237247608	0.101356299329911	0.184161576861504	0.186238820276156	-0.00715940016279404	773.127054211768	0.211745631060197	0.418353225906012
TAPT1	betareg	33	35	0.0663869712672601	0.050023481835986	0.184470259510232	0.18764847807601	-0.0145212065660212	253.012962820791	0.211987849206881	0.418831784743477
GFM1	betareg	33	34	-0.188197127856724	0.141876602438028	0.18467923369654	0.190194516432315	0.0113523241288212	635.115518912894	0.212115288875195	0.419083571739413
UGCG	betareg	33	35	-0.0621586623275261	0.0468846903046548	0.184913444437752	0.188522488160274	0.0137875905722729	707.551337025648	0.212271563584329	0.419392329130847
MRPL42	betareg	33	35	-0.0766491116597251	0.0578393497731363	0.18510250162306	0.187626749502978	0.0169681910188835	827.465656079127	0.212273423383924	0.419396003601751
NUP50	betareg	33	35	-0.0729402481891708	0.0550417550021845	0.185111365034613	0.18863228929732	0.0137038003777855	435.975464043882	0.212273423383924	0.419396003601751
TBC1D16	betareg	33	35	-0.0960816067410066	0.0725425958229882	0.185341899299081	0.191638431504697	0.00975287501956746	1082.34881299452	0.212425152136291	0.419695779387902
RAB3B	betareg	33	35	-0.0604425293990434	0.0456486507346922	0.185476011964215	0.184933690125538	0.00556980856538846	14917.4990472527	0.212466267399738	0.4197770122474
MGAT4A	betareg	33	35	-0.0956410400747054	0.0722609562942648	0.185652303941464	0.183139350625018	0.0132799606731143	622.678147974023	0.212547161607347	0.419936837753791
KCNMB4	betareg	33	35	0.128236431067105	0.0969286056287274	0.185835769571552	0.185735430286966	-0.0242360084213219	303.540834453369	0.212547161607347	0.419936837753791
TBCE	betareg	33	35	0.114866702389304	0.0868334258121803	0.185888693892686	0.193791590176398	-0.0166571866916914	263.548676419246	0.212547161607347	0.419936837753791
ZNF829	betareg	32	35	0.130611956947787	0.0987474971525256	0.185939737194049	0.19109224216742	-0.019550825900309	82.408486268966	0.212547161607347	0.419936837753791
ASB1	betareg	33	35	-0.0904968529087356	0.0684489870071061	0.186132678609453	0.194150198774992	0.00767330184115249	644.102788153518	0.212655315265439	0.420150520706917
IER3IP1	betareg	33	35	0.0501760963837529	0.0380172866504409	0.186894058543833	0.189591273823373	-0.011030925978916	816.781119426372	0.213301929848751	0.421428059683717
WDR55	betareg	33	35	-0.0474134698702248	0.0359242573386057	0.186895898221541	0.189462574591831	0.008313413342124	482.632152933526	0.213301929848751	0.421428059683717
ZZEF1	betareg	33	35	-0.108226734418944	0.0820439679021237	0.187125349531668	0.19404526823935	0.022512196936219	213.659326684498	0.21345116059824	0.421722900078489
COL6A1	betareg	33	35	0.0530012917391226	0.0401955835745592	0.187307906352753	0.189654200958522	-0.0114076674122684	3133.10850987475	0.213546770351844	0.421911799602169
MTUS2	betareg	33	35	-0.135334658388473	0.102684258114138	0.187514060098071	0.186402855875597	0.0269668264460238	153.601483584011	0.213669167662128	0.422153624235542
CACUL1	betareg	33	35	0.117247332616947	0.0890195181376744	0.187806141351231	0.198234178818741	-0.0214260862008625	713.879690275163	0.213889297477886	0.422588542387473
GALNT1	betareg	33	35	-0.0882273001911181	0.0670112235392423	0.187971120892231	0.190256356562985	0.00873729192331518	603.617917879283	0.21392584149687	0.422660743679906
DTX4	betareg	33	35	-0.0780563173400134	0.0592947826372199	0.188036057508893	0.19917374677473	0.00551732082883114	1549.51183808764	0.21392584149687	0.422660743679906
IQSEC3	betareg	33	35	-0.103543839777705	0.0786938641655221	0.188247777935121	0.192648916582357	0.0202814443833629	284.675530100861	0.213964098811674	0.422736329990626
UBE2D1	betareg	33	35	0.0482957916154212	0.0367066990216466	0.188267548788243	0.190618370577378	-0.00931421290714043	835.000309238142	0.213964098811674	0.422736329990626
BMPR1A	betareg	33	35	-0.11694626862728	0.0889367322051311	0.188530816463357	0.189245560299739	0.0249069578981034	199.868723008587	0.214150766523436	0.423105135897019
ZBED3	betareg	33	35	0.14015564205885	0.106703052201608	0.189010787537314	0.192170979434856	-0.0209549464289031	277.285083761664	0.214421338173481	0.423639713739634
BTF3L4	betareg	33	35	0.0939785320402398	0.0715487962596364	0.189018341892173	0.188281744871215	-0.00393695410173203	2695.56782022912	0.214421338173481	0.423639713739634
DCLRE1B	betareg	33	35	0.0652132210696608	0.049664555709805	0.189158120846411	0.191881455537207	-0.0144334512108636	201.35584959006	0.214421338173481	0.423639713739634
RANBP6	betareg	33	35	0.0878395943814735	0.0668972951460454	0.189165591812596	0.190263673039261	-0.014606073476025	2692.20538456235	0.214421338173481	0.423639713739634
PPARA	betareg	33	35	-0.167123771935438	0.127337605129994	0.189369585031312	0.195098565118576	0.0267890544327935	88.4201098828371	0.214540124381284	0.423874403791932
EYA3	betareg	33	35	-0.194185077942494	0.148059942966572	0.189678717302478	0.210126498471659	0.00689619713219591	275.796850925171	0.214566967996385	0.423927439658203
THY1	betareg	33	35	0.164148951052783	0.125173520803769	0.189732381683861	0.197402481205475	-0.00118255332759815	13349.3881307431	0.214566967996385	0.423927439658203
PIGX	betareg	33	35	-0.102638728009464	0.0782733198595942	0.189761072333738	0.189665144622609	0.0129976446077403	657.904961729224	0.214566967996385	0.423927439658203
DPH3	betareg	33	35	0.06270194172155	0.0478205695598299	0.189792950539513	0.188807264828111	-0.012646670297498	2297.8164962885	0.214566967996385	0.423927439658203
KLHL8	betareg	33	35	-0.0947684761062556	0.0722923194536903	0.18988933290564	0.190037783038993	0.0191847595746471	514.606138859868	0.214566967996385	0.423927439658203
VPS50	betareg	32	34	0.183130249360653	0.139780887698251	0.190154002767427	0.187812014162273	-0.00503542399837699	325.966255347826	0.214753832235878	0.424296633851288
EIF2S2	betareg	33	35	0.0730670177933954	0.0558093096754683	0.190457695139474	0.190240733386528	-0.0133746639715317	338.996756553266	0.21486686110459	0.424519948928011
SLC25A37	betareg	33	35	0.196974608571123	0.150468927871933	0.190510079381725	0.18756202271277	-0.0436719058272578	78.2528874228403	0.21486686110459	0.424519948928011
ASXL3	betareg	33	35	0.0891285940636904	0.0680918016570076	0.19055213246991	0.190741627897359	-0.0144604315376446	871.957797630528	0.21486686110459	0.424519948928011
AHCYL2	betareg	33	35	-0.0696861610137265	0.0533632236136276	0.191592128870581	0.196216760283335	0.00414608497336157	883.850378211195	0.215926983314723	0.426614469340278
MTPN	betareg	33	35	0.132308763683613	0.101431691863452	0.192092985841297	0.195570320662386	-0.032288230133461	1701.52330389213	0.216378700092268	0.427506941927011
PEX19	betareg	33	35	0.0763064383611393	0.0585318422694042	0.192344772953667	0.195753672542807	-0.00696432716284355	1319.73872227986	0.216511993010341	0.427770293392574
YIPF5	betareg	33	35	0.106172389098989	0.0814531346570397	0.192411538474264	0.201753502634957	-0.0104758951937881	1263.26588728473	0.216511993010341	0.427770293392574
CDKN2AIPNL	betareg	33	35	-0.0523949042902287	0.0402122944791851	0.192589325818863	0.195204841204849	0.0119092372356432	833.822063080944	0.216599354286777	0.427942896112325
RNF214	betareg	33	35	-0.0889088864300422	0.0682820789087019	0.192888252761448	0.197746970298279	0.0144720996165911	354.99982570087	0.216822795958812	0.428384357614172
ALDH6A1	betareg	33	35	0.0953273127206103	0.0732663952989286	0.193222332197131	0.192696432923349	-0.0206647878899339	219.256948832402	0.217043821531414	0.428821045544134
MYO18A	betareg	33	35	-0.123399664417686	0.094879109345067	0.19339578676397	0.194802874461635	0.00780621702870591	896.061437271265	0.217043821531414	0.428821045544134
SYK	betareg	32	35	0.176683407952497	0.135890590057946	0.193536306826032	0.196439598352791	-0.0424506897483688	65.1108989915164	0.217043821531414	0.428821045544134
PPP1R7	betareg	33	35	0.0754840982763996	0.0580626234965193	0.193585104273009	0.197078881375094	-0.0050002002071135	920.804457392981	0.217043821531414	0.428821045544134
NAPG	betareg	33	35	-0.0548099941479486	0.0421645601763321	0.193632949528905	0.197575848485793	0.0090599999444181	1246.56749916597	0.217043821531414	0.428821045544134
TMEM41A	betareg	33	35	-0.0846118232344995	0.06509858769877	0.193687015656489	0.19552781592173	0.00768646456072544	434.409502756844	0.217043821531414	0.428821045544134
SLC2A4RG	betareg	33	35	0.15179058842645	0.116838104040737	0.193891383224033	0.202085446722667	-0.0268015395854504	72.7928460643493	0.217160315579247	0.429051206896061
EFNA5	betareg	33	35	-0.0994764992970452	0.0766006646126738	0.194068345641064	0.195128659295104	0.0185420538385799	1452.49038420965	0.217192867782874	0.429115521419717
IPCEF1	betareg	33	35	0.207452468695149	0.159765213880655	0.194121297192678	0.194818402786518	-0.0348295582808625	56.3643870982577	0.217192867782874	0.429115521419717
CDC42	betareg	33	35	0.127705598780835	0.0983878992239102	0.194293951460876	0.201298516446653	-0.0120113516005845	8016.23768937282	0.217273639940214	0.429275105787137
KCNJ3	betareg	33	35	0.123696713226983	0.0953536393090584	0.194548051106504	0.198757646087489	-0.0260439325467973	164.408577769176	0.217445359693079	0.42961437848997
TSPAN14	betareg	33	35	-0.0654512532798077	0.0505088878245953	0.195031868788482	0.198328787886652	0.0138919265745059	1345.90665427554	0.217873524100249	0.430460317837388
LMO3	betareg	33	35	0.0720037423620807	0.0556243296865415	0.195504885799094	0.199162286044465	-0.0145540517658374	641.971043271693	0.218289187026622	0.431281557573325
NBEA	betareg	33	35	0.0616208668060345	0.0476208180879678	0.195668843001556	0.198225339391317	-0.0131795876994327	1242.1484431405	0.218349696176693	0.431401107610802
POLR1B	betareg	33	35	-0.105555601451306	0.0815905517094569	0.195760998749671	0.199695862754131	0.0245644179159061	253.677875974274	0.218349696176693	0.431401107610802
LMF1	betareg	33	35	0.0552955504644305	0.0427800789815362	0.196165452963859	0.197855879688318	-0.0123198631557037	244.218154235024	0.218615697528305	0.431926655755455
FBXO31	betareg	33	35	-0.0441400236537587	0.034152232513691	0.196201647278572	0.19841649688383	0.00566826593088928	1072.98634495349	0.218615697528305	0.431926655755455
B3GNT4	betareg	33	35	-0.0319447963903172	0.0247318631588662	0.196479986453967	0.200010633740641	0.0070205114178519	2039.38594822557	0.218813101984904	0.432316674622967
LHFPL3	betareg	33	35	0.0672627996506049	0.0522444407207233	0.197932856139136	0.200349291164472	-0.015047777610711	406.052989177573	0.220273785988699	0.435202598936764
SPRTN	betareg	33	34	-0.122656985655515	0.0952835400203271	0.197995284889555	0.203543640787415	0.0187489306566154	139.499370619213	0.220273785988699	0.435202598936764
UBXN4	betareg	33	35	0.0492677532077906	0.0383077190049869	0.198406380596274	0.200976045432691	-0.0110999186411711	528.232475417347	0.220517645917146	0.435684401499699
PURA	betareg	33	35	0.138841218685062	0.107971790564639	0.19847701588798	0.202830618827503	-0.0257079321054728	425.828471356094	0.220517645917146	0.435684401499699
ACTR3	betareg	33	35	0.0961005158172118	0.0747411113388707	0.198520367357808	0.205788944027587	-0.00521504229922182	1899.6603871698	0.220517645917146	0.435684401499699
AGL	betareg	33	35	0.105534408881359	0.0822081390164246	0.199230676376023	0.200048675789141	-0.0212092764477791	178.389356696047	0.221193054430617	0.437018829648228
MFHAS1	betareg	33	35	-0.138473983704837	0.108025262520314	0.199889421191417	0.210646106343295	0.0147783226099738	180.61717723926	0.221732632382074	0.438084892619586
DUSP16	betareg	33	35	-0.109201090220861	0.0851952366077871	0.199921727266134	0.204322074550916	0.0204228631074782	148.856216518722	0.221732632382074	0.438084892619586
CRISPLD1	betareg	32	35	0.146345658590319	0.114239927194279	0.200180409085571	0.198337480999507	-0.0237970648662276	93.041547600126	0.221905737855178	0.438426903138208
RAB12	betareg	33	35	0.198183072263085	0.154846120974864	0.200590479748909	0.200790847452563	-0.0284873281318157	110.180717209591	0.222236913243002	0.439081217898532
RAB30	betareg	33	35	0.121455223831494	0.0949596772773394	0.20089039354674	0.210813599020141	-0.0206531219459612	659.457874883778	0.222236913243002	0.439081217898532
ITCH	betareg	33	35	0.0954882187204619	0.074657959163157	0.200893806281727	0.202452872399976	-0.0222657492905267	124.135143401587	0.222236913243002	0.439081217898532
LRATD1	betareg	33	35	0.107369509157492	0.0839526476011618	0.200921918744144	0.205624492631018	-0.00132114945283219	1325.79584006188	0.222236913243002	0.439081217898532
USP49	betareg	33	35	-0.130536333011203	0.102106268339382	0.201095724483168	0.20207803882815	0.0269476456651428	130.754463602789	0.222236913243002	0.439081217898532
INTU	betareg	33	35	0.175262909955936	0.13710223450569	0.201130496519633	0.202131692996459	-0.0193160806427795	75.7911319034403	0.222236913243002	0.439081217898532
PISD	betareg	33	35	0.0341329213904818	0.02671160280487	0.201308925425304	0.204040973947663	-0.00756534192488904	585.235386564684	0.222236913243002	0.439081217898532
TOLLIP	betareg	33	35	0.0693536665278132	0.0542857835397948	0.201402526453281	0.20486026594282	-0.0148814988796237	1490.33875396898	0.222236913243002	0.439081217898532
UEVLD	betareg	33	35	-0.0862393378476115	0.0675209888167356	0.201523644398483	0.204092979837656	0.018963383325759	139.909798369969	0.222236913243002	0.439081217898532
CBX5	betareg	33	35	-0.0675993914868861	0.052936497572648	0.201605688034592	0.205270830768149	0.0148639147280204	5893.49780744201	0.222236913243002	0.439081217898532
ANK1	betareg	33	35	-0.0793089769417253	0.0621179992898894	0.201691538633774	0.202806621990823	0.0174257387889759	247.790183700906	0.222236913243002	0.439081217898532
NHLRC2	betareg	33	35	-0.108662327745559	0.0851126399670205	0.201712246837074	0.202452284807007	0.0230091705484155	94.7220875891788	0.222236913243002	0.439081217898532
RRP15	betareg	33	35	-0.119241432640134	0.093561942078468	0.202498623113352	0.204450510844952	0.02660182712016	138.161431635791	0.222979438292546	0.440548250527433
GAPVD1	betareg	33	35	-0.0897608181019176	0.0704620660055024	0.202702921833544	0.205299071283629	0.0200356861455994	263.543409270727	0.222979438292546	0.440548250527433
KCNQ3	betareg	33	35	0.108430862628258	0.0851313493275745	0.202773658730361	0.214146278483109	-0.0136995438520074	973.30213967618	0.222979438292546	0.440548250527433
PJA2	betareg	33	35	-0.0350740904175142	0.0275389264281885	0.202798597890817	0.206169449709513	0.00579268469902105	8397.6374839153	0.222979438292546	0.440548250527433
SUSD5	betareg	33	35	0.0946506089449591	0.0743457476590697	0.202977607183937	0.204538426790353	-0.0173877609657888	219.947981990863	0.223062858539364	0.440713066817562
AMER2	betareg	33	35	0.095374702002605	0.0749640860136193	0.203276520189728	0.204426015200603	-0.0136208540186204	1102.75013935346	0.223277895680595	0.441137923194874
TRIB2	betareg	33	35	0.0432478605763526	0.0340073750630274	0.203472605606935	0.205176164185216	-0.00934708652383322	2211.2479927384	0.223379826542446	0.441339311552503
FAM104A	betareg	33	35	0.0502166578566145	0.0395175279213787	0.203819769645924	0.205556453831912	-0.00922845649460628	739.920310165874	0.223647429577718	0.441868024199408
KLHL42	betareg	33	35	0.0597740032318626	0.0471103959767382	0.204509884849279	0.209812861589274	-0.0113820132865047	1765.22192931068	0.224290883957962	0.443139319452824
MLLT10	betareg	33	35	-0.109805370412234	0.0865712340215676	0.204661667654165	0.209399389869592	0.0195266227979677	81.0152310762018	0.224343583297167	0.443243439374681
ZPR1	betareg	33	35	0.102268240119217	0.0806637091471998	0.204857028993915	0.207333581244084	-0.0211174678439414	632.571370231908	0.224436719202579	0.443427451230234
KCNJ6	betareg	33	35	0.0786940213897821	0.0621130047917629	0.205173456780589	0.210284142211833	-0.0153845971159966	1596.31125276143	0.224436719202579	0.443427451230234
SETD1B	betareg	33	35	-0.0927218537908553	0.0731858435934952	0.205177814181936	0.208148836867463	0.020616741157643	88.9243968878893	0.224436719202579	0.443427451230234
PSMD9	betareg	33	35	0.0716325086836014	0.0565403300590993	0.205181153426797	0.207710142900207	-0.0142068584193981	592.418071213024	0.224436719202579	0.443427451230234
DARS1	betareg	33	35	0.0964639968326847	0.0761798845898917	0.20541786951036	0.207931711101947	-0.0191111829980827	250.745153886283	0.224436719202579	0.443427451230234
ARPC5	betareg	32	35	-0.171733937095536	0.135625599244477	0.205428811381622	0.198627762435508	0.000773311364694698	5653.45055165489	0.224436719202579	0.443427451230234
FXR1	betareg	33	35	-0.0957191706703537	0.075603436912133	0.205488366282174	0.207489804922933	0.0208640148268975	250.062441096598	0.224436719202579	0.443427451230234
TIAM1	betareg	33	35	-0.0815029807082766	0.0643873960979832	0.205576826793141	0.208624151739291	0.0183472863716801	177.079673611128	0.224436719202579	0.443427451230234
AKT2	betareg	33	35	-0.137125976126997	0.108392842500986	0.20584146460012	0.204108178016079	0.0277849759096708	123.443041933287	0.224501341773432	0.443555128296568
UBE2W	betareg	33	35	0.0878247015646589	0.0694271916324408	0.205874920765158	0.208414059475116	-0.0187998091853482	790.789079543291	0.224501341773432	0.443555128296568
PDZD8	betareg	33	35	0.14512046452972	0.114763386696701	0.206043863186206	0.205513593694202	-0.0355524694601688	913.015619157252	0.224501341773432	0.443555128296568
ELAPOR1	betareg	33	35	0.104057841048383	0.0822918760190539	0.206051650181837	0.20873912735589	-0.0210310888329023	182.730464335761	0.224501341773432	0.443555128296568
CDADC1	betareg	33	35	-0.0984894911602204	0.0779179675861662	0.206224590777656	0.209268526151926	0.022886559440327	55.2600976021114	0.224501341773432	0.443555128296568
TAB2	betareg	33	35	-0.0747964161013228	0.0591781385055626	0.206258843886094	0.209546426595993	0.0166760515052731	173.287117822979	0.224501341773432	0.443555128296568
PLCB4	betareg	33	35	-0.100044512742931	0.0791757015715479	0.2063822683951	0.209786624688822	0.0210345890358454	165.432880223122	0.224522686707747	0.443597300227496
ZNF285	betareg	33	35	0.150874977205115	0.119525282038261	0.206846232455706	0.203795832900305	-0.0103529940055277	314.633201972293	0.224914295934721	0.444371016230886
ZBED4	betareg	33	35	-0.103782651939782	0.0823283415805874	0.207454992851933	0.205063318377035	0.0125816005153603	989.048733871387	0.22546287679392	0.445454866560959
DPY19L4	betareg	33	35	-0.126512774304307	0.100404533038351	0.20765835859969	0.209836537486297	0.0280235008255221	113.770819117854	0.225570543431687	0.445667587291048
HEATR5A	betareg	33	35	-0.1447261515593	0.114965078793226	0.208077093924118	0.210054800134702	0.031325018511542	75.0490470232861	0.225798971262109	0.446118900119868
EFHD2	betareg	33	35	0.0756890232687772	0.060125489792027	0.208084213439089	0.210173695321715	-0.0142860342281672	242.927790683922	0.225798971262109	0.446118900119868
GIN1	betareg	33	35	0.127225010827928	0.101086105538382	0.208181859779784	0.211075377912679	-0.0283452797045879	68.6382822831903	0.225798971262109	0.446118900119868
LRRFIP2	betareg	33	35	0.060479053712174	0.0480818118165199	0.208450923824628	0.211228466425716	-0.0137408367537325	260.475084870759	0.225977475767873	0.446471577695557
ATAD2B	betareg	33	35	-0.133001382216462	0.105778716601163	0.208625171051242	0.211939677609109	0.0262982223553485	76.3566183493021	0.22605306389339	0.446620919790559
PTPN3	betareg	33	35	0.0944137197628255	0.0751497247190996	0.208992172572324	0.209064630404266	-0.0203345876728263	389.994290650784	0.226097262118765	0.446708243765427
RPS27L	betareg	33	35	0.18311215123672	0.145768869103464	0.20905018599956	0.222713099451907	-0.0183557282540023	243.181806195813	0.226097262118765	0.446708243765427
NAGK	betareg	33	35	0.125230004397884	0.0997099302175768	0.209136580464642	0.228861419418075	-0.00357345065010216	749.768079279899	0.226097262118765	0.446708243765427
NAGA	betareg	33	35	0.056970168943135	0.0453642052513077	0.209174102407113	0.21173441556734	-0.0128179887777031	299.113109707293	0.226097262118765	0.446708243765427
ABHD18	betareg	33	35	-0.141453426408614	0.112642741082466	0.209199205810874	0.212689136055902	0.0251618064985214	68.1940509116041	0.226097262118765	0.446708243765427
HCN4	betareg	33	35	-0.103558521072274	0.0825123064512824	0.209454226979678	0.21213868074137	0.0230992163510679	147.830240808407	0.226097262118765	0.446708243765427
EMC10	betareg	33	35	0.135228309481478	0.107752237450443	0.209481281739209	0.21010306381513	-0.027467833286255	813.962010380642	0.226097262118765	0.446708243765427
PLXDC2	betareg	33	35	-0.0887298421482555	0.0707047223128882	0.20950229826958	0.209327641147863	0.0160000116451529	299.045070233475	0.226097262118765	0.446708243765427
ROBO2	betareg	33	35	-0.080754132616929	0.064383584553759	0.209745385322981	0.211694017048845	0.0180869829991167	281.115902948741	0.226227473802144	0.446965507528176
CACNA1B	betareg	33	35	-0.06623810513842	0.0528203141721827	0.209832157290316	0.216864758628886	0.0116394541112579	732.581350507431	0.226227473802144	0.446965507528176
NCOA3	betareg	33	35	-0.064099736222013	0.0512061259247015	0.210643406494849	0.21361261181991	0.0143617513041504	331.294600913183	0.226926114562913	0.448345836437696
PYGO1	betareg	33	35	0.131888786116209	0.105384105699872	0.210750114452875	0.213581593913354	-0.0331182999549127	312.979061332367	0.226926114562913	0.448345836437696
VGLL4	betareg	33	35	0.0928083024920323	0.0741646131155804	0.210794941587487	0.212990756293687	-0.0179502309353926	649.425268771302	0.226926114562913	0.448345836437696
EIF4E3	betareg	33	35	-0.0609700765617165	0.048799721324773	0.211521020329071	0.21628373255024	0.0108385496769427	1390.6989989024	0.227594469349253	0.449666328291603
C5orf49	betareg	33	35	0.0931547910915843	0.0746319492960922	0.211961787882291	0.217654174855938	-0.0153174470260149	222.772933883792	0.227945609748836	0.45036008862175
TBC1D12	betareg	33	35	-0.134019354438229	0.10739367050597	0.212058155466174	0.218285955526396	0.00378489483089955	255.342242619971	0.227945609748836	0.45036008862175
PTGIS	betareg	33	35	-0.139691631411186	0.112012918612411	0.212359783593093	0.213396498635909	0.0291461175258112	69.421247403179	0.228156438104431	0.450776629554538
NCBP1	betareg	33	35	-0.0537561874667451	0.0431541022035401	0.212882022989427	0.215347218715687	0.0105023147039146	464.249836275212	0.228432505208281	0.451322064956835
METTL6	betareg	33	35	0.0943567851858399	0.0757554233468445	0.212931502394745	0.215271466577002	-0.0216124865982942	93.3159260121636	0.228432505208281	0.451322064956835
ABCC4	betareg	33	35	0.120408257456361	0.0966715892918213	0.212933602376078	0.21798604143986	-0.0244080008157806	64.9142467777172	0.228432505208281	0.451322064956835
STX5	betareg	33	35	-0.059293718872337	0.0476290420151295	0.213166006481046	0.21533370983498	0.0112059251678604	188.313221624325	0.228568448218671	0.451590652302186
ZNF280D	betareg	33	35	0.0782382869917749	0.0628950546848035	0.213518060871449	0.215822372256431	-0.0175842418605774	62.9232458753057	0.228774053902426	0.451996874620129
AGGF1	betareg	33	35	-0.0781412819539591	0.06282410561979	0.213569316606141	0.215502745959854	0.0171069075006029	133.641023836825	0.228774053902426	0.451996874620129
LRP8	betareg	33	35	-0.0647385127970258	0.0520835626754477	0.213877424768629	0.216187680096948	0.0144675665882605	634.207794269904	0.228990679479202	0.452424869324927
RETREG2	betareg	33	35	0.143371077174133	0.11540292409316	0.214106641849265	0.214885769805787	-0.00346182130174077	3645.42575346796	0.229122666700384	0.452685641079619
OLA1	betareg	33	35	0.0985024370767654	0.0793520346008633	0.214482117000491	0.21797106292971	-0.01253533905897	1057.42062918076	0.229410961609112	0.453255235382344
SETD6	betareg	33	35	-0.0794223721110165	0.0641111706997725	0.215411173898276	0.219255032133964	0.0145253435663782	530.278651324819	0.230223376441437	0.454860351691829
C1orf74	betareg	32	35	0.182601616659589	0.14741325507328	0.215454563965425	0.230588201867801	-0.0173298511357423	225.60118228479	0.230223376441437	0.454860351691829
DPYSL5	betareg	33	35	-0.023488224416006	0.0189740785476054	0.21574898757612	0.217681145547377	0.00370621279227014	6987.27441052448	0.230424136056599	0.455256999463091
TSNAX	betareg	33	35	0.0853343371880614	0.0689976764305432	0.216172047128065	0.218024471630558	-0.0190104260454629	445.208320956879	0.230539431793923	0.455484793271167
NDUFC2	betareg	33	35	-0.0792012195792713	0.0640616096721573	0.21633633192384	0.224815641379769	0.011226147611727	2320.9118316931	0.230539431793923	0.455484793271167
PHLDB1	betareg	33	35	-0.0528899716711522	0.0427825272252887	0.216365021595392	0.220370421510815	0.0091897058074617	416.955639196362	0.230539431793923	0.455484793271167
SCD	betareg	33	35	-0.0594097530772235	0.0480626571574846	0.216425241542971	0.224256747315503	0.00469231199765936	5704.76736240061	0.230539431793923	0.455484793271167
RNF217	betareg	33	35	-0.13935436055777	0.112788838036263	0.216632106611462	0.229221971676188	0.00507719938608067	334.362881229196	0.230539431793923	0.455484793271167
OSBP	betareg	33	35	-0.064117612685184	0.0519005894446636	0.216684364239674	0.22238710996403	0.0078217893406186	928.819393978188	0.230539431793923	0.455484793271167
CBR4	betareg	33	35	0.0821270352535156	0.066497501208549	0.216815833940018	0.217447178557256	-0.017710860669146	202.870192113482	0.230539431793923	0.455484793271167
PABIR1	betareg	33	35	0.128687614625083	0.104206149462185	0.216855433965971	0.233089226031636	-0.0143592708634424	907.356471250239	0.230539431793923	0.455484793271167
E2F6	betareg	32	31	-0.188112731936611	0.152344439354381	0.216910278728165	0.221428692994309	0.0245011464520123	121.42464721642	0.230539431793923	0.455484793271167
ETV5	betareg	33	35	0.0761657936696309	0.061685105678261	0.216922900610069	0.219109382671497	-0.0167609781167027	670.514695430105	0.230539431793923	0.455484793271167
SLC44A1	betareg	33	35	-0.0961897213219825	0.0779809687663133	0.217388337892397	0.220732808909718	0.0208406919071451	169.529630365688	0.230868192762686	0.456134337779574
ATP13A3	betareg	33	35	-0.0766969446978238	0.0621859430746223	0.21744573977463	0.219854130242247	0.0129966302579948	363.412804494445	0.230868192762686	0.456134337779574
IGF2R	betareg	33	35	-0.0738512751000163	0.0599623111471801	0.218087990897715	0.220448237072233	0.0159276060930028	294.329501724468	0.231436472317953	0.457257107510273
RNF213	betareg	33	34	-0.150899979442707	0.122582965514328	0.218321799779476	0.22140888829272	0.0227087773919003	88.378380008197	0.231570965329833	0.457522830043012
SEMA5A	betareg	33	35	-0.150087143622908	0.121982862186606	0.218549102364838	0.218682578027845	0.0347290213060623	186.866373293847	0.231698428728581	0.457774663923997
SALL4	betareg	33	35	0.187675919051468	0.152745076081871	0.219189109094173	0.217106922846515	-0.0362007896584112	50.4397952353202	0.232124708891305	0.458616880503967
ZNF585A	betareg	33	35	-0.115675414921855	0.0941654360697571	0.219286515081107	0.220018858156197	0.0145222203445854	454.796308600018	0.232124708891305	0.458616880503967
PWWP2A	betareg	33	35	0.0763438079176364	0.0621571502403102	0.219357432232756	0.222505521493545	-0.012868387494279	164.280388079872	0.232124708891305	0.458616880503967
SKI	betareg	33	35	-0.112702102538095	0.0917637250829324	0.219380506377278	0.218294928187799	0.023806655819179	67.39602984536	0.232124708891305	0.458616880503967
TRAPPC2L	betareg	33	35	0.0862927648688589	0.0702895158082869	0.219568548476284	0.223131039883922	-0.0178121820839185	1358.31089852437	0.232210068980292	0.458785529407903
SFMBT2	betareg	33	35	-0.111340495880634	0.0907457361652487	0.219841322482938	0.223039875761814	0.0163125275384036	219.776083030186	0.232384912124251	0.459130973103418
PCBD2	betareg	33	35	0.0864807396217262	0.0705007513460152	0.219948871871883	0.222363647784508	-0.0192417965209439	150.825602366277	0.232385017844095	0.4591311819778
ATXN3	betareg	33	35	0.0960030727956885	0.0783589287213465	0.220510867095773	0.223295784186298	-0.0211358707231698	121.123513772757	0.232865029708626	0.460079558154414
RNFT2	betareg	33	35	-0.0492913930009901	0.040291568878575	0.221190949918932	0.220894975532597	0.00933500340117745	833.399146936615	0.233378703266205	0.461094440911617
SRP19	betareg	33	35	0.112395109985408	0.0918779586072544	0.221213106451864	0.223732333659444	-0.0233550950387684	53.2976254544449	0.233378703266205	0.461094440911617
NLN	betareg	33	35	-0.0513252322404111	0.0420427446535327	0.222166712097923	0.224336927105685	0.0113416280226078	638.537937063637	0.234236045692712	0.462788322235352
ACBD5	betareg	33	35	-0.0673655221898502	0.0551910785412149	0.222242367710494	0.224667022452019	0.0146236695827823	566.452108098542	0.234236045692712	0.462788322235352
CMPK1	betareg	33	35	0.0388933818450898	0.0318792069874975	0.222455964604528	0.223699911390522	-0.00747953072077765	1680.90240473239	0.23427898994326	0.462873168688432
PRMT9	betareg	33	35	0.144355995746029	0.118333512870005	0.2224997632778	0.229120383822999	-0.0182486608396247	52.4631610211922	0.23427898994326	0.462873168688432
FAM171B	betareg	33	35	0.155698167571987	0.127722451644044	0.222830823178816	0.227829353000462	-0.0353247326275135	1705.32685622022	0.234388286969835	0.463089110634533
SH2B3	betareg	33	35	-0.121301291467671	0.099506586876499	0.222833657292685	0.231041210567633	0.0151212660620183	197.862920061542	0.234388286969835	0.463089110634533
SLC66A2	betareg	33	35	-0.0506717746049432	0.0415759060247005	0.222928691920251	0.226760278987202	0.00822792958037358	938.919658461719	0.234388286969835	0.463089110634533
LARP4B	betareg	33	35	-0.0607414032045646	0.0498552199533029	0.223088741976342	0.222537896030089	0.0124218856805211	684.194120321269	0.234442591296689	0.463196401586448
ZNF778	betareg	33	35	-0.144048990678937	0.118276001406945	0.223259892187517	0.224071851259693	0.0169533227375822	480.861572942421	0.234508502294807	0.463326624243449
LRP6	betareg	33	35	0.105155748369634	0.0864027701239004	0.223588464368675	0.228113287208352	-0.0241851178035663	168.582411921694	0.234637974961311	0.463582427904793
NIPAL1	betareg	32	35	-0.19004071756369	0.156188820600017	0.223704295345485	0.223343528148296	0.0368760848385058	57.0477816566662	0.234637974961311	0.463582427904793
HAS3	betareg	33	35	-0.109369399813912	0.0898883018292898	0.223708627741559	0.229449881573456	0.0247481676728866	306.845292836608	0.234637974961311	0.463582427904793
GABRA2	betareg	33	35	-0.0888839991681641	0.0730739971853529	0.223849315395718	0.226520454236436	0.0191755369244521	482.820349732043	0.234671728128343	0.46364911521372
SH3BP2	betareg	33	35	-0.0742166423500206	0.0610673978700209	0.22424274091518	0.22827237652644	0.0118155114724219	463.709973730285	0.234829846728475	0.463961515644886
HCFC1	betareg	33	35	-0.119464199891648	0.0983221146129472	0.224355111258086	0.237853895843917	0.010390134871938	197.94922606756	0.234829846728475	0.463961515644886
PTPRE	betareg	33	35	-0.0832763772875312	0.0685444445288655	0.224394597495253	0.228289262829253	0.0175848043847995	220.906113692824	0.234829846728475	0.463961515644886
SUSD6	betareg	33	35	-0.112512904921847	0.0926373203815902	0.224536749421056	0.224391272881398	0.0204413892347621	220.435273151321	0.234829846728475	0.463961515644886
ACOX1	betareg	33	35	-0.0860664061301948	0.0708635998217433	0.224543041037591	0.229188456655506	0.0187693231472202	243.375284504662	0.234829846728475	0.463961515644886
GLT1D1	betareg	33	35	-0.0409816407141307	0.0337663497577864	0.224868843295972	0.227815608478854	0.00888335720229256	468.249079431967	0.2348948234791	0.464089892476545
PTCD3	betareg	33	35	-0.075427819381437	0.0621529257119185	0.224906477402635	0.226420668548753	0.0148087807783028	509.841301780561	0.2348948234791	0.464089892476545
CNDP2	betareg	33	35	0.125892998829279	0.103761952381925	0.225020218566964	0.226595704858017	-0.0056743662426271	2343.19211964953	0.2348948234791	0.464089892476545
DR1	betareg	33	35	-0.119848538439907	0.0988036087906164	0.225130745432753	0.223398884496272	0.0213002376089923	819.876040684577	0.2348948234791	0.464089892476545
LIN54	betareg	33	35	-0.113771952338209	0.0937975815132607	0.225148220712352	0.229986091728053	0.021615444881962	84.8433104953314	0.2348948234791	0.464089892476545
THAP5	betareg	33	35	-0.242147711934512	0.19980513134178	0.225543240849462	0.241646994110171	0.0571570154277159	193.584144090635	0.235193488311935	0.46467997499988
CYP2R1	betareg	33	34	0.141876416608632	0.117116659850562	0.225737904112003	0.242528194464872	-0.00839950081766313	109.905001350132	0.235283036483031	0.464856898443657
ZNF419	betareg	33	35	0.14201840579346	0.117261483453124	0.225847201823157	0.231971718555224	-0.0104928953621221	302.372462458657	0.235283566083131	0.46485794479304
DCLK1	betareg	33	35	-0.0764279245961736	0.0631591011550427	0.226246013020965	0.224438857681461	0.00842109183238066	2646.63253045021	0.235585559919303	0.465454604544335
FHDC1	betareg	33	35	0.121396208386724	0.100417877016687	0.226697298829814	0.231588521095752	-0.0229775234041339	153.026856921939	0.235941877591255	0.466158593792009
ZNF320	betareg	33	35	-0.119409825578775	0.0990136057194761	0.227819760441978	0.230641510177189	0.0242228813547073	239.153853939552	0.236996062431039	0.468241383534668
ASAP1	betareg	33	35	-0.0746906762199252	0.0619611325107447	0.228031939205335	0.231936317264396	0.0163244772605018	689.949984567782	0.237059225941924	0.468366177885351
ZNF699	betareg	33	35	-0.167585349598018	0.139058780632494	0.228149119547169	0.216988544018498	0.0311018330043705	91.7288834172741	0.237059225941924	0.468366177885351
RAB10	betareg	33	35	0.0281794230503078	0.0233857153652976	0.228209310170209	0.230905791503097	-0.00588647501050879	4049.13190963556	0.237059225941924	0.468366177885351
CCDC71L	betareg	33	35	0.14338079535471	0.119070918593674	0.22852658108861	0.228331383790329	-0.0337618701584711	72.1441849084941	0.237274835710505	0.468792165622483
GALK2	betareg	33	35	-0.111800989323269	0.0928859749942585	0.228729941059676	0.231697119397192	0.0299290007209434	154.622413513041	0.237323849435432	0.46888900374771
PITPNM3	betareg	33	35	-0.12701606600164	0.105543822290571	0.228804599747447	0.232460653437634	0.0206593072691885	341.668785956493	0.237323849435432	0.46888900374771
SENP8	betareg	33	35	0.100454295682428	0.083531805084097	0.22913602878978	0.234000683769845	-0.0163499760327359	165.952648917387	0.237323849435432	0.46888900374771
MAPK1IP1L	betareg	33	35	0.057829097842209	0.0480951337286402	0.229212542296579	0.229508252812928	-0.00970898847292522	1812.01898268722	0.237323849435432	0.46888900374771
ZBTB16	betareg	33	35	-0.168075131910461	0.139811792009212	0.229304347395409	0.237359923964601	0.0266115580913045	50.9584154534097	0.237323849435432	0.46888900374771
FBXO21	betareg	33	35	-0.107945936326899	0.0897987209709173	0.229329558382803	0.227079323325847	0.021108126100062	1687.9023987157	0.237323849435432	0.46888900374771
ITFG1	betareg	33	35	0.0320259958185597	0.0266426869943224	0.22934191851924	0.232234227904986	-0.00707731927382288	1232.81817127098	0.237323849435432	0.46888900374771
MAPK13	betareg	33	35	0.165974851853773	0.138331916840513	0.230205179285716	0.23316248421688	-0.0293420459801652	86.5664873388254	0.238103229818521	0.470428852744077
ZC2HC1A	betareg	33	35	0.101156765295655	0.0844483707270556	0.230974106510192	0.235199498232571	-0.0160693344942576	795.641014175412	0.238784341728334	0.471774549291611
CARD8	betareg	33	35	-0.102153930831494	0.0853271771855863	0.231227539839914	0.232051174489301	0.0228912041109412	102.302308370449	0.238870906148279	0.47194557763421
CTCF	betareg	33	35	0.0497254092358011	0.0415392183681341	0.231278736149318	0.233903121304051	-0.00892468701735203	284.401895489668	0.238870906148279	0.47194557763421
ZHX3	betareg	33	35	-0.0921717872090704	0.0771072748139242	0.231942176694623	0.238208909118585	0.0091758274823065	412.701878438427	0.239441778808152	0.473073470652089
RPL38	betareg	33	35	-0.0789296036240952	0.0660467569986469	0.232064971622201	0.238326801423458	0.0017096885585524	2184.72302196987	0.239454246208775	0.473098102930184
SPECC1	betareg	33	35	-0.124569735867076	0.104290365560616	0.232301580614227	0.232455323276875	0.0234033064029215	136.233868225664	0.239569946147397	0.473326695332857
UBL3	betareg	33	35	0.058104461201664	0.0486554383575774	0.23239864423317	0.234052397624116	-0.0125240873560421	803.76812114231	0.239569946147397	0.473326695332857
TXNDC17	betareg	33	35	0.0491783544358907	0.0412016199680442	0.232633516137125	0.237034827200386	-0.0102945896515286	791.1490863444	0.239697815045717	0.473579330373481
FAM43B	betareg	33	35	0.0656470629339657	0.0550403206691429	0.23298352259653	0.235167695458344	-0.0140397186015605	408.100240245163	0.239944136478651	0.474065996216653
VSTM2A	betareg	33	35	0.0417851729340764	0.0350710499403424	0.233479541977653	0.236499702678389	-0.00925139113374764	1127.07203109162	0.240340527060861	0.474849158910286
ZCCHC8	betareg	25	29	0.20323098899539	0.170674091238535	0.233749868007848	0.240298107120472	-0.00595096338385983	154.797461104607	0.240504325480876	0.475172781159626
RIOX2	betareg	33	35	-0.0955720668105911	0.0803629831461502	0.234339399620382	0.23524958885164	0.0177944316777914	196.801275729593	0.24099624132901	0.476144676451684
TCF3	betareg	33	35	-0.120571737869745	0.101428991342454	0.234545725707635	0.237771048047451	0.0287978332199478	103.053510483477	0.241093785699098	0.476337398264602
GREB1L	betareg	33	35	-0.0899954091363098	0.0757443093378425	0.234775316959067	0.235995008093668	0.0137194731928969	211.116247613813	0.241215140711821	0.476577163594343
NCKAP1	betareg	33	35	-0.137240918331447	0.115577091380539	0.23505391584367	0.244388627069782	0.00949404914079221	994.305972472885	0.241256497336599	0.476658873319837
TMCO1	betareg	33	35	0.101824410201895	0.0857870206854819	0.235249614872857	0.241473523970698	-0.010144703061807	1249.67865679816	0.241256497336599	0.476658873319837
SLC4A7	betareg	33	35	0.178697804092376	0.150565759898583	0.235289853049889	0.234817867454155	-0.0150396620160138	139.787529924015	0.241256497336599	0.476658873319837
MED7	betareg	33	35	-0.0714251508977551	0.06020604889977	0.235486044219734	0.239018951804165	0.0105797993053275	609.077949627473	0.241256497336599	0.476658873319837
AIFM2	betareg	33	35	0.156445309897734	0.131902578211211	0.23559579748495	0.237570397152035	-0.0267308434809932	57.3761334285833	0.241256497336599	0.476658873319837
BCAR1	betareg	33	34	0.146425418265092	0.123482728387252	0.235702574461675	0.241612321863646	-0.000833329376643601	964.957654663752	0.241256497336599	0.476658873319837
WDR36	betareg	33	35	-0.0945456641312033	0.0797424356721342	0.235765277952982	0.24326928530702	0.0119982764799842	258.354882090506	0.241256497336599	0.476658873319837
RPS19	betareg	33	35	0.133202733788228	0.112347739460722	0.235768859318776	0.241599088740104	-0.0178716482891753	1117.58914017156	0.241256497336599	0.476658873319837
WDR91	betareg	32	35	0.131362630395619	0.110807719104193	0.235819531523083	0.235757343746046	-0.00801379878333546	156.941311231433	0.241256497336599	0.476658873319837
BBS12	betareg	33	35	-0.105376754877958	0.0891399351655622	0.237146274633645	0.241445779596348	0.0201336128105965	290.372868040337	0.242499118303459	0.479113962888682
BZW1	betareg	33	35	-0.183508400365773	0.15528645463753	0.237308407530793	0.237364721524866	0.0365684291630987	821.769012301367	0.242550229889534	0.479214945831323
RAB9B	betareg	33	35	0.108669636552142	0.0920136922689822	0.237596394177319	0.239952059704642	-0.0242838493668822	806.596416963185	0.242729866115348	0.479569859385773
ASXL2	betareg	33	35	0.156060957072528	0.132210666677501	0.23784270710637	0.242084614291842	-0.0335459555496024	154.378357049568	0.242866778700549	0.479840362353881
TMEM87B	betareg	32	35	0.120626747611429	0.102257681786663	0.238145388402333	0.240899638365504	-0.00922365675468596	92.6707461757553	0.24306109396305	0.480224277792906
CLN8	betareg	33	35	-0.0740541396033172	0.0628016428409505	0.238328420139895	0.241295210429879	0.0144393563792476	463.5201766566	0.243133164194128	0.480366669461213
XPNPEP3	betareg	33	35	-0.132978803622148	0.112823465933462	0.238539601528154	0.244716417824562	0.0283624122894332	82.9566826163278	0.243233870079784	0.480565637590666
DPP10	betareg	33	35	-0.0860821091432601	0.0730774531462419	0.238813685612839	0.236645058853276	0.0164519691214329	281.44929282133	0.243398591394136	0.480891083234524
RAB22A	betareg	33	35	0.0644979088552914	0.0547909684430786	0.239130394731059	0.241425797658954	-0.0142159402496653	853.189343986526	0.243514298604313	0.481119690003863
GRIN2A	betareg	33	35	-0.129801973404919	0.110271932391441	0.239152403830612	0.239686222670367	0.0231863920513996	252.008954633439	0.243514298604313	0.481119690003863
CHD7	betareg	33	35	0.137457162081451	0.116924100608328	0.239750688699944	0.242338742465142	-0.0251645692766439	61.5426499519468	0.24400861393159	0.482096326030523
RCAN3	betareg	33	35	0.0731455169391786	0.0622996160759962	0.240357945401161	0.244143151263356	-0.0137672389120238	718.665409443459	0.244428647309303	0.48292620061955
MAVS	betareg	33	35	-0.0750580472850827	0.0639341045031788	0.24039873075668	0.242974705875553	0.016722996830152	536.10607079332	0.244428647309303	0.48292620061955
GSR	betareg	33	35	-0.0445095869740113	0.0379214271069358	0.240502446739622	0.242959034821754	0.00733550320606058	516.599302422728	0.244428647309303	0.48292620061955
DGKI	betareg	33	35	-0.0607684973969671	0.051823589049527	0.240955034923107	0.242941099321717	0.0136062534852225	861.258517474337	0.244773598803951	0.483607733314437
NETO2	betareg	33	35	0.0445954027094978	0.0380517310514554	0.241209992856884	0.243320261395483	-0.00903952095018541	894.815337375885	0.244917558436196	0.483892159379091
FBXL17	betareg	33	35	0.122900054198185	0.104950349427285	0.24158654055472	0.245056527494097	-0.0334736801324384	120.163768622858	0.2451847837073	0.484420125664157
SLC35A5	betareg	33	35	-0.121330608529545	0.10364812477774	0.241759156328802	0.24626234541206	0.00442360285635561	1374.54765189581	0.245244886044834	0.484538871947922
BRD7	betareg	33	35	0.11974494173428	0.102356535053532	0.242048954783936	0.243718262548134	-0.0223276604694655	156.1517135387	0.245364236870442	0.484774677535305
TRAF3IP1	betareg	33	35	-0.0693572088256004	0.0592926021387858	0.242103712113349	0.243965853384873	0.0153252488777217	132.187225395263	0.245364236870442	0.484774677535305
UCHL5	betareg	33	35	-0.0754220932738349	0.0645664020044532	0.242753443277768	0.250245830315429	0.0118137634811294	633.475406111049	0.245907485147259	0.485847992096442
GALNT15	betareg	33	35	0.124407341546859	0.106549495480888	0.242967579719039	0.246310858550407	-0.0291244559381252	55.4277423734146	0.2460091770352	0.486048908304987
NCOA1	betareg	33	35	-0.0668393926483098	0.0573505702389941	0.243835684966435	0.246298324502565	0.0150135399557875	174.209574019966	0.246772619432994	0.487557268068121
RNGTT	betareg	33	35	0.0596575615008279	0.0512214514657824	0.244140947204467	0.246625388237402	-0.00690467672062713	453.37662552817	0.246965991793183	0.487939320582173
ZNF440	betareg	32	35	-0.124797744869901	0.107226429456938	0.244476243698621	0.24748360030812	0.0273317511648302	127.365898872525	0.247189550936847	0.488381014176814
AP1G1	betareg	33	35	-0.0816927534276092	0.0703604918632671	0.245617495756838	0.245999602004031	0.0170771195819219	839.304099743683	0.248227420773312	0.490431569798584
SLC6A8	betareg	33	35	-0.0894347468725745	0.0771285000799569	0.24622998406795	0.250148466133783	0.0175108750837079	125.508297377207	0.248730188309068	0.491424905148226
SYT11	betareg	33	35	-0.0450412032946063	0.0388586850447807	0.246414361744869	0.252491510842611	0.00632293523966663	11517.859484534	0.24880023065821	0.491563290259489
ZNF652	betareg	33	35	-0.0620731557651759	0.0535839853407844	0.246689670951151	0.250630151995176	0.0131148994978027	807.133512366657	0.248961976755946	0.491882857664147
TIMP2	betareg	33	35	-0.104732164286885	0.090591676980178	0.247644199441733	0.24923029699949	0.00910900630474248	1656.68040452026	0.249808727956195	0.493555813532894
BCL10	betareg	33	35	0.0588662385383219	0.0509798757506429	0.248215099415415	0.250095850875269	-0.013148467280096	154.434640457658	0.25009632306447	0.494124025215464
ARPIN	betareg	33	35	0.0910779761924469	0.0788797980298119	0.248236808347739	0.253941000646542	-0.0161846381365954	131.502405283526	0.25009632306447	0.494124025215464
TXLNG	betareg	33	35	-0.071039336469483	0.0615300824690395	0.248276218613995	0.250513716413067	0.0163978411943919	153.050757215186	0.25009632306447	0.494124025215464
KANTR	betareg	33	35	-0.0767345013092303	0.0665004070972962	0.248543132627426	0.251636302362256	0.0150435375610971	324.034490657282	0.250248636462585	0.494424956106606
PDK3	betareg	33	35	-0.142743305348934	0.123761290271322	0.248756076594207	0.2509774035543	0.0348836094043347	1098.3972958909	0.250346493004952	0.494618294689179
PAN3	betareg	33	35	-0.0637144579888626	0.0552857497165348	0.249133264969913	0.251298771905494	0.0141131298166253	208.779965340178	0.250588516755053	0.495096469450536
ZNF107	betareg	32	34	-0.153330167484469	0.13307301960429	0.249228295293261	0.245461694991576	0.0224692180935291	73.6182671178014	0.250588516755053	0.495096469450536
DYRK1A	betareg	17	22	-0.229325854948676	0.199191014510796	0.249614535723238	0.274107724464519	0.00248390485723569	351.955568317016	0.250760062981255	0.49543539931069
RPS6KA5	betareg	33	35	-0.100693511075183	0.0874647635104424	0.249630801478099	0.25275199939872	0.0230571122473878	123.18506473035	0.250760062981255	0.49543539931069
MED12L	betareg	33	35	0.188220780155923	0.163588407723681	0.24990700224331	0.249387448412834	-0.0120932137812225	110.485683851632	0.250920968396721	0.495753305750077
MTRNR2L1	betareg	33	33	-0.27865509494659	0.242401203785599	0.250324516935713	0.248774519188591	0.0314500256839019	1711.1474068564	0.251223545929678	0.496351118731462
NDC1	betareg	33	35	-0.0777922568108237	0.0677307378133424	0.250740866329373	0.258200015973778	0.00877219472769145	220.523684600432	0.251457277794465	0.496812910925903
NBL1	betareg	33	35	-0.0292651486750576	0.0254826831875929	0.250789948248812	0.254455112651612	0.00555226047227048	2172.15669199334	0.251457277794465	0.496812910925903
ERCC2	betareg	33	35	-0.0866993418864581	0.0755505027711498	0.251146932554076	0.253438867752482	0.0140172573404128	220.836762385771	0.25169852284074	0.497289547174961
PIKFYVE	betareg	33	35	-0.0886359446216422	0.0773207532161746	0.251654111100109	0.254274329923582	0.0193059211891872	183.411832604089	0.252089998799299	0.498062999875297
KIAA0232	betareg	33	35	-0.0898636344210333	0.0784767000570816	0.25216791925032	0.260725710403188	0.00431724180426553	674.668263629479	0.252487750292793	0.498848851368804
KCNJ2	betareg	33	35	0.229485277541094	0.200560741662127	0.252533101833739	0.249716661135084	-0.0682969904839426	60.4770067573534	0.252736388459404	0.499340094463474
HDAC9	betareg	33	35	-0.129267027240888	0.113071644929088	0.252942630147709	0.255116893457834	0.0242677383808782	213.968004534716	0.25298057653326	0.499822545354735
DOC2B	betareg	33	33	-0.196090878556753	0.171587445755233	0.253119834399555	0.24343086113204	0.00345316455836575	1422.15369560265	0.25298057653326	0.499822545354735
AP4B1	betareg	33	35	0.160144514898961	0.140154961998786	0.253194465072186	0.263253632003618	-0.00574627168670251	218.39727514099	0.25298057653326	0.499822545354735
LMTK2	betareg	33	35	-0.0907589752927837	0.0794387165842708	0.25324498261011	0.254278468289285	0.019299239707131	415.799042300595	0.25298057653326	0.499822545354735
CIAO1	betareg	33	35	0.0326958094265502	0.0286464800728768	0.2537221334734	0.256108707277718	-0.00735711040342476	1506.21776709177	0.253260682874527	0.500375961219228
NAB1	betareg	33	35	-0.0783984260623041	0.0686997920478207	0.253797463731995	0.256027644247639	0.0130886695141524	141.894176471507	0.253260682874527	0.500375961219228
TULP4	betareg	33	35	-0.0549997926019956	0.0482038353340571	0.253876687087125	0.260279434785966	0.00555487988851978	2599.18300544446	0.253260682874527	0.500375961219228
ZNF587	betareg	33	35	0.0904591279360252	0.0794250082365483	0.254734435067872	0.257072039402073	-0.0198166356447186	338.101802599814	0.253999191324361	0.501835058112041
GFRA2	betareg	33	35	0.0422803248329486	0.0371408688155416	0.25496293634903	0.256324233800501	-0.00921529115189674	610.272009387232	0.254012044321031	0.50186045222569
ZNF480	betareg	33	35	0.0835965803570641	0.0734690539142653	0.255184160757801	0.254517130157123	-0.0064024280151387	321.519517190982	0.254012044321031	0.50186045222569
P4HA2	betareg	33	35	0.0909276240625601	0.079913479198478	0.255193199897241	0.261684643651287	-0.0145287536299982	348.547729568709	0.254012044321031	0.50186045222569
FARSB	betareg	33	35	0.119304301510679	0.104858142591129	0.25521712208903	0.260909432839454	-0.0143486340740721	768.689395535027	0.254012044321031	0.50186045222569
THAP2	betareg	33	35	0.094438898670289	0.0830658777244328	0.25557353751063	0.257056409123105	-0.022011056668071	168.839702352408	0.254245125308531	0.50232095845918
PTPRG	betareg	33	35	-0.0702325873905231	0.0617940972908817	0.255723026590579	0.258575659207846	0.012484562234067	1140.05142958543	0.254245125308531	0.50232095845918
TMEM47	betareg	33	35	0.0598712835190244	0.0526866820406132	0.255803979781694	0.25733477276238	-0.00905796110777914	1030.48045425821	0.254245125308531	0.50232095845918
ZNF324	betareg	33	35	-0.106564590460664	0.0938196921918276	0.256021608772156	0.252654256928952	0.00513621573635797	932.154646385663	0.254344541802268	0.502517379092064
MPC2	betareg	33	35	-0.0534800220047512	0.0471013563566991	0.256197605760129	0.260680519354498	0.0106448590229385	1032.54679382624	0.254402526701556	0.502631941879261
EPHA3	betareg	33	35	0.0717650832639585	0.0632385388855454	0.256445942994549	0.259190113857019	-0.0162472622990085	321.493929645949	0.254532258798948	0.502888258107255
KPNA6	betareg	33	35	-0.0749520748153317	0.0661396145337181	0.257113366134053	0.25838737049496	0.0171812515498972	1273.78246599752	0.255017046098515	0.503846069277369
DSEL	betareg	33	35	-0.103820604961146	0.0916369629493352	0.257232923913075	0.250831332132063	0.0176038928202292	634.600648313767	0.255017046098515	0.503846069277369
MTMR6	betareg	33	35	-0.0948347187536754	0.0837153061885773	0.257288116817978	0.249215183949359	0.00342259284615628	1323.00684361029	0.255017046098515	0.503846069277369
GNAI1	betareg	33	35	-0.0395135920435448	0.0349182207299067	0.25780103244198	0.260204692329371	0.00792040785919513	2314.34001818902	0.255408381818574	0.504619244903609
SECISBP2	betareg	33	35	0.0799188393541479	0.0706525520163817	0.257990740669072	0.260151136281399	-0.0172676337201327	76.6679014627361	0.25547929807783	0.504759356629554
RAB15	betareg	33	35	-0.022073761764861	0.0195345749928736	0.258482867767675	0.262028641635562	0.00339504590612293	6986.14787475956	0.255669685892927	0.505135512473811
UBA52	betareg	33	35	0.0920708562506405	0.0814808781642391	0.258489339796371	0.258472518700083	-0.0129990792005227	1571.2612712482	0.255669685892927	0.505135512473811
ZNF592	betareg	33	35	-0.059195748131903	0.0524021116215746	0.25862612479576	0.260014492177665	0.0114698566586573	205.604794425375	0.255669685892927	0.505135512473811
ZNF496	betareg	33	35	-0.113174011651093	0.100208873695565	0.258737086905794	0.26442791278513	0.00428695092208878	389.879514079334	0.255669685892927	0.505135512473811
B4GALNT1	betareg	33	35	0.0610848293260218	0.0541086674003002	0.258927898730204	0.261519011281173	-0.0140585591466589	1466.8788070141	0.255669685892927	0.505135512473811
ZKSCAN5	betareg	33	35	-0.0689576781222263	0.0611167368988264	0.259195565340825	0.261978278282439	0.014803787286163	336.883946270347	0.255669685892927	0.505135512473811
ZNF711	betareg	33	35	0.0806009367976136	0.0714602418415302	0.259356656944538	0.264925711591084	-0.0101847808063648	1222.04714452597	0.255669685892927	0.505135512473811
BCL7A	betareg	33	35	-0.122884095044109	0.10894852250927	0.259358058049855	0.251696677195072	0.0157394321350176	896.229066627708	0.255669685892927	0.505135512473811
XRRA1	betareg	33	35	0.0798807393037778	0.0708259734172301	0.259385269834212	0.264601151632666	-0.0147552227987168	355.283817542261	0.255669685892927	0.505135512473811
PTP4A1	betareg	33	35	-0.0367697417977685	0.0326096416542756	0.259500420074937	0.262620781471199	0.00718477507766993	2720.70942992938	0.255669685892927	0.505135512473811
EMG1	betareg	33	35	0.0652767665271392	0.0578975289025608	0.25955082719305	0.258595776844319	-0.0118973384099117	737.248016495306	0.255669685892927	0.505135512473811
DMD	betareg	33	35	0.132978823509205	0.117980565665983	0.259689711976025	0.268095142787026	-0.0228508173999151	127.156297755881	0.255669685892927	0.505135512473811
FAM13C	betareg	33	35	-0.0634011244811417	0.056253866149714	0.25971980362859	0.257664159902563	0.00881218404717306	1042.9405540637	0.255669685892927	0.505135512473811
SECISBP2L	betareg	33	35	0.168621667856857	0.149688761924631	0.259961634637023	0.26802296345942	-0.0248134908820251	103.44176595513	0.255763408108719	0.505320682723224
CCP110	betareg	33	35	0.0769161611189676	0.0682928656039577	0.260051528506522	0.261887331849283	-0.0110449879898811	469.387120039496	0.255763408108719	0.505320682723224
ABHD13	betareg	33	35	0.0835361749171784	0.0741901211614835	0.260176368162776	0.26574729056221	-0.0117863842672383	503.447981725491	0.255769877316925	0.505333464163428
ZC3H6	betareg	33	35	-0.101325559857398	0.0900227809943576	0.260354072350104	0.262458479968895	0.0219675002926467	91.9948563478522	0.255828286223221	0.505448864676054
RNF13	betareg	33	35	-0.117138366374214	0.104135739427145	0.260647393650738	0.264348366492786	0.0174017751441923	569.522861792138	0.256000197804202	0.505788516380383
SRPRB	betareg	33	35	0.0680924331292198	0.0606746290986043	0.26175384259902	0.269899615390029	-0.00491764687534929	1280.73882454895	0.256959799138484	0.507684434193519
DCTD	betareg	33	35	-0.0295780350660303	0.0263618629359857	0.261862039073839	0.264151121523585	0.00660068057504247	631.301022777336	0.256959799138484	0.507684434193519
STK10	betareg	33	35	-0.130947220184656	0.116779920564602	0.262153279768959	0.27487809178161	0.0170177592906221	114.847136087927	0.257128922939165	0.508018577983113
CD164	betareg	33	35	0.0348300202839478	0.0310813792195906	0.262455058549808	0.263567875999601	-0.00710380532167005	1269.84154337344	0.257308224839364	0.50837283099879
C9orf85	betareg	33	35	-0.101400980408213	0.0905812866337175	0.262949344413445	0.26549893623321	0.0205908977035355	157.629848270394	0.257510239897703	0.508771959192909
MAPK9	betareg	33	35	0.0413909375111211	0.0369783109135878	0.262999327020137	0.265176539312637	-0.00951855240419272	1459.26981185383	0.257510239897703	0.508771959192909
CRK	betareg	33	35	0.0573773231888304	0.0512741640782827	0.263127379382886	0.260680124381567	-0.00665396216681323	2120.83497359292	0.257510239897703	0.508771959192909
NDUFS1	betareg	33	35	-0.0818637780089574	0.0731575559266989	0.263137381188001	0.26521311777116	0.0191891412282622	471.840326266587	0.257510239897703	0.508771959192909
PRKAR2A	betareg	33	35	-0.0850528515255154	0.0761194044827711	0.263840016721561	0.276401425586791	0.0106499993073952	1636.04074878399	0.25799457316624	0.509728873318085
SSBP2	betareg	33	35	0.0814876670327135	0.0729407990953891	0.263919332976371	0.268497614265624	-0.0147746383722729	1080.00992387448	0.25799457316624	0.509728873318085
MRS2	betareg	33	35	0.0622836822393508	0.0557659349760899	0.264046980709767	0.265691318147094	-0.0135793791948334	508.953306559316	0.25799457316624	0.509728873318085
UNC5B	betareg	32	35	-0.217769878042066	0.195006608059488	0.264109460689502	0.265870037260507	0.0497348437221797	52.5996154500413	0.25799457316624	0.509728873318085
PLPPR4	betareg	33	35	0.077932511595773	0.0698278154820117	0.264393511279668	0.264696918309809	-0.0151085150473083	1486.96721986485	0.258155445799143	0.51004671498782
ZNF189	betareg	33	35	-0.0606538673223592	0.0543807911605204	0.26469848266029	0.26268926796409	0.00443278844697229	353.68013100488	0.258336591210192	0.510404610292156
GALNT13	betareg	33	35	-0.0506307831279966	0.0454102886247913	0.264866357806365	0.269656790062663	0.00684903273876197	952.201759512458	0.258383832361423	0.51049794628173
AP4M1	betareg	33	35	-0.0508054375375211	0.0455816481378061	0.265020623912912	0.26434988441755	0.0100437143627646	759.394271879996	0.25841776093791	0.510564980153234
PUS1	betareg	27	24	0.175774162671903	0.157864645484334	0.265515827897223	0.280493294283536	-0.00782171852420178	57.2119309170409	0.258713288001076	0.511148863275634
SRGAP2C	betareg	33	35	0.134639939523757	0.120948129172682	0.265620831049535	0.262113626278217	-0.00906779402464717	83.9830093065448	0.258713288001076	0.511148863275634
XPO7	betareg	33	35	-0.0523532593392615	0.0470354243435986	0.265682570871796	0.270010343005045	0.0109477237932656	238.739678002006	0.258713288001076	0.511148863275634
DCAF16	betareg	33	35	0.111396958213566	0.100115009076307	0.26584164003996	0.266204739037603	-0.0165290638243438	388.879190558152	0.258750437253749	0.511222260349368
AGK	betareg	33	35	0.0846439070476169	0.0761003936589799	0.266023647712588	0.269742361548689	-0.00598784568929957	883.97466225022	0.258750437253749	0.511222260349368
LRIG2	betareg	33	35	-0.0908129529427779	0.0816649791306078	0.266130273305673	0.273169510778809	0.0146413923208133	336.638091551374	0.258750437253749	0.511222260349368
SEPTIN7	betareg	33	35	-0.0676179051595002	0.0608296735056706	0.26631271761809	0.269635827161435	0.00646649736749254	2722.38553187716	0.258750437253749	0.511222260349368
RPA1	betareg	32	35	-0.184465876820133	0.165949309162277	0.266318921492556	0.280287553690619	0.0109396599517672	396.804389120984	0.258750437253749	0.511222260349368
GDF11	betareg	33	35	0.0807613607076642	0.0726901065456946	0.266552643687082	0.267143157475862	-0.0111689001751759	179.885734168771	0.258765635976178	0.511252288995181
TSPAN3	betareg	33	35	0.0609429784659976	0.0548547980422436	0.266573859087588	0.272589938942059	-0.00382621740327863	10495.2338708768	0.258765635976178	0.511252288995181
FNIP2	betareg	33	35	-0.0947711155852578	0.0854170046929004	0.267209754858121	0.267729687852297	0.0164020809811312	591.130937790568	0.259266538317088	0.512241939214335
TMTC4	betareg	33	35	0.0676440081688755	0.0610042502464881	0.267498819951751	0.270039065511406	-0.0157918289860395	285.531348044743	0.259430621717026	0.512566124508445
IKZF2	betareg	33	35	-0.147059050387827	0.132671058406924	0.267668121076061	0.261534694474414	0.0275284113039323	125.014296019967	0.259478458391766	0.51266063709458
TRPM7	betareg	33	35	-0.158839111846877	0.143412428179045	0.268048141747335	0.270882818306082	0.0266676650576892	75.9721371797481	0.259619775059343	0.512939841361789
DLGAP2	betareg	33	35	-0.10823761674238	0.097726615937053	0.268053982157939	0.272193322799065	0.0248513986846577	180.620275782333	0.259619775059343	0.512939841361789
ANKRD6	betareg	33	35	-0.0551339317545642	0.0498073531220561	0.268318305193798	0.270938510195748	0.011407498799079	584.269486863388	0.259759453715297	0.513215809352327
ADH5	betareg	33	35	0.047036773768918	0.0425653523687499	0.269138625279767	0.269867249015211	-0.00911861811860261	1005.37561309791	0.260177046488038	0.514040861953016
TNFAIP1	betareg	33	35	0.025354307116645	0.0229449002099777	0.26915595600651	0.2718520667544	-0.00570631325390853	1590.08810470118	0.260177046488038	0.514040861953016
KDM4B	betareg	33	35	-0.0521335820548621	0.0471811360505446	0.269174038327178	0.272834970056236	0.0109926431289597	531.033983103529	0.260177046488038	0.514040861953016
RHOBTB3	betareg	33	35	-0.0793114773028256	0.0718066441951185	0.269370031681423	0.272046711079166	0.0116486702516924	186.282916226155	0.260177046488038	0.514040861953016
ZC3H7B	betareg	33	35	-0.145242425912723	0.131509813129672	0.269409808331135	0.269839592513279	0.0202118658615107	68.8758649230639	0.260177046488038	0.514040861953016
PIGN	betareg	33	35	0.0929033694103103	0.0841302231783734	0.269471455833081	0.270555947156243	-0.0186014277352176	69.9297709754141	0.260177046488038	0.514040861953016
ZNF570	betareg	33	35	0.086068292806413	0.0779766491248911	0.2696928837474	0.272493960849361	-0.019069150054228	158.309202847216	0.260274643038097	0.514233686859723
ADCY5	betareg	33	35	-0.0456356938621316	0.041362874525779	0.269896545601621	0.269448388865399	0.00712094718101201	691.860335955605	0.26035501454154	0.514392479641269
RBX1	betareg	33	35	-0.0912783528675578	0.0828052520822778	0.270320124384034	0.280276579682729	0.00744326047592963	1909.25265814969	0.26048242963447	0.514644218082763
INSR	betareg	33	35	0.113606747938403	0.103070840223707	0.270366011985749	0.273325064286619	-0.0164195518634438	810.82668374447	0.26048242963447	0.514644218082763
CHRNA4	betareg	33	35	-0.103544218620712	0.0939645154222837	0.270483313032651	0.27071665487579	0.00222384799387572	994.962930177501	0.26048242963447	0.514644218082763
KMT5B	betareg	33	35	-0.0758892456602755	0.0688720179167984	0.270510394058948	0.270357066264526	0.0109264872682862	1222.59216753599	0.26048242963447	0.514644218082763
SOCS2	betareg	33	35	0.113692093747689	0.103216939495267	0.270684857482547	0.276000009329879	-0.0015313906573719	1390.80951989479	0.260534426306674	0.514746949720927
C12orf4	betareg	33	35	-0.0572167586273782	0.0520077999106265	0.271263609127659	0.276262041493374	0.00915748588896292	448.100574988379	0.260975331407007	0.515618061300039
NEK7	betareg	33	35	0.0854639727774923	0.0777443327268084	0.271639319847752	0.274445651056313	-0.0135074858457428	619.295687908489	0.261136670982121	0.515936825523778
AK4	betareg	33	35	0.0900351754503199	0.0819206417240238	0.271744691140345	0.274502148237235	-0.0198900085285955	377.677966348123	0.261136670982121	0.515936825523778
ZNFX1	betareg	33	35	-0.0789251874069985	0.0718192735167279	0.271793539493102	0.272928903856817	0.016137125060382	155.383449881561	0.261136670982121	0.515936825523778
RPLP1	betareg	32	34	0.165581782871596	0.150769210910026	0.272096794922289	0.277354971230534	-0.000293670316635005	2288.89234548804	0.261288607017123	0.516237010845461
ABRAXAS2	betareg	33	35	0.040105502215855	0.0365382319357207	0.27236557696942	0.274544416713428	-0.00777086178381761	446.995185073359	0.261288607017123	0.516237010845461
SYAP1	betareg	33	35	-0.0860916338034859	0.0784355014369602	0.272374584451479	0.269074452864841	0.00800513763267541	720.800411248548	0.261288607017123	0.516237010845461
TFAM	betareg	33	35	0.0707999429372075	0.0645118197644516	0.272434930834663	0.276029862557733	-0.00975944464725355	343.126829841099	0.261288607017123	0.516237010845461
FAM118A	betareg	33	35	-0.0632339674617699	0.0576573996231947	0.2727642344153	0.274184753904926	0.0121814661130264	207.943071704188	0.261488478152669	0.516631903216568
POGZ	betareg	33	35	0.0889056756534723	0.0811156194532649	0.273062823095645	0.271578997719883	-0.0192941379263729	574.257069031136	0.261658740040127	0.516968295563887
KIF3A	betareg	33	35	-0.0923596373487325	0.0843382623374176	0.273468640977706	0.277409434866723	0.0186029740503899	870.231564120772	0.261931556540195	0.51750730863496
KDM5D	betareg	25	28	0.134646029683952	0.123020539498603	0.273735572058605	0.279568287771161	-0.0174656322587216	112.668322113818	0.261960750234819	0.517564987635282
KLHDC10	betareg	33	35	-0.0810177733233664	0.0740235018195113	0.273741369542649	0.282627258335035	0.005607793063831	1110.42346122582	0.261960750234819	0.517564987635282
COL3A1	betareg	30	33	0.109536740772048	0.100135078923312	0.274003315816485	0.277419120335721	-0.0203266246149061	120.537834164466	0.262045185100065	0.517731808542414
ZNF225	betareg	33	35	0.0990599778789224	0.0905704986457001	0.274071928603543	0.279608319468503	-0.00997489440964321	211.843350899373	0.262045185100065	0.517731808542414
NAXD	betareg	33	35	-0.0263262283049965	0.0240878039067185	0.27442554180766	0.277493369276447	0.00456475293060394	1728.1077096398	0.262238370643685	0.518113491956456
RPS6KA2	betareg	33	35	-0.0496640069283573	0.0454573721723763	0.274595726654709	0.274929324040893	0.00831650855613938	2784.98016194688	0.262238370643685	0.518113491956456
TRAM2	betareg	33	35	0.151287278093532	0.138508505103345	0.274718905450215	0.269717794596978	-0.0291817437780559	81.4230495715082	0.262238370643685	0.518113491956456
FCF1	betareg	29	35	-0.142747356833033	0.130700840564449	0.274758991990014	0.277350254839296	0.00565314218616382	158.306878961809	0.262238370643685	0.518113491956456
ZNF12	betareg	33	35	-0.103942510686312	0.0952707080210974	0.275262868408854	0.275725852411087	0.0190211434089329	588.640977255153	0.262533554632946	0.518696697255782
MPDZ	betareg	33	35	0.109070062267041	0.0999846089007201	0.275330741053114	0.28001557577523	-0.021347005109767	91.5914437308516	0.262533554632946	0.518696697255782
DISP2	betareg	33	35	-0.0779960676824343	0.0715142017773493	0.275432437648811	0.2776535985201	0.0121643327939045	2161.7952223057	0.262533554632946	0.518696697255782
MTG2	betareg	33	35	-0.106471195941395	0.0977108112413485	0.275864595828348	0.273329931395829	0.0111769855112749	404.955177969599	0.262829639234952	0.519281681927107
ZNF398	betareg	33	35	-0.064601183682218	0.059304018665261	0.27601182926684	0.280194659080056	0.0117036601005996	560.725568020886	0.262854120937372	0.519330051280145
VMA21	betareg	33	35	0.0596147596011325	0.0547589809114076	0.276297020188398	0.285056931410556	-0.00549892968316711	1838.21652638185	0.263009904200554	0.519637837704677
NPTXR	betareg	33	35	-0.0812844793038009	0.0747022611828394	0.276545356683169	0.275734338374388	0.0140523704264433	1399.09355753395	0.263130483726752	0.519876070878654
RANBP17	betareg	33	35	0.0810002259802734	0.0745046186775344	0.276955520433205	0.280148984593815	-0.017044741540015	60.6300663698346	0.263348167887283	0.520306157064286
COX19	betareg	33	35	0.0538429701173221	0.0495427150755062	0.277125677325999	0.277850615884504	-0.0117629502652441	559.380927928102	0.263348167887283	0.520306157064286
PTP4A2	betareg	33	35	0.0682038927764876	0.0627724918775394	0.277246708741673	0.277573085048795	-0.0140547370833991	1890.3872513079	0.263348167887283	0.520306157064286
BCL9	betareg	33	35	-0.0994945367040317	0.0915968351748216	0.277380596902029	0.275386890811323	0.0158763245522448	308.329956928049	0.263348167887283	0.520306157064286
WSCD1	betareg	33	35	0.0896614182362676	0.0825446598848885	0.277382968825753	0.278444116648171	-0.0209604067634411	186.514101791961	0.263348167887283	0.520306157064286
CCNJL	betareg	33	35	0.0491493902542592	0.0452997241501796	0.277929579242531	0.280011914530046	-0.010727785908345	188.074729486535	0.263751339373545	0.521102717026475
SYNM	betareg	33	35	-0.0851400705857588	0.0785232541990201	0.278247012066674	0.277356821570186	0.0175388389756726	522.905909599368	0.263906218292502	0.521408716706591
MOCS1	betareg	33	33	0.128675961224712	0.118697854218907	0.278336831923177	0.283938968948906	-0.00503667709222582	224.673055647141	0.263906218292502	0.521408716706591
VPS54	betareg	33	35	0.0911130874323119	0.0841554140750598	0.278952047524945	0.284967146619895	-0.0175540492855939	112.487021290491	0.264373634995391	0.522332208183212
PHACTR4	betareg	33	35	-0.0813538540691825	0.0751983499043	0.279316116571557	0.283193282767109	0.0151683110768026	190.861048213631	0.264508617137185	0.522598897106976
AFF4	betareg	33	35	-0.132044347210309	0.122059260244709	0.279339078163429	0.27435251473568	0.0244759069025921	322.056753103464	0.264508617137185	0.522598897106976
IDH3A	betareg	33	35	-0.0993466931185643	0.0919258347025973	0.279818755153591	0.287447109755559	0.00217730401634995	1862.89442477456	0.26484687000228	0.523267195085905
PARD3	betareg	33	35	0.0902601222430949	0.0835719955393753	0.280129567668926	0.280949606532414	-0.0164261357673315	98.4533414417009	0.265025067578805	0.523619266250796
SPOPL	betareg	33	35	0.115995562595671	0.107455405574742	0.28037545767178	0.282326441030618	-0.0113700180812971	132.087246290231	0.265115000677749	0.523796950209944
LONRF2	betareg	33	35	-0.108736258909652	0.100822310592931	0.280813349674303	0.292229388994144	0.014472733329011	2303.66173510449	0.265115000677749	0.523796950209944
TMEM199	betareg	33	35	0.0665302067173492	0.0616900523439063	0.280828864084171	0.284021942386687	-0.00563377792990883	1041.41247742192	0.265115000677749	0.523796950209944
HRH1	betareg	33	35	-0.186698001407463	0.173130390254729	0.280870260676612	0.276319876625351	0.0345931632251635	111.139355758435	0.265115000677749	0.523796950209944
VWA5A	betareg	33	35	-0.0511098970014002	0.047412669563366	0.281042799593216	0.280180995833742	0.00886518606239284	468.75723309645	0.265115000677749	0.523796950209944
FECH	betareg	33	35	0.0905114047350639	0.0839689172670886	0.28107142881017	0.278385056513577	-0.00936740548059104	429.634292855165	0.265115000677749	0.523796950209944
METTL2B	betareg	33	35	-0.0823393933169132	0.0764005245149006	0.281152770343667	0.278468610910315	0.01409949881719	276.255532689317	0.265115000677749	0.523796950209944
MEF2C	betareg	33	35	0.0645569614027831	0.0599072201803454	0.281205289909106	0.282669467555336	-0.0147341670481556	392.848788983494	0.265115000677749	0.523796950209944
LRRC28	betareg	33	35	0.0813514440845899	0.0755901446451535	0.281829950078328	0.283154745243882	-0.019248337621929	192.427633712028	0.265588143280576	0.524731754546709
GOLGA7B	betareg	33	35	0.1085724242907	0.100961731759953	0.282203758225248	0.285104446684996	-0.0209023048945382	733.32694759282	0.265824581230345	0.525198893247597
HEG1	betareg	32	34	-0.221874489843513	0.206570186491674	0.282783391233107	0.275176349145798	0.0416970088954603	90.4376579864864	0.266155501884455	0.525852704721643
JAM3	betareg	33	35	-0.0483028898053916	0.0449727504274237	0.282801197156643	0.287524904554436	0.00824551972442396	730.686468854245	0.266155501884455	0.525852704721643
SETX	betareg	33	35	0.0688987984016423	0.0641754591178942	0.283001819501265	0.28460158131408	-0.0153166296931018	273.664907681441	0.266228463339066	0.525996857211355
LYPLA1	betareg	33	35	0.101491125404795	0.0946309599087285	0.283498261117956	0.287908333345548	-0.0148514297560012	534.799545213313	0.266579526587734	0.526690465111751
MICOS10	betareg	33	35	0.113931976458113	0.106345621233177	0.284018023383776	0.294240804265292	-0.0193390854912086	1815.4597762897	0.266952204075641	0.527426777018199
ACAA2	betareg	33	35	0.149622474561014	0.139717314437535	0.284216962581064	0.289768477921638	-0.0232342885921994	159.912565527418	0.267023143029851	0.527566933583357
GPLD1	betareg	33	35	0.123306681709866	0.11523742577676	0.284609012062207	0.287004737919911	-0.0262396939937626	407.866304729657	0.267275369598891	0.528065266409818
HAUS2	betareg	33	35	-0.0902004523921465	0.0843439730721501	0.284873406682308	0.287996828994552	0.0206553909111863	297.243140702718	0.267284161130636	0.528082636145607
VMP1	betareg	33	35	-0.0679452579837378	0.0635395262453294	0.28491719463035	0.288641212252685	0.00459030122176376	1088.41018082921	0.267284161130636	0.528082636145607
PAQR9	betareg	33	35	0.130560829216387	0.122121995314089	0.285023858935433	0.283385880292422	-0.0206569743479279	212.318455877683	0.267284161130636	0.528082636145607
NNT	betareg	33	35	0.0727318623453216	0.0680433699791429	0.285112717432229	0.287157047673404	-0.0170490020276847	599.999814738455	0.267284161130636	0.528082636145607
POGLUT1	betareg	33	35	0.0868656795776453	0.0812904115590285	0.285256903831765	0.283418392791995	-0.0100920623163517	332.284898428586	0.267303465061544	0.528120775594945
ERLIN2	betareg	33	35	-0.129081749085929	0.120945244614242	0.285847997979784	0.290457412642757	0.0203662051882445	71.7691260767927	0.267741351266131	0.528985922636474
TBC1D15	betareg	33	35	-0.129528858408952	0.121428185670115	0.28610207176012	0.277320560609549	0.00728171080569387	187.119141108616	0.267786123801477	0.529074381295575
DHFR	betareg	33	35	-0.122213419380383	0.114601549731662	0.286233687836925	0.287707013346489	0.0213127207668499	54.1292781045269	0.267786123801477	0.529074381295575
ILDR2	betareg	31	32	-0.213736891473609	0.200438588401819	0.286267252411741	0.274945873259943	0.0117999639931371	199.639904356232	0.267786123801477	0.529074381295575
COQ7	betareg	33	35	-0.0593966432123652	0.0557475463930367	0.286668933644577	0.287342818053705	0.00958880744945646	340.898033299996	0.268045936070553	0.529587701454076
VLDLR	betareg	33	35	-0.0648019271792783	0.0609043690599538	0.287331090892783	0.288410203232932	0.0131898426055428	227.612588043313	0.26854897312979	0.530581569310658
RBM17	betareg	33	35	-0.0640589303218605	0.0603049487525206	0.288122217750481	0.290072548419561	0.012827142220222	347.525210852831	0.269172062718354	0.531812629135121
ALPK3	betareg	32	32	0.142040302948134	0.133907434311551	0.28881034713897	0.290006387693922	-0.0329582080071631	81.5946953637462	0.269698432582034	0.53285259642695
AKAP11	betareg	33	35	0.140384735351586	0.132397189373263	0.28899441475685	0.298089472242088	-0.00129673633614589	378.885131637519	0.269753845568928	0.53296207779716
NAA15	betareg	33	35	-0.0961818434812652	0.0907592635116656	0.289259783324473	0.290102754494444	0.0222718484227166	237.683097062448	0.269791138405665	0.533035758554934
SLC9A7	betareg	33	35	0.0869084255349198	0.0820165040770608	0.289305871950187	0.30086564888555	-0.0137684212694813	1548.14991262841	0.269791138405665	0.533035758554934
ZSWIM6	betareg	33	35	0.0847558782866434	0.0800021600595036	0.289408602819435	0.292272339029761	-0.0158921775060341	187.256267561942	0.269791138405665	0.533035758554934
HEATR3	betareg	32	33	-0.139606467610566	0.131902113932718	0.289868730954124	0.288159755948415	0.0166239689933418	73.1599659408136	0.27003244476046	0.533512515933374
RPS15A	betareg	33	35	0.107431205780723	0.10151267720451	0.289917168733278	0.292008836224457	-0.0220376537853315	539.078485162401	0.27003244476046	0.533512515933374
FAM8A1	betareg	33	35	-0.0447496644811548	0.0423040735965524	0.290142154869012	0.291534130172093	0.0101922990678619	1011.44641407285	0.270050649844488	0.533548484352617
ACADSB	betareg	33	35	-0.0482632378713896	0.0456298179832847	0.290186444567162	0.292001006167656	0.010627593661032	334.401507462717	0.270050649844488	0.533548484352617
CPEB1	betareg	33	35	0.070585939992657	0.0668031420506799	0.29068228760938	0.292535515648853	-0.011592181859525	364.156148003667	0.270282512725889	0.53400658393142
BAZ2B	betareg	33	35	-0.0682119274847415	0.0645567914347286	0.290685540422299	0.292221138832327	0.0122895376648628	195.895366056115	0.270282512725889	0.53400658393142
ALDH5A1	betareg	33	35	0.0501917662056509	0.047552951641566	0.291200307062762	0.29913510917672	-0.00516509024739338	1365.63434027512	0.270634776737747	0.534702564221513
KDM5A	betareg	33	35	0.149358970926101	0.141540019195953	0.291314666395432	0.306106463474673	-0.0222538443619853	156.735937040604	0.270634776737747	0.534702564221513
TENM1	betareg	33	35	0.0992275912832497	0.0941655301188144	0.291994161802112	0.294355437543449	-0.017544675548516	430.511176960895	0.271092180699169	0.53560627317572
NF1	betareg	33	35	-0.0891813640374141	0.0846429541476921	0.292057715071244	0.299376590163592	0.0201543469199428	275.515364726046	0.271092180699169	0.53560627317572
CAVIN1	betareg	33	35	0.144737830898473	0.137538904527453	0.292643118709831	0.299380140960372	-0.024141715602071	147.522791932754	0.271519029022101	0.536449612289622
ZNF621	betareg	33	34	-0.128731976820336	0.122541367050212	0.293479775917937	0.297842512420903	0.0118486728524311	303.258566612656	0.272178528435783	0.53775260827502
FBXO32	betareg	32	35	0.137027316778766	0.13063468495405	0.294207952637834	0.296382009947478	-0.0281586291904671	60.49116342539	0.27273689881187	0.538855800094927
C4orf33	betareg	33	35	0.0831677699053238	0.0793990068914407	0.294884648857301	0.295745315870201	-0.0143902276119134	169.418887153997	0.273247087672617	0.539863798015101
DMWD	betareg	33	35	-0.0482139935082262	0.0460882495559446	0.295504091041729	0.297407407836763	0.0108661629683723	542.542066834615	0.273619146361993	0.540598887339718
ARL1	betareg	33	35	0.0509608300369786	0.048717520301824	0.295539199818765	0.29629571012142	-0.00951661248182257	811.620454246174	0.273619146361993	0.540598887339718
DESI2	betareg	33	35	-0.105987816322298	0.101367278517135	0.295753997222263	0.297168031249908	0.0198093866553965	328.028545650668	0.27370084584877	0.54076030386424
PHTF2	betareg	33	35	0.119973678901126	0.114786989520782	0.295937316702739	0.291895211445591	-0.0100391624786443	288.817992037014	0.273753357162282	0.540864052297178
ARID2	betareg	33	35	0.101858211513998	0.0974892542126863	0.296108592860546	0.299509127746425	-0.0119027796814433	174.811588474397	0.273794687803164	0.540945710685383
SGPP2	betareg	33	35	0.126597548507711	0.12120809808537	0.296270562337147	0.299256865308996	-0.0249380026848699	119.559854623712	0.273827381440151	0.541010304643859
STAMBP	betareg	33	35	0.114911902228522	0.11010294345318	0.296634885995932	0.300674729413222	-0.0227909533615945	287.526775319285	0.274046992639036	0.541444198146354
ALDH7A1	betareg	33	35	-0.0629752438475288	0.0603580867923509	0.296781358716241	0.29432267958671	0.00491433735611203	860.999799475464	0.274065240016264	0.541480250125747
TCTA	betareg	33	35	0.0400635751194966	0.0384302059204496	0.297178895156296	0.299047262860572	-0.00909472164626227	1713.17118664413	0.274315219766474	0.54197414383391
KLF12	betareg	33	35	-0.0888726400371632	0.0853853589310865	0.297949034494874	0.299530118609579	0.0126917701645033	385.356883447153	0.274908775915164	0.543146853411517
BICD1	betareg	33	35	0.0959506266009373	0.0923251859289573	0.298680036024461	0.296952214238268	-0.0177972967871175	933.148776267259	0.275465729931227	0.54424724687954
RTP1	betareg	29	34	0.159725942285566	0.153784183258752	0.298973592526075	0.296677451015763	-0.00775785822693685	157.554201968313	0.27561893561583	0.544549940692207
C12orf73	betareg	33	35	-0.128955538958865	0.124207861880921	0.299165947434876	0.309785302329156	0.00680930997630807	706.997482499852	0.275678754380089	0.544668126710364
ARHGAP26	betareg	33	35	-0.0722453146668779	0.0696780805735945	0.299808466231299	0.30281399370676	0.0107033972124118	464.155578411224	0.276124936823476	0.545549664920146
CBLB	betareg	33	35	0.0984133385678262	0.0949352818209096	0.299905490965931	0.303516638479783	-0.0135315849955812	200.169775919826	0.276124936823476	0.545549664920146
LINGO1	betareg	33	35	-0.050337983932123	0.048577464978986	0.300089502279954	0.300365782651824	0.00370577378207729	6620.8982047685	0.276176785170631	0.545652103507337
GREB1	betareg	33	35	-0.0720352514167835	0.0695699035265374	0.30046487906597	0.304276899870121	0.0138305597894031	192.09498399683	0.276346408346987	0.545987233930864
MEF2A	betareg	33	35	0.0681956040540911	0.0658814095256236	0.30060975889533	0.30170952944544	-0.0150697382232326	488.043801185874	0.276346408346987	0.545987233930864
CADM2	betareg	33	35	0.0774757983125102	0.0748540209114019	0.300657140519383	0.302134428423096	-0.0185278415985715	1415.01106155097	0.276346408346987	0.545987233930864
HNRNPA0	betareg	33	35	-0.133888856776404	0.129491011076497	0.301153668462464	0.295992646007475	0.00336416760895922	2433.62195366496	0.276629963806809	0.546547464339142
ME2	betareg	33	35	-0.0762851161595808	0.0737897267745875	0.301221455305097	0.299405222680699	0.0121557474160851	559.191595777606	0.276629963806809	0.546547464339142
MCUR1	betareg	33	35	-0.0746487014892504	0.0722416778382076	0.30145461791088	0.301119002743031	0.0107401412449	464.477954430316	0.276697956004292	0.546681798894292
SAMD12	betareg	33	35	0.121563914065435	0.117667672132922	0.301551369060109	0.303360117363179	-0.0301002978060505	228.742336673149	0.276697956004292	0.546681798894292
KATNBL1	betareg	33	35	-0.0882825116550655	0.0855154667066099	0.301904792933905	0.303185541495961	0.019829853251572	165.945461918033	0.276904769339993	0.547090407212289
ZNF639	betareg	33	35	-0.0879596612261718	0.0853093817814992	0.302509550697383	0.306152650901814	0.00782692076797492	525.780078858735	0.277341831139109	0.547953925447188
SCML1	betareg	33	35	0.130675612210115	0.126776143709624	0.30265399329248	0.311199344936305	-0.0274445127339463	59.5110194010829	0.277356682786063	0.547983268363884
ECPAS	betareg	33	35	-0.0468456674254588	0.045505544388057	0.303268421200884	0.305208531850545	0.0103001679309557	337.141131158636	0.277787400408978	0.548834252188669
PALM2AKAP2	betareg	33	35	0.063948314269563	0.062133381864988	0.30338088080263	0.304045500367488	-0.0100946723207003	553.036699038388	0.277787400408978	0.548834252188669
CWC25	betareg	33	35	-0.14805421557816	0.143980463389937	0.303811653964265	0.308597731211678	0.0238581572705795	79.1786239108955	0.278064109155375	0.549380955306519
ATRX	betareg	33	35	-0.100998385782779	0.0983324061839036	0.304367769924663	0.306331085898605	0.0025857688671968	858.206321653844	0.278403836458363	0.5500521663838
GPR158	betareg	33	35	0.108944825236052	0.106084997577182	0.304440293353075	0.307626604645882	-0.0282699296295227	106.738487165008	0.278403836458363	0.5500521663838
RIMS2	betareg	33	35	0.0970960096556979	0.094622593300828	0.304825688974328	0.309233913522555	-0.0186596526446278	169.503037294902	0.278448056119701	0.550139532710446
ZNF429	betareg	33	35	-0.143116154320595	0.139480710356584	0.304861354611995	0.316294954649003	0.0114259029168426	328.601231038489	0.278448056119701	0.550139532710446
TIGD5	betareg	33	35	-0.115865271584218	0.112965648753633	0.305048017021134	0.310001207268105	0.0217108989569397	140.701876158602	0.278448056119701	0.550139532710446
SET	betareg	33	35	0.0392794171877611	0.0383083133352516	0.305198217796871	0.306996690547794	-0.00874119075764085	1896.86958327952	0.278448056119701	0.550139532710446
SORD	betareg	33	34	-0.139466354919479	0.136051787976318	0.305317160088118	0.300367135170091	0.0123561498466417	108.126257654604	0.278448056119701	0.550139532710446
VWC2L	betareg	33	35	-0.0557160687376243	0.0543528618658462	0.305325119569429	0.309703857670729	0.00811238401154751	309.441740517294	0.278448056119701	0.550139532710446
BPTF	betareg	33	34	0.0967947645241307	0.0944391292395922	0.305389883358104	0.303817284490965	-0.0151014354523787	189.132460204109	0.278448056119701	0.550139532710446
UQCRB	betareg	33	35	0.0772838428120856	0.0754347589461047	0.30559333650643	0.312774279994877	-0.0176246474130942	1504.27551593894	0.278516142137879	0.550274052630415
PPM1H	betareg	33	35	-0.0397858851437421	0.0388569400928297	0.305879298619261	0.307570027278073	0.00851637842890977	1208.8007693644	0.278652781162993	0.550544015116323
LSM4	betareg	33	35	0.0794990944513421	0.0776624313368901	0.306000944512349	0.312714374111297	-0.00224842534771711	3129.95981723032	0.278652781162993	0.550544015116323
AGO1	betareg	33	35	-0.0997160894343447	0.097464437355765	0.30625948247641	0.314787123151254	0.00457926149347269	510.187602124657	0.278770835669529	0.550777259520917
TGFBR1	betareg	33	35	-0.0659752152053538	0.0645093817825862	0.306438930713764	0.307904839363037	0.0119775833449454	1779.93689379661	0.278816830188011	0.550868132494704
C9orf72	betareg	33	35	0.0403151137467702	0.039434320095625	0.306622035956017	0.308244425194486	-0.00920750798964176	560.155946559859	0.278836536639684	0.550907067218349
VSTM4	betareg	33	35	-0.0653831894385899	0.06396746355004	0.306718444397953	0.309255553425465	0.013112095416835	321.829755395145	0.278836536639684	0.550907067218349
FNDC5	betareg	33	35	-0.0683918272107379	0.0669960736515931	0.307333394471148	0.309076608642846	0.0150697699597275	418.850405503745	0.279130593390406	0.551488045393192
SP4	betareg	33	35	-0.0747464598982713	0.0732282481566857	0.307381146351137	0.309673511958803	0.0169388687500384	114.668685705717	0.279130593390406	0.551488045393192
GRPEL1	betareg	33	35	0.0583875302749171	0.0572140346857509	0.307486352978982	0.307678249216545	-0.00421920055442139	1329.90124651426	0.279130593390406	0.551488045393192
DBNL	betareg	33	35	-0.0704087714248669	0.0690039102682991	0.30755815871097	0.318194173136414	0.0111115456148474	1421.26025903619	0.279130593390406	0.551488045393192
PAIP2B	betareg	33	35	0.10270596288584	0.100699281919681	0.307762864869013	0.317329307455004	-0.0157480663839774	224.414929893187	0.27919921567127	0.551623624826045
DGKH	betareg	33	35	-0.133114814915564	0.130691233907935	0.308419346334432	0.306636269133821	0.0281128308256913	180.24669147911	0.279677454344383	0.552568497646552
HDDC3	betareg	32	35	-0.139390955162509	0.137040068520823	0.309079823387653	0.316592274594465	0.00179036137617838	307.534520936752	0.280158913863495	0.553519734004796
METTL16	betareg	33	35	-0.0990356493162382	0.0975081416792353	0.309788732273392	0.310078164037451	0.0244838685394868	129.128031489903	0.28068385160726	0.554556871807376
PDCD6IP	betareg	33	35	-0.0640680395438623	0.0631436822840635	0.310277964997749	0.308617908692611	0.0120030649737046	423.278825142082	0.281009395630235	0.555200060483828
C19orf12	betareg	33	35	-0.0497240474898634	0.0490424290247894	0.310631165164272	0.312256310983084	0.00356716079225485	2301.11814749469	0.28121151810214	0.555599400898675
GTPBP1	betareg	33	35	-0.0670123721785531	0.0661690789067974	0.311182206003136	0.31070721011475	0.012028290022301	646.831832984954	0.281592499824396	0.556352119770459
PKD2	betareg	33	35	0.0876697047323774	0.0866112491766775	0.311432510789327	0.3098199298893	-0.0174388084479052	96.9956578237313	0.28170113703443	0.556566758094017
GATAD1	betareg	33	35	-0.0745460480359324	0.0737004912066676	0.31179015527292	0.311524833397472	0.0158424889066985	164.154903931552	0.281765296102576	0.556693519401891
YOD1	betareg	33	35	0.0776746224725119	0.076796140236083	0.311806293284275	0.314363356415254	-0.0179381903487741	207.878125942699	0.281765296102576	0.556693519401891
PLCB1	betareg	33	35	0.0694262076753901	0.0686534965686527	0.311894286320648	0.310103384748991	-0.0140406638156625	354.148548079724	0.281765296102576	0.556693519401891
PCYT1B	betareg	33	35	-0.0896150859077369	0.0887816678516065	0.312788938094833	0.315752956047834	0.0216128524408678	304.662870843425	0.28240747187227	0.557962288459864
CDC42SE2	betareg	33	35	0.0343104261873829	0.0339967738402432	0.312866286718894	0.315101691145009	-0.00753630214756643	655.18697336367	0.28240747187227	0.557962288459864
CHD2	betareg	33	35	-0.130533011160249	0.12937576757929	0.313001096156875	0.32372374346414	0.00907152875974934	414.589906723216	0.282411289242261	0.557969830570849
C1orf109	betareg	33	35	0.085981923233191	0.0852710934005476	0.313293129758577	0.319546776158183	-0.00924132448507885	194.663927639146	0.282556902812256	0.558257524377982
JAKMIP2	betareg	33	35	-0.0537667627885328	0.0534612326490886	0.314552692745646	0.316352614145376	0.0119513232744567	393.421007879193	0.283564000193502	0.560247281787078
NEURL1	betareg	33	35	-0.047067785820643	0.0468163263550678	0.314718146297007	0.314172953839344	0.00927706841111492	459.928761145139	0.283564000193502	0.560247281787078
POLR1F	betareg	33	35	0.0878424180122828	0.087399401936491	0.314863689324613	0.31623441004561	-0.0199811154094122	178.61877390211	0.283564000193502	0.560247281787078
FAM133A	betareg	33	35	-0.121735307187076	0.121184842536456	0.315117266265358	0.323245765526162	0.0166357193052434	81.9461165929944	0.283564000193502	0.560247281787078
KDSR	betareg	33	35	-0.115263904167533	0.114753952803472	0.315164714586368	0.314033867189879	0.00499237804802107	497.346465765668	0.283564000193502	0.560247281787078
SAMD8	betareg	33	35	-0.0891745077601969	0.08878580499491	0.31519645808943	0.311502284657006	0.0163070011557308	1330.87279619763	0.283564000193502	0.560247281787078
GGCX	betareg	33	35	0.0920222679217821	0.0917185503838913	0.315710633602451	0.31623119645288	-0.00562775892825382	1066.55334879336	0.283810257654836	0.560733821239329
MAL2	betareg	33	35	0.0418489914514381	0.0417297556092299	0.315929701123884	0.316043301018244	-0.00649403940825432	702.824397927279	0.283810257654836	0.560733821239329
PHF21B	betareg	33	35	-0.116591159259686	0.116274091628187	0.315992647997975	0.319810419557119	0.0112881895384074	88.9122052385507	0.283810257654836	0.560733821239329
RUNDC3B	betareg	33	35	-0.0709088484255461	0.07071637063741	0.315995095142594	0.314937869931345	0.0154195031837626	748.189917889675	0.283810257654836	0.560733821239329
NFE2L1	betareg	33	35	-0.0680448861189002	0.0680598503116079	0.31741692286661	0.316088584086901	0.0133879218055563	1741.40521084228	0.284827139114708	0.562742909393693
KIAA1549	betareg	33	35	-0.0812659557479678	0.0812873919817898	0.317438144506788	0.326281692704148	0.0113520112009767	872.872553397427	0.284827139114708	0.562742909393693
TMCC1	betareg	33	35	-0.0724685705966252	0.0725070713545384	0.317567545679878	0.313323573622013	0.0126741382883198	823.50694279265	0.284827139114708	0.562742909393693
RPP25	betareg	33	35	0.07704944471734	0.0771041655760046	0.317654083186892	0.325359555689862	-0.0109618652693191	549.18744662531	0.284827139114708	0.562742909393693
PLEKHG2	betareg	33	35	-0.104784219711939	0.104902086530936	0.317854564574973	0.327057777974945	0.0207596529430182	125.839520876987	0.284888789298972	0.562864713812209
NUDT4	betareg	33	35	-0.0684294128500367	0.0685396108324918	0.318089214396607	0.318456031077241	0.0144513502507637	556.063023391693	0.284936548568698	0.562959073466558
ZNF704	betareg	33	35	-0.10869291847171	0.108905669992591	0.318256830003435	0.335025720118341	0.00352189814739229	710.712533762363	0.284936548568698	0.562959073466558
ST6GAL2	betareg	33	35	-0.0731354020265126	0.0732855602727606	0.318303094194993	0.31819411660951	0.0161910033863325	584.51626333669	0.284936548568698	0.562959073466558
GPN2	betareg	33	35	0.089714589721269	0.0899839798846225	0.318761479608475	0.320333525129207	-0.0207830420355573	148.246373980418	0.285098359932448	0.563278769819556
EIF3L	betareg	31	34	0.151196685495181	0.151676090553181	0.318842526695538	0.311692373995214	-0.000597620111432625	689.418250448985	0.285098359932448	0.563278769819556
ARPP19	betareg	33	35	0.0291576511543947	0.0292584312614958	0.318980305775392	0.32072821796223	-0.00655232725936133	3563.06189245016	0.285098359932448	0.563278769819556
DOCK5	betareg	33	35	-0.0772034898744672	0.0774777324183659	0.319026513411897	0.320807729895708	0.0173672790568858	136.934653364477	0.285098359932448	0.563278769819556
TOP3A	betareg	33	35	-0.113481282149795	0.113911799332912	0.319142967875765	0.31832246932726	0.0168589323337183	195.14144373053	0.285098359932448	0.563278769819556
PCGF2	betareg	33	35	-0.0540363747914861	0.0542761187346597	0.319452854709972	0.32059948256384	0.00995563539995233	249.473256558079	0.285153394854362	0.563387504233601
B4GALT5	betareg	33	35	-0.120730173214981	0.12126968166022	0.319468271181375	0.341503365674651	0.016868562049683	1164.56404412024	0.285153394854362	0.563387504233601
LPP	betareg	33	35	0.0890580357544046	0.0895417003628196	0.319931605140478	0.327085824450046	-0.00425022157411012	411.707194496198	0.285378203558201	0.563831666627847
PACSIN2	betareg	33	35	-0.0386902045724975	0.0389045418851454	0.319984037344378	0.321682681173941	0.00866645209269467	491.571010396583	0.285378203558201	0.563831666627847
TCEANC	betareg	33	35	0.0820534332934631	0.0825606879478779	0.320292988700294	0.322414637744779	-0.0188921515051603	79.5541537913453	0.285439001319598	0.563951786884785
ZNF660	betareg	33	35	-0.144380031141176	0.145293703973287	0.320363320184269	0.320778852944422	0.0278948441116752	98.7889457592872	0.285439001319598	0.563951786884785
MARCHF5	betareg	33	35	0.0740224136897538	0.0745039048812346	0.320448148503688	0.322531856855558	-0.0105330155004115	497.940690545217	0.285439001319598	0.563951786884785
DNAAF9	betareg	33	35	-0.0812964877195729	0.0818557667022545	0.320628330424332	0.32002279662912	0.0169332116057617	1041.50707129075	0.28548191921613	0.564036581269317
NME6	betareg	33	35	0.0710317190655953	0.0716081316803772	0.32122169290467	0.32226765196253	-0.015312612568295	469.622431093056	0.285892539217911	0.564847857523314
DNM3	betareg	33	35	-0.0548976940453875	0.0554209785132023	0.321901451098258	0.327627406420548	0.00832280941301489	3122.87782121086	0.286379683361561	0.565810325192455
UBA2	betareg	33	34	-0.129451000740741	0.130775209083997	0.322235629147945	0.322090159210419	0.00648928653498032	539.439938867329	0.286559107873324	0.566164820456073
EMB	betareg	33	35	0.0635376605176731	0.0644243679141771	0.324017091877231	0.326891839254787	-0.0123640458751499	322.590937751035	0.288024903538408	0.569060844057299
MGAT4C	betareg	33	35	-0.0619219014758367	0.0628062840431378	0.324172919353771	0.324053683016942	0.0114989488352594	907.449857232803	0.288045030632968	0.569100609859763
SIM1	betareg	31	32	0.122416480995948	0.124230158474019	0.324427302261799	0.325116736222783	-0.0256248087192213	78.0359123028392	0.28815267702061	0.569313290580973
NIPA1	betareg	33	35	-0.0377452552243833	0.038324980193972	0.324686239283109	0.326578356317391	0.0082630615418578	2008.47354511433	0.288264278280289	0.569533785080757
ASB7	betareg	33	35	-0.0748906457218167	0.0761064119581413	0.32510300327809	0.323956638568835	0.0137016890472248	180.511823419699	0.288515853048697	0.570030830121985
ZNF354C	betareg	33	35	0.096687446025705	0.098324549435393	0.325435207915661	0.327698209236174	-0.025050633356097	134.655465338891	0.28869220918751	0.570379263094184
TSEN34	betareg	33	35	0.108879682469523	0.110810720233269	0.325817368825994	0.33374825305815	-0.00383526785390812	801.51731612229	0.288912718543323	0.570814931116636
LHX9	betareg	33	35	0.0821835467696169	0.083671924289544	0.325995542542478	0.333078531031377	-0.00885826670709222	989.136684280452	0.288952239293659	0.570893013640987
XPO5	betareg	33	35	-0.0646081506647419	0.0658670812616306	0.326648566803905	0.326231658030949	0.00924890401040211	360.179142353714	0.289376194588226	0.571730636897883
ZNF26	betareg	33	35	-0.11731127203464	0.119620121275881	0.326741449872368	0.331984363880857	0.0142829992506484	244.262288799619	0.289376194588226	0.571730636897883
POLR3D	betareg	33	35	0.086938045702647	0.0886855061571751	0.326940035535515	0.329911937528323	-0.0197263657089955	276.36674201526	0.289433547383888	0.571843950815905
ZMYM4	betareg	33	35	0.052882110632298	0.0540306243021312	0.327706839827932	0.329983647501752	-0.0110584914394258	339.596560862553	0.289993680136983	0.572950624625513
ZBTB21	betareg	33	35	0.113251171194017	0.115762963512293	0.327924842380649	0.328599565215613	-0.00526742998049229	437.331238843193	0.290067908795434	0.573097280774034
HIPK2	betareg	33	35	-0.0707441191850828	0.0724268415052772	0.328684718606836	0.328022409065056	0.014465672171813	1316.66564164989	0.290513464108803	0.573977579941173
ASH2L	betareg	32	35	0.0984787171262951	0.100866176401688	0.328900746135225	0.331306183446279	-0.00367787117739115	704.049970697487	0.290513464108803	0.573977579941173
ZNF585B	betareg	33	35	-0.121399241018158	0.124352356776145	0.328939584154037	0.33340647540288	0.0261293605880756	248.536558168847	0.290513464108803	0.573977579941173
PRKAR1B	betareg	33	35	-0.0451771699422687	0.0462864027612903	0.329046897316702	0.330577483690322	0.00955120816275126	1297.69792220794	0.290513464108803	0.573977579941173
SPPL3	betareg	33	35	-0.0816254349712643	0.0836387939151915	0.329100180401562	0.318745607369539	0.00386962827433437	2119.83585076568	0.290513464108803	0.573977579941173
CISD2	betareg	33	35	0.0435652731923468	0.0447041651055381	0.329796524079011	0.332604016837885	-0.00763025882477683	1266.54477799065	0.29080462964417	0.574552845841033
NIPAL3	betareg	33	35	-0.0415397403914336	0.0426311951692047	0.3298590892638	0.334016233749933	0.00654476287703186	1996.07100328494	0.29080462964417	0.574552845841033
CHD6	betareg	33	35	0.0639687974003804	0.0656553572721865	0.329901686398514	0.332631540729791	-0.013783207790366	263.227051437913	0.29080462964417	0.574552845841033
LRCH3	betareg	33	35	-0.126643772915316	0.13000056852677	0.329967864192346	0.33416190829249	0.0229484223406312	72.6847820226776	0.29080462964417	0.574552845841033
TMPO	betareg	33	35	-0.108300344926021	0.111229138928237	0.330221001467999	0.332145251540138	0.0282163131778054	111.266402955778	0.290909177659017	0.574759404999087
BHLHE40	betareg	33	34	0.0862892964568245	0.0886828746360101	0.33054848559177	0.331783282840999	-0.0196388763667102	80.9770985935469	0.29097299359162	0.574885488362106
NUDT12	betareg	33	34	0.0955575576262229	0.0982191430212252	0.330602228777059	0.320809772282353	-0.0102941062259868	123.044291840489	0.29097299359162	0.574885488362106
FAM210B	betareg	33	35	-0.07083083379465	0.0728179785095923	0.330697058365096	0.3324742967595	0.0154682357391557	131.592027779044	0.29097299359162	0.574885488362106
USP8	betareg	33	35	-0.088097739803918	0.0907147869845583	0.331473179764842	0.330769207458714	0.0171875930730963	175.851519753763	0.291537278048383	0.576000364837401
EPDR1	betareg	33	35	-0.0222894020334925	0.0229715890693587	0.331895477055988	0.333617045711618	0.00499687216896058	767.660123451249	0.291697426457316	0.576316775632587
TRAF4	betareg	33	35	-0.100523796192136	0.103623133661386	0.332001486606686	0.339020360256071	0.0115995694359437	287.469460326753	0.291697426457316	0.576316775632587
SLC35D1	betareg	33	35	-0.122231759157614	0.126061558105147	0.332236133129562	0.329106865989511	0.0231621625898007	183.933027092604	0.291697426457316	0.576316775632587
ZNF250	betareg	33	35	0.0785789869004721	0.081063266552986	0.332368686113164	0.333497897837103	-0.0132239647156373	557.462930749202	0.291697426457316	0.576316775632587
ANXA11	betareg	32	35	0.153768935674486	0.158630806933376	0.332370077789599	0.326822662125807	-0.0197516875205961	81.9183820649548	0.291697426457316	0.576316775632587
TRAF6	betareg	33	35	0.0983246970765566	0.101453344335601	0.332464510164832	0.339016284399906	-0.00829595408068043	184.556722056762	0.291697426457316	0.576316775632587
ITPRIPL2	betareg	33	35	0.156639026914752	0.161718828672949	0.332750453211088	0.33423763688048	-0.0461694455032598	100.260710072377	0.29182991750285	0.576578542810617
FAN1	betareg	26	28	-0.177266088649686	0.183075371350653	0.33291036467504	0.380917086532116	0.00588741929191776	132.745828558094	0.291851813301565	0.576621803103545
CDS1	betareg	33	35	-0.0770177734639767	0.0795801572153238	0.333143653005	0.334752725692727	0.0122526908858732	161.622251801874	0.291937992431327	0.576792070214897
TMEM108	betareg	33	35	-0.0507983912922535	0.0525261859407927	0.333491030087953	0.335241340029308	0.0111791231907444	157.947409447634	0.292124038674845	0.577159648264813
PTDSS1	betareg	33	35	0.0897563362869415	0.0928491608402132	0.333699130008128	0.331370546311034	-0.00379978963231595	2075.6397718886	0.292187982762292	0.577285984827826
GABRG1	betareg	33	35	-0.0886311497995469	0.0917778237176905	0.334187200026347	0.333740095175401	0.0189991385990018	169.463631041636	0.292496918563637	0.577896360061748
AMMECR1L	betareg	33	35	-0.0695376786905568	0.0720486168149036	0.334469991001618	0.333490140346376	0.0138014911911147	459.068801725957	0.292534819214492	0.577971241699068
RSBN1L	betareg	33	35	-0.0743524433550288	0.077053802988398	0.334573911354566	0.334200923828653	0.0146934989411468	118.240825526613	0.292534819214492	0.577971241699068
ARHGAP23	betareg	33	35	-0.0460658628781911	0.0477456807615072	0.334636286441258	0.336127058771544	0.00953950203257606	324.820585866017	0.292534819214492	0.577971241699068
TMTC3	betareg	33	35	-0.0512764917352766	0.0533471995095003	0.336459498454841	0.335388567246614	0.00903811193289538	331.208357188961	0.2940098082939	0.580885429049509
RSF1	betareg	33	35	-0.0810466613328857	0.0844492166173728	0.337201763323553	0.336917466503475	0.0176913969196405	319.561263951022	0.294364046423796	0.581585309673438
MAP2K4	betareg	33	35	-0.0378709753614312	0.0394623445734507	0.337219449285165	0.338292367524094	0.00817968691958724	2889.15453155547	0.294364046423796	0.581585309673438
LSM3	betareg	33	35	-0.124075747756254	0.129303897106578	0.337273203222743	0.358685910756349	0.00498815935747345	871.202011593148	0.294364046423796	0.581585309673438
CIT	betareg	33	35	-0.0423260332066441	0.0441397941628242	0.337604735088673	0.340189375480446	0.00912463362722687	356.976429464878	0.294534539785309	0.581922159352118
TAF11	betareg	33	35	0.0242541683624056	0.0253075936109821	0.337873630496419	0.33941661030299	-0.00395505029345403	737.59805294004	0.294650272124965	0.582150815770645
MAP9	betareg	33	35	-0.071374871377998	0.0745021472911545	0.338050479108361	0.339938932301821	0.015825334440114	296.110105400104	0.294650359289831	0.582150987985309
FAM241A	betareg	32	33	0.148982641449591	0.155541106876435	0.338146209262704	0.344355757821099	-0.0038807351733057	203.688770040727	0.294650359289831	0.582150987985309
LDLRAD4	betareg	33	35	0.0587253559006559	0.0614082658705983	0.338915498004143	0.340346924781252	-0.0116742340891324	420.456210890138	0.295201757136348	0.583240403935442
CCND2	betareg	33	35	-0.0548434876633003	0.0575307230011538	0.340442939010569	0.346162803533459	0.00533741404808715	1792.50854660801	0.296411899373324	0.585631324145268
KLF13	betareg	33	35	-0.105002090078977	0.110178038975586	0.340578946992977	0.341866593216592	0.0208613872662684	156.778768475291	0.296411899373324	0.585631324145268
ATXN7L3B	betareg	33	35	0.0949881037568679	0.0997178271901932	0.340808526671059	0.345552794452534	-0.000776256357204886	14261.0729902018	0.296474357499961	0.585754724843698
ARHGEF3	betareg	33	35	0.0388479750639251	0.0407921531729318	0.34092487729611	0.342292122672297	-0.00839109625993495	391.263320660657	0.296474357499961	0.585754724843698
OPCML	betareg	33	35	-0.0645787381900012	0.0679270105443604	0.341752731759414	0.345492638472084	0.0137887586504617	762.884563768757	0.297074823440315	0.586941086337611
IGF1R	betareg	33	35	-0.0626108993615716	0.0659424997251757	0.342377967654939	0.342123161428225	0.00944895914404861	666.940494770864	0.297498747745976	0.587778648368645
NMT1	betareg	33	35	-0.0474801454607325	0.0500767855037241	0.343054710389222	0.344543022434848	0.0046399282726856	1102.8777402463	0.297967068850989	0.588703926704074
SDK2	betareg	33	35	0.0970570133675591	0.10242136771986	0.343320569535024	0.354952888967785	-0.0126122725177596	442.68849280716	0.298078276008512	0.588923642562488
ARFGEF2	betareg	33	35	-0.098354623813952	0.10384504624694	0.343573200995613	0.345164727438143	0.016968771061041	461.511524944884	0.298177913963498	0.589120500744082
GALNT2	betareg	33	35	-0.0709889614512948	0.0750449519500252	0.344172803598446	0.344237738795798	0.0114303111891192	773.289500099383	0.298578478090858	0.589911909256381
ZNF559	betareg	33	35	-0.124885962816353	0.132091084264086	0.344427458227263	0.34086994008396	0.0117210064482064	272.339057658802	0.298679590026606	0.590111679633158
TGFB2	betareg	33	35	0.10420975008747	0.110303510229742	0.344784168378649	0.346534921923685	-0.0214136955768273	72.8315696592102	0.298869085647522	0.590486072738264
CBX3	betareg	33	35	-0.0393881558552901	0.041711127804466	0.345012227810784	0.346820344990658	0.00775085727003779	1215.96623885642	0.298946955870119	0.590639923652035
RWDD4	betareg	33	35	-0.0820259530120256	0.0870865789713645	0.346249106562048	0.344965986279827	0.0129513160402806	79.4014134392805	0.299898537639998	0.592519996932172
ENY2	betareg	33	35	0.0552591409898309	0.0587593963651746	0.346996674616816	0.351016363942802	-0.00834483893226706	1080.6317876283	0.300133469371151	0.592984159744427
ZNF473	betareg	33	35	-0.059463216306343	0.0632456064455151	0.347117437751779	0.348792228856084	0.011480299282893	516.36323130352	0.300133469371151	0.592984159744427
SGPP1	betareg	33	35	0.0790272928675875	0.0840598827226122	0.347150422638681	0.351254322728651	-0.00315993069829721	359.77486633965	0.300133469371151	0.592984159744427
SPART	betareg	33	35	0.134693018841258	0.143306087766313	0.347270192751546	0.345695981136705	-0.0141994606018216	134.396339439609	0.300133469371151	0.592984159744427
LRRC3	betareg	33	35	-0.0587397736352108	0.0625272784116712	0.347511883767826	0.349349847624919	0.0132088474184657	332.371980847125	0.300133469371151	0.592984159744427
IVD	betareg	33	35	0.0691322475916028	0.0736048846568379	0.347610355637627	0.346157566250097	-0.0142449997115299	520.08470759632	0.300133469371151	0.592984159744427
HDX	betareg	33	35	-0.0751720946531802	0.0800604144287405	0.347760466008885	0.350280930147562	0.0150195639640603	97.599248853968	0.300133469371151	0.592984159744427
CALD1	betareg	33	35	-0.0579351140512966	0.0617117190729858	0.347832172547189	0.351764025068579	0.0108101999976368	206.96946892307	0.300133469371151	0.592984159744427
MRPS23	betareg	33	35	0.0724167515582779	0.0771491017243903	0.347905498154155	0.34971752187396	-0.0142513743230016	717.521421299013	0.300133469371151	0.592984159744427
WDR33	betareg	33	35	-0.0844703854616487	0.0899909112193912	0.347908094659321	0.346482338778239	0.0136164187719188	418.044008319589	0.300133469371151	0.592984159744427
MYSM1	betareg	33	35	-0.110516546921433	0.117923055966896	0.348659794321516	0.363989904379751	0.00894023908169372	212.557577012099	0.300662016877093	0.594028429479999
CARHSP1	betareg	33	35	0.0715866110683591	0.0765637120361821	0.349791393591879	0.351024157404354	-0.0162915594169286	784.697016262149	0.30144966995999	0.595584623137808
G3BP1	betareg	33	35	-0.0886932967974358	0.0948934121051984	0.349962350711986	0.349086193552255	0.00686256246425256	955.460016018375	0.30144966995999	0.595584623137808
SAR1B	betareg	33	35	0.0646515208892021	0.0691895461329155	0.350091568760995	0.351706496762944	-0.0119125972296511	777.200274856034	0.30144966995999	0.595584623137808
LAMTOR3	betareg	33	35	0.0421356129953956	0.0451166990637553	0.350342583967014	0.351748852339102	-0.00934657925240649	1415.89842971935	0.30144966995999	0.595584623137808
CARF	betareg	33	35	-0.0750548499223647	0.0803747470587353	0.350401221022998	0.352150619265428	0.0168507331009902	105.253821363619	0.30144966995999	0.595584623137808
PIP4K2A	betareg	33	35	0.139135202392086	0.14907319347382	0.350647121680588	0.363754591746974	-0.0152990822542793	654.979703596487	0.30144966995999	0.595584623137808
ARSA	betareg	33	35	0.125367722283947	0.134331469748509	0.350679844620203	0.354263606212993	-0.0272412719067987	84.5077702384112	0.30144966995999	0.595584623137808
MAN2A1	betareg	33	35	0.0703650822619593	0.0753974768024143	0.350688254578686	0.351923603530541	-0.0166244386807	264.122305134205	0.30144966995999	0.595584623137808
TLK2	betareg	33	35	-0.0920989428078736	0.0987155668874212	0.350833991590706	0.348653529548164	0.0160785450735573	276.975993498075	0.301455129449345	0.595595409641274
SYNRG	betareg	33	35	-0.0929963512794701	0.0997515702236896	0.351192061587121	0.355389969614204	0.0100569804177675	195.72521346884	0.301476768998929	0.595638163653861
ATF7	betareg	33	35	-0.0853384635456833	0.0915490999031337	0.351253535870073	0.347786053491373	0.0198127921283923	320.677011286957	0.301476768998929	0.595638163653861
PPM1D	betareg	33	35	0.0726008715726767	0.0778883632377037	0.351277363072251	0.35488612749141	-0.016146600274135	117.288383563732	0.301476768998929	0.595638163653861
ZNHIT6	betareg	33	35	-0.0782772696208128	0.0840267916094971	0.351556138967137	0.359098341241164	0.00845020249944185	211.076902453374	0.301596341745369	0.595874407697968
DELE1	betareg	33	35	-0.076411333734723	0.0821184048084352	0.352111268019236	0.359173579466409	0.00861586314445829	263.124100953466	0.301873111348802	0.596421231053186
PSMC2	betareg	33	35	0.12106216659053	0.130126301431437	0.352193230640133	0.363522755098309	-0.000462200562005734	819.102634012647	0.301873111348802	0.596421231053186
SGIP1	betareg	33	35	-0.0411508939881363	0.0442415111164582	0.352297492903871	0.353761875407592	0.00920925073546089	463.261950838311	0.301873111348802	0.596421231053186
AGPS	betareg	33	35	-0.0425270357426788	0.0457443891988812	0.352543676562682	0.358523870464268	0.00162863767286913	1116.57314874441	0.301964421460625	0.596601635624689
SYP	betareg	33	35	0.0897370170868275	0.0967339301662648	0.353579568141248	0.357073184410247	-0.00260942979172765	3938.59281988236	0.302731800439106	0.598117773027535
PDSS2	betareg	33	35	0.0541957708794469	0.0584659954235524	0.353946132734034	0.351352974346502	-0.0104113987438202	209.471718385433	0.30292572681594	0.598500920131589
STIMATE	betareg	33	35	-0.0460060141511834	0.0497093045464109	0.354705331513645	0.356611836255658	0.00654543417464311	674.780718719121	0.303455403843447	0.599547421502296
DNASE1	betareg	33	35	-0.0208058541911837	0.0224888305432715	0.354880657961888	0.356264124385822	0.00450195550100313	1545.63534756072	0.303485348503705	0.599606584211605
KAT6A	betareg	33	35	-0.0936518388572583	0.101423852053214	0.35581392396776	0.35163753373112	0.0121038256577141	378.490405999245	0.303604886583031	0.599842759762687
RUNX1T1	betareg	33	35	-0.048496011416213	0.0525253775825507	0.355857530568697	0.349527544583829	0.002238805498361	4746.92296330934	0.303604886583031	0.599842759762687
CXADR	betareg	33	35	0.0770042534523789	0.0834066702634313	0.355882902504894	0.354442643498948	-0.0175609130354642	4841.47181603395	0.303604886583031	0.599842759762687
PLCL1	betareg	33	35	0.0586549587774504	0.0635434775548272	0.355971703589623	0.357234971945054	-0.0137255675578951	297.350505173693	0.303604886583031	0.599842759762687
TIMM21	betareg	33	35	0.116367340060328	0.126095734984056	0.356085830546431	0.354826697966283	-0.00366668055466891	474.824263683791	0.303604886583031	0.599842759762687
CNTN1	betareg	33	35	-0.0342124632453172	0.0370889328253139	0.356297032123613	0.359016696502145	0.00712381322952322	4869.30162389784	0.303604886583031	0.599842759762687
FRS2	betareg	33	35	-0.0520127136539671	0.0563937640394989	0.356365224402804	0.359781453420383	0.0105173815223304	339.628515267244	0.303604886583031	0.599842759762687
STARD3	betareg	33	35	-0.108233691988742	0.117350258892747	0.356365234320932	0.35624107253534	0.00220563290393004	476.546966943915	0.303604886583031	0.599842759762687
COMMD8	betareg	33	35	0.106833854860399	0.115841489679474	0.356402505154645	0.360161019819907	-0.0181195664287982	96.3410784960868	0.303604886583031	0.599842759762687
WDR3	betareg	33	35	-0.0908199356878521	0.0985090682586262	0.356557303370795	0.366746270492374	0.00698440687111103	256.190811168772	0.303604886583031	0.599842759762687
ITM2B	betareg	33	35	-0.0988501201410376	0.107220746765088	0.356564617317394	0.351239877526455	0.00455285309019487	3449.54830376328	0.303604886583031	0.599842759762687
WNT5B	betareg	33	35	-0.0327822158815421	0.0355818028670903	0.356883539750529	0.358677010581856	0.00728464547234061	230.36396832594	0.303756850881969	0.600143000926412
ZNF234	betareg	33	35	0.0898230617770403	0.0975761875274632	0.357289151432906	0.358450736019742	-0.010193747540611	223.562203696819	0.303982451035429	0.600588727015267
NAA25	betareg	33	35	-0.0686894269075209	0.0747072329331412	0.357861215554176	0.35938340949406	0.0134383476684078	149.645813840285	0.30434943619795	0.601313792395987
LRRC49	betareg	33	35	-0.0645877238831853	0.0703746925733143	0.358739720867737	0.3630287389523	0.014261714655318	275.164440454352	0.304976648768583	0.602552998139875
WDR45B	betareg	33	35	0.0209618171174025	0.0228760857002192	0.359499029101525	0.361017897593961	-0.00468437951449023	1128.53785789746	0.305502074829276	0.603591100727237
CHMP2B	betareg	33	35	0.0707793607334032	0.0773284945574992	0.360030157056441	0.363236722262756	-0.012691189719235	410.602389047823	0.305833256831291	0.604245428555448
UQCC2	betareg	33	35	0.0703791236446135	0.0769484035704426	0.360387232776637	0.3614779956675	-0.0151262156240985	646.281530144635	0.306016385428667	0.604607242110157
SYT16	betareg	33	35	-0.0779485333387279	0.0852600782310205	0.360588535572728	0.360225525177243	0.0157156557604989	514.47737961976	0.306067150397243	0.60470754022852
GCFC2	betareg	33	35	-0.0796897314198223	0.087200714418006	0.360787482027601	0.36383970187696	0.0150764367283666	66.2504225453227	0.30611587625936	0.604803809613157
ANKIB1	betareg	33	35	0.0732496018155914	0.0802773944472239	0.361528645787606	0.362126507466789	-0.0160856520735342	402.830703225862	0.306516267367841	0.605594876286025
XRN1	betareg	33	35	-0.103517633015093	0.113452786427058	0.361542833935326	0.363767156586253	0.0285427980508388	110.93334215431	0.306516267367841	0.605594876286025
STC2	betareg	24	29	0.208886174968237	0.229102744572402	0.361896320159177	0.36111238154112	-0.045325705292818	69.8265326084626	0.306695727548543	0.605949442022008
NUP93	betareg	33	35	-0.0434083804524283	0.0476538240256112	0.362342402511364	0.363982800929516	0.00938598651392973	900.053688924309	0.306953488705219	0.606458709726228
IPPK	betareg	33	35	-0.0734836770991502	0.0807549634192838	0.362844319772415	0.366513954917771	0.0127123565712549	240.479727745174	0.307171730316781	0.606889897287298
OSTM1	betareg	33	35	0.0444991714678691	0.0489064628623738	0.362884083212976	0.361350793686758	-0.00723588416391192	1117.74455822941	0.307171730316781	0.606889897287298
URB1	betareg	33	34	-0.122927583745776	0.135271139597312	0.363482356006655	0.375513664033233	0.0113967933362613	132.912762752648	0.307557777469464	0.607652624106587
WDR1	betareg	33	35	0.0268709875675945	0.029605751562643	0.364075179759099	0.365917877047596	-0.00582955925481379	2138.34345768026	0.307726243148893	0.607985467623077
PDPK1	betareg	33	35	0.0724762391404867	0.079877616340868	0.364226480186227	0.366870827284512	-0.0177653440066389	807.275750976473	0.307726243148893	0.607985467623077
MDM2	betareg	33	35	0.0443861752727292	0.0489290557767741	0.364325510055874	0.365763281879082	-0.00976840615567745	451.267703988102	0.307726243148893	0.607985467623077
FAT3	betareg	33	35	0.0730237031857233	0.0804998942879831	0.364339145102902	0.363927560298413	-0.0170461245524862	328.955346411234	0.307726243148893	0.607985467623077
HIVEP3	betareg	33	35	0.131145176595424	0.144619916141119	0.36449853852231	0.369569012902441	-0.0052174535705407	826.946426219542	0.307726243148893	0.607985467623077
ZSCAN30	betareg	33	35	0.0473811279306564	0.0522533748754335	0.364535166873467	0.366495781021185	-0.0110724146931419	217.688382201189	0.307726243148893	0.607985467623077
ETFA	betareg	33	35	-0.125698478071985	0.138675867794591	0.364713980056563	0.366005935784848	0.0121724841365905	623.211262809804	0.307757066444239	0.608046366282362
MTRR	betareg	33	35	0.0561268740735134	0.0619617519427964	0.36502532424465	0.36714864555624	-0.0111218047771612	108.696529603221	0.307899655887765	0.608328085217391
CREBL2	betareg	33	35	0.0239971724057692	0.0265097471735897	0.365348467399318	0.366996550140862	-0.00479134040966166	861.173265647875	0.307944859684612	0.608417395934875
ZBTB8B	betareg	33	35	-0.0985935335249028	0.108920024997143	0.36536368779988	0.367025381215024	0.0167240013906454	256.226700023777	0.307944859684612	0.608417395934875
SLC30A8	betareg	31	35	-0.158232433306985	0.175125129920975	0.366239752322642	0.368722059035922	0.0231739744341399	63.0532389893376	0.308527284004428	0.609568111970058
ZDHHC14	betareg	33	35	-0.0428830521504604	0.0474843156994572	0.366473196819856	0.367529973473851	0.00738766152279639	1144.29327168596	0.308527284004428	0.609568111970058
DPF1	betareg	33	35	-0.0828574289475283	0.0917645898060759	0.366560572614302	0.375268625480946	0.00783280018251641	189.77634776642	0.308527284004428	0.609568111970058
EML5	betareg	33	35	0.0776253640984468	0.0859816968370837	0.366625332965844	0.374517013772843	-0.00877602383409977	380.254469497089	0.308527284004428	0.609568111970058
NDUFAF6	betareg	33	35	0.0537766084259576	0.0596105284587538	0.366986367247066	0.366732145378211	-0.0120145827396501	183.924827965808	0.308710985228453	0.609931056883202
ARHGAP12	betareg	33	35	-0.0513312614957774	0.056948399520554	0.36739458882405	0.367112349874583	0.0110431165484534	293.108147703498	0.308907501009011	0.610319319962475
U2SURP	betareg	33	35	-0.0688410526080866	0.0763919788448166	0.367505642467458	0.365402940327744	0.0122847853249357	264.342744402741	0.308907501009011	0.610319319962475
C15orf61	betareg	33	35	0.115959213425105	0.128747126248871	0.367761576444309	0.375294056617823	-0.0178647736297419	283.595975139154	0.309002532493654	0.610507076980005
FMNL3	betareg	33	35	0.0378525097929605	0.0420636743668741	0.368180945009159	0.370689023327896	-0.003439220506266	856.590378791894	0.309201447302471	0.610900079903053
WNK3	betareg	33	35	0.0807300432066255	0.0897307688652912	0.368284251305936	0.36944317693067	-0.0225544828544037	383.559233209312	0.309201447302471	0.610900079903053
ABCD2	betareg	33	35	-0.0858606507963183	0.0954783273282957	0.368509669373111	0.368569235551688	0.00688561213641685	142.743284918167	0.309270643705031	0.611036793648158
RANBP2	betareg	33	35	-0.0533694156338257	0.0594171528984975	0.369070600273734	0.372407377139765	0.00954819523600528	271.043909640771	0.309550061136923	0.61158884841038
ELOVL2	betareg	33	35	0.0746446446598129	0.0831373052920947	0.36926670991453	0.370294727608449	-0.00829889530085361	162.522593689709	0.309550061136923	0.61158884841038
ATG4B	betareg	33	35	0.0225559452088817	0.0251225149312143	0.369271993657566	0.370528569399759	-0.00499416136834151	903.880708975498	0.309550061136923	0.61158884841038
PPM1K	betareg	33	35	-0.0513304532488975	0.0572185107231512	0.369668101838325	0.370079818229508	0.0107695853867453	473.880933772164	0.309723780299027	0.611932071415757
ST3GAL2	betareg	33	35	0.0362482119888748	0.0404144382087359	0.369765646710855	0.371484516443388	-0.00760316120348335	653.639852674065	0.309723780299027	0.611932071415757
SLITRK5	betareg	33	35	-0.0737097080355123	0.0824002614776081	0.371037074001085	0.374902639219598	0.012087451173611	1187.18743755624	0.310668434711619	0.613798458074578
ZNF175	betareg	33	35	-0.098648382500734	0.110428755257313	0.371685021625509	0.375553319028341	0.0181833497729795	147.429002050716	0.311014130585503	0.614481461465474
NOPCHAP1	betareg	33	35	0.0738413095798712	0.0826701874702218	0.371748147216651	0.368916432616998	-0.0152060978683663	343.812644515377	0.311014130585503	0.614481461465474
CASZ1	betareg	33	35	-0.0600337962010989	0.0672692310753605	0.372156791776887	0.375002607878699	0.0134208050583935	159.084253023418	0.311014130585503	0.614481461465474
PDLIM5	betareg	33	35	-0.156123656501086	0.174962893385084	0.37221908677203	0.373191220200857	0.0336687894734079	50.0636793149885	0.311014130585503	0.614481461465474
RMI1	betareg	33	35	0.0636062843435186	0.0713117023715714	0.372421150468923	0.373674361630087	-0.00923815050369226	373.937858436439	0.311014130585503	0.614481461465474
CYCS	betareg	33	35	-0.0651297473139408	0.0730209723443862	0.372429341713446	0.374052093444176	0.00818091739904126	4979.47232818135	0.311014130585503	0.614481461465474
OXNAD1	betareg	33	35	-0.0803406258503213	0.0900799581186821	0.372456584412726	0.372957361277888	0.0170217179120744	83.8511701516678	0.311014130585503	0.614481461465474
SH3BP5	betareg	30	34	0.125122856433717	0.140352911087815	0.372667730442909	0.385618778876602	-0.00155884322111961	1345.96734513611	0.311070340445315	0.614592517245291
GNG12	betareg	33	35	-0.0722307318199387	0.0811389611444767	0.373353022170645	0.37483196393822	0.0163696117333575	309.003360428558	0.3112613108294	0.614969824091408
ADGRL3	betareg	33	35	0.0693642537897056	0.0779245216461237	0.373387133745027	0.37798566199042	-0.00979139008085191	1182.75330373314	0.3112613108294	0.614969824091408
NUP214	betareg	33	35	-0.0735702171559008	0.0826676129083386	0.373491597364107	0.375341829530132	0.0160437894180014	77.3341022727283	0.3112613108294	0.614969824091408
SDHAF4	betareg	33	35	-0.0393755078373424	0.0442793744093375	0.373867836869357	0.376471241865322	0.00853364257960251	265.017342048281	0.3112613108294	0.614969824091408
ABCB1	betareg	33	32	-0.0974135749843091	0.109553990102402	0.373904593414279	0.375470093137947	0.0166238454452595	58.258682834614	0.3112613108294	0.614969824091408
ADAM12	betareg	33	35	-0.127003990123402	0.142875846189515	0.37405061672645	0.370305392876436	0.0171926726806727	195.475115295073	0.3112613108294	0.614969824091408
FPGT	betareg	33	35	0.0766382616378324	0.0862312375851679	0.374135899209822	0.372870205067278	-0.0142340721322354	119.660964722961	0.3112613108294	0.614969824091408
RSPO2	betareg	33	35	0.0594592189642928	0.0669122022048777	0.374209766438854	0.382806467741349	-0.00760503334520563	283.054795269375	0.3112613108294	0.614969824091408
POLR3H	betareg	33	35	0.0191917897120258	0.0216126650729976	0.374547144565978	0.37564735427604	-0.00429614534721421	3673.26372388924	0.3112613108294	0.614969824091408
GMPS	betareg	33	35	-0.10816937730233	0.121831477880966	0.374615704217575	0.384889191175044	0.00664956256167991	155.458436964085	0.3112613108294	0.614969824091408
TRAK2	betareg	33	35	-0.113392107753325	0.127722222771778	0.374647001836436	0.375212293656953	0.0207617456634909	783.136013106818	0.3112613108294	0.614969824091408
PAK5	betareg	33	35	-0.0666859253877814	0.0751286215957375	0.374743341814528	0.377667834511509	0.0135872265247837	321.588475040206	0.3112613108294	0.614969824091408
ALG2	betareg	33	35	0.0624671341003715	0.0703854465668614	0.374809381827522	0.381681936495979	-0.00759168813533701	647.118086805537	0.3112613108294	0.614969824091408
ERBIN	betareg	33	35	-0.0674674774789998	0.0760358710830642	0.374911395216035	0.371017595321597	0.00822395480593499	223.969487744849	0.3112613108294	0.614969824091408
GGACT	betareg	33	35	0.100581643121644	0.113460888152633	0.375354962817421	0.384641061859886	-0.0124503213713313	137.676799504017	0.311361207230416	0.615167192893835
PLXNA3	betareg	33	35	0.0894553208976252	0.10091921607738	0.375399202174727	0.373348481081301	-0.0151076699636124	456.381778882071	0.311361207230416	0.615167192893835
JMJD6	betareg	33	35	0.0618007524930219	0.069730060782215	0.375463617848612	0.377143860876113	-0.0134319289287066	212.20658781667	0.311361207230416	0.615167192893835
RPF1	betareg	33	35	-0.0986111373883483	0.111343236453226	0.375806159243389	0.386017336981899	0.0185733256686506	287.23182328493	0.311525816899337	0.615492417955923
FMR1	betareg	33	35	0.0699165800370352	0.0789700137691658	0.375964624655199	0.378339835372772	-0.00972921532054312	462.379381099409	0.311537768470917	0.615516031092592
ZNF302	betareg	33	35	0.0675186207368952	0.076299067234285	0.376199425720022	0.373142974263107	-0.0130404196021521	746.823830996088	0.311612941120727	0.615664552317754
DIP2A	betareg	33	35	-0.0497522517910847	0.0563051040849809	0.376901995415602	0.378926751651127	0.0100496241108978	196.619413228179	0.312075369279082	0.616578187753013
SRC	betareg	26	28	-0.145775121407077	0.165089016890076	0.37723129859086	0.380090803273575	0.00167710359032624	1024.76094537648	0.312112733325343	0.616652009201927
DGAT2	betareg	33	35	-0.0457680549830826	0.051847577637523	0.377375469314135	0.376967322560996	0.0092600988855401	178.705417468424	0.312112733325343	0.616652009201927
CDK16	betareg	33	35	0.0850782584633235	0.0963804137543974	0.377380061798043	0.382385597452171	-0.027666811896102	1024.93734223094	0.312112733325343	0.616652009201927
RAD18	betareg	33	35	-0.129191327043761	0.146525354361723	0.3779393485771	0.378490538622038	0.0417787703847134	66.045881153354	0.312397063191085	0.61721376963098
IL13RA1	betareg	33	35	-0.0540662113252861	0.0613298906245672	0.37801273932232	0.379241430194693	0.0117531029943687	236.316045212406	0.312397063191085	0.61721376963098
MMACHC	betareg	33	35	0.133648359518174	0.151702755965879	0.378324129704252	0.367411510670804	-0.000844277352384984	3162.98856963257	0.312491792731272	0.617400930086321
SPTLC2	betareg	33	35	-0.0507097476051606	0.0575711990994749	0.378416343528218	0.390734852133643	0.00423525586070617	1345.74323467613	0.312491792731272	0.617400930086321
PEX2	betareg	33	35	0.0592335638147241	0.0673493483097987	0.379131746158654	0.384142476863122	-0.00513034099223827	676.418256689332	0.312963066698523	0.618332042494629
PAIP1	betareg	33	35	0.0744583838823446	0.0847087347172578	0.379405077508713	0.37899835226651	-0.0172920660964924	252.69798479975	0.313069202319837	0.618541738342132
EARS2	betareg	33	35	-0.0906832236314133	0.103251880781299	0.379796191213373	0.391029033232046	0.00935695742697976	557.492266702695	0.313272408989696	0.618943220844677
GM2A	betareg	33	35	0.137263631250832	0.156391530229943	0.380110761111929	0.383480105097983	-0.00420175515632605	232.5798499268	0.313412348128991	0.619219703481233
UBE4A	betareg	33	35	-0.0572470984259236	0.0652454289864992	0.380263096584056	0.387035217234803	0.00245131031170527	1335.98966693247	0.313418464595226	0.619231787996827
NIT2	betareg	33	35	0.0763940842069379	0.0872390361791829	0.381200249823682	0.396743749918262	-0.0122090395748381	367.49703048052	0.313890643478081	0.620164688278443
CELF5	betareg	33	35	-0.0720781983250577	0.0823150528543368	0.38122679387716	0.393742759843036	0.00967662790705054	633.95922780511	0.313890643478081	0.620164688278443
DYNLL2	betareg	33	35	0.0853844282741895	0.0975446414126444	0.381390598375734	0.388394471904505	-0.0161956079062861	553.202145621296	0.313890643478081	0.620164688278443
CCDC97	betareg	33	35	-0.0492518266149009	0.0562912256887394	0.381602864335853	0.380670284985668	0.0107667346078564	316.292315715019	0.313890643478081	0.620164688278443
DDX3X	betareg	33	35	0.0273345587007098	0.0312427214836153	0.381623064809011	0.382619993240003	-0.00610487492902505	2215.23655429447	0.313890643478081	0.620164688278443
ALAD	betareg	33	35	-0.0343731505971147	0.0392961007829014	0.381725370493984	0.381771660153125	0.00481083796073207	561.576139626098	0.313890643478081	0.620164688278443
PCSK2	betareg	33	35	0.0587054314653541	0.067147938184271	0.381971204073831	0.380207971189378	-0.00810302712091062	1133.57979107277	0.313890643478081	0.620164688278443
SIK2	betareg	33	35	-0.0808939712731104	0.0925324687782022	0.381997065188126	0.379465045427043	0.0143994471059471	137.506480964127	0.313890643478081	0.620164688278443
TSN	betareg	33	35	0.0225939185815143	0.0258789349950609	0.382629203987559	0.383593825972774	-0.0044642310596858	1644.31205064503	0.314290666630483	0.620955027967656
ZNF654	betareg	33	35	-0.0822277035486969	0.0942339106029915	0.382885809100076	0.385739031210703	0.0183457623785996	104.297449268213	0.314382040725972	0.62113555895392
TMOD1	betareg	33	35	0.0269887104031914	0.0309692535707712	0.383498724988856	0.38496356721276	-0.0059459137522557	2171.32476311601	0.31471028243629	0.621784077545311
CLIC4	betareg	33	35	0.044750032124889	0.0513585870210153	0.383576603887067	0.384809500678491	-0.0100623602392588	532.613787559585	0.31471028243629	0.621784077545311
SUMO2	betareg	33	35	-0.0931189060663177	0.107012034214788	0.384206260802893	0.388522245708341	0.00123799200208794	2144.82243002669	0.315107352460331	0.622568582635859
BTBD7	betareg	33	35	-0.0729675407106654	0.0839306536730406	0.384639911382707	0.385298466738151	0.015250724474973	210.391475222916	0.315343427487579	0.62303500429807
USP15	betareg	33	35	-0.0437762060693274	0.0503772566901951	0.384864828462373	0.385871952707048	0.00913640322659359	493.419775575994	0.31540826024381	0.623163096634982
MTDH	betareg	33	35	-0.0510016856831841	0.0587535742861318	0.385360946848632	0.387436184138431	0.00972370454551963	226.567292160968	0.315631473156809	0.623604106169629
YTHDC1	betareg	33	35	0.0549025787939068	0.0632564439374909	0.385429076619235	0.384874503962998	-0.0122639445790757	190.885388668705	0.315631473156809	0.623604106169629
AGPAT5	betareg	33	35	-0.0278340547459024	0.032096720738056	0.385836216427304	0.386591853148156	0.00426572277375646	1326.30076938614	0.315845290683585	0.624026552912138
TTC33	betareg	33	35	0.0605821534831893	0.0699054449537717	0.386144788464204	0.387828042309478	-0.0131685491321279	472.751124320877	0.315966384907395	0.624265802992132
ACVR1B	betareg	33	35	-0.124810697507926	0.14405833412727	0.386276335855651	0.396287541537356	0.0436575803416704	691.917375840514	0.315966384907395	0.624265802992132
XRCC5	betareg	33	35	-0.0240810943449841	0.0278158312765996	0.386636376167618	0.388334692434459	0.00517381807584903	1315.58536960425	0.316141321410008	0.624611431139595
AKAP13	betareg	33	35	-0.0826129901132857	0.0954892504028455	0.386953791306401	0.390699942295161	0.0178894031040313	325.73324799962	0.316281285493007	0.624887963058296
RBL2	betareg	33	35	0.0868139563992312	0.100430652592249	0.387358895813553	0.39485216899687	-0.00788038996494802	197.164841945604	0.316492790694197	0.625305841258524
DNAJC15	betareg	33	35	0.0453357058101423	0.052484786416588	0.387704600619593	0.38921145242321	-0.00987438679818743	412.500707067049	0.316655621765763	0.625627552283807
EIF4H	betareg	33	35	-0.0252208194263108	0.0292197192466286	0.388058410138706	0.388743413789219	0.00235713777298447	3005.15962570511	0.316824946880981	0.62596209381755
GNA13	betareg	33	35	0.0399234602673749	0.0462989898792643	0.388524338568486	0.3899999104037	-0.00804329205325918	685.685857299803	0.316984546269373	0.626277419893711
PAQR8	betareg	33	35	-0.0415788750450656	0.0482210702120161	0.388547025541359	0.388140623850686	0.00531489739310891	1037.17262412252	0.316984546269373	0.626277419893711
ZFYVE9	betareg	33	35	0.157063533948061	0.182335377749271	0.389018260533198	0.388169572128416	-0.0177788950278359	53.1524495800188	0.317158512332028	0.626621130709115
PARD6B	betareg	33	35	0.0813458989281299	0.0944416494263238	0.389053559506502	0.391868919311407	-0.0124377031749056	228.793403614948	0.317158512332028	0.626621130709115
RBFA	betareg	33	35	0.0942584416933341	0.109626484257684	0.389891300279194	0.392633889689632	-0.017294374003279	215.890009851071	0.317655006856513	0.627602072251676
MSH3	betareg	33	35	0.0755436078284852	0.0878724133242768	0.389956354277604	0.390879902271579	-0.0173260223804374	52.4474180368686	0.317655006856513	0.627602072251676
NADK2	betareg	33	35	-0.0407514009862733	0.0474196618478176	0.390132156516485	0.392211686491026	0.00823669078352949	291.13305489311	0.317678560867818	0.627648608733035
ABLIM1	betareg	33	35	-0.0495088171478901	0.0576983510262755	0.390857705738492	0.394336621131036	0.00614078165708547	4342.41769841268	0.318145911082561	0.628571968846709
GABRQ	betareg	33	35	-0.114697699178383	0.133740622320007	0.391106182475182	0.390439958390727	0.0221094882959141	179.608644943206	0.318145911082561	0.628571968846709
ACTR10	betareg	33	35	0.054587039820858	0.0636555053885036	0.391147405842125	0.3955647713185	-0.00350145492184912	1550.77900443362	0.318145911082561	0.628571968846709
NSFL1C	betareg	33	35	-0.0884342453923557	0.103159900733106	0.391304482718497	0.393527464188983	0.0127216108625688	1261.29060892261	0.318154020280714	0.628587990472232
LMBR1	betareg	33	35	-0.0386087862220432	0.0450600576676649	0.391539125335344	0.388801460698641	0.0047010367177723	2072.61808498272	0.318225165284523	0.628728554136763
ANKS1A	betareg	33	35	-0.0507646806019966	0.0592739305834116	0.391753370031329	0.394594195699392	0.0097426756642647	1001.12380722935	0.318279684562982	0.628836269776059
PARPBP	betareg	33	35	0.106599900853506	0.124560037807974	0.392102106205082	0.390466201000042	-0.00453758709467268	51.693496759647	0.318443389348031	0.629159707027531
CCNT2	betareg	33	35	0.0920652726013614	0.107635959620145	0.39236330471061	0.391259322072888	-0.00253737495359685	905.620855635077	0.318535904722539	0.629342492878542
MAP3K13	betareg	33	35	0.0554546501485341	0.0648718521257256	0.392643178092214	0.396532816239918	-0.00955531241824973	459.311040627601	0.318643505974329	0.629555084423276
PAWR	betareg	33	35	-0.150955108847269	0.176727509198649	0.393011516657085	0.393301553644519	0.0260185209683049	65.48680277812	0.318677034420521	0.629621327743405
RIOK3	betareg	33	35	0.0558113040746466	0.0653540076597658	0.393113624112617	0.394676697049041	-0.0125880098573668	817.762703251378	0.318677034420521	0.629621327743405
ANO3	betareg	33	33	-0.145910270631177	0.170862899223642	0.393126539297778	0.396108767171971	0.0311938673007285	73.2187152196477	0.318677034420521	0.629621327743405
UBTF	betareg	33	35	-0.0629165807989561	0.0737342636530611	0.393499474415885	0.39881638476884	0.00643575526582702	426.818547644279	0.318853738620185	0.629970448391564
SEC24A	betareg	33	35	-0.0645058934543013	0.0756191997328913	0.393639386193652	0.39752543827472	0.0104511176028263	217.53817797892	0.318853738620185	0.629970448391564
NYAP2	betareg	33	35	-0.131258492630425	0.153998849090298	0.394028604871578	0.394937547595169	0.031951353744507	71.1962613387604	0.319049517318327	0.630357255191408
MAPKAPK2	betareg	33	35	0.112951627222817	0.132564864421968	0.394187453015388	0.39175807944762	-0.0103560656642184	57.754152220373	0.319058685600907	0.630375369286959
MAML3	betareg	33	35	-0.0613382580537257	0.0720273273397227	0.394437788500528	0.398454759025443	0.011842629392202	646.425630744952	0.319141869954535	0.630539719514686
USB1	betareg	33	35	0.0275330406430312	0.032450070386624	0.396174052750411	0.397305336865062	-0.0059612697047469	1736.56249192634	0.320410931272536	0.633047048207136
RRBP1	betareg	33	35	0.0533933685810189	0.0629599328244769	0.39640837823874	0.397776463370864	-0.0122397386756113	59.4022727594108	0.320410931272536	0.633047048207136
SYT13	betareg	33	35	0.0637372830156497	0.075163918508532	0.396450714018791	0.39990418990623	-0.0143946419981684	1155.41324415662	0.320410931272536	0.633047048207136
ZBTB5	betareg	33	35	-0.0538156077692863	0.063524794123101	0.396906444094118	0.398982240977023	0.0116429713382653	356.684624265625	0.320626833636016	0.633473614034211
KLHDC2	betareg	33	35	-0.0605926956652749	0.0715534944000858	0.397097285415689	0.400783712040307	0.01072102992801	761.467251846479	0.320626833636016	0.633473614034211
HMCES	betareg	33	35	-0.0422548046479414	0.0499201874959032	0.397303297802441	0.399137385103861	0.00746872297777561	745.702716174538	0.320626833636016	0.633473614034211
DNAJC24	betareg	33	35	-0.0822495188046412	0.0971718406138459	0.397310855514085	0.402758747441399	0.012913632981003	327.203167590384	0.320626833636016	0.633473614034211
CHST9	betareg	32	35	0.111971736366084	0.132464858729688	0.397946768905168	0.405148016602812	-0.011911405230969	59.9668880338318	0.321020227231274	0.634250855476233
FKBP9	betareg	33	35	-0.0445381199890737	0.0527793250865748	0.398750197411036	0.40125353584053	0.00877885314052558	518.953366580125	0.321548410081707	0.6352944047492
ODR4	betareg	33	35	-0.0662920695264324	0.0785910926115743	0.398945430714479	0.39857888298397	0.0123841375121636	153.71207881827	0.321585939110137	0.635368552159138
ZNF880	betareg	32	35	0.126002543006793	0.149549439419585	0.399481426231888	0.403680482370607	-0.025483935194687	232.797468657412	0.321850123657095	0.635890510779493
SF3A1	betareg	33	35	-0.046919768997812	0.0556985237983406	0.399570798371856	0.400969854576167	0.0105050063237401	341.977113555656	0.321850123657095	0.635890510779493
UBQLN4	betareg	33	35	-0.0393166370190215	0.04669633704771	0.399808077103033	0.402685884118158	0.00685471419705341	313.049594837755	0.321921352987164	0.636031241050358
CELSR2	betareg	33	35	0.0524196812305062	0.0622951751629252	0.40008324469899	0.40866396791996	-0.0106081204085302	600.448216999436	0.322023025670031	0.636232119314769
GOLGB1	betareg	33	35	-0.0369406170052488	0.043947767696143	0.400595987821097	0.402162795408271	0.0082403014101738	181.304257712475	0.322263057172164	0.636706357922354
MCTS1	betareg	33	35	0.0812468384473779	0.0966754310250392	0.400679474948095	0.405461389729742	-0.0182962831904383	601.714310193091	0.322263057172164	0.636706357922354
SAYSD1	betareg	33	35	0.0580736701836814	0.0691533378651878	0.401031099542126	0.397361602890358	-0.0122605577842915	349.021394652309	0.322425960284002	0.637028211280114
MACROD2	betareg	33	35	0.0824673609820594	0.0984481097547196	0.402214167208816	0.404572620459331	-0.00961356618084691	228.194201878346	0.32325696783225	0.638670061866693
TLE4	betareg	33	35	-0.0455224648872214	0.0545494252326073	0.4039892760928	0.403299753839636	0.00775942036129664	232.782995060395	0.32456300099735	0.641250437126499
LCOR	betareg	33	35	0.0946588554460412	0.113602007889518	0.404703836367255	0.404225202219487	-0.0117661764027405	389.69302220228	0.32501634106022	0.642146116894646
EHD3	betareg	33	34	0.0796098826217904	0.0956066857665199	0.405024592635005	0.40506818244748	-0.00175588114940984	1493.21018437395	0.325114889562636	0.642340822606813
NT5DC1	betareg	33	35	-0.0459490462637261	0.0551940988942831	0.405127197969895	0.406527972089921	0.00767242580112703	251.843386560108	0.325114889562636	0.642340822606813
GNG7	betareg	33	35	-0.0515837320986177	0.0621079872414944	0.406228406674857	0.406389853896401	0.00772266680742395	546.712896741712	0.325789644584878	0.643673959629939
MOSMO	betareg	33	35	-0.0850359058138518	0.102394083775809	0.406269288350561	0.406784754263808	0.0154246930664331	202.883703184185	0.325789644584878	0.643673959629939
KCNN3	betareg	33	35	-0.0904653391251944	0.109004395316289	0.406581882453498	0.406100347814815	0.0214659973266167	108.546688226193	0.325919470380054	0.64393046097991
CBL	betareg	33	35	-0.0837387892699649	0.101051660125049	0.407289429165279	0.400943223469981	0.0109866738408972	713.74198275432	0.326365680017071	0.644812052917093
SOD2	betareg	33	35	-0.037218213102646	0.044984355285895	0.408033588026084	0.409966448838943	0.00790775239381428	1788.21727475424	0.326811721563836	0.645693312752505
SNX2	betareg	33	35	-0.0597411273661615	0.0722246851934787	0.408148288730287	0.406528217351787	0.00608632519005637	473.313013084854	0.326811721563836	0.645693312752505
NDUFA5	betareg	33	35	0.0888087577709021	0.107529562586743	0.408860335073573	0.414059704496251	0.00013161428793767	4779.4826017412	0.327088509577625	0.646240172481705
SRRD	betareg	33	35	0.0292585036323435	0.0354449264519417	0.409108327218043	0.409611982730477	-0.00590914080629346	1066.22451614442	0.327088509577625	0.646240172481705
JAZF1	betareg	33	35	0.0313854735362356	0.0380237724442232	0.409134806761579	0.411648835643817	-0.00626020596928952	830.014453806906	0.327088509577625	0.646240172481705
NUFIP2	betareg	33	35	-0.0792491302302189	0.0960367974509117	0.409260624731656	0.40892475895376	0.0177328014565512	395.600637611763	0.327088509577625	0.646240172481705
FRMPD4	betareg	33	35	-0.0685613312785693	0.0831075996891835	0.409388248786853	0.409445593000748	0.0152072535656174	500.256909022406	0.327088509577625	0.646240172481705
ALS2	betareg	33	35	-0.0590448816527491	0.0715760428945867	0.409414057229741	0.41378229454653	0.00989543363688173	225.03860212061	0.327088509577625	0.646240172481705
SMAD5	betareg	33	35	-0.0669284773482613	0.0811567918476891	0.409552629787142	0.41023163218375	0.0142017059476464	216.969325283201	0.327088509577625	0.646240172481705
ZBTB40	betareg	26	24	-0.142985660065108	0.173444888455166	0.409719866739631	0.42844812901624	0.00244334699415308	260.22416890044	0.327101282359974	0.646265408113121
IPO8	betareg	33	35	0.0572914346871539	0.0695373015643036	0.409999224836232	0.410576166820265	-0.0136081137326368	130.49929135661	0.327203524991379	0.646467412444731
MTUS1	betareg	33	35	0.0478337359067991	0.0580885111271733	0.410244786129568	0.412776148741262	-0.0111867491354212	166.709584824226	0.327246194989227	0.646551717047189
HNRNPLL	betareg	33	35	-0.0663388217245504	0.0805798114611386	0.410355313978932	0.409419508470219	0.0129535322878999	218.808304481122	0.327246194989227	0.646551717047189
KIF21A	betareg	33	35	0.0543455432754527	0.0661040556693397	0.41100794065382	0.41203418904969	-0.0122870525438183	834.579943295671	0.327645832050778	0.647341293923248
LATS1	betareg	33	35	-0.078298155984268	0.0952912715299093	0.411263680850245	0.415179463667351	0.0150268122304302	235.572784167224	0.327728902652779	0.64750541940792
SMG9	betareg	33	35	-0.0813146368182395	0.0990114419301008	0.41149531073083	0.413033338761937	0.00917639687741579	288.115768136904	0.327740030043821	0.647527404182363
FHIP2A	betareg	33	35	-0.0574419955861006	0.0699774225624481	0.41172334326896	0.414002072015509	0.00634775678234969	563.699006395326	0.327740030043821	0.647527404182363
F7	betareg	28	32	0.156727988865513	0.190998753966363	0.411890820058009	0.407626351037472	-0.0278353971606667	94.507798826973	0.327740030043821	0.647527404182363
MAN2A2	betareg	33	35	-0.0641729013390336	0.0782269019081695	0.412020527261554	0.405413007479911	0.00611274607550391	647.506944553552	0.327740030043821	0.647527404182363
PAQR3	betareg	33	35	0.0604011031981312	0.0736314050507514	0.412035340971647	0.416011509553457	-0.00449800983334203	1078.35730528764	0.327740030043821	0.647527404182363
OSBPL9	betareg	33	35	-0.0815403220979395	0.0994671288798145	0.41234635430407	0.429153347198977	0.00242457941941971	688.363658692928	0.327866831814026	0.647777930860768
ZNF461	betareg	33	35	-0.0836932189694432	0.102216890184788	0.41291153269533	0.410717745237223	0.00749655404460934	193.30399221398	0.328143904000939	0.648325352040716
MED28	betareg	33	35	-0.0410165469499928	0.0501039670853141	0.412998270127505	0.414254979923366	0.00850132094779343	1067.73340574258	0.328143904000939	0.648325352040716
PAPPA2	betareg	32	35	0.11035708330986	0.134873435559146	0.413227594407133	0.408886989768848	-0.00459680748268464	114.364035591864	0.328205536315662	0.648447121153757
ATG14	betareg	33	35	-0.0565935338120778	0.0692046804536919	0.413488347453466	0.414156799252396	0.0122730486089874	142.111175447385	0.328292076476634	0.648618101567056
PRTFDC1	betareg	33	35	0.0733025989169722	0.0898425743438143	0.414557061510076	0.416929635976315	-0.0204206140315178	105.443185091643	0.328991449627799	0.649999877485817
CACNG2	betareg	33	35	-0.0764843419347099	0.0937656281855574	0.414673453317655	0.414655538403185	0.0180705502743565	485.062333247988	0.328991449627799	0.649999877485817
TMEM181	betareg	33	35	-0.0358494709457876	0.0439775067763959	0.414970755213543	0.418574614700541	0.00518772985273077	1197.13100188655	0.329030875896741	0.650077773339983
PSPC1	betareg	33	35	0.123044747188569	0.150960623293914	0.415027420002685	0.424343870696344	-0.0157506917036515	128.666007590275	0.329030875896741	0.650077773339983
KIF26B	betareg	33	35	0.0645881121649412	0.0792680197909952	0.41518297571767	0.417683034406293	-0.0084231522159327	803.349223955445	0.329032820824932	0.650081616002422
CABLES1	betareg	33	35	-0.093235741467033	0.114463915471659	0.415334147364056	0.419786016766033	0.0124837748247571	125.470833578681	0.329032820824932	0.650081616002422
POLR3E	betareg	31	34	-0.102969068398687	0.126541502907327	0.415806657036537	0.42570450402249	0.00811027175404399	182.772087176095	0.329286531023175	0.650582880086827
MTPAP	betareg	33	35	0.0526377956028215	0.0647504573011741	0.416256365886877	0.418635523708367	-0.0104682394284775	487.365668293237	0.329522005620768	0.651048115459234
IFRD1	betareg	33	35	-0.0872998963066756	0.107522045159434	0.416834349177838	0.428283079654773	0.00717775365616986	530.749479296758	0.329568614372901	0.651140201995861
ARMH4	betareg	33	35	-0.0452572536458789	0.0557469551225761	0.416887094818671	0.418844066981722	0.00949284705784216	502.834413325054	0.329568614372901	0.651140201995861
IL6ST	betareg	33	35	-0.0529363786898678	0.0652126301231797	0.416934867164696	0.419591499352695	0.00241887501054478	1484.88899442067	0.329568614372901	0.651140201995861
KRT222	betareg	33	35	-0.0577361496416686	0.0711848318914382	0.417323310601699	0.426643690615658	0.00526981947365889	610.519955586115	0.329568614372901	0.651140201995861
OSBPL10	betareg	33	35	0.0444552173847133	0.0548137524403488	0.417352426582493	0.42051268072216	-0.00759055752308405	428.711632731202	0.329568614372901	0.651140201995861
DNAJA4	betareg	33	35	0.0519244706856535	0.0640488895872214	0.417537651416555	0.419278126457549	-0.0115948341760446	498.883782926542	0.329568614372901	0.651140201995861
TUNAR	betareg	33	35	-0.02208460158751	0.0272459315396656	0.41761545806896	0.420308255328749	0.00337128065515655	1522.17530584635	0.329568614372901	0.651140201995861
MTMR3	betareg	33	35	-0.0490568729246827	0.0605414242878955	0.417766286939543	0.42154685057162	0.00643469667028805	775.304696324182	0.329568614372901	0.651140201995861
STARD13	betareg	33	35	0.0685351483452292	0.0845811998452705	0.417774554498859	0.421212659450709	-0.0128838302298607	102.240720623003	0.329568614372901	0.651140201995861
TIMM22	betareg	33	35	-0.0504078441832407	0.0622183955524076	0.417839090538884	0.421402606641339	0.00462546662106227	1361.19043218533	0.329568614372901	0.651140201995861
ACBD3	betareg	33	35	0.0416122054838208	0.0513817033964057	0.418018191750171	0.418313301882676	-0.00743972300211739	610.652009047366	0.329589679143122	0.651181820396821
MYO5A	betareg	33	35	-0.0317522848778124	0.0392328888998672	0.418326367302151	0.419535238127975	0.00710778231128732	484.446589448047	0.32971246113502	0.651424405059071
CDH4	betareg	33	35	-0.0482950616350784	0.0598033536960592	0.419341366371635	0.420829621121348	0.0112013080360209	644.125481006581	0.330322901182669	0.652630472744518
STAG2	betareg	33	35	0.0609685386115125	0.0755123225166788	0.419436910424295	0.418447889203833	-0.0131645533670607	156.032504387929	0.330322901182669	0.652630472744518
REL	betareg	33	35	-0.0946170680803003	0.117218355150005	0.41955907058956	0.421667427232709	0.0185305410234745	91.0458786771111	0.330322901182669	0.652630472744518
ARIH2	betareg	33	35	-0.0486131467793729	0.0602683473067577	0.419890300629456	0.420368550196904	0.0105325030461776	610.109371671742	0.3303818843738	0.652747007891715
TRIQK	betareg	33	35	0.0463475569620722	0.0574656560273454	0.419939509640609	0.418365210009195	-0.00585835963303136	541.688289504816	0.3303818843738	0.652747007891715
SLC25A3	betareg	33	35	0.064992099397264	0.0806489910424066	0.42032140748777	0.421478057059533	-0.008689820743093	2652.11872602313	0.33047270479782	0.652926444969952
KCNK12	betareg	33	35	0.0723187258452701	0.0897481952179361	0.420360554671738	0.421754510566446	-0.00981949847263156	919.164383350615	0.33047270479782	0.652926444969952
RAPH1	betareg	33	35	-0.0467421390693547	0.0580620765326791	0.420798138317322	0.421310047144203	0.0108347512166968	498.98717959648	0.3306935716402	0.653362819291078
FAF1	betareg	33	35	0.0573468593566701	0.0712579103169094	0.420947306695141	0.422415442950527	-0.0137031020204548	288.637929158075	0.3306935716402	0.653362819291078
PPP2R5E	betareg	33	35	-0.084252407688871	0.104872592454256	0.421755878566378	0.41713238119052	0.00564060864285161	1196.63547538704	0.331169163295182	0.654302462305574
STXBP5	betareg	33	35	0.0617495392215259	0.0768793736423074	0.421858947730367	0.422740971247894	-0.0111096208184046	203.644264196998	0.331169163295182	0.654302462305574
ZNF106	betareg	33	35	0.0416927863005141	0.0519671247319515	0.422384315297573	0.422302133026421	-0.00904231907857661	346.432578876944	0.331386376482769	0.654731617973538
VAMP4	betareg	33	35	-0.0436263644881494	0.0543839660418526	0.42244209472339	0.424631768748248	0.00694367050053513	499.72131741103	0.331386376482769	0.654731617973538
SEC62	betareg	33	35	-0.0549836783277778	0.0685870564849243	0.422748153067718	0.413837634231825	0.00312140561024859	1455.35364908869	0.331506223516718	0.654968403937041
PIWIL2	betareg	29	30	-0.123014199411772	0.15350202122284	0.422908863571578	0.426694561731788	0.0240398707855509	59.6349411031613	0.331512047635839	0.654979910852248
RAC1	betareg	33	35	0.035180658331363	0.0439351913136227	0.423282269698289	0.424624499032945	-0.0081236654717201	1594.06588310754	0.331623540368528	0.655200190931473
MTERF1	betareg	33	35	-0.0760176054135278	0.0949496700830306	0.423357764372056	0.438535450695678	0.0105022736061081	347.619137351865	0.331623540368528	0.655200190931473
ARHGAP35	betareg	33	35	-0.0573141076140867	0.0716380907205629	0.42368139888682	0.426059720483344	0.00960487997874495	1490.35405342278	0.331695452453685	0.65534227014537
HSPH1	betareg	33	35	-0.0696299006701662	0.087072240352683	0.423896413147138	0.420127275848172	0.00432804206104636	900.080720597032	0.331695452453685	0.65534227014537
RBPJ	betareg	33	35	0.0503391195307879	0.0629509059920007	0.42390967345701	0.425649639618009	-0.0112893899977174	601.655732731921	0.331695452453685	0.65534227014537
RBAK	betareg	33	35	-0.088924576645609	0.111331814873588	0.424444298600672	0.420265266365674	0.0100489215471101	329.116622781427	0.331993665657316	0.65593146036914
DENND5A	betareg	33	35	0.0410190088918387	0.0514674402001423	0.425457135547432	0.426443314066559	-0.00916089476816499	255.764124552195	0.332665577765289	0.657258980547424
POLE3	betareg	33	35	0.0379308163830425	0.0476305766221984	0.425826109807658	0.424864568506571	-0.00688837940472348	959.168879042672	0.332749410463744	0.657424611732631
FRY	betareg	33	35	-0.0767834967119397	0.0964283341799833	0.425872063018002	0.420595513538818	0.00528379863819578	963.204739483711	0.332749410463744	0.657424611732631
GSPT1	betareg	33	35	0.0436113739483319	0.0548475457142993	0.426533167073973	0.425669126975705	-0.00890948873634578	1215.14901327374	0.333145599160077	0.658207375553299
TLK1	betareg	33	35	-0.0452135459949373	0.0569348026769388	0.42712066286039	0.427736304783968	0.00723782644147884	454.941982899643	0.333484030493369	0.658876026138067
MOCS3	betareg	33	35	0.0541063173554691	0.0682094534409365	0.427639283362259	0.427552631939831	-0.00670031128353887	446.552251013133	0.333768461044677	0.659437985495104
SLC35F6	betareg	33	35	0.0800634283779815	0.101146977390258	0.428620005993209	0.431718370965154	-0.0101558581208122	530.358181210781	0.334413222658411	0.660711863495303
SEL1L3	betareg	33	35	0.033870219847089	0.0428194732700326	0.428943766754451	0.430479348801788	-0.00811803683643702	266.419424631183	0.334545136467008	0.660972490206191
ANKH	betareg	33	35	-0.0338834909750865	0.0428652661746756	0.429256277190048	0.428591685180339	0.00455387346756904	581.385227442566	0.334668183890524	0.661215599290944
SEL1L	betareg	33	35	-0.0451848013418516	0.0571908933065891	0.429486967888866	0.432124587063073	0.00854297132799616	1235.18057993284	0.334727375141684	0.661332545509595
MCMBP	betareg	33	35	0.0694171205852298	0.0879575538113016	0.429988351163488	0.432995851568369	-0.0163600833098537	222.371249165355	0.334997416236551	0.661866075115844
PANK3	betareg	33	35	-0.0458402141077146	0.0581779316471086	0.430736883671941	0.435053733957974	0.0080562937919161	1288.56969154479	0.33545974373719	0.662779511678143
RALBP1	betareg	33	35	-0.0452052439736944	0.057441812254682	0.431296768339548	0.43246067317836	0.00814745236484652	181.383935276925	0.335774871523024	0.663402120631709
RALB	betareg	33	35	0.0177885192321167	0.0226275336529904	0.431782626686946	0.432791552123947	-0.00403603393855176	1000.82043747962	0.3358507639332	0.663552063912522
BSDC1	betareg	31	34	-0.123543506782374	0.157173369412156	0.43184796158261	0.428373914315206	0.000403350553362038	1912.79546861563	0.3358507639332	0.663552063912522
LSM14A	betareg	33	35	-0.0313386363481364	0.0398704006657843	0.431860119293406	0.433311430852136	0.00687340419621774	331.969595693767	0.3358507639332	0.663552063912522
EPS15	betareg	33	35	0.037023554687958	0.0471411634224184	0.43223294499534	0.431310299945264	-0.00593033493196235	2279.51164804351	0.335924783469696	0.663698306891504
SMURF1	betareg	33	35	-0.0399132946960751	0.0508242403351624	0.43226594619215	0.432550028566526	0.00277317241992137	541.877516469891	0.335924783469696	0.663698306891504
BAHCC1	betareg	33	35	0.104887126786741	0.133748561456744	0.432916164067275	0.436356491627434	-0.0165977668111527	59.6667238219881	0.336309240061978	0.664457891185154
HDLBP	betareg	33	35	-0.0330367058826518	0.0421473589364749	0.433135112820426	0.434321810685943	0.0073306222749237	1282.04365512919	0.336358511119471	0.664555237731304
ARMC8	betareg	33	35	0.0544217065449818	0.0694540511074221	0.433295881358602	0.433138498041314	-0.00864541487412506	317.578267916154	0.336362582178395	0.664563281064359
PRKRIP1	betareg	33	35	-0.0236569875218086	0.03022804548282	0.433851953478427	0.4345989304998	0.00486980436174741	810.475992319861	0.336579206256292	0.664991272807769
SLC24A2	betareg	33	35	0.0795497086861836	0.101653318039907	0.433886185019439	0.432960695457796	-0.0196312120383756	408.521964169839	0.336579206256292	0.664991272807769
PCDHB9	betareg	33	35	0.118327841083387	0.151543764715705	0.434910547978167	0.433830588954568	-0.0055791673331642	131.55839830234	0.337236556891973	0.666290023377553
RGS16	betareg	33	35	0.0589228474320008	0.0754853045373977	0.435045440024192	0.43812004551933	-0.0121151026735577	249.884911201939	0.337236556891973	0.666290023377553
CDKL1	betareg	33	35	-0.0675351599531587	0.086662330818564	0.43580841357366	0.431803625874991	0.0107686272444822	142.489865711845	0.337706953359063	0.667219402078197
NCK1	betareg	33	35	0.0600684192172883	0.0772434240275604	0.436774837667434	0.439960475775214	-0.00791720755743436	205.462431554796	0.338334609766162	0.668459484725268
ARID4A	betareg	33	35	-0.0592918494590681	0.0763579081038909	0.437454332383048	0.438885926428968	0.0126897982823919	111.297776931162	0.338739635010852	0.669259707222615
PDCD2	betareg	33	35	0.0631979772300438	0.081584900859613	0.438559299544605	0.440160615458457	-0.00791908735186196	335.818973983778	0.339429193390673	0.670622091755435
FAM189A1	betareg	33	35	0.0342486535795072	0.0442324073104877	0.438760078853659	0.441023842795934	-0.00519392696403382	493.878349571586	0.339429193390673	0.670622091755435
PYROXD1	betareg	33	35	0.0684350561471704	0.0884320784790091	0.439006845550553	0.432755305751353	-0.0102758355907169	261.702798980305	0.339429193390673	0.670622091755435
CTU1	betareg	33	35	0.104153269249103	0.134627182136718	0.439142409886658	0.451865086670583	-0.00555390779185415	183.709894137987	0.339429193390673	0.670622091755435
TTC21B	betareg	33	32	-0.110303234289226	0.142601291888821	0.439221820098119	0.432715429364654	0.014083309970234	79.0797341139979	0.339429193390673	0.670622091755435
FAM204A	betareg	33	35	-0.0376503024948004	0.0486816259858435	0.439286504756251	0.438124325171804	0.0067086095263058	533.148969279097	0.339429193390673	0.670622091755435
ADCY1	betareg	33	35	-0.0596578525741487	0.0771799973587003	0.439539905223482	0.438700913665072	0.0126034056979884	1626.60000592072	0.33944301056997	0.670649390838314
URI1	betareg	32	35	0.072505485944808	0.0938171908760437	0.439618287792679	0.440340411072254	-0.001951413038741	320.780951605101	0.33944301056997	0.670649390838314
ZFAND3	betareg	33	35	-0.0668480980087895	0.0865609409072216	0.439956717664342	0.441484659436041	0.0103195077711401	273.54487323066	0.339583086469002	0.67092614367585
FAM76A	betareg	33	35	0.0490986985318699	0.0636155184812182	0.440230644208749	0.441785502682153	-0.0096899912419786	139.167949117744	0.339673292924254	0.671104367714586
DENND6A	betareg	33	35	-0.0926670777771424	0.120128888600343	0.440471586175719	0.441480377758613	0.00931722961529271	83.8302859396106	0.339737993864465	0.671232199617992
C6orf89	betareg	33	35	0.0318971023377117	0.0413944259144502	0.440964719945861	0.444589252802143	-0.00387966000379299	1360.98886409867	0.339997096157065	0.671744117051217
C12orf29	betareg	33	35	0.0788266949525901	0.102430664205987	0.441560053901282	0.437280754540392	-0.0164992603269156	152.674208727854	0.340331300696568	0.672404416612126
NUBPL	betareg	33	35	-0.0677894597408576	0.0881274677413318	0.441762389377383	0.442579258984519	0.00951929695654802	220.530520095572	0.340331300696568	0.672404416612126
NUP155	betareg	33	35	-0.0930894246253121	0.121046454565087	0.441870255522315	0.442492636645923	0.0191335851447165	97.6368242505645	0.340331300696568	0.672404416612126
ARFIP2	betareg	33	35	-0.0559619285096184	0.0728108596598072	0.442134868928651	0.440355093286911	0.0018291807320388	883.906160653212	0.340413877623407	0.67256756672557
GK5	betareg	33	35	-0.0775970130451429	0.101208007703983	0.443255005818494	0.443868267170207	0.0179689136838833	141.440667982215	0.341154856453618	0.674031544435026
ABHD10	betareg	33	35	0.0319906034835207	0.0417661874589198	0.443709013998271	0.444706740600466	-0.00722087073810233	933.184452293486	0.341217497660692	0.67415530685186
NUDT9	betareg	33	34	0.131644037904973	0.171896028035492	0.443774335984122	0.467346458640343	-0.00252529004122335	350.059035808549	0.341217497660692	0.67415530685186
ZNF629	betareg	33	35	-0.0551646566668142	0.072037606297842	0.443809707038212	0.443383630246019	0.0116985577051818	679.524151819962	0.341217497660692	0.67415530685186
TMEM200A	betareg	33	35	0.0335859260786126	0.0438820460453364	0.444052276088401	0.445849384465166	-0.00462673565372742	559.98368181991	0.341266885060192	0.67425288325897
TIPRL	betareg	33	35	-0.0791893399347394	0.103496842700507	0.444189531096185	0.45714123118598	0.0161403404204993	887.431175661884	0.341266885060192	0.67425288325897
MFAP3	betareg	33	35	-0.0416327603300589	0.054542794202733	0.445281818203784	0.446817057863803	0.00816041865957459	1065.97906898646	0.341984593042795	0.675670883943455
NDUFA9	betareg	33	35	0.0659830447801117	0.0865389018789505	0.445781415018483	0.44978824779134	-0.0113781069494567	1407.37786563163	0.342209383697471	0.676115010677342
SPTY2D1	betareg	33	35	-0.0738259480154647	0.0968484453384944	0.445890966554821	0.446767427241409	0.0152456619713719	78.863483459007	0.342209383697471	0.676115010677342
NUTF2	betareg	33	35	0.0441163669964061	0.0580375694495913	0.447174108257002	0.447294673450704	-0.00904178884661604	3250.02321592811	0.343072417385571	0.677820136425034
NSD1	betareg	33	35	-0.0815717562110365	0.1073525264879	0.44734459162485	0.448155691915188	0.0160579140971766	277.574505150776	0.34308150912691	0.677838099295385
C3orf70	betareg	33	35	0.0738934816145585	0.0974204154915623	0.448151120470059	0.452696610077908	-0.0180282806329895	690.792902437349	0.34357822318206	0.678819474572337
ZNF512	betareg	33	35	0.0163271210338206	0.0215377596607221	0.448409312507771	0.449395763138398	-0.00364265267414449	1282.35841288497	0.343621915068221	0.678905798155164
SPTSSB	betareg	33	35	0.0467662507192489	0.0617312174276703	0.448703281333923	0.449577718523318	-0.00684693640055419	340.875765627313	0.343621915068221	0.678905798155164
CEP97	betareg	33	35	-0.0659801985245065	0.0871009784986575	0.448742064825133	0.448944578871758	0.00918328571295339	244.878364797194	0.343621915068221	0.678905798155164
KANSL3	betareg	33	35	-0.0252136538233256	0.0333045284239851	0.449011622801369	0.45032075430485	0.00499663215876384	548.492661144489	0.343621915068221	0.678905798155164
GOLPH3L	betareg	33	35	0.0391171577670349	0.0516944817497594	0.449230270617923	0.450093969995121	-0.00902389306448695	200.132308979607	0.343621915068221	0.678905798155164
FAM20B	betareg	33	35	0.0526153499071976	0.0695359715387977	0.449251329712129	0.452166646354019	-0.0113515541260409	734.155994891908	0.343621915068221	0.678905798155164
GALNT7	betareg	33	35	-0.0933062646348983	0.123372456163184	0.449470922143	0.443702313212689	0.00402517561300974	80.6448529290874	0.343621915068221	0.678905798155164
AXIN2	betareg	33	35	-0.0790453717832062	0.104546788822604	0.449603321499053	0.451388460852607	0.0134431166670548	63.5083679368256	0.343621915068221	0.678905798155164
KCNA1	betareg	33	35	0.0893028582374104	0.118122570529208	0.449638054944796	0.450150447722354	-0.0213516753177142	572.449806660298	0.343621915068221	0.678905798155164
APEH	betareg	33	35	-0.0612762942301778	0.0811248657844136	0.450049158750956	0.452976737784554	0.00186806901989782	642.396578591074	0.343814599123116	0.67928649076045
BAG5	betareg	33	35	-0.0434008582237488	0.0575033742611235	0.450397053259683	0.449919796357928	0.00952756166414287	931.16563280281	0.343958875474019	0.679571542577198
RBM19	betareg	33	35	0.0638820621128266	0.0846794198665631	0.450609725432463	0.452352688193442	-0.0140257319776804	86.4299111530796	0.343999819932505	0.679652437971378
CYB5A	betareg	33	35	0.120936855712531	0.160605033874097	0.451445180151929	0.470190972684401	-0.00979558590802038	486.115492274094	0.344409426179591	0.680461711314879
ZNF597	betareg	33	35	0.103686066124911	0.137701819128328	0.451464767511744	0.445892110941338	-0.00458727952219039	139.53469011872	0.344409426179591	0.680461711314879
QRSL1	betareg	33	35	0.0880583623745008	0.117098996459231	0.452051484850188	0.456506162911559	-0.00689594827037321	119.514299268548	0.344673233946729	0.680982925518207
COPZ1	betareg	33	35	0.013762117069437	0.0183038547930172	0.452129314227745	0.453094513252394	-0.00303386085363317	1858.69412557789	0.344673233946729	0.680982925518207
POP4	betareg	33	35	-0.0530276388949294	0.0705572868087106	0.45231907847312	0.457101772979596	0.00787032622702105	649.410581744712	0.344696397234624	0.681028690033701
C16orf46	betareg	33	35	0.0480827014632224	0.0640264942378277	0.452663895047501	0.451449185331818	-0.0101686904657378	111.720417304433	0.34469893493372	0.681033703854284
CNOT6	betareg	33	35	-0.0447840089450209	0.059650892535445	0.452792011799164	0.451714297035404	0.00888634939794428	326.689272053164	0.34469893493372	0.681033703854284
MBTD1	betareg	33	35	-0.114969455405548	0.153164129010898	0.452875890872865	0.457090427703724	0.0251837452875097	61.401794318503	0.34469893493372	0.681033703854284
EML6	betareg	33	35	-0.0659885124484732	0.0879468333310038	0.453060326201548	0.453391046939325	0.0105147136945834	97.367253266662	0.34469893493372	0.681033703854284
TRDMT1	betareg	33	35	-0.10392440093044	0.138524343616153	0.453119311972321	0.459327312874909	0.0149461366496098	83.022820227824	0.34469893493372	0.681033703854284
PPARGC1B	betareg	33	35	-0.0733014898859115	0.0977495355423447	0.453320398971049	0.452481805533345	0.0161763757663355	142.019462165823	0.344730650783554	0.681096365964589
CSTF1	betareg	33	35	0.076082538767108	0.101509315580125	0.453548142628135	0.451118003062675	-0.0100514495082422	253.593017243242	0.344782608453596	0.681199020544823
SORCS1	betareg	33	35	-0.0894437153640764	0.119783499593935	0.455237733022549	0.460653633015813	0.0128075068628272	184.864208694194	0.345945419914355	0.683496427689863
TRIP12	betareg	33	35	0.0506875822945617	0.0680294123623978	0.456221335349829	0.455913989850997	-0.0122876647427568	396.386828754708	0.346520587351097	0.684632806048144
WDR59	betareg	19	20	-0.149345328690653	0.20051551433323	0.456388493016099	0.446064427393498	0.00307531114724943	262.079460574846	0.346520587351097	0.684632806048144
SETDB2	betareg	33	35	-0.0735403215684994	0.0987564709513325	0.456475278359739	0.451524264848681	0.00669234576533686	108.712279673612	0.346520587351097	0.684632806048144
FYTTD1	betareg	33	35	-0.0580889579319725	0.0780605376588255	0.456784114816453	0.461661238435575	0.00233896504109262	2552.98052420857	0.346633363576497	0.684855621968668
TUSC2	betareg	33	35	0.0227368467448358	0.0305816070608979	0.457190462210825	0.457969260056435	-0.0049688413783932	1261.03709875396	0.346716848540305	0.685020566122409
PKN2	betareg	33	35	0.0862027730108253	0.115951212447226	0.457215315709369	0.456162091379015	-0.0205987793063901	91.2650150498373	0.346716848540305	0.685020566122409
RCBTB2	betareg	33	35	0.0380802371139835	0.0512398569311665	0.457375070242741	0.457740593145916	-0.00825370372805527	243.100051661111	0.346716848540305	0.685020566122409
KRBOX4	betareg	33	35	-0.0365545868304334	0.0492729863632745	0.458160736687123	0.459498168027799	0.00841097362449129	221.069147340078	0.347190736091143	0.685956842278934
PSME3	betareg	33	35	0.0166657437925655	0.0224837336091969	0.458550601022815	0.459057401330736	-0.00351832160409252	2041.00409566274	0.347364460887947	0.686300076416984
GCLC	betareg	33	35	0.0658703504384335	0.0889719496047652	0.459087870593079	0.45789299837075	-0.0170593171313895	116.179939938958	0.347649688375935	0.686863610309604
WAC	betareg	33	35	-0.0945766500626583	0.127863872134042	0.459502250438248	0.451610544215856	0.00284942002706384	614.379176662039	0.347784356445801	0.68712967871051
EIF4E2	betareg	33	35	0.0253739929583616	0.0343111316007583	0.459587320794439	0.458773889863173	-0.00506520851074273	1362.07804943845	0.347784356445801	0.68712967871051
TMEM19	betareg	33	35	-0.0434377094052127	0.0587870019990681	0.459967788169645	0.458125920183856	0.0081002388492019	530.905649576882	0.347849039745558	0.687257475761056
UBE2N	betareg	33	35	0.0461682416096013	0.0624861199768543	0.459994472426075	0.461566838753007	-0.00327704288311345	5573.42967065728	0.347849039745558	0.687257475761056
FAM126A	betareg	33	35	0.0601717526225541	0.0814958086412916	0.460306841893347	0.461236329542915	-0.0128987266548893	198.27339113079	0.347911102453585	0.687380095217153
NOVA1	betareg	33	35	-0.0526967066558182	0.0713863179484633	0.460398653136545	0.465714322378591	0.0062179122120071	1535.24154547784	0.347911102453585	0.687380095217153
USP40	betareg	33	35	0.0488442850553598	0.0661912643301233	0.460559141728694	0.461703528390022	-0.0104633482533186	84.8739446791313	0.347911102453585	0.687380095217153
ICA1	betareg	33	35	-0.0371879100456946	0.0504462455081993	0.46101353569225	0.461925798889656	0.00833756576753108	227.538065361973	0.348132759125721	0.687818030032466
FOS	betareg	33	35	0.0272538404312964	0.0370229776137396	0.461649681877472	0.464375939189333	-0.00496238669419213	501.287166462157	0.348386133778154	0.688318631167317
SF3B3	betareg	33	35	-0.0491184892635603	0.0667282192333375	0.461671237286574	0.46367847784948	0.0090597494587452	669.717350175311	0.348386133778154	0.688318631167317
KLHL20	betareg	33	35	0.0706846451712526	0.0960776357015179	0.461911207895461	0.457691350897677	-0.00706604874033721	201.792050229414	0.348445641207844	0.688436202070912
MTG1	betareg	33	35	0.0848579314477016	0.115400989448846	0.462137898795655	0.456705247211495	-0.0197666700452944	1382.69743009766	0.348495093000677	0.688533905702174
COX11	betareg	33	35	0.0399270010001553	0.0543535878797859	0.46259596750242	0.460715131843004	-0.00371528487794768	547.593550206627	0.34871892995817	0.688976148183284
JADE2	betareg	33	35	-0.114204523550958	0.155618806163494	0.463025817367458	0.462499549728156	0.0267627680759355	55.696376263474	0.348921346121267	0.689376068854059
MPLKIP	betareg	33	35	0.0863095710127329	0.117659837583327	0.46322202225647	0.474969427984883	-0.0160061655130156	552.558302630517	0.348947615272715	0.689427969732462
LYPLAL1	betareg	33	35	0.0676173022961103	0.0923535391622773	0.464072666358955	0.46987885646883	-0.00811676597110218	316.02572689535	0.349382187535254	0.690286569303145
ZNF430	betareg	33	35	-0.0880228784746329	0.120237301941491	0.464122001780467	0.457217589674969	0.00803166179141938	207.46277851699	0.349382187535254	0.690286569303145
KDM4C	betareg	33	35	0.0508026103172641	0.0694802241972624	0.464668687349882	0.465210960390915	-0.0114156230361888	88.433045499364	0.349672012285819	0.690859186167727
AP3B1	betareg	25	31	-0.138944242481673	0.190263995710285	0.465224666339016	0.473184953843535	0.00166331635256572	201.813072891984	0.349962149878326	0.691432421125038
ZNF780B	betareg	33	35	-0.168868159074874	0.231441614051884	0.465612643379169	0.489230745963047	0.00612804749155568	102.256406190216	0.349962149878326	0.691432421125038
GET4	betareg	33	35	0.0267496929874762	0.0366667335464459	0.465674007239338	0.46651004386039	-0.00591303157112915	679.749947278585	0.349962149878326	0.691432421125038
MMP16	betareg	33	35	0.0759898455903388	0.104168341334896	0.465701499648457	0.464828680352624	-0.0177345161679182	478.825523033535	0.349962149878326	0.691432421125038
HMGCLL1	betareg	33	35	0.038348717344117	0.0526001708888009	0.465964533806012	0.465566747626296	-0.00816208983393618	567.044053699969	0.349999083091352	0.69150539136171
SCRG1	betareg	31	32	0.129258669107347	0.177338449245345	0.466074310115077	0.46628694695744	-0.00649740456763115	176.387106337816	0.349999083091352	0.69150539136171
CETN3	betareg	33	35	-0.0641696860573892	0.0882238167435014	0.467010930525562	0.464906209662774	0.0163324277478795	120.828243623839	0.350580709940817	0.692654531806917
KCTD10	betareg	33	35	0.0283566468778526	0.0390623080016766	0.467879398651291	0.467411798741356	-0.00583773737456959	1179.32359632985	0.35084645865659	0.693179580810136
CD55	betareg	31	35	0.0932312880886916	0.128498982979856	0.468120165902839	0.479115607345415	-0.00225906307062323	232.848168792823	0.35084645865659	0.693179580810136
STT3B	betareg	33	35	0.0290321494929034	0.040014535511359	0.468120762758845	0.468809122711661	-0.00551929433996278	893.979274148181	0.35084645865659	0.693179580810136
MARCHF6	betareg	33	35	-0.0501987756035367	0.0692021771636229	0.468210959986933	0.467866625186447	0.00724595837059743	4748.89508692619	0.35084645865659	0.693179580810136
GOLGA6L9	betareg	33	35	0.110125843150313	0.151821654748594	0.468229235586265	0.478541214161364	-0.0170531480693808	54.1842919780081	0.35084645865659	0.693179580810136
SGTB	betareg	33	35	0.0455160716128782	0.0627647346881974	0.468338275169404	0.470844251286094	-0.00751705383764634	606.939566950899	0.35084645865659	0.693179580810136
MECR	betareg	33	35	0.0472874622092173	0.065438011285149	0.469907306032403	0.471861366852028	-0.00962911932493065	361.021914302126	0.351899976210734	0.695261052173289
VEZF1	betareg	33	35	-0.0521924731938996	0.0722593651594664	0.470114019211455	0.469436581527677	0.0116711703530015	298.764998198356	0.351903802419618	0.695268611747584
HOMEZ	betareg	33	35	0.0728192550128311	0.10084604395243	0.470243199085338	0.472851121497906	-0.0124936155944814	197.520252390474	0.351903802419618	0.695268611747584
DTD2	betareg	33	35	-0.0546262597345351	0.0756777224175721	0.470400551500647	0.470427397733093	0.0105912474904495	171.406889615514	0.351903802419618	0.695268611747584
PTGFR	betareg	33	35	0.0832204210565505	0.115355571766764	0.470647922036016	0.469869937418892	-0.00225781379723207	386.36545071252	0.351967113016505	0.695393696701209
NICN1	betareg	33	35	-0.0235886169643367	0.0327336148184733	0.471141099351153	0.472062387755026	0.00526134240425198	748.045706492776	0.352180781807637	0.695815849581523
CALM3	betareg	33	35	0.015217050362747	0.0211378233324108	0.471588567934557	0.472093273011812	-0.00335773420314624	12155.1409016161	0.352180781807637	0.695815849581523
FEM1C	betareg	33	35	-0.0788726803071754	0.109566844065868	0.471611805563733	0.476457510676391	0.00593876384810957	451.902612349758	0.352180781807637	0.695815849581523
BLOC1S5	betareg	33	35	0.0395135788293608	0.0549201668652481	0.471849514234452	0.472678910738814	-0.0084648388906935	211.811605737045	0.352180781807637	0.695815849581523
RASA2	betareg	33	35	-0.0615483727519696	0.0855478416315206	0.471856656745547	0.469570715189772	0.011082660838111	152.110873000368	0.352180781807637	0.695815849581523
USP3	betareg	33	35	-0.0395458433856835	0.0549851621843295	0.472011932218824	0.472338782523418	0.00855417483637639	405.168512694941	0.352180781807637	0.695815849581523
RRP1	betareg	33	35	-0.0540733462379261	0.075194882225387	0.472073519292496	0.479677211259665	0.00583846302100608	494.30961770734	0.352180781807637	0.695815849581523
BRAF	betareg	33	35	-0.0496100632202467	0.0690454123051756	0.472440705855573	0.47438628324859	0.0107290476664962	307.829406553666	0.352333177715451	0.696116943489952
RNASET2	betareg	33	35	0.0526875543849256	0.0733831989004018	0.472770582952256	0.474408176449624	-0.010938375823202	215.812483681761	0.352370261573875	0.696190211361987
SLC38A7	betareg	33	35	-0.0644805159026788	0.0898177020322171	0.472816286771001	0.465532497336733	0.00445175744046277	892.409830593673	0.352370261573875	0.696190211361987
ARHGAP5	betareg	33	35	0.0552252134360237	0.0769767476647617	0.473110534185553	0.473225830778038	-0.013744162918095	249.84050960313	0.352390187461464	0.696229579632823
EPHA6	betareg	33	35	0.0796698853941	0.111064080411561	0.473168897555282	0.475436389047923	-0.0176876410799564	353.598868803514	0.352390187461464	0.696229579632823
HOOK1	betareg	33	35	0.0744929579225929	0.103937416101147	0.473553217992928	0.478045200782101	-0.0117112222291404	123.208514476745	0.352448292902642	0.696344380578835
KCNN1	betareg	33	35	0.063451229841932	0.0885352081267545	0.47357284576693	0.47333848310808	-0.0062756840026226	147.530014086379	0.352448292902642	0.696344380578835
MRPL11	betareg	33	35	0.0524776582435338	0.0732836626567277	0.473936112992133	0.478841048531231	-0.00909156005830704	282.448819766448	0.352597313925828	0.696638806610039
CCDC85C	betareg	33	35	-0.0833736427828933	0.116754013741935	0.475167455997272	0.476014495008665	0.00727012361945396	277.242664325112	0.353391838321998	0.698208576161053
ZNF879	betareg	32	34	-0.116454951501493	0.163245137223114	0.475613921690818	0.4767612995671	0.0152617823593978	225.074274867158	0.353459280626871	0.698341824274202
CUL2	betareg	33	35	0.0695167999181918	0.0974756763166136	0.475740111796845	0.473352393605224	-0.00690936218983891	475.030640655806	0.353459280626871	0.698341824274202
DDX25	betareg	33	35	-0.0664817498484529	0.09323446882124	0.475808766011858	0.48253012083363	0.00894851652673783	305.61753733828	0.353459280626871	0.698341824274202
SCUBE1	betareg	33	35	-0.0562353056340024	0.0788832151628598	0.475911863394916	0.480164295299144	0.0078345231478875	1879.73556712262	0.353459280626871	0.698341824274202
FBN1	betareg	33	35	-0.111756969813916	0.156945593268969	0.476418584889121	0.473465672482876	0.014809412437582	58.5215437940886	0.353493929105779	0.698410280482017
CCNYL1	betareg	33	35	0.0567217223578183	0.0796607070393666	0.476439132173379	0.477286788568842	-0.00917170934055648	122.820154162858	0.353493929105779	0.698410280482017
NEK9	betareg	33	35	-0.0494779364648463	0.0694889748768372	0.47644885738476	0.475539634114491	0.00884978249661835	161.223254922714	0.353493929105779	0.698410280482017
NUFIP1	betareg	33	35	0.0465720394365407	0.0654492752290698	0.476728263105464	0.476417607551955	-0.0104356524174767	69.309451662682	0.353579933180846	0.698580201731704
KNOP1	betareg	33	35	0.0741381626254649	0.104270168817296	0.477071918401108	0.477680191603072	-0.0148853537894589	131.476387724178	0.353713514592489	0.69884412318407
ARHGAP32	betareg	33	35	-0.0798393034717641	0.112437211080958	0.477655142157641	0.489888255130566	0.00679767619901966	662.867081682816	0.353887239245472	0.69918735703797
SPRED2	betareg	33	35	-0.0228375334919566	0.0321670231058698	0.477724434630506	0.477896610479429	0.00498244883485876	838.469393771933	0.353887239245472	0.69918735703797
TMEM59	betareg	33	35	0.0449690564286184	0.0633500769946068	0.477797117376754	0.477844810009634	-0.0102210898106717	1942.63468767326	0.353887239245472	0.69918735703797
NDUFA4	betareg	33	35	0.0718646115713282	0.10132248045559	0.47815929375912	0.489480455697823	-0.000797384471702288	10026.731164667	0.353936934891016	0.699285542457534
UBE2Q1	betareg	33	35	-0.0392174916915703	0.0552970987717984	0.478191517683341	0.479311457529945	0.0088991744685533	349.445010995692	0.353936934891016	0.699285542457534
COL5A2	betareg	33	35	0.08191336604988	0.115947396852172	0.479895856619239	0.482757053558011	-0.0129114453658442	53.1220739274799	0.354962393543789	0.701311576870963
CREM	betareg	33	35	0.10232542013822	0.14484350850642	0.479905230697565	0.494535520442738	-0.00155225434653202	415.82701766111	0.354962393543789	0.701311576870963
USP31	betareg	33	35	-0.0682253626539645	0.0971504831361429	0.482514053350833	0.48176423887301	0.00783498985780898	925.576791306396	0.356769997518084	0.70488292306602
VWA1	betareg	33	35	0.112573498528261	0.160449246037789	0.482919680357456	0.486062112971537	-0.00380012265228883	408.044662180352	0.356947883911048	0.705234379414699
TASOR	betareg	33	35	-0.0600236055815561	0.0857029820525382	0.483697664880506	0.484686046087333	0.00429134283468274	218.201885853419	0.357400781088834	0.706129184159344
PRKAB2	betareg	33	35	0.0559613633964273	0.0799847918413538	0.484145879416051	0.483378784788685	-0.00958745897103042	947.53599309457	0.357609787419709	0.706542125254367
ERCC6	betareg	33	35	-0.0648326605225594	0.0927212966997643	0.484414045121767	0.48391144531099	0.00426578944104104	113.310425850897	0.357685705070528	0.706692118403998
ZNF557	betareg	33	35	-0.103586188270943	0.148247493534361	0.484715650113848	0.480471291929896	0.0238120632104511	187.760779029935	0.357786253654099	0.706890775746236
SENP1	betareg	33	35	0.0678223865964983	0.0972128574953582	0.485384286696341	0.483881353664754	-0.0134505388116214	106.853320513797	0.358157560563082	0.70762437975212
MGA	betareg	33	35	0.081868652924965	0.117515413404334	0.486013652748993	0.489139802426409	-0.00521554072566725	152.097587938466	0.358346524283013	0.707997721961906
GFER	betareg	33	35	0.0385831454090768	0.055398037046098	0.486133696092989	0.486796348375111	-0.00744275493449091	237.385757801515	0.358346524283013	0.707997721961906
NOVA2	betareg	33	35	-0.0824289681592089	0.118390675846145	0.486275135309893	0.474242699464108	0.0024858780299722	1032.89501660445	0.358346524283013	0.707997721961906
ERMP1	betareg	33	35	0.0376062198051539	0.0540371722025335	0.486471155484018	0.487154302152861	-0.00861179362239254	150.195973244812	0.358346524283013	0.707997721961906
WIPI2	betareg	33	35	-0.039598839759939	0.0569061317265712	0.486514980418902	0.487442181026198	0.00914175860545433	800.209778242309	0.358346524283013	0.707997721961906
METTL22	betareg	33	35	0.0890843938040381	0.128062938416207	0.486660710722711	0.488061369247814	-0.0133752511637938	78.8745738967741	0.358346524283013	0.707997721961906
UBXN7	betareg	33	35	0.0337932642761992	0.0485949370884717	0.486800212292085	0.486025405820611	-0.00721553282418111	1039.07208092387	0.358346524283013	0.707997721961906
PPM1L	betareg	33	35	0.0644675397734981	0.092755360676861	0.487037977694103	0.489592385148417	-0.0129776106696217	576.647066848619	0.35839956209255	0.708102510611399
NHLRC1	betareg	33	35	0.0807712402122032	0.116554918548406	0.488316649807541	0.489143433443951	-0.0102817959439058	55.2637239055629	0.359152980508882	0.709591065644868
CDC25A	betareg	33	35	-0.0337143430056183	0.0486754276963026	0.488538148010784	0.489403265262476	0.00674088053333872	248.362413076094	0.359152980508882	0.709591065644868
UBR7	betareg	33	35	0.0277360330446005	0.0400461949655111	0.488560008220735	0.487107750841194	-0.0031503032878628	861.47288230721	0.359152980508882	0.709591065644868
OSBPL11	betareg	33	35	0.0607109396069648	0.0877565503282641	0.489056079534714	0.490267191478085	-0.0141854197588275	95.1139131894228	0.359395494979298	0.71007020993946
PEX3	betareg	33	35	0.0753927441602593	0.109100025064236	0.489538890279242	0.49305113209714	-0.0119924855980579	84.313614593507	0.359628103136063	0.710529781984783
CTXN2	betareg	33	35	0.0802083935627511	0.116176433798703	0.489941682818739	0.495173397166496	-0.00759356572899416	334.732206728115	0.359757564330505	0.710785562980375
GPR173	betareg	33	35	-0.063865267686228	0.0925358349925961	0.490088574870404	0.488150127041403	0.0124603976936045	174.443384401307	0.359757564330505	0.710785562980375
VCAN	betareg	33	35	-0.0463019217907465	0.0671073214533731	0.490214147929596	0.486691813107747	0.00635757761254003	154.602798985789	0.359757564330505	0.710785562980375
EXOC6	betareg	33	35	0.0628809546563757	0.0914276211342844	0.491599148665557	0.493043657192762	-0.011470153036699	98.060056378073	0.360634150541251	0.712517464919573
C2CD2L	betareg	33	35	0.0601188568229623	0.0874579179483569	0.49182865170066	0.49003073511554	-0.0042629466983162	577.190278798824	0.360634150541251	0.712517464919573
MED13	betareg	33	35	0.0439248102749341	0.0639114612924507	0.491908851278432	0.491166196420831	-0.00880790913842927	199.247829452199	0.360634150541251	0.712517464919573
PTPRO	betareg	33	35	0.03182641522418	0.0463330677196331	0.492142604864909	0.494018571009088	-0.00653570477715955	893.191353341368	0.360683257279204	0.712614486813879
NREP	betareg	33	35	0.0181273133467163	0.0264442706274997	0.493034046603556	0.493343035024892	-0.00293433630813987	10662.2490089614	0.361214176343299	0.713663442119579
METRN	betareg	33	35	0.0723801347811232	0.105692409067086	0.493458353867505	0.495548902366377	-0.00907885056853189	347.438787508515	0.36140261248923	0.714035741983017
LARP1	betareg	33	35	-0.0434227327807161	0.063541601077832	0.494370001210006	0.498788285515047	0.00968016653584591	1673.93173953834	0.361745797960651	0.714713785484241
RILPL1	betareg	33	35	-0.0531689259262224	0.0778116920038833	0.494415696503073	0.494106469231928	0.0112183183251431	203.552743552499	0.361745797960651	0.714713785484241
TIGD1	betareg	32	35	0.111993513525336	0.163905282619265	0.494428726864362	0.494075014827182	0.00126382996026219	589.192896584946	0.361745797960651	0.714713785484241
ETNK1	betareg	33	35	0.0726355059425874	0.106540571455052	0.495388311331309	0.502869262975932	-0.00290175672183996	1400.2722442295	0.362289886343085	0.715788759871337
ZNF229	betareg	33	35	0.0391324443963131	0.0574300857994163	0.495623005799588	0.496557308682206	-0.00770219833020206	308.242638480354	0.362289886343085	0.715788759871337
MINDY2	betareg	33	35	-0.0365781366296986	0.0536878949126153	0.495674921708235	0.497314184586653	0.00713493304239868	510.178075397753	0.362289886343085	0.715788759871337
PHC3	betareg	33	35	-0.0742739564421966	0.109119427535879	0.496082436018343	0.497162572809176	0.0133574756538868	151.797437807296	0.362465243587321	0.716135219292695
PHOX2B	betareg	33	35	-0.0703587690977313	0.103415717185091	0.496283570616616	0.496443996495262	0.0143297236923345	742.903754918511	0.362489740890156	0.716183619468017
MARCHF7	betareg	33	35	-0.0746977885471192	0.110092068441865	0.497452880867369	0.502785811245347	0.010156949360769	534.984824194707	0.363221146637528	0.717628683303939
MAOA	betareg	33	35	-0.0308338100123125	0.0455130915652361	0.498107019502601	0.499757258933112	0.00503218947719104	564.046882702943	0.363480314089723	0.718140729475247
SLAIN2	betareg	33	35	0.0567106693230048	0.0837165359072583	0.498143955573282	0.5003920070646	-0.00732176368474512	319.468920007694	0.363480314089723	0.718140729475247
IGFBP5	betareg	33	35	-0.0563490568048643	0.0833737654575648	0.499129051011046	0.510502437855888	0.00824825316847503	945.497126288948	0.363961978959862	0.719092371552674
FCHSD1	betareg	33	35	-0.0293202464917966	0.0433889999301784	0.49919748530153	0.498615654223835	0.00321325555550301	1131.01597586853	0.363961978959862	0.719092371552674
UBE2L3	betareg	33	35	-0.0244550493521099	0.0361987328116762	0.499308931990822	0.499102308617015	0.00434154413263287	2665.89193864962	0.363961978959862	0.719092371552674
GAN	betareg	33	35	0.0844316631043914	0.125122732398967	0.499808714662061	0.514838611191567	-0.00477484831929623	686.986605856573	0.364203534818096	0.719569621883756
NHLH1	betareg	33	35	0.0498453687064837	0.0739284122434859	0.500159808778763	0.497950203689916	-0.0100988833578486	152.400534566761	0.364221085928259	0.719604298224033
TMEM150C	betareg	33	35	0.0423111036435991	0.0627798130648245	0.500336533592593	0.49820556256511	-0.00845585725704419	586.292765766195	0.364221085928259	0.719604298224033
YWHAZ	betareg	33	35	-0.0160315255005474	0.0237871287805929	0.500338022472175	0.500119904015633	0.00326294936087554	19357.1618906439	0.364221085928259	0.719604298224033
KMT5A	betareg	33	35	0.0457969524303987	0.0679914645978803	0.500585277438355	0.501525493680452	-0.0114353896740452	112.092712544547	0.364278463793881	0.719717661673651
GMEB1	betareg	33	35	0.0713405486113362	0.106103439070409	0.501349500410627	0.499835333786043	-0.00787864547623842	162.983751907038	0.364711876780393	0.720573970822269
BNIP2	betareg	33	35	-0.0545059430809224	0.0812080924487465	0.502100412015573	0.503327979077901	0.0133370693532929	160.041354270344	0.36513531806314	0.721410578528091
PLAGL2	betareg	33	35	0.0639673220098955	0.0953812638063378	0.502444340930448	0.504086612669262	-0.022589179903559	159.326268149104	0.365262609948861	0.721662073544807
SMAD3	betareg	33	34	-0.107378881462034	0.160230438025695	0.502760370116439	0.501004378664315	0.0148221473902979	57.7648962486737	0.365325757314825	0.721786835997407
DYRK2	betareg	33	35	0.0348854018568513	0.0520691355140197	0.50286904066564	0.502020653195131	-0.00661445322110198	750.621201540064	0.365325757314825	0.721786835997407
ZNF346	betareg	33	35	-0.0565595697126275	0.0844691460497171	0.503120140121539	0.509223575515616	0.00792457954903988	860.994852614232	0.365385440651068	0.721904754445714
CDH6	betareg	33	35	-0.0554058654314535	0.0827994767703967	0.50339520983186	0.496568803660162	0.00317690074504143	475.430737451012	0.365462486206644	0.722056976036098
DNAJC27	betareg	33	35	0.0356691922499226	0.0533646156369928	0.503874909369618	0.504355811734079	-0.00972254334692982	483.128438973831	0.36551667695087	0.722164042578854
POLD3	betareg	33	35	0.050394418300867	0.0754082554985387	0.503949889834308	0.50447511179868	-0.0104675411614137	123.856007293855	0.36551667695087	0.722164042578854
ADPGK	betareg	33	35	0.0235897930171564	0.0353010857667351	0.503976872213935	0.504554362831277	-0.00511823012965788	603.412536471064	0.36551667695087	0.722164042578854
SF3B1	betareg	33	35	0.0381267607455975	0.0571129414010919	0.504409516430795	0.505044898420148	-0.0060306546872438	686.769488942037	0.36570782012767	0.722541690817562
RIF1	betareg	33	35	-0.0715658993969569	0.107282524836222	0.504721792186936	0.506390377927739	0.0171955635683563	114.65332416845	0.365811594698253	0.722746721854818
MLLT6	betareg	33	35	-0.0531746739918296	0.0798710258598744	0.505566598335095	0.508524151548449	0.0123189681829072	162.267120423303	0.366086277781973	0.72328942280029
PRTG	betareg	33	35	0.0930053591170087	0.139738333084577	0.505687283021734	0.507768976701567	-0.00736597501736793	94.3830349705553	0.366086277781973	0.72328942280029
SLC31A1	betareg	33	35	-0.0566059014731543	0.085066163025177	0.505773062055251	0.507710329238832	0.010870461407513	360.655089977135	0.366086277781973	0.72328942280029
LUC7L3	betareg	33	35	-0.0565117113622996	0.0849323423404517	0.505811769593378	0.50758063728792	0.000800153866030351	1178.3334669744	0.366086277781973	0.72328942280029
NUS1	betareg	33	35	0.0445629536834676	0.067011042534831	0.5060446669823	0.506994457880125	-0.0118668408718124	258.097978755278	0.366086277781973	0.72328942280029
TRMT5	betareg	33	35	-0.0510684105770509	0.0768211549117108	0.506197518417348	0.502614790702969	0.00516702051458558	169.810599095071	0.366086277781973	0.72328942280029
LRRC4	betareg	33	32	-0.101954594873193	0.1535013254071	0.506566421865248	0.512464608014087	0.00173910676063604	241.76332629053	0.366086277781973	0.72328942280029
DDX21	betareg	33	35	0.0427971726211048	0.0644377109511655	0.506585701725367	0.504746279911075	-0.00873491183205802	255.7888783676	0.366086277781973	0.72328942280029
TMBIM4	betareg	33	35	-0.0818898465823703	0.12330890171145	0.506624208387846	0.513435822806888	0.00948540388019904	549.099527523261	0.366086277781973	0.72328942280029
GABRG3	betareg	33	35	-0.0642190421265205	0.0967746905246574	0.506950607727787	0.508242586641269	0.0131352592353927	376.954344031153	0.366199781621222	0.723513676292864
TRAPPC6B	betareg	33	35	-0.0298625837252765	0.0450770826808704	0.507664813854481	0.511068309867394	0.00407354938045248	1562.59681990175	0.366566135457035	0.724237494339395
SHC3	betareg	33	35	0.0581864798634366	0.0878808885121078	0.50790317199561	0.509621857840542	-0.0193255415150166	934.732098280154	0.366566135457035	0.724237494339395
EIF4EBP2	betareg	33	35	0.0264081310672618	0.0399360381365304	0.508445163587991	0.512802276416018	-0.00336359515996008	2597.27798118807	0.366566135457035	0.724237494339395
FBXO25	betareg	33	35	-0.0551432923441424	0.0834003070119817	0.508491677876559	0.510686562045797	0.00964253562529589	508.814033036294	0.366566135457035	0.724237494339395
OTUB1	betareg	33	35	0.0279608733969981	0.04230610244397	0.508664768779795	0.510802939721287	-0.00568428545212374	2445.07873367025	0.366566135457035	0.724237494339395
PCSK1	betareg	33	35	0.025435956027855	0.0384973170248598	0.508791749928082	0.510407294347239	-0.0056246288972184	1414.10162090568	0.366566135457035	0.724237494339395
SLU7	betareg	33	35	-0.0388371183780654	0.0587803680310376	0.508794583899336	0.510013778202474	0.00670681784814544	182.79490124442	0.366566135457035	0.724237494339395
ING5	betareg	33	35	-0.0425499969547181	0.0644027525719612	0.508813704190701	0.509793759196176	0.00891876674738972	298.007997688586	0.366566135457035	0.724237494339395
BHLHE41	betareg	33	35	0.0755163083429565	0.114413240468504	0.509233807980392	0.505103151511713	-0.0141773910130379	93.9267190878352	0.36674662462109	0.724594093073665
CBX8	betareg	33	35	0.0649625733347626	0.0984869266783101	0.509506666547549	0.510152913810025	-0.0139978176550015	98.0356942943735	0.366820983941744	0.724741007376057
SPPL2B	betareg	33	35	-0.0368399667565995	0.0558864547102759	0.509771760790916	0.510118129616115	0.00691144312865416	312.936153009281	0.366834458165185	0.724767628869095
PGAP6	betareg	33	35	0.0480869726406987	0.0729642375686324	0.5098646132414	0.513356652651952	-0.0101917157985306	447.902941180151	0.366834458165185	0.724767628869095
ZBTB37	betareg	33	35	0.0840488217402799	0.127791915204406	0.510730524500524	0.5123860374006	-0.0176622605748081	211.837041346016	0.367224658551396	0.72553856137667
CENPC	betareg	33	35	-0.111147389846862	0.169002412796312	0.510751827369708	0.502005550153144	0.00407137717648469	59.497112229266	0.367224658551396	0.72553856137667
ZNF71	betareg	33	35	0.0488093795078753	0.074307218433917	0.511271459302879	0.518969862939886	-0.00661336466591585	1127.85024332456	0.367224658551396	0.72553856137667
PM20D2	betareg	33	35	-0.0614937567334828	0.0936234608967736	0.511296696024956	0.511528227484665	0.00194672456843096	241.087927555658	0.367224658551396	0.72553856137667
SURF6	betareg	33	35	-0.0840100390366243	0.127906264180084	0.511303467198535	0.50861928130665	0.0128302128994279	890.264803403402	0.367224658551396	0.72553856137667
ZNF518A	betareg	33	35	0.0626684676801239	0.0954634992563007	0.511524834275074	0.512452014402692	-0.00498179886578817	511.445152736184	0.367224658551396	0.72553856137667
NRCAM	betareg	33	35	-0.0249401896890868	0.0379979999498581	0.511595526662276	0.51337834498407	0.0036131206646097	3213.15729840908	0.367224658551396	0.72553856137667
CALB1	betareg	33	35	0.0370368308533802	0.0564548962951004	0.51179655648539	0.515111671188833	-0.00397690648836912	557.183631605489	0.367233382566374	0.72555579771723
SHB	betareg	33	34	0.0781309960691692	0.119179314659548	0.512097524294623	0.512222252268216	-0.010372341855509	122.056216651777	0.367233382566374	0.72555579771723
ITGB1BP1	betareg	33	35	0.0700205191993606	0.106812721161284	0.512117080719673	0.519642677498165	-0.0132388146143362	758.232868476398	0.367233382566374	0.72555579771723
ZNRF3	betareg	33	35	0.0987891078439185	0.150768738188285	0.512315806966944	0.516402806149822	-0.031016133989391	63.1347408337349	0.367254118310051	0.725596766048974
PPAN	betareg	33	35	0.051628139008923	0.0788561022849172	0.512652360071073	0.513914408969404	-0.0126153895795601	128.439378945405	0.367287221621379	0.72566216941533
PNPLA4	betareg	33	35	0.0503877329896977	0.0769705190597497	0.512701635727798	0.509346803361461	-0.00911397949583605	227.563583932783	0.367287221621379	0.72566216941533
PLEKHD1	betareg	33	35	-0.070914032453443	0.108458110469544	0.513216191019071	0.511801029447518	0.0122063343204456	261.519689308704	0.367534096414318	0.726149928551155
CFAP298	betareg	33	35	0.0917147960389723	0.140406136126039	0.513620427460487	0.517970187035698	-0.00606722713730227	286.249032667905	0.367701830295979	0.726481326229282
CPNE4	betareg	33	35	-0.0597643756061838	0.0916268266451273	0.514234433347532	0.516465414050407	0.0185094058457271	166.557768198836	0.368019577816188	0.727109111083389
TMEM161B	betareg	33	35	0.0485128032456963	0.0744654835798152	0.514736423454556	0.514755327487415	-0.0114361027948649	117.161396321665	0.368094650837366	0.727257435468789
POM121C	betareg	33	35	-0.0446921798566535	0.0686517319533844	0.515047405032151	0.513910124325334	0.0101842393772064	172.198479784876	0.368094650837366	0.727257435468789
TANGO2	betareg	33	35	0.0525867468418356	0.0807925336766963	0.51511993746109	0.516923239153114	-0.00366675061171825	922.428597829924	0.368094650837366	0.727257435468789
MTR	betareg	33	35	-0.0689900828277199	0.106004690555771	0.515162017469591	0.510973579080477	0.00327728355142621	264.47296663906	0.368094650837366	0.727257435468789
TSPAN18	betareg	33	35	0.053355995884683	0.0819881158194903	0.515190324634689	0.518665977189538	-0.00109252426237296	611.59671259914	0.368094650837366	0.727257435468789
IFNAR2	betareg	33	35	0.0570132167612312	0.087820182542201	0.516206504706467	0.515839164617229	-0.0128684963508615	172.68251055783	0.368505978859765	0.728070110583807
FGF2	betareg	33	35	-0.0678200079531475	0.104546049925588	0.516526211120476	0.520272324833597	2.2635067104936e-05	224.002898465439	0.368505978859765	0.728070110583807
CASKIN1	betareg	33	35	0.0323260423838679	0.0499041262010305	0.517138303147225	0.517309297283044	-0.00440630498111574	353.812235272394	0.368505978859765	0.728070110583807
DCAF10	betareg	33	35	-0.0293715914790545	0.0453701707647558	0.517388171232989	0.518117068478555	0.00644763508201846	463.671125579758	0.368505978859765	0.728070110583807
SLITRK2	betareg	30	33	-0.124535199738913	0.192378576688434	0.517409053430697	0.518145813685397	0.0214743370643688	119.089298242693	0.368505978859765	0.728070110583807
SEMA3C	betareg	33	35	0.0516924096299544	0.0798932585501448	0.517620024389659	0.520020074932621	-0.00361162809360648	2124.27406234382	0.368505978859765	0.728070110583807
UBE2Q2	betareg	33	35	0.0416142313359963	0.0643360282888587	0.517744407107932	0.517961675038376	-0.00658293594810675	616.160472030628	0.368505978859765	0.728070110583807
SNX13	betareg	33	35	0.034144678250153	0.0528140621618411	0.517950852397372	0.519288986537811	-0.0071054621278597	255.496230007575	0.368505978859765	0.728070110583807
LBR	betareg	33	35	0.0368384586536572	0.0569857580867849	0.517987793980222	0.517152992152029	-0.00778303835977849	353.649853059476	0.368505978859765	0.728070110583807
SKP1	betareg	33	35	0.0582949580782563	0.0901875895108824	0.518036850606266	0.521196819296198	-0.000850635769770882	7534.23193074155	0.368505978859765	0.728070110583807
FBXW8	betareg	33	35	-0.0571405661516396	0.0884296864836586	0.518169590719848	0.515765177717119	0.0128032599240674	244.950051140255	0.368505978859765	0.728070110583807
SEPTIN8	betareg	33	35	0.0387913625661738	0.0600460601550292	0.518262015797672	0.519314798943254	-0.00859560844234547	153.733272406207	0.368505978859765	0.728070110583807
KIT	betareg	33	35	-0.0363055185219345	0.056204391153234	0.518308371637279	0.518985105685023	0.00760393947446597	171.715320341065	0.368505978859765	0.728070110583807
RBM12	betareg	33	35	0.0383447996847634	0.0593749455470988	0.518403871645091	0.517837397514123	-0.00280280815623795	1274.92753365545	0.368505978859765	0.728070110583807
MTMR4	betareg	33	35	-0.0315025899161566	0.0487843881279429	0.518440327338514	0.51865575015779	0.00658869338689387	1586.488913002	0.368505978859765	0.728070110583807
ANKRD17	betareg	30	32	0.090545111020319	0.140298043759741	0.518682994939666	0.510794694547243	-0.00293368820866597	403.402929898874	0.368505978859765	0.728070110583807
MGMT	betareg	33	33	0.0953402671937407	0.147744778529767	0.518730329862366	0.530678340124034	-0.0144556528912174	258.500201671013	0.368505978859765	0.728070110583807
PLEKHO1	betareg	33	35	-0.0759763217090034	0.117781420149646	0.518886990112626	0.514218254232199	0.00255909264514299	844.185425079851	0.368505978859765	0.728070110583807
ZNF641	betareg	33	35	0.0342215810470348	0.0530675079887781	0.519012201673301	0.51929176987674	-0.00844129737526123	499.325261181535	0.368505978859765	0.728070110583807
IRS2	betareg	33	35	0.0537581068615117	0.0833950988093828	0.519173795213868	0.528242578214165	-0.00355974852371306	384.617278285569	0.368505978859765	0.728070110583807
SFRP1	betareg	33	35	0.0518462709788923	0.080480912410453	0.519441987014365	0.521556552789262	-0.0106073482372831	269.429675282898	0.368543701221166	0.728144639968437
C2orf15	betareg	33	35	-0.0380550429893984	0.059090594765715	0.519567752694539	0.520095308008795	0.00846159910207544	139.365497763504	0.368543701221166	0.728144639968437
ARFRP1	betareg	33	35	0.0167238737136464	0.0260462287686377	0.52081847045935	0.521336123109752	-0.0036554115601704	855.637104929703	0.369309744865897	0.729658139105837
RAB29	betareg	33	35	0.052709033520444	0.0822605252845873	0.521680368024875	0.516859750293092	-0.00615170723584333	185.194005329484	0.369793126332717	0.730613172723178
GLTP	betareg	33	35	0.0448342126621667	0.0700215719880136	0.521983149379704	0.517032379220042	-0.00699512134590828	267.659131936665	0.369793126332717	0.730613172723178
ARIH1	betareg	33	35	0.0374675352500694	0.058520590186404	0.522013109366689	0.524141472307362	-0.00548392880733779	1316.98777155762	0.369793126332717	0.730613172723178
NRG2	betareg	33	31	0.106304496604359	0.166296365463507	0.522662089495577	0.519941676610489	-0.00926468659331913	98.2122406501277	0.370131627278124	0.731281960843026
ASPH	betareg	33	35	0.0738641906025119	0.115815131925139	0.523619060404907	0.529825334074754	-0.00698265203585198	203.40333598743	0.370687943886475	0.732381094962411
ZBTB41	betareg	33	35	-0.0651269535486111	0.102166714138729	0.523826786811325	0.520965892244427	0.0153671539277004	369.949021693057	0.370713654023189	0.732431891375914
TADA2A	betareg	33	35	-0.0411173041052139	0.0645752846504316	0.524297872684451	0.526075785870648	0.00748599836883274	168.356605562931	0.370818546303326	0.732639130710905
TARDBP	betareg	33	35	-0.0303317401928567	0.0476387119763359	0.524317917555335	0.526337973372253	0.00384554158507281	1701.14983588477	0.370818546303326	0.732639130710905
TRIM36	betareg	33	35	0.0330561936746198	0.0521003887680623	0.525773387708693	0.52659012027548	-0.00534559129323194	1251.37240631206	0.371677813318903	0.734336814512367
MXD1	betareg	33	35	0.0426148658485976	0.0671827111784568	0.525876586100595	0.526255037450003	-0.00897851398520769	288.996312555126	0.371677813318903	0.734336814512367
CREG2	betareg	33	35	0.0530969007872277	0.0837469110219296	0.52607023034307	0.525272186329717	-0.000549032632169799	1482.21146233773	0.371693208371169	0.734367231053884
PRRG1	betareg	33	35	0.0498542699852559	0.0786995843699128	0.526423080302467	0.529826217117609	-0.0137193389951874	243.074830664287	0.371821042912588	0.734619798214383
ZNF236	betareg	33	35	-0.0593602489615563	0.0939033933101037	0.527294300786484	0.527454544941944	0.00651618983843298	61.7803914141248	0.372301251995398	0.735568564042029
TMEM170B	betareg	33	35	0.0329303511217737	0.0521126035122847	0.527447245547572	0.529659119281855	-0.00675245761620567	872.684581668217	0.372301251995398	0.735568564042029
NOP9	betareg	33	35	0.0756441485631672	0.119886162623532	0.528062449847423	0.524169751864518	-0.0155023813550797	127.842035107336	0.372613886722702	0.736186247372933
RPUSD4	betareg	33	35	0.0215993165318227	0.0343580692706999	0.529576002472071	0.530289552339259	-0.00480544912383493	312.627470880597	0.373560007494456	0.738055531168676
SYN3	betareg	33	35	0.0738791471187722	0.117846238214165	0.530717331184939	0.531041831532735	-0.00957167549795629	494.966658514271	0.373896697357591	0.738720741070135
CLPX	betareg	33	35	0.049615520092607	0.0791551445020839	0.530781435844874	0.531378369076249	-0.0115397891181918	143.170431622129	0.373896697357591	0.738720741070135
DDA1	betareg	33	35	0.0611457110790625	0.0976072345896665	0.531022113759858	0.533067634459574	-0.0169530918689051	973.83680299319	0.373896697357591	0.738720741070135
CSNK2A1	betareg	33	35	-0.0525259636299599	0.0838604827918923	0.531085786605451	0.527914289663826	0.0030385225929123	2551.56007775506	0.373896697357591	0.738720741070135
CPNE3	betareg	33	35	-0.0309854815503893	0.049487712142573	0.531233117477151	0.532946915223768	0.00398945546557961	736.018931643551	0.373896697357591	0.738720741070135
FTO	betareg	33	34	0.120393873547776	0.192318708845083	0.531306886297541	0.527533740635882	-0.000651032538862396	3978.78352753261	0.373896697357591	0.738720741070135
ELOC	betareg	33	35	0.0494734179695845	0.0790319525301475	0.531319790750527	0.529879741476183	-0.000594721638200469	1980.68793179744	0.373896697357591	0.738720741070135
CACNB4	betareg	33	35	0.0730179303897747	0.116676561194805	0.531436358073858	0.540813194129739	-0.00655797417690966	224.931808460504	0.373896697357591	0.738720741070135
SH3BGRL2	betareg	33	35	-0.0343226878005412	0.0549687693926726	0.532362677249629	0.53506547658464	0.00147022710051364	2827.10126510614	0.374410390075657	0.73973566168338
HIF1AN	betareg	33	35	0.0468975697295922	0.0751600908688397	0.532647917826732	0.538236468131375	-0.012195648932383	1002.27057812794	0.374410390075657	0.73973566168338
ACADM	betareg	33	35	0.0462439363483699	0.0741401214929393	0.532800325155201	0.5320558978043	-0.00960277553745889	261.070052222094	0.374410390075657	0.73973566168338
ZNF251	betareg	33	35	0.0233451472950191	0.0374332282874726	0.532858967156902	0.532257253962541	-0.00335823199036678	541.499058569206	0.374410390075657	0.73973566168338
MPV17L	betareg	33	35	-0.0467981268284296	0.0750816984408138	0.53308998635379	0.534139345561241	0.00997350022821376	84.7883114668314	0.374421406011194	0.739757426251297
TSPAN33	betareg	28	33	-0.102113665129418	0.163880893154118	0.533220892313127	0.546638743612653	0.000904520740316202	320.96099250462	0.374421406011194	0.739757426251297
BRD3	betareg	33	35	0.0529447673708756	0.0850331821971261	0.533523385638292	0.536775467254578	-0.00918742161535209	1399.88544478606	0.374444377065555	0.739802810964295
CLMN	betareg	33	35	0.0720650953839971	0.115763467531911	0.5335998744189	0.535578025408013	-0.0166122152570689	67.1733680631884	0.374444377065555	0.739802810964295
WTIP	betareg	33	35	0.0815091641190642	0.131153267550556	0.534283692193615	0.535022257235283	-0.0188198172734854	61.0408522444321	0.374802624030252	0.740510611982912
CNNM3	betareg	33	35	-0.0414154790498716	0.0667627426460537	0.535035155678629	0.536941940904633	0.007234761916469	297.278235280299	0.375119238483925	0.741136158197959
BLOC1S2	betareg	33	35	-0.0581447885148431	0.0937415254953442	0.535081920908192	0.543128469283618	0.00666357163509956	1966.69642435566	0.375119238483925	0.741136158197959
MTO1	betareg	31	35	-0.0916765408521809	0.147972526311319	0.53555337206167	0.537999142549876	0.00361126622751876	136.53776992611	0.375212099181513	0.741319626315819
TBPL1	betareg	33	35	-0.0573832744520467	0.0926292583339662	0.535590940010131	0.548136051339298	0.00348838262978742	658.847415416809	0.375212099181513	0.741319626315819
CDHR1	betareg	33	34	0.0704288398848686	0.113727790144878	0.53573484813088	0.538966606559422	-0.0101720384107681	610.260496883635	0.375212099181513	0.741319626315819
FGF18	betareg	33	34	-0.0577096701255435	0.0932289287534524	0.53590955253495	0.535632749803293	0.00431411356088464	221.391288521194	0.37521294995228	0.741321307213286
ADAL	betareg	33	35	-0.0360399644262042	0.0583234337140159	0.536619617161325	0.537164193954746	0.00845482840720075	124.193171411786	0.375581422820515	0.742049311906056
ASAH2B	betareg	33	35	0.0735105240035666	0.119009773208868	0.536783155418118	0.53069785902391	-0.00248476642320791	228.73559250168	0.375581422820515	0.742049311906056
FSD1L	betareg	33	35	-0.0389637304497449	0.0631603535638668	0.537299555385929	0.537470641958078	0.00361340449687498	771.792687009099	0.375821156723634	0.742522962536894
SMIM14	betareg	33	35	-0.0391730352335482	0.0635828208068564	0.537832058023306	0.540899754375766	0.00578356881082494	1605.32630883987	0.376071995189658	0.743018552839828
POU3F2	betareg	31	34	-0.0840693163527524	0.136548399837446	0.538109619185926	0.549222046522755	0.00105360240125421	594.155823449508	0.376144464652499	0.743161733284248
VEGFA	betareg	33	35	-0.0528124064789292	0.0859362404891616	0.538849714904526	0.537385951398977	0.00380395476568027	167.884129949621	0.376499193950895	0.743862584326909
SYS1	betareg	33	35	-0.047798783548463	0.0778002258678451	0.538965261192631	0.535687921111578	0.00723278323993445	228.543854856464	0.376499193950895	0.743862584326909
TRIM13	betareg	33	35	0.0394525920437748	0.0642864576137295	0.539413660279621	0.539845959057062	-0.00904370631812132	694.267899323489	0.376690757160664	0.744241062439399
INPP5F	betareg	33	35	-0.0314362497964949	0.0513047073860564	0.540050803666308	0.540428685852765	0.00607442152957871	2336.05929249384	0.376964101228056	0.744781117843627
CNIH1	betareg	33	35	0.0331231170206102	0.0540714421326574	0.540153682236696	0.54100266098087	-0.00622255391768646	1957.74450448734	0.376964101228056	0.744781117843627
CCNDBP1	betareg	33	35	0.0557572197884859	0.0910986339296537	0.540502491838249	0.535353805032235	-0.00370708706681351	1052.36463870698	0.37705231248158	0.744955399892746
HDAC5	betareg	33	35	0.0296604203859812	0.0484756335587163	0.540628760839552	0.540544259525527	-0.0041623076905129	773.729612148505	0.37705231248158	0.744955399892746
MACF1	betareg	33	35	-0.0264998659021149	0.0433684809396363	0.541173262835732	0.541581943922878	0.00590360554164688	487.793388157235	0.377310392335839	0.745465297258892
CHRAC1	betareg	33	35	0.0569419419442423	0.0933828746245068	0.542015124257455	0.540587850793625	-0.00808419107568243	110.55552730015	0.377657619661958	0.746151326393366
PARP11	betareg	33	35	0.0568583062533027	0.0932469622253785	0.542020528229583	0.540902030877408	-0.0122891104012865	90.921235670596	0.377657619661958	0.746151326393366
MIB1	betareg	33	35	-0.0597856057714388	0.098152893684503	0.542453577759862	0.54514270975286	0.000129960554170172	491.261015627028	0.377837624731542	0.746506968685311
HADH	betareg	33	35	0.0287564844015455	0.0472355552003998	0.542664333951514	0.543288919808389	-0.00642228143825767	195.271855917682	0.377862728766766	0.746556567602969
CHORDC1	betareg	33	35	0.0430637343978481	0.0707912281544678	0.542975123102527	0.546043644117752	-0.00801748750351887	209.490591623593	0.377957448197158	0.746743708084036
RPS6KA3	betareg	33	35	-0.0665743617127666	0.109552912385514	0.543392173925249	0.551112096958985	0.00221301731888668	2330.72216638064	0.378021713164875	0.746870678621386
UTP6	betareg	33	35	0.0655339119046441	0.10784742510334	0.54341702312986	0.563182611153192	-0.0126346818658239	172.342770896191	0.378021713164875	0.746870678621386
EDC3	betareg	33	35	0.0227939269473018	0.037530387299105	0.543621381566217	0.543748433137108	-0.00488687719952059	717.712485915115	0.378042276626725	0.746911306569918
BMPR2	betareg	33	35	-0.0358628206257694	0.059137237014637	0.54422671535141	0.544013532623296	0.00749763840956493	1355.17140918775	0.378220709241074	0.747263842107232
ARL6	betareg	33	35	0.0303292996370692	0.0500166662873662	0.544259877339284	0.544097024948313	-0.00529950286041599	396.485330676981	0.378220709241074	0.747263842107232
FAM184B	betareg	33	35	-0.0793497691721384	0.130903730220255	0.544402607179924	0.543655626797582	0.0143960412956679	122.625699404339	0.378220709241074	0.747263842107232
SEMA3A	betareg	33	35	0.0423693193981752	0.0699671876081868	0.5448070726573	0.544431422368399	-0.00869043105160508	355.60932972105	0.378380161003698	0.747578876514016
ARSK	betareg	33	35	0.0488588248527105	0.0807528318544122	0.545151337533705	0.54606539911368	-0.0118277215160039	77.3491768336621	0.37849771320735	0.747811128501291
PRR29	betareg	33	35	0.0634485418501562	0.104969995021573	0.545548121599945	0.546416929311421	-0.0172595121297668	74.1262754866789	0.378569530218841	0.747953019874829
MDH2	betareg	33	35	0.0281815403263621	0.0466399135681879	0.545686386009715	0.549568608419255	-0.00547660301225829	2524.78729136419	0.378569530218841	0.747953019874829
ATG12	betareg	33	35	0.0462114815166587	0.0764969325256251	0.545779900765204	0.544718237311667	-0.00485408653433951	1448.20302915657	0.378569530218841	0.747953019874829
MKRN2	betareg	33	35	-0.0159238592730522	0.0264244507295507	0.546762600763509	0.547401291940701	0.00357381922387046	609.789963846421	0.379039297349673	0.748881155173887
LZTFL1	betareg	33	35	-0.039936862145482	0.0663473988582804	0.547216997917841	0.549750966541019	0.00532298701644243	126.920005008662	0.379039297349673	0.748881155173887
GPATCH2	betareg	33	35	-0.0701255497113074	0.116550465999417	0.547390219699337	0.553958557516148	0.00648451323608241	166.012756259872	0.379039297349673	0.748881155173887
NAMPT	betareg	33	35	-0.0384186938218971	0.0638628182980401	0.547452706852021	0.548032430876243	0.00859968184492529	232.692484309492	0.379039297349673	0.748881155173887
SERINC3	betareg	33	35	-0.0322201976471694	0.053575436071477	0.547574463814925	0.543856620656981	0.00528081149880115	3798.84933106046	0.379039297349673	0.748881155173887
DDX54	betareg	33	35	0.0825914899518353	0.137339694753043	0.547595913907474	0.561652218780661	-0.011365134593053	171.15234091226	0.379039297349673	0.748881155173887
MCM4	betareg	33	35	-0.0316952911607328	0.0527273055497796	0.547761916912425	0.54788709697446	0.00698673441446701	260.501769019054	0.379039297349673	0.748881155173887
CENPP	betareg	33	35	0.0614147924391627	0.102261156123634	0.54812766286897	0.547361949082513	-0.00829872272376684	351.527577260107	0.379039297349673	0.748881155173887
NFX1	betareg	33	35	-0.0275412814617524	0.0458746332103082	0.548266533346959	0.548793482071876	0.00600847768739167	156.384742304512	0.379039297349673	0.748881155173887
NALCN	betareg	33	35	0.0260025381417434	0.0433185727559331	0.548330946984922	0.548719992652148	-0.0059504752849992	252.843309280764	0.379039297349673	0.748881155173887
VPS33A	betareg	33	35	-0.029951123862794	0.0499111925523206	0.548447373930981	0.55022141869564	0.00630883375214628	840.104387680403	0.379039297349673	0.748881155173887
DCAF5	betareg	33	35	-0.0405439854778041	0.0675824406323792	0.548560265783821	0.546844549877613	0.00845643775293561	1764.67180424957	0.379039297349673	0.748881155173887
ADSL	betareg	33	35	-0.0617237845798321	0.103024110452308	0.549092998098015	0.553732071321356	0.00678590940452813	412.985937851572	0.379286222282898	0.749369013373625
CBX6	betareg	33	35	0.0716233998027802	0.119636560023492	0.549389730607258	0.546829430668815	-0.0184574839471546	996.805023020684	0.379370024620428	0.749534584573695
RAE1	betareg	33	35	0.0280446806514315	0.0469180693975133	0.550015225403671	0.551477571878469	-0.00356319419228575	610.412596528933	0.379680721183087	0.750148438605134
ACVR1	betareg	33	35	0.0287970666341845	0.0482503963767501	0.550623895328026	0.550943364032767	-0.00685962743948481	154.611740699189	0.379979608808313	0.750738961307165
B3GALNT2	betareg	33	35	0.0552304728627946	0.0925965242350898	0.550865443495563	0.560474388357138	-0.0045720732244119	350.162955701311	0.380025039804941	0.750828720911177
FGF12	betareg	33	35	0.0196299094706215	0.0329380613797202	0.551199060426742	0.551946974815261	-0.00446832815534532	1134.63867904833	0.380133936967874	0.751043872832739
FAIM2	betareg	33	35	0.0387951459642324	0.0652709318171101	0.552264031672784	0.551528225371361	-0.00710903023915549	2559.75240417792	0.380746981766106	0.752255086814729
PVR	betareg	33	35	0.0434051034448327	0.0730967573487167	0.552643611054327	0.553228363221855	-0.00363120344337171	1066.10384590476	0.380764359479856	0.752289420569668
MTARC1	betareg	33	35	-0.0724471303691139	0.122038510985627	0.552751886924071	0.551726187275309	0.0196281278983594	217.492696210671	0.380764359479856	0.752289420569668
WDR17	betareg	33	35	0.0609790579408323	0.102737283325245	0.552817407111808	0.551825340539368	-0.0129726541242173	107.231447200725	0.380764359479856	0.752289420569668
ZSWIM7	betareg	33	35	0.0810784435232123	0.136730884680737	0.553195694545032	0.551348197966106	-0.0115767001145109	603.560558381411	0.380903605849249	0.752564534476575
SMIM19	betareg	33	35	0.0400694732636283	0.0676393096374319	0.55358329850098	0.555869770634858	-0.00699334657775528	440.809790539063	0.381049176445167	0.752852143378322
ZC3H18	betareg	33	35	0.0430530586381802	0.0728230659597582	0.554385851975431	0.556741212658311	-0.0086161389340034	91.2951916824178	0.38148018662352	0.753703705215086
ZNF615	betareg	33	35	0.0447558150572454	0.0758140421045374	0.554964907289846	0.559065324336455	-0.00200878201073535	259.567730958382	0.381757179518829	0.754250969735849
GZF1	betareg	33	35	-0.0573209545987243	0.0971997445133822	0.555376168147573	0.556545199770136	0.00623904276954209	308.823955831985	0.381796733679065	0.754329118269302
SORCS3	betareg	33	35	-0.0607150837931194	0.102964146839361	0.55541050943568	0.553205188105631	0.0138969879404823	86.9552242239386	0.381796733679065	0.754329118269302
PDE12	betareg	33	35	0.0291326390375214	0.0494224974883156	0.55555200917236	0.555854310042607	-0.00707732149166413	342.285133125739	0.381796733679065	0.754329118269302
DIAPH1	betareg	33	35	0.0352326654367876	0.0599132467998513	0.556491107248779	0.557436278419869	-0.0066819174453337	280.060569836327	0.382320630708578	0.755364199896452
FRAT2	betareg	33	35	0.0280628341747204	0.0477854610863575	0.557024262911023	0.557176156961774	-0.00654756570464024	345.920874322002	0.382565392926474	0.755847785144109
LHFPL2	betareg	33	35	-0.0369841964514489	0.0631144969050211	0.557885084069399	0.560452317911763	0.00579738979674199	462.837040716308	0.382907417501084	0.75652353502103
PTPN18	betareg	33	35	0.0140011550615142	0.0239085520677232	0.558135718271259	0.559574242154077	-0.00278723457792425	906.185961605208	0.382907417501084	0.75652353502103
GDPGP1	betareg	33	35	0.0758235040344476	0.129592757520873	0.558486800195464	0.562086264635298	-0.0128975759814783	81.6650607465555	0.382907417501084	0.75652353502103
ZBTB8A	betareg	33	35	0.0503977874477541	0.0861381728871409	0.558493416769729	0.559154010384068	-0.00697530017379303	182.129798201935	0.382907417501084	0.75652353502103
NFIB	betareg	33	35	-0.039974702326614	0.0683248647614362	0.558501892707727	0.558681353168961	0.00687817834840872	180.496302847244	0.382907417501084	0.75652353502103
KLHL26	betareg	33	35	-0.0271025340039429	0.0463334557045874	0.558584543176071	0.557629421037667	0.00522030286323479	387.723582904697	0.382907417501084	0.75652353502103
OTUD4	betareg	33	35	0.0646792474745514	0.110709998806714	0.559070776300631	0.557448850376922	-0.00821054833658418	170.96983233189	0.382978724737191	0.756664419213569
METAP1	betareg	33	35	0.0218628401448704	0.037430912042469	0.559163020389906	0.559662997752638	-0.00483158031321718	448.590638938387	0.382978724737191	0.756664419213569
FAM117B	betareg	33	35	0.0359620784666575	0.0615922327145289	0.559305358032151	0.558333807132598	-0.0060012811632987	668.26636575949	0.382978724737191	0.756664419213569
HERPUD1	betareg	31	30	-0.0976796725572439	0.167334908477983	0.55939688750191	0.557399572421771	-0.000180801946811563	1430.3617516859	0.382978724737191	0.756664419213569
IER3	betareg	33	35	0.036480444131137	0.062545834237043	0.559718706788894	0.561564634346735	-0.00912182228911893	223.640488693978	0.382999126204163	0.756704727103173
CDH7	betareg	33	35	0.0411254114003676	0.0705473810336829	0.5599287193367	0.561102508478211	-0.00923501265854055	460.394135364043	0.382999126204163	0.756704727103173
PDCD4	betareg	33	35	-0.0349864171552109	0.060020894860253	0.559957956260293	0.561028707103072	0.00679555181371817	422.093124297209	0.382999126204163	0.756704727103173
ZDBF2	betareg	33	35	-0.0918117831424515	0.157645199648412	0.56030061835103	0.554380524376526	0.0263719931174048	584.525864839432	0.383112338262705	0.756928404114432
GABRB2	betareg	33	35	-0.0438624661136572	0.0754297404126504	0.560902874531469	0.564009802234954	0.00509847494952926	331.0263100215	0.383402923263507	0.757502523031912
MCFD2	betareg	33	35	0.0278146970144738	0.0478727648198419	0.561231715808016	0.558673657488531	-0.00544524719053221	2347.3239383971	0.383409276451294	0.757515075246529
AMFR	betareg	33	35	-0.0192017809280732	0.0330689404739566	0.561470237991797	0.561764040373805	0.0039379721724687	1202.62219530578	0.383409276451294	0.757515075246529
RETREG1	betareg	33	35	0.0359285056663392	0.0619137794748149	0.561712986965203	0.56235620173848	-0.00471808927182555	1189.11092371807	0.383409276451294	0.757515075246529
WDFY3	betareg	33	35	0.0267819706879745	0.0461789014570854	0.561940789326718	0.562994612962934	-0.00602805989713433	397.990568605557	0.383409276451294	0.757515075246529
SZT2	betareg	33	35	-0.0373386073715531	0.0643942354827512	0.562019861530547	0.562333557089671	0.00686170509813324	228.242441718906	0.383409276451294	0.757515075246529
ZNF765	betareg	33	35	-0.066197542907318	0.114166432800216	0.562026782481393	0.552582622410966	0.0140468398758386	149.335972849226	0.383409276451294	0.757515075246529
MANEA	betareg	33	35	-0.0536696091657807	0.0925902639533491	0.562153125112741	0.561970170908167	0.00640803140308862	133.274614560353	0.383409276451294	0.757515075246529
JAG1	betareg	33	35	0.0628264049427557	0.108542741619888	0.562712529381133	0.562647531415029	-0.0132632662494782	83.4118176856798	0.383569920767843	0.757832465823681
C12orf43	betareg	33	34	-0.0602396449098705	0.104081914246676	0.562743368607194	0.568712290789947	0.00681143681689885	642.181498141245	0.383569920767843	0.757832465823681
MFSD4B	betareg	33	35	-0.0534292643522744	0.0923978044498388	0.563093637068267	0.569346920731921	0.00702230042924033	281.101293478883	0.383687743560791	0.758065252423662
UVSSA	betareg	33	35	-0.0701602353059122	0.121460379944813	0.56350796574614	0.563619683868159	0.0179179731980974	128.699986726256	0.383849128533586	0.758384106341183
DVL3	betareg	33	35	0.0364391130709446	0.0631979589094786	0.564218573649067	0.565313111718711	-0.00831763362124888	446.990059084204	0.384134225189338	0.758947381743994
ATL3	betareg	33	35	0.0869921807514668	0.151022223426172	0.564600053774401	0.576337583517332	-0.00499988790147895	149.091580917199	0.384134225189338	0.758947381743994
NUDT16	betareg	33	35	0.0318216692335892	0.0552465260996029	0.564619216578371	0.563394242792869	-0.00665007791189044	545.040052887577	0.384134225189338	0.758947381743994
AP5B1	betareg	33	35	0.0645858323849508	0.11218748376162	0.564821000491631	0.564794835113435	0.00320852265937675	503.513599202506	0.384134225189338	0.758947381743994
EIF5A2	betareg	33	35	0.0392779987265277	0.0682689940491234	0.565060228236507	0.565847026099674	-0.0089934870524571	151.141466294222	0.384134225189338	0.758947381743994
ONECUT3	betareg	33	35	-0.0605204555717359	0.105197043242189	0.565084586693772	0.575002745403739	0.00379648082961166	1386.72270348025	0.384134225189338	0.758947381743994
TYW3	betareg	33	35	-0.0601857441548672	0.104638166506587	0.565169803114764	0.564759672169423	0.00754570635704302	62.9676662194566	0.384134225189338	0.758947381743994
ZNF382	betareg	33	35	-0.0706911174208579	0.123068386148148	0.565693654357204	0.564545670280665	0.011666753538356	330.001228171837	0.384369481109118	0.759412185067022
ZNF395	betareg	33	35	-0.0842682978209633	0.146853312234433	0.566085326545743	0.570338260028745	0.00817930925478074	70.3657367342551	0.384489256192442	0.759648828875165
BCL2L13	betareg	33	35	0.0180494674713368	0.0314659381418599	0.566225490280225	0.567029059780139	-0.00432365292408283	875.110199643405	0.384489256192442	0.759648828875165
KIAA1549L	betareg	33	35	0.0435055605521682	0.0760109351366874	0.567078628302669	0.571492342776457	-0.00962014543222792	531.969073098274	0.384826924440635	0.760315971806097
POP1	betareg	33	35	0.0623723385087471	0.108976950776941	0.5670887313409	0.568370054421538	-0.0176052186947539	51.957547917817	0.384826924440635	0.760315971806097
ATP11B	betareg	33	35	-0.0500219302476578	0.0874634655408383	0.567377529156272	0.570010562847997	0.00453913370692153	136.525400444868	0.384826924440635	0.760315971806097
LRCH1	betareg	33	35	-0.0475417220250553	0.0831407971218873	0.567442692408784	0.567840016694626	0.0100871144714492	81.9272630955532	0.384826924440635	0.760315971806097
ZNF121	betareg	33	35	-0.0428541783850014	0.0749760840549477	0.567612438582132	0.568436740247276	0.00901276503129696	328.789635139892	0.384826924440635	0.760315971806097
TCF7L2	betareg	33	35	0.0519777912633788	0.091246646037042	0.568921507420752	0.569037529570559	-0.0135812514503298	123.81167934849	0.385593564387445	0.761830649078305
GPR161	betareg	33	35	0.0364298105999801	0.064107183937739	0.569855658150637	0.570573384356809	-0.00964064027508936	593.249467835239	0.386084657055791	0.762800917985357
KLHL24	betareg	33	35	0.0493077715237702	0.086802289059639	0.570003119851918	0.571147930314064	-0.0150717664146974	518.979386559481	0.386084657055791	0.762800917985357
APBB2	betareg	33	35	0.0313332458028659	0.0551905530644892	0.570219386811786	0.573867524287801	-0.00419084202613164	1087.6448607157	0.386110218877219	0.762851421367176
KDM5B	betareg	33	35	-0.0242373109581601	0.0427819075202207	0.571032323744981	0.571251718050762	0.0052983990090139	797.180800049804	0.38638291608081	0.763390198740041
ARID1B	betareg	33	35	0.0498450314597772	0.0879856920091303	0.571045151309102	0.569448215505558	-0.012279024799444	1038.60241672933	0.38638291608081	0.763390198740041
CSRNP2	betareg	33	35	-0.018222518293669	0.0321898421670068	0.571328999516349	0.572483735414338	0.00400064482056836	1411.45185296408	0.38638291608081	0.763390198740041
PRUNE1	betareg	33	35	0.0144893267244579	0.0255957220177896	0.571336731937901	0.572689097930413	-0.00315745513162405	837.986567592654	0.38638291608081	0.763390198740041
FKBP15	betareg	33	35	0.0496448024240247	0.0879303776237706	0.572351194491687	0.573936035629689	-0.00508596008497954	388.387886681514	0.386947978726917	0.764506612711153
TPM3	betareg	33	35	0.0457702451307832	0.081128540070092	0.572638805863125	0.575117522235092	-0.000533941930560009	3490.10294121289	0.387021441389081	0.764651755454104
DOK4	betareg	33	35	0.0207385737600798	0.0368227764939988	0.573298961046654	0.574115700477126	-0.0045400056607831	2543.59109266202	0.387321261526557	0.7652441205531
RNF138	betareg	33	35	-0.0524536643093981	0.0931695312418402	0.57344059770911	0.57321971556606	0.0120689277797805	271.487570558251	0.387321261526557	0.7652441205531
RAB11FIP2	betareg	33	35	0.0484756312601104	0.086220790506855	0.573961566324046	0.573454632687562	-0.0102493127780795	591.99640552541	0.387552107041299	0.765700210085123
NOL4	betareg	33	35	0.0559465921810503	0.0995883584617744	0.574266986519608	0.574249781200006	-0.00622718817545223	202.426745693958	0.387569419212864	0.765734414346081
HS6ST2	betareg	33	35	-0.0296824150136216	0.0528537257842651	0.574391641214173	0.573013689494664	0.00587198688073879	672.838417761002	0.387569419212864	0.765734414346081
TMEM242	betareg	33	35	0.0336634171300792	0.0599633256377802	0.5745248145082	0.57878481267592	-0.00420980122552112	1388.28807082984	0.387569419212864	0.765734414346081
TDP1	betareg	33	35	-0.0380305963507075	0.0679597162818107	0.575748900482985	0.57553361819198	0.00519650182789635	167.701677267213	0.388274068346624	0.767126614207606
HINFP	betareg	33	35	0.0520798665768716	0.0932680439778976	0.576578659831892	0.574476357550586	-0.00590582838780633	389.592286461391	0.388666002594201	0.767900972365532
ZNF101	betareg	33	35	-0.0772461242820969	0.138377661349137	0.576689496915748	0.577298886091557	0.0220072305647892	60.2703075917273	0.388666002594201	0.767900972365532
PARM1	betareg	33	35	0.0335053806561149	0.0600576975346258	0.576921868100188	0.578192479030219	-0.00843017271583381	995.816154064314	0.388701483078949	0.767971072396294
DHX36	betareg	33	35	-0.0681830865655172	0.122364303989304	0.577381318867368	0.578851387477694	0.0123102345859716	253.472828599041	0.388704753851537	0.767977534575733
ITGA6	betareg	33	35	0.0395861486076138	0.0710473115892127	0.577404380520678	0.575676843781822	-0.00798255644358975	242.51310789217	0.388704753851537	0.767977534575733
MAGT1	betareg	33	35	0.0597345861111207	0.107226087218838	0.577465906527459	0.574153985170159	-0.0103517014040766	115.152366934021	0.388704753851537	0.767977534575733
PCYT1A	betareg	33	35	-0.0315355759017556	0.056686389360751	0.57799448321686	0.578363834236508	0.00688588790534272	326.930367524628	0.388881401140122	0.76832654278269
GPR61	betareg	33	35	0.0335360323248188	0.0602971073667301	0.578087955779628	0.576574906495052	-0.00306329498932798	479.446785098944	0.388881401140122	0.76832654278269
EAF1	betareg	33	35	-0.0355025430284242	0.0638823314428312	0.578382441321179	0.576782083008207	0.0075651842090505	579.879539202542	0.388896714487513	0.768356797897038
HPS4	betareg	33	34	-0.0708257502602957	0.127471462078089	0.578470353109004	0.570566527156913	0.00479272524490226	315.190496422538	0.388896714487513	0.768356797897038
GPN1	betareg	33	35	0.018264908476934	0.0328985931648048	0.578765985869933	0.577885295671528	-0.0033188372335191	723.803649236427	0.388974551640941	0.768510583474898
CCAR1	betareg	33	34	-0.0782550161030656	0.141127689913826	0.579238101666086	0.574999070747151	0.0101878513804099	62.2682837761716	0.389170913544843	0.768898542534696
NASP	betareg	33	35	0.0319763086820087	0.0577578790076523	0.579834293279398	0.580710272426246	-0.00706129308836168	194.224838545579	0.389352625043273	0.769257556277609
RFT1	betareg	33	35	-0.060948510015413	0.110099497022487	0.579868614268705	0.579681375884106	0.0109967581620525	145.839224007785	0.389352625043273	0.769257556277609
LSM5	betareg	33	35	-0.0373269926623029	0.0676423158985841	0.581065505050219	0.584602249646066	0.00440936433883378	451.010683915339	0.390035185702854	0.770606115170572
GPR83	betareg	33	35	0.0349346657512522	0.0634863516822751	0.582133862662543	0.585451665474405	-0.00668094297930108	963.723397356643	0.390631072799262	0.771783430082856
CCNF	betareg	33	35	-0.030514780349744	0.055550456647088	0.582788291474874	0.581610174259077	0.00665496791088654	340.482127848571	0.390948916479214	0.772411404923119
AATK	betareg	33	35	0.0353451235176475	0.0644096026243479	0.583173254675401	0.583306840439771	-0.00781579799942657	296.313149502959	0.390982559389471	0.772477874393893
POU6F2	betareg	33	35	-0.0471661682659762	0.0859711565679668	0.583260889474446	0.583270470108314	0.0107041258473761	178.424915976925	0.390982559389471	0.772477874393893
BEND4	betareg	33	35	0.0714459818053673	0.130268157159083	0.583380786489373	0.585128457037442	-0.0188826115634832	252.388699528397	0.390982559389471	0.772477874393893
SLC26A2	betareg	33	35	-0.0691371494715477	0.126149916106328	0.583653826803394	0.581471142050244	0.0128404557865432	210.874332003934	0.391044372442635	0.772600000598172
APEX2	betareg	33	35	-0.0752518123990515	0.13743806164817	0.584012914190265	0.5907764425295	0.00219912490086172	218.855459561375	0.391163780350053	0.772835918964077
EMC1	betareg	33	35	0.0437238550237311	0.0799766863068604	0.584579693920195	0.582107998636499	-0.00542294730543184	643.27931714733	0.391370416263013	0.773244176741778
FBXL20	betareg	33	35	0.0421170871928893	0.0770589576886487	0.58468334543709	0.586361080188875	-0.00761757108885777	400.266397270545	0.391370416263013	0.773244176741778
ARHGAP24	betareg	33	35	-0.0531466460102361	0.0974635380853278	0.585548765551954	0.5862722258256	0.00968573964670975	122.122761009664	0.391624116753982	0.773745421647183
STAR	betareg	33	35	0.0649668921135577	0.119222685118278	0.58580815637891	0.582820532749245	-0.0093244980866975	116.71763684459	0.391624116753982	0.773745421647183
PPAT	betareg	33	35	-0.0506698632226917	0.0930187353166911	0.585940947684525	0.586399143409147	0.014409906642714	255.17783427923	0.391624116753982	0.773745421647183
PPM1E	betareg	33	35	0.0288727691559318	0.0530374717550769	0.586177018528233	0.588087113400982	-0.00672092265983088	1412.77506606128	0.391624116753982	0.773745421647183
CYRIB	betareg	33	35	-0.0306969978874216	0.0564000611941561	0.586254021826413	0.586735453985278	0.00677091148835599	1216.52727467941	0.391624116753982	0.773745421647183
GNA12	betareg	33	35	-0.0173797787355961	0.0319452999453905	0.586408395245703	0.586297710721338	0.00383150196665951	2026.84427844605	0.391624116753982	0.773745421647183
MAP2K6	betareg	33	35	-0.0389585702999391	0.0716184008170138	0.586459150081597	0.588634745770578	0.00661137191605001	407.97220365395	0.391624116753982	0.773745421647183
TRIM4	betareg	29	32	-0.087591929374822	0.161044477404763	0.586510980743091	0.583367635341481	0.00436678285446145	192.71566393793	0.391624116753982	0.773745421647183
MESD	betareg	33	35	0.0446393283159521	0.0822107434335396	0.587139059949723	0.59266745081604	-0.0051181345543325	892.045533418402	0.391899756701976	0.774290013102765
SUPT4H1	betareg	33	35	-0.0164975757635519	0.0303982737412826	0.587326574253617	0.58774005750228	0.0037824226437065	646.811096426291	0.391899756701976	0.774290013102765
SLK	betareg	33	35	-0.0454187871462407	0.0837197648113385	0.58746740521394	0.587110478178525	0.00247483791347951	233.032503337993	0.391899756701976	0.774290013102765
FITM2	betareg	33	35	0.0241784696427922	0.0446441979175447	0.588106870489085	0.589512676701272	-0.00476958160104548	839.465629220493	0.39220536789719	0.774893819796441
GLIPR2	betareg	33	35	0.0214818379464683	0.0396879263581101	0.588322293158914	0.589115680328209	-0.00396598867628787	288.945967771062	0.392228086074536	0.774938704891505
SMIM13	betareg	33	35	0.0391547776500177	0.0723927814387203	0.588600104227249	0.591349627502364	-0.00863175879868044	907.034180110104	0.392292371100153	0.775065715057946
TMEM127	betareg	33	35	-0.0235481167374634	0.0436467747360703	0.589531121921815	0.587091950221014	0.00282342079077873	3274.26729465945	0.392791833962077	0.77605252124828
PDE4DIP	betareg	33	35	-0.0173336948788964	0.0321834305872872	0.590169338842103	0.590674073573886	0.00351890685236585	401.403808343129	0.393095962438319	0.776653398482385
ATF1	betareg	33	35	0.0704887598924849	0.13106479235105	0.590703992423121	0.586671901718438	-0.0159880719681496	53.4751964236963	0.393330944119553	0.777117659982757
SPTB	betareg	33	35	-0.0551226521538228	0.102574223467896	0.590996295502609	0.591463176786282	0.0124650042918162	114.879317453837	0.393404457353239	0.777262902641627
WNT4	betareg	33	35	0.05320554818876	0.0993255801111757	0.592187930414523	0.596921823790979	-0.0122443757726268	372.080774823388	0.39344989668074	0.777352678705237
TNFAIP8L1	betareg	33	35	0.0510466113246925	0.0953379127424154	0.592353763101594	0.589953252230745	-0.00988067341677103	178.327606675989	0.39344989668074	0.777352678705237
ZZZ3	betareg	33	35	-0.0336377602464044	0.0628251120486348	0.592360137292722	0.592214988422969	0.00803346806793082	278.925733591744	0.39344989668074	0.777352678705237
DDX19B	betareg	33	35	-0.0370851386541506	0.0692675107575668	0.59238014300586	0.591995952603127	0.00945161656117292	272.111224012041	0.39344989668074	0.777352678705237
SLC25A16	betareg	33	35	-0.0542639726437388	0.101367885493827	0.592430534593557	0.592781272520386	0.0112471437802182	76.5344927908648	0.39344989668074	0.777352678705237
RBBP4	betareg	33	35	-0.029314587783627	0.0547798078089864	0.592556568173992	0.591785592011051	0.00588958037237618	1776.29894868872	0.39344989668074	0.777352678705237
SKA2	betareg	33	35	0.0313735336263938	0.0586414332709517	0.592645531723957	0.592241950853628	-0.00432406039937037	754.204646516626	0.39344989668074	0.777352678705237
CAMLG	betareg	33	35	-0.0478360016161147	0.0894185845190973	0.59267260161482	0.587364870353717	0.00115868592859868	1069.2389330009	0.39344989668074	0.777352678705237
ZC4H2	betareg	33	35	0.0123586796846779	0.023105889141509	0.592738773890686	0.592650798621089	-0.0022415043019662	1344.25615494404	0.39344989668074	0.777352678705237
MED14	betareg	33	35	0.0533183412106052	0.099723500777839	0.592883777182393	0.59275854082389	-0.0119158686777691	64.8579483023463	0.39344989668074	0.777352678705237
CCT5	betareg	33	35	0.0450395135535631	0.0845652801364659	0.594310130811791	0.599175916609324	-0.00313841849774731	1790.67029360801	0.394168813372209	0.778773067477973
GUCY1A1	betareg	33	35	-0.0459526686669109	0.0863458564419197	0.594592264176196	0.594008106144983	0.0106408930218789	115.021924307414	0.394168813372209	0.778773067477973
DMXL1	betareg	33	35	-0.0453168698923113	0.0852107197977267	0.594849816753304	0.595006416808826	0.0103702078401474	75.0112515392332	0.394168813372209	0.778773067477973
ZNF253	betareg	33	35	0.0729603566770974	0.13722743566637	0.594951312633228	0.600059578323175	0.000101269878355798	244.703941328744	0.394168813372209	0.778773067477973
RPRD2	betareg	33	35	-0.0678230626168358	0.127582188578674	0.595001049408474	0.587577643921912	0.00452687646769769	1012.9326657793	0.394168813372209	0.778773067477973
UFL1	betareg	33	35	0.0682179382006973	0.12839128867618	0.595191227250527	0.594946849918025	-0.0175316106455847	61.2522154488811	0.394168813372209	0.778773067477973
NUP98	betareg	33	35	-0.0309511869643116	0.058281764520157	0.59537633265586	0.595730838761381	0.00662984707580378	88.334814714202	0.394168813372209	0.778773067477973
DMAC2L	betareg	33	35	-0.0422471611441524	0.0795628835096473	0.595425137245621	0.595280231485375	0.0107568992442899	123.777034360132	0.394168813372209	0.778773067477973
C10orf88	betareg	33	35	0.0400877833641018	0.0755503874093943	0.595689135189612	0.59794418354437	-0.00168028276174361	483.240521613671	0.394202609030667	0.778839838738692
TATDN3	betareg	33	35	-0.0256240361435161	0.0483115789080317	0.595840728489769	0.594868046008426	0.0048590473659733	359.617644382286	0.394202609030667	0.778839838738692
NDUFAF4	betareg	33	35	0.0314283693800863	0.0593257943582069	0.596279083379914	0.595932992776319	-0.00717970756686722	942.813238625963	0.394299749737514	0.779031763020069
NTNG1	betareg	27	30	0.0839780610760678	0.158621083031056	0.596510247558785	0.597241103689909	-0.00139236935834248	476.779743493712	0.394299749737514	0.779031763020069
SLC12A6	betareg	33	35	0.0466180226495029	0.0880597817795617	0.596534502364069	0.603309116190367	-0.00445531100226234	836.984865308126	0.394299749737514	0.779031763020069
MPPED2	betareg	33	35	0.0437555421653761	0.0827392622917392	0.596918872804677	0.600063102413259	-0.00923329498583493	250.63736987236	0.394433264377558	0.779295552549461
SYNCRIP	betareg	33	35	0.0370840065699721	0.0702750856378393	0.597709115417723	0.595116773050177	-0.00279043059215019	420.711904036704	0.39482191664772	0.780063426390181
PTP4A3	betareg	33	35	-0.0495506727202091	0.0939665079023957	0.59796951269671	0.603124384285405	0.00183147250688087	546.564673177564	0.39482191664772	0.780063426390181
E2F3	betareg	33	35	0.0358645899786724	0.0680284338301828	0.59805471211192	0.597404335375728	-0.0071550823340562	308.537590665147	0.39482191664772	0.780063426390181
RNF111	betareg	33	35	-0.0521964122706034	0.0990763749807999	0.598311608284194	0.592527823494797	0.00874130406715522	367.356987015473	0.394870979084083	0.78016036075629
TCERG1	betareg	33	35	0.0338764979079531	0.0643783269169088	0.598742538758822	0.598141553481139	-0.00539052508208285	329.706320861634	0.395034834915717	0.780484096435768
GAS2L3	betareg	33	35	0.0852309502689254	0.162291269741123	0.599463115625749	0.597384460718064	-0.0063350011042913	82.4224860563925	0.395193434369114	0.780797446905496
RNF40	betareg	33	35	-0.041268592530646	0.0785969384001872	0.599537200428692	0.598196308722749	0.00373009810319201	928.613717178212	0.395193434369114	0.780797446905496
AMIGO1	betareg	33	35	0.0237463742335228	0.0452281620589055	0.599558765547217	0.599583435728739	-0.00532470169648026	846.426349941424	0.395193434369114	0.780797446905496
TRERF1	betareg	33	35	0.0521659052725032	0.099399209093081	0.599713835886693	0.602423750083573	-0.0106056723755364	78.9858357595826	0.395193434369114	0.780797446905496
NKIRAS1	betareg	33	35	0.0512122008495609	0.0976805357549459	0.600082028654404	0.600972544637824	-0.0123970971231453	1015.8656512032	0.395315612754338	0.781038839000996
SNN	betareg	33	35	0.0085464353108527	0.0163228854599502	0.600566478215191	0.601057790199444	-0.00194133812086758	5007.73246965145	0.395514279815401	0.781431352440167
DNAJB1	betareg	33	35	-0.0153357315555399	0.0293116726201366	0.600838299451489	0.601411624896201	0.00324539040924391	1096.7928154763	0.395572838192126	0.781547048266731
MMAB	betareg	33	35	0.0305291243413487	0.0584714911917182	0.601586908789961	0.601863750922657	-0.00607048505608835	488.148037901147	0.395718442459622	0.781834723694589
TRIM2	betareg	33	35	-0.0182860875763403	0.0350328424059673	0.601691321360729	0.602664197446478	0.00379598897811236	3624.75752586529	0.395718442459622	0.781834723694589
DRG2	betareg	33	35	0.0186640872413585	0.0357758480521904	0.601882586004853	0.602283612722784	-0.00418673883135445	224.263244396384	0.395718442459622	0.781834723694589
SYT2	betareg	33	35	-0.0380251253947686	0.0729104912732598	0.60199649608771	0.607084480302324	0.0043155235426982	1098.61649657826	0.395718442459622	0.781834723694589
VWC2	betareg	33	33	0.0821700804524114	0.157659026171462	0.602235424343484	0.599511051410822	0.00164388022668769	80.2828597430065	0.395718442459622	0.781834723694589
RNF24	betareg	33	35	-0.0311732513483787	0.0598420384606578	0.602418582937891	0.599775453588394	0.00480067320371775	1395.62111719402	0.395718442459622	0.781834723694589
PPFIBP1	betareg	33	35	-0.064011523716649	0.122888581432581	0.602442888778682	0.607886292921577	0.00398231471815774	124.516828014977	0.395718442459622	0.781834723694589
ARF3	betareg	33	35	-0.0263366740457881	0.0505720371947768	0.60252322610023	0.601956574481478	0.00617489119643773	2959.81340240663	0.395718442459622	0.781834723694589
SVOP	betareg	33	35	0.0347251907670199	0.0667466345768084	0.60288668683997	0.601024709002545	-0.00234402186411099	2571.94876938437	0.395836946553853	0.782068856365267
POLR2D	betareg	33	35	-0.0326694573515275	0.062840136508498	0.60314580517626	0.602749019193683	0.00593176288753891	957.128283928689	0.395886891481359	0.782167534299896
YPEL2	betareg	33	35	0.0505661174152269	0.097556542361875	0.604230656401853	0.604831094115078	-0.0157917473529811	184.250621400314	0.396478628070022	0.78333664890932
TAP2	betareg	33	35	-0.0906150639618614	0.175191478766708	0.604992522969492	0.610253553210586	0.0289327599350898	93.8537633972706	0.396793978883118	0.783959698505621
TAF8	betareg	33	35	0.0582165475361347	0.112580216834298	0.605078185273002	0.608357090875087	-0.0113442139495409	82.6017544504262	0.396793978883118	0.783959698505621
ZNF594	betareg	33	35	-0.0332087113919057	0.0642856919851703	0.605449286370167	0.60681509369898	0.00760467981087961	319.417831556091	0.396916986174239	0.784202728299401
ZNF529	betareg	24	22	-0.103870264856517	0.201487234751989	0.606191203628329	0.604739856409927	0.00338497926669576	294.139859210329	0.397282942791111	0.784925761546621
RGS4	betareg	33	35	0.0136859548732519	0.0265722594350899	0.606520377933698	0.607296536211842	-0.00259112599789349	3183.86231518561	0.397378257955387	0.785114079039894
PGPEP1	betareg	33	35	-0.0583398848768978	0.113422326889633	0.607000462673628	0.605298514883771	0.0124496842207014	161.510369531707	0.397572358504294	0.785497570261785
DLGAP4	betareg	33	35	0.0274318188375059	0.0533638722479253	0.607215457406405	0.606989185022439	-0.00688562750244245	1207.87119226843	0.397592765788672	0.785537889645041
TBRG1	betareg	33	35	-0.0208479385775052	0.0406015880831719	0.607618437275709	0.606742646023309	0.001705724551367	1213.59929830532	0.397622722282436	0.78559707573422
TENT5A	betareg	33	35	0.0381646064087752	0.0744086357098485	0.60801735162149	0.608171506488153	-0.00728606063155475	262.483897085321	0.397622722282436	0.78559707573422
FAM149B1	betareg	33	35	-0.0356670488247051	0.0695597173638423	0.608123154352853	0.613150779393403	0.00189526915584115	743.68331146603	0.397622722282436	0.78559707573422
IRF5	betareg	33	35	-0.080263932607782	0.156573451640486	0.60821157539685	0.609852472897956	0.0229219948120799	99.0466609042419	0.397622722282436	0.78559707573422
CDC27	betareg	33	35	-0.0276294044572608	0.0539160647051905	0.608334585522127	0.608547380132701	0.00656218322935014	343.785131358921	0.397622722282436	0.78559707573422
SSBP3	betareg	33	35	-0.026918646294313	0.0525366082401855	0.608385898487228	0.609786029219922	0.0056000931030533	518.764310537645	0.397622722282436	0.78559707573422
ZFAND5	betareg	33	35	-0.0182049865311732	0.0355818642885345	0.608905316807968	0.608765952600882	0.00240466444240022	3903.18620564065	0.397622722282436	0.78559707573422
TIFA	betareg	32	34	0.0696472564854981	0.136126612697409	0.608905883663262	0.610381135431831	-0.00959492691841977	58.2754420914857	0.397622722282436	0.78559707573422
ERAP1	betareg	33	35	0.069055189740325	0.135012947939853	0.60902138199464	0.62085830332639	-0.00384210250938428	111.533225990419	0.397622722282436	0.78559707573422
PRRG3	betareg	33	35	-0.0829297075742577	0.162213125603288	0.609183577170868	0.61387450898484	0.00912009405530344	174.671022753975	0.397622722282436	0.78559707573422
EEF2K	betareg	33	35	-0.045948342755996	0.0899089216567274	0.609313021506096	0.604154835899987	0.00580139516587002	307.182609408848	0.397622722282436	0.78559707573422
SDAD1	betareg	33	35	0.0322926500737639	0.0632155678846237	0.609467424773915	0.609163425652975	-0.00784106225237582	136.033165004708	0.397622722282436	0.78559707573422
GOLGA8A	betareg	33	35	-0.0250992163196828	0.0494701243361323	0.61190148015364	0.612428732171793	0.0028149703929949	689.068780377153	0.39909033542951	0.788496690197981
SMAP2	betareg	33	35	0.0128610499035085	0.0253913562993759	0.612496625329036	0.612903770159657	-0.00246611214504231	1790.83333489877	0.399358063404573	0.789025649692786
RGMB	betareg	33	35	0.0203833557448194	0.040278823881577	0.612817072009167	0.613513548980964	-0.004674060604803	3052.90730220638	0.399446575959151	0.789200527032903
SFXN5	betareg	33	35	-0.0290185697557971	0.0573731502963653	0.613006477000721	0.612631934291526	0.0020817450629079	276.720672584638	0.39944964528623	0.789206591209425
EPM2AIP1	betareg	30	34	0.0685492053741721	0.135812354029047	0.613745197937356	0.615911308832222	-1.43586845305364e-06	2825.09586637676	0.399810552324025	0.789919647827206
ERGIC2	betareg	33	35	-0.0428149448582704	0.0848989520052688	0.614047239306007	0.616396191463221	0.0106407522563451	327.925224502148	0.39988686255332	0.79007041660782
RNASEH1	betareg	33	35	-0.0437750785076863	0.0868734467228943	0.614335301287772	0.612967973027103	0.0111110682914504	622.438031398818	0.399954025764605	0.790203113306036
HEATR1	betareg	33	35	-0.0154746973048805	0.0308544426594144	0.615992043140513	0.616034190507484	0.00278173743112354	750.576002313105	0.400843112520672	0.791959713008464
ARL5B	betareg	33	35	-0.032581025436114	0.0650329299689859	0.616376236030631	0.621317940368573	0.00371165808182863	617.976230159932	0.400843112520672	0.791959713008464
ZNF181	betareg	33	35	0.0559264464549956	0.11164419172778	0.616417100788103	0.621556382232302	-0.00520061172230209	322.408555168644	0.400843112520672	0.791959713008464
C1orf50	betareg	33	35	0.0438670196744855	0.0875766032804227	0.616442313472069	0.622262426816591	-0.00978582440258404	756.026861069395	0.400843112520672	0.791959713008464
EVI5	betareg	33	35	0.0423611757904838	0.0846326072945107	0.61670179741946	0.618473589330311	-0.0082311198365453	148.028748893652	0.400891310023456	0.792054938495147
GNPTG	betareg	33	35	0.0260750659376799	0.0521952799749989	0.617379641364891	0.616339665908137	-0.00357520908451831	754.361148019549	0.401211354681552	0.792687261884669
RHEB	betareg	33	35	-0.0335018928098776	0.0672388079826654	0.618306201973736	0.624985444840015	0.00348587133677269	1566.03446282633	0.401619738421643	0.793494119878475
GPC6	betareg	33	35	0.0743242826984968	0.149230502007122	0.618448653703152	0.618413416461434	-0.020980652444695	65.4107747254124	0.401619738421643	0.793494119878475
BCDIN3D	betareg	33	35	0.0483003789677101	0.0970111304370782	0.618565156404213	0.616002559178928	-0.00792681208151579	244.133565576425	0.401619738421643	0.793494119878475
LIX1L	betareg	33	35	-0.0325049806919137	0.0653715985477273	0.619024055743276	0.620826844805239	0.00389467381361191	254.582027602293	0.401779413364536	0.793809595230298
QKI	betareg	33	35	0.0537273608633286	0.108101361382918	0.619182630681625	0.618832146386871	-0.0028056822980386	303.586758939853	0.401779413364536	0.793809595230298
SULF1	betareg	33	35	-0.0343570106781184	0.0691654028265006	0.619374568011528	0.620065081678018	0.00702138742313105	163.011575421087	0.4017834118791	0.793817495234931
SEC22A	betareg	33	35	0.0324335754768628	0.0653973160074031	0.61993209828262	0.621377502873876	-0.00621554830798298	284.863885605942	0.402024494150275	0.794293809883549
MORC3	betareg	33	35	-0.0356246573670534	0.0719270764056668	0.620396452239926	0.621535511900839	0.00886203179895334	112.397313683823	0.402118213424614	0.794478974321431
SREK1	betareg	33	35	0.0420592433884244	0.0849313064305377	0.620448475850835	0.620788164380686	-0.00597636425301607	256.093032057769	0.402118213424614	0.794478974321431
GIGYF1	betareg	33	35	0.0596969017699725	0.120641544373358	0.620721024890636	0.625675590769037	-0.0105897657321161	126.723568249047	0.402174335169184	0.794589856008893
NOL9	betareg	33	35	-0.0361539537869995	0.073161097988388	0.621186761941493	0.624713734605482	0.0106952195031778	299.905655301106	0.402308600964712	0.794855129622363
EFCAB11	betareg	33	35	0.0532783972008502	0.107849185406428	0.621300288541702	0.620505603545	-0.007191813656933	66.6462730960259	0.402308600964712	0.794855129622363
SLC35B4	betareg	33	35	0.0291602467478794	0.0590713665556793	0.621557368697938	0.619908940550377	-0.00605613225248333	1505.72807461366	0.402312836896887	0.79486349870125
UHRF1BP1	betareg	33	35	-0.0426787649393014	0.0864892923527282	0.62168956702167	0.619178091260905	0.00911712278455027	303.452650347431	0.402312836896887	0.79486349870125
RECQL	betareg	33	35	-0.0400546370539108	0.081212292799502	0.62186489027809	0.615412903651361	0.00761999056031757	176.147146381201	0.402312836896887	0.79486349870125
EEF2KMT	betareg	33	35	-0.0300245626791652	0.0609638823125395	0.62236765346493	0.621469271313848	0.00590626767421028	360.805031903401	0.402517691265419	0.795268236619511
SNX30	betareg	33	35	-0.0366671307287613	0.0745910619924606	0.623019541301993	0.629712154046423	0.00451044679808426	1118.66740698243	0.402713069453358	0.795654252117383
CAB39	betareg	33	35	0.0126885840160544	0.0258148399103432	0.623056685800053	0.62340959518651	-0.00289724220914972	1593.62731156776	0.402713069453358	0.795654252117383
SLC25A36	betareg	33	35	0.0341838027299671	0.0695836504473852	0.623241158357151	0.620910755721579	-0.00954436927008171	1294.63112285282	0.402713069453358	0.795654252117383
RELN	betareg	33	35	0.0446459185908136	0.0909254399098395	0.623414564963492	0.623643259237645	-0.0119456825677611	80.7891593989284	0.402713069453358	0.795654252117383
UBE2V2	betareg	33	35	-0.0395427935984009	0.0806496341592857	0.62391918845229	0.629009466778905	0.00137554869438449	4327.5646308886	0.402918699827946	0.796060523217866
ZNF681	betareg	33	35	0.057243477686469	0.116878119836751	0.624296171634695	0.620540052207916	-0.00988354680947033	124.119063539319	0.402971771586478	0.796165378941571
TMEM8B	betareg	33	35	-0.0392529285677138	0.0801635274516879	0.624374019385257	0.624465999589404	0.00791555190303194	473.44821273161	0.402971771586478	0.796165378941571
SCN7A	betareg	33	35	-0.0460531019192773	0.094559936000221	0.626240246609577	0.62833994995046	0.00861423244887985	408.215221303449	0.404055659330545	0.798306853747829
UGDH	betareg	33	35	0.0336852891038074	0.0692386591148434	0.626605729026069	0.625154554479041	-0.00657294600477497	186.568148992336	0.404141120103724	0.798475701577032
VPS4A	betareg	33	35	-0.0404694027220082	0.0832170636318669	0.626746431801864	0.622228498642427	0.000714033632266849	2318.38725508356	0.404141120103724	0.798475701577032
TBC1D24	betareg	33	35	0.0494234952010745	0.101798077013126	0.627318028713803	0.630010073402653	-0.00853764359558897	771.876173205646	0.4043891302817	0.798965703932661
DENND6B	betareg	33	35	0.0583430489681735	0.120328566708805	0.627772473870788	0.626235037761272	-0.0181745935479519	429.239673613855	0.404437880550342	0.799062021538121
CUX2	betareg	33	35	-0.0368145871890095	0.0760911268056524	0.628511957498353	0.631362853118775	0.00506700112525262	267.429633406125	0.404437880550342	0.799062021538121
PSMG1	betareg	33	35	-0.0444675353724152	0.0919128479498892	0.62852704646174	0.632473295313364	0.00765107071874142	190.45002491344	0.404437880550342	0.799062021538121
GTPBP3	betareg	33	35	0.0227361584581513	0.0470196781184025	0.628708390326955	0.628701975978648	-0.00484272885168561	311.186074260599	0.404437880550342	0.799062021538121
DCUN1D1	betareg	33	35	0.0346812851060964	0.0717905350789858	0.629031878489155	0.627103147438789	-0.00689975214147072	707.802062902387	0.404437880550342	0.799062021538121
KLF11	betareg	33	35	0.0270088361980584	0.0559186716176219	0.629094240347017	0.629794797077905	-0.00669686283603228	161.213800820194	0.404437880550342	0.799062021538121
LCA5	betareg	33	35	0.0629314333901128	0.130312274438911	0.629146928987256	0.629251506343805	-0.0139919901610716	50.1444592489928	0.404437880550342	0.799062021538121
MPP7	betareg	33	35	-0.0577818951389997	0.11965236551717	0.629156250707435	0.627093164458842	0.0128083066854697	75.0682595667546	0.404437880550342	0.799062021538121
QSER1	betareg	33	35	-0.0390096013651231	0.0807987352461343	0.629237996996112	0.627992638040649	0.00798671201473215	157.752848044342	0.404437880550342	0.799062021538121
MAP4K5	betareg	33	35	0.0269531130022933	0.0558308856245401	0.629263679493512	0.629205490030381	-0.00668693633460744	268.164654696014	0.404437880550342	0.799062021538121
GCNT2	betareg	33	35	-0.0384350691257939	0.0796679074471877	0.629492664056633	0.630143570177713	0.00605067297744035	161.150627625359	0.404464855029874	0.799115315957811
WBP4	betareg	33	35	0.0428558117309393	0.0889826198473829	0.630075897051623	0.629072091179065	-0.00945293242407654	84.7814496325997	0.404719359404568	0.79961814912432
ZNF516	betareg	33	35	-0.0519439690725507	0.107996546114089	0.630532093157454	0.630000926921439	0.00914468810297297	168.060026547086	0.404796636472187	0.799770828121119
TYW5	betareg	33	35	-0.0299235113099521	0.0622208780950662	0.630570540589762	0.629873962507883	0.00627907245662286	173.97426043559	0.404796636472187	0.799770828121119
TMED2	betareg	32	35	0.0557776080503135	0.116107376110772	0.630945293110046	0.634017691848476	-0.000246962585089083	4762.09496614498	0.404822990750804	0.799822897188239
RIC3	betareg	33	35	0.0212281108059108	0.0441939662229239	0.630985955165353	0.631526181654426	-0.00389753805165001	2126.92256661671	0.404822990750804	0.799822897188239
PCDH19	betareg	33	35	-0.0453088466509548	0.0945053300501492	0.631631579473538	0.632964925231332	0.00428421711070778	252.558426813883	0.405092026715632	0.800354440924027
TMEM209	betareg	33	35	-0.034291858725338	0.071564581288876	0.631815126965193	0.6319846419726	0.00739429449783651	152.250169526185	0.405092026715632	0.800354440924027
UNKL	betareg	33	35	-0.0337818790950946	0.0705329339884961	0.631972884509281	0.633248336191718	0.00555336599991438	547.583446450561	0.405092026715632	0.800354440924027
ZFYVE16	betareg	33	35	-0.035669047337523	0.0745405935949501	0.632281264579466	0.631572681466687	0.0094539588542356	224.640025883023	0.405092026715632	0.800354440924027
SOS1	betareg	33	35	-0.0327294616922878	0.068453116045043	0.632557958272143	0.632644301751904	0.00670282291268592	371.722390658272	0.405092026715632	0.800354440924027
PLPP5	betareg	33	35	0.0376600399415576	0.0788253201129936	0.632816925126464	0.632059592263725	-0.0100994560590594	121.966195711286	0.405092026715632	0.800354440924027
INO80D	betareg	33	35	-0.0516736826935882	0.108170871008603	0.632860732875329	0.630985545859568	0.00837848155676541	172.639280027646	0.405092026715632	0.800354440924027
LPCAT2	betareg	32	35	-0.0582325381224668	0.121916238154391	0.632903734117081	0.630786062946616	0.0141030139105636	84.5792935539354	0.405092026715632	0.800354440924027
SLC25A27	betareg	33	35	0.0172247173133131	0.0360833134145857	0.633106052526371	0.633452749255381	-0.00373191970128495	383.944245036565	0.405101633226138	0.80037342084177
DZIP1	betareg	32	34	-0.0782677969762205	0.164156624357487	0.633513575930873	0.637428804545254	-0.00341189174482609	216.134585910185	0.405242498462714	0.800651733201012
STS	betareg	33	35	0.0321979701378679	0.0676276218583019	0.633998297981793	0.633553212868868	-0.00811662336234591	670.962861905129	0.405432647802756	0.801027417881787
FERMT2	betareg	33	35	-0.0277201599940563	0.0583261436683059	0.634600725601785	0.633267643284227	0.00480756116161883	171.040309315957	0.405683759460737	0.801523547939597
PARVB	betareg	33	35	-0.0457954984094174	0.0964056412968548	0.634766132980949	0.640331375695808	0.00957398346824405	219.075493946418	0.405683759460737	0.801523547939597
GPR26	betareg	33	35	0.0491799582287736	0.103622305863269	0.635066520801874	0.633680350689844	-0.0133231408946992	302.66787868997	0.405755835345886	0.80166595077885
FGF14	betareg	33	35	0.0275790050838802	0.0581747489004472	0.635448742132882	0.633191227347979	-0.0027120956825675	1086.83596952117	0.405880138171301	0.801911540204904
DNALI1	betareg	33	35	-0.0357752807874906	0.0755984574053871	0.636050768923894	0.63280882206237	0.00212604052092975	302.443216901238	0.406144722473938	0.802434288636492
OGFOD2	betareg	33	35	-0.0275521161615291	0.0583918428060691	0.637034774300738	0.637804729365552	0.00614292382742874	118.404984839228	0.406652987720789	0.803438486005624
IQCK	betareg	33	35	0.0416076972362245	0.0882339261650723	0.637240017614394	0.641176680026558	-0.00976413532546733	258.359946031906	0.406663974693629	0.803460193350931
ATG5	betareg	33	35	-0.023675298475923	0.0502630481917102	0.637620805006305	0.638676842222039	0.0041927990733191	452.829875794778	0.406786948142202	0.803703156280809
LINS1	betareg	33	35	0.0370602738147633	0.0787308176292714	0.637839762714494	0.638076265756302	-0.00776156212365777	91.1711442479841	0.406806636008452	0.803742054284587
EPHA7	betareg	33	35	-0.0372875523860151	0.0794681758230415	0.638916933660758	0.639443523669916	0.00630424534733445	185.444574441597	0.407355449711785	0.804826364652933
UBOX5	betareg	33	35	-0.0456542094123592	0.0973826178290001	0.639203510960675	0.639541563008065	0.0100386844686836	100.035665319257	0.407355449711785	0.804826364652933
NEPRO	betareg	33	35	-0.0257634609127825	0.0549675018886537	0.639281579760142	0.639684844224324	0.00546058653928666	332.071747475264	0.407355449711785	0.804826364652933
PDE4A	betareg	33	35	-0.0392013159524722	0.0836807438919509	0.639453664403629	0.640083552724695	0.00629583578156474	312.588887235027	0.407355449711785	0.804826364652933
ERI1	betareg	33	35	-0.0494915903614256	0.105728330259568	0.639712004104847	0.640531946465688	0.00896460351651669	98.7262190589058	0.407400021575177	0.804914426837459
DCUN1D5	betareg	33	35	-0.0379923699124901	0.0812304904584542	0.639991485090401	0.640234692814068	0.00793864895537177	497.213782386046	0.407458027041382	0.80502903025943
ELAVL1	betareg	33	35	-0.0243402150833826	0.0521578690506545	0.640740080341639	0.6405365731553	0.00411035267501059	578.765908227353	0.407814577528367	0.805733479487883
POLR2J3	betareg	33	35	-0.0482859287527428	0.103543812250443	0.640976938949194	0.641315516459215	0.00854447398221298	114.220494223496	0.407845306833664	0.805794192447752
AMDHD2	betareg	33	35	0.0219657488862479	0.0471500164886281	0.641309000750693	0.641124292510734	-0.00315343869035858	298.602078418114	0.407936576802903	0.80597451770815
OXA1L	betareg	32	35	-0.0738483015931433	0.158766656705362	0.641833101983962	0.643858503134856	-0.00074405215913967	613.296765753193	0.408149913440983	0.806396014342096
NLGN3	betareg	33	35	0.0147707456109365	0.0317879621382852	0.642171552466055	0.641906466507101	-0.00308015561499287	1347.79603256913	0.408245101665912	0.806584081036876
PCM1	betareg	33	35	-0.0291904285095142	0.0629711533746711	0.642968473078632	0.643823150525627	0.00486704764001565	343.120333579087	0.408631609644755	0.807347718326476
SLC41A2	betareg	33	35	-0.0695224658729699	0.150293351957671	0.643666557978722	0.6458425915971	0.0117369568073256	562.177139587949	0.408837146339721	0.807753804340862
UBE2QL1	betareg	33	35	-0.0144149634483819	0.0311683199228239	0.643731647230534	0.64403298036455	0.00222707667558247	2837.83594923491	0.408837146339721	0.807753804340862
SFT2D2	betareg	33	35	-0.0533580223200112	0.115519864567185	0.644156778235643	0.640044892128472	0.00862901070309983	380.290173970689	0.408837146339721	0.807753804340862
TSR2	betareg	33	35	0.0256336711249045	0.0555342409227158	0.644380263957399	0.645409794455273	-0.00695351159046164	1433.57239247863	0.408837146339721	0.807753804340862
UBN2	betareg	33	35	0.0611667424494638	0.132519976689496	0.644392435794161	0.641518369382122	-0.00754327933063532	295.532783155112	0.408837146339721	0.807753804340862
PHETA1	betareg	33	35	-0.0259177173141424	0.0561573891529771	0.644426098525157	0.641651510892983	0.00513868117504542	375.639371778721	0.408837146339721	0.807753804340862
ARHGEF12	betareg	33	35	0.0477000094636289	0.103480672444851	0.644830363088973	0.648258589417719	-0.00248453774928955	604.177683346539	0.408948619457532	0.80797404566629
ZNF142	betareg	33	35	-0.0543877770224832	0.118042554457891	0.644979983563706	0.646869286252025	0.00721334446336542	168.215042113598	0.408948619457532	0.80797404566629
RSRC1	betareg	33	35	0.0446150295794961	0.0969267674472832	0.645303577694098	0.645031432563281	-0.0103522601724046	116.770273303285	0.408991107002377	0.80805798978999
TYSND1	betareg	33	35	0.0323692801636607	0.0703614662557938	0.645485558805298	0.646143519409234	-0.00566283928666956	152.519812886505	0.408991107002377	0.80805798978999
MYORG	betareg	33	35	-0.0386392694308265	0.0840359347354096	0.645663655893117	0.644527386914773	0.00963580170610372	207.557854854384	0.408991107002377	0.80805798978999
KCNH8	betareg	32	34	-0.0602695323780658	0.13118495460403	0.645929630430326	0.649878831396123	0.00768116217903553	62.3785493134154	0.408991107002377	0.80805798978999
KAT7	betareg	33	35	0.0478636166920038	0.104201637755083	0.645992532909573	0.643142452353821	-0.00257446113498973	1011.17897209365	0.408991107002377	0.80805798978999
MDGA2	betareg	33	35	0.0326110686961444	0.0711139470372404	0.646539489413182	0.64644016450137	-0.0065898768775903	138.905811903854	0.409110241401568	0.808293367776154
ZNF426	betareg	33	35	-0.0360692239607005	0.0786597054437383	0.646559029033207	0.646086124095311	0.00739442915464012	312.106983267778	0.409110241401568	0.808293367776154
DHFR2	betareg	33	35	-0.0352397728686144	0.0770497776190848	0.647409637182986	0.647660638374627	0.00782745159644681	166.556383590826	0.40944515960995	0.80895507735755
BLZF1	betareg	33	35	-0.0302476199910895	0.0661462545167574	0.647466970410208	0.64679663297656	0.00573852695288113	172.08424670295	0.40944515960995	0.80895507735755
NFIA	betareg	33	35	0.0415791540841051	0.0909953040515554	0.647716069191385	0.648047370814102	-0.010559609755164	152.980845467413	0.409482952838428	0.809029746756734
HEMK1	betareg	33	34	0.0508299009380907	0.111361858924401	0.648074291399537	0.648701280602581	-0.0106711612744949	102.826597383891	0.409589691119081	0.809240633299305
RRP7A	betareg	33	35	0.0224468163577014	0.049227757007273	0.648405182372852	0.648598879540197	-0.00535475652015756	993.20724435792	0.409601757081998	0.809264472442926
UBE2J2	betareg	33	35	0.0154764243321871	0.0339675087120947	0.648660124664183	0.648405247474734	-0.00326338734032164	766.090779902032	0.409601757081998	0.809264472442926
FRA10AC1	betareg	33	35	-0.0500706835752033	0.109895138563543	0.648661553502696	0.646077119621927	0.00413972078887827	69.9909870904183	0.409601757081998	0.809264472442926
NEBL	betareg	33	35	0.0240735513084287	0.052974754292772	0.649516189101929	0.652515725690118	-0.00386165135415162	722.686654173085	0.409814629001976	0.809685050917115
PGRMC2	betareg	33	35	-0.0201565521500564	0.044357030388902	0.649529311468342	0.65063546396535	0.00429280618000623	669.117191364816	0.409814629001976	0.809685050917115
IL17RD	betareg	33	35	-0.0317101989960939	0.0697903563399327	0.649567131884828	0.653250218275207	0.00277751940908877	334.464688912578	0.409814629001976	0.809685050917115
ZNF737	betareg	33	35	-0.0450986523399182	0.0994377569825603	0.650162466167872	0.648845491740402	0.00972170242681974	248.106907285546	0.410070604035603	0.810190789715754
NHLRC3	betareg	33	35	-0.0259482453491147	0.0572533746647401	0.650391956014179	0.651445917525824	0.00538426280087953	210.034013607986	0.410095751607196	0.810240474649733
ALG10B	betareg	33	35	-0.054588333327934	0.120564937720114	0.650713493142023	0.649825001951325	0.014653006937076	57.1468981115466	0.410178906757975	0.810404767180375
CDC37L1	betareg	33	35	-0.0286343650953945	0.0634451000441622	0.65175526877311	0.654294062207435	0.00719266775143197	360.63329237698	0.410618074485822	0.81127244617209
ZSCAN32	betareg	33	35	-0.0455639464024792	0.100966691865623	0.651789915213851	0.660329936671608	0.000457361433726855	265.793760851971	0.410618074485822	0.81127244617209
HECW1	betareg	33	35	-0.0287214296690423	0.0636829196032267	0.651984649344365	0.653984761700851	0.0061360695603314	428.850516144405	0.410621144124092	0.811278510963445
POU6F1	betareg	33	35	0.0445878137365288	0.0993735765265983	0.653656143896386	0.654673335489994	-0.00286279794020612	170.936214850258	0.411402875749794	0.81282300539182
CPD	betareg	33	35	-0.0351459701346968	0.0783369703018686	0.653683344562263	0.657697784868065	0.000359758278249844	480.004021682911	0.411402875749794	0.81282300539182
TSPYL5	betareg	33	35	0.0247630531576159	0.0552137613954116	0.653796552663629	0.650903586350921	-0.00429556692063421	1460.43868639388	0.411402875749794	0.81282300539182
DUT	betareg	33	35	0.0322934871437328	0.0722046389231847	0.65469493988571	0.653694401621245	-0.000811390416855528	1066.8077311769	0.411848359964654	0.813703164087155
TSPAN5	betareg	33	35	0.0236706904968884	0.053091552478201	0.65570802599693	0.6557345670425	-0.00543969659962523	897.473935993913	0.412296592874149	0.814588753474315
OGFRL1	betareg	33	35	0.0254528779663085	0.0571125220497217	0.655841453550105	0.656396970602942	-0.00564970721231713	399.238462748648	0.412296592874149	0.814588753474315
FBXL4	betareg	33	35	-0.0378624273083393	0.0849941382045428	0.655979382332113	0.655612630714096	0.00587894915010509	108.431265475022	0.412296592874149	0.814588753474315
ZNF551	betareg	32	34	-0.0645129896951269	0.144987915136431	0.656352813300102	0.651715838875758	0.00533994034951671	205.833795526696	0.4124114497432	0.814815680195043
PRXL2C	betareg	32	35	0.0545560872704517	0.122804885472402	0.656861746867407	0.655208992689737	-0.0170021900105206	76.3529101422736	0.412572460318411	0.815133794402205
SLC6A1	betareg	33	35	0.0331738782027844	0.0747187888104219	0.657054814895365	0.656465125079373	-0.00680145273439835	220.956307054859	0.412572460318411	0.815133794402205
HS3ST4	betareg	33	35	0.0167931824558851	0.0378695928019091	0.657441966646845	0.657269103994504	-0.00331478863604913	355.776771268893	0.412572460318411	0.815133794402205
PRXL2A	betareg	33	35	-0.0223268433691658	0.0503569918806967	0.657497214149156	0.656673308876257	0.00257380922848018	2556.75029557272	0.412572460318411	0.815133794402205
NT5DC3	betareg	33	35	0.0554744122048158	0.125145175663631	0.657562880717154	0.665937384071139	-0.00595139487794027	669.672651197196	0.412572460318411	0.815133794402205
TMEM251	betareg	33	35	0.0386949416705822	0.0875201502843422	0.658397967219209	0.660200519277217	-0.00199574167989023	536.571597252967	0.412976608280493	0.815932283621717
C16orf72	betareg	33	35	-0.0219413507372109	0.0496676858815002	0.658660645292832	0.659359900814675	0.0048589835440107	521.13452062712	0.413021585856383	0.816021147386568
SLC2A13	betareg	33	35	0.0359926854330136	0.0815253599640841	0.658857817692483	0.659169497177048	-0.0137202671438808	750.748224286261	0.413025473093376	0.816028827536226
UTP11	betareg	33	35	0.031416043054812	0.0712131132586398	0.659100564054844	0.661079921458462	-0.0056667394022886	329.2200912063	0.413057919252031	0.816092932543133
EIF5	betareg	33	35	0.0251402109245175	0.0570887498855097	0.659668665566067	0.659088004932292	-0.00459643698375458	1389.12026007298	0.41329418741729	0.816559735794845
GDAP1L1	betareg	33	35	0.018361056537722	0.0418088907929719	0.660541030261306	0.661395019194039	-0.00312573400231081	1489.35535225079	0.413720889841314	0.817402786651191
MTFMT	betareg	33	35	-0.0581762663736445	0.132892137050269	0.661552608110141	0.660835064884008	0.00832108778130668	143.170050387163	0.41420657722746	0.818362376153739
ZNF776	betareg	33	35	0.0230414013944729	0.0526832053914287	0.661852013028964	0.664871623046955	-0.00266751009676315	1063.24673684567	0.41420657722746	0.818362376153739
PCDH11X	betareg	33	35	-0.0629832332492369	0.144026261208673	0.661891030186595	0.663029066257305	0.0136056781570734	70.3834002060264	0.41420657722746	0.818362376153739
SAMD4A	betareg	33	35	-0.046405674957881	0.106192894499345	0.662115581789011	0.664423001026301	0.00560392459368043	108.279689601501	0.414227242562096	0.818403205375888
HEXA	betareg	33	35	0.0559952104369841	0.12886669154668	0.663910561218415	0.67729367408824	-0.0129509648035211	283.358874067321	0.415230089820871	0.820384565669834
CLUAP1	betareg	33	35	-0.048577677761134	0.11191761893848	0.664253201759783	0.662418525682225	0.00361215660093064	356.811718481084	0.415278690554739	0.820480587834228
F11R	betareg	33	35	-0.0386711588481237	0.0891277673602939	0.664372299065394	0.664798640733751	0.00636479104932309	87.8741644702265	0.415278690554739	0.820480587834228
CRTC1	betareg	33	35	-0.0483275939816952	0.111549400675587	0.664840867415638	0.667604667866314	0.000965105384370144	341.20460865691	0.415361315476063	0.820643832772046
ATXN1	betareg	33	35	-0.0384441769489172	0.0887618784994714	0.664930604464104	0.665584171145133	0.0100342854136555	237.482054741997	0.415361315476063	0.820643832772046
GGA2	betareg	32	34	0.0609274542724014	0.140739528026937	0.665080644252187	0.667434161478108	-0.00103814380280589	597.540381974236	0.415361315476063	0.820643832772046
PCDH10	betareg	33	35	-0.0260616917862945	0.060264886879072	0.665412679139325	0.665808866213175	0.00415524265802226	785.000224924457	0.415367730968343	0.820656508083825
PHF2	betareg	33	35	0.0283978088892504	0.0656799403959592	0.665475029372912	0.667313715941165	-0.00647966798723898	131.482135767002	0.415367730968343	0.820656508083825
VCL	betareg	33	35	0.0120773212371776	0.0279723532425065	0.665916425961113	0.667416894140096	-0.00234708754225931	747.189356305424	0.415523316121928	0.820963903096318
MCC	betareg	33	35	0.0515920790898369	0.119809249641097	0.666745788998809	0.664666954826849	-0.0111685696212912	140.846588472199	0.415918548336198	0.821744777162026
FAM76B	betareg	33	35	-0.0303479580342474	0.0705177568792898	0.666934445868922	0.666980834194966	0.00373372834774503	132.38230226244	0.415918548336198	0.821744777162026
ZEB1	betareg	33	35	0.0305787805519538	0.0711857300077225	0.667513303135195	0.667447053487308	-0.00795149286414088	388.702506248443	0.416159539680846	0.822220912163935
ATP8B2	betareg	33	35	-0.0479297150671582	0.111813706763779	0.668172942605368	0.669915844985883	-0.00335980251824084	173.166275576736	0.416450741079477	0.822796248920097
GPR37	betareg	33	34	0.057066621881889	0.133752826724985	0.669628945224979	0.664288306345957	0.00100634410567524	303.925714661177	0.417237979269602	0.824351622859791
FUBP1	betareg	33	35	0.0227148913997718	0.0533959574909827	0.670541678732174	0.670355590999116	-0.00535330463143629	586.895879578427	0.417684796788238	0.825234415809882
JADE1	betareg	33	35	-0.0515387924217869	0.12137321427282	0.671105912657581	0.670063438928249	0.0178492108916072	201.648123740463	0.417684796788238	0.825234415809882
PGAP2	betareg	33	35	-0.0144846703227169	0.0341288374809726	0.671265752090173	0.671577629142896	0.003232608910899	206.291795568855	0.417684796788238	0.825234415809882
PITPNC1	betareg	33	35	0.0215881731920532	0.0508781158273872	0.671338602591204	0.671703672703453	-0.00518160071001906	1960.04169647545	0.417684796788238	0.825234415809882
ZBTB7A	betareg	33	35	-0.0333720478899408	0.0786554055164624	0.67136039548632	0.670971383685135	0.00396841979384239	128.155125160595	0.417684796788238	0.825234415809882
C1orf21	betareg	33	35	-0.0374007205356505	0.0882465335045785	0.671696473649012	0.671683860960331	0.0086608370209914	391.737633614423	0.417684796788238	0.825234415809882
MARK1	betareg	33	35	-0.0203607677150921	0.0480412053246842	0.67169794013264	0.672759422248131	0.00366263807023764	791.611604881242	0.417684796788238	0.825234415809882
SCRN3	betareg	33	35	-0.0439540104835688	0.103848382436135	0.672111587289362	0.670900468095442	0.0063004812395606	183.532552067758	0.417821883963468	0.8255052637216
NCAPG	betareg	33	35	-0.0298689609208431	0.0706411669964219	0.672421815283183	0.672665858851292	0.00675921286501636	93.1762664648542	0.417894619733054	0.82564897031754
SCRN1	betareg	33	35	-0.0108864624533263	0.0257654504611759	0.672644250253074	0.673123178590224	0.000476073534726625	11275.8093803044	0.41791276805089	0.82568482658184
KCNK3	betareg	33	35	-0.0294780281142354	0.0698262363961776	0.672906310802895	0.669939215047479	0.00569818575587822	5061.25758656064	0.417955518181936	0.825769289506252
TMEM132C	betareg	33	35	0.0509316271277611	0.120768438582119	0.673222385434292	0.674886190669304	-0.00893381131533861	86.3300991692153	0.418031783355194	0.825919969268082
SNRNP48	betareg	33	35	-0.0539143588194878	0.128234202666145	0.674166497723407	0.672831922637303	0.00464825259952365	86.8431059364284	0.418497867521528	0.826840828005774
ANTXR2	betareg	33	35	0.0377610308558178	0.0899059876906836	0.674481260767525	0.674092421462908	-0.00128617261262648	295.916534286297	0.418573119351483	0.826989505669909
PRSS12	betareg	33	35	0.0176864854682965	0.0421478426302718	0.674756007163058	0.674569447568671	-0.00444676782423899	420.897013256324	0.418623501389828	0.827089047219663
EIF2A	betareg	33	35	0.078892056974783	0.188394956982669	0.675392375760359	0.676785441633445	-0.0167717786043903	217.397317498404	0.418898143217658	0.827631666654435
CYP20A1	betareg	33	35	-0.0249631067318908	0.0597035289438842	0.675861008977915	0.67585792158062	0.00507837684059887	224.648302213839	0.419068622995897	0.827968489496167
HDAC11	betareg	33	35	0.0136163638304211	0.0326155667746022	0.676326968708738	0.676236708409054	-0.00290111755863756	583.760846588999	0.419237347825687	0.828301845025061
DESI1	betareg	33	35	-0.024267052551645	0.0582622510914609	0.677033808283442	0.676499809725473	0.00149508695235289	907.154256537145	0.419555248278271	0.828929932032994
NLK	betareg	33	35	0.0253248877021186	0.0609222001592321	0.677635198083508	0.680801801816194	-0.00317282927143316	371.036369444629	0.419722211692595	0.829259807471941
CNOT9	betareg	33	35	0.0402450258019269	0.0968856579128654	0.677858750079452	0.681348267845004	-0.0103416845662104	379.106296776678	0.419722211692595	0.829259807471941
FNDC3B	betareg	33	35	0.0556300947754831	0.13393534971676	0.677885445237418	0.681206173629004	-0.0110567583722309	67.5512514999003	0.419722211692595	0.829259807471941
ZNF502	betareg	33	35	-0.0418728492640294	0.101001723324533	0.678452618991424	0.672875437884868	0.00598485249495673	223.111060381279	0.419854724983042	0.82952161860002
APOOL	betareg	33	35	-0.0423839445579086	0.102266697122831	0.678548072102724	0.680321310970792	0.00936945423966331	272.205830425082	0.419854724983042	0.82952161860002
RASA1	betareg	33	35	0.0232217931476391	0.0560557422238009	0.678681857857634	0.676482870819753	-0.00538807468469657	245.303228742975	0.419854724983042	0.82952161860002
DOK6	betareg	33	35	0.0284042132924395	0.0687349674472626	0.679428915619197	0.678695821081968	-0.00482931074281421	1358.32651177458	0.420191059973277	0.830186127366721
SOX12	betareg	33	35	-0.0341318476458564	0.082649202756942	0.679626764080016	0.676693747635027	0.00635429203095275	887.85995235856	0.420191059973277	0.830186127366721
SPIRE2	betareg	33	35	-0.0174453348220385	0.0422687051104317	0.679808392149814	0.679822115994576	0.00371496516705524	425.000935652716	0.420191059973277	0.830186127366721
ST6GALNAC3	betareg	33	35	-0.0515650818865023	0.125130791178749	0.680273843708315	0.672096532504332	0.0107043769311947	467.939340903401	0.420358619816067	0.83051718119018
PNMA8B	betareg	33	35	-0.0579403617072947	0.141336410779216	0.681845220676275	0.677034042765084	0.00449786171266509	681.311203562447	0.421198317320046	0.832176200825277
DKK3	betareg	33	35	0.0392408122680506	0.0957781747648595	0.682022245562864	0.690185615290595	-0.00123680760018973	14335.2589233172	0.421198317320046	0.832176200825277
ATG13	betareg	33	35	0.0164882263928084	0.0403053597385704	0.682478953315057	0.682781009309096	-0.00365116435066031	738.278501790334	0.421209270902907	0.832197842200837
FUT9	betareg	33	35	-0.0456782778503393	0.111724327634908	0.682651146578828	0.68356535408803	0.0106824080409271	271.100059024066	0.421209270902907	0.832197842200837
NUP133	betareg	33	35	-0.0528868550251184	0.129407811956045	0.682771844767684	0.676465831721335	0.00493044394783693	297.237645913528	0.421209270902907	0.832197842200837
TMEM185B	betareg	33	35	-0.0275205357971506	0.0673500514377026	0.682819011176255	0.682877913433174	0.00596951207772207	305.618838695975	0.421209270902907	0.832197842200837
ELP3	betareg	33	35	-0.015729758255529	0.0386212190072469	0.683800293315548	0.684167104301543	0.00323752694758315	459.772668091783	0.42160752494656	0.832984686600215
ZNF891	betareg	33	35	-0.0310092130763671	0.0761506105170811	0.68385450048995	0.683650176094407	0.00770164151368253	428.634115162596	0.42160752494656	0.832984686600215
RHOU	betareg	33	35	-0.0163389436000897	0.0401929549371473	0.684365982848211	0.684552283283665	0.00351362166085836	600.361361573444	0.42168091459417	0.833129685085766
PKNOX1	betareg	33	35	-0.0332060786078802	0.0816963732724225	0.684406703353239	0.686791277920455	0.00779336132933595	121.560647874746	0.42168091459417	0.833129685085766
LAMC1	betareg	33	35	-0.0379415602840724	0.0933944680000992	0.684558465793617	0.685549031656943	0.00457946240104649	134.604980876798	0.42168091459417	0.833129685085766
MTMR12	betareg	33	35	-0.0253992173528514	0.062706452046787	0.685441122295971	0.684855546753911	0.00352035169069131	206.272894676835	0.422104398432899	0.833966376870924
ETV3	betareg	33	35	0.0289696476290406	0.0716338870962927	0.685909324930795	0.686396010650426	-0.00432891642210228	125.100005151392	0.422186429488141	0.834128448486822
CALU	betareg	33	35	0.0241463476483165	0.0597183379470467	0.685964747948208	0.684858461632072	-0.00141823051804949	1460.36933405408	0.422186429488141	0.834128448486822
NKIRAS2	betareg	33	35	-0.0277619410703357	0.0688004397206564	0.686570133020515	0.686877436099448	0.00392724522605143	3059.07849865405	0.422438806111072	0.834627077779988
CCDC184	betareg	33	35	0.0106263948212931	0.0263732656643819	0.687004884648662	0.686926424023672	-0.00242844542144759	3315.91503596762	0.422586080214895	0.834918052361698
RFLNB	betareg	33	35	0.0310808370934482	0.0772800100217347	0.687548106658689	0.687190212318514	-0.00787088842321883	166.985130193095	0.422719616210084	0.835181884083194
ZNF35	betareg	33	35	0.0371050569670203	0.0922789474483705	0.687612887480617	0.687431892921843	-0.00580160775327451	157.080981134874	0.422719616210084	0.835181884083194
POLH	betareg	33	35	0.0457987998415297	0.114172861479059	0.688320288218011	0.684518308945356	-0.00627562297514426	96.4241833305738	0.423034252174817	0.835803521328662
TBC1D22A	betareg	33	35	-0.024373258968537	0.0608688050331484	0.688845114235287	0.688670160756263	0.00446519837226062	208.716988895636	0.423236532785555	0.836203174183915
MBNL2	betareg	33	35	0.0283098982394898	0.0707795963524779	0.689176707881323	0.689339294039543	-0.00500333505837742	410.161435758784	0.423320007415237	0.836368097920163
NUDCD3	betareg	33	35	-0.0271225906219213	0.0681784954624715	0.690764803007144	0.689857068199736	0.00049261119792418	6185.89613807893	0.424175009170899	0.8380573546989
SZRD1	betareg	33	35	-0.0261933409655006	0.0659326143554114	0.6911651102752	0.691526662851111	0.00420307003937739	231.909135820848	0.424197311135381	0.838101417467697
C2orf68	betareg	33	35	0.0314534950725939	0.0791808672628256	0.691193399287659	0.691614928142756	-0.00255195577773192	365.931986629256	0.424197311135381	0.838101417467697
NDRG3	betareg	33	35	0.0135866234403823	0.0342366917179563	0.691482550314658	0.691351805097252	-0.00282173479971163	1947.58229559049	0.424254378102911	0.838214166665116
SLC49A4	betareg	33	35	0.0444664849195371	0.112495507257647	0.692641106613217	0.701043299477361	-0.00217938320396164	207.122556427021	0.424666357633115	0.839028128986818
ELOVL6	betareg	33	35	0.0269273061444007	0.0681452038809413	0.692735126973493	0.691476807002305	-0.00620875042085247	1136.60937808285	0.424666357633115	0.839028128986818
NIPSNAP3B	betareg	33	35	-0.0377574442762155	0.0955557537294127	0.692743093626374	0.692910769005189	0.00624891312186448	122.317101038891	0.424666357633115	0.839028128986818
SLC9A3R2	betareg	31	35	0.0720920403123609	0.182911401074132	0.693480341589885	0.704390218948225	-0.00304532690461599	399.142270122261	0.424997842188471	0.839683054580215
RAD1	betareg	33	35	-0.0280586492699484	0.0714162224221328	0.694401455424293	0.694670244069229	0.00751438439904146	309.494183896922	0.425441788791397	0.840560175362041
SLC48A1	betareg	33	35	-0.0215117571829172	0.0548162156368444	0.694737427951831	0.694886682115533	0.00329337890531352	1240.98134983751	0.425527084542022	0.840728697150431
SCN9A	betareg	33	35	-0.022455503684295	0.0573680188773724	0.695480193157586	0.695566786140399	0.00424109072724073	872.426883303698	0.425729663002323	0.841128938477451
LIG4	betareg	33	35	-0.0372737377029554	0.0952981153296871	0.695702807543457	0.695234222888524	0.0107425085726948	610.80396217243	0.425729663002323	0.841128938477451
SASH1	betareg	33	35	-0.0385449039519358	0.0985528752701139	0.695716762472539	0.695674186989673	0.00558927574474907	116.296335362643	0.425729663002323	0.841128938477451
CHMP7	betareg	33	35	-0.017246202364197	0.0441168368708034	0.695855557574956	0.695789810598429	0.00349432789319622	942.828163414125	0.425729663002323	0.841128938477451
ANAPC16	betareg	33	35	0.0380673581376334	0.097518387696671	0.696269752756419	0.69386013586788	-0.00261540800357822	945.402771480141	0.425791332968186	0.841250781979162
RRM2B	betareg	33	35	-0.0277477046064866	0.0711019919837853	0.696350109024174	0.694130317990752	0.0078367352882976	532.161882555814	0.425791332968186	0.841250781979162
ENTPD7	betareg	33	35	0.0321035245281339	0.0823731366841042	0.696734038035162	0.696759618380898	-0.0074061409172186	216.616321313263	0.425905676421075	0.841476694325678
UBE2J1	betareg	33	35	-0.00846157440940703	0.0218086176173002	0.698021775953981	0.698101212876678	0.0018704297479999	1191.76545668629	0.42643941519518	0.842531220630754
MRTFB	betareg	33	35	0.0343792100313673	0.0887977467808059	0.69863547332645	0.701093771891851	-4.02899175234243e-05	414.023293060846	0.42643941519518	0.842531220630754
ADNP2	betareg	33	35	-0.0379565584655381	0.0981109970102958	0.698849757327349	0.693053669295334	0.00862965028123447	491.822920941756	0.42643941519518	0.842531220630754
IGF2BP3	betareg	33	35	0.038476275758967	0.0994985087087102	0.698976809717387	0.700368153705812	-0.0057226879370139	141.025117387544	0.42643941519518	0.842531220630754
CACNA1C	betareg	33	35	-0.0368309529302426	0.095285850842772	0.699103310770694	0.692865871280012	0.00672704836424261	417.402374297398	0.42643941519518	0.842531220630754
PEX26	betareg	33	35	0.0306430754225215	0.0793171463071906	0.699247782410393	0.69936632161298	-0.00995210936613587	307.439087432499	0.42643941519518	0.842531220630754
ACTR8	betareg	33	35	0.013872867513782	0.0359102543374406	0.699259317818726	0.69935613476738	-0.00323199994867868	463.98850082619	0.42643941519518	0.842531220630754
CRIM1	betareg	33	35	-0.0475932077886283	0.123210916857335	0.699293549179922	0.706808338950098	0.010973173582263	471.386554012563	0.42643941519518	0.842531220630754
FAM98B	betareg	32	34	-0.0549581547901017	0.14232142805458	0.699381755108187	0.703102115230444	0.00394848589906481	56.8204702964636	0.42643941519518	0.842531220630754
PEX16	betareg	33	35	0.0396395364266195	0.10308048358309	0.700571301392938	0.705541221445617	-0.0033299507063255	120.828485425884	0.426963174097549	0.843566029355287
CCDC47	betareg	33	35	-0.0306765111394575	0.079863699420015	0.700896311679764	0.702372721016605	0.0017117065119729	318.296254325914	0.426963174097549	0.843566029355287
TMEM184A	betareg	33	35	-0.0535720500858623	0.139485528540291	0.700927399466087	0.703260787914317	0.00994027947175985	56.3972940825341	0.426963174097549	0.843566029355287
ZNF180	betareg	33	35	-0.0490285427706672	0.127701814461628	0.701030416625468	0.697954668077494	0.0150626857921829	199.607629147819	0.426963174097549	0.843566029355287
PDZD2	betareg	33	35	-0.0330847106859927	0.086299321963999	0.701444244367613	0.700620018982794	0.00583699806180698	122.548216102835	0.427094941683292	0.843826367168585
CTDSPL2	betareg	33	35	0.0349593550467914	0.0913524811642644	0.701952275945573	0.702539996252555	-0.00378150850991565	276.58881473986	0.427283977726523	0.844199852270035
SFXN1	betareg	33	35	-0.0202112892416106	0.0529955096208545	0.702923234313418	0.70111844872712	0.00173774007967509	1290.3868804774	0.427754615351247	0.845129707434225
WDR5B	betareg	33	35	0.035148983492885	0.0923563210221276	0.703514804882202	0.704332690043454	-0.00473992740917867	142.609693207542	0.42779456100895	0.845208629462875
URM1	betareg	33	35	0.0294646715405387	0.0774338126031579	0.70356369756987	0.707258737435837	-0.00267829161347639	1352.99574446539	0.42779456100895	0.845208629462875
SCO1	betareg	33	35	-0.0351796466632113	0.0924589792500256	0.703582282939257	0.705783274393153	0.00855694377130521	413.26404782695	0.42779456100895	0.845208629462875
PLAAT3	betareg	33	35	-0.0146712835947974	0.0385860682646765	0.703780407660946	0.703708677757459	0.00295733215924832	602.869357795714	0.427794757078945	0.8452090168452
CCNK	betareg	33	35	0.0395149823987306	0.104047528289292	0.704110070298025	0.703140415375016	-0.00798665326822269	65.0415189882071	0.427874886238065	0.845367330818618
PDIA3	betareg	33	35	-0.0178017732684861	0.0469863549776032	0.704783565847713	0.705818609339304	0.00203184639340342	2016.39789842243	0.428163852698271	0.845938251929011
SLC7A1	betareg	33	35	-0.0347111551753871	0.0917648373453992	0.705235936931836	0.70555257555697	0.00737668399940553	668.112846325077	0.428318359015971	0.846243515447833
DDX24	betareg	33	35	0.0230697505989715	0.0611392501881092	0.705927440521466	0.708117006352358	-0.00261702479273978	1420.85994893333	0.428566460887602	0.846733698965814
GCA	betareg	33	35	-0.0330344313379388	0.0875829565690556	0.706040760452889	0.70581590240448	0.00876238185317378	178.409100520697	0.428566460887602	0.846733698965814
SATB2	betareg	33	35	0.0415127676203992	0.110384759332623	0.706862356752692	0.708770841072903	-0.0112698954631512	86.9978153331212	0.428926872048802	0.847445775862917
HDAC4	betareg	33	35	-0.0306213231017905	0.0815670431679187	0.70735338622852	0.710336924119157	-0.00191486327558966	425.252254255556	0.428926872048802	0.847445775862917
ANKLE2	betareg	33	35	0.0153331885906689	0.040848797817018	0.707389402413789	0.708396520605976	-0.00290582055031157	459.529347596983	0.428926872048802	0.847445775862917
GPT2	betareg	33	35	0.0171348790820711	0.0456549243400781	0.707427821788679	0.707183342077347	-0.00380988747749821	477.284868475736	0.428926872048802	0.847445775862917
CNTNAP4	betareg	33	35	0.0346010788274607	0.0923550047533826	0.707918557064351	0.712307450632988	-0.00241951384207742	355.187368174439	0.428990557929493	0.847571602277839
BBX	betareg	33	35	0.0455087540567847	0.121473879750245	0.707929569045076	0.708382344154026	-0.015103187577591	112.12432222393	0.428990557929493	0.847571602277839
ZNF577	betareg	33	35	-0.0313132841762943	0.0836711446222611	0.708224033031473	0.707163139642216	0.00384229967476297	105.358183558308	0.429048781560122	0.84768663673487
SEC24B	betareg	33	35	0.0199289428387384	0.0534137626144152	0.709070284411514	0.709201403146666	-0.00522594325321981	167.20395492378	0.429350438521573	0.848282630911034
RANBP3	betareg	33	35	-0.0273678834875302	0.0733645649251104	0.709119016525676	0.710646685818896	0.00497213278579807	122.145911889619	0.429350438521573	0.848282630911034
LRRC57	betareg	33	35	0.028183501199327	0.075950855412578	0.710581302936582	0.71107415561091	-0.00285409888187253	375.715174111463	0.429704867049901	0.848982887711786
ZNF514	betareg	33	35	0.0525100605031342	0.141651709311475	0.710862190044003	0.706700260135914	0.00111965431304242	236.977435901823	0.429704867049901	0.848982887711786
EIF3E	betareg	32	35	-0.0499872858330749	0.134863845612525	0.710898227805239	0.723923166720083	0.00866563227011053	119.213173359612	0.429704867049901	0.848982887711786
ZNF334	betareg	33	35	-0.0321392974159786	0.0867271027264117	0.710950658284714	0.709459716548128	0.00242162368786733	234.903710031556	0.429704867049901	0.848982887711786
RFX3	betareg	33	35	0.0396108815953878	0.106924640043631	0.711042705234564	0.711560298156255	-0.00883181488522642	143.69533680356	0.429704867049901	0.848982887711786
SIRT5	betareg	33	35	0.0286438953310342	0.077327237815739	0.711066299501848	0.707979534412534	-0.00600850786104085	220.523629714544	0.429704867049901	0.848982887711786
PPP1R2	betareg	33	35	-0.0166907687860929	0.0450713673612296	0.711145064953721	0.711696565665258	0.0034511617733049	1474.97935056601	0.429704867049901	0.848982887711786
NLGN1	betareg	33	35	-0.0346451706924156	0.0937108903716747	0.711604007861798	0.711886018918188	0.00882296378363277	217.047308559336	0.429704867049901	0.848982887711786
NEGR1	betareg	33	35	-0.0202493085902818	0.0547760053421828	0.711624813520362	0.712751479988073	0.00278757864267899	1202.94816227823	0.429704867049901	0.848982887711786
PDCD10	betareg	33	35	0.0438097246040071	0.118606148559866	0.711850878266465	0.719558997934646	0.000489995318679284	395.921841184674	0.429704867049901	0.848982887711786
REPS2	betareg	33	35	-0.0517523481515659	0.140129108564777	0.711889933693267	0.710598400533633	0.000917326369082262	160.692891254817	0.429704867049901	0.848982887711786
FRAS1	betareg	33	35	-0.0418858614083975	0.113675377658993	0.712523499154818	0.715812335604419	0.00166424904375911	146.212398150722	0.429967292338779	0.849501370504614
RGS6	betareg	33	33	-0.0480014239084944	0.130833124648431	0.713700735661886	0.7176143939713	0.00651822434046363	125.556997882171	0.430450345202104	0.850455754888572
GTF2H5	betareg	33	35	0.0242528977328934	0.066121167293319	0.713772116050374	0.71187471831847	-0.00134360360890152	1824.80357485275	0.430450345202104	0.850455754888572
MXRA7	betareg	33	35	-0.0127507376980095	0.0347815304965913	0.713921084199697	0.71453913149262	0.00126872146572521	1475.73948868811	0.430450345202104	0.850455754888572
GFOD1	betareg	33	35	0.0207540277340285	0.0566713378903776	0.71420288945551	0.711522192835444	-0.00442969583001829	1693.25835327644	0.430500239582361	0.850554332955238
KBTBD6	betareg	33	35	0.0232514335699792	0.0636020777157013	0.714681012327913	0.712705149281448	-0.00207636403646597	2519.80059149968	0.430668407601949	0.850886588374804
BMS1	betareg	33	35	0.0308082857724181	0.0843424852460523	0.714905390565056	0.717883605001256	-0.00744632101759691	188.242844569992	0.430683617431344	0.850916638965038
ZNF134	betareg	33	35	-0.0150840960364885	0.041388360382564	0.715520054336979	0.715595548053936	0.00320490496885516	607.131717035268	0.43082352852912	0.851193066198987
SLC17A5	betareg	33	35	-0.0265148756324263	0.0727568754910456	0.71553603879868	0.714010249637896	0.00487776921016341	398.556180449264	0.43082352852912	0.851193066198987
CDC42EP3	betareg	33	35	-0.0252254800620899	0.0693233813194088	0.715946671346033	0.71407389030342	0.00155581157701292	975.005325409447	0.430950794806848	0.851444510621097
TMEM200C	betareg	33	35	-0.0493596058904651	0.136055140500235	0.716760875931403	0.712693496346737	0.0102603837781093	225.733517699836	0.431197783343857	0.851932494485048
PTCD2	betareg	33	35	0.0356197609533912	0.0982047543325372	0.716822179180122	0.717827100373824	-0.00144040128814754	239.961617391897	0.431197783343857	0.851932494485048
MOB3B	betareg	33	35	-0.0480717976519309	0.132600448948585	0.716955125244146	0.718349264259988	-0.0018820501977544	100.641070938916	0.431197783343857	0.851932494485048
SIRPA	betareg	24	25	-0.0672246723403729	0.185704661356213	0.717353700699062	0.726329656390749	0.00703247658385258	170.507646373355	0.431317554578214	0.852169130688655
SERPINB9	betareg	33	35	-0.0228418578840227	0.0632494572617748	0.717995396542182	0.717837583652373	0.00428975483819452	1107.93191682958	0.431360745980066	0.852254465447182
ZNF747	betareg	33	35	0.0229007418838349	0.0634162240758681	0.71801121571447	0.71668913242744	-0.000805606465457975	354.616541468647	0.431360745980066	0.852254465447182
USP9Y	betareg	24	29	0.0418777135458883	0.116007246890717	0.718105263321484	0.718097881634644	-0.00530980396247448	128.099038646344	0.431360745980066	0.852254465447182
AGBL4	betareg	33	35	0.0268016304565054	0.0742824238623642	0.718243609298292	0.718822073892394	-0.00698719198610565	83.5666321712906	0.431360745980066	0.852254465447182
ARFIP1	betareg	33	35	-0.030794985765303	0.085406993212206	0.718422790671835	0.716706226178691	-0.000312544243129056	190.763155093181	0.431360745980066	0.852254465447182
ZBTB44	betareg	33	35	0.0302399647199471	0.0839891919871344	0.718812804396298	0.718866565706125	-0.00790743406669396	206.766736766872	0.431386387173596	0.852305125647233
KIAA0513	betareg	33	35	0.043017506252935	0.119500746721446	0.718864421444566	0.719563233699024	-0.00742742189891881	1359.70806213072	0.431386387173596	0.852305125647233
FBXO45	betareg	33	35	0.0292758472636872	0.0814411686034939	0.71924176807958	0.719448194672471	-0.00717205471868561	600.043578746088	0.431391397102896	0.852315023939226
WDR13	betareg	33	35	0.0357172345820712	0.0993766740671998	0.719286406690164	0.720035752296171	-0.00721938043333252	356.59899722695	0.431391397102896	0.852315023939226
ZNF136	betareg	33	35	0.0386302601284192	0.107585156817653	0.719545102557763	0.719767955187146	-0.00250558218793003	558.947943997428	0.431391397102896	0.852315023939226
EIF2S1	betareg	33	35	0.0150722352528579	0.0420147070079135	0.719791751790734	0.719760290573667	-0.0033017976811557	1002.02064662763	0.431391397102896	0.852315023939226
PDXK	betareg	33	35	0.0167438484089094	0.0466880511736691	0.71987009627818	0.719297274067172	-0.00245693988297974	3085.39353627609	0.431391397102896	0.852315023939226
RAB8A	betareg	33	35	0.0330675727493001	0.0923238609664903	0.720216619562677	0.719659768137115	0.000921371168564683	1043.80639961576	0.431479499104795	0.852489090136099
CACNA1D	betareg	33	35	-0.0462571610559189	0.129392712292234	0.720721769754506	0.722437895621234	-0.000236278948221628	54.0911487562445	0.431662558871158	0.852850767698976
DACH1	betareg	33	35	0.0199780607969327	0.0559875145494056	0.721218594871436	0.721152949859346	-0.00547559433321685	495.287743999046	0.431840532511123	0.853202396424597
STAM2	betareg	33	35	0.0255684676550952	0.0717967409990927	0.721748486124524	0.722210523948381	-0.00407181892871351	553.50671735784	0.432010395182912	0.853538000027599
FICD	betareg	33	35	0.0345174814006661	0.0969814870390869	0.721901786122102	0.72100308377775	-0.00910737804596379	141.55815225896	0.432010395182912	0.853538000027599
CADM3	betareg	33	35	-0.0305163551465645	0.0860032026110497	0.722718356711892	0.723970902218026	0.00343443540950911	376.593002156481	0.432149164018324	0.85381217045397
ZNF277	betareg	33	35	0.0268305609765148	0.0756650837802533	0.722892026369479	0.723835458762889	-0.0030965394008718	125.863755075503	0.432149164018324	0.85381217045397
NCAN	betareg	33	35	-0.014501001362168	0.0408981052538661	0.722916147822774	0.723642645911885	0.00187565389465847	1148.47450930777	0.432149164018324	0.85381217045397
BRMS1L	betareg	33	35	0.0227035612394429	0.0640363580241245	0.722932935338746	0.728731985941711	-0.00331087113085868	399.76666455591	0.432149164018324	0.85381217045397
TRAPPC2	betareg	33	35	-0.0265144575706669	0.0749145734895812	0.72339191809217	0.729347314111337	0.000551659074945877	786.900876771165	0.432304044097053	0.854118172425489
SLC10A7	betareg	33	35	-0.0236801221829235	0.0671755712459332	0.724455133088269	0.724580421105596	0.00519625398242884	91.4957617470835	0.432715128023132	0.854930365270895
KRAS	betareg	33	35	0.0246064401993832	0.0698467033211181	0.724619229252732	0.724791679955438	-0.00768115231369204	1038.0971068917	0.432715128023132	0.854930365270895
GTDC1	betareg	33	35	-0.0150347277419851	0.0427135815381586	0.724846215435049	0.724851784466107	0.00272439522841462	280.065748614625	0.432715128023132	0.854930365270895
SPATA33	betareg	33	35	-0.0266438908653849	0.0757574623357088	0.725063346084778	0.723782548910774	0.00312199758222023	291.169264703818	0.432715128023132	0.854930365270895
CALCOCO2	betareg	33	35	0.0179126434604494	0.0509348678056878	0.725080188097759	0.724650109786627	-0.00345683658466886	203.703447534661	0.432715128023132	0.854930365270895
PACSIN1	betareg	33	35	-0.029126692772245	0.0828923860821435	0.725303591004591	0.727214404986805	0.00145566345155492	408.34119112108	0.432729044487031	0.854957860513825
CEP89	betareg	33	35	0.0402714714527201	0.115033193831848	0.726274413296189	0.728426808444025	-0.0069684121429201	173.805434115451	0.433188754016546	0.855866124659298
PDRG1	betareg	33	35	-0.0394129387971673	0.112757431588747	0.72668590257918	0.731631268797025	0.00100010498674579	2229.15158495556	0.433287099827684	0.856060429907239
ANGEL1	betareg	33	35	-0.0280056447521877	0.0801691070018421	0.726839981208393	0.725324680580274	0.0064896547933978	236.431039592324	0.433287099827684	0.856060429907239
MPRIP	betareg	33	35	0.0314855098469448	0.0902803106149647	0.72727491176773	0.728243712155668	-0.0078504396356174	414.741163844492	0.433363481997921	0.856211340824081
CCR10	betareg	17	17	-0.0731927583930119	0.209945362408654	0.727368866649055	0.728659846977142	3.31678113436585e-05	230.692960525481	0.433363481997921	0.856211340824081
VAPB	betareg	33	35	-0.0167202527984308	0.0481801361993587	0.728564101038438	0.728580558243053	0.00373605757730562	1398.28587617275	0.433933425607878	0.85733739828565
EEA1	betareg	33	35	-0.0294782451620909	0.0851090744354952	0.729073364051716	0.729714487917971	0.00636750721163942	128.503405880973	0.433933425607878	0.85733739828565
LAPTM4B	betareg	33	35	0.00790392967622629	0.022821553132031	0.729090076692092	0.729249443163011	-0.0017950432992868	1592.15024228042	0.433933425607878	0.85733739828565
ZNF682	betareg	33	35	-0.0393318189874982	0.113595522566936	0.729159013583764	0.728356942035177	0.00498031046995013	114.179512756975	0.433933425607878	0.85733739828565
TPT1	betareg	33	35	-0.0389161813008805	0.112500119121361	0.729401901768836	0.731801722884933	-0.0012268927045981	2173.76853671568	0.433933425607878	0.85733739828565
SYT7	betareg	33	35	-0.0218938208186511	0.0633223789592069	0.729529319018634	0.728552076509351	0.00350876391458726	1256.1181101698	0.433933425607878	0.85733739828565
USP13	betareg	33	35	-0.0311205923118571	0.0906802458297363	0.731455205786153	0.733093008877596	0.00453735680579409	185.580113686199	0.434959342055417	0.859364337180157
MRTO4	betareg	33	35	0.0276879909252237	0.0808336858409443	0.73195180572742	0.729955570659393	-0.00256496527587666	474.139321140004	0.435135003684897	0.859711397986054
PDK1	betareg	33	35	0.0186030719453313	0.0543627194865616	0.732198318047747	0.732686542530233	-0.00492280913982493	253.188121330857	0.435161936069972	0.859764609238258
PPP2R1A	betareg	33	35	-0.0523422593037291	0.153127670491124	0.732485576036636	0.739346856239001	-2.67052880467484e-05	4811.48113632816	0.435213063071938	0.859865622638611
XKR4	betareg	33	35	0.0153784680849619	0.0450803528861672	0.73300225584886	0.733007804954098	-0.00382103399189868	2294.64508535315	0.435400437644522	0.860235825114578
FBXO9	betareg	33	35	-0.0256635069879848	0.0752909914264974	0.73321078212874	0.733573237603453	0.0031991695984197	984.899291890385	0.435404717601149	0.860244281174109
STARD4	betareg	33	35	-0.0218457306944543	0.0642756007732893	0.73394995087888	0.734227382885837	0.00469572634190248	275.064550676735	0.435724021690405	0.860875141395953
ANKRD34A	betareg	33	35	0.0165079717871605	0.048733024598931	0.734803331498601	0.733248095334873	-0.00276525940370685	459.09920391898	0.436037324421328	0.861494144524898
CSMD1	betareg	33	35	0.0359653844147706	0.106268589436201	0.73503274813733	0.735505616806366	-0.00328514906919413	176.710701968216	0.436037324421328	0.861494144524898
METTL2A	betareg	33	35	0.0282635318636602	0.083527874601807	0.735082530057987	0.734913229831796	-0.000977111473598513	392.609487190195	0.436037324421328	0.861494144524898
LRRC58	betareg	33	35	0.031981029424137	0.0946800931735607	0.735529081742673	0.735780602183055	-0.00684946082451547	251.634486246928	0.436182577418337	0.86178112593541
COA5	betareg	33	35	0.012385674233151	0.0367644457656844	0.73619777141441	0.735478509712796	-0.0026298506305018	473.721412193203	0.436372489725117	0.862156342301304
FLRT3	betareg	33	35	-0.0275054732876198	0.0816623197047458	0.73625286521354	0.735159010591643	0.00404335225218067	731.186781874129	0.436372489725117	0.862156342301304
ELFN2	betareg	33	35	-0.0569610148875526	0.169308093028911	0.736543543023405	0.734098627167839	-0.00116573875620735	70.719737277701	0.436425171345854	0.862260427216167
RPS23	betareg	33	35	-0.0250480125949409	0.0746329747727318	0.737160536416407	0.736832773004967	0.00525876025570038	1752.00814570066	0.436584961442459	0.862576130081193
KLHL14	betareg	33	35	0.0262374599508076	0.0782172214785685	0.737290544864864	0.736790284325633	-0.00636267514978332	146.423932573898	0.436584961442459	0.862576130081193
KLF6	betareg	33	35	-0.0217324570951102	0.0648200948391571	0.737418816566019	0.737419693006803	0.00375217264280679	968.492308112861	0.436584961442459	0.862576130081193
KRBA2	betareg	33	35	-0.033675676221456	0.100564905569144	0.737726856860006	0.737630508758207	0.00955028678818831	234.280141629038	0.436647803800328	0.862700289918666
PCNX1	betareg	33	35	0.0340498552861279	0.102094462550529	0.738746894739005	0.737800770411605	-0.00980567441460154	206.333605701123	0.437022342639794	0.863440279362288
COA7	betareg	33	35	-0.0354175268687547	0.106202391159724	0.738763786882407	0.740137495522643	0.00332594663784603	1159.06268357786	0.437022342639794	0.863440279362288
ZC3H10	betareg	33	35	-0.0294763090490411	0.0886979620389179	0.739645917358542	0.739723215801589	0.00932164610605025	204.777529668657	0.437424529174068	0.864234893320495
MRI1	betareg	33	35	-0.0247359221782154	0.0745693652756762	0.740103002847064	0.740436747493976	0.00540727010292186	137.134537082664	0.437575194113888	0.864532567295108
POLI	betareg	33	35	-0.0243767475646932	0.0736653512360671	0.740710969192804	0.740678545312511	0.00496652677686291	137.319802521361	0.43781495844491	0.865006278043413
ZADH2	betareg	33	35	-0.0286135580365176	0.0866250562784556	0.7411619376353	0.737562230450186	0.0032053348560928	396.981997049084	0.437910505078739	0.865195052859153
ACSL6	betareg	33	35	0.0178265207987263	0.054030092685154	0.74144764789254	0.741788556488643	-0.00415917448833611	450.975803549205	0.437910505078739	0.865195052859153
SERTAD4	betareg	33	35	-0.0262732801773833	0.0796717815602521	0.741574546409638	0.738057074416871	0.00349076651987741	390.077639271451	0.437910505078739	0.865195052859153
IST1	betareg	33	35	-0.0335978623006861	0.101976682937805	0.741803396289018	0.742314836836222	0.00077727884972398	2055.23778527628	0.437910505078739	0.865195052859153
TIAL1	betareg	33	35	-0.0277578343706847	0.0842785781647694	0.741885016072066	0.738535320404674	0.00462734024592608	326.926063986637	0.437910505078739	0.865195052859153
BRD3OS	betareg	33	35	0.0268375693236303	0.0816026546168033	0.742245574198348	0.738800803098604	-0.00676942337736869	2565.61176865232	0.438003788251115	0.865379355675181
NDRG4	betareg	33	35	-0.00870246809640656	0.026488347610328	0.742503794422411	0.743387554427103	0.000894151809893765	16111.4064406638	0.438017029593961	0.865405517057908
KPNA4	betareg	33	35	-0.0384956078565371	0.117251848617146	0.742673070688357	0.741802548275001	0.00124646779508055	620.597728288411	0.438017029593961	0.865405517057908
GUCY1A2	betareg	33	35	-0.0430640212291725	0.131647644301407	0.7435803206606	0.740804327715263	0.0108506064807573	162.727433523185	0.438432549876795	0.866226474968032
TK2	betareg	33	35	-0.0232710745598255	0.071269178873998	0.7440281761236	0.744307922918008	0.00611177218933257	351.306934402308	0.438577047611221	0.866511964179925
INTS2	betareg	33	35	-0.030742024396573	0.0943137192338336	0.744458433817587	0.74456101244139	0.00610908077745393	69.0768831796069	0.438711096193849	0.866776808638297
MAML1	betareg	33	35	-0.028983122808963	0.0889928448186262	0.744667046379975	0.744408449534112	0.00530593715611957	135.369691165117	0.438714491331436	0.866783516530001
COL1A2	betareg	29	35	0.0325853523059762	0.100349270518279	0.745393470249239	0.748364840950774	0.00172003634710996	199.810616494763	0.439022865831728	0.867392782781862
LSAMP	betareg	33	35	-0.0200522757726803	0.0618968604297	0.745966252322571	0.748823774073481	0.000336535317030676	3133.6002358239	0.439123388084854	0.867591388102124
ZNF385D	betareg	33	35	0.0240783673003288	0.0743257015229659	0.745970222299837	0.74534449094172	-0.0064658057663705	465.551362497121	0.439123388084854	0.867591388102124
INCENP	betareg	33	35	0.0613319780427287	0.18956742311889	0.746288979778387	0.750088211465575	-0.0063387551512799	66.01188246268	0.439191487684388	0.867725934855251
STARD5	betareg	33	35	0.0598691669102348	0.185466784321299	0.746844716388822	0.743519681699125	-0.0209086090164328	54.4764478735028	0.439398974647843	0.868135874083089
WIZ	betareg	33	35	-0.0261649681458523	0.081167271617719	0.747181043030928	0.752405551952118	0.00333933699128833	424.435211756518	0.43947179113652	0.868279740158552
DPY19L2	betareg	33	35	0.0415205824151874	0.129126197764833	0.747793313676566	0.749865179818932	-0.0120114601936912	52.8947773320129	0.43947179113652	0.868279740158552
STK39	betareg	33	35	0.0117283364081504	0.0364752949730036	0.747799749217244	0.748584920080219	-0.00233706425373822	480.50317768163	0.43947179113652	0.868279740158552
CNP	betareg	33	35	-0.0144916514531307	0.0450695778495959	0.747801551059385	0.74822978811056	0.00351205373733331	2772.58370272244	0.43947179113652	0.868279740158552
PTBP1	betareg	33	35	-0.0173923888088816	0.0541316252209084	0.747984489474287	0.74908175679096	0.00282291841119286	201.713937627569	0.43947179113652	0.868279740158552
SLC25A40	betareg	32	35	-0.0411232638400702	0.128219700218566	0.748418797205224	0.750326065961648	-0.00187617743694337	294.203650077243	0.439607538754648	0.868547941460598
MCU	betareg	33	35	0.014839187672565	0.046363097979493	0.748919339665322	0.746795669772872	-0.00311587574337687	582.238449341644	0.439782107164337	0.868892842354038
CDK19	betareg	33	35	-0.0413969102201114	0.129687890422688	0.749571725452589	0.74880876119467	0.00144252505298175	230.870059902432	0.440045722381118	0.869413676128912
PHC1	betareg	33	35	-0.0202820616929612	0.0637534587682878	0.750384259660088	0.75178162154192	0.00364664755415987	666.298462912744	0.440305703647159	0.86992733018061
PSMF1	betareg	33	35	0.0142757764366279	0.0448806221444182	0.750421750303236	0.75138007587235	-0.00260220408859662	1313.8871367094	0.440305703647159	0.86992733018061
PRKAA1	betareg	33	35	-0.0168133072184606	0.0529376192486085	0.750783797655673	0.750397013763859	0.00151231605866793	444.94273188219	0.44039865413171	0.870110975693705
SP3	betareg	33	35	0.045952833653935	0.144935181061093	0.751199723878249	0.754143331767064	0.000664857688375658	294.48600124257	0.440460827548319	0.870233813880606
NPAS3	betareg	33	35	0.0285168020632544	0.0900103268575283	0.751382461208733	0.750496753210248	-0.00833089884056004	123.560465476828	0.440460827548319	0.870233813880606
PPP1CB	betareg	33	35	0.0150670696781699	0.0476248764342779	0.751721883834283	0.749537551016405	-0.00226692455869927	4186.97219898648	0.440460827548319	0.870233813880606
ENDOD1	betareg	33	35	-0.0215817964375632	0.0683311648234774	0.752123051779128	0.752004230088463	0.00387583343765994	2106.63413369681	0.440460827548319	0.870233813880606
UHMK1	betareg	33	35	0.0366467454197477	0.116105110829964	0.752280165087974	0.751366574695347	-0.0109089336553903	1169.48035352911	0.440460827548319	0.870233813880606
TMEM170A	betareg	33	35	-0.017980307993522	0.0569749883840222	0.752319439380638	0.75272327077516	0.00336636369511857	301.429680862664	0.440460827548319	0.870233813880606
MCPH1	betareg	33	35	-0.0276153326961369	0.0875677619659182	0.752488652140017	0.753210722827585	0.00553628104690906	76.2571240765104	0.440460827548319	0.870233813880606
NFIC	betareg	33	35	-0.0304998892428549	0.0967269279695836	0.752519059744639	0.752430474173602	0.00517952744482054	92.2291502363559	0.440460827548319	0.870233813880606
TXNDC15	betareg	33	35	-0.0133852419455737	0.0425748749675726	0.753222584860874	0.753557350999706	0.00319328903025874	488.537118701263	0.440672438483585	0.870651900983337
MFSD4A	betareg	33	35	0.0156658127745643	0.0498424390107235	0.753288106233418	0.753363793743641	-0.00380148226262194	343.623892277747	0.440672438483585	0.870651900983337
ATP5F1A	betareg	33	35	0.0299856305733523	0.0956815096188896	0.753984362652683	0.757105397336907	-0.000584134574426385	3410.79445420931	0.440960472253102	0.871220979344216
LRRC27	betareg	33	34	-0.0475902719058536	0.152070779461305	0.75432004110199	0.757622979767091	0.00402243834014805	118.554202909179	0.441037526753607	0.871373218607408
ZNF623	betareg	33	35	-0.0255868857437567	0.0818485892996406	0.754575139392023	0.755427576304235	0.00677860854423245	429.932629973113	0.441067438548949	0.871432316384355
NSF	betareg	33	35	0.00917623429454371	0.0293926817574196	0.754892693390692	0.755266768740914	-0.00170969412841827	5947.29198900055	0.441133831189923	0.871563490639942
FOXP2	betareg	28	31	-0.0605180861446494	0.194229097819413	0.755359016330473	0.755522799771947	0.0251340673102367	68.0475732771056	0.44128710003091	0.871866309232877
RTN4RL1	betareg	33	35	-0.0103827843224689	0.0335702230497806	0.757104334993811	0.756410059330702	0.00186054002757147	1573.39219102978	0.442187284383829	0.873644834844331
RTF1	betareg	33	35	-0.0216002929621602	0.0699781570791331	0.757571096687978	0.758044146678406	0.0020526600021483	521.432168790652	0.442259858642937	0.873788222338388
VOPP1	betareg	33	35	-0.0134954548085149	0.0437334107881829	0.757637576354722	0.758025794392086	0.00245232184259084	553.960126037269	0.442259858642937	0.873788222338388
MRPS18C	betareg	33	35	0.0322975402770927	0.105061269357464	0.758526569408611	0.762346345180931	-0.00914291928142212	474.874704569934	0.442659319141693	0.874577450373177
MAFB	betareg	33	35	-0.0336357132504211	0.109771325170774	0.759287768979691	0.754097246856234	0.00408736439426827	511.137628390563	0.442984006793196	0.875218947086652
NEXMIF	betareg	33	35	0.0383307582132882	0.12609227972644	0.761135714546311	0.757895507629348	-0.0071173051737798	562.885804458252	0.443942378157314	0.877112434804851
VAT1L	betareg	33	35	0.00548839267931016	0.0181517116241611	0.76237591580974	0.763158683297497	-0.000485311340589982	20391.244441736	0.444515940581755	0.878245642084368
TACC1	betareg	33	35	0.0223786023828248	0.0741027156650729	0.762656360451999	0.76375714079012	-0.0050309403231838	767.613276916333	0.444515940581755	0.878245642084368
NAPEPLD	betareg	33	35	-0.0339343630849584	0.11240626854615	0.762735684010084	0.762982738508445	0.00833760966890693	101.651088429472	0.444515940581755	0.878245642084368
TMED8	betareg	33	35	-0.0259241826974214	0.0859709769001124	0.762998369087675	0.765883853393673	-0.00343943971245606	1186.369387764	0.44454923893162	0.878311430795161
GABRA3	betareg	33	35	0.0167007421288248	0.0555541550102269	0.763703564215582	0.763855411628744	-0.00400274596996176	923.415423307934	0.444840271567825	0.878886434121514
FAM219B	betareg	33	35	-0.0054406492049442	0.0182116723515767	0.765134487107325	0.765383143911396	0.000830765851077709	3273.48281285468	0.44555375387995	0.880296086001508
GNPDA1	betareg	33	35	-0.0123297758710305	0.041348932932171	0.765559306139997	0.765694604862109	0.00191054513901737	335.872252192182	0.445653836449704	0.880493822624001
XKR6	betareg	33	35	-0.0187630964865443	0.0629676500498139	0.765718475279847	0.76536869298629	0.000998496284343873	740.447160669479	0.445653836449704	0.880493822624001
GDAP2	betareg	33	35	0.0335085564312147	0.112566555585681	0.765949144275454	0.762019693685438	-0.011112628467268	159.116473511413	0.445668155290441	0.880522112856878
PITPNB	betareg	33	35	-0.0147873390900736	0.0497224299635608	0.76616285674205	0.767051159578652	0.00226097465533166	1693.68854433376	0.445672602911659	0.880530900177187
PLBD2	betareg	33	35	-0.0142790462915914	0.0480714093044758	0.766437322928291	0.767039295067473	0.00284311050087415	737.568066859219	0.445678258518658	0.880542074157121
GGPS1	betareg	33	35	0.0149018110913962	0.0502006191356601	0.766584721709452	0.769369569247397	-3.43418051237189e-05	1479.0194365824	0.445678258518658	0.880542074157121
GRK5	betareg	33	35	-0.0289401548421304	0.0976195421057438	0.766879862964573	0.767215108730032	0.00660249568093396	171.260309590573	0.445730028316194	0.880644357551093
KLHL36	betareg	33	35	0.021402751429254	0.0722628715709321	0.767093317801872	0.768929954511205	-0.00354314303043889	506.281380448276	0.445734304833546	0.880652806815529
ZNF561	betareg	33	35	-0.0187594109199922	0.0635141231771852	0.767720335488129	0.767906366020712	0.00375581884059994	212.282784227731	0.445978823142636	0.881135910164054
SUPT6H	betareg	28	30	-0.0484994291279369	0.16441999892862	0.76801465042287	0.763176715467637	0.000729870744608015	218.585740457194	0.446029990633564	0.881237003559861
KIAA0895	betareg	33	35	-0.0134988473049596	0.0458203550935194	0.768296616040118	0.768419160424039	0.000154442271912805	676.020112985564	0.446073960623082	0.881323876601188
CGN	betareg	33	35	0.0232892863522963	0.0791664024036028	0.768619261311385	0.768514395223945	-0.00449657036650324	76.7966446336075	0.446141519329187	0.88145735469231
PLRG1	betareg	33	35	0.0141203540496893	0.0482135536610304	0.769620718388408	0.769665573553002	-0.003136365367306	200.510539067436	0.446602949257346	0.882369017889366
RNF2	betareg	33	35	0.015338337113739	0.0524796856159611	0.770078746383812	0.770293735809218	-0.00238805412140235	388.758272981452	0.446748869945844	0.882657318481231
CREB5	betareg	33	35	-0.0293580431047936	0.100663524321771	0.770557840862933	0.770079320884004	0.00532535883014328	264.082090607502	0.446857968006164	0.882872867322765
SOWAHC	betareg	33	35	0.0300211098183772	0.103000039603298	0.770694199178869	0.767783610356827	-0.000215553087926202	420.502876129734	0.446857968006164	0.882872867322765
C1orf52	betareg	33	35	0.0169441802565991	0.0581843728231191	0.770886652932655	0.771836138825129	-0.00149052646466664	710.81691431779	0.446857968006164	0.882872867322765
DENND3	betareg	33	35	0.0293812561872929	0.101455271892999	0.772123704041867	0.775164749998723	-0.00011011721197728	191.361365770064	0.447440627529259	0.884024048057267
KSR2	betareg	33	35	-0.0132526450478056	0.0458345474652351	0.772473510146468	0.772762537879053	0.0028168159686451	930.759370594722	0.447440627529259	0.884024048057267
WAPL	betareg	33	35	0.0269579489424262	0.0932626754656561	0.772540058049051	0.772662322658684	-0.0103114420820568	85.9493868779001	0.447440627529259	0.884024048057267
FEM1B	betareg	33	35	0.0173616864747191	0.0601125432058643	0.772719358645891	0.773594808219464	-0.00406163782553788	1443.06304609148	0.447440627529259	0.884024048057267
LIN28B	betareg	33	35	0.0268824894533194	0.0932486599890726	0.773126129818778	0.773298149452795	-0.00640350534278168	91.7489918034013	0.447556339384041	0.884252664003115
NANP	betareg	33	35	0.0207987292893688	0.0723588804533887	0.773776572606013	0.774025978435141	0.00138034455365144	176.551986099681	0.447786499802464	0.884707399966453
HMGB3	betareg	33	35	-0.0108922430769454	0.0379407284062992	0.774046650743412	0.774041389064706	0.00253765369924256	1480.17909482636	0.447786499802464	0.884707399966453
HNRNPR	betareg	33	35	0.0278369650983722	0.0970633118616233	0.774271716926103	0.777411312071097	-0.00105227859772792	1730.77735947486	0.447786499802464	0.884707399966453
TMEFF2	betareg	32	35	0.0416154216400379	0.145159719249891	0.774351901679039	0.785176094543788	-0.000991876301964076	1393.09480428862	0.447786499802464	0.884707399966453
ZNF25	betareg	33	35	0.00987210300753399	0.0345071739827649	0.774810397807982	0.774781030898088	-0.00231390730128805	872.6956550516	0.447931867679264	0.884994608348973
SPRY4	betareg	33	35	-0.020571694782421	0.0723545262433123	0.776166686847955	0.776612299776888	0.00204212448019989	446.874962953539	0.448403573288154	0.885926573566717
NHS	betareg	33	35	0.0405584325430409	0.142680595287442	0.776210887730989	0.778874886663902	-0.0180597272089424	107.209176324165	0.448403573288154	0.885926573566717
INPP5K	betareg	33	35	0.0090331016610573	0.0317830297568149	0.776248324697821	0.775601756307287	-0.00215965736557688	451.054929831699	0.448403573288154	0.885926573566717
TFIP11	betareg	33	35	0.00945017062252761	0.0333218958783886	0.776715075151757	0.776781410957555	-0.00216397210447029	548.219079709325	0.448539141549751	0.886194420507811
KALRN	betareg	33	35	0.0235670799008362	0.0831859038041486	0.776942147099064	0.778663524959824	-0.00432553017623752	467.718630972141	0.448539141549751	0.886194420507811
YPEL1	betareg	33	35	0.0184546408273662	0.0651892161471188	0.777105193925291	0.776764996127697	-0.00446430223399585	1019.40423388963	0.448539141549751	0.886194420507811
DENND11	betareg	33	35	-0.0236799206472358	0.0843772581252497	0.778983924404149	0.778750165608648	0.00557979548451697	215.263070826794	0.449503566744965	0.888099868991176
RNF152	betareg	33	35	0.0303165578600941	0.108278956634144	0.779488487446623	0.78183455738604	-0.00489153246824083	446.319543436201	0.449674137784716	0.888436872141459
ANKRD40	betareg	33	35	0.0236235739767339	0.0844555523865557	0.779695359356534	0.780032322508218	-0.00367925929880544	256.478549550811	0.449674137784716	0.888436872141459
MED22	betareg	31	32	-0.047493341966171	0.171147491140611	0.781396595306136	0.78592862360408	-0.0013943925615328	454.553101369263	0.45053514983248	0.890138003663855
PIP5K1A	betareg	33	35	0.01182741450139	0.0426909035381554	0.781743518154599	0.781913459551588	-0.00277287262596102	209.954387236043	0.450615045521961	0.890295856363167
MAST4	betareg	33	35	0.0241654341110363	0.0875173343418732	0.782454603158784	0.77944206502013	-0.00379289483274585	495.443938634368	0.450787984772595	0.890637538470259
ZNF793	betareg	33	35	0.0255520075594402	0.0925414697945604	0.782460407071695	0.783170141565391	-0.00219809389477533	190.531209735577	0.450787984772595	0.890637538470259
CDK5R1	betareg	33	35	0.00879182389505401	0.0320280028121077	0.783697113900045	0.78289148585512	-0.00170447102831049	4946.90941822434	0.451380231597093	0.89180766117041
SHFL	betareg	33	35	0.00774347945380995	0.028288381490414	0.784289383050114	0.784696657579854	-0.00157578166170106	608.501507502885	0.451561438771709	0.892165678503181
NANOS1	betareg	33	35	0.019847425624503	0.0725546227966705	0.784429312926855	0.78339109281402	-0.00211075910224898	930.095235028007	0.451561438771709	0.892165678503181
TBC1D5	betareg	33	35	-0.0184195740426772	0.0674277679568954	0.784718770214201	0.785635345358639	0.00201875997492269	719.626315025523	0.451607862213509	0.892257398915721
TRIM35	betareg	33	35	0.0130087047555772	0.0477500686949019	0.785288935905735	0.784957002428412	-0.0026891600663519	270.043852871516	0.451615798883628	0.892273079671593
INIP	betareg	33	35	-0.0154583276670093	0.0567857732464366	0.785451450001427	0.785175031504527	0.00439936542461181	619.98657523882	0.451615798883628	0.892273079671593
CAPN5	betareg	33	35	0.0105691466404776	0.0388380307452319	0.785519027446536	0.785720361602167	-0.00268594338887748	717.581816382715	0.451615798883628	0.892273079671593
SLC29A4	betareg	33	35	-0.0199468321161467	0.0733149444170628	0.785567827223153	0.783403658418596	0.00109520472659329	1322.39501268901	0.451615798883628	0.892273079671593
PLD5	betareg	33	35	-0.0194947144212121	0.0717255998890512	0.785779060339424	0.786734413112017	0.00113886124711247	497.339897757096	0.451617187781583	0.892275823765707
MAPK14	betareg	33	35	0.0108185962078444	0.0398892268853374	0.786224914566012	0.786774426424822	-0.00258041072123605	385.429697148828	0.451753385814659	0.89254491496827
MSH6	betareg	33	35	-0.0204596421638727	0.0755774811014446	0.786613451433525	0.784822169331935	0.00180616652908458	414.60672532984	0.451856586525729	0.892748812211276
CLMP	betareg	32	35	-0.0234422160099661	0.087168853103725	0.787984465554356	0.788057011693521	0.00548314707070418	154.289067939178	0.452409924380171	0.893842061102705
OSGIN2	betareg	33	35	-0.0140788408361419	0.0523542419599863	0.78799509575799	0.788339648954559	0.00295123144364836	251.386921702924	0.452409924380171	0.893842061102705
RBM15B	betareg	33	35	0.0150986006151164	0.0562194653062349	0.788264176328726	0.788770559429776	-0.000515226175353153	2203.884588425	0.452444303699991	0.893909985523526
RAPGEF2	betareg	33	35	-0.0174991182965885	0.0655976821388108	0.789650660044757	0.790982752693534	0.000852902670042887	286.796876120955	0.452888228403551	0.894787063038015
CCDC91	betareg	33	35	0.0244640372941088	0.0919620575402816	0.790221371160171	0.789334893395915	-0.00814159287521808	76.6196984761394	0.452888228403551	0.894787063038015
SLC35A3	betareg	33	35	-0.028839662013051	0.108477773359947	0.790348727637359	0.789721315987517	0.00871000636704042	164.250835609361	0.452888228403551	0.894787063038015
BAZ2A	betareg	33	35	0.0250790929980684	0.0943342191915249	0.790351951264626	0.789908378265612	-0.0089880918873301	166.030572426748	0.452888228403551	0.894787063038015
PLPPR5	betareg	33	35	0.0135195649270789	0.0509367804842405	0.790687070169353	0.790787841481294	-0.00263201842075019	478.079480826	0.452888228403551	0.894787063038015
MAP3K1	betareg	33	35	-0.0222957963834367	0.0841136245977769	0.790957388262653	0.791755436393827	0.00490748575019583	140.789570945229	0.452888228403551	0.894787063038015
BCR	betareg	33	35	0.0257706128242377	0.0972889225815123	0.791096180748043	0.792862065928782	-0.00266775194181549	458.318411523257	0.452888228403551	0.894787063038015
RC3H2	betareg	33	35	0.0224970795859766	0.0850023084200121	0.791268053115937	0.792615931801206	-0.00799101973259642	512.865870890901	0.452888228403551	0.894787063038015
TMEM33	betareg	33	35	0.0233037193229586	0.0881367068977909	0.791468441909717	0.794722912726007	-0.000947349582362071	987.48133750397	0.452888228403551	0.894787063038015
TTC19	betareg	32	35	-0.0315475614347338	0.11939367108356	0.791601587386527	0.792432694816132	6.33386898928704e-05	3419.40340723324	0.452888228403551	0.894787063038015
SIN3A	betareg	33	35	0.0218846964181604	0.0829342189571062	0.791872250499367	0.790343985445279	-0.00143029071510261	227.299217166195	0.452888228403551	0.894787063038015
SUB1	betareg	33	35	-0.012927857333797	0.0490091297988195	0.79194584469678	0.793953092991584	0.000441832817201435	3066.85248864203	0.452888228403551	0.894787063038015
DLC1	betareg	33	35	-0.0214243757837989	0.0813874493459431	0.792366136033249	0.793153930127012	0.00355536296193855	230.498895591505	0.452888228403551	0.894787063038015
NCAPD3	betareg	33	35	0.0186833534124269	0.0709783806637213	0.792376411838348	0.790874124573476	-0.00317650624145974	522.347265825503	0.452888228403551	0.894787063038015
SLC30A10	betareg	33	35	-0.0245411656905578	0.0932806494448227	0.792481544948498	0.793027489374844	0.00675645426172975	204.684378771132	0.452888228403551	0.894787063038015
PPP2R2A	betareg	33	35	0.0190144681121951	0.0722813114816257	0.792502773597032	0.79278103879253	-0.000142711215316227	417.220371768976	0.452888228403551	0.894787063038015
GATAD2B	betareg	33	35	0.0345854354094892	0.131727407077189	0.792895074309867	0.789023666636671	0.00110799150164627	483.464250076762	0.452888228403551	0.894787063038015
ARRDC4	betareg	33	35	0.0125948913955774	0.0479729646805923	0.792904038277027	0.792804301811061	-0.00274470712032998	328.911030601211	0.452888228403551	0.894787063038015
CCDC169	betareg	32	35	0.0408629062955541	0.155730016266791	0.793016290129877	0.793313408960405	-0.00741270145228302	64.486908303897	0.452888228403551	0.894787063038015
IER5L	betareg	33	35	-0.0262793798725979	0.100643070508684	0.794004096395356	0.796933552093271	0.000789905587661862	549.371626933284	0.453332652765405	0.895665127744814
KDM2A	betareg	33	35	-0.0341206576887687	0.131353122327191	0.795046730723058	0.795927223992818	0.0207087497135505	192.340823796699	0.453703411338288	0.896397648383946
TTLL4	betareg	33	35	0.0381989597487946	0.147072528966804	0.79507303706416	0.803386290835527	-0.00462804452349876	52.2314320173231	0.453703411338288	0.896397648383946
EPN1	betareg	33	33	-0.0406031687280141	0.156591758558424	0.795409072180869	0.798103847399555	0.00283816275392321	279.156885878182	0.453775437990092	0.896539953951161
ARL10	betareg	33	35	-0.0154675567303968	0.0597259759725499	0.795654244191361	0.79694696533317	0.00295170115663356	639.813458772799	0.453795603542267	0.896579795735676
MCTP1	betareg	33	35	0.0266432788614445	0.103603112598602	0.797050027507949	0.798319916178341	-0.00889327773723727	103.924211575792	0.454428989041866	0.897831197550546
ATAD1	betareg	33	35	-0.0089999080209107	0.0350201989351559	0.7971850136922	0.796408417682733	0.00188602078457351	2374.00274502696	0.454428989041866	0.897831197550546
MEIS2	betareg	33	35	0.0190667037345028	0.0743644237219895	0.79764546086546	0.797547325387332	-0.00472489630411407	124.406062427454	0.454550619372595	0.898071506835672
CMC2	betareg	33	35	0.0346510654019601	0.135265324176911	0.797818731558205	0.805098465178542	-0.000555359339771619	814.316076141893	0.454550619372595	0.898071506835672
KICS2	betareg	33	35	0.0336963865707824	0.131783234845746	0.79818593240192	0.796965989567871	-0.0121949784901954	66.2438751234881	0.454640060821212	0.898248219424125
WDR41	betareg	33	35	-0.0237817523198704	0.0934490094382771	0.799117740337973	0.802495848338283	0.00561186930187337	859.983082671712	0.45494787692859	0.89885638243964
FAF2	betareg	33	35	-0.0121967020499235	0.0479333793328068	0.799147062225179	0.800979908335475	0.000952671237142114	1318.0774172235	0.45494787692859	0.89885638243964
TTC17	betareg	33	35	0.0149582783193597	0.059179986232982	0.800454397766619	0.800350935267224	-0.00367395944928571	186.574963127122	0.455572213362106	0.900089905699148
CCNT1	betareg	33	35	0.0277198762374406	0.110124322570895	0.801261836561703	0.801759668778726	-0.00632383019600093	261.515403617305	0.455648853081762	0.900241325465355
SPCS2	betareg	33	35	-0.0209137322690422	0.0831241660197094	0.801353122001621	0.80649862884957	0.00146325210776988	902.926707893361	0.455648853081762	0.900241325465355
NSD2	betareg	33	35	-0.0186746504828052	0.0742588587752195	0.801442682954966	0.801852206908535	0.00447126173573438	179.800869556287	0.455648853081762	0.900241325465355
LMO4	betareg	33	35	-0.0230142599684066	0.091606664945352	0.801636987494573	0.799809351903585	0.00461464182344641	417.396104102552	0.455648853081762	0.900241325465355
STXBP5L	betareg	33	35	-0.0274992188856013	0.109461818492019	0.801642462765194	0.802384612964033	-0.00199119459630557	100.682340684096	0.455648853081762	0.900241325465355
ZNF383	betareg	33	34	0.0294741840802238	0.117488648524455	0.801915890602217	0.804762288752772	-0.0030250346256034	89.4590540131213	0.455655478791068	0.90025441611024
SAMD14	betareg	33	35	0.00885379763023638	0.0353283971728497	0.802112409992378	0.80268863214636	-0.00208919107092495	1550.75023763659	0.455655478791068	0.90025441611024
ATE1	betareg	33	35	0.0112305680369182	0.0448523976797734	0.802286172840579	0.801910060708294	-0.00251092158741047	547.610693881177	0.455655478791068	0.90025441611024
FAM131A	betareg	33	35	0.0316207764519098	0.127011564101183	0.80339186005222	0.799958174569522	-0.0116538132802604	678.456331934164	0.456163658896269	0.901258445262047
SOCS4	betareg	33	35	-0.0191481239910805	0.0771290166692132	0.803932500290806	0.803292428270649	0.00618411651079857	730.123566673267	0.456350824351777	0.901628234578114
KDM5C	betareg	33	35	-0.0244560565485009	0.0986562725346002	0.804218316197204	0.80359005079691	0.00474619708494171	106.82274771837	0.456393278969984	0.901712113647508
PRKCE	betareg	33	35	-0.0201646009650716	0.0815909077747102	0.804797753334847	0.805999237188652	0.00183496252516179	1154.72718232052	0.456602297426101	0.902125078698793
TNRC6A	betareg	33	35	-0.0182560427993079	0.0740823268944831	0.805350064807357	0.805171202863884	0.00373960338335906	295.914508697679	0.456766842909546	0.902450176947398
CTDSPL	betareg	33	35	-0.0256280642651807	0.104085076801113	0.805510174321876	0.805627781301287	0.0055915814549057	101.611705341567	0.456766842909546	0.902450176947398
UBXN2B	betareg	33	35	0.0122305309472303	0.0498925505455054	0.806350032341663	0.806140189083407	-0.00195810978430237	1321.93525761957	0.457123232776109	0.903154308832483
PCLO	betareg	33	35	-0.023623602905242	0.0966818253416257	0.806964577312512	0.809523662394636	0.00141817852793023	487.506221404889	0.457206332087077	0.903318491038463
EGFR	betareg	33	35	0.0379078750463252	0.155254005198885	0.807101631723116	0.806565000575772	-0.0105293636344285	57.1668690659486	0.457206332087077	0.903318491038463
ZNF546	betareg	33	35	-0.036533131547744	0.149646759577705	0.807130821152552	0.804099724607315	0.00609502136892599	122.58062200925	0.457206332087077	0.903318491038463
B3GLCT	betareg	33	35	-0.0245261089371766	0.100670009795259	0.807518357592822	0.805774594605255	0.0050557450752549	320.723153890832	0.457306079158903	0.903515564806004
PIK3R1	betareg	33	35	-0.0184342477573283	0.0758138315572923	0.807888027709054	0.807909230781484	0.0016507728530662	1568.94533020164	0.457395658769905	0.903692550366698
ATXN7	betareg	33	35	-0.0360399613753649	0.14842863754839	0.808152568170827	0.806858158816012	0.00464706165200083	126.257732049235	0.457402250825184	0.90370557452015
MRE11	betareg	33	35	-0.0308849013113618	0.127412953129249	0.808470225419381	0.808144263103183	0.00786733447221201	51.4303960788534	0.457402250825184	0.90370557452015
FBXO28	betareg	33	35	-0.0111176500109504	0.0458805062360993	0.808534147294765	0.80813970312949	0.00156279329056081	505.124708483615	0.457402250825184	0.90370557452015
SLC25A53	betareg	33	35	0.0143979820966948	0.0595056847565423	0.808811332087844	0.808247559490626	-0.00371753961951739	127.007597305406	0.45743940466229	0.903778980651506
ABCE1	betareg	33	35	-0.00950021174671544	0.0393912458142494	0.809418934562219	0.809120933126682	0.00159992484494829	334.827291078182	0.457517586776799	0.903933447781003
YIPF6	betareg	33	35	-0.0172131103982504	0.0713788687437015	0.809437817074662	0.80952659981885	0.00596402801356223	946.673771096328	0.457517586776799	0.903933447781003
C3orf62	betareg	33	35	-0.0264829215664883	0.109904756435915	0.809584204226047	0.808938088088139	6.66042525889086e-05	92.8403860667821	0.457517586776799	0.903933447781003
RAB23	betareg	33	35	-0.0199818328370294	0.0830819242580212	0.809936784980607	0.810280005625647	0.00109086118289216	357.502736969175	0.457529883973521	0.903957743781313
ZNF226	betareg	33	35	0.01439659107571	0.0599197190600179	0.810125087975461	0.810094931269017	-0.00346286016219351	449.003476700618	0.457529883973521	0.903957743781313
CTC1	betareg	33	35	0.0240848203095234	0.100305091742177	0.810240617524556	0.810194496556747	-0.00573018766683214	79.2419538273948	0.457529883973521	0.903957743781313
ALDH2	betareg	33	35	0.0239609111372992	0.0999609808164572	0.810560787105356	0.811063217872017	0.000515791873190511	1393.14700125467	0.457591203091722	0.904078894101067
BEND6	betareg	31	33	0.0382276294323407	0.159911169441855	0.811062620661714	0.814674488952843	0.00898192431820437	93.4959816286346	0.457755019400056	0.904402551692981
MIGA1	betareg	33	35	0.0156677859541786	0.0659890212300063	0.812323069752503	0.813232023533558	-0.00282215344252701	484.800650507665	0.458254780029267	0.905389946192524
PAPOLA	betareg	33	35	-0.0126391199400351	0.0532890026540909	0.812516652192718	0.81377997271275	0.00108809936987462	469.201010104544	0.458254780029267	0.905389946192524
TRMT10B	betareg	33	35	0.0261429722167629	0.110363006387672	0.812748597880306	0.810802825983388	-0.00539205374049057	104.611153564227	0.458254780029267	0.905389946192524
LDB2	betareg	33	35	0.0244984964111099	0.103447311827771	0.812795654948402	0.812902219823908	-0.00263916782406095	138.917703847863	0.458254780029267	0.905389946192524
SNTB2	betareg	33	35	0.0252986917347408	0.106981854984609	0.813062961508314	0.812448954117511	-0.0100572415208873	101.167711431772	0.458286017896872	0.905451663936676
NECAB1	betareg	33	35	-0.0172840818034136	0.0731838895466868	0.81329818535856	0.814174665447371	-0.00119702139003593	572.116470258495	0.458290809756849	0.905461131381504
FMNL2	betareg	33	35	0.0143798006771063	0.0609521937211227	0.813495268751133	0.81397951108838	-0.00161229652265803	266.804737392362	0.458290809756849	0.905461131381504
LPIN1	betareg	33	35	-0.0121821640123798	0.051724185054092	0.813803898081783	0.813692451301424	0.002837775176888	377.3330276311	0.458345287376705	0.905568764714443
SYNJ2BP	betareg	33	35	-0.020989815162617	0.0895361315256865	0.814652385894871	0.814149676792013	0.00667963403768961	492.663902436156	0.458593198972655	0.906058572298127
GPR180	betareg	33	35	0.0235812948225389	0.100599309564599	0.814668156978564	0.81470584060806	-0.00659122512336491	264.679137482209	0.458593198972655	0.906058572298127
TOR1A	betareg	33	35	-0.0074980626948638	0.0320250670484341	0.814883238417822	0.815345762636293	0.00184283025594059	742.143593138985	0.45859490908022	0.906061951017266
NCEH1	betareg	33	35	0.012675076256	0.0542146836032451	0.815144785838203	0.815190843899013	-0.00274327509967768	201.297702655002	0.458622761330459	0.906116979679147
PPARGC1A	betareg	33	35	-0.0173430925193122	0.0743062673366043	0.815450711576085	0.816537811770687	9.13628223889607e-05	405.121901140461	0.458675561055186	0.90622129793618
EP400	betareg	33	35	0.0148040548123179	0.0637254408352222	0.816297274622638	0.81618551075452	-0.00315974410632565	190.880600753764	0.459032352487736	0.906926223209187
SORL1	betareg	33	35	0.0318349563038358	0.137249964641575	0.816577827929654	0.817059037710132	-0.0102968261252233	125.947902593261	0.459070754200722	0.907002094812429
ZFP1	betareg	33	35	0.0096693941669778	0.0417689687527468	0.816928656149994	0.816512560945911	-0.00197671375783492	718.535882020147	0.459148633443163	0.907155963547018
RPL14	betareg	33	35	0.0219317863896739	0.0950262177937282	0.817472345177679	0.817774684643784	-0.00551561454202229	961.693408459674	0.459193539679084	0.907244686363007
CHRM2	betareg	33	35	0.0133720206195245	0.0579917813177405	0.817637413137073	0.817914892983687	-0.00419250175885033	1671.09769253556	0.459193539679084	0.907244686363007
TTC9	betareg	33	35	-0.013356924958617	0.0579289342928956	0.817645515371856	0.816425531916578	0.00328276107296869	1181.48403200622	0.459193539679084	0.907244686363007
ZNF780A	betareg	33	35	-0.021864797510554	0.095077859891685	0.818117189539834	0.817306764280426	0.00569512960147004	130.708322598953	0.459339156203977	0.907532386008233
JAG2	betareg	33	35	-0.0283381979988441	0.123702972811003	0.818804721102135	0.821994423295424	0.000137065145461081	647.700665281422	0.459431342733825	0.907714522149385
WSB1	betareg	33	34	-0.0324429987832453	0.14201469527066	0.819297836679971	0.816490464848028	0.000634857853323891	2461.38211854699	0.459431342733825	0.907714522149385
PCYT2	betareg	33	35	-0.010225582095284	0.0448674718752415	0.819719040036696	0.819805475272658	0.0024454337598556	993.708132524907	0.459431342733825	0.907714522149385
RHOBTB2	betareg	33	35	0.0108680346667112	0.047689193451848	0.819729403494963	0.819706894392964	-0.00237673859941592	887.229053875071	0.459431342733825	0.907714522149385
RBFOX3	betareg	33	35	-0.0210240386024654	0.0922841285941506	0.819787286199048	0.820073080500207	-0.00338234411930355	238.675557416664	0.459431342733825	0.907714522149385
CYTH2	betareg	33	35	-0.0123946566496841	0.0544439463133167	0.819911316203673	0.818866463926153	0.00128848749526718	1096.43035360721	0.459431342733825	0.907714522149385
TBC1D23	betareg	33	35	0.0192887046348469	0.084744273026741	0.819948888679089	0.82010571482556	-0.00660020658197292	284.413789679577	0.459431342733825	0.907714522149385
C18orf32	betareg	33	35	0.0296962426351707	0.130492988194022	0.819980822723291	0.818597555330413	-0.00285377225724084	3553.46135843619	0.459431342733825	0.907714522149385
C11orf54	betareg	33	35	0.0132463398520783	0.058681171243351	0.821408254784314	0.82129044919855	-0.0029453608382817	109.054556013652	0.459943060261796	0.908725540310692
CDK6	betareg	33	35	-0.0342820100659227	0.151942537740319	0.821493223035798	0.824139321444688	0.00268783556441175	120.529132507017	0.459943060261796	0.908725540310692
MRPS25	betareg	33	35	0.0155729907871894	0.0691121640674835	0.821723161212691	0.821879533727902	-0.000670620379762611	305.757731409174	0.459943060261796	0.908725540310692
CISD3	betareg	33	35	0.0205767477821262	0.0913568295110114	0.821796528501092	0.82214358013232	-0.00457237418303994	395.334658569855	0.459943060261796	0.908725540310692
NAIF1	betareg	33	35	-0.0182044028540039	0.0808983735648466	0.821957456892306	0.821748679455113	0.00434859256819467	97.6945538604228	0.459943060261796	0.908725540310692
TM2D1	betareg	32	35	-0.0198355339930006	0.088755117483037	0.823157209537324	0.823720901904178	0.0070880106614737	75.9862944815093	0.460495261367703	0.909816543288408
NOL6	betareg	33	35	0.0114568670607863	0.051348368426287	0.823441823478163	0.823325263632466	-0.00190549279980348	208.608441424904	0.46053535719767	0.909895762017634
PRKAA2	betareg	33	35	-0.0161456752270813	0.072811222228733	0.824510785223677	0.825651698027465	-0.000285617359344047	469.400967040401	0.460903955444097	0.910624014424468
CS	betareg	33	35	-0.00947583881220441	0.0427610273820125	0.824625370898109	0.825187470060875	0.00147729060143303	2599.10240025841	0.460903955444097	0.910624014424468
TLE3	betareg	33	35	0.0155712977231983	0.0703561805301106	0.824842527506189	0.824902344403992	-0.00285286470598852	153.049405325981	0.460903955444097	0.910624014424468
JAK2	betareg	33	35	-0.0251915295415579	0.113896746028036	0.824953325494294	0.827137365682251	0.0106393777114829	56.6509302601693	0.460903955444097	0.910624014424468
BRWD1	betareg	33	35	0.0205189033254727	0.0933008127136814	0.825931885584258	0.8256325018818	-0.00235991141948637	90.4348039146379	0.461202045473916	0.911212961289444
VASH2	betareg	33	35	-0.0105655133690397	0.0481461287194078	0.826302025482707	0.82634246819692	0.00259430885852597	436.293130733413	0.461202045473916	0.911212961289444
PRKACB	betareg	33	35	-0.00944487074321497	0.0430471619288028	0.826332618031855	0.825802995208006	0.000368927931977096	5397.72349662374	0.461202045473916	0.911212961289444
RNF166	betareg	33	35	0.0149025347409499	0.0679245944328963	0.826339860752772	0.826477088448263	-0.00430016323403355	170.170105430886	0.461202045473916	0.911212961289444
ELAVL4	betareg	33	35	-0.0183701220227746	0.0843052282488994	0.827506908962749	0.82725246135641	0.00476954842159722	247.2133031328	0.461734248599305	0.912264453559811
WDPCP	betareg	33	35	-0.0302224617255905	0.139244451928689	0.828172438206882	0.827488510821888	0.00145355488871167	73.2774237759702	0.461935309723316	0.912661697032619
GPALPP1	betareg	33	35	-0.0157603568894158	0.0727696093176873	0.828536584902972	0.827695585059315	0.00172228496649669	99.5069992318992	0.461935309723316	0.912661697032619
C2orf69	betareg	33	35	-0.021253991672414	0.0982791964574221	0.828784034647993	0.827729419259985	0.0033932714746093	789.228808216759	0.461935309723316	0.912661697032619
MYLK	betareg	33	35	0.0305436286461432	0.141273366826672	0.828830050820969	0.829026172508487	-0.00384411534517649	66.5225164875669	0.461935309723316	0.912661697032619
DLK1	betareg	30	29	-0.0417730266264454	0.193431494995715	0.829020696399649	0.832916171804762	0.00250680658391462	580.764186066857	0.461935309723316	0.912661697032619
TRIM52	betareg	33	35	0.0114848238376039	0.053221379685195	0.829148773199304	0.829080576487829	-0.00199398395816446	291.841475451315	0.461935309723316	0.912661697032619
MGLL	betareg	33	35	-0.0159474315658638	0.0740131481568288	0.829402810655631	0.829446542430541	0.00429957889998619	276.50377704687	0.461957839095643	0.912706209099024
SHC4	betareg	33	35	-0.016234092694684	0.0755538324479579	0.829870318840154	0.828987599235501	0.00664089958381977	331.051795547604	0.462099224424466	0.912985549022651
RASEF	betareg	33	34	0.0385839081009817	0.180028920260602	0.830297046567069	0.83037209546137	-0.0186022093059535	64.0230861224181	0.462217834906298	0.913219891887023
GAS8	betareg	33	35	0.00888752661940075	0.041528908467222	0.830540668833587	0.829647497278722	-0.00139473219606526	295.456083135817	0.462234477645438	0.913252773526999
VPS26A	betareg	33	35	0.00643702133159515	0.0302224958581254	0.83133651912075	0.831335910630638	-0.00173112940852878	1039.95979662053	0.462511696876476	0.913800485227152
IL17RA	betareg	33	35	0.0277341320691904	0.130316629904077	0.831466484100905	0.829559827862996	-0.00857872292239555	159.311773283033	0.462511696876476	0.913800485227152
CDS2	betareg	33	35	0.012665749957234	0.0598001507464869	0.832262050508181	0.833233917313444	-0.00174538264859338	2308.32906606701	0.462581917793573	0.913939223141348
NRG1	betareg	33	35	0.0125914618389512	0.0594494657072615	0.83226221546305	0.831231440801851	-0.00183091637213828	1065.77359231392	0.462581917793573	0.913939223141348
HTR2C	betareg	33	35	-0.0224792769040389	0.106243785172364	0.832433121383961	0.831507497618879	0.000857907122656891	191.778162744916	0.462581917793573	0.913939223141348
CHURC1	betareg	33	35	-0.0128907258249339	0.0609832117134851	0.83258955233426	0.833111692080324	0.00332064015136635	1104.11774340109	0.462581917793573	0.913939223141348
GID4	betareg	33	35	0.0200660229368369	0.0950000956903181	0.83271476132246	0.832852733529476	-0.00642698082657161	241.848796171452	0.462581917793573	0.913939223141348
SMARCC1	betareg	33	35	-0.0129791039130977	0.061529012476956	0.832931883831856	0.831597710842162	0.00236354734793954	395.947792771638	0.462581917793573	0.913939223141348
ORAI2	betareg	33	35	-0.0133647840398076	0.0634182661637222	0.833089930759549	0.831596203517685	0.000263307368695462	4906.37245668876	0.462581917793573	0.913939223141348
GJC1	betareg	33	35	0.0343633603629253	0.163337936738387	0.833369547105392	0.831245846082772	0.00310584420241054	79.3141467097306	0.462618405324767	0.914011312828886
OTULIN	betareg	33	35	-0.0219090985999349	0.104791973970826	0.834391801370958	0.834637163197445	0.00624931487173419	114.813051696676	0.463067019992239	0.914897656468592
TAB3	betareg	33	35	-0.0147756220855353	0.0709476709470339	0.835025300461855	0.834835745928914	0.00298039491810968	267.679185452887	0.463217968295698	0.915195890294626
CDH13	betareg	33	35	0.0133395063581586	0.0641946700329416	0.835386909417916	0.834196789579827	-0.00318138614472995	596.713061795988	0.463217968295698	0.915195890294626
AGO3	betareg	33	35	0.0268879197266812	0.129488176905712	0.835504071195267	0.838194308052531	-0.00486072939504429	272.865256074839	0.463217968295698	0.915195890294626
SNX22	betareg	33	35	0.0253107688957753	0.121905219921974	0.83552051674218	0.838484266192101	-0.000633474610912222	5759.65117457761	0.463217968295698	0.915195890294626
UCK2	betareg	33	35	-0.0111123206692653	0.0537070460402504	0.836083116430844	0.835259824692605	0.000910468620364814	983.597115228697	0.463378637170041	0.915513329391468
IPMK	betareg	33	35	-0.01862725670521	0.0902143047019868	0.836417656173944	0.836377484598755	0.0035385416285573	125.525293929275	0.463378637170041	0.915513329391468
SPRING1	betareg	33	35	-0.0192569657381998	0.0933546922323892	0.836574209789312	0.83348335023537	0.00151800881360351	2164.02545188781	0.463378637170041	0.915513329391468
PPP1R3B	betareg	33	34	-0.0245814229604373	0.119235730275889	0.836667341744368	0.836226459958984	-9.53150228251471e-05	102.164794517648	0.463378637170041	0.915513329391468
MDM4	betareg	33	35	0.0255654029621405	0.124460441698429	0.837251910720608	0.837173971194742	-0.00711942134286134	332.379893406491	0.463577190755768	0.915905618633461
RSPH3	betareg	33	35	0.0174445741840715	0.0850330563214891	0.837454540604009	0.836906079005688	-0.00219865258582044	217.461317822604	0.463577190755768	0.915905618633461
SLFN5	betareg	32	31	0.0317834888823771	0.155345499803544	0.837885663261225	0.836505359428492	0.00227928456643213	259.829345785618	0.463678842180971	0.916106454898365
BDNF	betareg	33	35	-0.0147341247614114	0.0720965103141268	0.838066962835878	0.837343460898204	0.00115818089920844	809.294698497884	0.463678842180971	0.916106454898365
SCN1A	betareg	33	35	0.0173892640587111	0.0858199316758306	0.839428144476932	0.838873416700063	-0.00255515634392298	292.224171433875	0.464229385054005	0.917194181647579
GLO1	betareg	33	35	0.00683089255505479	0.0337254457363399	0.839491327971842	0.839509888861004	-0.00146747540032118	1644.22715235379	0.464229385054005	0.917194181647579
FOXK1	betareg	33	35	0.0110863759752004	0.0550981123247875	0.840533169215661	0.840461618247368	-0.00254337258036925	461.187372571241	0.464686696381357	0.918097707581422
ZNF2	betareg	33	35	-0.0314202488777181	0.157958216143842	0.842329283647421	0.838979148172423	-0.0021892053384226	118.453827601073	0.46556066547963	0.919824438800264
COX15	betareg	33	35	0.00798763994519069	0.0403948117920469	0.843249075887814	0.843191904918419	-0.00138718163945516	382.93740862801	0.465903695684474	0.920502175535897
IGF2BP2	betareg	33	35	-0.0139460776835454	0.0705876943654537	0.843380766960692	0.843150354486146	0.000595026739317142	104.35499598223	0.465903695684474	0.920502175535897
ZNF283	betareg	33	35	0.0174955534453463	0.0888687210272925	0.843929549572959	0.843851555217406	-0.00371135282631985	108.842111576937	0.466087804515567	0.920865925772537
TRPS1	betareg	33	35	0.0286455775733738	0.14594028810375	0.844388773854093	0.842855688389227	-0.00133262611781756	62.4628578214341	0.466222370439989	0.921131792361128
NKTR	betareg	33	35	-0.0129785127413472	0.0663865892775358	0.845002309564304	0.846291748833521	0.000876311294573008	292.535825463649	0.466400954793414	0.921484627694625
DCTN4	betareg	33	35	0.00827006133996176	0.0423413866791998	0.845143518824066	0.844866076694292	-0.00205051243062701	1175.67687369246	0.466400954793414	0.921484627694625
NRIP1	betareg	33	35	-0.0200844229294534	0.103148336418542	0.84561686833431	0.843534381017644	0.00874149230305633	1296.502801125	0.466471982489843	0.921624959590877
TRIM71	betareg	33	35	0.0204262527938517	0.104963600753995	0.845703596198415	0.844574109175404	-0.00206796446324338	198.947726022892	0.466471982489843	0.921624959590877
IREB2	betareg	33	35	-0.0111718606389652	0.0581636181408018	0.847682330401455	0.846171182408381	0.00322693279125493	780.078406436801	0.467355444473931	0.923370446235197
NHSL2	betareg	33	35	-0.0259733583266692	0.135442885177884	0.847925400554265	0.847406702138533	-7.99839051965558e-05	125.694113532202	0.467355444473931	0.923370446235197
SRSF7	betareg	33	35	0.0103228277638333	0.053840394763111	0.847953576182287	0.84765988603823	-0.00374600577323598	918.428146618587	0.467355444473931	0.923370446235197
GABRB3	betareg	33	35	-0.00727199717584477	0.0381020071135304	0.848638402925279	0.849122237162378	0.000821456463918773	5072.40529903827	0.467613723826895	0.923880737757889
SAP30L	betareg	33	35	-0.0181564185460041	0.0953970342842822	0.849054645252231	0.848395158903708	0.00473893200986283	366.48412256226	0.467723914869424	0.924098446042482
PTTG1IP	betareg	33	35	-0.00511270355072533	0.0270118052444398	0.849876008374354	0.849921338471362	0.00031872519884841	2914.6042007131	0.467946150358168	0.924537524445949
TBC1D1	betareg	33	35	-0.0154674908380527	0.0819038762799643	0.850210920307328	0.850806574698051	0.00455982367924818	100.912972423218	0.467946150358168	0.924537524445949
IBA57	betareg	33	35	0.0183745750406105	0.0976302424140682	0.850715348773393	0.850554420434127	-0.00517382446513137	112.629607236449	0.467946150358168	0.924537524445949
MOB1A	betareg	33	35	-0.0105550722603373	0.0561251376847571	0.850827118715347	0.851265079420839	0.000714996287819211	397.102721814086	0.467946150358168	0.924537524445949
TMEM169	betareg	33	35	-0.00761052974839393	0.0406483544717978	0.851481493408653	0.851105362417232	0.00190346348411114	1038.60870295258	0.467946150358168	0.924537524445949
NLE1	betareg	33	35	-0.0117447664538004	0.0627405380095355	0.851507102144658	0.852107311979389	0.00128859478062063	491.58374184303	0.467946150358168	0.924537524445949
MEGF11	betareg	32	33	0.0267472464652688	0.142910098628919	0.85153413041568	0.850659774898734	0.00813662970730327	50.3880979725364	0.467946150358168	0.924537524445949
PIGM	betareg	33	35	0.01601225817333	0.0855607055984969	0.851546947178461	0.851431223448475	3.46452928455342e-06	846.843318010064	0.467946150358168	0.924537524445949
PTPN9	betareg	33	35	-0.00612386291032923	0.032736443112899	0.851609186365223	0.85167569514715	0.00135144507538249	897.514454516565	0.467946150358168	0.924537524445949
MID2	betareg	33	35	-0.0117830366617368	0.0629941810294952	0.851621740280659	0.851886050884023	0.00246029608872661	344.608205040645	0.467946150358168	0.924537524445949
HECTD4	betareg	33	35	-0.00704990690241088	0.037803231360721	0.852060887580364	0.852355820899898	0.0009489211661092	721.720754440953	0.46795984386953	0.924564579193778
TKFC	betareg	33	35	0.022396715243305	0.120111579882578	0.852079408580645	0.852618483860998	-0.00206827458021041	245.603904147465	0.46795984386953	0.924564579193778
MTHFD2	betareg	33	35	-0.0136047568466782	0.0731554841006243	0.85246795010426	0.851091710169155	0.00361625819939681	542.711782345119	0.468054374026691	0.924751345721123
ZNF214	betareg	33	35	-0.0236921445594462	0.12848701596038	0.853704927486151	0.852072281440914	0.00571804224721002	131.444853984163	0.468435409158313	0.925504170115654
ZFR	betareg	33	35	-0.00847203244807344	0.0459618252837684	0.853756471709562	0.853465281583228	0.00142159374389983	700.06012608301	0.468435409158313	0.925504170115654
CREBBP	betareg	33	35	0.011135841678159	0.0605061566944052	0.853978333560391	0.8540817426278	-0.00172366783676829	377.70046574379	0.468435409158313	0.925504170115654
MXD4	betareg	33	35	0.00715215641401169	0.0388744143256783	0.854028303947115	0.853913387969474	-0.00148831946535017	832.542547489098	0.468435409158313	0.925504170115654
LRIF1	betareg	33	35	0.0133799158563207	0.0729313933323629	0.854437935848196	0.854502552713653	-0.00268023471981071	106.501068968401	0.468541264056371	0.925713311328433
USP45	betareg	33	35	-0.018248447217944	0.100087257213121	0.85532738202701	0.855073215322701	0.00370978050587405	99.740964391552	0.468910110493428	0.926442054094147
PHKA2	betareg	32	31	0.0284996950690945	0.156740137372705	0.855717963472654	0.85157626631771	0.00496246580090482	91.0905285910127	0.468930889647888	0.92648310819409
RUFY2	betareg	33	35	-0.0101475458351426	0.0559604699138937	0.85610528020995	0.8562799761054	0.00188218560786548	103.704863908278	0.468930889647888	0.92648310819409
ELK4	betareg	33	35	0.0224557896073562	0.12407055627339	0.856373782721661	0.857824429310646	-0.00317540201223956	72.3502430039935	0.468930889647888	0.92648310819409
CHST11	betareg	33	35	0.0152681055001875	0.084373781370552	0.85640059147893	0.856237198618504	-0.0029760929616805	428.241219206232	0.468930889647888	0.92648310819409
PKP4	betareg	33	34	-0.0283520766487673	0.156959447637144	0.856655547941714	0.860593541047482	0.00559940787777361	118.151800009209	0.468930889647888	0.92648310819409
ONECUT2	betareg	33	35	0.00852155854535866	0.0472384318198459	0.85684278451066	0.856123143972632	-0.00134412664406987	2240.58242044083	0.468930889647888	0.92648310819409
USP35	betareg	33	35	0.0197783307610612	0.109670432985293	0.856883043197529	0.856931208765023	-0.00353902982439481	108.294916036896	0.468930889647888	0.92648310819409
TKT	betareg	32	35	-0.0185771723727443	0.103901569556805	0.858097981872528	0.857730751899557	0.000455744403492216	619.361307623851	0.469476972388643	0.927562022904455
METTL14	betareg	33	35	0.0200951787847547	0.113270074222616	0.859186804338464	0.856761413905674	-0.00185032312298442	288.621865253046	0.469953796484246	0.928504100894855
ASPHD2	betareg	33	35	-0.0146916834894676	0.08352235713976	0.860371556551341	0.859676649697489	0.00359357044733037	424.122688987745	0.470469129832865	0.929522262959084
GRIK4	betareg	33	35	0.0161627941118568	0.0921431055180833	0.860757722529828	0.859567371115988	-0.00654720886638428	91.2879815890142	0.470469129832865	0.929522262959084
OGFOD3	betareg	33	35	0.0140820480707936	0.0803632982676535	0.860899036439326	0.860169706372387	-0.00323004501621507	114.769951739518	0.470469129832865	0.929522262959084
PEX5L	betareg	33	35	0.0140076750274013	0.0801068879882706	0.861187830629698	0.860970580734951	-0.00317282190896835	676.688048966106	0.470469129832865	0.929522262959084
PLXDC1	betareg	33	35	-0.0213846276149881	0.122319730518474	0.861216625100635	0.860701552630405	0.00672686218460616	131.070019454664	0.470469129832865	0.929522262959084
SRD5A1	betareg	33	35	0.0114042218114594	0.0655069052324296	0.861793236263964	0.861703194838078	-0.00350939409727448	1622.49326729117	0.470665238584719	0.929909721857555
TNFRSF10B	betareg	33	35	0.0148008404247746	0.0854848132196941	0.862541385515293	0.863355166002372	0.00295872277411553	346.709944631676	0.470923815461003	0.930420601207445
SARM1	betareg	33	35	-0.00987450793273622	0.057099391936487	0.862702181601661	0.862951447924843	0.00227567997401151	1380.42698126929	0.470923815461003	0.930420601207445
SNX1	betareg	33	35	-0.0207528574645214	0.120761432152676	0.863555421062195	0.863740200400061	0.00314235076469486	187.046984089354	0.471014284416471	0.930599343877011
RNF125	betareg	33	35	0.0169927156416953	0.0989494723255537	0.86364882419876	0.863593944006746	-0.00502911620318011	193.339531230915	0.471014284416471	0.930599343877011
ADAP2	betareg	33	35	-0.0154588396990559	0.0900916547924968	0.863759759267607	0.863630187794629	0.00327074240533856	62.7772663143043	0.471014284416471	0.930599343877011
MKLN1	betareg	33	35	-0.0107437069251856	0.0626722960260668	0.863888236406348	0.863123353205483	0.00141757598155335	526.435754705454	0.471014284416471	0.930599343877011
ZNF331	betareg	33	35	0.012941701363111	0.0755468172774017	0.863982348148666	0.861746158345546	-0.000408239845392004	674.706269528563	0.471014284416471	0.930599343877011
MEGF9	betareg	33	35	0.0108607017210626	0.0637043716484344	0.864627965590669	0.864431246110578	-0.00263594211288415	563.029611746084	0.471014284416471	0.930599343877011
DCAF11	betareg	33	35	0.00862388249159588	0.0506019565103341	0.864675227959687	0.864056905308898	-0.00174581275150851	862.55877489896	0.471014284416471	0.930599343877011
ZNF81	betareg	33	35	0.0236907252484515	0.13906015722437	0.864724557150481	0.865593312796591	-0.00811783306741845	133.703217585125	0.471014284416471	0.930599343877011
PIGK	betareg	33	35	-0.00815057705315551	0.0478793377724354	0.864827988423967	0.864914447199869	0.00261152349581314	371.980966285704	0.471014284416471	0.930599343877011
WDR73	betareg	33	35	0.0136178240416831	0.0807957626809881	0.866153549882488	0.866450194973459	-0.00413177120959933	393.805734891399	0.471617464162743	0.931791067131891
SMTNL2	betareg	33	35	-0.0100876899827715	0.0602464030166026	0.867023432642794	0.867163277666435	0.00310150405041714	115.691179505685	0.471972287322695	0.932492103620101
SSH1	betareg	33	35	0.0255999273452117	0.153693794826223	0.867712742355601	0.868284454307429	-0.000893600378720782	676.544361551626	0.472228660023702	0.932998628104047
KRIT1	betareg	33	35	-0.0194219858958613	0.117651189207006	0.868880161195297	0.868289261930039	-0.00462360599555199	58.9731014814197	0.472622119634601	0.933775999975471
ABCA1	betareg	33	35	-0.0152020800540662	0.09223988284354	0.869093319802833	0.869050378305889	0.000833756796027769	105.260805525647	0.472622119634601	0.933775999975471
ZBTB10	betareg	33	35	0.013747835777719	0.083604193975079	0.869385133340059	0.870629700986043	-0.00498076907610791	453.617355856332	0.472622119634601	0.933775999975471
ABCB8	betareg	33	35	-0.0124951537417729	0.0760627991981728	0.869515309251066	0.868436184330626	0.000857740844010485	292.619336362527	0.472622119634601	0.933775999975471
UBE2G2	betareg	33	35	-0.00708753850449442	0.0431489249837398	0.869528365060238	0.869242122369024	0.00136704954170459	774.529193548748	0.472622119634601	0.933775999975471
STK40	betareg	33	35	-0.0049081441818579	0.030121886383307	0.870563480136084	0.870777329108684	0.000724874270932561	799.273081005797	0.473015731071696	0.934553671815206
ZBTB8OS	betareg	33	35	0.0127274587109655	0.0781870596715865	0.87068995260855	0.87081645910237	-0.00199749890723445	167.257422190852	0.473015731071696	0.934553671815206
MYO9A	betareg	33	35	-0.00814314277388478	0.0505289994997422	0.871969111417942	0.871425284869791	0.00161800966183939	531.432256780401	0.473591690805369	0.935691615542156
NDUFAF5	betareg	33	35	-0.0105088485532306	0.0653841282002216	0.872310184404321	0.872026194556912	0.00234923973510909	185.931519863741	0.473657987656405	0.93582260054222
POLR1G	betareg	33	35	0.0117065820179155	0.0729811478677848	0.872561608739192	0.8707833524184	-0.000879667385220249	589.562560529328	0.473675168050056	0.93585654444496
GNAO1	betareg	33	35	0.00509434852131555	0.0318141290663935	0.872779857152625	0.87310591939642	-0.00128788457971298	4364.43313504282	0.473675168050056	0.93585654444496
DNAJC3	betareg	33	35	-0.0185678670004177	0.117171474910096	0.874088453168602	0.876015444528297	0.00582174632118336	283.795410747957	0.474266356518298	0.937024576113757
YES1	betareg	33	35	0.0104301085408483	0.065958797740722	0.874353837524304	0.874282962506952	-0.00332441795704087	105.523460477474	0.474268449421944	0.93702871113646
CLCN7	betareg	33	35	-0.0174610419328247	0.110800832103492	0.874780319204322	0.876227581885369	0.00150468581518983	914.601643950984	0.474268449421944	0.93702871113646
RND2	betareg	33	35	-0.00887966698226653	0.0564976880602651	0.875111912256124	0.874074862728137	0.00242948286960747	1462.06116828469	0.474268449421944	0.93702871113646
BDH1	betareg	33	35	-0.0116167911513418	0.0739492633814355	0.875172838281772	0.8760140570951	0.00476542193494951	226.54301400864	0.474268449421944	0.93702871113646
ZNF790	betareg	33	35	-0.0116485546957343	0.0741610007566075	0.875188763432158	0.875351631012684	0.000969834233271905	163.321042628481	0.474268449421944	0.93702871113646
SKIDA1	betareg	33	35	0.0224944635665906	0.14535072063171	0.877010602288021	0.875118521010856	-0.00275459247189728	82.2792797773646	0.475101459841048	0.938674518864821
GTF3C4	betareg	33	35	-0.0120736652095379	0.0781145049063891	0.877165306301716	0.877250354883351	0.00271623275265463	272.176139749757	0.475101459841048	0.938674518864821
CNOT6L	betareg	33	35	-0.0177871715300909	0.115634452184394	0.87774975385022	0.878171504681839	0.00356993546838881	144.655447800609	0.475298982722306	0.93906477170806
NMNAT1	betareg	33	35	0.0163423318640784	0.107169482232796	0.878800053768448	0.87752440033542	-0.002572511043394	138.425211133584	0.475748601301755	0.939953098811659
HSPA4	betareg	33	35	-0.00779988079752562	0.0512487378957085	0.879031919615745	0.87864423449803	0.000647415479609709	1248.57510053056	0.475755036948575	0.939965813943464
PAPPA	betareg	33	35	-0.01377320174815	0.0911656176404407	0.87991347232298	0.879668743834628	0.00203026974288335	192.674753466269	0.476113008902005	0.940673071612733
STK16	betareg	33	35	-0.0160793169661633	0.106821219359123	0.880350037449229	0.880683823698276	0.00634718448280125	459.969356399762	0.476230083356828	0.940904379694986
TPR	betareg	33	35	0.0137962139408154	0.092298494621543	0.881179719990666	0.88103396983562	-0.00283313469949323	76.0914804090545	0.476309575088441	0.941061434280655
SLIT3	betareg	33	35	-0.0164754202419382	0.110272573114788	0.881233018655864	0.881046034791465	-0.00208554641795534	102.946325141256	0.476309575088441	0.941061434280655
DHDDS	betareg	33	35	0.00412796767511741	0.0276628721018445	0.881376790090729	0.881622037585939	-0.00120188434995458	901.587483430616	0.476309575088441	0.941061434280655
CPT1A	betareg	33	35	-0.0229901568083583	0.154066099916794	0.881377921832712	0.881136328535924	0.00136499951003551	53.3530239265456	0.476309575088441	0.941061434280655
TECPR2	betareg	33	35	-0.011357738405243	0.0767727096358978	0.882390287211287	0.882270593915229	0.00228840163421054	255.110566759042	0.476532806156421	0.941502479684729
TRAF3	betareg	33	35	-0.0112893470757716	0.0765348217432822	0.88273262710351	0.884034855275242	1.87071318056857e-05	491.612432891879	0.476532806156421	0.941502479684729
FLYWCH1	betareg	33	35	0.011385432361702	0.0772283490534325	0.882796134486791	0.883085509750188	-0.000784651495702546	904.228050488016	0.476532806156421	0.941502479684729
GLCCI1	betareg	33	35	-0.0117191477840776	0.0796885386139515	0.883083163356479	0.882666661181179	0.00285690685033666	516.642255042601	0.476532806156421	0.941502479684729
MTF1	betareg	33	35	-0.013927246446913	0.0947610362405693	0.883153892585487	0.883234427626113	0.00275279601934146	121.565501626522	0.476532806156421	0.941502479684729
TM7SF3	betareg	33	35	-0.0172153659637903	0.117301273378528	0.883319903122704	0.882593251571949	0.00231696002975564	769.575014901664	0.476532806156421	0.941502479684729
UGGT1	betareg	33	35	-0.0142149238800129	0.0968682495877278	0.88333335854343	0.882706012994687	0.000814989194416221	241.076372798945	0.476532806156421	0.941502479684729
TRIM33	betareg	33	35	-0.0109278735778187	0.0748080459941871	0.883859139936656	0.883298188682738	0.00268836201206389	281.980866103168	0.476697543170187	0.941827956346467
SPTSSA	betareg	33	35	0.00810826703189687	0.055736725512247	0.884336321887669	0.883909265147906	0.000405249137126236	717.745937462354	0.476808271380259	0.942046725931702
TRIM66	betareg	33	35	-0.0213622844648995	0.147062118575087	0.884505374312658	0.884661032484032	-0.00903882516298191	54.3465947752531	0.476808271380259	0.942046725931702
SEMA6A	betareg	33	35	-0.0132845673189264	0.0923004974312301	0.885557827067131	0.884267467117438	0.00396540608495742	514.935092033184	0.477256657365906	0.942932617756753
OGFOD1	betareg	33	33	0.0213011116448755	0.148594884150359	0.886013583239401	0.883197066985179	-0.00126329654614178	578.074716913343	0.477322681279912	0.943063063505613
ZNF20	betareg	31	31	-0.0236947225323114	0.165450594762804	0.886121741159616	0.885152829697458	0.0067991737909084	161.911305544678	0.477322681279912	0.943063063505613
SLC30A9	betareg	33	35	-0.014419714932384	0.100905009124236	0.886366112880478	0.883404190241186	-0.000179398639174994	1862.31469551861	0.477324558553458	0.94306677250041
BNIP3L	betareg	33	35	0.0115004520990215	0.0806200828092596	0.886566633544149	0.886634692293959	-0.00315380688921153	1644.59642525054	0.477324558553458	0.94306677250041
NHEJ1	betareg	33	35	-0.00833029146715311	0.0585474568468605	0.886856694318262	0.886887533666816	0.00152342716841775	207.704050497588	0.477361890897714	0.943140531314567
TANC1	betareg	33	35	-0.0174011547110238	0.123366532514069	0.887828487847385	0.886849625378927	0.0036130119195392	128.624468637873	0.477766064682599	0.943939071553092
ITSN1	betareg	33	35	0.0155314413993967	0.110362937241654	0.888082777345871	0.888762643417782	-0.00840495184658641	574.563470191014	0.47778402386154	0.943974554129081
PAGR1	betareg	33	35	0.0117942689139421	0.0840354303789048	0.888384436266438	0.888828253504342	-0.00176221631091772	288.923053130785	0.477827452278436	0.944060357166498
PLCXD3	betareg	33	35	-0.0147052589513228	0.105132608549345	0.88875999175053	0.8888691702129	-0.000599645829051674	283.631845635058	0.477910595306517	0.944224625745902
MAP3K7	betareg	33	35	0.0100117726348956	0.0718889235721148	0.889238968979807	0.889158238666929	-0.00104118095738791	459.789261959073	0.478049295882707	0.944498661310146
IDH2	betareg	33	35	0.00530941242530151	0.0383164102534738	0.88979185976119	0.88991419395888	-0.0012207900912208	993.770781004267	0.478227653109924	0.944851047902476
C1GALT1	betareg	33	35	-0.0104193652507629	0.075483171434052	0.890212278008162	0.890760460707757	0.00191591002027825	229.475007647676	0.478334740695318	0.945062624578603
ZNF583	betareg	33	35	0.00930455209080642	0.0676583106479589	0.890617668338018	0.891430754495954	-0.00102862918893148	365.973821258887	0.478433702188717	0.945258146251454
RAB6B	betareg	33	35	0.0139623136900516	0.10177820211822	0.890885568640266	0.895321741226845	0.000598808152304969	5922.36027661268	0.478458774174288	0.945307681847494
MRRF	betareg	33	35	0.0183868901994093	0.134801764947624	0.89150548733169	0.893579766424401	-0.00563523881615886	261.986401449724	0.478672841681306	0.945730622484685
RIPOR2	betareg	33	35	-0.0163867646218329	0.12076913786367	0.892068969909737	0.891139223400183	0.00603307033853867	87.4357645500217	0.478773068887795	0.945928644871017
SPATA6	betareg	33	35	-0.0116758333578793	0.0861028752205226	0.892134902604774	0.892160966842826	0.00190667848113643	60.8007456799951	0.478773068887795	0.945928644871017
NPR3	betareg	33	35	-0.0116490042555114	0.0861358702825614	0.892422221671202	0.89354672363719	0.00192413560771885	220.666606385409	0.478808450492644	0.945998549541316
RAD54L2	betareg	33	35	0.0150170906590589	0.111701341135919	0.893054919756501	0.893782455974109	-0.000521053857687152	782.710057544879	0.478914690114964	0.946208450867232
PRPF38A	betareg	33	35	-0.00894408540262016	0.0665337492682228	0.893063113116673	0.892557442758379	0.000307575683172155	464.608929614877	0.478914690114964	0.946208450867232
RAB21	betareg	33	35	0.00543182807291984	0.0407076691434389	0.893849362212943	0.893846176805219	-0.00103557998065491	742.652424598701	0.479217500564348	0.946806724029723
TMEM38B	betareg	26	28	0.021795570950809	0.165769884882986	0.895394907908009	0.894667052097686	0.00567968055063635	61.1657664367138	0.479846371796772	0.948049206849541
SYT17	betareg	33	35	-0.00903028118488634	0.069108202500032	0.896037368543691	0.89589781705074	0.00183613631248235	443.673977456445	0.479846371796772	0.948049206849541
LRRC8B	betareg	33	35	0.0118385985823273	0.0909986354425239	0.89649012607605	0.896428715903394	-0.00263475119997328	184.710619119604	0.479846371796772	0.948049206849541
HARBI1	betareg	33	35	0.01042710077679	0.080547695159335	0.896999605476574	0.896472647998872	-0.000662149826006895	172.778390132689	0.479846371796772	0.948049206849541
RNF149	betareg	33	35	0.00995905947833565	0.0770175948909555	0.897113239628336	0.896876954203637	-0.00108387404982181	256.848972436469	0.479846371796772	0.948049206849541
MYNN	betareg	33	35	-0.0143034438948778	0.110620754591955	0.897118981606653	0.898506502876554	0.0134884265038489	134.747803902089	0.479846371796772	0.948049206849541
FBXO22	betareg	33	35	0.00742055700861666	0.0573991586075626	0.897136181997385	0.897197091717963	-0.00233465711669836	514.287036702661	0.479846371796772	0.948049206849541
METAP2	betareg	33	35	-0.00864406923844041	0.0669770726168341	0.897310075190182	0.897697875188216	0.00342257900837695	495.226235699211	0.479846371796772	0.948049206849541
HPS1	betareg	33	35	-0.0127991697926228	0.0991862220198622	0.897324564376358	0.896297105496944	-0.000522926460395589	298.932319833756	0.479846371796772	0.948049206849541
RBM28	betareg	33	35	-0.0082364529538161	0.0639342964101006	0.897494672446288	0.897125036806529	0.0023071405185109	390.215078980028	0.479846371796772	0.948049206849541
KCNK10	betareg	33	35	0.00667315244189683	0.0518423056715431	0.897579043653076	0.897285768511017	-0.00143038480720788	627.162514277667	0.479846371796772	0.948049206849541
ZNF322	betareg	33	35	-0.0147776611891676	0.114923822038709	0.897684786078456	0.89720613504312	0.00422220439411548	118.589278482713	0.479846371796772	0.948049206849541
PIRT	betareg	33	35	-0.00460897549087338	0.0360795355982456	0.898350881894349	0.898258845679605	0.00120440170043819	1414.05008465785	0.479991492001637	0.948335925897983
AMER3	betareg	33	35	0.0142498458541663	0.111603647940803	0.898400146977542	0.899343053117761	0.000922211278307097	632.805581884709	0.479991492001637	0.948335925897983
DTWD1	betareg	33	35	-0.012411915361315	0.0975700106966563	0.898773912594241	0.897837221471607	-0.00148108806347269	115.875454201654	0.480010584348632	0.948373647313606
STEEP1	betareg	33	35	0.00694101627775739	0.0546207278672246	0.898879773372363	0.899291044511514	-0.00133047272139222	192.07109994455	0.480010584348632	0.948373647313606
RDH10	betareg	33	35	0.0131739288949641	0.104115602508318	0.899311021890521	0.898508991374238	0.00281141511213387	143.529725154323	0.480122326549611	0.94859442027603
AHI1	betareg	33	35	-0.00729524460539055	0.0585146460891413	0.900781782223105	0.900752264027734	0.00132886335107942	281.04834930099	0.480627458513559	0.949592427108887
DNAJC21	betareg	33	35	0.0105651709900852	0.0848620033656911	0.900920785156602	0.900950757383055	-0.00380704955477122	127.494091108797	0.480627458513559	0.949592427108887
ODF2L	betareg	33	35	-0.0166762513738966	0.133951869130095	0.900923870699609	0.900908153517389	-0.00364448369608522	382.205241658764	0.480627458513559	0.949592427108887
TRAPPC8	betareg	28	29	-0.023529083192288	0.192005713798591	0.902468469678219	0.903674960170304	0.00357017327685663	235.401018235992	0.481293759648462	0.950908861492047
LARS1	betareg	33	35	0.00907232540332543	0.074310624679622	0.902830499232377	0.90363626467819	-0.00129432950947385	335.75988081969	0.481293759648462	0.950908861492047
ELP1	betareg	33	34	-0.0127881999081978	0.104784752665875	0.90286530881384	0.901564272517204	0.000789950123525126	706.477825805464	0.481293759648462	0.950908861492047
LRRC8A	betareg	33	35	0.00643429993940239	0.0528755775081093	0.903146466763069	0.902561306435557	-0.00122073550967165	1690.05641414879	0.481293759648462	0.950908861492047
GOPC	betareg	33	35	0.00588168914613458	0.0484396893168605	0.903356053431478	0.903760594916606	-0.000917171894616389	765.066181298024	0.481293759648462	0.950908861492047
BRSK2	betareg	33	35	-0.00608334562410703	0.0501797848412537	0.903508068724014	0.903750171537979	0.000669801911173369	600.155786085908	0.481293759648462	0.950908861492047
CLN3	betareg	33	35	0.0183688588256122	0.1539563291445	0.905028067269498	0.909285682318307	-0.00535547405691098	260.560136315554	0.481984739028274	0.952274053544094
TOM1L1	betareg	33	35	0.010657067404209	0.0897081436145677	0.90543610542821	0.904897456057128	-0.00578618187429119	58.2605233706112	0.482003961981889	0.952312033003769
TTPAL	betareg	33	35	-0.00895742056091275	0.0754601646394526	0.905509897049921	0.904715458840743	0.00333921627895724	706.26779690864	0.482003961981889	0.952312033003769
ZNF703	betareg	33	35	0.00933964937399464	0.0791943585730049	0.906120534521165	0.906072018610011	-0.00203498490768316	237.655574654314	0.482090348231827	0.952482709329674
DROSHA	betareg	33	35	0.0132208635408151	0.112566988108542	0.90650437351665	0.907312797965629	-0.00490860173914113	158.629610808874	0.482090348231827	0.952482709329674
CILK1	betareg	33	35	-0.00855284481676156	0.0728959831982666	0.906598997159211	0.906096471905757	0.00155130101515229	269.020227191708	0.482090348231827	0.952482709329674
AUTS2	betareg	33	35	0.00815498460427118	0.0695329775510991	0.906636384155176	0.906514798107717	-0.00265608216791947	793.702864560676	0.482090348231827	0.952482709329674
ABCF2	betareg	33	35	0.00523788320108934	0.0447328516466658	0.906786721636581	0.906757839377101	-0.00134103842285087	511.526981942789	0.482090348231827	0.952482709329674
GABRG2	betareg	33	35	0.0132714566524412	0.113981359280546	0.907307540192524	0.906952646459452	-0.000265181606404711	2039.12198127254	0.482248692925483	0.952795556461699
ZNF326	betareg	33	35	0.00952932782145098	0.0820765696417191	0.90757098987412	0.907749166916275	-0.0018181060289539	238.418238272591	0.482270197682659	0.952838044160225
FRMD5	betareg	33	35	-0.00886583978454811	0.0766771604825995	0.907949303118452	0.908109319806281	0.0023159017916386	155.830373734889	0.482319030023632	0.952934523918849
MIA3	betareg	33	35	0.00698372603779415	0.0607584595111093	0.908490739862434	0.908507661467833	-0.00174898634806038	318.931890667397	0.482319030023632	0.952934523918849
RBM14	betareg	33	35	0.0152013606138334	0.132910962311447	0.908942503340034	0.91046080717923	0.00673441374316473	508.151847230092	0.482319030023632	0.952934523918849
MKRN1	betareg	33	35	-0.00261340619971174	0.0228655615065958	0.909004401918737	0.908968277241607	0.000494391605821606	1520.44883885096	0.482319030023632	0.952934523918849
AMPH	betareg	33	35	0.00372143262931623	0.0326119650359318	0.909148618997385	0.909095171393822	-0.0013690450074681	1318.02409821801	0.482319030023632	0.952934523918849
MEAK7	betareg	33	35	-0.0117545592039677	0.103038069565557	0.909174559283813	0.90929153707204	0.00270776416245317	889.226647242557	0.482319030023632	0.952934523918849
TIA1	betareg	33	35	-0.00428867567762101	0.0376306494022984	0.90926345900097	0.909143924606271	0.000976794944903147	674.16513094765	0.482319030023632	0.952934523918849
JDP2	betareg	33	35	-0.00676946243214357	0.0595190277913388	0.909446990063437	0.909134545232604	0.000560315608362425	143.559098996956	0.482319030023632	0.952934523918849
ADGRL1	betareg	33	35	0.00360494201023648	0.031806340750159	0.909760723231564	0.909785114756012	-0.00085263867820249	876.65280955688	0.48236713105607	0.953029558805705
REXO4	betareg	33	35	-0.00509160933547527	0.0450971838344176	0.910107422917866	0.910171748719541	0.000787441098200213	194.072833418627	0.482432683508048	0.953159073070599
TSR1	betareg	33	35	0.00355135389541562	0.0315493306414311	0.910375346842416	0.910304942609794	-0.000439604009059018	670.693369537452	0.482443098630755	0.953179650591659
WWC3	betareg	33	35	0.0188215394905232	0.167746904348127	0.910663237133611	0.910760150429805	-0.00937593006373564	66.7798872469372	0.482443098630755	0.953179650591659
CSNK1G2	betareg	33	35	0.00623495031829698	0.0559275399205376	0.911233623693683	0.911183978739405	-0.00100512589842281	374.259521340027	0.482443098630755	0.953179650591659
KCTD7	betareg	33	35	-0.0076599805480322	0.0691216517349167	0.911760013428298	0.911322105865816	0.00331142849325911	1533.60014194168	0.482443098630755	0.953179650591659
ACO1	betareg	33	35	0.0168367197631998	0.152177026549152	0.911902589972897	0.912174323476395	-0.0023263020270424	268.907533320665	0.482443098630755	0.953179650591659
HOMER1	betareg	33	35	-0.00908775391452025	0.0822330188693186	0.912003154809927	0.912253364194479	0.00144943328096356	137.897844370335	0.482443098630755	0.953179650591659
RNF41	betareg	32	35	0.0164919670866855	0.149331115101981	0.912061288131205	0.91037848590335	-0.000799384357639766	2153.96440625604	0.482443098630755	0.953179650591659
SLC12A2	betareg	33	35	0.0102652810012913	0.0929704430803343	0.91208068810521	0.911865650127834	9.7047232502335e-05	177.668084825347	0.482443098630755	0.953179650591659
LUZP2	betareg	33	35	0.00999117212438263	0.0905437528772026	0.912134704252117	0.911366029557092	-0.003020344952212	183.74235971569	0.482443098630755	0.953179650591659
HELZ	betareg	33	35	-0.00886431972101818	0.0807242376803511	0.912560146796594	0.912493755614147	0.00129836425756269	209.184571169357	0.482550110448061	0.953391077570133
WWC2	betareg	33	35	0.011808233639745	0.108253313768209	0.913139315055014	0.913702449130936	0.00353929280740512	51.5699068221252	0.48255716577977	0.953405017034977
FER	betareg	33	35	0.00833976342058318	0.0765084113686122	0.91319889734506	0.913387583531664	0.000254322029878697	351.461817043195	0.48255716577977	0.953405017034977
TTC30A	betareg	33	35	-0.0161619531702631	0.148344066065708	0.913242858582767	0.914408538033288	0.00162232349542398	340.870354537261	0.48255716577977	0.953405017034977
ZFHX3	betareg	33	35	0.00493317253177048	0.0454324839659147	0.913533644417477	0.913211085675757	-0.000725241891545315	779.368740529122	0.482592910007725	0.953475638152388
SNAP29	betareg	33	35	0.00643664657003392	0.0606674344122978	0.915505211135576	0.914982271353068	-0.00110493046358386	748.46196867849	0.483516326972948	0.955300065245987
RAI14	betareg	33	35	0.00654874460244438	0.062683564737782	0.916793936367805	0.916979205316477	-0.0022562886151833	362.906087085115	0.484078744147002	0.95641125246573
INHBA	betareg	12	19	0.025181188114292	0.242829973216203	0.917408342093178	0.917378439891729	-0.00735458758487248	57.8073375217524	0.484145699375668	0.956543538245435
PPP2R2B	betareg	33	35	-0.0077023227985653	0.0743842864828287	0.917528282947684	0.918096435108138	0.000253879262288725	1687.14289001969	0.484145699375668	0.956543538245435
ARGLU1	betareg	33	35	-0.0073255449732529	0.0709558524176497	0.917771792016709	0.917481555918355	-0.00175528582166103	1104.47232361446	0.484145699375668	0.956543538245435
FEM1A	betareg	33	35	0.012059899624507	0.11687652069799	0.917816172901073	0.915719286761536	-0.00258287994341188	1671.29460064877	0.484145699375668	0.956543538245435
LYRM4	betareg	33	35	0.00586732992819711	0.0572844151128633	0.918419705151537	0.918836399940421	-0.000866858369463851	491.855307547973	0.484326677668493	0.956901103368471
SGPL1	betareg	33	35	0.00580865172364249	0.0568425805893542	0.918607143931071	0.917861031424672	0.00070341817657654	1143.31599463922	0.484326677668493	0.956901103368471
FBXL19	betareg	33	35	0.00580172927013769	0.0576055567160192	0.919776901735841	0.919492640315699	-7.39397812832861e-05	103.148592813667	0.484761656679713	0.957760506566704
DLG2	betareg	33	35	-0.00863010702942172	0.0857997203168257	0.91988043972613	0.920703994531086	0.000498744824478208	360.677322523148	0.484761656679713	0.957760506566704
KLHL23	betareg	33	35	-0.00515559721744376	0.0514152915042875	0.920127102965673	0.920038832842102	0.000311088188786429	574.441661243997	0.484773521891712	0.957783949079738
SHISAL1	betareg	33	35	-0.0066231631781278	0.0667608332661485	0.92097366504926	0.921079816692429	0.00149108957526342	530.923165805758	0.484973479022163	0.958179011353978
PPIF	betareg	33	35	-0.00475376912885034	0.0480138205314093	0.921131640657566	0.921431020319915	0.000894056743518533	720.7150220052	0.484973479022163	0.958179011353978
SMIM15	betareg	33	35	0.010166251560138	0.102743109630065	0.921179353766006	0.923243148083465	-0.000851363461890233	1125.13930740693	0.484973479022163	0.958179011353978
SPARC	betareg	33	35	0.00333540157055456	0.0338368850882084	0.921477348436769	0.921208478542473	-0.000734994512621004	3120.29876301329	0.485012299024861	0.958255709386789
ZNF224	betareg	33	35	-0.00666667620347562	0.0683116615312376	0.922256224582076	0.922354421968966	0.0014339014229579	906.411581202157	0.485243314226437	0.958712134175005
DICER1	betareg	33	35	-0.00866349507403981	0.0888972936907256	0.92236498562917	0.922356383697113	-4.63339658191833e-06	635.699533074042	0.485243314226437	0.958712134175005
ATM	betareg	33	35	-0.00863932066098722	0.0895754026475511	0.923165194858438	0.922776816987856	0.00459180799098043	82.259492835182	0.485546184085613	0.959310524715492
RICTOR	betareg	33	35	0.00824343498225404	0.086647772995313	0.92420577306745	0.923735497410387	-0.00112759880852573	278.097166747603	0.485891289113953	0.959992360752249
AFDN	betareg	33	35	-0.0108298608330069	0.114020632278841	0.924329450645849	0.925486083910525	0.00324185396637444	140.701251281115	0.485891289113953	0.959992360752249
VPS4B	betareg	33	35	-0.00640191974652009	0.0675502186206086	0.924495334541424	0.924517873181757	0.00100183179577342	482.965880717835	0.485891289113953	0.959992360752249
ZNF260	betareg	33	35	0.00706208296444712	0.0757182669054526	0.925690741182768	0.924766220083949	-0.00125762310022832	662.167428962052	0.486401362479456	0.961000130484443
SUPT16H	betareg	33	35	-0.00272370036651625	0.0296126020674939	0.926715721415531	0.926727149572057	0.00016478268086995	785.219246102134	0.486821659773394	0.961830526501959
ST3GAL1	betareg	33	35	-0.00861317826962196	0.0947624253180979	0.927578139406496	0.927374973439268	0.00196412850321769	213.765365407854	0.487156376593876	0.962491838194259
SETBP1	betareg	33	35	0.00524923656826176	0.0581825513932843	0.928112298814947	0.928061434548397	-0.00168248734424855	150.325657900021	0.487288166406389	0.962752219921759
FAM114A2	betareg	33	35	0.00577850913596795	0.0641989088986506	0.928279697186438	0.928499315630911	-0.00181443261115771	131.486095428997	0.487288166406389	0.962752219921759
CUL4A	betareg	33	35	0.00934339182173693	0.104209815807757	0.928557862802272	0.929448430982059	0.00147288824005904	530.50408653639	0.487315905212918	0.962807024448947
ZNF518B	betareg	33	35	0.00798062825714202	0.0908604365538742	0.930008678188418	0.929627837422781	0.00132091230898319	423.393646791445	0.487697385151626	0.963560727664346
ZKSCAN3	betareg	33	35	-0.00947459909668969	0.108470646582988	0.930395597012121	0.930555414542226	0.00610292459299081	137.55798067563	0.487697385151626	0.963560727664346
TIMP3	betareg	33	35	-0.00821923087262201	0.0941902281869562	0.930463231527813	0.930032342107681	0.0011376820690406	323.234392207293	0.487697385151626	0.963560727664346
LPGAT1	betareg	33	35	0.00496807808540142	0.0569804815401576	0.930521186808222	0.930698062567828	-0.00168092910242989	2074.27146896469	0.487697385151626	0.963560727664346
WDFY2	betareg	33	35	-0.0071032776159773	0.0817389889091559	0.930749448647389	0.930658988603989	-0.00232777288085487	293.356150572985	0.487697385151626	0.963560727664346
HP1BP3	betareg	33	35	0.00259587445889135	0.0298997674062014	0.930815210635958	0.930969106921346	-0.000527774821736226	1613.18788219109	0.487697385151626	0.963560727664346
STRBP	betareg	33	35	0.00534985153549923	0.061663518285733	0.930863253872787	0.930935050824484	-0.000535585876455331	519.108022606931	0.487697385151626	0.963560727664346
NRG3	betareg	33	35	0.00385550944050246	0.0447828435096075	0.931392131466344	0.931519489209995	-0.000295409469067894	492.756460799154	0.48772365683573	0.963612633546608
CDK9	betareg	33	35	0.00888617203588204	0.103450713271866	0.931547788280934	0.933617240386393	0.00257417987240186	855.287665044118	0.48772365683573	0.963612633546608
AGO2	betareg	33	35	0.00934042468199326	0.108833801737301	0.931607259053704	0.933176500998573	0.00216036014130759	503.25353149202	0.48772365683573	0.963612633546608
NALF1	betareg	33	35	0.0101940136213264	0.119143303848178	0.93181544624727	0.931999859268804	0.00395572008184606	702.429752844621	0.48772365683573	0.963612633546608
CCDC14	betareg	33	35	-0.00611792837767673	0.0718163083914884	0.932111479989269	0.932227933352657	0.00275751829577424	185.920596091741	0.48776055986864	0.963685544155371
SPRYD4	betareg	33	35	0.00519698572304496	0.0613277144804991	0.932467120084595	0.932435268850261	-0.00108796770202617	754.363623506021	0.487807425141873	0.963778137509678
ZFPM1	betareg	32	35	0.0138835590016888	0.164514253397603	0.932745385634875	0.931425813032179	-0.00745417015236558	118.25305114165	0.487807425141873	0.963778137509678
FRYL	betareg	33	35	-0.00489790251417116	0.0581527276794498	0.93287769172479	0.933048865621513	0.000178663495545994	157.628509743119	0.487807425141873	0.963778137509678
AKAP8	betareg	33	35	-0.0047154922992932	0.0563242851332325	0.933278728504045	0.933252369866845	0.000611195600954796	215.888794004853	0.487898916655411	0.963958900482874
TMEM97	betareg	33	35	0.00447770570562199	0.0536655269640415	0.933503845120087	0.933501136546624	-0.00191766295322823	1046.610782468	0.487898916655411	0.963958900482874
UBR1	betareg	33	35	-0.00717454063558309	0.0865150466191316	0.933908598311557	0.934012170225754	-0.000835439399967328	317.342346107614	0.487910201495966	0.963981196335812
DPP8	betareg	33	35	-0.00642515331674769	0.0775584929632696	0.933976633004976	0.933956028046001	0.00195072291950706	318.462780294517	0.487910201495966	0.963981196335812
SHANK3	betareg	33	35	-0.00532333833189604	0.064824394863415	0.934551791767908	0.934604437993087	0.00102849312068681	139.640088061449	0.488092768127662	0.964341899595333
ZFP30	betareg	33	35	0.00917965583291084	0.112734502500006	0.935102211748934	0.934466719452182	0.000743830020047448	374.14881911227	0.488262329284675	0.964676907485079
SNX18	betareg	30	34	-0.0110286335737336	0.136161781340572	0.935444701780573	0.936134212213602	0.0091079010629889	73.492031477376	0.488318763124781	0.964788405790573
ZNF554	betareg	33	35	-0.00631188690683213	0.0781914650547109	0.935661866041688	0.935780100932749	0.00491749383449339	244.037775490959	0.488318763124781	0.964788405790573
DCC	betareg	33	35	0.0120232864869775	0.153131817719872	0.93741766211772	0.937097902555167	-0.000136045279569411	282.588154952961	0.489055263023945	0.966243534319798
C2orf88	betareg	32	35	0.0119258076466546	0.152152580565273	0.937525320217618	0.939180568419683	0.00718492774979781	94.7459949217776	0.489055263023945	0.966243534319798
RBSN	betareg	33	35	-0.0063612011634255	0.0822307127593907	0.938338774149276	0.938485471804301	-0.00208334981016494	666.023586213503	0.489289126979682	0.966705587490935
RHPN1	betareg	33	35	0.00577235125823362	0.0747247517725931	0.938426112078727	0.938532081488792	-0.00157698583791616	156.369086354841	0.489289126979682	0.966705587490935
LRRC59	betareg	33	35	-0.00281559994020114	0.0369141157629256	0.939200837408301	0.939274463878257	0.000104191353725716	798.209326243679	0.489567594510855	0.967255765501187
MIDEAS	betareg	33	35	-0.0092413652237094	0.121650851535504	0.93944590848073	0.940751563658422	0.0021926351929376	277.522071722072	0.489567594510855	0.967255765501187
RAB35	betareg	33	35	-0.00335644226133589	0.0444397261436052	0.939794644991386	0.939643701727694	-0.000649806106108622	590.177450347996	0.489567594510855	0.967255765501187
SLC46A1	betareg	33	35	0.00406410276203008	0.0538729026750478	0.939865653723596	0.940411137494652	-0.000900892316660857	1626.32456532019	0.489567594510855	0.967255765501187
TIPARP	betareg	33	35	-0.00953239111890054	0.129309545517272	0.941235083248677	0.941355312664792	-0.00731578384613138	62.6210558178636	0.490162863435991	0.968431859070936
PALS1	betareg	33	35	-0.00539664449056787	0.0748587195740153	0.942529440309636	0.942791786182601	0.000363844076470289	166.730474227011	0.490685613299334	0.969464674201885
SUGT1	betareg	33	35	-0.00452360042631753	0.0629274461841068	0.942692656519736	0.942777295900865	0.00159763961903211	1144.44452408018	0.490685613299334	0.969464674201885
SMC2	betareg	33	35	0.00591830086186609	0.0827601564245021	0.942990692165931	0.943394937096862	0.00273787275787549	137.833908601669	0.490696665431226	0.969486510284203
NR2C1	betareg	33	35	-0.00780467368137194	0.109479186592325	0.943167662825049	0.943811218638214	0.00833267323029683	110.728917158035	0.490696665431226	0.969486510284203
WASF2	betareg	33	35	0.0079089220907137	0.111828310173387	0.943617585380762	0.943392291552839	-0.000308253170314721	111.475208621833	0.490812675208832	0.96971571484656
FXN	betareg	33	35	0.00546771971821954	0.0779843078505107	0.944103659019089	0.944511401488993	-0.00013695629668689	282.271526920526	0.49094742827997	0.969981951187441
SESN2	betareg	33	35	0.00576471672789945	0.0836533134110718	0.945059670471695	0.945097489105562	-0.000488258258908353	290.853590913689	0.491326432218065	0.970730762482104
PLXNA2	betareg	33	35	-0.00572868912157735	0.0854339122794367	0.946538680867272	0.946797319787366	0.00146838244571781	524.851427591429	0.491977090207633	0.972016290157619
RRAS2	betareg	33	35	0.00364332486893078	0.0551281244237795	0.947307513551819	0.947445394771397	-0.00054798978842098	299.026110215727	0.49223630136558	0.972528422679906
ERCC1	betareg	33	35	0.00417964198783178	0.063466520751106	0.947492586851497	0.947122431149418	-0.00088521711014683	522.012524497814	0.49223630136558	0.972528422679906
SANBR	betareg	33	35	0.00426020991306284	0.0650231284104944	0.947761274158047	0.947507064910172	0.00042801855121261	342.060833376183	0.492257642473187	0.972570587050273
SCYL3	betareg	33	35	-0.0048697620685312	0.0750675501919422	0.948276127018408	0.948366710974383	-0.0010125789899423	149.945961406807	0.492313773927811	0.972681487922226
PIK3C2A	betareg	33	35	0.00555141262159312	0.0856556260092752	0.948324614716591	0.948544614764861	0.00510504902979903	208.060070122108	0.492313773927811	0.972681487922226
MAGI2	betareg	33	35	0.0039527329846379	0.0612662064767547	0.948558296511885	0.948506630109703	-0.00246082188134122	290.034059887926	0.492316912659436	0.97268768922373
TMTC2	betareg	33	33	-0.00992407006918762	0.15524229051938	0.949028885944539	0.949139452460722	0.014270734300717	104.85223431338	0.492442979233544	0.972936763349572
ATP6V1B2	betareg	33	35	-0.00128941595825743	0.02070397183224	0.9503409094168	0.950259599037456	6.41940434303042e-05	5893.53176994696	0.492894823258645	0.973829487343739
LRRTM2	betareg	33	35	-0.00369522290650944	0.0593511135576676	0.950355479106808	0.949802347983016	-6.04874964048939e-05	496.59855232809	0.492894823258645	0.973829487343739
NOS1AP	betareg	33	35	0.00497325221226075	0.080982342270806	0.951031443819384	0.950773303970772	-0.00225402072728411	240.901502752693	0.493127151433574	0.974288506219187
CCNL2	betareg	33	35	0.00336303395225866	0.0559328204225335	0.952055037618952	0.952169159850524	0.000538332128309585	1721.10926879912	0.493296904005015	0.974623892293094
SAR1A	betareg	33	35	-0.00782840561956905	0.130488817402228	0.952161270893812	0.951722049786871	-0.00371275315994498	2270.416450786	0.493296904005015	0.974623892293094
TBC1D25	betareg	33	35	-0.00367224989509532	0.0612820179742227	0.952216343706045	0.952261354580722	0.00194183865153977	1105.99960152523	0.493296904005015	0.974623892293094
DYNC1LI2	betareg	33	35	0.00270968517833419	0.0452708803303165	0.952271179574928	0.952295886869007	-0.000922850792158762	1674.60627443397	0.493296904005015	0.974623892293094
UPF3A	betareg	33	35	0.00349411531869341	0.0599495300543361	0.953522187334108	0.953490695840663	-0.00103738975046163	126.086507221515	0.493786420410611	0.975591046922871
KLHL3	betareg	33	35	-0.0058170286586702	0.100605727564738	0.953891963658091	0.953803530347827	-0.00201782874721404	196.185099695028	0.493786420410611	0.975591046922871
ANKRD44	betareg	33	35	0.00624876536139146	0.10843608949276	0.954046338766362	0.953940603468372	-0.00231695319486991	180.828972959313	0.493786420410611	0.975591046922871
MLLT3	betareg	32	35	-0.00854547507759213	0.148560221642216	0.954129413782045	0.952726335293633	-0.000901572754751783	389.924212188721	0.493786420410611	0.975591046922871
POU2F1	betareg	33	35	0.00459716743885574	0.0810176773714676	0.954750103289466	0.954818076935594	-0.00151962125371141	157.47735907219	0.493922461256979	0.975859827566175
TADA2B	betareg	33	35	-0.00386937631079294	0.0686403535366841	0.955045667644245	0.95515358807111	0.00170408596596999	665.133393377949	0.493922461256979	0.975859827566175
ADAM10	betareg	33	35	0.00736939624336562	0.131034672150651	0.955150577990496	0.955561371506395	0.00315248043145064	624.213046314751	0.493922461256979	0.975859827566175
FGF9	betareg	33	35	0.0052595343041327	0.0943035882494051	0.955523148854745	0.955572572757134	-0.00130551509255676	697.411508019471	0.493922461256979	0.975859827566175
ALG1	betareg	33	35	-0.0031830748294089	0.0576851440501209	0.955994943838321	0.95580297482503	0.000783602736948083	409.828014368123	0.493922461256979	0.975859827566175
AGAP2	betareg	33	35	-0.00488320172040869	0.088617540267766	0.956055422623321	0.956318650620462	0.00395235588418119	172.652649235448	0.493922461256979	0.975859827566175
ZMYM2	betareg	33	35	-0.00311612715798106	0.0566864467260645	0.956161335671007	0.956248486968063	0.001926151527935	458.083722330476	0.493922461256979	0.975859827566175
CDK13	betareg	33	34	-0.00757598174466022	0.137999731589083	0.956219306814784	0.956116042620674	0.00190885077118858	166.515630156843	0.493922461256979	0.975859827566175
OGT	betareg	33	35	-0.00296689705373311	0.0550376636466029	0.957009524212087	0.957075609629078	0.000545336609413029	700.967262408575	0.494168785525135	0.976346499010992
PRLHR	betareg	32	34	-0.008120054986858	0.152783046613421	0.957614291420977	0.957852649876063	-0.0128198913972028	176.273072116243	0.494168785525135	0.976346499010992
BIVM	betareg	33	35	-0.00296564976396299	0.0558144541847912	0.957625076594578	0.957563932841229	0.0012145350404765	700.959176161478	0.494168785525135	0.976346499010992
NR5A2	betareg	33	35	-0.00478613035741229	0.0904544794061699	0.957801997249656	0.957782656628724	0.00123446645616075	473.869383512025	0.494168785525135	0.976346499010992
GRB2	betareg	33	35	0.00222809218191775	0.0421460019833403	0.957838643541793	0.957812194368222	-0.000224546866927572	3626.67783557791	0.494168785525135	0.976346499010992
TBL3	betareg	33	35	-0.00554081400870467	0.107968935438205	0.959071651414581	0.958922470135653	-0.00113566890508024	151.47315107187	0.494550129209234	0.977099933023411
DCUN1D3	betareg	33	35	0.00534248511429865	0.104127637477851	0.959080825839346	0.959201587052901	0.000643297594616444	279.021852423124	0.494550129209234	0.977099933023411
SCUBE3	betareg	33	35	0.00396739216573708	0.0776740368314825	0.959263800382216	0.959590919401959	-0.00121052348998075	221.947395861425	0.494550129209234	0.977099933023411
LRCH4	betareg	33	35	0.00430224156272627	0.0868347932872242	0.960484868754006	0.961237969485821	-0.00120448521025106	188.876719354065	0.494977063556699	0.977943442098984
GNPDA2	betareg	33	35	0.00375101112892493	0.075833380141186	0.960549643456456	0.960043901370544	-0.00437076226511136	120.175409854581	0.494977063556699	0.977943442098984
VWA8	betareg	33	35	-0.00365218695081095	0.0744302465129094	0.960864637991894	0.960743060340076	0.000453501932419557	88.3424373074241	0.495021435659319	0.978031109609186
ZDHHC5	betareg	33	35	-0.00172635267203298	0.03545733049889	0.961167800589634	0.961191841782842	0.000374122247243717	361.181155031007	0.495059692462055	0.978106694908194
CBFA2T2	betareg	33	35	0.0027161135706293	0.0579994675909716	0.962648739280604	0.962595331712946	-0.000378362603479003	576.901739659693	0.495548720787253	0.979072885220513
UTS2B	betareg	33	35	-0.00384524188506287	0.0821806634526797	0.962680515335823	0.962724766553608	-0.000136149610856333	520.298502135092	0.495548720787253	0.979072885220513
ZC3H11A	betareg	33	35	0.00196471465659475	0.0421301969383976	0.962804648653544	0.962921632066742	-0.00118768556073896	527.860441971618	0.495548720787253	0.979072885220513
EDNRA	betareg	33	35	-0.00267832418503373	0.0583846336247745	0.963410847964586	0.963382721551441	0.000406867708273206	271.096167664055	0.495742749463115	0.979456234440323
HS3ST1	betareg	33	35	-0.00486512843614957	0.107598599500849	0.963935510334377	0.964449130601672	0.000830104397452919	526.851061281553	0.495818241210509	0.979605386117708
OARD1	betareg	33	34	0.00549038678763219	0.121699012911008	0.96401606567399	0.964389486094785	-0.0029706492405441	379.424924488206	0.495818241210509	0.979605386117708
RORA	betareg	33	35	-0.00539668255302942	0.126788428893661	0.966048716910796	0.966227102270843	-0.00750177951774866	169.640779497293	0.496745553870501	0.981437510071286
NCAPH2	betareg	33	35	-0.00206386071563938	0.0492996069632354	0.966607406615888	0.966720246997604	0.000445540053150422	1514.03162215613	0.496811948986426	0.98156868921672
COL5A1	betareg	33	35	0.00480447916277824	0.115389689043106	0.966788086189597	0.96690082976816	-0.00200914744760976	108.197239665823	0.496811948986426	0.98156868921672
PDGFA	betareg	33	35	0.00467791928673589	0.112617766744136	0.966866981725527	0.967002768413753	-0.00312184131856432	153.292829467017	0.496811948986426	0.98156868921672
ZNF526	betareg	31	34	-0.0058091416025287	0.141810288131188	0.967324455281596	0.967485316270367	0.00112795149875725	220.182218174817	0.496928952363884	0.981799856868945
HEBP2	betareg	33	33	0.00628145367285596	0.155581597662029	0.967794946813846	0.967960750745617	0.000550955159625699	640.464924619752	0.49705258611076	0.982044124373204
ATP2B1	betareg	33	35	0.00160198105554495	0.0421874699907493	0.969709280103988	0.969674245803831	-0.000108463534243537	1320.75576682533	0.497842039979113	0.983603875905623
HUWE1	betareg	33	35	0.00408866102059205	0.107969687202941	0.969792447739385	0.969607143741062	3.92654336382941e-05	537.2576679453	0.497842039979113	0.983603875905623
AK2	betareg	33	35	-0.00273771352529574	0.0767465063247288	0.971543770847306	0.971809072953675	0.00115605615938547	1192.34729135251	0.49848167065782	0.984867616538598
PGBD4	betareg	33	35	-0.00393321474564199	0.110481800485484	0.971600856171737	0.971604355402956	0.00244205513650797	181.286559626446	0.49848167065782	0.984867616538598
NDRG1	betareg	33	35	-0.00170790971781732	0.0481933104723069	0.971729902018893	0.971740196348662	-0.00016747524421953	254.985841974255	0.49848167065782	0.984867616538598
PEG10	betareg	33	35	-0.00237842639691742	0.0681612862480197	0.972164189263562	0.971924340924348	0.00215993335997255	12561.7735958214	0.498586192484703	0.985074123956177
ZNF324B	betareg	32	35	0.00375024480080895	0.10847626379583	0.972421003852444	0.971856950201169	-0.00179575058056724	87.033039622642	0.498599667326925	0.985100746671763
RBM23	betareg	33	35	0.0048311127298836	0.145211316470189	0.973459649202999	0.973635935682148	-0.0012061568492912	1449.0309492759	0.498993592389663	0.985879038152614
ISCA1	betareg	33	35	0.000766477551112403	0.0232055487366307	0.973650723380302	0.973610178561485	-8.44194848497025e-05	1263.69297019684	0.498993592389663	0.985879038152614
PRKCI	betareg	33	35	-0.00154252962769916	0.047673802014011	0.974188216422126	0.974191763400261	0.000508384144171749	503.736154985843	0.499150774072908	0.986189587484422
PLEKHB2	betareg	33	35	-0.00103181701147979	0.0325784795830901	0.974733834811767	0.974856645547925	0.000136881413865447	7703.390082915	0.499296035667232	0.986476585880948
RPS6KL1	betareg	33	35	-0.00379043377219441	0.120632106516027	0.97493344773584	0.97499028019919	0.00426991192229171	359.680951127237	0.499296035667232	0.986476585880948
C11orf1	betareg	33	35	-0.00379259128081433	0.122401673829743	0.975281662363691	0.975584579291957	0.000679214780532785	231.216858982648	0.499356121255185	0.986595299071982
PPP4R3B	betareg	33	35	-0.0016159986458443	0.0529982203139123	0.975675020917576	0.975539869366677	-0.000288204012628058	457.792034365186	0.499439287170856	0.986759612871196
GREM2	betareg	33	35	-0.00262483830856063	0.0886596842234516	0.9763814627355	0.976596914508057	-0.00206561132445211	174.282974731579	0.499682640317056	0.987240414166775
FAHD2A	betareg	33	35	-0.002974731586075	0.106861284712137	0.977791901865141	0.977809745880612	-0.000495791981661368	112.067098252709	0.500286077718373	0.988432646479713
EXT1	betareg	33	35	-0.00242412791213249	0.0913393890379236	0.978826799482593	0.978850357692174	0.000663844732303439	128.080645592995	0.50053404784733	0.988922569709099
C19orf25	betareg	33	35	-0.00145176382916915	0.0547904483000794	0.978861198336982	0.978788169913068	0.000758280864757262	1275.37920377505	0.50053404784733	0.988922569709099
CXXC4	betareg	33	35	-0.00140243154138397	0.0532046828094348	0.978970856510529	0.978929212675396	0.000399471678229046	498.076349098867	0.50053404784733	0.988922569709099
FAM185A	betareg	33	35	-0.00143908233350196	0.056171841807882	0.979561005200984	0.979600456458922	-0.00187650220254932	168.800329241545	0.500717409673165	0.989284844061405
ZNF227	betareg	33	35	0.00216285507498621	0.0862042729460703	0.979983270277965	0.979672312673775	-0.000547428684089724	419.491261083921	0.500801023783648	0.989450043374736
CCDC117	betareg	33	35	0.0015133362250592	0.0609390828229735	0.980187698011995	0.980293332007699	-0.00183641663662755	367.969015318487	0.500801023783648	0.989450043374736
TSC22D2	betareg	33	35	0.00199260749151272	0.0815758014929622	0.980512448073475	0.980579483596978	0.000860954808414242	569.891630917913	0.500825859966968	0.989499113088047
RBM12B	betareg	33	35	0.00173647233179491	0.0717787436604996	0.98069944861406	0.980655838581122	0.000110059705822171	571.29494319934	0.500825859966968	0.989499113088047
FANCA	betareg	33	35	-0.00136924060000007	0.0584479591160483	0.981309937404129	0.981313011018446	0.000455911024369503	100.884966458143	0.501019321348354	0.989881341484382
CERT1	betareg	33	35	0.00166177517295765	0.0735613793319856	0.98197706457511	0.981956745506521	-0.00364226153224349	225.415118521428	0.501211418477844	0.990260874480681
SPAST	betareg	33	35	-0.00139470269071392	0.0623360789239759	0.982149680797829	0.982049247683787	-0.00235575249724183	835.682867239887	0.501211418477844	0.990260874480681
GTPBP10	betareg	33	35	-0.00172058149771282	0.0780937811088766	0.982422232153582	0.982456891083659	0.0013058721038275	132.470314069244	0.501232236167658	0.990302004716267
FAM199X	betareg	33	35	-0.0012762608815355	0.0603274389699262	0.983121562646462	0.983181063799929	-0.000748879085841577	786.265902794259	0.501455455053256	0.990743026051183
PGP	betareg	33	35	-0.00229129845267884	0.109618618915439	0.983323466764116	0.98351022505392	0.000617422339083527	1120.43251180384	0.501455455053256	0.990743026051183
SLC16A7	betareg	33	35	-0.00235016699091788	0.115487097792956	0.9837641383646	0.983764502809308	-0.00241869169502302	89.0735346170512	0.501513741240814	0.99085818410412
ELP4	betareg	33	35	0.00171047151287731	0.0847699782594481	0.983901538767559	0.983950363891443	2.22099449879379e-05	126.659463330815	0.501513741240814	0.99085818410412
TENM4	betareg	24	29	-0.00327401146134562	0.175773660867962	0.985139228815692	0.984939105204101	-0.000310439965767381	894.740352262669	0.502026297206381	0.991870858795818
RER1	betareg	33	35	0.000649989188284679	0.0362780713538249	0.985705177457732	0.985637793751588	-0.000862110612207751	1741.88293130402	0.502196373350814	0.992206884164167
CAPZA2	betareg	33	35	-0.00249193204015289	0.146083711459122	0.98639014808814	0.986394295701237	0.000703402827302353	3265.70225578963	0.502357206448164	0.99252464772213
PHF21A	betareg	33	35	-0.000942841529074835	0.0556615489104861	0.986485415135944	0.986481244897907	0.000523905702942394	104.478275275438	0.502357206448164	0.99252464772213
RPP14	betareg	33	35	-0.0013088016672083	0.0824016446833084	0.98732757408414	0.987364292875424	-0.00133763933185828	774.128888954094	0.502667708634217	0.993138117716933
ZSCAN25	betareg	33	35	-0.000895452364106218	0.059559872341989	0.988004663657196	0.988026599482184	0.000297044406826208	267.63979659601	0.502761737693633	0.993323894207993
PHF20L1	betareg	33	35	-0.00119584691039878	0.0820709852278036	0.988374526969702	0.988364421240351	0.00102359003723703	72.8432677044172	0.502761737693633	0.993323894207993
MAPRE1	betareg	33	35	-0.000515814369263331	0.0364123038385853	0.988697596317379	0.988696167549093	7.05486681103304e-05	1961.58316477787	0.502761737693633	0.993323894207993
TIMM13	betareg	33	35	-0.000914984890591159	0.0652347891743218	0.988809216824514	0.989015000807282	0.000500310993676619	2345.77858420545	0.502761737693633	0.993323894207993
TRIP11	betareg	33	35	-0.00184690067978987	0.135182268134694	0.989099401011509	0.989141961515307	0.00522739385927359	86.4743878458626	0.502761737693633	0.993323894207993
TPP2	betareg	33	35	-0.00120434314415694	0.0888919561715277	0.98919027721922	0.989228262176213	-0.00310515003230563	84.3938612937779	0.502761737693633	0.993323894207993
OTUB2	betareg	33	35	0.000624780896280866	0.0478150213922189	0.98957463927822	0.989587967592618	-0.00106356732785958	475.44931702614	0.502761737693633	0.993323894207993
DCHS2	betareg	33	35	0.0012819321954933	0.099198566152283	0.989689312274339	0.989637760979491	-0.00123381922813082	139.977376822322	0.502761737693633	0.993323894207993
CTDSP2	betareg	33	35	0.000988583278678904	0.0768325960922318	0.989734128327819	0.98975884973899	-0.00162098223396912	173.773972966037	0.502761737693633	0.993323894207993
ZBTB39	betareg	33	35	-0.00111964653995318	0.0878989605208244	0.989836915875879	0.989840370151202	-0.00105173272470238	371.641819964877	0.502761737693633	0.993323894207993
NECTIN3	betareg	33	35	-0.00102531490046735	0.0869919155478353	0.990596091794391	0.990604142779122	-0.000226128706513694	124.688742821857	0.503029203782399	0.99385233628491
SLC30A4	betareg	33	35	0.0011587763033008	0.136885324666813	0.993245742876139	0.993343998226367	-0.0016232641958232	456.235569677928	0.504256310841783	0.996276774485854
RHBDD1	betareg	33	35	0.000540279321619014	0.0740309274898171	0.994177072782292	0.994161813430402	0.000683758290943441	156.778660928809	0.504610680178188	0.996976914339059
ELP2	betareg	33	35	0.000316263657689647	0.0509113782450264	0.995043538883357	0.995032672348411	3.76650496482902e-05	656.15872398965	0.50493196827164	0.997611694427167
MAP3K3	betareg	33	35	-0.000512510655561457	0.0912335806590933	0.995517854438742	0.995547933888514	0.00409490599634945	387.631388544399	0.505054156650338	0.997853106267123
PMPCB	betareg	33	35	0.000488533440875677	0.0919636606317714	0.99576146214802	0.995835570727726	-0.00259169981309084	427.743360401118	0.505059270599455	0.997863210074692
EXTL2	betareg	33	35	0.00040032552208209	0.0808521359298313	0.99604942720943	0.996056729200489	0.000107403239262006	474.924953561669	0.505086875327792	0.99791774969892
GCLM	betareg	33	35	0.000269217559862395	0.0779025548172075	0.997242656451287	0.997239164350797	0.00165569653268975	182.444031624475	0.505573410076534	0.998879013365295
GRB10	betareg	33	35	0.00016030983887379	0.0544327650522974	0.997650155005821	0.99766761071197	-0.00202048082489172	848.865532946909	0.505661467223008	0.99905299093974
THG1L	betareg	33	35	0.000170282002440986	0.0904479887186234	0.998497862667866	0.998497089243074	-0.000581692466262716	76.478997123095	0.505769024373657	0.999265495352314
CCSER1	betareg	33	35	0.000195752712805648	0.112754507359845	0.998614796051344	0.998632190185804	-0.00568540876310534	119.924530356263	0.505769024373657	0.999265495352314
ZNF843	betareg	33	35	-0.00027686720080233	0.162595580408047	0.99864136554263	0.998647886891168	-0.00435881505031642	63.1906712624192	0.505769024373657	0.999265495352314
DSCAM	betareg	32	35	0.000200522772769154	0.133082534284028	0.998797783910539	0.998800525730227	-0.00354501495220255	129.654820084878	0.505769024373657	0.999265495352314
CD2BP2	betareg	33	35	2.93963235318913e-05	0.0362105017190807	0.999352263321395	0.999353433398698	-0.000157585379391649	1079.4877822958	0.505931343087533	0.999586194094644
RAP1GDS1	betareg	33	35	3.57198717352129e-05	0.0969981780193064	0.999706176609611	0.999703389107039	-0.00448889353045025	1920.02750662116	0.5059920711321	0.999706176609611
